event_id,num_detections,x_centroid,y_centroid,lifetime_frames,lifetime_seconds,mean_area_px,mean_area_km2,peak_intensity
0,10,762.5073861914641,540.0463455195202,11,110,17.2,212667.27320818213,5599.9892578125
1,4,766.9,545.3,4,40,2.5,30910.940873282278,1134.90869140625
2,4,1041.3884615384616,981.2807692307692,5,50,8.0,98915.0107945033,1388.79931640625
3,1,2012.357142857143,1075.0714285714284,1,10,8.0,98915.0107945033,768.7412109375
4,1,640.5,1131.0,1,10,2.0,24728.752698625824,735.94970703125
5,1,976.0,1148.0,1,10,1.0,12364.376349312912,735.94970703125
6,5,975.7714285714286,1147.8904761904762,5,50,3.2,39566.00431780132,1135.0029296875
7,6,1654.7611111111112,1203.9194444444445,6,60,4.166666666666667,51518.2347888038,1095.06689453125
8,1,1720.142857142857,1249.0,1,10,9.0,111279.3871438162,906.66455078125
9,6,1725.472702589808,1246.5147730437204,6,60,26.666666666666668,329716.7026483443,2190.9697265625
10,4,1726.6288986354778,1247.2288011695905,5,50,10.25,126734.85758045735,1216.753662109375
11,9,1728.1509895177956,1245.0304183624985,9,90,26.444444444444443,326969.06345960806,1920.760009765625
12,2,1725.322916666667,1243.6458333333335,2,20,10.0,123643.76349312912,906.6376953125
13,9,1718.5740740740741,1245.8333333333333,10,100,2.5555555555555554,31597.85067046633,1017.6182861328124
14,1,1478.0,1359.0,1,10,1.0,12364.376349312912,735.94970703125
15,1,192.0,1408.0,1,10,1.0,12364.376349312912,735.94970703125
16,1,503.0,1889.0,1,10,1.0,12364.376349312912,735.94970703125
17,1,501.0,1887.0,1,10,1.0,12364.376349312912,736.02685546875
18,1,503.0,1893.0,1,10,1.0,12364.376349312912,735.9993896484375
19,2,502.5,1890.5,2,20,1.0,12364.376349312912,735.9716796875
20,1,784.1785714285714,2004.392857142857,1,10,15.0,185465.6452396937,802.12890625
21,1,750.0,2044.0,1,10,6.0,74186.25809587748,836.3115234375
22,2,2008.625,1072.1875,3,30,3.0,37093.12904793874,802.1162109375
23,1,2008.0,1070.0,1,10,1.0,12364.376349312912,736.00390625
24,5,1711.7900000000002,1251.42,5,50,3.0,37093.12904793874,836.271240234375
25,1,497.0,1895.0,1,10,1.0,12364.376349312912,735.9970703125
26,1,787.0,1998.0,1,10,1.0,12364.376349312912,735.9970703125
27,5,2019.2,1070.288888888889,8,80,3.8,46984.63012738907,768.806640625
28,1,2021.0,1067.0,1,10,1.0,12364.376349312912,735.9954833984375
29,2,2021.0,1069.5,2,20,1.0,12364.376349312912,736.0478515625
30,1,2021.0,1073.0,1,10,1.0,12364.376349312912,768.65380859375
31,2,2018.0,1072.0,3,30,1.0,12364.376349312912,736.031494140625
32,1,2024.0,1065.0,1,10,1.0,12364.376349312912,736.034912109375
33,1,1856.0,728.0,1,10,1.0,12364.376349312912,735.957275390625
34,2,975.0,869.0,3,30,1.0,12364.376349312912,768.67333984375
35,7,975.3043650793651,866.0952380952382,7,70,6.142857142857143,75952.59757435076,1344.709716796875
36,13,915.4339133089135,1117.5517399267399,14,140,6.230769230769231,77039.5757149497,2190.95654296875
37,1,915.0,1117.0,1,10,1.0,12364.376349312912,736.0205078125
38,9,920.2172839506173,1117.187037037037,9,90,4.0,49457.50539725165,1817.6259765625
39,16,920.6461998426582,1116.9646963763973,16,160,12.25,151463.6102790832,6820.17578125
40,3,1057.3444444444444,1044.6888888888889,3,30,3.3333333333333335,41214.587831043034,979.878173828125
41,1,1738.0,1273.0,1,10,1.0,12364.376349312912,736.029296875
42,5,1491.1071428571427,1366.2285714285713,5,50,9.0,111279.38714381619,802.1728515625
43,2,138.5,1541.5,2,20,2.0,24728.752698625824,768.6640625
44,1,2036.0,1061.0,1,10,1.0,12364.376349312912,736.028076171875
45,1,2046.0,1063.0,1,10,1.0,12364.376349312912,736.056396484375
46,1,2043.0,1063.0,1,10,1.0,12364.376349312912,736.0084228515625
47,1,2039.0,1062.0,1,10,1.0,12364.376349312912,736.0478515625
48,1,2039.0,1065.0,1,10,2.0,24728.752698625824,735.97900390625
49,1,2039.25,1061.25,1,10,3.0,37093.12904793874,768.71484375
50,2,2039.0,1061.25,3,30,2.0,24728.752698625824,736.033203125
51,3,2042.2222222222224,1064.0555555555557,3,30,2.3333333333333335,28850.21148173013,736.0111694335938
52,1,2047.0,1065.0,1,10,1.0,12364.376349312912,736.0146484375
53,2,2043.75,1063.25,2,20,1.5,18546.56452396937,768.7245483398438
54,2,2036.5,1060.5,2,20,1.0,12364.376349312912,736.0040283203125
55,1,2023.0,1086.0,1,10,1.0,12364.376349312912,736.028076171875
56,1,789.0,2006.0,1,10,1.0,12364.376349312912,736.028076171875
57,1,792.0,2006.0,1,10,1.0,12364.376349312912,735.9908447265625
58,1,1504.0,34.0,1,10,1.0,12364.376349312912,735.97216796875
59,3,1720.0,1869.0,3,30,1.0,12364.376349312914,768.6923828125
60,3,1722.8333333333333,1867.861111111111,3,30,4.0,49457.505397251654,836.2607421875
61,2,1149.0,2047.0,3,30,1.0,12364.376349312912,736.034423828125
62,1,1159.0,2045.0,1,10,1.0,12364.376349312912,735.9954833984375
63,44,1155.5802928511478,2042.8456934640067,46,460,16.772727272727273,207384.31240438475,1668.347900390625
64,8,1151.81875,2040.7951388888887,9,90,4.0,49457.50539725165,906.64453125
65,6,1157.8047619047618,2042.5690476190475,9,90,5.833333333333333,72125.52870432532,836.252197265625
66,12,1156.9332455191009,2038.2801759765578,12,120,10.916666666666666,134977.77514666595,1017.6149291992188
67,11,1161.5569264069266,2042.506277056277,11,110,4.7272727272727275,58449.779105842856,802.1536865234375
68,7,1161.8436507936508,2044.0440476190477,8,80,7.571428571428571,93615.99235908348,836.245361328125
69,2,1167.0,2046.5,3,30,1.0,12364.376349312912,802.11279296875
70,1,756.6304347826087,535.2934782608695,1,10,26.0,321473.7850821357,3242.619140625
71,1,900.0,596.5,1,10,2.0,24728.752698625824,736.026611328125
72,1,1281.0,635.0,1,10,1.0,12364.376349312912,736.026611328125
73,1,738.5,529.0,1,10,2.0,24728.752698625824,802.133544921875
74,1,1048.5,1045.0,1,10,2.0,24728.752698625824,768.70556640625
75,1,1651.5,1187.5,1,10,2.0,24728.752698625824,802.133544921875
76,1,123.0,532.0,1,10,1.0,12364.376349312912,906.619140625
77,1,966.0,536.0,1,10,1.0,12364.376349312912,735.9989013671875
78,2,1654.5,1191.0,2,20,1.0,12364.376349312912,802.156494140625
79,1,1104.0,1432.0,1,10,1.0,12364.376349312912,735.9989013671875
80,3,751.8333333333334,530.6666666666666,3,30,2.0,24728.752698625827,1017.60595703125
81,1,182.0,1384.0,1,10,1.0,12364.376349312912,736.00390625
82,1,1091.0,1455.0,1,10,1.0,12364.376349312912,736.00390625
83,1,870.0,1738.0,1,10,1.0,12364.376349312912,736.00390625
84,4,818.1666666666666,758.7291666666666,5,50,3.25,40184.22313526696,1017.615234375
85,1,2022.0,1060.6666666666667,1,10,3.0,37093.12904793874,736.019287109375
86,1,1313.0,1458.0,1,10,1.0,12364.376349312912,1175.4547119140625
87,1,526.25,535.5,1,10,6.0,74186.25809587748,942.96142578125
88,2,632.375,1145.229166666667,2,20,6.0,74186.25809587748,1017.615234375
89,1,193.0,1387.0,1,10,1.0,12364.376349312912,736.01171875
90,1,1170.0,1895.5,1,10,2.0,24728.752698625824,768.691162109375
91,1,523.0,535.0,1,10,3.0,37093.12904793874,768.70849609375
92,2,2009.0,1038.5,3,30,1.0,12364.376349312912,735.9954833984375
93,1,368.0,1702.0,1,10,1.0,12364.376349312912,768.70849609375
94,1,1674.0,1011.0,1,10,1.0,12364.376349312912,768.7342529296875
95,2,365.0,1703.5,2,20,1.0,12364.376349312912,802.0994873046875
96,4,787.625,1971.59375,4,40,3.75,46366.411309923424,836.28955078125
97,2,1145.333333333333,530.0,2,20,2.5,30910.940873282278,768.7255859375
98,1,177.0,801.0,1,10,1.0,12364.376349312912,768.7255859375
99,18,176.4232545232545,802.84626993377,18,180,11.777777777777779,145624.87700301872,1095.07373046875
100,1,2040.0,926.5,1,10,2.0,24728.752698625824,735.95654296875
101,1,2015.0,1063.0,1,10,1.0,12364.376349312912,735.95654296875
102,1,181.0,1080.5,1,10,2.0,24728.752698625824,768.7255859375
103,1,1168.0,1892.0,1,10,1.0,12364.376349312912,735.95654296875
104,2,1296.175,2002.4,2,20,5.5,68004.06992122102,802.111083984375
105,2,2015.625,1065.75,2,20,3.5,43275.31722259519,768.744873046875
106,1,2018.0,1064.0,1,10,3.0,37093.12904793874,768.63525390625
107,1,2018.5,1063.5,1,10,2.0,24728.752698625824,768.7490234375
108,1,1728.875,1250.0625,1,10,9.0,111279.3871438162,768.744873046875
109,3,1397.1666666666667,1818.861111111111,3,30,3.6666666666666665,45336.046614147344,1134.912109375
110,1,1050.0,1042.0,1,10,1.0,12364.376349312912,735.9658203125
111,2,1478.0,1350.5,2,20,2.0,24728.752698625824,768.72412109375
112,4,976.9940476190477,560.6589285714285,4,40,13.0,160736.89254106788,906.687744140625
113,2,440.0,820.5,2,20,1.0,12364.376349312912,736.0205078125
114,2,1989.5,1690.5,2,20,1.0,12364.376349312912,802.1884765625
115,7,1990.8174603174607,1690.18253968254,7,70,3.7142857142857144,45924.8264403051,1433.618408203125
116,10,1990.8353174603174,1687.8281746031746,10,100,5.3,65531.19465135843,1619.9298095703125
117,2,174.5,1504.5,2,20,2.0,24728.752698625824,736.037841796875
118,15,447.16971777104914,825.6588822869454,15,150,26.666666666666668,329716.7026483443,1056.0390625
119,2,447.0,825.0,3,30,1.0,12364.376349312912,736.031494140625
120,21,447.27267907162866,824.7699946645325,23,230,9.428571428571429,116578.40557923603,1017.5794677734376
121,2,447.0,823.0,2,20,1.0,12364.376349312912,736.0205078125
122,1,1717.5,1250.5,1,10,2.0,24728.752698625824,768.68359375
123,1,1727.5,1868.5,1,10,2.0,24728.752698625824,768.68359375
124,1,400.0,8.0,1,10,1.0,12364.376349312912,735.97998046875
125,1,2024.0,1122.0,1,10,1.0,12364.376349312912,735.97998046875
126,1,2025.0,1123.0,1,10,1.0,12364.376349312912,735.919921875
127,1,1358.0,1450.0,1,10,1.0,12364.376349312912,1388.76171875
128,1,161.0,1537.0,1,10,1.0,12364.376349312912,735.97998046875
129,1,159.66666666666666,1536.6666666666667,1,10,3.0,37093.12904793874,802.092529296875
130,2,977.0,552.25,2,20,4.5,55639.69357190811,942.96484375
131,1,978.0,552.5,1,10,2.0,24728.752698625824,802.0888671875
132,1,2024.0,1130.0,1,10,1.0,12364.376349312912,736.0084228515625
133,3,661.9777777777778,1504.874074074074,3,30,5.0,61821.88174656456,836.28955078125
134,1,164.0,1527.5,1,10,4.0,49457.50539725165,768.734375
135,6,1273.5277777777778,2042.6944444444446,7,70,1.8333333333333333,22668.023307073672,768.6767578125
136,1,1271.0,2040.0,1,10,1.0,12364.376349312912,768.7861328125
137,1,1270.0,2042.0,1,10,1.0,12364.376349312912,768.65673828125
138,2,1274.25,2046.0,2,20,1.5,18546.56452396937,802.1064453125
139,1,1268.0,2042.0,1,10,1.0,12364.376349312912,736.0132446289062
140,5,1273.15,2044.0833333333335,6,60,3.0,37093.12904793874,802.1180419921875
141,1,1268.0,2044.0,1,10,1.0,12364.376349312912,735.9859619140625
142,2,1272.8333333333335,2045.0,2,20,2.0,24728.752698625824,736.0158081054688
143,1,94.5,1412.5,1,10,4.0,49457.50539725165,735.95654296875
144,15,168.15392611745554,1516.7034944576121,16,160,7.933333333333334,98090.71903788243,1056.015380859375
145,1,173.0,1514.0,1,10,1.0,12364.376349312912,735.9847412109375
146,14,167.41227872869578,1522.3328779899057,14,140,12.0,148372.51619175493,1433.601318359375
147,11,167.56219179371354,1523.1990784768243,11,110,8.545454545454545,105659.21607594668,1301.28662109375
148,2,166.5,1523.5,3,30,1.0,12364.376349312912,802.16943359375
149,2,167.75,1526.25,2,20,2.5,30910.940873282278,942.9305419921876
150,5,344.7717948717949,1718.325641025641,6,60,6.8,84077.75917532781,1258.697021484375
151,1,1326.0,2023.0,1,10,1.0,12364.376349312912,735.95654296875
152,5,1326.0857142857142,2020.1428571428573,5,50,5.6,69240.50755615231,1175.4873046875
153,1,1743.0,1277.0,1,10,1.0,12364.376349312912,736.02734375
154,1,186.5,1383.0,1,10,2.0,24728.752698625824,768.6878662109375
155,1,1273.5,1620.5,1,10,4.0,49457.50539725165,802.092529296875
156,3,742.1666666666666,1648.1666666666667,3,30,5.333333333333333,65943.34052966886,1095.1275634765625
157,3,1177.6666666666667,2036.8095238095239,4,40,5.0,61821.88174656456,802.120849609375
158,1,2041.5,921.1666666666666,1,10,6.0,74186.25809587748,871.07080078125
159,1,2021.5,1128.0,1,10,2.0,24728.752698625824,736.0478515625
160,2,183.375,1380.375,2,20,2.5,30910.940873282278,768.6767578125
161,1,184.0,1380.0,1,10,1.0,12364.376349312912,735.9755859375
162,1,348.83333333333337,1720.2333333333331,1,10,16.0,197830.0215890066,1258.698486328125
163,2,371.0,12.5,3,30,1.0,12364.376349312912,768.739990234375
164,4,373.1458333333333,9.645833333333334,6,60,4.0,49457.505397251654,802.1572265625
165,1,375.0,15.0,1,10,1.0,12364.376349312912,736.00048828125
166,1,376.25,12.25,1,10,3.0,37093.12904793874,768.63525390625
167,1,374.0,14.0,1,10,1.0,12364.376349312912,736.03369140625
168,1,377.0,10.0,1,10,1.0,12364.376349312912,735.97900390625
169,1,1858.6666666666667,274.6666666666667,1,10,3.0,37093.12904793874,768.72802734375
170,2,1383.75,1645.0,2,20,2.5,30910.94087328228,979.91015625
171,4,1384.2916666666667,1644.8333333333333,4,40,2.0,24728.752698625824,768.81689453125
172,1,675.0,1171.0,1,10,1.0,12364.376349312912,735.971923828125
173,1,1445.0,1296.0,1,10,1.0,12364.376349312912,735.971923828125
174,2,196.3,1379.7,3,30,3.0,37093.12904793874,802.130859375
175,1,197.0,1379.0,1,10,1.0,12364.376349312912,735.9993896484375
176,1,668.0,1076.5,1,10,2.0,24728.752698625824,871.09765625
177,1,189.5,1378.8333333333333,1,10,6.0,74186.25809587748,768.739990234375
178,1,504.0,1897.0,1,10,1.0,12364.376349312912,736.051513671875
179,1,502.0,1896.5,1,10,2.0,24728.752698625824,736.03369140625
180,1,2029.0,1067.0,1,10,1.0,12364.376349312912,736.024658203125
181,1,2028.5,1064.0,1,10,2.0,24728.752698625824,736.03369140625
182,1,2032.0,1060.0,1,10,1.0,12364.376349312912,768.7138671875
183,1,2028.5,1062.5,1,10,2.0,24728.752698625824,736.01953125
184,3,2030.4722222222224,1064.236111111111,4,40,5.333333333333333,65943.34052966886,736.0205078125
185,1,2032.0,1062.0,1,10,2.0,24728.752698625824,735.979736328125
186,3,2029.611111111111,1060.9444444444443,3,30,2.0,24728.752698625827,736.0158081054688
187,1,2031.0,1059.0,1,10,1.0,12364.376349312912,736.0152587890625
188,1,2034.0,1058.0,1,10,1.0,12364.376349312912,768.58447265625
189,1,770.0,2033.0,1,10,1.0,12364.376349312912,736.024658203125
190,1,1540.0,58.0,1,10,1.0,12364.376349312912,736.012939453125
191,1,2027.0,1071.0,1,10,1.0,12364.376349312912,736.012939453125
192,8,1662.45625,1194.853472222222,8,80,4.375,54094.14652824399,943.01318359375
193,1,629.0,1229.0,1,10,1.0,12364.376349312912,736.012939453125
194,1,193.33333333333331,1378.3333333333333,1,10,5.0,61821.88174656456,768.750732421875
195,8,1362.2916666666665,232.52916666666664,8,80,3.875,47911.958353587535,1479.06591796875
196,3,912.6666666666666,647.8333333333334,4,40,1.3333333333333333,16485.835132417214,735.97802734375
197,3,1446.3814814814814,1292.7444444444445,3,30,8.666666666666666,107157.9283607119,802.0888671875
198,1,1446.8793103448274,1291.9827586206898,1,10,30.0,370931.2904793873,768.699462890625
199,1,1989.0,1683.0,1,10,1.0,12364.376349312912,768.65380859375
200,3,1181.638888888889,2027.4722222222224,4,40,3.3333333333333335,41214.58783104304,768.76611328125
201,1,1178.0,2026.5,1,10,2.0,24728.752698625824,736.0260009765625
202,1,550.0,1253.0,1,10,1.0,12364.376349312912,735.97802734375
203,3,177.66666666666666,1499.8333333333333,3,30,4.666666666666667,57700.42296346026,802.0888671875
204,1,1172.3333333333333,2037.3333333333333,1,10,3.0,37093.12904793874,735.97802734375
205,1,1170.0,2038.3333333333333,1,10,3.0,37093.12904793874,768.70947265625
206,4,2044.75,1069.25,4,40,1.0,12364.376349312912,736.006591796875
207,1,2047.0,1071.0,1,10,1.0,12364.376349312912,736.034912109375
208,1,2044.0,1068.0,1,10,1.0,12364.376349312912,906.68408203125
209,1,1734.6666666666667,1244.3333333333333,1,10,3.0,37093.12904793874,735.96826171875
210,1,1450.525,1288.9499999999998,1,10,20.0,247287.52698625825,836.2041015625
211,3,1449.8169374096124,1286.7193410240027,3,30,46.0,568761.3120683939,942.968017578125
212,1,1288.5,634.5,1,10,2.0,24728.752698625824,768.692626953125
213,1,608.0,1225.0,1,10,1.0,12364.376349312912,736.006591796875
214,1,1452.7041666666669,1283.6458333333333,1,10,29.0,358566.91413007444,768.692626953125
215,1,1452.2142857142858,1282.2142857142858,1,10,8.0,98915.0107945033,768.739990234375
216,4,1461.1666666666667,1929.7916666666667,5,50,1.75,21637.658611297593,768.739990234375
217,1,356.0,18.0,1,10,1.0,12364.376349312912,735.992431640625
218,1,356.0,16.0,1,10,1.0,12364.376349312912,735.9993896484375
219,1,621.0,311.0,1,10,1.0,12364.376349312912,979.948974609375
220,4,1854.2833333333333,743.5916666666667,4,40,2.75,34002.03496061051,979.948974609375
221,1,2039.0,1073.5,1,10,2.0,24728.752698625824,736.051513671875
222,3,109.125,1533.4583333333333,3,30,3.6666666666666665,45336.046614147344,802.0908203125
223,1,1033.0,913.0,1,10,1.0,12364.376349312912,736.031494140625
224,3,2007.25,1096.1666666666667,4,40,2.6666666666666665,32971.67026483443,768.6875
225,1,409.0,3.0,1,10,1.0,12364.376349312912,735.992431640625
226,1,412.0,4.0,1,10,1.0,12364.376349312912,735.9954833984375
227,11,407.3942557442558,2.9589978203614566,11,110,7.2727272727272725,89922.73708591209,906.662353515625
228,1,363.0,12.666666666666666,1,10,3.0,37093.12904793874,735.992431640625
229,1,2012.3,1096.1,1,10,6.0,74186.25809587746,768.72119140625
230,1,2013.0,1097.0,1,10,1.0,12364.376349312912,736.01953125
231,1,2015.0,1099.0,1,10,1.0,12364.376349312912,736.017333984375
232,1,2016.0,1100.0,1,10,1.0,12364.376349312912,735.99951171875
233,1,2013.0,1097.0,1,10,1.0,12364.376349312912,735.9977416992188
234,2,1300.0,2013.0,2,20,1.0,12364.376349312912,768.72119140625
235,3,985.25,554.4444444444445,3,30,5.333333333333333,65943.34052966886,1055.9696044921875
236,3,977.5247252747254,543.271978021978,3,30,8.0,98915.01079450328,1056.0023193359375
237,1,982.0,548.0,1,10,6.0,74186.25809587748,906.6573486328124
238,5,981.6134848484847,546.7270202020202,6,60,19.2,237396.02590680792,1134.96435546875
239,9,982.0005475040258,543.755040257649,9,90,9.222222222222221,114027.02633255241,1056.0390625
240,2,981.5,551.0,2,20,3.0,37093.12904793874,802.1566162109375
241,8,985.3839501735038,550.2312385762386,8,80,23.75,293653.9382961817,979.9219970703124
242,2,987.2291666666667,551.0416666666667,2,20,19.5,241105.33881160177,1055.972900390625
243,5,989.6292548256677,547.3096626630451,9,90,35.0,432753.172225952,1175.4678955078125
244,1,979.0,555.5,1,10,2.0,24728.752698625824,836.2706298828125
245,6,375.43333333333334,1815.5833333333333,9,90,3.0,37093.12904793873,979.931640625
246,5,239.8,985.8,5,50,2.6,32147.37850821357,1017.606689453125
247,1,1895.0,268.0,1,10,1.0,12364.376349312912,736.0478515625
248,4,1896.03125,265.1822916666667,4,40,11.75,145281.42210442675,802.1566162109375
249,1,1468.0,1227.0,1,10,1.0,12364.376349312912,736.0478515625
250,24,1696.4275599128541,1251.0575241207594,24,240,10.208333333333334,126219.67523256932,2912.0478515625
251,2,1695.3333333333333,1249.3333333333333,2,20,3.0,37093.12904793874,906.729248046875
252,5,1694.2104761904761,1249.4542857142856,5,50,5.0,61821.88174656456,979.9423828125
253,1,285.0,1436.0,1,10,1.0,12364.376349312912,768.6767578125
254,1,560.0,65.0,1,10,1.0,12364.376349312912,768.70849609375
255,1,68.0,744.0,1,10,1.0,12364.376349312912,735.9954833984375
256,1,1748.0,1275.0,1,10,1.0,12364.376349312912,735.9954833984375
257,1,510.0,1887.0,1,10,1.0,12364.376349312912,768.70849609375
258,1,766.0,2042.25,1,10,3.0,37093.12904793874,735.9954833984375
259,1,346.5,609.0,1,10,2.0,24728.752698625824,836.3009033203125
260,1,347.0,609.0,1,10,1.0,12364.376349312912,735.9947509765625
261,1,190.0,1411.0,1,10,1.0,12364.376349312912,735.9993896484375
262,1,765.0,2045.5,1,10,2.0,24728.752698625824,735.9993896484375
263,1,763.0,2044.0,1,10,1.0,12364.376349312912,735.9749755859375
264,3,1185.5833333333333,783.75,3,30,2.3333333333333335,28850.21148173013,1479.1328125
265,1,1178.0,2022.0,1,10,1.0,12364.376349312912,735.9713134765625
266,3,770.1666666666666,2025.5,5,50,2.0,24728.752698625827,768.63525390625
267,1,71.0,748.0,1,10,1.0,12364.376349312912,736.00048828125
268,2,105.71875,880.8020833333333,2,20,10.0,123643.76349312911,979.931640625
269,1,103.75,882.75,1,10,4.0,49457.50539725165,802.162109375
270,7,647.6428571428571,1422.25,8,80,2.4285714285714284,30027.771134045648,802.177734375
271,1,154.75,1523.0,1,10,3.0,37093.12904793874,768.7490234375
272,2,781.3333333333333,1993.5,2,20,2.0,24728.752698625824,736.00048828125
273,1,379.0,13.5,1,10,2.0,24728.752698625824,735.99853515625
274,1,378.0,16.0,1,10,3.0,37093.12904793874,768.74267578125
275,1,378.0,16.0,1,10,1.0,12364.376349312912,736.00830078125
276,2,1593.0,396.25,2,20,2.5,30910.94087328228,1017.57861328125
277,8,1457.9270833333333,1310.0,8,80,3.75,46366.411309923424,836.2823486328125
278,1,1459.0,1309.7142857142858,1,10,7.0,86550.63444519039,871.146484375
279,1,107.6875,874.25,1,10,16.0,197830.0215890066,836.2823486328125
280,1,769.25,2029.5,1,10,4.0,49457.50539725165,736.034912109375
281,1,525.0,821.0,1,10,1.0,12364.376349312912,768.63525390625
282,1,2042.5,1078.0,1,10,2.0,24728.752698625824,768.63525390625
283,5,779.2,2004.9,5,50,1.2,14837.251619175495,768.70458984375
284,4,1309.423611111111,2018.0243055555554,4,40,4.75,58730.78765923634,871.18505859375
285,1,1307.0,2015.0,1,10,1.0,12364.376349312912,735.97802734375
286,8,1463.133556547619,2046.7139136904761,10,100,7.375,91187.27557618273,1868.783935546875
287,3,1460.9444444444446,2046.9444444444443,3,30,2.3333333333333335,28850.21148173013,802.123291015625
288,1,1457.5,2047.0,1,10,2.0,24728.752698625824,736.00390625
289,1,1460.5,2047.0,1,10,4.0,49457.50539725165,768.6884155273438
290,20,973.0383986643508,842.065121333223,20,200,21.25,262742.9974228994,1572.27587890625
291,1,971.25,836.5,1,10,4.0,49457.50539725165,768.697265625
292,4,972.0625,843.625,4,40,2.25,27819.846785954054,836.292236328125
293,3,970.3527777777778,838.0083333333333,3,30,7.666666666666667,94793.55201139899,942.9298095703124
294,3,973.5833333333334,834.6666666666666,3,30,2.0,24728.75269862582,802.12158203125
295,1,974.0,832.8,1,10,35.0,432753.1722259519,1433.5972900390625
296,2,1645.5,214.0,2,20,1.5,18546.56452396937,736.051513671875
297,1,981.0,870.0,1,10,1.0,12364.376349312912,736.051513671875
298,1,647.6666666666666,1427.0,1,10,3.0,37093.12904793874,768.739990234375
299,1,2025.0,1061.5,1,10,2.0,24728.752698625824,735.9993896484375
300,4,1645.4750000000001,1403.6499999999999,4,40,3.75,46366.411309923424,871.18359375
301,2,776.2575757575758,2039.25,2,20,7.5,92732.82261984685,802.1314697265625
302,9,773.9318564052434,2037.3481868937515,12,120,18.0,222558.77428763235,871.109375
303,1,775.0,2035.0,1,10,1.0,12364.376349312912,768.688232421875
304,2,775.0,2037.125,2,20,3.5,43275.31722259519,768.715576171875
305,1,772.0,2046.0,1,10,3.0,37093.12904793874,768.700439453125
306,5,771.9216666666667,2040.7327777777778,5,50,8.4,103860.76133422846,836.2645263671875
307,1,540.0,1542.5,1,10,2.0,24728.752698625824,768.70458984375
308,2,539.25,1541.75,2,20,3.0,37093.12904793874,802.052734375
309,4,1451.7083333333333,1926.0291666666667,5,50,4.5,55639.69357190811,906.578125
310,6,1453.4948412698413,1920.981746031746,7,70,5.666666666666667,70064.79931277316,1134.88330078125
311,1,781.0,164.0,1,10,1.0,12364.376349312912,1095.1708984375
312,1,614.0,298.0,1,10,1.0,12364.376349312912,5870.90576171875
313,1,463.5,812.5,1,10,2.0,24728.752698625824,735.93505859375
314,3,778.9576121463078,2030.514299516908,4,40,36.0,445117.54857526487,836.21728515625
315,2,778.7005952380953,2026.595238095238,3,30,31.0,383295.6668287003,802.16796875
316,1,778.0,2031.0,1,10,1.0,12364.376349312912,768.71728515625
317,1,345.0,604.0,1,10,1.0,12364.376349312912,1479.19970703125
318,1,453.8,817.4,1,10,6.0,74186.25809587746,768.810546875
319,1,1463.0,1222.0,1,10,1.0,12364.376349312912,735.9716796875
320,7,1463.8428571428572,1305.202380952381,8,80,7.714285714285714,95382.33183755675,906.6881103515624
321,2,1385.0,1323.5,2,20,1.0,12364.376349312912,871.1484375
322,2,347.0,600.0,2,20,1.0,12364.376349312912,736.03515625
323,1,1167.0,1681.0,1,10,2.0,24728.752698625824,942.91845703125
324,2,1450.3333333333335,1931.6666666666665,3,30,2.0,24728.752698625824,768.66796875
325,2,685.20625,918.4625,2,20,13.5,166919.08071572433,1017.6005859375
326,1,251.0,1002.0,1,10,1.0,12364.376349312912,768.7138671875
327,6,1372.6944444444446,1669.4444444444443,7,70,1.8333333333333333,22668.023307073672,836.224609375
328,4,1371.8125,1669.3125,6,60,2.5,30910.94087328228,1056.016357421875
329,1,780.046875,2011.28125,1,10,33.0,408024.41952732607,768.650390625
330,2,192.75,1403.5,3,30,1.5,18546.56452396937,736.01953125
331,1,195.0,1401.0,1,10,1.0,12364.376349312912,768.65673828125
332,5,196.45,1394.95,5,50,5.0,61821.88174656456,768.759765625
333,1,198.0,1396.0,1,10,1.0,12364.376349312912,736.044677734375
334,1,195.75,1398.25,1,10,5.0,61821.88174656456,736.0132446289062
335,1,199.0,1393.0,1,10,1.0,12364.376349312912,735.9998168945312
336,1,197.0,1394.0,1,10,1.0,12364.376349312912,735.9908447265625
337,1,198.0,1399.0,1,10,1.0,12364.376349312912,735.9885864257812
338,1,191.0,1404.0,1,10,1.0,12364.376349312912,736.0146484375
339,2,196.33333333333331,1396.0,2,20,2.0,24728.752698625824,768.7021484375
340,1,347.5,621.0,1,10,2.0,24728.752698625824,802.15234375
341,1,354.0,1805.7142857142856,1,10,7.0,86550.63444519039,802.15234375
342,1,782.6315789473684,2013.842105263158,1,10,19.0,234923.15063694533,802.15234375
343,1,475.0,1449.0,1,10,1.0,12364.376349312912,768.7421875
344,1,357.0,1799.2,1,10,5.0,61821.88174656456,802.1064453125
345,2,1636.75,2046.5,2,20,2.5,30910.940873282278,871.080810546875
346,1,1468.0,1298.5,1,10,2.0,24728.752698625824,802.17919921875
347,1,1630.0,2019.0,1,10,1.0,12364.376349312912,768.750732421875
348,2,716.875,548.25,3,30,3.0,37093.12904793874,1095.0986328125
349,1,656.0,1490.0,1,10,1.0,12364.376349312912,768.7861328125
350,1,657.0,1492.0,1,10,1.0,12364.376349312912,735.986083984375
351,1,1321.0,2003.0,1,10,1.0,12364.376349312912,768.6337890625
352,10,1012.2547764756824,3.5382063281225102,10,100,25.7,317764.4721773418,3379.855224609375
353,1,15.0,165.0,1,10,1.0,12364.376349312912,942.9541015625
354,2,1403.5,772.5,2,20,1.0,12364.376349312912,906.74462890625
355,1,1567.0,1997.0,1,10,1.0,12364.376349312912,768.65673828125
356,52,317.29468674702025,1551.9731607979252,54,540,27.21153846153846,336453.70258226484,2304.012451171875
357,1,313.0,1542.0,1,10,1.0,12364.376349312912,736.0084228515625
358,9,325.2000863334197,1561.3210006043341,9,90,9.444444444444445,116774.6655212886,1668.24169921875
359,1,1640.0,2016.0,1,10,1.0,12364.376349312912,768.8056640625
360,2,1539.0,2047.0,2,20,1.0,12364.376349312912,768.8056640625
361,2,1536.5,2044.5,2,20,1.0,12364.376349312912,768.6865234375
362,8,1540.0535714285713,2045.0684523809523,8,80,3.25,40184.22313526696,768.7241821289062
363,1,1569.0,1994.0,1,10,1.0,12364.376349312912,802.115234375
364,1,787.0,2003.0,1,10,1.0,12364.376349312912,768.6630859375
365,1,1337.0,625.0,1,10,1.0,12364.376349312912,768.697265625
366,9,1631.263888888889,2041.2370370370368,11,110,4.111111111111111,50831.324991619746,871.080078125
367,4,1631.375,2044.9375,4,40,3.5,43275.317222595186,906.6842041015624
368,1,1625.6,2037.1,1,10,10.0,123643.76349312912,871.10546875
369,2,1626.5,2038.25,2,20,1.5,18546.56452396937,768.6885986328125
370,1,662.0,1164.5,1,10,2.0,24728.752698625824,736.0205078125
371,4,1667.2259615384614,211.046875,4,40,8.75,108188.293056488,768.7490234375
372,1,1915.0,233.0,1,10,1.0,12364.376349312912,735.9541015625
373,1,1331.0,636.0,1,10,1.0,12364.376349312912,735.9541015625
374,1,637.0,1237.0,1,10,1.0,12364.376349312912,735.9541015625
375,1,646.0,1228.0,1,10,1.0,12364.376349312912,768.7245483398438
376,2,645.75,1230.0,2,20,1.5,18546.56452396937,768.68505859375
377,4,641.375,1228.7916666666665,4,40,2.25,27819.846785954054,735.99951171875
378,7,637.1785714285714,1227.7428571428572,8,80,2.7142857142857144,33560.45009099219,736.0274658203125
379,6,638.5555555555555,1225.111111111111,8,80,2.3333333333333335,28850.21148173013,768.7188720703125
380,3,636.7083333333334,1226.2916666666667,3,30,3.0,37093.12904793874,768.692626953125
381,3,643.1666666666666,1229.8333333333333,3,30,1.6666666666666667,20607.29391552152,736.0014038085938
382,8,643.875,1227.0416666666665,10,100,1.25,15455.47043664114,768.729248046875
383,5,641.0238888888889,1232.697777777778,8,80,6.2,76659.13336574005,768.723388671875
384,11,639.7843818514051,1230.097969691979,13,130,21.272727272727273,263024.0059762928,802.156494140625
385,3,644.3333333333334,1230.6666666666667,5,50,1.0,12364.376349312914,768.722412109375
386,4,641.5,1230.9464285714284,4,40,4.5,55639.69357190811,802.1080322265625
387,2,632.2142857142858,1229.7619047619048,2,20,5.0,61821.88174656456,802.1534423828125
388,1,633.0,1223.5,1,10,2.0,24728.752698625824,736.0148315429688
389,1,1921.0,234.0,1,10,1.0,12364.376349312912,736.00048828125
390,2,1925.5,239.5,2,20,1.0,12364.376349312912,736.044677734375
391,2,1925.75,241.25,2,20,2.0,24728.752698625824,768.7421875
392,12,1922.6680555555556,238.25347222222226,13,130,3.4166666666666665,42244.95252681912,768.7241821289062
393,1,1927.5,241.25,1,10,4.0,49457.50539725165,736.012451171875
394,1,351.0,603.0,1,10,1.0,12364.376349312912,736.017333984375
395,2,200.0,1402.25,2,20,3.0,37093.12904793874,736.017333984375
396,3,201.64583333333334,1399.7916666666667,3,30,4.333333333333333,53578.96418035595,768.6895751953125
397,1,202.0,1396.0,1,10,1.0,12364.376349312912,736.00390625
398,4,205.67708333333331,1402.125,4,40,6.25,77277.3521832057,802.1536865234375
399,1,2039.0,1111.0,1,10,1.0,12364.376349312912,736.0069580078125
400,8,2016.5445977633478,413.34997294372295,10,100,6.125,75731.80513954158,1017.584228515625
401,2,2013.5,415.125,2,20,2.5,30910.940873282278,802.1534423828125
402,1,363.0,613.0,1,10,1.0,12364.376349312912,735.988037109375
403,1,201.0,1406.0,1,10,1.0,12364.376349312912,735.988037109375
404,2,1639.5982905982905,2034.3888888888887,3,30,10.0,123643.76349312912,979.943603515625
405,1,2023.0,411.0,1,10,1.0,12364.376349312912,736.044677734375
406,1,1663.0,2022.0,1,10,1.0,12364.376349312912,736.044677734375
407,1,1619.0,501.0,1,10,1.0,12364.376349312912,768.6990966796875
408,1,2022.0,416.9545454545455,1,10,12.0,148372.51619175496,1258.6910400390625
409,1,1579.0,919.0,1,10,1.0,12364.376349312912,736.0
410,1,786.0,2034.0,1,10,1.0,12364.376349312912,736.0
411,2,1927.6041666666667,249.22916666666666,2,20,8.0,98915.0107945033,768.72412109375
412,1,1929.0,248.0,1,10,1.0,12364.376349312912,735.98779296875
413,1,1927.8,247.4,1,10,5.0,61821.88174656456,735.970703125
414,1,355.0,601.0,1,10,1.0,12364.376349312912,736.0205078125
415,1,355.0,602.0,1,10,1.0,12364.376349312912,736.051025390625
416,1,1643.0,2021.0,1,10,1.0,12364.376349312912,736.0205078125
417,2,1644.669642857143,2019.4196428571427,3,30,12.0,148372.51619175496,768.70751953125
418,5,1645.7779761904762,2018.4821428571427,5,50,9.4,116225.13768354137,802.1184692382812
419,13,1654.4327797202795,2023.2551282051281,14,140,13.923076923076923,172150.16301735665,942.93603515625
420,2,351.41666666666663,593.4166666666667,2,20,3.5,43275.31722259519,736.033203125
421,1,780.0,2022.0,1,10,1.0,12364.376349312912,736.033203125
422,2,1152.71875,2031.59375,2,20,8.5,105097.19896915974,871.1015625
423,1,1154.0,2033.0,1,10,1.0,12364.376349312912,735.9998168945312
424,2,1638.6875,2039.6875,2,20,3.5,43275.31722259519,768.7421875
425,1,1899.0,229.0,1,10,1.0,12364.376349312912,736.01953125
426,1,441.0,808.0,1,10,1.0,12364.376349312912,906.690673828125
427,3,661.4166666666666,1094.3333333333333,4,40,2.0,24728.752698625827,736.01953125
428,1,354.0,596.0,1,10,1.0,12364.376349312912,735.9749755859375
429,1,1592.0,1092.0,1,10,1.0,12364.376349312912,802.16943359375
430,3,1777.722222222222,1418.111111111111,4,40,2.6666666666666665,32971.67026483443,768.7252807617188
431,2,1647.0,2030.0,2,20,1.0,12364.376349312912,735.99951171875
432,6,2045.5,426.75,7,70,2.1666666666666665,26789.482090177975,1095.0975341796875
433,1,1783.0,1423.0,1,10,1.0,12364.376349312912,768.6895751953125
434,2,1780.5,1425.0,2,20,1.0,12364.376349312912,768.718017578125
435,1,825.25,2034.75,1,10,3.0,37093.12904793874,735.99951171875
436,3,74.66666666666667,773.0,3,30,1.6666666666666667,20607.29391552152,768.7117309570312
437,2,2004.25,1088.0,2,20,1.5,18546.56452396937,802.1203002929688
438,8,1637.224578373016,2022.3600570436508,10,100,10.0,123643.76349312911,906.6700439453124
439,2,1036.6666666666665,576.4166666666667,2,20,2.5,30910.94087328228,942.918212890625
440,2,1394.5,805.0,2,20,1.0,12364.376349312912,768.70751953125
441,1,629.0,1247.0,1,10,1.0,12364.376349312912,736.0132446289062
442,3,1869.8,283.95,4,40,6.333333333333333,78307.71687898178,871.123291015625
443,1,1866.9375,286.5625,1,10,16.0,197830.0215890066,1095.097412109375
444,1,2010.375,1088.875,1,10,5.0,61821.88174656456,768.7117309570312
445,1,1866.148148148148,283.4259259259259,1,10,12.0,148372.51619175493,906.65185546875
446,1,1394.0,800.0,1,10,1.0,12364.376349312912,736.00390625
447,8,945.7857142857143,830.6205357142858,8,80,4.75,58730.78765923633,942.918212890625
448,1,947.5,830.0,1,10,2.0,24728.752698625824,768.7113037109375
449,1,2014.0,1092.0,1,10,1.0,12364.376349312912,736.00390625
450,1,2015.0,1090.0,1,10,1.0,12364.376349312912,768.700439453125
451,6,630.6333333333333,1101.2814814814815,6,60,3.5,43275.31722259519,942.95068359375
452,4,1666.125,2029.0,5,50,1.25,15455.470436641139,736.0148315429688
453,2,358.25,690.0,3,30,1.5,18546.56452396937,736.0146484375
454,1,1579.0,915.0,1,10,1.0,12364.376349312912,735.9977416992188
455,1,627.0,1244.0,1,10,1.0,12364.376349312912,735.9977416992188
456,1,203.0,1409.0,1,10,1.0,12364.376349312912,735.9977416992188
457,1,1782.0,1411.0,1,10,1.0,12364.376349312912,735.9977416992188
458,1,308.56666666666666,1548.96,1,10,30.0,370931.2904793873,1388.8087158203125
459,6,1544.638392857143,2018.8556547619046,7,70,5.166666666666667,63882.611138116714,836.2703247070312
460,1,1850.5,314.5,1,10,4.0,49457.50539725165,836.2516479492188
461,1,1550.4615384615386,2024.3846153846157,1,10,13.0,160736.89254106785,836.2516479492188
462,1,787.0,2031.0,1,10,1.0,12364.376349312912,736.0132446289062
463,1,631.0,1243.0,1,10,1.0,12364.376349312912,736.0146484375
464,1,1391.75,1309.5,1,10,3.0,37093.12904793874,1055.990234375
465,1,202.5,1392.0,1,10,2.0,24728.752698625824,736.0146484375
466,1,1865.777777777778,299.3333333333333,1,10,7.0,86550.63444519039,768.6884155273438
467,1,1867.0,300.0,1,10,1.0,12364.376349312912,768.74169921875
468,1,1880.0,396.0,1,10,1.0,12364.376349312912,2599.08984375
469,1,1037.0,876.0,1,10,1.0,12364.376349312912,736.0148315429688
470,1,1388.0,1316.0,1,10,1.0,12364.376349312912,736.0148315429688
471,1,470.5,1842.0,1,10,2.0,24728.752698625824,736.0148315429688
472,1,469.0,1847.0,1,10,1.0,12364.376349312912,735.9775390625
473,5,470.0437662337663,1847.0388311688316,5,50,7.6,93969.26025477811,1095.1044921875
474,2,469.0,1842.0,2,20,2.0,24728.752698625824,906.6666259765624
475,6,466.7083333333333,1841.8333333333333,8,80,2.5,30910.940873282278,979.9251708984376
476,2,466.0,1839.0,2,20,3.0,37093.12904793874,836.2926025390625
477,3,1186.3666666666666,2020.8,3,30,5.333333333333333,65943.34052966886,836.2572631835938
478,1,1629.0,2027.0,1,10,1.0,12364.376349312912,736.0148315429688
479,1,1872.0,288.0,1,10,3.0,37093.12904793874,871.12939453125
480,4,49.46779799323017,1287.76214186412,4,40,35.75,442026.4544879366,2660.2685546875
481,7,50.383432301123825,1285.9098141485981,7,70,22.142857142857142,273782.6191633573,3310.933349609375
482,3,269.6111111111111,1423.0555555555557,3,30,3.0,37093.12904793874,836.25439453125
483,1,1845.0,1836.0,1,10,1.0,12364.376349312912,735.9998168945312
484,1,1042.0,875.0,1,10,1.0,12364.376349312912,768.695068359375
485,4,1042.7727272727273,873.8431818181818,4,40,6.25,77277.3521832057,1095.1292724609375
486,3,1995.4761904761906,401.85714285714283,3,30,3.6666666666666665,45336.046614147344,1017.5694580078124
487,1,199.0,1415.0,1,10,1.0,12364.376349312912,736.0111694335938
488,1,196.0,1415.0,1,10,1.0,12364.376349312912,735.9906005859375
489,1,380.0,623.0,1,10,1.0,12364.376349312912,735.9908447265625
490,2,1211.5833333333335,768.3333333333333,2,20,3.5,43275.31722259519,942.9620361328124
491,1,1347.0,1331.0,1,10,1.0,12364.376349312912,802.1397705078125
492,2,1473.0,1762.0,2,20,1.0,12364.376349312912,979.9461669921876
493,2,783.0,2028.0,2,20,1.0,12364.376349312912,736.0260009765625
494,1,784.125,2028.5,1,10,7.0,86550.63444519039,871.1051025390625
495,1,1793.0,1410.0,1,10,1.0,12364.376349312912,768.7113037109375
496,1,1541.625,2015.625,1,10,5.0,61821.88174656456,768.7113037109375
497,1,785.5,2023.25,1,10,3.0,37093.12904793874,735.9947509765625
498,1,820.0,2026.0,1,10,1.0,12364.376349312912,735.9947509765625
499,1,822.0,2028.0,1,10,1.0,12364.376349312912,735.98779296875
500,1,1628.0,2032.0,1,10,1.0,12364.376349312912,735.9947509765625
501,4,952.3125,831.8125,4,40,2.25,27819.846785954047,836.2786865234375
502,1,822.0,2006.0,1,10,1.0,12364.376349312912,735.9885864257812
503,1,823.0,2006.0,1,10,1.0,12364.376349312912,736.013916015625
504,2,1168.6098214285712,2029.8995535714284,2,20,17.5,216376.58611297596,768.7111206054688
505,2,1626.25,2045.125,2,20,4.5,55639.69357190811,802.1521606445312
506,1,1627.0,2045.5,1,10,2.0,24728.752698625824,735.9849243164062
507,1,1306.0,319.0,1,10,1.0,12364.376349312912,735.98779296875
508,1,667.0,919.0,1,10,3.0,37093.12904793874,735.98779296875
509,6,667.3151260504202,905.7770308123249,6,60,7.833333333333333,96854.28140295115,1134.9375
510,14,662.4162934052981,910.3807076848545,14,140,24.357142857142858,301160.88107969303,1175.485595703125
511,2,1174.708333333333,2023.5,2,20,3.5,43275.31722259519,768.718505859375
512,2,623.05,505.8,2,20,3.5,43275.31722259519,979.9002685546876
513,1,399.0,622.0,1,10,1.0,12364.376349312912,736.0068359375
514,1,753.0,836.5,1,10,2.0,24728.752698625824,942.9434814453124
515,1,754.0,838.0,1,10,1.0,12364.376349312912,768.7059936523438
516,8,29.278571428571425,159.15952380952382,8,80,4.5,55639.6935719081,1017.5987548828124
517,1,31.33333333333333,158.66666666666666,1,10,3.0,37093.12904793874,906.6444091796876
518,2,32.86666666666667,158.9,2,20,4.0,49457.50539725165,979.8883056640624
519,2,32.5,159.0,2,20,1.0,12364.376349312912,735.99951171875
520,1,75.0,778.0,1,10,1.0,12364.376349312912,736.0146484375
521,2,2025.5,1095.6666666666665,2,20,2.0,24728.752698625824,768.7095947265625
522,4,1391.9166666666665,1315.25,5,50,2.5,30910.94087328228,768.71630859375
523,1,1392.5,1315.0,1,10,2.0,24728.752698625824,768.730712890625
524,2,1392.0,1314.5833333333335,2,20,3.5,43275.31722259519,768.706298828125
525,6,1393.189393939394,1315.0531565656568,6,60,6.833333333333333,84489.90505363823,802.1484375
526,1,1785.0,1410.0,1,10,1.0,12364.376349312912,736.0146484375
527,1,175.0,1529.0,1,10,1.0,12364.376349312912,736.0146484375
528,1,1547.0,2033.0,1,10,1.0,12364.376349312912,735.9885864257812
529,1,79.0,775.0,1,10,1.0,12364.376349312912,735.9973754882812
530,1,2034.5833333333333,1093.1666666666663,1,10,5.0,61821.88174656456,768.7059936523438
531,3,1968.7777777777776,1638.111111111111,3,30,2.3333333333333335,28850.21148173013,802.1423950195312
532,1,1973.0,1642.0,1,10,1.0,12364.376349312912,735.96142578125
533,22,1968.0609646466146,1637.132479236404,22,220,13.454545454545455,166357.06360893737,2026.672607421875
534,7,1972.5654761904764,1638.5873376623379,7,70,8.142857142857142,100681.35027297655,1344.72314453125
535,4,657.6125,1534.1583333333333,4,40,9.5,117461.57531847266,1095.114990234375
536,1,187.0,1532.0,1,10,1.0,12364.376349312912,768.6885986328125
537,3,527.7777777777778,1529.8333333333333,3,30,4.333333333333333,53578.96418035595,871.124267578125
538,1,527.0,1530.0,1,10,1.0,12364.376349312912,736.012451171875
539,1,892.5416666666666,1718.1666666666667,1,10,10.0,123643.76349312912,1095.097412109375
540,1,890.25,1717.5,1,10,3.0,37093.12904793874,768.7021484375
541,5,48.74761904761905,204.6952380952381,5,50,2.8,34620.253778076156,1258.6641845703125
542,1,1047.0,1049.0,1,10,3.0,37093.12904793874,836.2789306640625
543,1,897.4761904761905,1724.1349206349205,1,10,12.0,148372.51619175496,906.6815185546876
544,1,1039.0,917.0,1,10,1.0,12364.376349312912,768.7141723632812
545,1,899.4285714285714,1721.4285714285716,1,10,8.0,98915.0107945033,836.2791748046875
546,1,900.5,1722.5,1,10,4.0,49457.50539725165,802.1314697265625
547,1,1832.0,1926.0,1,10,1.0,12364.376349312912,736.003173828125
548,1,895.625,1726.875,1,10,5.0,61821.88174656456,768.7222900390625
549,1,902.75,1728.5,1,10,5.0,61821.88174656456,871.111083984375
550,6,898.425925925926,1730.2800925925924,6,60,5.5,68004.06992122102,1017.586669921875
551,1,1317.0,322.5,1,10,6.0,74186.25809587748,802.1480712890625
552,1,621.5,489.0,1,10,2.0,24728.752698625824,871.117919921875
553,1,2036.0,1054.0,1,10,2.0,24728.752698625824,735.970703125
554,1,2038.0,1053.0,1,10,1.0,12364.376349312912,735.942626953125
555,6,1363.9188034188035,1287.017094017094,6,60,11.833333333333334,146311.7868002028,1525.33984375
556,2,1364.388888888889,1291.3333333333333,2,20,6.0,74186.25809587748,979.89208984375
557,1,1366.0,1284.0,1,10,1.0,12364.376349312912,736.00830078125
558,1,1321.5,322.0,1,10,2.0,24728.752698625824,906.6444091796876
559,1,2046.5,1048.0,1,10,2.0,24728.752698625824,736.012451171875
560,3,2042.8333333333333,1047.0,4,40,1.3333333333333333,16485.835132417214,736.01171875
561,12,2044.8435185185187,1045.1780092592592,13,130,5.916666666666667,73155.89340010138,802.1080322265625
562,2,2044.0,1051.0,2,20,1.0,12364.376349312912,736.019287109375
563,1,2041.0,1052.0,1,10,1.0,12364.376349312912,735.99951171875
564,1,894.25,1723.0833333333337,1,10,7.0,86550.63444519039,942.9154663085938
565,2,1187.3333333333335,2006.8333333333335,2,20,2.0,24728.752698625824,736.012451171875
566,3,55.666666666666664,203.83333333333334,4,40,1.6666666666666667,20607.29391552152,802.1472778320312
567,1,626.0,486.0,1,10,2.0,24728.752698625824,768.696044921875
568,2,1248.6,525.55,2,20,3.5,43275.31722259519,979.8987426757812
569,2,217.0,1383.5,2,20,1.0,12364.376349312912,735.9954223632812
570,4,217.25,1381.0833333333333,4,40,3.0,37093.12904793874,802.1080322265625
571,2,885.6666666666667,1721.5833333333335,2,20,7.5,92732.82261984685,1056.020751953125
572,3,933.5,565.5,4,40,3.3333333333333335,41214.587831043034,802.1536865234375
573,1,858.0,1737.0,1,10,1.0,12364.376349312912,735.9954223632812
574,2,1044.6,868.5,2,20,3.0,37093.12904793874,802.1483154296875
575,1,1763.0,1277.0,1,10,1.0,12364.376349312912,736.0040283203125
576,2,1359.9404761904761,1288.797619047619,2,20,13.5,166919.08071572433,1525.343017578125
577,4,1504.6344155844156,707.6353896103896,4,40,10.25,126734.85758045735,1216.699951171875
578,1,1507.0,707.0,1,10,1.0,12364.376349312912,736.0179443359375
579,1,2047.0,1054.5,1,10,2.0,24728.752698625824,736.03369140625
580,1,2046.0,1057.0,1,10,1.0,12364.376349312912,736.0150756835938
581,1,1245.0,1514.0,1,10,1.0,12364.376349312912,736.03369140625
582,1,1650.0,1221.0,1,10,1.0,12364.376349312912,735.99951171875
583,1,68.5,216.0,1,10,2.0,24728.752698625824,768.735595703125
584,3,70.6593567251462,215.50292397660823,3,30,10.0,123643.76349312912,979.8931884765624
585,2,68.0,215.25,2,20,1.5,18546.56452396937,836.2706298828125
586,4,1624.3333333333335,503.95833333333337,4,40,2.25,27819.84678595405,1017.573486328125
587,1,419.0,808.0,1,10,1.0,12364.376349312912,768.735595703125
588,1,573.0,1834.0,1,10,1.0,12364.376349312912,768.735595703125
589,1,385.9166666666666,612.4166666666667,1,10,5.0,61821.88174656456,768.72021484375
590,2,210.83333333333331,1387.9166666666665,2,20,3.5,43275.31722259519,768.72021484375
591,1,890.0,1731.5,1,10,2.0,24728.752698625824,736.051025390625
592,1,945.0,1115.0,1,10,1.0,12364.376349312912,735.977294921875
593,4,627.7857142857142,1137.654761904762,4,40,4.0,49457.50539725165,1017.573486328125
594,3,631.5,1139.2499999999998,4,40,3.3333333333333335,41214.58783104304,906.677001953125
595,3,635.4380952380952,1139.8690476190477,3,30,7.333333333333333,90672.09322829469,1017.5824584960938
596,2,616.5,1836.5,2,20,1.0,12364.376349312912,768.730712890625
597,1,203.0,1414.0,1,10,1.0,12364.376349312912,735.98193359375
598,2,902.0,1735.5,2,20,1.0,12364.376349312912,768.735595703125
599,2,778.0,1624.25,2,20,1.5,18546.56452396937,768.735595703125
600,2,36.2,156.3,2,20,3.0,37093.12904793874,836.2904663085938
601,4,1011.6071428571429,794.2797619047619,4,40,4.5,55639.69357190811,1017.5677490234376
602,1,1469.0,1932.0,1,10,1.0,12364.376349312912,736.0179443359375
603,9,670.8643874643875,1516.0938746438744,10,100,6.666666666666667,82429.17566208607,1095.105712890625
604,2,671.175,1513.5,2,20,7.5,92732.82261984685,836.27490234375
605,1,309.0,1538.0,1,10,1.0,12364.376349312912,735.9807739257812
606,3,212.53787878787878,1370.496212121212,4,40,10.333333333333334,127765.22227623343,942.9273071289062
607,1,212.0,1368.0,1,10,1.0,12364.376349312912,736.0146484375
608,1,617.0,1502.0,1,10,1.0,12364.376349312912,736.0084228515625
609,4,1515.0,35.25,4,40,1.0,12364.376349312912,802.1085205078125
610,1,2018.0,397.0,1,10,1.0,12364.376349312912,736.0111694335938
611,2,157.25,1509.75,3,30,1.5,18546.56452396937,768.6973876953125
612,1,1463.6666666666663,1871.6666666666663,1,10,4.0,49457.50539725165,871.1004028320312
613,8,572.9946843434343,2.685283189033189,9,90,17.25,213285.49202564772,979.886474609375
614,1,579.25,2.125,1,10,8.0,98915.0107945033,871.1083984375
615,2,572.75,5.0,2,20,2.5,30910.940873282278,836.240234375
616,1,209.5952380952381,1366.142857142857,1,10,22.0,272016.27968488407,836.2691650390625
617,1,291.0,1659.0,1,10,1.0,12364.376349312912,735.9888916015625
618,4,1467.1660714285713,1870.2392857142859,4,40,7.75,95823.91670717507,1216.7230224609375
619,1,988.0,841.8125,1,10,9.0,111279.3871438162,1017.625
620,1,989.7941176470588,839.6911764705883,1,10,35.0,432753.1722259519,1134.93310546875
621,2,1092.75,1430.375,2,20,2.5,30910.94087328228,736.04150390625
622,1,291.8333333333333,1663.3333333333333,1,10,6.0,74186.25809587748,768.662353515625
623,1,983.546632996633,836.7259259259259,1,10,35.0,432753.1722259519,1216.669677734375
624,1,210.0,1360.0,1,10,1.0,12364.376349312912,736.04150390625
625,1,823.0,1506.0,1,10,1.0,12364.376349312912,736.04150390625
626,1,299.44444444444446,1667.0,1,10,9.0,111279.3871438162,942.926513671875
627,2,989.5032467532468,831.0551948051948,2,20,20.5,253469.7151609147,1619.9163818359375
628,29,996.4143313682001,831.7341037368581,32,320,21.06896551724138,260504.61894586857,2722.13134765625
629,7,990.8070796267223,828.6498074015933,8,80,21.857142857142858,270249.94020641077,1344.6800537109375
630,1,995.3333333333334,838.6666666666666,1,10,3.0,37093.12904793874,836.2789306640625
631,1,96.0,1426.0,1,10,1.0,12364.376349312912,736.0014038085938
632,1,300.0,1659.0,1,10,1.0,12364.376349312912,736.0014038085938
633,1,1517.5,28.0,1,10,2.0,24728.752698625824,768.723388671875
634,1,1524.0,18.0,1,10,1.0,12364.376349312912,768.690673828125
635,1,1523.4,22.8,1,10,5.0,61821.88174656456,768.7059936523438
636,4,1527.6125,28.6625,4,40,3.75,46366.41130992342,802.1480712890625
637,4,1521.3188095238095,25.631746031746033,4,40,15.75,194738.92750167835,802.150146484375
638,9,1522.0867488164856,23.522053745474796,10,100,10.444444444444445,129139.04187060155,802.146728515625
639,8,1523.4118646978022,23.427472527472528,8,80,9.375,115916.02827480854,802.174072265625
640,1,1516.0,30.0,1,10,1.0,12364.376349312912,736.0146484375
641,1,1519.0,23.0,1,10,1.0,12364.376349312912,736.0069580078125
642,3,47.51515151515152,156.96969696969697,3,30,6.333333333333333,78307.71687898178,1134.945068359375
643,6,49.11013708513709,156.5656204906205,7,70,12.333333333333334,152493.97497485924,1525.3011474609375
644,1,969.3333333333334,831.0,1,10,9.0,111279.3871438162,1134.936767578125
645,1,303.0,1418.0,1,10,1.0,12364.376349312912,736.010498046875
646,3,89.33333333333333,1424.3333333333333,3,30,3.6666666666666665,45336.046614147344,871.1051025390625
647,4,87.88888888888889,1425.0277777777778,4,40,7.0,86550.63444519039,871.1007080078125
648,3,88.42592592592592,1424.3148148148148,3,30,6.333333333333333,78307.71687898178,768.7178344726562
649,3,86.56818181818181,1423.3939393939393,3,30,6.666666666666667,82429.17566208608,836.2679443359375
650,1,664.85,1514.4,1,10,14.0,173101.26889038074,1095.1123046875
651,2,1842.5,1514.0,2,20,1.0,12364.376349312912,768.7178344726562
652,1,1463.2,1875.6,1,10,5.0,61821.88174656456,768.723388671875
653,1,566.5833333333333,3.9722222222222223,1,10,21.0,259651.90333557117,871.1051025390625
654,2,980.5104166666667,832.4907407407409,2,20,22.5,278198.46785954054,1301.32421875
655,1,290.375,1653.625,1,10,6.0,74186.25809587748,906.6621704101562
656,1,290.6730769230769,1655.923076923077,1,10,41.0,506939.4303218294,1095.126708984375
657,1,752.0,2047.0,1,10,1.0,12364.376349312912,735.9989013671875
658,1,228.0,1370.0,1,10,1.0,12364.376349312912,735.9947509765625
659,4,294.875,1642.9722222222222,5,50,5.5,68004.06992122102,1175.443359375
660,1,294.7142857142857,1666.428571428571,1,10,7.0,86550.63444519039,802.119873046875
661,1,978.0,580.0,1,10,1.0,12364.376349312912,768.7117309570312
662,4,222.25091575091577,1040.1634233821735,5,50,12.75,157645.79845373964,1055.982666015625
663,1,221.779797979798,1040.4222222222222,1,10,69.0,853141.9681025909,1572.240478515625
664,2,1405.0416666666665,1297.0833333333335,2,20,3.5,43275.31722259519,871.1236572265625
665,4,1408.6996527777778,1296.1354166666667,4,40,11.5,142190.32801709848,1017.6026611328124
666,1,279.6666666666667,1671.0,1,10,3.0,37093.12904793874,735.9998168945312
667,4,2004.5,587.0,5,50,3.0,37093.12904793874,871.12939453125
668,1,269.5,1675.0,1,10,2.0,24728.752698625824,736.0029296875
669,1,1741.0,1946.0,1,10,1.0,12364.376349312912,906.6685791015624
670,1,267.52941176470586,1677.5882352941176,1,10,17.0,210194.3979383195,871.12939453125
671,2,1519.0,17.5,2,20,1.0,12364.376349312912,768.7255249023438
672,1,1520.2222222222224,18.666666666666668,1,10,5.0,61821.88174656456,768.723388671875
673,1,1516.0,19.5,1,10,2.0,24728.752698625824,768.7373046875
674,3,1517.4444444444446,18.722222222222225,4,40,3.6666666666666665,45336.046614147344,768.734375
675,1,1515.0,21.0,1,10,1.0,12364.376349312912,735.988037109375
676,3,1399.4156611362494,1299.5821183174123,3,30,18.333333333333332,226680.23307073672,1134.9173583984375
677,1,211.0,1357.0,1,10,1.0,12364.376349312912,735.9906005859375
678,2,1130.25,1401.5,2,20,1.5,18546.56452396937,736.013916015625
679,1,287.0,1668.0,1,10,1.0,12364.376349312912,735.9906005859375
680,1,265.0,1679.5,1,10,2.0,24728.752698625824,735.9906005859375
681,1,1469.0,1875.5,1,10,2.0,24728.752698625824,768.7111206054688
682,2,85.75,773.75,2,20,1.5,18546.56452396937,736.013916015625
683,2,1353.2142857142856,1015.7142857142858,2,20,4.0,49457.50539725165,802.1422119140625
684,2,1356.4,1016.65,2,20,3.5,43275.31722259519,802.1085205078125
685,1,832.0,1489.0,1,10,1.0,12364.376349312912,735.9859619140625
686,1,1015.0,1677.0,1,10,1.0,12364.376349312912,768.7354736328125
687,1,2029.0,1990.0,1,10,1.0,12364.376349312912,768.7354736328125
688,1,1347.75,1017.25,1,10,4.0,49457.50539725165,768.7110595703125
689,10,225.83319696695693,1029.2299203027121,11,110,32.3,399369.35608280706,2247.086669921875
690,1,226.7,1029.45,1,10,7.0,86550.63444519037,906.67138671875
691,1,1534.0,55.0,1,10,1.0,12364.376349312912,735.9888916015625
692,1,1365.0,1277.0,1,10,1.0,12364.376349312912,736.0158081054688
693,10,1363.424269005848,1280.781432748538,11,110,5.9,72949.82046094618,768.7322387695312
694,6,1358.6666666666667,1281.6666666666667,6,60,1.0,12364.37634931291,736.00390625
695,7,1362.3290043290042,1279.1233766233765,9,90,4.571428571428571,56522.86331114474,768.74169921875
696,1,1368.0,1278.0,1,10,1.0,12364.376349312912,736.0167236328125
697,6,1357.1134346282372,1281.8961727234755,6,60,9.666666666666666,119522.30471002484,836.2545166015625
698,1,321.0,1530.0,1,10,1.0,12364.376349312912,802.146728515625
699,2,1350.5208333333335,1020.0208333333333,2,20,5.5,68004.06992122102,1017.5960693359376
700,1,1417.0,1290.5,1,10,2.0,24728.752698625824,735.9954223632812
701,1,656.0,1484.0,1,10,1.0,12364.376349312912,735.9852294921875
702,11,779.7854912764004,825.0539485766759,11,110,5.909090909090909,73062.22388230356,2478.953369140625
703,1,781.0,826.75,1,10,4.0,49457.50539725165,768.685302734375
704,6,1486.4736772486776,1230.5056216931216,6,60,6.333333333333333,78307.71687898178,1525.324462890625
705,2,1486.0,1231.5,2,20,1.0,12364.376349312912,871.1083984375
706,1,261.0,1420.0,1,10,1.0,12364.376349312912,768.70947265625
707,4,1534.75,46.625,4,40,2.25,27819.84678595405,768.7431640625
708,2,1534.5,46.5,2,20,1.5,18546.56452396937,735.9947509765625
709,4,665.3168956043955,1510.30260989011,4,40,9.25,114370.48123114444,1767.117919921875
710,4,1966.325,1626.6,4,40,3.0,37093.12904793874,1175.480224609375
711,3,1966.8333333333333,1629.4166666666667,3,30,2.6666666666666665,32971.67026483443,871.1168823242188
712,2,1184.75,2035.25,2,20,3.0,37093.12904793874,768.7431640625
713,1,219.0,1053.5,1,10,4.0,49457.50539725165,768.7431640625
714,3,1315.0666666666666,2006.2,3,30,3.0,37093.12904793874,768.7431640625
715,1,217.0,1057.0,1,10,3.0,37093.12904793874,736.00830078125
716,4,551.859375,797.578125,4,40,5.5,68004.06992122102,942.9153442382812
717,1,220.0,1395.0,1,10,1.0,12364.376349312912,735.970703125
718,2,229.69791666666663,1023.4977678571428,2,20,20.0,247287.52698625822,979.9318237304688
719,1,2015.0,1057.0,1,10,1.0,12364.376349312912,736.0015869140625
720,1,1350.0,1451.0,1,10,1.0,12364.376349312912,736.0015869140625
721,2,317.375,1531.3125,2,20,3.5,43275.31722259519,836.2420654296875
722,4,313.75,1530.375,4,40,2.75,34002.03496061051,1056.0040283203125
723,1,395.0,1813.0,1,10,1.0,12364.376349312912,979.9318237304688
724,1,1315.0,2017.25,1,10,3.0,37093.12904793874,736.0015869140625
725,1,661.0,197.5,1,10,2.0,24728.752698625824,979.9182739257812
726,2,662.4722222222222,901.1111111111111,3,30,5.5,68004.06992122102,768.7111206054688
727,2,552.0625,791.125,2,20,5.0,61821.881746564555,906.6456909179688
728,1,102.0,1410.4,1,10,5.0,61821.88174656456,871.1038818359375
729,6,308.36111111111114,1416.0555555555554,6,60,1.5,18546.564523969366,836.2645874023438
730,3,525.4,828.5333333333333,3,30,3.0,37093.12904793873,768.7285766601562
731,1,582.5,1.1666666666666667,1,10,6.0,74186.25809587748,906.6637573242188
732,1,53.5,159.5,1,10,2.0,24728.752698625824,768.7245483398438
733,1,982.0,564.0,1,10,1.0,12364.376349312912,735.9954223632812
734,8,982.1909226190477,563.8105654761905,8,80,13.0,160736.89254106785,1017.6173706054688
735,1,981.5,564.5,1,10,4.0,49457.50539725165,768.718505859375
736,1,982.1875,563.5,1,10,16.0,197830.0215890066,1017.6028442382812
737,12,981.3832785150674,565.8757578787751,14,140,23.083333333333332,285411.02072997304,1388.799560546875
738,4,978.9041666666667,566.4916666666667,5,50,13.5,166919.0807157243,1055.9915771484375
739,1,980.0,567.0,1,10,1.0,12364.376349312912,735.9947509765625
740,3,977.0,570.3333333333334,3,30,2.3333333333333335,28850.21148173013,768.722412109375
741,2,663.0,200.5,2,20,1.0,12364.376349312912,735.99951171875
742,9,407.5847222222222,1509.545524691358,9,90,8.333333333333334,103036.46957760761,1258.6905517578125
743,2,66.0,271.0,2,20,1.0,12364.376349312912,735.9993896484375
744,16,56.17366071428572,272.0517857142857,17,170,4.875,60276.33470290045,1095.0975341796875
745,1,51.0,270.0,1,10,1.0,12364.376349312912,735.9989013671875
746,11,50.7498106060606,270.8701207050218,11,110,16.454545454545453,203450.19265687608,1134.9024658203125
747,1,1267.0,2031.0,1,10,1.0,12364.376349312912,735.988037109375
748,1,1528.0,43.0,1,10,1.0,12364.376349312912,735.9993896484375
749,1,1377.0,1278.0,1,10,1.0,12364.376349312912,735.9993896484375
750,5,423.2082352941176,1804.436666666667,5,50,14.2,175574.14416024336,1619.897216796875
751,6,427.3897802197802,1801.5084981684984,6,60,13.833333333333334,171040.53949882864,1973.286376953125
752,1,1894.0,231.0,1,10,2.0,24728.752698625824,768.73583984375
753,1,1892.0,230.0,1,10,1.0,12364.376349312912,736.0693359375
754,1,1893.0,233.0,1,10,1.0,12364.376349312912,735.9847412109375
755,1,648.7083333333334,1221.4583333333333,1,10,13.0,160736.89254106788,768.73583984375
756,25,1547.2190144169203,1239.571003244789,26,260,9.32,115235.98757559633,2135.473388671875
757,28,1554.2595857886029,1246.1588853539627,29,290,20.714285714285715,256119.22437862464,1973.3310546875
758,1,1553.0,1246.0,1,10,1.0,12364.376349312912,768.7261352539062
759,1,645.0,1212.5,1,10,2.0,24728.752698625824,735.997802734375
760,4,644.6875,197.25,4,40,3.75,46366.411309923424,768.748779296875
761,1,1885.0,408.5,1,10,2.0,24728.752698625824,802.1377563476562
762,1,651.0,1214.0,1,10,1.0,12364.376349312912,735.9947509765625
763,1,1885.0,414.0,1,10,1.0,12364.376349312912,736.019287109375
764,2,985.0,854.5,2,20,1.0,12364.376349312912,802.113037109375
765,1,222.0,1382.0,1,10,1.0,12364.376349312912,736.019287109375
766,3,222.33333333333334,1378.8333333333333,3,30,2.0,24728.752698625827,768.700439453125
767,2,1407.5416666666665,1846.2083333333335,2,20,3.5,43275.31722259519,802.113037109375
768,1,1414.0,1845.0,1,10,1.0,12364.376349312912,735.9954833984375
769,2,1412.2,1845.6,2,20,4.0,49457.50539725165,802.1204833984375
770,3,1411.5666666666666,1844.9333333333334,3,30,3.0,37093.12904793873,802.12060546875
771,7,1411.6000000000001,1847.1333333333332,7,70,4.0,49457.50539725165,802.1536865234375
772,1,1413.0,1846.0,1,10,1.0,12364.376349312912,735.9847412109375
773,1,1415.0,1843.0,1,10,1.0,12364.376349312912,735.970703125
774,2,1414.1666666666665,1843.3333333333335,2,20,2.0,24728.752698625824,768.691162109375
775,2,419.1428571428571,1803.9535714285714,2,20,35.0,432753.17222595186,1868.732177734375
776,2,1124.8333333333335,1175.4166666666665,2,20,2.5,30910.94087328228,836.292724609375
777,2,1038.0,1366.0,2,20,1.5,18546.56452396937,735.971923828125
778,1,831.5,743.0,1,10,2.0,24728.752698625824,871.09228515625
779,2,1288.25,342.0,2,20,3.5,43275.31722259519,802.134765625
780,1,1031.5,1365.0,1,10,2.0,24728.752698625824,735.9954833984375
781,1,1544.7555555555557,1245.2222222222224,1,10,21.0,259651.90333557117,1479.0985107421875
782,2,1529.5,24.0,3,30,1.0,12364.376349312912,736.01171875
783,5,51.47553571428572,163.35351890756303,5,50,14.2,175574.14416024336,1258.63818359375
784,1,52.5,234.0,1,10,2.0,24728.752698625824,942.95068359375
785,3,50.52380952380952,230.27777777777774,3,30,12.0,148372.51619175496,1619.918701171875
786,2,55.13553113553114,231.21336996336998,3,30,46.5,574943.5002430504,2912.0078125
787,1,2037.5,1047.0,1,10,2.0,24728.752698625824,736.00146484375
788,1,772.5,1626.0,1,10,4.0,49457.50539725165,802.1324462890625
789,5,1883.5444444444445,228.11111111111114,6,60,5.0,61821.88174656456,871.1175537109375
790,1,1880.0,232.66666666666663,1,10,3.0,37093.12904793874,802.1534423828125
791,1,786.0,1049.0,1,10,1.0,12364.376349312912,871.091064453125
792,5,787.1465811965811,1050.9517094017094,6,60,6.4,79132.00863560263,1525.346435546875
793,1,1569.0,1264.0,1,10,1.0,12364.376349312912,736.01171875
794,1,522.0,1878.0,1,10,1.0,12364.376349312912,736.01171875
795,7,174.31209504780938,1056.9826744683887,8,80,7.857142857142857,97148.67131603001,1095.127685546875
796,3,1563.4444444444443,1261.5555555555557,4,40,1.6666666666666667,20607.29391552152,768.7322387695312
797,3,214.78703703703704,1365.8796296296296,3,30,8.333333333333334,103036.4695776076,906.686279296875
798,1,657.0,1487.0,1,10,1.0,12364.376349312912,736.0072021484375
799,1,1880.0,236.0,1,10,1.0,12364.376349312912,802.1204833984375
800,1,995.0,535.0,1,10,1.0,12364.376349312912,871.1280517578125
801,4,995.125,536.0,4,40,2.0,24728.752698625824,871.1005859375
802,3,992.6666666666666,534.0,3,30,1.0,12364.376349312914,768.72607421875
803,3,995.75,536.0500000000001,3,30,4.0,49457.50539725164,802.14794921875
804,1,893.0,608.0,1,10,1.0,12364.376349312912,1344.72802734375
805,1,1563.0,1258.0,1,10,3.0,37093.12904793874,768.7166748046875
806,1,988.9166666666669,536.4166666666667,1,10,7.0,86550.63444519039,942.904052734375
807,5,986.9048484848485,536.559393939394,5,50,5.4,66767.63228628972,871.1248779296875
808,3,987.0,538.3333333333334,3,30,2.3333333333333335,28850.21148173013,942.9464721679688
809,1,412.5,1540.0,1,10,2.0,24728.752698625824,942.904052734375
810,2,417.75,1536.25,2,20,1.5,18546.56452396937,768.7188720703125
811,1,417.75,1535.75,1,10,9.0,111279.3871438162,1017.5699462890624
812,1,569.0,1830.0,1,10,1.0,12364.376349312912,1619.8885498046875
813,2,60.25,230.625,2,20,3.0,37093.12904793874,1258.64501953125
814,11,64.62074998924372,230.00541064543697,13,130,29.272727272727273,361939.01677079615,2976.69482421875
815,1,662.0,1494.0,1,10,1.0,12364.376349312912,736.0015869140625
816,1,1409.0,463.0,1,10,1.0,12364.376349312912,768.7178344726562
817,1,645.0,914.0,1,10,1.0,12364.376349312912,735.9894409179688
818,1,548.0,79.5,1,10,6.0,74186.25809587746,16974.93359375
819,6,1226.3,553.9388888888889,6,60,3.1666666666666665,39153.85843949089,1344.69873046875
820,2,1490.0,1729.7,3,30,3.0,37093.12904793874,768.72607421875
821,1,141.5,539.5,1,10,2.0,24728.752698625824,906.6932373046876
822,1,258.0,1004.5,1,10,4.0,49457.50539725165,836.2536010742188
823,2,2023.0,1055.0,2,20,1.0,12364.376349312912,736.00830078125
824,1,2024.0,1056.0,1,10,1.0,12364.376349312912,736.00390625
825,1,1350.0,1732.0,1,10,1.0,12364.376349312912,736.00830078125
826,1,1878.0,273.0,1,10,1.0,12364.376349312912,768.72607421875
827,1,614.5,1231.5,1,10,2.0,24728.752698625824,735.999755859375
828,2,613.75,1233.0,2,20,1.5,18546.56452396937,736.00390625
829,12,41.154490995116,234.31434468309467,15,150,8.583333333333334,106127.56366493583,1216.70556640625
830,4,39.159149184149186,237.00586496836496,4,40,13.75,170010.17480305253,1344.701904296875
831,6,1677.5285714285717,1637.7071428571428,7,70,5.333333333333333,65943.34052966887,1095.1151123046875
832,2,123.85,418.1,2,20,4.5,55639.69357190811,1301.33544921875
833,1,787.6666666666666,1042.6666666666667,1,10,3.0,37093.12904793874,768.72607421875
834,1,642.0,1220.0,1,10,1.0,12364.376349312912,735.999755859375
835,1,614.0,1218.0,1,10,1.0,12364.376349312912,735.9973754882812
836,3,1239.75,1491.9833333333333,3,30,9.333333333333334,115400.84592692052,768.7200927734375
837,1,415.5,1539.5,1,10,2.0,24728.752698625824,735.9973754882812
838,2,415.75,1540.0833333333335,2,20,2.5,30910.94087328228,802.14453125
839,1,785.7,1055.45,1,10,11.0,136008.13984244203,3108.2666015625
840,2,1151.5,1748.5,2,20,1.0,12364.376349312912,736.00390625
841,1,1344.0,1750.0,1,10,1.0,12364.376349312912,735.9797973632812
842,1,612.0,1207.0,1,10,1.0,12364.376349312912,736.00390625
843,1,1002.6666666666666,818.3333333333334,1,10,3.0,37093.12904793874,768.692626953125
844,1,1004.0,818.0,1,10,1.0,12364.376349312912,871.118896484375
845,1,778.0,1073.0,1,10,1.0,12364.376349312912,871.0914306640625
846,6,47.166666666666664,166.66666666666666,7,70,1.6666666666666667,20607.29391552152,906.6805419921876
847,1,235.0,1381.0,1,10,1.0,12364.376349312912,768.7431640625
848,1,482.0,861.5,1,10,4.0,49457.50539725165,802.1295166015625
849,3,1014.6666666666666,1671.6666666666667,3,30,1.0,12364.376349312914,736.00439453125
850,1,1011.0,1672.0,1,10,1.0,12364.376349312912,735.970703125
851,1,1889.0,218.0,1,10,1.0,12364.376349312912,735.9847412109375
852,1,103.0,788.0,1,10,1.0,12364.376349312912,735.9847412109375
853,3,99.66666666666667,787.0,3,30,1.6666666666666667,20607.293915521517,768.690673828125
854,4,483.25,870.75,4,40,3.5,43275.31722259519,979.9276123046876
855,1,619.0,1229.0,1,10,1.0,12364.376349312912,735.979736328125
856,11,282.7453791158337,1451.5358979404432,11,110,9.090909090909092,112403.4213573901,3379.9111328125
857,1,1832.0,1934.0,1,10,1.0,12364.376349312912,735.979736328125
858,3,409.3333333333333,1500.5,3,30,2.6666666666666665,32971.67026483443,979.94091796875
859,21,410.474283477861,1502.6594154619197,21,210,11.476190476190476,141895.93810401962,3310.933349609375
860,3,412.4047619047619,1500.452380952381,3,30,4.0,49457.505397251654,1344.720458984375
861,1,413.0,1502.0,1,10,1.0,12364.376349312912,836.2789306640625
862,12,414.57170889295895,1503.591022079772,12,120,31.833333333333332,393599.313786461,3242.68505859375
863,6,1534.4074074074076,1227.664814814815,7,70,5.166666666666667,63882.611138116714,1525.321044921875
864,2,1532.75,1227.75,2,20,4.0,49457.50539725165,906.6612548828124
865,1,1370.3333333333333,1273.1666666666667,1,10,6.0,74186.25809587748,735.9954833984375
866,1,1251.0,1499.0,1,10,1.0,12364.376349312912,768.70849609375
867,2,1840.25,1888.25,2,20,1.5,18546.56452396937,736.0181884765625
868,2,97.5,764.25,2,20,2.0,24728.752698625824,736.0181884765625
869,1,98.0,767.0,1,10,1.0,12364.376349312912,768.7261962890625
870,1,791.0,1056.0,1,10,1.0,12364.376349312912,768.7208251953125
871,1,793.5,1057.0,1,10,2.0,24728.752698625824,871.1080932617188
872,1,790.8,1058.4,1,10,5.0,61821.88174656456,1388.7969970703125
873,1,54.85714285714286,224.07142857142856,1,10,8.0,98915.0107945033,942.9153442382812
874,1,656.0,1094.0,1,10,1.0,12364.376349312912,735.9979858398438
875,1,230.0,1376.5,1,10,2.0,24728.752698625824,768.6942749023438
876,3,370.1111111111111,1805.6666666666667,4,40,4.0,49457.505397251654,906.6719970703124
877,1,621.0,1212.5,1,10,2.0,24728.752698625824,736.0014038085938
878,1,623.0,1211.0,1,10,1.0,12364.376349312912,735.98779296875
879,1,621.0,1215.0,1,10,1.0,12364.376349312912,735.992431640625
880,1,469.5,1823.0,1,10,4.0,49457.50539725165,836.2752685546875
881,8,74.41752711100588,224.00212272245292,8,80,31.125,384841.2138723644,1973.3614501953125
882,2,73.66666666666666,220.66666666666666,2,20,2.0,24728.752698625824,942.9468994140624
883,1,73.28571428571429,219.0,1,10,7.0,86550.63444519039,942.9141845703124
884,17,76.79626146671836,214.72861426622126,17,170,26.11764705882353,322928.4175938196,1868.798828125
885,2,77.11149425287357,209.14022988505747,2,20,36.5,451299.7367499213,1134.919677734375
886,1,1848.0,532.0,1,10,1.0,12364.376349312912,871.1240234375
887,4,1847.1,534.075,4,40,2.5,30910.940873282278,979.8946533203124
888,1,1846.5933333333328,532.98,1,10,52.0,642947.5701642715,1017.5852661132812
889,1,623.75,1219.5,1,10,4.0,49457.50539725165,735.992431640625
890,1,622.0,1218.0,1,10,1.0,12364.376349312912,735.98779296875
891,1,622.0,1219.0,1,10,1.0,12364.376349312912,735.9989013671875
892,1,1322.0,1468.0,1,10,1.0,12364.376349312912,3957.33349609375
893,3,1672.0,231.66666666666666,3,30,1.0,12364.376349312914,768.7255859375
894,4,38.62352941176471,244.85392156862744,4,40,15.0,185465.6452396937,1433.5892333984375
895,19,1404.2487783325735,395.65929456303417,19,190,15.736842105263158,194576.23833918737,1134.936767578125
896,1,1398.0,480.0,1,10,1.0,12364.376349312912,735.9918212890625
897,2,1398.5,482.5,2,20,1.0,12364.376349312912,768.71337890625
898,1,391.0,613.0,1,10,1.0,12364.376349312912,735.9918212890625
899,3,1582.5,1083.0,3,30,3.3333333333333335,41214.58783104304,836.2786865234375
900,1,513.75,1889.5,1,10,3.0,37093.12904793874,735.98779296875
901,1,387.5,619.0,1,10,2.0,24728.752698625824,735.98779296875
902,1,352.0,1209.5,1,10,6.0,74186.25809587748,1095.10595703125
903,2,996.0,1671.75,2,20,1.5,18546.56452396937,735.9977416992188
904,1,504.0,1881.0,1,10,1.0,12364.376349312912,735.98779296875
905,3,713.9166666666666,569.6666666666666,3,30,1.6666666666666667,20607.293915521517,871.090576171875
906,1,713.5,569.25,1,10,4.0,49457.50539725165,871.097412109375
907,2,359.3958333333333,1209.9916666666666,2,20,18.5,228740.96246228885,1216.708740234375
908,2,507.75,1883.5,2,20,2.0,24728.752698625824,735.9977416992188
909,1,507.0,1883.0,1,10,1.0,12364.376349312912,736.026123046875
910,1,1324.0,2014.0,1,10,1.0,12364.376349312912,802.1534423828125
911,1,1248.0,2047.0,1,10,1.0,12364.376349312912,735.9977416992188
912,3,1248.0,2046.3333333333333,3,30,1.6666666666666667,20607.293915521517,736.010498046875
913,1,82.66666666666667,225.33333333333331,1,10,3.0,37093.12904793874,768.7222900390625
914,1,1000.8333333333334,1672.3333333333333,1,10,4.0,49457.50539725165,735.9775390625
915,1,1157.0,1676.0,1,10,1.0,12364.376349312912,802.1046142578125
916,1,621.0,1207.0,1,10,1.0,12364.376349312912,736.00830078125
917,7,371.07341269841265,1212.3313492063494,8,80,5.714285714285714,70653.57913893093,1216.699951171875
918,1,508.0,1877.0,1,10,1.0,12364.376349312912,736.00830078125
919,3,1423.611111111111,1890.0555555555557,3,30,2.0,24728.752698625827,802.1480712890625
920,1,1469.6,4.4,1,10,5.0,61821.88174656456,768.6895751953125
921,1,1467.2,3.8,1,10,5.0,61821.88174656456,768.7117309570312
922,1,1469.0,3.0,1,10,1.0,12364.376349312912,735.9885864257812
923,6,1464.6724537037037,3.9997685185185183,6,60,8.333333333333334,103036.46957760758,802.122314453125
924,1,1874.6666666666667,211.0,1,10,3.0,37093.12904793874,768.6895751953125
925,2,1874.0,213.0,2,20,1.0,12364.376349312912,735.9998168945312
926,1,1875.0,211.0,1,10,1.0,12364.376349312912,735.9989013671875
927,1,1693.0,1010.0,1,10,1.0,12364.376349312912,942.9065551757812
928,1,1537.5,1234.0,1,10,2.0,24728.752698625824,802.16064453125
929,3,1152.4166666666667,1693.25,3,30,2.0,24728.75269862582,768.718505859375
930,1,732.0,2044.5,1,10,6.0,74186.25809587748,802.16064453125
931,2,1494.5285364145657,6.579656862745098,3,30,27.5,340020.34960610507,906.682861328125
932,1,566.5,9.0,1,10,2.0,24728.752698625824,735.98779296875
933,1,1658.0,226.0,1,10,1.0,12364.376349312912,735.98779296875
934,1,643.0,1241.0,1,10,1.0,12364.376349312912,735.98779296875
935,1,1571.0,1750.0,1,10,1.0,12364.376349312912,735.98779296875
936,1,1479.4625850340135,6.108843537414966,1,10,55.0,680040.6992122101,1095.122314453125
937,6,709.4166666666666,564.452380952381,6,60,8.166666666666666,100975.74018605544,1619.9163818359375
938,1,377.2232142857143,1212.5267857142858,1,10,15.0,185465.6452396937,871.128173828125
939,2,1576.5,1750.5,2,20,1.0,12364.376349312912,736.0111694335938
940,13,1579.3467596506057,1756.6963346482578,15,150,13.538461538461538,167394.63365223634,3175.1494140625
941,3,50.1984126984127,169.88888888888889,3,30,12.333333333333334,152493.97497485924,1572.27587890625
942,3,50.888888888888886,174.11111111111111,3,30,1.6666666666666667,20607.293915521517,906.666015625
943,7,50.75355596784168,172.64571737786022,7,70,8.0,98915.0107945033,1258.660400390625
944,1,51.0,171.0,1,10,1.0,12364.376349312912,768.7200927734375
945,2,793.6666666666667,1060.8333333333335,2,20,2.0,24728.752698625824,979.91650390625
946,1,1508.125,9.75,1,10,9.0,111279.3871438162,768.7117309570312
947,2,979.75,534.25,2,20,1.5,18546.56452396937,802.1180419921875
948,2,1841.75,533.0,2,20,3.0,37093.12904793874,906.6573486328124
949,6,1739.5600649350647,2031.683712121212,6,60,5.666666666666667,70064.79931277316,802.1377563476562
950,1,1738.0,2029.0,1,10,1.0,12364.376349312912,736.0030517578125
951,1,1515.0,9.666666666666668,1,10,4.0,49457.50539725165,735.9947509765625
952,3,556.5555555555555,806.2777777777778,3,30,2.6666666666666665,32971.67026483443,1095.1123046875
953,2,190.75,1064.75,2,20,4.5,55639.6935719081,1056.02197265625
954,1,655.0,1195.0,1,10,1.0,12364.376349312912,735.9947509765625
955,1,654.5,1196.0,1,10,2.0,24728.752698625824,768.7095947265625
956,1,654.0,1195.0,1,10,1.0,12364.376349312912,736.019287109375
957,1,653.0,1197.0,1,10,1.0,12364.376349312912,735.9779052734375
958,1,1471.0,11.0,1,10,1.0,12364.376349312912,768.723388671875
959,6,58.20689484126984,170.61483134920636,6,60,12.166666666666666,150433.2455833071,1868.798828125
960,1,1847.111111111111,527.4444444444445,1,10,5.0,61821.88174656456,871.1288452148438
961,1,1346.0,2012.0,1,10,1.0,12364.376349312912,768.723388671875
962,1,1524.5,35.5,1,10,2.0,24728.752698625824,736.0167236328125
963,2,1523.8645833333335,37.80208333333333,2,20,7.5,92732.82261984685,768.690673828125
964,1,1525.6666666666667,37.0,1,10,3.0,37093.12904793874,768.722412109375
965,2,1525.5,36.5,2,20,1.0,12364.376349312912,736.026123046875
966,2,1527.125,36.125,2,20,2.5,30910.940873282278,802.1472778320312
967,4,1531.9645833333334,1236.2229166666666,4,40,7.75,95823.91670717507,1973.33251953125
968,21,1530.455105476534,1236.6775931079503,21,210,11.761904761904763,145428.61706096612,2660.26123046875
969,17,1530.1615567439096,1243.5631482896188,17,170,8.176470588235293,101096.95956202911,2026.6705322265625
970,1,63.22222222222223,222.2962962962963,1,10,20.0,247287.52698625825,1973.323486328125
971,1,103.0,783.0,1,10,1.0,12364.376349312912,736.01513671875
972,1,67.75,222.25,1,10,36.0,445117.5485752648,2247.1220703125
973,4,157.21212121212122,880.280303030303,4,40,6.25,77277.3521832057,1134.9765625
974,2,1474.6666666666665,4.0,2,20,5.0,61821.88174656456,768.7261352539062
975,1,1161.0,1680.0,1,10,1.0,12364.376349312912,768.7261352539062
976,12,108.61717534235918,398.0976890756303,13,130,10.916666666666666,134977.77514666595,2912.015625
977,1,112.0,397.0,1,10,1.0,12364.376349312912,906.68408203125
978,1,107.0,400.0,1,10,1.0,12364.376349312912,735.992431640625
979,3,116.00000000000001,397.962962962963,3,30,8.0,98915.01079450331,1668.2772216796875
980,1,117.0,401.0,1,10,1.0,12364.376349312912,736.001953125
981,3,118.1111111111111,402.22222222222223,4,40,2.3333333333333335,28850.21148173013,979.94091796875
982,2,117.0,398.5,2,20,1.0,12364.376349312912,768.6875610351562
983,8,116.41666666666667,400.64583333333337,8,80,3.625,44820.864266259305,1717.3271484375
984,3,1879.3888888888887,216.16666666666666,3,30,3.3333333333333335,41214.58783104304,736.019287109375
985,1,1856.8,306.0,1,10,5.0,61821.88174656456,1095.0927734375
986,10,1862.02171511637,295.65100563971407,10,100,18.0,222558.77428763243,1433.615478515625
987,5,1023.4258441558443,1366.3867532467532,5,50,14.4,178047.01943010598,2080.69970703125
988,2,1462.75,9.0,2,20,6.5,80368.44627053392,768.7218017578125
989,1,1855.0,536.0,1,10,1.0,12364.376349312912,735.9989013671875
990,8,1857.8315514719711,535.4134130811331,9,90,26.75,330747.0673441204,1344.7403564453125
991,13,1858.5080746443737,530.7974162653335,13,130,46.53846153846154,575419.0531795623,1216.6949462890625
992,1,1876.0,208.0,1,10,1.0,12364.376349312912,735.9862060546875
993,1,99.83333333333334,394.6666666666666,1,10,10.0,123643.76349312912,1767.0914306640625
994,1,101.55555555555556,396.3333333333333,1,10,5.0,61821.88174656456,871.1163330078125
995,1,986.493474426808,565.0670194003527,1,10,64.0,791320.0863560264,1175.45458984375
996,1,1722.5,2040.0,1,10,2.0,24728.752698625824,768.6973876953125
997,1,746.0,1078.0,1,10,1.0,12364.376349312912,735.99951171875
998,1,1722.0555555555557,2032.2777777777776,1,10,12.0,148372.51619175496,802.158447265625
999,1,1400.8,442.6,1,10,5.0,61821.88174656456,871.0897827148438
1000,1,1042.5,1016.0,1,10,2.0,24728.752698625824,768.7183837890625
1001,1,748.3333333333334,1080.0,1,10,3.0,37093.12904793874,736.0158081054688
1002,2,1284.0,1309.0,3,30,4.0,49457.50539725165,736.0158081054688
1003,1,1282.3333333333333,1306.3333333333333,1,10,9.0,111279.3871438162,768.7261962890625
1004,1,1845.0,1895.0,1,10,1.0,12364.376349312912,768.7183837890625
1005,2,1728.8333333333335,2029.5833333333335,3,30,3.5,43275.31722259519,768.7183837890625
1006,3,54.06666666666666,177.20000000000002,3,30,5.0,61821.88174656456,1095.1138916015625
1007,1,2016.0,610.0,1,10,1.0,12364.376349312912,736.00390625
1008,1,1726.0,2037.75,1,10,3.0,37093.12904793874,768.718017578125
1009,2,60.25,226.0,2,20,1.5,18546.56452396937,1258.6805419921875
1010,1,59.0,227.0,1,10,1.0,12364.376349312912,836.25244140625
1011,1,984.2162162162164,574.9729729729729,1,10,38.0,469846.30127389065,942.9503784179688
1012,1,1045.0,1018.0,1,10,1.0,12364.376349312912,768.695068359375
1013,1,1355.0,1329.0,1,10,1.0,12364.376349312912,735.9779052734375
1014,1,185.0,1492.0,1,10,1.0,12364.376349312912,802.1205444335938
1015,1,1542.0,1776.5,1,10,2.0,24728.752698625824,735.9779052734375
1016,1,1556.0,13.5,1,10,2.0,24728.752698625824,735.9849243164062
1017,2,1554.5,11.25,2,20,3.0,37093.12904793874,768.7095947265625
1018,1,1853.3589743589744,532.6068376068375,1,10,17.0,210194.3979383195,1095.097412109375
1019,3,997.6560592185592,548.4578754578755,4,40,29.333333333333332,362688.37291317875,1301.344970703125
1020,3,998.1904761904763,547.9047619047619,3,30,5.666666666666667,70064.79931277318,871.142578125
1021,1,995.0,549.0,1,10,1.0,12364.376349312912,1216.711181640625
1022,5,111.62619047619046,786.454761904762,5,50,5.4,66767.63228628974,906.68408203125
1023,14,938.3163265306122,1102.8664965986395,18,180,4.357142857142857,53873.354093434835,1717.338623046875
1024,8,940.7562343358395,1103.5645050125313,8,80,11.125,137553.68688610615,3310.9677734375
1025,7,940.3857142857142,1103.9738095238097,7,70,3.0,37093.12904793873,1258.6455078125
1026,39,940.8651085013512,1104.8887722373752,41,410,25.58974358974359,316401.2204260074,16974.93359375
1027,1,1287.5,1307.0,1,10,2.0,24728.752698625824,735.9849243164062
1028,1,1288.0,1306.0,1,10,1.0,12364.376349312912,736.00146484375
1029,1,1279.0,1608.5,1,10,2.0,24728.752698625824,735.9849243164062
1030,1,1725.4,2046.6,1,10,5.0,61821.88174656456,802.1431884765625
1031,2,1454.75,187.0,2,20,1.5,18546.56452396937,768.6875
1032,2,1412.275,449.075,2,20,4.5,55639.69357190811,836.3009033203125
1033,16,1414.1391486985237,449.0914894133644,18,180,12.5,154554.7043664114,2190.898681640625
1034,1,1843.0,716.0,1,10,1.0,12364.376349312912,906.68408203125
1035,1,998.0,543.0,1,10,1.0,12364.376349312912,871.1270751953125
1036,2,1369.0,618.5,2,20,2.0,24728.752698625824,768.6895751953125
1037,5,1363.9066666666665,616.22,5,50,3.0,37093.12904793874,979.860595703125
1038,80,1363.3942637306106,616.9516265885665,87,870,16.725,206794.19444225848,1017.5576171875
1039,1,992.3333333333331,824.1666666666667,1,10,10.0,123643.76349312912,768.6895751953125
1040,2,1541.0,1087.5,2,20,1.0,12364.376349312912,768.6895751953125
1041,2,184.75,1501.4166666666665,2,20,2.5,30910.94087328228,871.121826171875
1042,1,213.0,1397.0,1,10,1.0,12364.376349312912,735.9947509765625
1043,2,1124.875,1481.375,2,20,5.5,68004.06992122102,802.150146484375
1044,1,1747.0,2030.0,1,10,1.0,12364.376349312912,735.9947509765625
1045,1,1468.0,12.0,1,10,1.0,12364.376349312912,735.9885864257812
1046,2,1331.875,1330.9583333333335,3,30,4.0,49457.50539725165,836.2680053710938
1047,1,311.0,1528.0,1,10,1.0,12364.376349312912,735.9885864257812
1048,1,1721.0,2043.0,1,10,1.0,12364.376349312912,735.9885864257812
1049,5,88.56138888888889,389.07416666666666,5,50,8.4,103860.76133422846,1572.26708984375
1050,1,650.0,1235.0,1,10,1.0,12364.376349312912,735.982177734375
1051,1,1335.0,1331.5,1,10,4.0,49457.50539725165,836.2548828125
1052,1,1901.0,1089.0,1,10,1.0,12364.376349312912,736.0072021484375
1053,2,1592.5,1096.75,2,20,2.0,24728.752698625824,768.722412109375
1054,2,456.16666666666663,1477.5833333333335,2,20,2.5,30910.94087328228,836.28173828125
1055,1,984.09375,819.71875,1,10,19.0,234923.15063694533,1055.954345703125
1056,1,1759.0,1432.0,1,10,1.0,12364.376349312912,735.992431640625
1057,1,516.0,1870.0,1,10,1.0,12364.376349312912,735.992431640625
1058,1,1390.0,2023.0,1,10,1.0,12364.376349312912,6242.13330078125
1059,12,941.1581616300365,632.0648923992675,12,120,7.333333333333333,90672.09322829469,906.6832275390624
1060,35,944.139459385974,627.2522091225559,39,390,33.65714285714286,416149.58112830314,1175.4605712890625
1061,1,939.0,635.0,1,10,1.0,12364.376349312912,736.0040283203125
1062,1,592.5,805.0,1,10,2.0,24728.752698625824,7424.0
1063,3,984.0749999999999,830.4055555555556,3,30,8.333333333333334,103036.4695776076,871.0771484375
1064,4,530.004761904762,1722.8821428571428,4,40,5.25,64912.97583389279,906.6792602539062
1065,1,983.0,532.0,1,10,1.0,12364.376349312912,768.7119140625
1066,1,984.0,531.0,1,10,1.0,12364.376349312912,735.994140625
1067,4,1536.0833333333333,1085.6666666666667,4,40,2.0,24728.752698625824,942.9568481445312
1068,1,1297.3333333333333,2040.6666666666667,1,10,3.0,37093.12904793874,768.7119140625
1069,1,1554.0,1776.0,1,10,1.0,12364.376349312912,735.9797973632812
1070,1,1415.03125,458.046875,1,10,33.0,408024.41952732607,2247.09228515625
1071,1,578.3333333333334,1380.6666666666667,1,10,3.0,37093.12904793874,1433.578369140625
1072,1,257.0,1403.0,1,10,1.0,12364.376349312912,735.999755859375
1073,1,255.0,1401.0,1,10,1.0,12364.376349312912,736.01171875
1074,1,236.0,1408.0,1,10,1.0,12364.376349312912,735.999755859375
1075,2,2041.5,1088.8333333333335,2,20,2.0,24728.752698625824,768.704345703125
1076,2,1536.607638888889,1245.4097222222222,2,20,9.5,117461.57531847266,1388.8134765625
1077,1,253.0,1397.0,1,10,1.0,12364.376349312912,735.994140625
1078,2,312.0,1522.8,2,20,3.0,37093.12904793874,768.7222900390625
1079,1,311.0,1522.5,1,10,2.0,24728.752698625824,768.7135009765625
1080,1,1402.0,433.0,1,10,1.0,12364.376349312912,736.0167236328125
1081,1,255.5,1388.5,1,10,2.0,24728.752698625824,736.0167236328125
1082,1,463.0,1447.0,1,10,1.0,12364.376349312912,906.6636962890624
1083,12,950.9168947146909,653.9909907185894,13,130,12.0,148372.51619175496,906.6798095703124
1084,4,948.4911855547635,659.9229270610597,6,60,42.5,525485.9948457987,2135.47998046875
1085,10,950.6890037392031,657.0738822611628,10,100,42.6,526722.43248073,1525.3192138671875
1086,1,2032.0,1053.5,1,10,2.0,24728.752698625824,736.0146484375
1087,4,1970.75,1648.75,4,40,3.0,37093.12904793874,942.9476318359376
1088,1,1495.6,16.6,1,10,6.0,74186.25809587746,736.0069580078125
1089,21,2017.0805429691518,602.896504325636,21,210,11.619047619047619,143662.27758249282,1216.690673828125
1090,1,2017.5,605.0,1,10,2.0,24728.752698625824,736.00048828125
1091,3,2019.888888888889,598.6111111111112,3,30,2.0,24728.752698625827,768.6932983398438
1092,6,1500.7867724867722,18.1984126984127,6,60,10.5,129825.95166778557,802.14794921875
1093,1,1368.0,1903.0,1,10,1.0,12364.376349312912,736.0146484375
1094,1,253.0,1393.0,1,10,1.0,12364.376349312912,735.9954223632812
1095,1,1293.0,618.0,1,10,1.0,12364.376349312912,735.9977416992188
1096,7,1291.290120593692,616.8476345083488,8,80,7.285714285714286,90083.31340213693,802.1610107421875
1097,2,1289.1666666666665,614.7619047619048,2,20,5.0,61821.88174656456,906.6917724609376
1098,1,1297.5,617.0,1,10,2.0,24728.752698625824,736.0191650390625
1099,4,1298.4375,619.5,5,50,2.5,30910.94087328228,768.720703125
1100,7,1300.9173015039348,618.5885274943311,8,80,16.857142857142858,208428.0584598463,836.272216796875
1101,2,1296.0,615.5,2,20,1.0,12364.376349312912,736.003173828125
1102,1,368.0,1845.0,1,10,1.0,12364.376349312912,735.9977416992188
1103,4,367.23125,1843.40625,5,50,7.75,95823.91670717507,1017.5823974609376
1104,2,1303.0,2042.5,2,20,1.0,12364.376349312912,736.0140380859375
1105,1,786.0,176.0,1,10,1.0,12364.376349312912,836.2484741210938
1106,1,944.5555555555557,657.6666666666666,1,10,9.0,111279.3871438162,906.6744384765624
1107,1,944.8571428571428,847.1428571428571,1,10,7.0,86550.63444519039,768.7322387695312
1108,2,942.8333333333335,843.7083333333334,2,20,3.5,43275.31722259519,802.1610107421875
1109,6,945.0017857142857,846.3320932539682,6,60,18.5,228740.96246228888,1258.720703125
1110,1,419.5,1499.5,1,10,2.0,24728.752698625824,768.7322387695312
1111,8,739.6354166666667,2038.5729166666665,9,90,3.0,37093.12904793874,768.7322387695312
1112,1,741.0,2038.0,1,10,1.0,12364.376349312912,768.7285766601562
1113,1,945.3214285714286,851.7857142857142,1,10,9.0,111279.38714381622,1175.4873046875
1114,1,1005.0,837.75,1,10,4.0,49457.50539725165,1095.09814453125
1115,2,1067.25,1680.75,2,20,4.0,49457.50539725165,768.7072143554688
1116,4,1067.75,1676.5,4,40,3.0,37093.12904793874,942.9298095703124
1117,1,1068.0,1672.5,1,10,2.0,24728.752698625824,768.6785888671875
1118,1,1707.0,2017.0,1,10,1.0,12364.376349312912,736.0030517578125
1119,1,1683.0,2023.0,1,10,1.0,12364.376349312912,736.0030517578125
1120,1,363.56666666666666,1842.9333333333332,1,10,16.0,197830.0215890066,1216.7027587890625
1121,10,1693.0150793650796,2025.420634920635,14,140,3.4,42038.879587663905,802.1439208984375
1122,2,1694.5,2023.5,3,30,1.0,12364.376349312912,735.9894409179688
1123,15,1697.035101010101,2024.06632996633,17,170,3.933333333333333,48633.21364063078,836.299560546875
1124,1,1691.0,2024.0,1,10,1.0,12364.376349312912,736.0014038085938
1125,3,1691.373015873016,2021.4920634920634,3,30,4.0,49457.505397251654,735.9908447265625
1126,1,1678.0,2024.0,1,10,1.0,12364.376349312912,768.7261962890625
1127,1,1895.0,1087.0,1,10,1.0,12364.376349312912,736.0274658203125
1128,1,342.0,0.0,1,10,1.0,12364.376349312912,736.0181884765625
1129,1,1710.0,2014.0,1,10,1.0,12364.376349312912,736.0181884765625
1130,1,1351.0,616.0,1,10,4.0,49457.50539725165,736.0148315429688
1131,2,1284.6666666666665,614.8333333333333,3,30,5.0,61821.88174656456,768.691162109375
1132,1,1284.0,613.0,1,10,1.0,12364.376349312912,768.7261962890625
1133,1,944.0,856.25,1,10,3.0,37093.12904793874,768.691162109375
1134,1,1763.0,1429.0,1,10,1.0,12364.376349312912,736.01171875
1135,1,346.0,0.0,1,10,1.0,12364.376349312912,736.018798828125
1136,5,1693.2466666666667,535.1533333333333,7,70,2.8,34620.253778076156,1134.91796875
1137,1,940.6607142857142,853.4285714285714,1,10,11.0,136008.13984244203,906.717041015625
1138,1,938.5,852.5,1,10,6.0,74186.25809587748,871.1248779296875
1139,1,2035.0,2002.0,1,10,1.0,12364.376349312912,736.018798828125
1140,1,1463.0,1879.0,1,10,1.0,12364.376349312912,736.001953125
1141,4,1468.05,1883.5,4,40,3.0,37093.12904793874,871.102294921875
1142,2,1464.25,1881.5416666666665,3,30,5.0,61821.881746564555,768.7255859375
1143,5,272.16999999999996,1007.28,6,60,3.4,42038.879587663905,1055.9783935546875
1144,6,1891.876984126984,1538.637566137566,6,60,5.166666666666667,63882.61113811672,979.8980712890624
1145,1,1691.5833333333337,542.9166666666667,1,10,7.0,86550.63444519039,1344.73193359375
1146,1,1413.0,1881.0,1,10,1.0,12364.376349312912,735.970703125
1147,2,1559.75,2019.25,3,30,1.5,18546.56452396937,736.00048828125
1148,1,740.0,2034.0,1,10,1.0,12364.376349312912,735.970703125
1149,3,93.41666666666667,392.5190476190476,3,30,9.0,111279.38714381622,1056.008544921875
1150,1,256.0,1396.0,1,10,1.0,12364.376349312912,768.77001953125
1151,3,1067.5,1667.0833333333333,4,40,2.0,24728.75269862582,836.19287109375
1152,1,1886.0,232.0,1,10,1.0,12364.376349312912,736.00048828125
1153,2,825.0,794.0,2,20,1.0,12364.376349312912,871.091064453125
1154,3,941.4333333333333,848.9,4,40,5.666666666666667,70064.79931277316,871.1014404296875
1155,27,1854.5577881719246,1893.5263976714498,29,290,26.37037037037037,326053.1837300294,3379.9111328125
1156,1,1855.0,1894.5,1,10,2.0,24728.752698625824,736.0014038085938
1157,4,1443.0416666666667,1288.1458333333333,5,50,2.5,30910.94087328228,1258.687744140625
1158,1,390.0,1520.0,1,10,1.0,12364.376349312912,736.01171875
1159,1,833.0,2002.0,1,10,1.0,12364.376349312912,736.01171875
1160,2,927.5,560.0,2,20,1.0,12364.376349312912,736.0191650390625
1161,2,815.5,2027.25,2,20,1.5,18546.56452396937,736.0191650390625
1162,1,1511.0,34.0,1,10,1.0,12364.376349312912,736.0191650390625
1163,1,1889.0,231.0,1,10,1.0,12364.376349312912,736.0191650390625
1164,1,955.5364583333334,625.859375,1,10,35.0,432753.1722259519,871.1014404296875
1165,5,471.4807096171802,1832.9768253968255,5,50,12.0,148372.51619175496,1433.5870361328125
1166,1,832.5,2012.0,1,10,2.0,24728.752698625824,736.0191650390625
1167,2,1510.5,25.0,2,20,2.5,30910.940873282278,736.01416015625
1168,2,268.25,992.7916666666667,2,20,3.5,43275.31722259519,768.6875610351562
1169,2,168.0,1054.125,2,20,2.5,30910.940873282278,871.1005859375
1170,1,1535.0,22.0,1,10,1.0,12364.376349312912,735.988037109375
1171,1,94.0,386.5,1,10,2.0,24728.752698625824,768.69140625
1172,1,1844.456989247312,1900.39247311828,1,10,34.0,420388.795876639,3882.666748046875
1173,1,1472.3333333333333,19.0,1,10,5.0,61821.88174656456,735.9851684570312
1174,2,95.21428571428572,382.5714285714286,2,20,6.0,74186.25809587748,1095.1181640625
1175,2,96.875,382.85416666666663,2,20,7.0,86550.63444519039,979.9134521484376
1176,2,98.625,387.0,2,20,5.0,61821.88174656456,1017.602294921875
1177,1,269.0,998.5,1,10,4.0,49457.50539725165,802.1204833984375
1178,1,468.65,1836.425,1,10,9.0,111279.3871438162,871.1240234375
1179,1,1840.0,1912.0,1,10,1.0,12364.376349312912,735.992431640625
1180,1,1569.0,2033.0,1,10,1.0,12364.376349312912,768.7261962890625
1181,1,1539.0,23.0,1,10,1.0,12364.376349312912,735.9851684570312
1182,3,917.5,566.0,4,40,1.3333333333333333,16485.835132417214,736.0179443359375
1183,4,1071.956818181818,1666.4931818181817,4,40,6.0,74186.25809587748,871.12548828125
1184,8,1076.0799825991003,1668.4578213861303,8,80,15.0,185465.6452396937,1258.646240234375
1185,2,668.25,196.75,2,20,2.5,30910.940873282278,906.6777954101562
1186,3,1505.25,15.0,3,30,4.333333333333333,53578.96418035595,768.700439453125
1187,2,1139.0,2036.5,2,20,1.0,12364.376349312912,736.0179443359375
1188,1,1139.0,2034.0,1,10,1.0,12364.376349312912,735.992431640625
1189,1,1362.0,592.875,1,10,8.0,98915.0107945033,1258.641845703125
1190,1,945.4137931034484,666.2413793103449,1,10,58.0,717133.8282601489,1175.458740234375
1191,1,231.0,1398.75,1,10,4.0,49457.50539725165,836.2926025390625
1192,1,1678.0,2014.0,1,10,1.0,12364.376349312912,736.0179443359375
1193,2,1346.0,2019.0,2,20,1.0,12364.376349312912,736.0179443359375
1194,1,1360.0,590.5,1,10,4.0,49457.50539725165,1017.6014404296876
1195,2,229.0,1395.75,2,20,1.5,18546.56452396937,735.98876953125
1196,2,1070.3333333333335,1662.5833333333335,2,20,4.0,49457.50539725165,768.700439453125
1197,1,1499.571428571429,13.142857142857142,1,10,7.0,86550.63444519039,802.1312255859375
1198,1,1428.0,1887.0,1,10,1.0,12364.376349312912,735.97216796875
1199,2,1853.5,1914.0,2,20,1.0,12364.376349312912,802.1324462890625
1200,1,1494.5,13.0,1,10,4.0,49457.50539725165,768.7285766601562
1201,1,1492.0,17.5,1,10,2.0,24728.752698625824,735.986083984375
1202,1,1276.0,1309.25,1,10,3.0,37093.12904793874,768.7166748046875
1203,3,276.6666666666667,1420.8333333333333,3,30,1.6666666666666667,20607.293915521517,836.2877197265625
1204,1,930.6666666666666,647.3333333333334,1,10,3.0,37093.12904793874,836.2842407226562
1205,1,1490.0,20.0,1,10,1.0,12364.376349312912,735.9779052734375
1206,17,1102.6041452226825,1695.4757917521074,19,190,8.294117647058824,102551.59207371298,1525.298095703125
1207,4,1106.0071428571428,1689.2464285714286,4,40,3.75,46366.411309923424,836.2614135742188
1208,1,1860.305555555556,1899.1944444444443,1,10,20.0,247287.52698625825,979.9176025390624
1209,17,1868.3419320971225,1898.1940369559316,21,210,11.294117647058824,139644.7211216517,1433.592529296875
1210,1,2038.25,1995.25,1,10,4.0,49457.50539725165,768.695068359375
1211,1,1684.0,2015.0,1,10,2.0,24728.752698625824,735.9779052734375
1212,2,1685.791666666667,2016.833333333333,2,20,3.5,43275.31722259519,736.0191650390625
1213,5,1098.9119047619047,2016.9595238095237,5,50,6.8,84077.75917532781,871.1102905273438
1214,1,1712.0,2023.0,1,10,1.0,12364.376349312912,735.9779052734375
1215,1,1712.0,2024.0,1,10,1.0,12364.376349312912,768.7147827148438
1216,1,1073.5,1547.0,1,10,2.0,24728.752698625824,768.6952514648438
1217,2,1114.5,1630.0,2,20,1.0,12364.376349312912,736.0014038085938
1218,4,1117.875,1631.6875,4,40,2.75,34002.03496061051,768.777099609375
1219,1,625.5,503.0,1,10,2.0,24728.752698625824,906.6893920898438
1220,1,627.5,502.5,1,10,2.0,24728.752698625824,735.9847412109375
1221,7,1110.4285714285713,1453.7857142857142,9,90,1.8571428571428572,22962.413220152554,768.7147827148438
1222,1,1111.0,1451.0,1,10,2.0,24728.752698625824,735.9973754882812
1223,1,1109.0,1457.0,1,10,1.0,12364.376349312912,736.0014038085938
1224,7,1112.3337251567293,1450.5077155862343,7,70,12.857142857142858,158970.55306259455,802.1495361328125
1225,1,1077.0,1547.0,1,10,3.0,37093.12904793874,802.1566162109375
1226,1,1434.0,1889.0,1,10,1.0,12364.376349312912,736.0014038085938
1227,1,949.0,545.0,1,10,1.0,12364.376349312912,736.0183715820312
1228,3,1082.4430555555555,1671.4842592592593,3,30,9.666666666666666,119522.30471002481,802.1572265625
1229,2,1082.8625000000002,1672.1083333333333,2,20,15.0,185465.6452396937,836.245361328125
1230,1,1086.0,1672.0,1,10,1.0,12364.376349312912,735.958740234375
1231,1,1388.0,2006.0,1,10,1.0,12364.376349312912,1344.6993408203125
1232,1,1697.0,548.0,1,10,1.0,12364.376349312912,768.7176513671875
1233,4,844.4583333333334,1120.0416666666667,4,40,2.25,27819.84678595405,1095.139404296875
1234,5,272.2270105820106,1410.9677248677249,5,50,18.2,225031.64955749494,906.6461791992188
1235,1,408.5,1543.0,1,10,2.0,24728.752698625824,836.2587890625
1236,1,1447.0,731.0,1,10,1.0,12364.376349312912,768.6875
1237,2,1448.0,729.25,2,20,1.5,18546.56452396937,836.2421875
1238,4,1447.25,727.375,4,40,1.75,21637.658611297593,1134.917724609375
1239,1,1848.0,1835.0,1,10,1.0,12364.376349312912,735.9847412109375
1240,1,1709.0,2025.0,1,10,1.0,12364.376349312912,735.9847412109375
1241,1,1092.7625,1680.691346153846,1,10,35.0,432753.1722259519,906.6461791992188
1242,5,1852.6284597897131,1796.937872975277,5,50,12.6,155791.14200134267,1388.823486328125
1243,4,1282.625,534.625,4,40,1.5,18546.56452396937,871.111083984375
1244,1,1080.25,1665.0,1,10,4.0,49457.50539725165,768.70947265625
1245,1,1849.0,1826.0,1,10,1.0,12364.376349312912,736.0040283203125
1246,3,1980.7777777777776,1655.888888888889,3,30,1.6666666666666667,20607.293915521517,942.9334106445312
1247,1,1547.5,26.0,1,10,2.0,24728.752698625824,735.9849243164062
1248,1,1144.0,1411.0,1,10,1.0,12364.376349312912,735.9849243164062
1249,1,1143.0,1410.5,1,10,2.0,24728.752698625824,736.07421875
1250,1,1144.0,1411.0,1,10,1.0,12364.376349312912,768.7166748046875
1251,1,1091.6686274509805,1665.0209150326798,1,10,28.0,346202.5377807615,836.2645263671875
1252,2,1095.8670419254659,1660.880137163561,2,20,38.5,476028.48944854713,906.6823120117188
1253,1,1096.25,1662.0,1,10,3.0,37093.12904793874,768.76318359375
1254,1,251.0,1383.0,1,10,1.0,12364.376349312912,735.9852294921875
1255,1,579.0,791.0,1,10,1.0,12364.376349312912,1388.8486328125
1256,2,266.0,1399.0,3,30,1.0,12364.376349312912,768.64404296875
1257,1,1090.4666666666667,1658.0392156862745,1,10,28.0,346202.53778076154,836.25390625
1258,1,1091.0,1658.0,1,10,1.0,12364.376349312912,736.012451171875
1259,1,1856.7857142857144,1903.7142857142856,1,10,8.0,98915.0107945033,906.7177734375
1260,1,1098.6056149732622,1668.4201203208554,1,10,35.0,432753.1722259519,1134.951171875
1261,1,95.5,771.0,1,10,2.0,24728.752698625824,768.609375
1262,2,373.0,958.75,2,20,2.0,24728.752698625824,942.82373046875
1263,5,371.3,960.3,5,50,1.2,14837.251619175493,836.2877197265625
1264,1,1093.4,1653.3,1,10,10.0,123643.76349312912,836.37255859375
1265,2,269.75,1397.5,2,20,1.5,18546.56452396937,768.76318359375
1266,1,1097.6,1656.4,1,10,5.0,61821.88174656456,836.36572265625
1267,3,1866.0555555555557,304.5,3,30,4.0,49457.505397251654,836.299560546875
1268,1,1300.0666666666666,614.0555555555555,1,10,14.0,173101.26889038074,768.76318359375
1269,1,1306.6039473684211,614.8635964912281,1,10,31.0,383295.6668287003,942.956787109375
1270,1,1307.5,613.5,1,10,2.0,24728.752698625824,735.958740234375
1271,1,1101.0,1657.5,1,10,2.0,24728.752698625824,735.9951171875
1272,2,1453.25,1891.25,3,30,2.0,24728.752698625824,735.9951171875
1273,8,1898.8268083655291,220.79302520726776,9,90,15.75,194738.92750167835,1668.2552490234375
1274,14,1903.9647269423435,219.51532350409886,14,140,34.857142857142854,430986.8327474786,3108.271484375
1275,9,1336.8306717322946,628.7295341124957,10,100,16.11111111111111,199203.84118337472,871.115478515625
1276,1,225.0,1392.0,1,10,1.0,12364.376349312912,736.0189208984375
1277,1,1141.0,1416.0,1,10,1.0,12364.376349312912,736.0189208984375
1278,2,1104.6,1450.4333333333332,2,20,7.0,86550.63444519037,802.1304931640625
1279,3,1397.0,472.0,3,30,2.3333333333333335,28850.21148173013,942.9244384765624
1280,1,1132.4,1415.1,1,10,8.0,98915.0107945033,768.7255859375
1281,3,1124.0,1412.6666666666667,3,30,1.0,12364.376349312914,735.9973754882812
1282,1,1123.0,1414.0,1,10,1.0,12364.376349312912,736.0014038085938
1283,1,1104.25,1445.25,1,10,4.0,49457.50539725165,768.7322387695312
1284,1,1459.5,1874.5,1,10,2.0,24728.752698625824,768.7322387695312
1285,1,729.0,525.0,1,10,1.0,12364.376349312912,1817.612060546875
1286,1,1894.5454545454545,222.27272727272728,1,10,11.0,136008.13984244203,1095.1455078125
1287,1,1329.7971014492753,627.6666666666666,1,10,25.0,309109.40873282275,836.2294921875
1288,1,1331.0,625.0,1,10,1.0,12364.376349312912,735.992431640625
1289,1,1117.75,1457.5,1,10,6.0,74186.25809587748,735.958740234375
1290,3,1118.6666666666667,1456.0,5,50,1.0,12364.376349312914,768.74169921875
1291,5,1447.9,1889.3357142857144,6,60,3.6,44511.75485752648,736.00439453125
1292,1,952.55,632.4,1,10,9.0,111279.3871438162,802.1536865234375
1293,4,953.9123093681917,631.3860566448802,4,40,18.5,228740.96246228885,942.95556640625
1294,1,1125.5,1458.5,1,10,2.0,24728.752698625824,735.9797973632812
1295,1,1097.7142857142858,1665.142857142857,1,10,7.0,86550.63444519039,802.1536865234375
1296,1,1121.0,1459.75,1,10,3.0,37093.12904793874,736.00146484375
1297,7,1118.0857993197278,1626.7687074829935,8,80,6.428571428571429,79485.27653129729,836.2467041015625
1298,1,1092.5416666666667,1673.375,1,10,24.0,296745.0323835099,942.95068359375
1299,1,1830.5,1887.0,1,10,2.0,24728.752698625824,768.7285766601562
1300,1,2040.0,684.0,1,10,1.0,12364.376349312912,736.0014038085938
1301,1,1093.5,1668.6,1,10,10.0,123643.76349312912,802.1566162109375
1302,1,1122.25,1457.0,1,10,3.0,37093.12904793874,736.0014038085938
1303,1,1090.857142857143,1670.571428571429,1,10,7.0,86550.63444519039,802.1566162109375
1304,3,1147.111111111111,1421.111111111111,4,40,3.0,37093.12904793874,768.70947265625
1305,1,1146.0,1421.0,1,10,1.0,12364.376349312912,768.7110595703125
1306,1,1119.9666666666667,1618.4,1,10,12.0,148372.51619175496,768.7431640625
1307,1,1127.0,1642.0,1,10,1.0,12364.376349312912,768.7431640625
1308,1,1125.0,1640.0,1,10,1.0,12364.376349312912,736.0014038085938
1309,1,476.5,1829.0,1,10,2.0,24728.752698625824,736.0152587890625
1310,1,1380.5,1894.5,1,10,2.0,24728.752698625824,736.0152587890625
1311,1,1379.5,1895.5,1,10,2.0,24728.752698625824,736.003173828125
1312,3,1877.9761904761906,1899.5531746031745,3,30,8.333333333333334,103036.4695776076,836.2867431640625
1313,1,1344.0,629.0,1,10,1.0,12364.376349312912,736.0040283203125
1314,3,1409.5921052631581,1872.483040935672,3,30,14.0,173101.26889038077,979.8883056640624
1315,1,1398.0,1892.0,1,10,1.0,12364.376349312912,736.0040283203125
1316,1,1905.5,265.5,1,10,2.0,24728.752698625824,735.9977416992188
1317,1,1314.0,613.0,1,10,1.0,12364.376349312912,735.9977416992188
1318,2,786.75,1350.5,3,30,2.0,24728.752698625824,736.0014038085938
1319,1,1151.25,1417.5,1,10,3.0,37093.12904793874,768.729248046875
1320,1,1442.0,1888.0,1,10,1.0,12364.376349312912,735.9977416992188
1321,1,1906.5,261.5,1,10,8.0,98915.0107945033,836.2877807617188
1322,1,551.0,1237.0,1,10,1.0,12364.376349312912,736.003173828125
1323,1,228.0,1380.0,1,10,1.0,12364.376349312912,736.003173828125
1324,2,1873.9857142857145,1895.672619047619,2,20,24.5,302927.22055816633,1134.92431640625
1325,1,1873.0,1896.0,1,10,1.0,12364.376349312912,735.9885864257812
1326,1,1567.0,2014.0,1,10,1.0,12364.376349312912,736.003173828125
1327,2,1389.25,616.0,2,20,1.5,18546.56452396937,802.1566162109375
1328,3,1154.1666666666667,1414.6666666666667,4,40,2.3333333333333335,28850.21148173013,736.0014038085938
1329,1,1492.5,1726.0,1,10,2.0,24728.752698625824,768.7261962890625
1330,4,1866.6190079365078,1890.8073412698413,4,40,25.0,309109.40873282286,871.14306640625
1331,1,1731.0,1944.0,1,10,1.0,12364.376349312912,979.9292602539062
1332,7,99.19642857142857,772.3424603174604,8,80,6.571428571428571,81251.61600977056,942.9488525390624
1333,8,813.2950622294372,1165.2733495670996,8,80,7.875,97369.46375083918,2303.99560546875
1334,3,1325.2916666666667,1341.3392857142856,3,30,8.0,98915.01079450328,802.1431884765625
1335,1,573.0,1367.0,1,10,1.0,12364.376349312912,5162.6669921875
1336,1,625.0,1511.5,1,10,2.0,24728.752698625824,768.71484375
1337,1,1071.0,1682.0,1,10,1.0,12364.376349312912,735.988037109375
1338,1,1384.0,1891.0,1,10,1.0,12364.376349312912,735.9849243164062
1339,1,1327.0,624.0,1,10,1.0,12364.376349312912,735.9885864257812
1340,2,588.75,652.9166666666667,2,20,6.5,80368.44627053392,871.10546875
1341,3,2037.0,680.5,3,30,3.3333333333333335,41214.58783104304,1388.810546875
1342,3,476.0555555555556,1591.2222222222224,3,30,6.0,74186.25809587748,942.9334106445312
1343,3,585.0833333333334,8.833333333333334,3,30,2.0,24728.752698625827,768.7279663085938
1344,1,408.0,810.0,1,10,1.0,12364.376349312912,906.6826171875
1345,1,970.0,851.0,1,10,1.0,12364.376349312912,768.6952514648438
1346,1,927.0,1094.0,1,10,1.0,12364.376349312912,735.9908447265625
1347,2,0.0,1314.5,2,20,2.0,24728.752698625824,836.2645263671875
1348,1,1105.0,1623.0,1,10,1.0,12364.376349312912,735.9908447265625
1349,1,1279.0,600.0,1,10,1.0,12364.376349312912,735.9849243164062
1350,1,1378.1666666666663,618.9761904761905,1,10,22.0,272016.27968488407,942.9334106445312
1351,1,105.0,766.25,1,10,11.0,136008.13984244203,802.1431884765625
1352,1,289.0,1407.0,1,10,1.0,12364.376349312912,735.9849243164062
1353,1,1242.0,2031.0,1,10,1.0,12364.376349312912,735.9849243164062
