event_id,num_detections,x_centroid,y_centroid,lifetime_frames,lifetime_seconds,mean_area_px,mean_area_km2,peak_intensity
0,1,1648.0,207.0,1,10,3.0,37093.12904793874,583.12158203125
1,2,2003.75,423.25,2,20,2.0,24728.752698625824,642.14599609375
2,7,767.3194554905295,545.0700413498732,21,210,21.142857142857142,261418.24281404444,1258.765625
3,1,1396.0,826.0,1,10,1.0,12364.376349312912,583.12158203125
4,1,446.25,834.5,1,10,4.0,49457.50539725165,642.14599609375
5,6,1042.1228224271701,981.7088823012735,6,60,10.833333333333334,133947.41045088987,1388.79931640625
6,1,1953.0,1092.0,1,10,1.0,12364.376349312912,583.12158203125
7,49,918.088314415515,1117.159082425203,83,830,10.489795918367347,129699.78456218033,6820.17578125
8,1,919.0,1118.5,1,10,2.0,24728.752698625824,672.68798828125
9,8,976.2361111111111,1148.7540306915307,10,100,6.875,85005.08740152628,1135.0029296875
10,12,1655.2319394829458,1204.628825205296,17,170,8.416666666666666,104066.83427338368,1095.06689453125
11,2,1476.6734623015873,1358.2826140873017,3,30,58.0,717133.8282601489,735.94970703125
12,1,889.6,1384.2,1,10,7.0,86550.63444519037,672.75146484375
13,1,81.0,1446.0,1,10,2.0,24728.752698625824,583.12158203125
14,1,338.0,1569.0,1,10,1.0,12364.376349312912,583.12158203125
15,1,1244.892857142857,1611.2857142857142,1,10,12.0,148372.51619175496,642.14599609375
16,4,1748.6309523809525,1770.845238095238,4,40,4.5,55639.69357190811,703.953125
17,1,1116.0,270.0,1,10,1.0,12364.376349312912,583.09619140625
18,8,1166.0,808.0,38,380,1.0,12364.376349312912,583.14306640625
19,1,1166.0,808.0,1,10,1.0,12364.376349312912,612.25244140625
20,1,1166.0,808.0,1,10,1.0,12364.376349312912,612.2779541015625
21,1,1166.0,808.0,1,10,1.0,12364.376349312912,612.2808837890625
22,14,446.02165563205443,823.9655673219444,20,200,43.0,531668.1830204553,736.0205078125
23,29,446.6700100508129,823.5433497118402,39,390,40.03448275862069,495001.4117776652,979.885986328125
24,1,1700.5,1155.5,1,10,2.0,24728.752698625824,583.09619140625
25,1,1484.8738095238095,1362.0119047619046,1,10,51.0,630583.1938149584,672.6328125
26,1,142.0,1533.0,1,10,1.0,12364.376349312912,583.09619140625
27,1,1238.1353846153845,1618.4246153846154,1,10,21.0,259651.9033355712,642.13134765625
28,1,2044.0,956.0,1,10,2.0,24728.752698625824,583.18896484375
29,2,1724.0,1114.0,7,70,1.0,12364.376349312912,583.18896484375
30,1,676.0,1391.75,1,10,3.0,37093.12904793874,583.18896484375
31,1,140.0,1535.3333333333333,1,10,3.0,37093.12904793874,642.04833984375
32,1,384.0,1842.0,1,10,1.0,12364.376349312912,583.18896484375
33,1,11.625,1968.5,1,10,14.0,173101.26889038077,612.3173828125
34,2,394.68972222222226,2028.935277777778,4,40,34.0,420388.79587663896,612.3173828125
35,1,1108.0,267.0,1,10,1.0,12364.376349312912,583.167724609375
36,2,444.7691197691198,829.7204184704185,15,150,19.5,241105.33881160177,672.697509765625
37,1,678.0,1213.0,1,10,1.0,12364.376349312912,583.167724609375
38,1,1482.3420454545455,1361.5488636363636,1,10,51.0,630583.1938149584,672.706298828125
39,2,140.0,1540.0,2,20,7.0,86550.63444519039,736.029296875
40,1,307.39747807017545,1931.202850877193,1,10,39.0,482210.6776232036,612.21044921875
41,1,1097.0,251.0,1,10,1.0,12364.376349312912,583.14453125
42,1,1121.0,272.0,1,10,1.0,12364.376349312912,583.14453125
43,7,761.2536889552568,538.926110281511,19,190,26.428571428571427,326772.80351755547,3242.619140625
44,1,816.0,765.5,1,10,2.0,24728.752698625824,703.951904296875
45,1,438.0,825.5,1,10,4.0,49457.50539725165,612.246826171875
46,10,1051.0948574086733,1044.0107587149691,16,160,13.1,161973.33017599914,979.878173828125
47,1,1490.3061224489795,1368.0,1,10,49.0,605854.4411163327,736.029296875
48,1,335.5,2018.0,1,10,2.0,24728.752698625824,583.14453125
49,4,144.40057697720238,1069.1808330987897,4,40,17.0,210194.3979383195,942.94482421875
50,1,1717.0,1110.5,1,10,2.0,24728.752698625824,612.2666015625
51,1,1488.3111111111111,1360.548148148148,1,10,47.0,581125.6884177069,802.1474609375
52,1,137.875,1542.25,1,10,8.0,98915.0107945033,768.6640625
53,6,174.16666666666666,1575.5833333333333,6,60,2.1666666666666665,26789.482090177975,672.6796875
54,1,175.0,1573.0,1,10,1.0,12364.376349312912,612.23193359375
55,1,1333.1448412698412,1833.998015873016,1,10,20.0,247287.52698625825,612.2666015625
56,1,1137.0,1883.0,1,10,1.0,12364.376349312912,583.162841796875
57,1,335.7996753246753,1965.9764285714289,1,10,64.0,791320.0863560264,642.07666015625
58,1,1103.0,263.0,1,10,1.0,12364.376349312912,583.177734375
59,3,757.5900584795322,536.0429824561403,7,70,15.666666666666666,193708.5628059023,1017.66796875
60,1,952.0,760.0,1,10,1.0,12364.376349312912,583.177734375
61,1,1718.0,1116.0,1,10,4.0,49457.50539725165,612.2451171875
62,1,1490.4328358208954,1364.0597014925372,1,10,67.0,828413.2154039651,802.1728515625
63,1,662.2666666666667,1425.1666666666663,1,10,10.0,123643.76349312912,612.2451171875
64,1,156.0,1519.0,1,10,3.0,37093.12904793874,612.2451171875
65,1,1243.3544973544974,1613.1534391534394,1,10,27.0,333838.1614314486,642.07373046875
66,8,1718.3204727564103,1870.1908653846153,24,240,6.625,81913.99331419804,768.6923828125
67,1,1719.0,1867.0,1,10,1.0,12364.376349312912,612.27685546875
68,1,1910.0,1015.0,1,10,1.0,12364.376349312912,583.173583984375
69,2,1487.212890625,1357.800078125,3,30,63.0,778955.7100067134,768.68994140625
70,1,679.6,1396.45,1,10,8.0,98915.01079450328,612.302001953125
71,2,654.6,1427.9,20,200,4.0,49457.50539725164,583.173583984375
72,1,133.0,1545.25,1,10,4.0,49457.50539725165,642.13720703125
73,52,1046.0,1729.0,207,2070,1.0,12364.376349312914,672.7030029296875
74,3,1046.0,1729.0,7,70,1.0,12364.376349312914,612.2589721679688
75,7,1046.0,1729.0,37,370,1.0,12364.37634931291,642.21337890625
76,1,351.4387254901961,1979.497549019608,1,10,55.0,680040.6992122101,612.302001953125
77,3,751.1445736434108,534.3291427929447,3,30,51.333333333333336,634704.6525980629,5599.9892578125
78,1,443.9375,826.3854166666667,1,10,56.0,692405.0755615231,612.2880859375
79,1,443.7708333333333,826.625,1,10,51.0,630583.1938149587,736.0
80,4,1654.7758838383838,1193.6073232323233,4,40,9.75,120552.6694058009,802.156494140625
81,1,1991.0,1533.0,1,10,1.0,12364.376349312912,583.14892578125
82,1,140.0,1542.5,1,10,2.0,24728.752698625824,612.2880859375
83,2,858.5,1707.5,2,20,1.0,12364.376349312912,583.14892578125
84,1,29.15079365079365,1974.6031746031745,1,10,52.0,642947.5701642714,612.2880859375
85,1,1005.625,2042.5,1,10,13.0,160736.89254106785,612.2880859375
86,1,725.0,1504.0,1,10,3.0,37093.12904793874,612.30615234375
87,1,106.5,1544.0,1,10,2.0,24728.752698625824,612.30615234375
88,5,870.9869565217392,1736.1333333333337,5,50,8.8,108806.51187395363,736.00390625
89,2,873.875,1732.75,2,20,2.5,30910.94087328228,642.173828125
90,7,873.864936806592,1731.2399805977143,32,320,30.857142857142858,381529.327350227,942.9154663085938
91,2,870.75,1736.125,5,50,2.0,24728.752698625824,642.1521606445312
92,1,1141.0,1886.0,1,10,1.0,12364.376349312912,583.09033203125
93,1,334.2395833333333,1960.5020833333333,1,10,63.0,778955.7100067135,642.10986328125
94,1,18.57692307692308,1969.3076923076924,1,10,19.0,234923.15063694536,612.30615234375
95,1,395.34259259259255,2023.9351851851848,1,10,22.0,272016.27968488407,612.30615234375
96,1,1920.0,1011.0,1,10,1.0,12364.376349312912,583.1026611328125
97,3,953.6666666666666,1018.0,3,30,1.0,12364.376349312914,583.1341552734375
98,1,1720.0,1108.0,1,10,1.0,12364.376349312912,583.1026611328125
99,3,1718.0,1145.0,24,240,1.0,12364.376349312914,612.2373046875
100,1,1489.2142857142858,1355.8333333333333,1,10,24.0,296745.0323835099,642.1317138671875
101,1,1842.5,683.0,1,10,2.0,24728.752698625824,583.1341552734375
102,1,1490.318181818182,1358.9545454545455,1,10,12.0,148372.51619175496,612.2813720703125
103,1,377.0,1842.0,1,10,1.0,12364.376349312912,583.1341552734375
104,1,1074.0,220.0,1,10,1.0,12364.376349312912,583.1151123046875
105,7,1145.6659663865546,530.0252100840336,10,100,5.0,61821.88174656457,768.7255859375
106,1,817.0,759.5,1,10,6.0,74186.25809587748,736.019287109375
107,5,1604.7266666666667,1081.22,5,50,3.4,42038.879587663905,672.7412109375
108,2,1455.5,1348.0,2,20,1.0,12364.376349312912,583.1182861328125
109,1,1313.0,1458.0,1,10,1.0,12364.376349312912,1175.4547119140625
110,1,1016.0,201.5,1,10,2.0,24728.752698625824,583.1182861328125
111,1,693.0,273.0,1,10,1.0,12364.376349312912,612.29638671875
112,1,1896.0,530.0,1,10,1.0,12364.376349312912,583.1182861328125
113,1,1837.0,694.0,1,10,2.0,24728.752698625824,583.1182861328125
114,1,817.25,761.7272727272727,1,10,15.0,185465.6452396937,1017.5960693359376
115,1,956.0,767.0,1,10,1.0,12364.376349312912,583.1182861328125
116,1,1724.0,1169.0,1,10,1.0,12364.376349312912,583.1182861328125
117,2,375.0,1835.5,3,30,1.0,12364.376349312912,583.1182861328125
118,3,818.5195221445223,757.3875291375292,3,30,10.666666666666666,131886.68105933772,1017.615234375
119,1,1043.6666666666667,977.6666666666666,1,10,3.0,37093.12904793874,642.0955810546875
120,1,87.0,1442.0,1,10,1.0,12364.376349312912,583.1480712890625
121,1,219.0,1540.5,1,10,2.0,24728.752698625824,704.0023193359375
122,27,1990.2555027277251,1688.3590139284584,43,430,7.037037037037037,87008.57430997977,1619.9298095703125
123,1,367.5,1702.5,1,10,8.0,98915.0107945033,768.70849609375
124,1,240.44761904761904,1897.0428571428567,1,10,34.0,420388.795876639,612.261962890625
125,1,1067.1285714285714,1981.6714285714288,1,10,13.0,160736.89254106788,642.0955810546875
126,1,1006.0,182.0,1,10,1.0,12364.376349312912,583.078369140625
127,1,1008.0,184.0,1,10,1.0,12364.376349312912,612.32666015625
128,1,1007.0,183.0,1,10,1.0,12364.376349312912,612.283447265625
129,1,1886.0,515.0,1,10,1.0,12364.376349312912,583.078369140625
130,2,178.46666666666664,1078.9,2,20,7.0,86550.63444519039,768.7255859375
131,1,1250.059523809524,1611.565476190476,1,10,16.0,197830.0215890066,612.231689453125
132,2,364.83928571428567,1704.2380952380952,2,20,13.0,160736.89254106785,802.0994873046875
133,1,969.0,1820.0,1,10,1.0,12364.376349312912,583.078369140625
134,1,1121.0,1963.0,1,10,1.0,12364.376349312912,583.078369140625
135,1,1066.2,1052.4,1,10,6.0,74186.25809587746,942.96484375
136,1,1476.0666666666666,1352.3333333333333,1,10,15.0,185465.64523969367,672.708984375
137,1,109.0,1435.75,1,10,4.0,49457.50539725165,612.280029296875
138,1,143.0,1520.0,1,10,3.0,37093.12904793874,672.708984375
139,7,1724.214427437642,1868.0268565759638,7,70,9.571428571428571,118344.7450577093,836.2607421875
140,2,21.843672360248448,1959.13832698099,6,60,64.0,791320.0863560265,642.14208984375
141,3,1468.462198067633,1351.935507246377,3,30,21.333333333333332,263773.36211867543,768.72412109375
142,1,106.0,1436.0,1,10,1.0,12364.376349312912,612.2978515625
143,1,107.0,1434.5,1,10,2.0,24728.752698625824,612.2452392578125
144,1,149.5,1520.0,1,10,2.0,24728.752698625824,612.2978515625
145,1,1159.8157894736842,1941.8947368421052,1,10,20.0,247287.52698625825,704.040771484375
146,1,1006.0,1.0,1,10,1.0,12364.376349312912,642.142822265625
147,1,1050.5,164.0,1,10,2.0,24728.752698625824,612.264404296875
148,3,1049.7777777777776,162.7777777777778,12,120,1.6666666666666667,20607.293915521517,612.28662109375
149,2,1049.0,163.16666666666669,12,120,2.0,24728.752698625824,612.2819213867188
150,1,1047.5,161.75,1,10,4.0,49457.50539725165,612.240234375
151,1,1538.0,830.5,1,10,2.0,24728.752698625824,642.142822265625
152,3,1862.4166666666667,1212.375,3,30,3.3333333333333335,41214.58783104304,642.1689453125
153,11,1234.4009992532722,1610.9185606060607,39,390,9.909090909090908,122519.72927955523,642.135009765625
154,1,1032.0,142.5,1,10,2.0,24728.752698625824,612.20361328125
155,1,2029.0,426.0,1,10,1.0,12364.376349312912,612.20361328125
156,1,203.0,727.7142857142857,1,10,7.0,86550.63444519039,672.7431640625
157,1,1537.0,832.75,1,10,4.0,49457.50539725165,672.7431640625
158,1,174.0,1500.5,1,10,2.0,24728.752698625824,612.20361328125
159,1,1162.3174603174605,1933.5873015873012,1,10,18.0,222558.77428763243,642.1689453125
160,1,1163.0,1933.0,1,10,1.0,12364.376349312912,612.242919921875
161,1,154.0,2047.0,1,10,1.0,12364.376349312912,642.1689453125
162,1,1007.0,6.0,1,10,1.0,12364.376349312912,612.22265625
163,1,1040.5,153.0,1,10,2.0,24728.752698625824,612.22265625
164,1,202.0833333333333,725.1666666666667,1,10,5.0,61821.88174656456,642.08544921875
165,1,1460.0,1353.0,1,10,2.0,24728.752698625824,612.22265625
166,2,175.0365418894831,1502.6189839572194,2,20,15.5,191647.83341435014,736.037841796875
167,1,1070.0,1978.5,1,10,2.0,24728.752698625824,642.08544921875
168,1,1062.0,214.0,1,10,1.0,12364.376349312912,583.143798828125
169,1,1875.0,452.0,1,10,1.0,12364.376349312912,583.143798828125
170,2,1456.25,1341.125,4,40,2.5,30910.94087328228,612.280029296875
171,1,1226.0,1341.0,1,10,1.0,12364.376349312912,583.143798828125
172,2,1228.7916666666665,1613.1041666666665,13,130,4.0,49457.50539725165,612.3125
173,1,1268.5,1624.75,1,10,3.0,37093.12904793874,583.143798828125
174,1,1760.0,1772.0,1,10,1.0,12364.376349312912,583.143798828125
175,1,1358.0,1791.0,1,10,1.0,12364.376349312912,612.3125
176,1,1120.5,1982.0,1,10,2.0,24728.752698625824,583.143798828125
177,1,1830.3333333333333,408.3333333333333,1,10,3.0,37093.12904793874,612.234619140625
178,2,1831.125,409.5,5,50,2.0,24728.752698625824,612.2811279296875
179,1,1372.0,423.0,1,10,1.0,12364.376349312912,704.003662109375
180,1,1873.0,513.0,1,10,1.0,12364.376349312912,583.1181640625
181,2,1455.4625,1330.075,2,20,6.5,80368.44627053392,672.720703125
182,1,1358.0,1450.0,1,10,1.0,12364.376349312912,1388.76171875
183,1,176.625,1500.375,1,10,5.0,61821.88174656456,612.234619140625
184,1,160.5,1534.0,1,10,4.0,49457.50539725165,735.97998046875
185,1,351.0,1725.0,1,10,1.0,12364.376349312912,583.1181640625
186,2,1755.5625,1773.875,2,20,3.0,37093.12904793874,583.121826171875
187,1,1277.0,1843.0,1,10,2.0,24728.752698625824,583.1181640625
188,3,26.73238536155203,1961.178047839506,5,50,46.0,568761.3120683939,672.74951171875
189,1,1132.0,1975.0,1,10,1.0,12364.376349312912,583.1181640625
190,1,1874.0,456.0,1,10,1.0,12364.376349312912,583.121826171875
191,1,1145.7142857142858,510.9285714285714,1,10,8.0,98915.0107945033,704.0262451171875
192,1,1569.0,1097.0,1,10,1.0,12364.376349312912,583.121826171875
193,1,1778.5551767676768,1145.871675084175,1,10,52.0,642947.5701642715,612.294189453125
194,1,1170.0,1342.0,1,10,1.0,12364.376349312912,583.121826171875
195,2,102.44617224880383,1412.561004784689,3,30,17.0,210194.3979383195,704.0262451171875
196,3,160.42896825396824,1524.3243386243385,5,50,32.333333333333336,399781.50196111744,871.1343994140625
197,3,345.0396825396826,1718.2777777777776,8,80,4.666666666666667,57700.42296346026,802.0888671875
198,1,370.0,1835.0,1,10,1.0,12364.376349312912,583.121826171875
199,1,30.543269230769223,1962.2266025641024,1,10,68.0,840777.591753278,642.127685546875
200,1,1011.0,2041.75,1,10,7.0,86550.63444519039,612.294189453125
201,1,1088.0,218.0,1,10,1.0,12364.376349312912,583.122802734375
202,1,1874.0,447.0,1,10,1.0,12364.376349312912,583.122802734375
203,1,1146.1,503.9,1,10,10.0,123643.76349312912,672.708984375
204,1,1147.0,504.75,1,10,3.0,37093.12904793874,672.7626953125
205,1,680.0,1209.0,1,10,1.0,12364.376349312912,583.122802734375
206,1,84.125,1418.675,1,10,21.0,259651.90333557117,735.95654296875
207,1,651.75,1424.5,1,10,3.0,37093.12904793874,583.122802734375
208,59,166.63725545485033,1522.507146692403,104,1040,19.23728813559322,237857.07044864667,1433.601318359375
209,1,1229.1145833333333,1619.0416666666667,1,10,14.0,173101.26889038077,612.280029296875
210,1,1229.5,1617.5,1,10,2.0,24728.752698625824,612.28369140625
211,3,741.8717948717949,1648.251282051282,5,50,6.333333333333333,78307.71687898178,1095.1275634765625
212,4,347.73908730158735,1720.8963293650793,5,50,18.25,225649.86837496064,1258.698486328125
213,1,1750.0,1776.0,1,10,1.0,12364.376349312912,612.280029296875
214,1,1288.0,67.0,1,10,1.0,12364.376349312912,612.248291015625
215,1,1872.0,445.0,1,10,1.0,12364.376349312912,583.14306640625
216,2,1144.3,508.5,13,130,11.5,142190.32801709848,642.097412109375
217,1,1874.0,500.0,1,10,1.0,12364.376349312912,612.248291015625
218,1,1874.0,501.0,1,10,1.0,12364.376349312912,612.2584228515625
219,1,944.0,746.0,1,10,1.0,12364.376349312912,583.14306640625
220,1,1745.0,1098.5,1,10,2.0,24728.752698625824,583.14306640625
221,3,1456.3527777777779,1351.4750000000001,3,30,6.333333333333333,78307.71687898177,672.74951171875
222,1,1721.0,1868.0,1,10,1.0,12364.376349312912,612.248291015625
223,1,17.047202797202797,1956.965909090909,1,10,59.0,729498.2046094618,642.097412109375
224,1,1124.0,1972.0,1,10,1.0,12364.376349312912,583.14306640625
225,1,1111.5,241.0,1,10,2.0,24728.752698625824,583.093505859375
226,1,1144.5555555555557,512.6666666666667,1,10,14.0,173101.26889038074,612.29296875
227,1,1744.0,1084.0,1,10,1.0,12364.376349312912,583.093505859375
228,1,1965.0,1107.0,1,10,1.0,12364.376349312912,583.093505859375
229,1,1487.0,1369.0,1,10,1.0,12364.376349312912,583.093505859375
230,9,97.70354938271605,1412.4493165784831,14,140,6.666666666666667,82429.17566208608,672.74951171875
231,1,96.16666666666669,1414.8333333333333,1,10,10.0,123643.7634931291,704.0262451171875
232,1,717.0,1507.0,1,10,1.0,12364.376349312912,583.093505859375
233,1,155.12337662337663,1523.3051948051948,1,10,29.0,358566.9141300744,802.089599609375
234,2,154.78869047619048,1523.1994047619048,2,20,16.5,204012.20976366304,768.7490234375
235,2,751.5416666666666,1638.125,2,20,9.0,111279.38714381622,906.63916015625
236,1,1388.0,1665.0,1,10,1.0,12364.376349312912,612.29296875
237,1,1104.0,235.0,1,10,1.0,12364.376349312912,583.090576171875
238,13,1362.198901098901,233.10549450549448,23,230,4.923076923076923,60870.7758735405,1479.06591796875
239,4,1569.625,1101.125,4,40,3.0,37093.12904793873,703.940673828125
240,1,1677.75,1111.5,1,10,4.0,49457.50539725165,583.090576171875
241,1,1861.0,1215.0,1,10,1.0,12364.376349312912,612.268310546875
242,1,868.0,1289.0,1,10,1.0,12364.376349312912,583.090576171875
243,1,1168.0,1308.0,1,10,1.0,12364.376349312912,583.090576171875
244,1,662.1666666666666,1407.2083333333333,1,10,9.0,111279.3871438162,583.090576171875
245,1,104.0,1541.0,1,10,1.0,12364.376349312912,612.268310546875
246,1,1246.2589285714284,1621.5357142857142,1,10,21.0,259651.9033355712,642.10693359375
247,3,1386.625,1655.25,3,30,9.333333333333334,115400.84592692053,979.91015625
248,1,342.7045454545455,1719.2954545454545,1,10,24.0,296745.0323835099,1258.697021484375
249,1,529.0,1807.0,1,10,1.0,12364.376349312912,612.268310546875
250,9,1198.7592592592591,365.5092592592593,12,120,3.3333333333333335,41214.58783104304,704.0908203125
251,1,1903.0,1010.0,1,10,1.0,12364.376349312912,583.056640625
252,1,1671.0,1104.0,1,10,1.0,12364.376349312912,583.056640625
253,1,1716.0,1113.0,1,10,1.0,12364.376349312912,583.056640625
254,1,1717.0,1147.0,1,10,1.0,12364.376349312912,583.056640625
255,1,1231.75,1616.875,1,10,5.0,61821.88174656456,583.056640625
256,2,1233.5,1617.5,3,30,1.0,12364.376349312912,642.07080078125
257,1,973.0,2047.0,1,10,3.0,37093.12904793874,612.26513671875
258,1,1073.5,202.5,1,10,2.0,24728.752698625824,583.0654296875
259,1,1674.3333333333333,1099.0,1,10,3.0,37093.12904793874,583.0654296875
260,1,958.0,1822.0,1,10,1.0,12364.376349312912,583.0654296875
261,1,1450.0,2039.5,1,10,2.0,24728.752698625824,612.23193359375
262,2,1101.5,225.5,7,70,1.0,12364.376349312912,583.146240234375
263,1,1675.0,1103.0,1,10,1.0,12364.376349312912,583.146240234375
264,1,1657.0,1190.0,1,10,1.0,12364.376349312912,583.146240234375
265,1,658.6,1413.85,1,10,8.0,98915.01079450328,642.15625
266,2,1383.4666666666667,1645.7666666666667,2,20,4.0,49457.50539725165,736.012939453125
267,2,1762.5,1768.5,3,30,1.0,12364.376349312912,583.146240234375
268,1,1448.0,2039.0,1,10,1.0,12364.376349312912,583.146240234375
269,1,1569.0,1104.5,1,10,2.0,24728.752698625824,612.30810546875
270,1,1748.0,1104.0,1,10,1.0,12364.376349312912,583.06396484375
271,1,1679.0,1106.0,1,10,1.0,12364.376349312912,583.06396484375
272,1,1723.0,1149.0,1,10,1.0,12364.376349312912,583.06396484375
273,8,1661.972743922744,1194.3996732434232,8,80,14.5,179283.45706503722,943.01318359375
274,1,1859.1666666666667,1211.0,1,10,6.0,74186.25809587748,612.30810546875
275,2,107.45,1539.45,4,40,5.5,68004.06992122102,672.737060546875
276,1,834.0,1739.0,1,10,1.0,12364.376349312912,583.06396484375
277,1,1455.0,2047.0,1,10,1.0,12364.376349312912,583.06396484375
278,1,753.5555555555555,460.1111111111111,1,10,5.0,61821.88174656456,612.255859375
279,1,2043.0,983.0,1,10,1.0,12364.376349312912,583.07373046875
280,1,1681.0,1102.0,1,10,1.0,12364.376349312912,583.07373046875
281,1,1718.8333333333333,1140.3333333333333,1,10,4.0,49457.50539725165,583.07373046875
282,3,167.33710317460316,1515.3694444444445,14,140,36.0,445117.5485752648,1017.6142578125
283,1,109.0,1538.0,1,10,1.0,12364.376349312912,583.07373046875
284,1,1227.5,1616.0,1,10,2.0,24728.752698625824,583.07373046875
285,1,1385.7619047619046,1659.1666666666667,1,10,17.0,210194.3979383195,768.65380859375
286,1,831.0,1732.0,1,10,1.0,12364.376349312912,583.07373046875
287,1,1454.125,2044.0,1,10,11.0,136008.13984244203,704.0576171875
288,1,1036.5,167.5,1,10,2.0,24728.752698625824,612.2373046875
289,7,347.23214285714283,417.32142857142856,64,640,1.7142857142857142,21196.07374167928,612.294921875
290,62,353.1135660671673,420.362290781305,128,1280,6.016129032258065,74385.6835208664,703.9901123046875
291,1,549.7857142857143,1251.5,1,10,14.0,173101.26889038077,735.97802734375
292,1,2047.0,1380.0,1,10,1.0,12364.376349312912,612.2373046875
293,3,2047.0,1384.0,5,50,1.0,12364.376349312914,612.2787475585938
294,4,171.8170988293883,1511.0438637801099,4,40,41.25,510030.52440915763,1017.650146484375
295,16,108.9485196478412,1534.7079168090681,18,180,7.3125,90414.50205435068,802.0908203125
296,2,1384.25,1656.3333333333335,2,20,10.5,129825.95166778559,768.81689453125
297,1,1302.0,1808.0,1,10,1.0,12364.376349312912,612.2373046875
298,1,273.0,1934.0,1,10,1.0,12364.376349312912,612.2373046875
299,1,1466.0,2047.0,1,10,1.0,12364.376349312912,642.22021484375
300,22,1461.2752909345556,2046.6358896740517,48,480,8.0,98915.01079450332,1868.783935546875
301,1,752.3333333333334,457.0,1,10,3.0,37093.12904793874,642.14111328125
302,2,268.0,953.0,3,30,1.0,12364.376349312912,704.025390625
303,2,1299.5,1805.5,10,100,1.0,12364.376349312912,612.2860107421875
304,1,1451.0,2045.0,1,10,1.0,12364.376349312912,612.15087890625
305,9,1456.648148148148,139.35185185185185,18,180,2.6666666666666665,32971.670264834436,672.79541015625
306,1,1057.5,177.0,1,10,10.0,123643.76349312912,583.14892578125
307,1,47.0,273.5,1,10,2.0,24728.752698625824,672.79541015625
308,2,46.54545454545455,272.97727272727275,2,20,6.5,80368.44627053394,672.7010498046875
309,1,960.0,1013.0,1,10,1.0,12364.376349312912,583.14892578125
310,2,1567.0,1088.5,4,40,1.0,12364.376349312912,583.14892578125
311,1,1713.5,1150.5,1,10,2.0,24728.752698625824,583.14892578125
312,1,90.1818181818182,1416.1818181818182,1,10,11.0,136008.13984244203,642.1220703125
313,1,1991.0,1536.0,1,10,1.0,12364.376349312912,583.14892578125
314,1,1386.3333333333333,1669.6666666666667,1,10,3.0,37093.12904793874,672.79541015625
315,4,832.15625,1687.5625,4,40,4.25,52548.59948457988,612.281982421875
316,1,1446.0,2044.5,1,10,2.0,24728.752698625824,612.17919921875
317,1,752.0,451.0,1,10,1.0,12364.376349312912,583.06396484375
318,1,946.0,742.0,1,10,1.0,12364.376349312912,583.06396484375
319,1,1811.0,979.0,1,10,1.0,12364.376349312912,583.06396484375
320,1,1725.0,1119.0,1,10,1.0,12364.376349312912,583.06396484375
321,1,395.33125,2019.553125,1,10,30.0,370931.2904793873,612.208984375
322,1,275.0,4.0,1,10,1.0,12364.376349312912,583.098876953125
323,3,1824.3333333333333,411.5,4,40,2.0,24728.752698625827,642.111572265625
324,1,1877.0,533.0,1,10,1.0,12364.376349312912,583.098876953125
325,1,950.0,748.0,1,10,1.0,12364.376349312912,583.098876953125
326,6,453.007864723086,820.3459336446422,23,230,65.66666666666667,811927.3802715478,1017.5794677734376
327,1,1717.5,1137.75,1,10,3.0,37093.12904793874,583.098876953125
328,1,871.0,1292.0,1,10,1.0,12364.376349312912,583.098876953125
329,1,1846.0,1516.0,1,10,1.0,12364.376349312912,583.098876953125
330,4,1840.25,1513.625,6,60,1.25,15455.47043664114,703.9957275390625
331,4,1843.875,1514.625,4,40,3.75,46366.41130992342,768.7178344726562
332,1,1847.5,1515.0,1,10,2.0,24728.752698625824,642.1131591796875
333,1,748.5,1778.75,1,10,5.0,61821.88174656456,612.281982421875
334,1,976.0,2044.0,1,10,3.0,37093.12904793874,612.281982421875
335,1,1092.0,222.0,1,10,1.0,12364.376349312912,583.099609375
336,1,760.0,455.5,1,10,4.0,49457.50539725165,612.30810546875
337,2,178.0,1073.0,2,20,1.0,12364.376349312912,612.30810546875
338,1,1717.0,1153.0,1,10,1.0,12364.376349312912,583.099609375
339,1,870.0,1290.0,1,10,1.0,12364.376349312912,583.099609375
340,1,888.75,1373.75,1,10,4.0,49457.50539725165,612.30810546875
341,9,849.5296296296297,1731.848148148148,16,160,4.111111111111111,50831.32499161975,672.72900390625
342,1,850.8888888888888,1733.888888888889,1,10,5.0,61821.88174656456,612.2713623046875
343,2,750.5,1780.75,2,20,2.5,30910.94087328228,612.30810546875
344,3,1286.6666666666667,69.33333333333333,4,40,1.6666666666666667,20607.29391552152,672.765869140625
345,1,1054.7777777777778,168.22222222222223,1,10,9.0,111279.3871438162,612.23193359375
346,1,1056.0,169.0,1,10,1.0,12364.376349312912,612.2646484375
347,1,621.0,311.0,1,10,1.0,12364.376349312912,979.948974609375
348,1,1827.0,411.125,1,10,5.0,61821.88174656456,642.168701171875
349,1,1034.3333333333333,914.6666666666666,1,10,3.0,37093.12904793874,612.23193359375
350,1,1772.25,1089.75,1,10,4.0,49457.50539725165,583.0654296875
351,1,1722.0,1137.0,1,10,1.0,12364.376349312912,583.0654296875
352,1,1666.0,1197.2,1,10,5.0,61821.88174656456,612.23193359375
353,1,1298.0,1820.6666666666667,1,10,5.0,61821.88174656456,612.23193359375
354,2,1876.0,513.0,7,70,1.0,12364.376349312912,612.29296875
355,1,696.0,565.0,1,10,1.0,12364.376349312912,583.112060546875
356,1,1033.5,912.5,1,10,2.0,24728.752698625824,736.031494140625
357,2,864.25,1289.25,2,20,1.5,18546.56452396937,583.112060546875
358,1,159.0,1519.0,1,10,1.0,12364.376349312912,583.112060546875
359,1,838.0,1684.0,1,10,3.0,37093.12904793874,612.233642578125
360,1,847.65,1728.15,1,10,11.0,136008.13984244203,642.111572265625
361,1,1297.0,1806.0,1,10,2.0,24728.752698625824,583.112060546875
362,1,1827.5,407.75,1,10,3.0,37093.12904793874,583.0654296875
363,2,1829.5,406.25,3,30,2.5,30910.940873282278,642.1275634765625
364,1,1876.0,503.0,1,10,1.0,12364.376349312912,583.0654296875
365,1,1912.0,1087.0,1,10,1.0,12364.376349312912,612.23193359375
366,1,1734.0,1152.0,1,10,1.0,12364.376349312912,583.0654296875
367,2,895.75,1373.0,2,20,1.5,18546.56452396937,612.30810546875
368,1,656.9285714285714,1445.7857142857142,1,10,8.0,98915.0107945033,612.23193359375
369,1,152.0,1521.0,1,10,1.0,12364.376349312912,583.0654296875
370,1,840.25,1685.25,1,10,3.0,37093.12904793874,612.23193359375
371,1,753.4166666666667,1787.5,1,10,7.0,86550.63444519039,642.168701171875
372,1,783.0,1878.0,1,10,1.0,12364.376349312912,642.168701171875
373,1,1280.0,1935.0,1,10,1.0,12364.376349312912,583.0654296875
374,1,1051.0,172.0,1,10,5.0,61821.88174656456,583.099609375
375,1,1053.0,172.0,1,10,1.0,12364.376349312912,612.27294921875
376,3,743.0,1005.5,3,30,1.3333333333333333,16485.835132417214,612.30810546875
377,1,1718.75,1129.75,1,10,4.0,49457.50539725165,583.099609375
378,1,1717.75,1129.5,1,10,3.0,37093.12904793874,612.2705078125
379,1,1209.0,1695.0,1,10,1.0,12364.376349312912,612.30810546875
380,1,1209.75,1692.625,1,10,5.0,61821.88174656456,642.1131591796875
381,1,1210.0,1693.0,1,10,1.0,12364.376349312912,642.1068115234375
382,2,1210.8333333333335,1694.0,15,150,2.5,30910.94087328228,642.1285400390625
383,1,757.0,1791.0,1,10,1.0,12364.376349312912,583.099609375
384,1,230.0,1878.555555555556,1,10,10.0,123643.76349312912,612.30810546875
385,1,1454.0,148.5,1,10,2.0,24728.752698625824,612.2860107421875
386,1,1052.5,174.5,1,10,2.0,24728.752698625824,612.2860107421875
387,1,1030.0,194.0,1,10,1.0,12364.376349312912,583.139404296875
388,1,1727.1,1125.6,1,10,6.0,74186.25809587746,583.139404296875
389,1,662.3199999999999,1439.08,1,10,9.0,111279.3871438162,612.2860107421875
390,1,173.0,1514.25,1,10,4.0,49457.50539725165,735.9847412109375
391,10,375.39944444444444,1815.6669444444444,14,140,6.5,80368.44627053394,979.931640625
392,1,977.5,2047.0,1,10,2.0,24728.752698625824,583.139404296875
393,2,1454.625,144.875,12,120,3.5,43275.31722259519,672.7218017578125
394,1,1108.0,231.0,1,10,1.0,12364.376349312912,583.1160888671875
395,1,1871.0,517.0,1,10,1.0,12364.376349312912,583.1160888671875
396,5,1384.55,819.0,6,60,1.8,22255.87742876324,672.72900390625
397,1,2046.6666666666667,950.3333333333334,1,10,3.0,37093.12904793874,612.28662109375
398,4,1466.3333333333335,1226.6666666666665,4,40,2.0,24728.752698625824,736.0478515625
399,1,1467.0,1224.0,1,10,1.0,12364.376349312912,612.30810546875
400,1,1656.0,1391.5,1,10,2.0,24728.752698625824,583.1160888671875
401,1,1233.595238095238,1613.809523809524,1,10,10.0,123643.76349312912,583.1160888671875
402,1,1128.0,1964.0,1,10,1.0,12364.376349312912,583.1160888671875
403,1,992.6666666666666,198.0,1,10,3.0,37093.12904793874,642.165283203125
404,6,239.7611111111111,985.4499999999999,6,60,6.666666666666667,82429.17566208608,1017.606689453125
405,1,2047.0,983.0,1,10,1.0,12364.376349312912,583.081298828125
406,1,2046.0,984.0,1,10,1.0,12364.376349312912,612.279541015625
407,1,1774.0,1087.0,1,10,1.0,12364.376349312912,612.291259765625
408,1,1700.6666666666667,1118.6666666666667,1,10,3.0,37093.12904793874,583.081298828125
409,1,1652.7142857142858,1393.7142857142858,1,10,8.0,98915.0107945033,672.703125
410,1,837.0,1689.0,1,10,1.0,12364.376349312912,583.081298828125
411,1,837.0,1736.0,1,10,1.0,12364.376349312912,612.291259765625
412,1,835.0,1736.0,1,10,1.0,12364.376349312912,612.2530517578125
413,1,336.0,422.0,1,10,1.0,12364.376349312912,612.29296875
414,1,921.0,1359.5,1,10,2.0,24728.752698625824,906.63916015625
415,1,1658.0,1384.0,1,10,1.0,12364.376349312912,612.29296875
416,1,1239.0,1608.0,1,10,1.0,12364.376349312912,612.29296875
417,1,839.0,1692.0,1,10,1.0,12364.376349312912,612.29296875
418,1,2047.0,947.0,1,10,1.0,12364.376349312912,642.0955810546875
419,1,167.0,2047.0,1,10,3.0,37093.12904793874,642.0955810546875
420,1,996.0,196.0,1,10,1.0,12364.376349312912,612.28662109375
421,1,957.0,730.0,1,10,1.0,12364.376349312912,612.28662109375
422,1,1051.0,984.0,1,10,1.0,12364.376349312912,703.986572265625
423,1,1786.0,1092.0,1,10,1.0,12364.376349312912,612.28662109375
424,1,123.0,1534.0,1,10,1.0,12364.376349312912,612.28662109375
425,1,1044.0,170.0,1,10,1.0,12364.376349312912,583.1422119140625
426,1,1066.0,204.0,1,10,1.0,12364.376349312912,583.1422119140625
427,1,1001.0,215.0,1,10,1.0,12364.376349312912,583.1422119140625
428,1,1886.9,517.0333333333334,1,10,8.0,98915.0107945033,642.1229248046875
429,1,956.0,739.0,1,10,2.0,24728.752698625824,583.1422119140625
430,3,1185.648148148148,783.7962962962962,3,30,5.333333333333333,65943.34052966887,1479.1328125
431,5,102.97647058823529,880.4267379679144,12,120,7.4,91496.38498491555,736.00048828125
432,1,2044.0,968.0,1,10,1.0,12364.376349312912,583.1422119140625
433,1,1053.0,985.0,1,10,1.0,12364.376349312912,583.1422119140625
434,1,1680.0,1099.5,1,10,2.0,24728.752698625824,583.1422119140625
435,1,1721.5,1129.5,1,10,2.0,24728.752698625824,583.1422119140625
436,1,1819.75,1176.0,1,10,3.0,37093.12904793874,583.1422119140625
437,1,891.0,1373.0,1,10,1.0,12364.376349312912,583.1422119140625
438,1,1985.0,1539.0,1,10,1.0,12364.376349312912,612.255859375
439,1,1985.0,1538.0,1,10,1.0,12364.376349312912,612.2392578125
440,1,849.4,1726.2,1,10,5.0,61821.88174656456,642.1229248046875
441,1,363.6428571428571,1809.357142857143,1,10,8.0,98915.0107945033,768.715576171875
442,1,1168.0,1956.0,1,10,1.0,12364.376349312912,583.1422119140625
443,1,997.0,147.0,1,10,1.0,12364.376349312912,612.28369140625
444,3,1592.5333333333335,396.26666666666665,3,30,3.0,37093.12904793874,1017.57861328125
445,2,1880.25,504.5,3,30,1.5,18546.56452396937,612.28369140625
446,1,1835.25,1183.0,1,10,3.0,37093.12904793874,612.28369140625
447,1,362.5,1562.0,1,10,2.0,24728.752698625824,642.12109375
448,1,1154.0,1948.0,1,10,1.0,12364.376349312912,612.28369140625
449,1,1064.0,1980.0,1,10,1.0,12364.376349312912,612.28369140625
450,2,2009.25,1987.0,2,20,1.5,18546.56452396937,704.046875
451,1,457.5123456790123,817.7962962962962,1,10,57.0,704769.4519108359,906.664794921875
452,2,106.46876361655774,873.524128540305,2,20,43.0,531668.1830204553,979.931640625
453,1,1730.0,1129.0,1,10,1.0,12364.376349312912,612.24609375
454,6,1096.875,276.8333333333333,24,240,2.6666666666666665,32971.67026483443,703.99560546875
455,1,144.0,409.0,1,10,1.0,12364.376349312912,736.034912109375
456,2,1409.0,461.5,2,20,1.0,12364.376349312912,612.27734375
457,1,1409.0,463.0,1,10,1.0,12364.376349312912,768.7178344726562
458,1,1770.0,1094.0,1,10,1.0,12364.376349312912,612.25439453125
459,1,1122.0,1799.0,1,10,1.0,12364.376349312912,612.25439453125
460,1,1122.0,1797.0,1,10,1.0,12364.376349312912,612.282958984375
461,1,2007.0,1988.0,1,10,1.0,12364.376349312912,612.25439453125
462,6,1646.0597728295097,213.0059885290148,7,70,12.833333333333334,158676.16314951572,736.051513671875
463,1,525.0,821.0,1,10,1.0,12364.376349312912,768.63525390625
464,1,98.16666666666669,879.3333333333334,1,10,18.0,222558.7742876324,703.99560546875
465,1,786.0,1477.0,1,10,1.0,12364.376349312912,612.27734375
466,1,786.0,1477.0,1,10,1.0,12364.376349312912,612.2791748046875
467,1,1722.5,1865.0,1,10,2.0,24728.752698625824,672.72412109375
468,1,2004.0,1988.0,1,10,1.0,12364.376349312912,642.1513671875
469,1,102.70833333333331,876.9583333333334,1,10,9.0,111279.3871438162,672.73193359375
470,4,1644.6142857142856,1404.8089285714286,6,60,7.75,95823.91670717507,871.17431640625
471,1,1988.0,1539.5,1,10,2.0,24728.752698625824,735.95361328125
472,1,316.0,1552.5,1,10,2.0,24728.752698625824,642.094482421875
473,1,264.0,2013.1,1,10,8.0,98915.0107945033,672.73193359375
474,1,9.0,170.0,1,10,1.0,12364.376349312912,612.23193359375
475,1,1094.0,279.0,1,10,1.0,12364.376349312912,612.23193359375
476,1,338.0,419.0,1,10,1.0,12364.376349312912,612.23193359375
477,1,1795.0,1095.0,1,10,1.0,12364.376349312912,612.23193359375
478,1,29.0,1292.5,1,10,2.0,24728.752698625824,871.09765625
479,1,646.5122807017544,1424.502631578947,1,10,65.0,803684.4627053393,768.739990234375
480,1,312.0,1562.0,1,10,1.0,12364.376349312912,672.765869140625
481,2,1457.6666666666665,142.0,2,20,5.0,61821.881746564555,768.685302734375
482,1,879.0,1362.0,1,10,1.0,12364.376349312912,612.28662109375
483,1,1647.851851851852,1400.5555555555557,1,10,11.0,136008.13984244203,735.9993896484375
484,4,540.1027777777778,1544.3819444444443,5,50,9.25,114370.48123114443,768.70458984375
485,1,278.0,1670.0,1,10,1.0,12364.376349312912,612.28662109375
486,1,1649.2543859649122,213.67543859649123,1,10,25.0,309109.4087328228,704.03466796875
487,1,1721.0,1126.0,1,10,1.0,12364.376349312912,612.237060546875
488,2,382.63341836734696,2007.13231292517,8,80,43.5,537850.3711951117,672.75439453125
489,1,1014.0,211.0,1,10,1.0,12364.376349312912,612.3623046875
490,1,614.0,298.0,1,10,1.0,12364.376349312912,5870.90576171875
491,2,339.75,417.5,5,50,1.5,18546.56452396937,642.13671875
492,3,1884.111111111111,457.0,9,90,1.6666666666666667,20607.293915521517,612.3623046875
493,2,1711.0833333333335,1130.75,10,100,4.0,49457.50539725165,642.13671875
494,1,1647.0,1402.5,1,10,16.0,197830.0215890066,871.18359375
495,6,13.555555555555555,165.59722222222223,13,130,2.3333333333333335,28850.21148173013,942.9541015625
496,1,104.2,882.8,1,10,15.0,185465.64523969367,802.162109375
497,1,1463.5,1222.0,1,10,2.0,24728.752698625824,735.9716796875
498,4,540.4093137254902,1540.6470588235293,12,120,6.0,74186.25809587746,802.052734375
499,1,896.0,1756.0,1,10,1.0,12364.376349312912,612.314453125
500,1,352.0,1807.0,1,10,1.0,12364.376349312912,612.314453125
501,1,1542.0,1098.0,1,10,1.0,12364.376349312912,612.19775390625
502,2,1720.0,1120.25,18,180,1.5,18546.56452396937,612.336181640625
503,1,1167.0,1681.25,1,10,3.0,37093.12904793874,942.91845703125
504,1,384.79487179487177,2001.6602564102564,1,10,28.0,346202.53778076154,642.15283203125
505,1,251.0,1002.0,1,10,1.0,12364.376349312912,768.7138671875
506,1,1541.0,1096.0,1,10,1.0,12364.376349312912,612.25244140625
507,1,1245.5,1152.0,1,10,2.0,24728.752698625824,642.125
508,15,1372.2892063492066,1669.2987301587302,16,160,5.8,71713.38282601492,1056.016357421875
509,1,383.8734375,1996.546875,1,10,48.0,593490.0647670198,642.125
510,1,1004.0,185.5,1,10,2.0,24728.752698625824,612.316162109375
511,6,1945.1666666666667,1094.875,12,120,2.0,24728.75269862582,642.19140625
512,1,1539.0,1095.0,1,10,1.0,12364.376349312912,642.080322265625
513,1,1711.3333333333333,1121.0,1,10,3.0,37093.12904793874,642.080322265625
514,1,538.578947368421,1539.2631578947369,1,10,19.0,234923.15063694533,768.66796875
515,1,1707.0,1125.0,1,10,1.0,12364.376349312912,612.294921875
516,1,539.5,1534.75,1,10,5.0,61821.88174656456,642.16259765625
517,1,1280.9615384615386,1825.1538461538464,1,10,56.0,692405.0755615231,802.10888671875
518,1,1165.0,1942.0,1,10,1.0,12364.376349312912,612.294921875
519,1,1088.0,2001.0,1,10,1.0,12364.376349312912,612.294921875
520,1,824.52,199.4,1,10,25.0,309109.4087328228,836.224609375
521,1,1495.5,848.0,1,10,2.0,24728.752698625824,642.19140625
522,1,1717.0,1119.0,1,10,1.0,12364.376349312912,612.32666015625
523,1,878.0,1289.0,1,10,1.0,12364.376349312912,612.32666015625
524,1,882.0,1368.0,1,10,1.0,12364.376349312912,612.32666015625
525,3,1787.5555555555557,1769.7777777777776,3,30,3.0,37093.12904793874,672.712890625
526,3,353.4166666666667,1803.75,7,70,3.0,37093.12904793874,703.9912109375
527,1,1282.1636363636364,1826.8727272727272,1,10,55.0,680040.6992122101,802.16796875
528,1,165.0,1865.0,1,10,1.0,12364.376349312912,612.32666015625
529,1,822.1538461538462,194.92307692307693,1,10,13.0,160736.89254106785,703.965576171875
530,9,717.7299348799348,550.1471815221817,12,120,7.888888888888889,97541.19120013519,1095.0986328125
531,1,1952.0,1099.0,1,10,1.0,12364.376349312912,612.306640625
532,1,1709.3333333333333,1134.6666666666667,1,10,3.0,37093.12904793874,612.306640625
533,1,1244.0,1153.5,1,10,2.0,24728.752698625824,642.174072265625
534,1,348.225,1806.275,1,10,21.0,259651.90333557117,802.15234375
535,1,1020.0,1929.0,1,10,1.0,12364.376349312912,612.306640625
536,1,621.0,238.0,1,10,1.0,12364.376349312912,612.29345703125
537,1,1708.0,1128.8,1,10,5.0,61821.88174656456,612.29345703125
538,1,475.0,1449.0,1,10,1.0,12364.376349312912,768.7421875
539,1,156.79310344827587,1528.8275862068965,1,10,30.0,370931.2904793873,1017.584228515625
540,1,356.375,1800.4375,1,10,16.0,197830.0215890066,802.1064453125
541,1,1652.0,208.0,1,10,3.0,37093.12904793874,612.24365234375
542,1,1469.0,1225.0,1,10,1.0,12364.376349312912,642.17919921875
543,1,872.0,1289.0,1,10,1.0,12364.376349312912,612.24365234375
544,1,1257.152380952381,1631.8595238095238,1,10,37.0,457481.9249245777,642.17919921875
545,4,1785.675,1767.1375,4,40,3.5,43275.31722259519,672.75244140625
546,1,165.0,1856.0,1,10,1.0,12364.376349312912,612.24365234375
547,1,1716.7857142857142,1125.357142857143,1,10,8.0,98915.0107945033,612.30810546875
548,2,958.5,1716.5,3,30,1.0,12364.376349312912,612.30810546875
549,2,1704.5,1126.5,2,20,1.0,12364.376349312912,642.2021484375
550,2,1045.5,1721.5,3,30,2.0,24728.752698625824,672.7861328125
551,1,1668.0666666666666,204.8,1,10,15.0,185465.64523969367,704.02197265625
552,2,1149.2708333333335,500.8125,2,20,7.0,86550.63444519039,672.7861328125
553,1,686.0,1195.0,1,10,1.0,12364.376349312912,612.28662109375
554,10,1012.1340095961092,3.454595829636202,10,100,36.3,448826.86148005864,3379.855224609375
555,3,1665.6807202459374,209.23309178743963,7,70,29.0,358566.91413007444,735.96875
556,3,1402.8722222222223,771.9944444444445,3,30,4.0,49457.505397251654,906.74462890625
557,1,847.0,1703.0,1,10,1.0,12364.376349312912,612.2705078125
558,1,847.0,1704.0,1,10,1.0,12364.376349312912,612.2825927734375
559,1,1002.6833333333334,171.63333333333333,1,10,11.0,136008.139842442,642.07568359375
560,1,1655.1785714285716,208.8571428571429,1,10,20.0,247287.52698625828,736.02099609375
561,1,963.0,763.0,1,10,1.0,12364.376349312912,612.27001953125
562,1,614.0,850.5,1,10,2.0,24728.752698625824,703.951171875
563,6,1579.7749999999999,916.3666666666667,26,260,3.0,37093.12904793873,736.0
564,18,318.38129175347564,1553.8789314963594,53,530,28.5,352384.725955418,1344.715087890625
565,1,1302.0,1623.0,1,10,1.0,12364.376349312912,736.02099609375
566,1,1262.0,1633.75,1,10,4.0,49457.50539725165,642.07568359375
567,1,1659.5681818181818,207.8409090909091,1,10,14.0,173101.26889038077,642.06396484375
568,1,1723.0,1122.0,1,10,1.0,12364.376349312912,612.2080078125
569,1,1906.0,1359.0,1,10,1.0,12364.376349312912,612.2080078125
570,1,865.3333333333334,1730.8333333333333,1,10,4.0,49457.50539725165,642.06396484375
571,1,864.25,1729.75,1,10,7.0,86550.63444519039,642.127685546875
572,1,338.0,414.0,1,10,1.0,12364.376349312912,612.309326171875
573,1,338.0,414.0,1,10,1.0,12364.376349312912,612.2584228515625
574,1,1953.0,1095.6666666666667,1,10,3.0,37093.12904793874,704.0654296875
575,1,1718.0,1132.0,1,10,1.0,12364.376349312912,612.309326171875
576,1,868.5,1733.0,1,10,2.0,24728.752698625824,642.195556640625
577,4,867.9694055944055,1734.3426573426573,4,40,8.25,102006.10488183153,672.7055053710938
578,1,868.0,1734.0,1,10,1.0,12364.376349312912,612.240234375
579,1,870.0,1734.5,1,10,2.0,24728.752698625824,612.2780151367188
580,1,389.6666666666667,2042.8333333333333,1,10,4.0,49457.50539725165,672.7373046875
581,3,17.333333333333332,163.33333333333334,3,30,2.6666666666666665,32971.67026483443,736.09375
582,2,1828.25,426.25,2,20,1.5,18546.56452396937,642.060546875
583,3,1905.5,1361.5,17,170,1.6666666666666667,20607.29391552152,612.336181640625
584,1,294.0,1910.0,1,10,1.0,12364.376349312912,612.19775390625
585,1,689.0,2006.0,1,10,1.0,12364.376349312912,612.19775390625
586,1,1660.5277777777776,211.4722222222222,1,10,38.0,469846.3012738906,704.0869140625
587,2,1105.5,284.5,6,60,1.0,12364.376349312912,612.2646484375
588,1,1906.1666666666667,1356.6666666666667,1,10,4.0,49457.50539725165,642.060546875
589,1,1224.0,1626.6666666666667,1,10,3.0,37093.12904793874,612.240234375
590,1,1888.0,457.0,1,10,1.0,12364.376349312912,612.336181640625
591,5,2037.3,185.8,5,50,3.2,39566.004317801315,1017.6182861328124
592,1,1659.219298245614,213.6030701754386,1,10,61.0,754226.9573080876,735.9541015625
593,1,1103.0,284.0,1,10,1.0,12364.376349312912,612.30224609375
594,1,1375.0,761.0,1,10,1.0,12364.376349312912,612.30224609375
595,1,1837.0,1513.0,1,10,1.0,12364.376349312912,612.30224609375
596,2,859.75,1739.875,3,30,2.5,30910.940873282278,642.138671875
597,1,1220.0,1628.0,1,10,1.0,12364.376349312912,612.28369140625
598,1,1127.0,1794.0,1,10,1.0,12364.376349312912,612.28369140625
599,1,1036.0,185.0,1,10,1.0,12364.376349312912,612.282958984375
600,1,1163.0,416.0,1,10,1.0,12364.376349312912,642.15673828125
601,4,1388.55,822.8249999999999,4,40,11.25,139099.23392977024,704.024169921875
602,1,1834.5,1172.5,1,10,4.0,49457.50539725165,642.15673828125
603,1,1906.0,1495.0,1,10,2.0,24728.752698625824,642.15673828125
604,1,278.0,5.0,1,10,1.0,12364.376349312912,612.2646484375
605,1,1664.0083333333332,212.54166666666669,1,10,61.0,754226.9573080876,768.6785888671875
606,4,1080.75,259.625,4,40,1.5,18546.56452396937,642.085205078125
607,1,694.0,282.0,1,10,1.0,12364.376349312912,612.2646484375
608,13,2016.1639535228605,413.5145207693791,16,160,11.538461538461538,142665.88095361053,1017.584228515625
609,1,1910.0,1358.0,1,10,1.0,12364.376349312912,612.2646484375
610,1,969.0,1669.0,1,10,1.0,12364.376349312912,672.7138671875
611,1,1130.0,1787.0,1,10,1.0,12364.376349312912,612.2646484375
612,2,697.0,2003.0,18,180,1.0,12364.376349312912,642.1585693359375
613,4,1663.5515873015872,215.09722222222223,4,40,10.75,132917.04575511377,672.7374267578125
614,3,1850.488888888889,739.5111111111113,3,30,3.0,37093.12904793874,703.98779296875
615,1,1827.1666666666667,1175.0,1,10,4.0,49457.50539725165,612.240234375
616,2,1202.75,1698.2083333333335,13,130,7.0,86550.63444519039,642.1458740234375
617,1,1202.3333333333333,1699.5,1,10,4.0,49457.50539725165,612.2811279296875
618,1,2020.0833333333333,411.9166666666667,1,10,12.0,148372.51619175496,736.044677734375
619,1,177.13636363636363,1070.818181818182,1,10,12.0,148372.51619175496,703.98779296875
620,1,854.4166666666667,1727.5833333333337,1,10,7.0,86550.63444519039,642.085205078125
621,1,852.75,1727.25,1,10,3.0,37093.12904793874,612.2412109375
622,2,1208.25,75.25,2,20,1.5,18546.56452396937,642.092529296875
623,2,1619.3333333333335,501.16666666666663,2,20,2.0,24728.752698625824,768.6990966796875
624,1,183.0,1073.0,1,10,1.0,12364.376349312912,612.234619140625
625,1,862.5,1737.5,1,10,2.0,24728.752698625824,642.159912109375
626,2,1298.5,383.0,2,20,2.0,24728.752698625824,672.701171875
627,1,2022.4722222222224,417.0,1,10,19.0,234923.15063694533,1258.6910400390625
628,1,340.0,415.0,1,10,1.0,12364.376349312912,612.263916015625
629,2,1863.5,989.5,3,30,1.0,12364.376349312912,612.287109375
630,1,844.0,1717.0,1,10,1.0,12364.376349312912,612.263916015625
631,1,888.5,1734.0,1,10,2.0,24728.752698625824,612.263916015625
632,1,382.05757575757576,1997.4727272727275,1,10,53.0,655311.9465135845,672.701171875
633,1,1086.0,1975.0,1,10,1.0,12364.376349312912,612.263916015625
634,1,1817.0,988.5,1,10,2.0,24728.752698625824,612.336181640625
635,1,870.1,1730.25,1,10,8.0,98915.01079450328,672.642822265625
636,1,686.0,2004.0,1,10,3.0,37093.12904793874,642.07080078125
637,1,886.5,1728.5,1,10,5.0,61821.88174656456,672.72509765625
638,2,886.7826883764384,1730.1395400895399,2,20,34.0,420388.795876639,871.111083984375
639,1,0.0,1914.0,1,10,1.0,12364.376349312912,612.287109375
640,1,441.0,808.0,1,10,1.0,12364.376349312912,906.690673828125
641,1,1219.5,82.5,1,10,2.0,24728.752698625824,672.689453125
642,8,1036.8508928571428,576.4440476190475,8,80,4.5,55639.69357190811,942.918212890625
643,1,966.0,759.0,1,10,1.0,12364.376349312912,612.23388671875
644,3,1393.5333333333335,804.4666666666667,4,40,3.0,37093.12904793874,672.689453125
645,1,1592.0,1092.0,1,10,1.0,12364.376349312912,802.16943359375
646,1,311.7563559322034,1555.010593220339,1,10,64.0,791320.0863560264,1479.1290283203125
647,1,846.0,1716.0,1,10,1.0,12364.376349312912,612.23388671875
648,8,2045.9732142857142,426.7232142857143,19,190,3.625,44820.864266259305,1055.982666015625
649,1,1194.0,643.6666666666666,1,10,3.0,37093.12904793874,612.26806640625
650,1,1196.625,1318.0,1,10,8.0,98915.0107945033,1572.2742919921875
651,2,864.5,1734.5,2,20,1.5,18546.56452396937,612.2752075195312
652,1,1158.0,1819.0,1,10,1.0,12364.376349312912,612.26806640625
653,1,1158.0,1819.0,1,10,1.0,12364.376349312912,612.2819213867188
654,1,1014.0,0.0,1,10,1.0,12364.376349312912,672.7306518554688
655,1,2028.9444444444443,417.78888888888895,1,10,18.0,222558.7742876324,1095.0975341796875
656,1,1189.0,643.0,1,10,2.0,24728.752698625824,672.7306518554688
657,1,163.0,1070.0,1,10,1.0,12364.376349312912,612.2752075195312
658,1,1128.0,1785.0,1,10,3.0,37093.12904793874,612.2752075195312
659,1,1000.3771043771044,160.8771043771044,1,10,24.0,296745.03238350985,672.7164306640625
660,2,23.333333333333336,231.33333333333331,2,20,2.0,24728.752698625824,642.14404296875
661,1,1720.0,1148.0,1,10,1.0,12364.376349312912,612.254638671875
662,1,1612.0,1234.5,1,10,4.0,49457.50539725165,672.7164306640625
663,1,673.5,1413.25,1,10,8.0,98915.0107945033,642.14404296875
664,1,167.0,1445.0,1,10,1.0,12364.376349312912,642.14404296875
665,1,1202.5,1695.5,1,10,2.0,24728.752698625824,612.254638671875
666,1,1202.0,1696.0,1,10,1.0,12364.376349312912,612.2510375976562
667,1,398.3333333333333,2046.0,1,10,3.0,37093.12904793874,642.14404296875
668,2,1393.34375,800.21875,3,30,5.5,68004.06992122102,768.70751953125
669,1,1912.0,1466.0,1,10,1.0,12364.376349312912,642.134033203125
670,1,841.0,1699.0,1,10,1.0,12364.376349312912,612.278076171875
671,1,691.0,2002.0,1,10,2.0,24728.752698625824,612.278076171875
672,1,1381.4166666666663,802.6666666666667,1,10,11.0,136008.13984244203,735.9998168945312
673,1,980.0,1827.0,1,10,1.0,12364.376349312912,612.2499389648438
674,1,1333.0,1685.0,1,10,1.0,12364.376349312912,612.2813720703125
675,1,449.0,1694.0,1,10,1.0,12364.376349312912,612.2813720703125
676,1,448.0,1693.0,1,10,1.0,12364.376349312912,768.7241821289062
677,1,881.0,1725.5,1,10,2.0,24728.752698625824,612.2813720703125
678,3,358.7222222222222,690.5555555555557,3,30,3.3333333333333335,41214.58783104304,736.0146484375
679,1,694.0,2000.0,1,10,1.0,12364.376349312912,612.2589721679688
680,1,2015.7222222222224,406.22222222222223,1,10,9.0,111279.38714381622,736.0132446289062
681,1,1747.5,543.0,1,10,4.0,49457.50539725165,736.0132446289062
682,1,1466.0,1360.0,1,10,1.0,12364.376349312912,612.278076171875
683,1,1334.0,1688.0,1,10,1.0,12364.376349312912,612.278076171875
684,1,854.0,1710.0,1,10,1.0,12364.376349312912,612.278076171875
685,1,853.0,1709.0,1,10,1.0,12364.376349312912,612.26806640625
686,1,1118.0,1785.0,1,10,1.0,12364.376349312912,612.278076171875
687,1,1001.0,175.0,1,10,1.0,12364.376349312912,612.2565307617188
688,2,1464.5,1357.25,3,30,2.5,30910.940873282278,642.1458740234375
689,1,1689.0,1390.0,1,10,1.0,12364.376349312912,612.2565307617188
690,28,30.595408163265308,158.76305272108843,36,360,8.321428571428571,102889.27462106815,1017.5987548828124
691,1,1880.0,396.0,1,10,1.0,12364.376349312912,2599.08984375
692,1,341.0,413.0,1,10,1.0,12364.376349312912,612.254638671875
693,1,1746.0,530.0,1,10,1.0,12364.376349312912,642.14404296875
694,2,358.6,687.35,2,20,4.5,55639.69357190811,672.7164306640625
695,2,1037.3,875.6,2,20,3.0,37093.12904793874,736.0148315429688
696,1,1465.0,1354.0,1,10,1.0,12364.376349312912,612.254638671875
697,1,2030.0,1970.0,1,10,1.0,12364.376349312912,836.2417602539062
698,1,1745.6,532.2,1,10,5.0,61821.88174656456,642.1458740234375
699,3,49.32793619216034,1288.459512231064,3,30,37.666666666666664,465724.8424907864,2660.2685546875
700,1,1845.0,1836.0,1,10,1.0,12364.376349312912,735.9998168945312
701,1,286.0,0.0,1,10,1.0,12364.376349312912,612.2814331054688
702,1,288.0,0.0,1,10,1.0,12364.376349312912,612.248291015625
703,3,25.5,162.0,6,60,1.6666666666666667,20607.29391552152,672.725341796875
704,1,1204.5,368.0,1,10,2.0,24728.752698625824,642.120849609375
705,1,1237.0,395.0,1,10,1.0,12364.376349312912,612.2814331054688
706,2,1745.1,535.7,2,20,3.0,37093.12904793874,672.7129516601562
707,3,1041.7555555555555,874.5814814814815,12,120,9.666666666666666,119522.30471002481,1095.1292724609375
708,2,1349.0,1004.75,2,20,2.5,30910.940873282278,704.0133666992188
709,1,1298.0,1811.5,1,10,2.0,24728.752698625824,612.2814331054688
710,1,284.0,2.0,1,10,1.0,12364.376349312912,612.283447265625
711,1,1998.0,404.0,1,10,1.0,12364.376349312912,642.1210327148438
712,1,623.5,503.5,1,10,2.0,24728.752698625824,703.982421875
713,4,625.775,503.0,4,40,5.5,68004.06992122102,906.6893920898438
714,2,427.0,552.0,18,180,1.0,12364.376349312912,704.0066528320312
715,1,1502.0,837.0,1,10,3.0,37093.12904793874,703.982421875
716,1,2047.0,1369.0,1,10,1.0,12364.376349312912,612.283447265625
717,1,85.0,1410.0,1,10,1.0,12364.376349312912,612.283447265625
718,1,1197.1666666666667,1708.5,1,10,5.0,61821.88174656456,612.283447265625
719,1,842.0,1725.0,1,10,3.0,37093.12904793874,612.283447265625
720,1,1104.5,215.0,1,10,2.0,24728.752698625824,979.91650390625
721,1,1198.2,359.6,1,10,5.0,61821.88174656456,642.13134765625
722,2,1995.1,401.9,3,30,7.5,92732.82261984685,768.7113037109375
723,1,1480.0,416.0,1,10,1.0,12364.376349312912,1134.948486328125
724,5,622.3041666666667,505.55,10,100,6.0,74186.25809587746,979.9002685546876
725,4,1211.3833333333332,768.8083333333334,6,60,4.25,52548.59948457988,942.9620361328124
726,2,422.5,839.75,4,40,2.0,24728.752698625824,642.13134765625
727,1,859.939393939394,1729.3939393939393,1,10,13.0,160736.89254106785,672.7074584960938
728,1,1992.888888888889,395.1666666666667,1,10,14.0,173101.26889038077,1017.5694580078124
729,1,425.0,840.0,1,10,1.0,12364.376349312912,612.283935546875
730,1,171.0,1043.0,1,10,1.0,12364.376349312912,612.283935546875
731,7,316.1646583998154,1546.392391015895,13,130,51.857142857142854,641181.2306857982,1572.2572021484375
732,1,1345.0,1698.0,1,10,1.0,12364.376349312912,612.283935546875
733,1,1212.0,1857.0,1,10,1.0,12364.376349312912,612.283935546875
734,1,1010.3333333333334,170.0,1,10,3.0,37093.12904793874,612.277099609375
735,1,1740.0,1128.0,1,10,1.0,12364.376349312912,612.277099609375
736,1,1691.0,1385.5,1,10,2.0,24728.752698625824,612.277099609375
737,1,176.16666666666669,1526.3333333333337,1,10,4.0,49457.50539725165,642.11669921875
738,2,360.5,1804.75,2,20,2.0,24728.752698625824,612.2791748046875
739,1,223.0,1044.0,1,10,1.0,12364.376349312912,642.1241455078125
740,2,221.01282051282053,1044.303846153846,11,110,49.0,605854.4411163327,1817.617431640625
741,1,315.1437908496732,1538.171802054155,1,10,39.0,482210.6776232036,1216.69091796875
742,1,1445.0,1601.0,1,10,1.0,12364.376349312912,703.98193359375
743,1,1016.0,155.0,1,10,1.0,12364.376349312912,612.2584228515625
744,1,1745.0,542.5,1,10,2.0,24728.752698625824,612.2584228515625
745,4,1045.4288194444443,872.1131944444444,4,40,14.0,173101.26889038074,979.897705078125
746,2,1044.4038461538462,870.9230769230769,2,20,7.5,92732.82261984683,642.13720703125
747,3,51.190287356321846,1291.038103448276,3,30,36.0,445117.54857526487,1344.69189453125
748,1,790.0,1462.0,1,10,1.0,12364.376349312912,612.2584228515625
749,1,312.0236842105263,1543.9315789473685,1,10,29.0,358566.91413007444,1134.947509765625
750,1,841.0,1691.0,1,10,1.0,12364.376349312912,612.2584228515625
751,1,365.0,1820.5,1,10,2.0,24728.752698625824,612.2584228515625
752,1,30.7,155.2,1,10,6.0,74186.25809587746,672.7111206054688
753,1,422.25,845.0,1,10,3.0,37093.12904793874,612.2713623046875
754,1,1926.0,1081.0,1,10,1.0,12364.376349312912,612.2713623046875
755,2,1306.9,319.12222222222226,2,20,7.0,86550.63444519039,735.98779296875
756,5,752.9466666666667,837.1133333333333,5,50,3.2,39566.004317801315,942.9434814453124
757,1,857.0,1723.5,1,10,2.0,24728.752698625824,612.2808837890625
758,1,444.0,1052.0,1,10,1.0,12364.376349312912,612.2530517578125
759,1,1710.0,1113.0,1,10,1.0,12364.376349312912,612.2530517578125
760,3,49.98333333333333,1285.572222222222,3,30,11.666666666666666,144251.05740865064,1301.33447265625
761,2,313.5363568722944,1548.6952786796537,2,20,40.0,494575.0539725165,1433.612060546875
762,1,287.0,6.0,1,10,1.0,12364.376349312912,612.2613525390625
763,1,1877.0,1221.0,1,10,1.0,12364.376349312912,612.2613525390625
764,1,175.0,1528.75,1,10,4.0,49457.50539725165,736.0146484375
765,1,719.5,1598.5,1,10,2.0,24728.752698625824,642.1340942382812
766,1,1210.0,1622.0,1,10,1.0,12364.376349312912,612.2613525390625
767,1,889.0,1719.5,1,10,2.0,24728.752698625824,612.2613525390625
768,1,372.0,1818.0,1,10,1.0,12364.376349312912,612.2613525390625
769,1,9.0,1856.0,1,10,4.0,49457.50539725165,642.1340942382812
770,1,8.5,1855.0,1,10,8.0,98915.0107945033,642.1241455078125
771,1,1007.0,163.0,1,10,1.0,12364.376349312912,612.2584228515625
772,1,178.0,1529.0,1,10,1.0,12364.376349312912,642.143310546875
773,1,719.0,1601.0,1,10,1.0,12364.376349312912,612.2584228515625
774,2,1968.5,1637.4583333333335,4,40,6.5,80368.44627053392,768.7095947265625
775,22,1968.453423395954,1636.0463103140435,24,240,26.40909090909091,326531.9390432182,1525.3187255859375
776,1,900.8333333333331,1742.8333333333337,1,10,4.0,49457.50539725165,672.7055053710938
777,1,5.0,1851.0,1,10,1.0,12364.376349312912,612.2787475585938
778,7,5.7861111111111105,1853.8166666666668,41,410,4.285714285714286,52990.18435419819,642.159912109375
779,1,292.0,3.0,1,10,1.0,12364.376349312912,612.2565307617188
780,1,1821.0,1859.0,1,10,1.0,12364.376349312912,612.2565307617188
781,1,288.0,4.0,1,10,1.0,12364.376349312912,612.2584228515625
782,3,50.25,203.6833333333333,6,60,5.333333333333333,65943.34052966886,1258.6641845703125
783,14,1577.2857142857142,1514.1011904761906,28,280,2.5714285714285716,31794.110612518918,642.145263671875
784,1,182.0,1529.8333333333337,1,10,4.0,49457.50539725165,672.7055053710938
785,1,2046.0,1307.0,1,10,1.0,12364.376349312912,612.2819213867188
786,2,538.1734848484848,1525.1257575757577,2,20,18.5,228740.96246228888,768.7015380859375
787,2,186.25,1531.75,6,60,3.5,43275.31722259519,768.6885986328125
788,1,1965.25,1632.25,1,10,4.0,49457.50539725165,703.97998046875
789,9,1966.7929894179895,1630.0780423280423,9,90,4.888888888888889,60448.06215219646,871.1168823242188
790,2,1966.75,1628.5,2,20,1.5,18546.56452396937,672.7010498046875
791,1,899.0,1721.0,1,10,4.0,49457.50539725165,642.1546630859375
792,1,1320.0,1797.0,1,10,1.0,12364.376349312912,672.689208984375
793,1,1240.0,1838.75,1,10,3.0,37093.12904793874,642.1546630859375
794,1,1240.0,1838.0,1,10,1.0,12364.376349312912,612.281494140625
795,1,1470.0,2047.0,1,10,1.0,12364.376349312912,612.2819213867188
796,1,48.0,206.5,1,10,6.0,74186.25809587748,642.139892578125
797,1,630.0,504.0,1,10,1.0,12364.376349312912,612.2780151367188
798,2,1047.625,1048.875,2,20,7.5,92732.82261984685,836.2789306640625
799,3,319.03679653679654,1539.2196007696004,7,70,33.0,408024.41952732607,942.947021484375
800,1,1960.2,1625.4,1,10,5.0,61821.88174656456,642.139892578125
801,2,897.9202008928571,1725.2647569444443,4,40,44.5,550214.7475444246,1095.097412109375
802,1,1009.6666666666666,75.0,1,10,3.0,37093.12904793874,612.2565307617188
803,1,1047.0,158.0,1,10,1.0,12364.376349312912,612.2565307617188
804,1,1076.0,198.0,1,10,1.0,12364.376349312912,612.2565307617188
805,2,1077.0,198.5,4,40,1.0,12364.376349312912,612.238037109375
806,1,50.8,206.4,1,10,5.0,61821.88174656456,1175.476806640625
807,3,1039.0,917.1666666666666,3,30,1.6666666666666667,20607.29391552152,768.7141723632812
808,1,320.0605769230769,1542.9730769230769,1,10,35.0,432753.172225952,1134.93603515625
809,6,528.3175925925926,1529.4435185185187,6,60,8.5,105097.19896915976,871.124267578125
810,1,1264.0,1607.75,1,10,3.0,37093.12904793874,612.2565307617188
811,1,1264.25,1607.25,1,10,5.0,61821.88174656456,612.2584228515625
812,1,893.2831196581196,1725.426282051282,1,10,40.0,494575.0539725165,906.6815185546876
813,1,856.0,1734.0,1,10,1.0,12364.376349312912,612.2565307617188
814,2,1831.6666666666665,1925.8333333333335,2,20,2.0,24728.752698625824,736.003173828125
815,4,1319.1222222222223,322.46666666666664,4,40,6.0,74186.25809587748,906.6444091796876
816,1,2036.0,414.0,1,10,1.0,12364.376349312912,612.2655639648438
817,1,362.0,415.0,1,10,1.0,12364.376349312912,612.2655639648438
818,1,1843.0,1182.0,1,10,1.0,12364.376349312912,612.2655639648438
819,1,877.1240808823529,1728.448161764706,1,10,39.0,482210.6776232036,836.2791748046875
820,2,1833.5,371.0,2,20,1.0,12364.376349312912,612.2535400390625
821,1,356.5,429.5,1,10,2.0,24728.752698625824,612.242919921875
822,1,629.5,502.0,1,10,2.0,24728.752698625824,642.1478271484375
823,1,1865.0,741.0,1,10,1.0,12364.376349312912,703.9862060546875
824,1,327.06666666666666,1556.6333333333332,1,10,16.0,197830.0215890066,906.6559448242188
825,1,857.625,1728.0,1,10,16.0,197830.0215890066,672.6903076171875
826,1,1311.0,1814.0,1,10,1.0,12364.376349312912,612.242919921875
827,1,1232.0,1844.0,1,10,1.0,12364.376349312912,612.242919921875
828,2,46.75,204.0,2,20,4.5,55639.69357190811,1095.107666015625
829,1,625.7,495.26666666666665,1,10,8.0,98915.0107945033,871.117919921875
830,3,932.3717948717949,563.6858974358975,8,80,6.0,74186.25809587746,704.03466796875
831,1,1962.0,933.0,1,10,1.0,12364.376349312912,768.7021484375
832,3,624.1666666666666,489.0,4,40,4.666666666666667,57700.42296346026,704.0032348632812
833,2,1248.0,526.75,3,30,4.0,49457.50539725165,735.9954223632812
834,3,1252.4166666666667,1607.1666666666667,8,80,1.6666666666666667,20607.293915521517,642.1131591796875
835,1,326.0,1650.0,1,10,1.0,12364.376349312912,612.27587890625
836,1,1067.0,193.0,1,10,1.0,12364.376349312912,612.29638671875
837,3,54.63333333333333,204.03333333333333,6,60,5.333333333333333,65943.34052966887,802.1472778320312
838,2,626.3888888888889,486.66666666666663,4,40,5.0,61821.881746564555,768.696044921875
839,1,1246.6666666666663,523.1111111111111,1,10,10.0,123643.76349312912,979.8987426757812
840,4,934.0397727272727,566.2534090909091,4,40,12.75,157645.7984537396,802.1536865234375
841,1,1550.5,1325.0,1,10,2.0,24728.752698625824,642.1068115234375
842,1,1096.0,1491.0,1,10,1.0,12364.376349312912,612.29638671875
843,1,883.039402173913,1727.7085772017838,1,10,56.0,692405.0755615231,1056.020751953125
844,1,1044.0,148.0,1,10,1.0,12364.376349312912,612.2749633789062
845,1,342.0,422.0,1,10,1.0,12364.376349312912,612.2749633789062
846,1,1251.5,1610.0,1,10,2.0,24728.752698625824,612.2749633789062
847,1,1548.0,1328.0,1,10,1.0,12364.376349312912,672.689208984375
848,17,324.18633180544947,1559.7135090399797,30,300,9.176470588235293,113461.33591134202,1668.24169921875
849,2,1259.0,1605.5,6,60,1.0,12364.376349312912,612.30712890625
850,1,1257.0,1606.0,1,10,1.0,12364.376349312912,612.242919921875
851,1,57.66666666666666,203.66666666666663,1,10,3.0,37093.12904793874,802.1029052734375
852,1,1385.0,393.0,1,10,2.0,24728.752698625824,642.1397705078125
853,4,1046.2319624819625,867.593795093795,7,70,13.0,160736.89254106785,802.1483154296875
854,1,1098.0,1490.0,1,10,1.0,12364.376349312912,612.248291015625
855,1,878.6706349206348,1730.1349206349205,1,10,22.0,272016.27968488407,703.986328125
856,1,1266.5,1845.0,1,10,2.0,24728.752698625824,642.1397705078125
857,1,1094.0,1975.0,1,10,1.0,12364.376349312912,612.248291015625
858,1,392.0625,2034.725,1,10,23.0,284380.65603419696,672.7191162109375
859,1,932.8809523809524,560.547619047619,1,10,17.0,210194.3979383195,736.0213623046875
860,1,221.0,1007.0,1,10,1.0,12364.376349312912,612.23291015625
861,1,890.2916666666666,1728.5,1,10,18.0,222558.77428763243,703.99609375
862,1,346.0,426.0,1,10,1.0,12364.376349312912,612.237060546875
863,9,1506.3017676891775,706.4236932323879,9,90,22.22222222222222,274763.91887362034,1216.699951171875
864,1,1043.6521739130435,866.1739130434783,1,10,23.0,284380.65603419696,672.70751953125
865,1,806.0,1459.0,1,10,1.0,12364.376349312912,612.237060546875
866,8,806.6157196969697,1456.197443181818,55,550,7.75,95823.91670717506,672.7130126953125
867,2,1246.25,1514.5,2,20,1.5,18546.56452396937,736.03369140625
868,1,1062.0,164.0,1,10,1.0,12364.376349312912,612.26806640625
869,1,59.1875,205.6875,1,10,8.0,98915.0107945033,703.9788818359375
870,1,1050.0,864.0,1,10,1.0,12364.376349312912,612.26806640625
871,1,1650.0,1221.0,1,10,1.0,12364.376349312912,735.99951171875
872,1,1086.0,196.0,1,10,1.0,12364.376349312912,612.30712890625
873,1,68.6,216.4,1,10,5.0,61821.88174656456,768.735595703125
874,7,69.52801373296572,218.16101671437806,36,360,29.142857142857142,360333.2536085478,1868.798828125
875,5,1624.56,503.88,5,50,3.8,46984.630127389064,1017.573486328125
876,1,419.0,808.0,1,10,1.0,12364.376349312912,768.735595703125
877,1,218.16666666666663,1021.1666666666666,1,10,4.0,49457.50539725165,642.0986328125
878,1,289.0,1645.5,1,10,2.0,24728.752698625824,612.30712890625
879,1,573.5,1834.0,1,10,2.0,24728.752698625824,768.735595703125
880,1,1204.1097222222222,1898.4729166666664,1,10,44.0,544032.5593697681,672.72021484375
881,1,349.7847222222222,1997.935515873016,1,10,74.0,914963.8498491556,642.0986328125
882,1,428.0,836.0,1,10,1.0,12364.376349312912,612.23486328125
883,1,1049.5333333333333,866.9,1,10,15.0,185465.64523969367,672.76025390625
884,1,219.5,1015.25,1,10,3.0,37093.12904793874,612.23486328125
885,4,945.25,1114.0,6,60,1.5,18546.564523969366,735.977294921875
886,1,1072.5,1572.0,1,10,2.0,24728.752698625824,642.13916015625
887,1,882.1455555555555,1736.62,1,10,38.0,469846.30127389065,736.051025390625
888,1,226.88333333333333,1894.205873015873,1,10,70.0,865506.3444519037,642.13916015625
889,1,1045.0,153.0,1,10,1.0,12364.376349312912,612.2939453125
890,1,1076.0,194.0,1,10,1.0,12364.376349312912,612.2939453125
891,1,1107.0,237.0,1,10,1.0,12364.376349312912,612.2939453125
892,1,1968.0,935.0,1,10,2.0,24728.752698625824,612.2939453125
893,1,172.25,1045.0,1,10,4.0,49457.50539725165,612.2939453125
894,4,800.2291666666666,1460.21875,22,220,3.25,40184.22313526696,642.145263671875
895,1,312.0,1674.5,1,10,2.0,24728.752698625824,642.145263671875
896,1,835.0,1710.5,1,10,2.0,24728.752698625824,642.145263671875
897,1,889.9629629629629,1730.7222222222222,1,10,21.0,259651.9033355712,672.69287109375
898,3,366.8333333333333,1823.0,3,30,3.0,37093.12904793874,642.13720703125
899,1,1234.0,1840.0,1,10,1.0,12364.376349312912,612.2939453125
900,1,1001.0,59.0,1,10,1.0,12364.376349312912,612.29345703125
901,1,1062.5,183.0,1,10,2.0,24728.752698625824,612.29345703125
902,2,348.40625,427.1428571428571,2,20,12.0,148372.51619175496,642.13720703125
903,1,1503.0,1224.0,1,10,1.0,12364.376349312912,612.29345703125
904,3,778.3880952380954,1625.7404761904763,3,30,7.333333333333333,90672.09322829469,768.735595703125
905,1,835.0,1714.0,1,10,1.0,12364.376349312912,612.29345703125
906,1,902.3333333333334,1734.6666666666667,1,10,6.0,74186.25809587748,735.98193359375
907,2,1062.0,167.75,12,120,2.0,24728.752698625824,612.30712890625
908,1,1062.0,170.0,1,10,1.0,12364.376349312912,612.26806640625
909,1,1418.0,401.0,1,10,1.0,12364.376349312912,642.0986328125
910,1,1501.0,1225.0,1,10,1.0,12364.376349312912,612.30712890625
911,2,1501.0,1222.75,2,20,1.5,18546.56452396937,642.1393432617188
912,5,1972.1666666666665,1641.8666666666663,12,120,2.0,24728.752698625824,735.96142578125
913,7,1972.4223938587295,1638.4840127091682,7,70,15.857142857142858,196063.6821105333,1344.72314453125
914,1,864.3232323232323,1726.810606060606,1,10,19.0,234923.15063694533,768.735595703125
915,1,76.0,1828.0,1,10,1.0,12364.376349312912,612.30712890625
916,1,785.0,1871.0,1,10,1.0,12364.376349312912,642.0986328125
917,5,37.207142857142856,156.55357142857142,5,50,5.4,66767.63228628974,836.2904663085938
918,1,1006.0,161.0,1,10,1.0,12364.376349312912,612.279541015625
919,1,1063.5,174.5,1,10,2.0,24728.752698625824,612.279541015625
920,2,1063.0,175.0,12,120,1.0,12364.376349312912,612.281494140625
921,1,1374.0,680.0,1,10,1.0,12364.376349312912,768.720947265625
922,1,802.6666666666666,1462.888888888889,1,10,5.0,61821.88174656456,612.279541015625
923,2,860.8055555555557,1725.5833333333335,6,60,4.5,55639.69357190811,642.096435546875
924,1,1090.0,214.0,1,10,1.0,12364.376349312912,612.2830810546875
925,2,855.5,1717.75,12,120,2.0,24728.752698625824,612.2830810546875
926,1,1116.0,243.0,1,10,1.0,12364.376349312912,612.2760009765625
927,1,1352.0,1007.5,1,10,2.0,24728.752698625824,612.2760009765625
928,5,157.2557142857143,1509.5871428571427,6,60,4.8,59349.00647670198,768.6973876953125
929,1,309.6,1538.8,1,10,5.0,61821.88174656456,735.9807739257812
930,1,285.0,1659.5,1,10,2.0,24728.752698625824,612.2760009765625
931,1,857.3333333333334,1721.3333333333333,1,10,3.0,37093.12904793874,612.2760009765625
932,1,1360.0,1772.0,1,10,1.0,12364.376349312912,612.2760009765625
933,2,1195.933114919355,1899.8095766129031,2,20,41.0,506939.4303218294,672.735107421875
934,1,2026.0,1993.0,1,10,1.0,12364.376349312912,612.2760009765625
935,1,1020.0,109.0,1,10,1.0,12364.376349312912,612.294189453125
936,1,1052.0,156.0,1,10,1.0,12364.376349312912,612.294189453125
937,1,1510.6666666666667,697.8333333333334,1,10,10.0,123643.76349312912,672.705078125
938,1,754.5,819.5,1,10,2.0,24728.752698625824,642.127685546875
939,8,1353.425785616179,1016.2458789192005,21,210,18.875,233377.6035932812,1017.5960693359376
940,2,313.4,1541.1,2,20,3.0,37093.12904793874,736.0084228515625
941,1,287.2,1661.8,1,10,5.0,61821.88174656456,672.705078125
942,1,380.83333333333337,1710.6666666666663,1,10,4.0,49457.50539725165,642.127685546875
943,1,1020.0,131.0,1,10,1.0,12364.376349312912,612.2586669921875
944,1,1011.5,161.5,1,10,2.0,24728.752698625824,612.2586669921875
945,1,1009.7666666666668,161.46666666666667,1,10,14.0,173101.26889038077,642.134033203125
946,1,2018.0,397.0,1,10,1.0,12364.376349312912,736.0111694335938
947,1,1503.5,691.5,1,10,2.0,24728.752698625824,612.2586669921875
948,2,805.9166666666667,1463.9166666666665,12,120,4.0,49457.50539725165,612.2713623046875
949,1,287.0,1664.5,1,10,4.0,49457.50539725165,612.2586669921875
950,1,859.375,1722.375,1,10,12.0,148372.51619175496,672.7074584960938
951,1,1502.2,701.65,1,10,7.0,86550.63444519037,642.1005859375
952,1,757.0,820.0,1,10,1.0,12364.376349312912,612.272216796875
953,2,425.66666666666663,837.1666666666667,2,20,2.0,24728.752698625824,612.272216796875
954,1,2044.0,987.0,1,10,1.0,12364.376349312912,612.272216796875
955,1,1833.7166666666667,1457.8166666666666,1,10,11.0,136008.13984244203,642.1005859375
956,1,806.6666666666666,1468.1666666666667,1,10,4.0,49457.50539725165,612.272216796875
957,1,290.8181818181818,1659.090909090909,1,10,11.0,136008.13984244203,735.9888916015625
958,6,1815.125,1210.361111111111,6,60,1.8333333333333333,22668.023307073672,642.1260986328125
959,1,799.0,1465.0,1,10,1.0,12364.376349312912,612.2626953125
960,2,294.66140308582453,1661.9225463409407,7,70,53.5,661494.1346882407,906.6573486328124
961,1,1261.0,1844.0,1,10,1.0,12364.376349312912,612.2626953125
962,1,278.5,2008.0,1,10,2.0,24728.752698625824,612.2626953125
963,1,1045.0,166.0,1,10,1.0,12364.376349312912,612.2412109375
964,2,346.8285714285714,422.79285714285714,4,40,6.5,80368.44627053392,642.1396484375
965,2,346.0,421.5,6,60,1.0,12364.376349312912,612.2860107421875
966,2,1354.8333333333335,1011.8566666666667,13,130,16.5,204012.20976366306,703.990966796875
967,4,98.64781746031746,1426.2896825396826,15,150,9.0,111279.3871438162,703.9935302734375
968,1,801.0,1469.0,1,10,1.0,12364.376349312912,612.2412109375
969,1,802.0,1468.0,1,10,1.0,12364.376349312912,612.2265625
970,1,823.0,1506.0,1,10,1.0,12364.376349312912,736.04150390625
971,1,297.8,1664.64,1,10,50.0,618218.8174656456,942.926513671875
972,1,1281.0,1836.0,1,10,1.0,12364.376349312912,612.2412109375
973,1,1059.5,172.0,1,10,2.0,24728.752698625824,612.256103515625
974,1,1059.0,171.0,1,10,1.0,12364.376349312912,612.2791748046875
975,2,1490.5,709.6666666666667,4,40,2.0,24728.752698625824,642.1068115234375
976,1,1968.0,926.0,1,10,1.0,12364.376349312912,612.256103515625
977,1,769.0,937.0,1,10,1.0,12364.376349312912,736.0014038085938
978,1,435.0,1033.0,1,10,1.0,12364.376349312912,612.256103515625
979,16,89.62045676918746,1424.8348376122512,35,350,22.4375,277425.69433770847,871.1051025390625
980,1,803.0,1470.0,1,10,1.0,12364.376349312912,612.256103515625
981,1,299.4736842105263,1658.3684210526317,1,10,19.0,234923.15063694533,736.0014038085938
982,1,369.0,1820.0,1,10,1.0,12364.376349312912,612.256103515625
983,20,48.463863671711515,156.7790247632305,27,270,13.3,164446.20544586173,1525.3011474609375
984,1,992.0,171.0,1,10,1.0,12364.376349312912,612.2705078125
985,1,1062.5,180.0,1,10,2.0,24728.752698625824,612.2705078125
986,2,1487.5,709.25,2,20,2.5,30910.940873282278,672.6898193359375
987,1,1732.0,1167.0,1,10,1.0,12364.376349312912,612.2705078125
988,1,2047.0,1424.0,1,10,1.0,12364.376349312912,612.2705078125
989,1,808.0,1474.0,1,10,1.0,12364.376349312912,612.2705078125
990,1,1259.0,1600.0,1,10,1.0,12364.376349312912,612.2705078125
991,1,293.16666666666663,1656.1666666666663,1,10,4.0,49457.50539725165,672.6898193359375
992,1,1733.0,1769.0,1,10,1.0,12364.376349312912,736.010498046875
993,5,75.06666666666666,1821.6666666666667,9,90,2.4,29674.50323835099,672.7322998046875
994,2,367.125,1827.25,2,20,2.0,24728.752698625824,612.2705078125
995,1,423.0,835.0,1,10,1.0,12364.376349312912,612.2452392578125
996,1,292.05555555555554,1653.1555555555556,1,10,48.0,593490.0647670198,906.6621704101562
997,1,850.0,1716.0,1,10,1.0,12364.376349312912,612.2452392578125
998,1,859.0,1760.0,1,10,1.0,12364.376349312912,768.7178344726562
999,1,71.5,1821.5,1,10,2.0,24728.752698625824,612.2452392578125
1000,1,1044.0,1903.0,1,10,1.0,12364.376349312912,612.2452392578125
1001,1,1168.5,1941.5,1,10,2.0,24728.752698625824,612.2452392578125
1002,3,219.54757196220612,1047.1266754559438,6,60,28.0,346202.53778076154,871.1111450195312
1003,1,811.0,1472.0,1,10,1.0,12364.376349312912,612.29638671875
1004,6,834.1222222222223,1488.386111111111,7,70,3.1666666666666665,39153.85843949089,735.9859619140625
1005,2,326.93055555555554,1562.375,2,20,17.0,210194.39793831948,1017.6002197265624
1006,1,294.7749445676275,1659.1790465631927,1,10,75.0,927328.2261984684,1175.443359375
1007,2,179.0,1572.5,2,20,1.0,12364.376349312912,612.2499389648438
1008,2,370.0,1827.75,2,20,1.5,18546.56452396937,642.14111328125
1009,5,223.3322764226488,1040.3558421896869,18,180,51.4,635528.9443546837,1668.26806640625
1010,1,1913.437037037037,1474.9296296296295,1,10,42.0,519303.8066711422,703.9873046875
1011,1,1994.0,1543.0,1,10,1.0,12364.376349312912,612.22607421875
1012,2,860.5,1712.0,20,200,1.0,12364.376349312912,612.2791748046875
1013,1,1741.0,1946.0,1,10,1.0,12364.376349312912,906.6685791015624
1014,1,448.0,1038.0,1,10,1.0,12364.376349312912,612.242919921875
1015,1,218.3333333333333,1049.75,1,10,11.0,136008.13984244203,703.9862060546875
1016,8,1481.7374669312169,1228.9972552910053,20,200,11.375,140644.78097343436,1525.324462890625
1017,1,798.0,1450.0,1,10,1.0,12364.376349312912,612.242919921875
1018,2,1974.5,1645.0,2,20,1.0,12364.376349312912,672.7111206054688
1019,1,1066.0,168.0,1,10,1.0,12364.376349312912,612.2713623046875
1020,1,285.8267543859649,1666.2708333333333,1,10,65.0,803684.4627053393,735.9906005859375
1021,1,857.0,1715.0,1,10,1.0,12364.376349312912,612.2713623046875
1022,1,13.7,1867.4,1,10,6.0,74186.25809587748,642.1521606445312
1023,1,52.0,1981.0,1,10,1.0,12364.376349312912,612.2713623046875
1024,1,295.0,4.5,1,10,2.0,24728.752698625824,642.121826171875
1025,1,596.0,250.0,1,10,1.0,12364.376349312912,612.2528686523438
1026,3,595.3333333333334,250.13333333333333,5,50,4.333333333333333,53578.96418035595,768.690673828125
1027,1,2046.0,966.5,1,10,2.0,24728.752698625824,612.2528686523438
1028,6,445.13888888888886,1038.4166666666667,13,130,2.6666666666666665,32971.67026483443,642.1275634765625
1029,5,1486.5,1229.7949494949496,15,150,6.4,79132.00863560263,1388.798828125
1030,1,804.0,1452.0,1,10,1.0,12364.376349312912,612.2528686523438
1031,1,292.0,1674.0,1,10,2.0,24728.752698625824,612.2528686523438
1032,2,5.133333333333333,1862.8333333333335,3,30,5.0,61821.88174656456,612.253173828125
1033,1,1375.0,1940.0,1,10,1.0,12364.376349312912,672.7120971679688
1034,1,1044.0,163.0,1,10,1.0,12364.376349312912,612.271484375
1035,1,219.5238095238095,1042.642857142857,1,10,12.0,148372.51619175496,672.7322998046875
1036,2,856.5,1279.0,2,20,2.0,24728.752698625824,612.271484375
1037,1,286.0,1674.0,1,10,3.0,37093.12904793874,612.271484375
1038,1,1015.0,1677.0,1,10,1.0,12364.376349312912,768.7354736328125
1039,1,2029.0,1990.0,1,10,1.0,12364.376349312912,768.7354736328125
1040,5,550.9777777777778,797.5,14,140,6.0,74186.25809587748,906.67138671875
1041,1,1352.5666666666666,1012.9111111111112,1,10,18.0,222558.7742876324,768.7110595703125
1042,1,222.19642857142856,1036.125,1,10,29.0,358566.91413007444,802.11279296875
1043,1,225.0,1033.9032258064517,1,10,31.0,383295.6668287003,1017.569580078125
1044,1,448.0,1044.0,1,10,1.0,12364.376349312912,612.261962890625
1045,1,804.0,1447.0,1,10,1.0,12364.376349312912,612.261962890625
1046,1,11.0,1868.0,1,10,3.0,37093.12904793874,642.1527099609375
1047,3,296.1666666666667,0.7777777777777778,13,130,2.0,24728.752698625827,642.1419677734375
1048,2,298.5,2.0,18,180,1.0,12364.376349312912,612.2808837890625
1049,2,321.08333333333337,1530.0833333333335,2,20,3.5,43275.31722259519,802.146728515625
1050,1,348.5,421.5,1,10,2.0,24728.752698625824,612.2811279296875
1051,1,1768.0,1085.0,1,10,1.0,12364.376349312912,612.2811279296875
1052,2,1134.0,1301.25,2,20,1.5,18546.56452396937,642.126220703125
1053,1,1082.2,1974.0,1,10,5.0,61821.88174656456,642.126220703125
1054,1,1069.0,191.0,1,10,1.0,12364.376349312912,612.2749633789062
1055,1,1375.0,656.5,1,10,2.0,24728.752698625824,642.1430053710938
1056,1,182.0,1051.0,1,10,1.0,12364.376349312912,612.2749633789062
1057,2,2044.5,1415.5,17,170,1.0,12364.376349312912,612.2749633789062
1058,1,105.48704268292684,1428.7858231707316,1,10,53.0,655311.9465135842,768.7245483398438
1059,1,792.6666666666666,1447.6666666666667,1,10,3.0,37093.12904793874,642.1430053710938
1060,1,1159.0,1939.0,1,10,1.0,12364.376349312912,612.2749633789062
1061,1,1056.0,164.0,1,10,1.0,12364.376349312912,612.2578125
1062,1,1833.0,406.0,1,10,1.0,12364.376349312912,612.2578125
1063,1,1375.0,654.0,1,10,3.0,37093.12904793874,642.1611328125
1064,2,175.0,1046.5,3,30,1.0,12364.376349312912,612.2578125
1065,1,101.62765151515153,1426.3386363636364,1,10,57.0,704769.4519108359,871.1007080078125
1066,3,803.0370370370371,1454.7370370370372,4,40,9.666666666666666,119522.30471002481,642.1611328125
1067,1,803.0,1455.0,1,10,1.0,12364.376349312912,612.2825927734375
1068,4,843.6666666666666,1722.2916666666667,4,40,2.75,34002.03496061051,612.2578125
1069,1,1374.0,662.0,1,10,1.0,12364.376349312912,612.248291015625
1070,4,773.4780792124542,823.7017990689867,7,70,15.0,185465.64523969367,1572.2603759765625
1071,1,1348.0,1022.0,1,10,1.0,12364.376349312912,612.248291015625
1072,1,104.45833333333334,1427.0625,1,10,49.0,605854.4411163328,768.70947265625
1073,1,402.0,1518.0,1,10,1.0,12364.376349312912,642.1397705078125
1074,4,1966.6473214285713,1625.84375,4,40,5.0,61821.881746564555,1175.480224609375
1075,1,1207.1764705882354,1892.8823529411768,1,10,29.0,358566.91413007444,672.7191162109375
1076,1,1571.8,501.6,1,10,5.0,61821.88174656456,802.134765625
1077,1,776.1583333333333,822.85,1,10,16.0,197830.0215890066,1433.575927734375
1078,1,2044.0,1411.0,1,10,1.0,12364.376349312912,612.231201171875
1079,1,800.75,1451.875,1,10,11.0,136008.13984244203,642.10791015625
1080,1,801.0,1452.0,1,10,1.0,12364.376349312912,612.291748046875
1081,1,1213.6666666666667,1693.3333333333333,1,10,3.0,37093.12904793874,612.231201171875
1082,2,1215.3333333333335,1693.5833333333335,12,120,3.5,43275.31722259519,642.1195068359375
1083,1,1213.0,1691.5,1,10,2.0,24728.752698625824,612.2884521484375
1084,1,1213.3909090909092,1691.6727272727271,1,10,16.0,197830.0215890066,642.1316528320312
1085,1,1880.0,515.0,1,10,1.0,12364.376349312912,612.24169921875
1086,36,1549.21163869114,1241.9804766725936,87,870,14.11111111111111,174475.08848474885,1433.621826171875
1087,3,2047.0,1417.0,11,110,1.3333333333333333,16485.835132417214,612.2749633789062
1088,1,1847.0,1513.0,1,10,3.0,37093.12904793874,704.028076171875
1089,1,1257.6458333333333,1663.6177884615386,1,10,57.0,704769.4519108359,642.1412353515625
1090,1,55.0,1973.0,1,10,2.0,24728.752698625824,612.24169921875
1091,1,294.0,1.0,1,10,2.0,24728.752698625824,612.2467041015625
1092,1,980.25,160.5,1,10,3.0,37093.12904793874,642.1070556640625
1093,1,1047.5,166.5,1,10,2.0,24728.752698625824,612.2467041015625
1094,1,549.3,806.5,1,10,6.0,74186.25809587746,642.1070556640625
1095,1,446.0,1042.0,1,10,1.0,12364.376349312912,612.2467041015625
1096,2,2047.0,1413.5,11,110,2.0,24728.752698625824,642.1302490234375
1097,1,551.9375,800.4375,1,10,10.0,123643.76349312912,735.970703125
1098,8,780.2129120879121,825.6195054945055,10,100,7.25,89641.72853251861,2478.953369140625
1099,2,2047.0,1409.1666666666665,6,60,2.0,24728.752698625824,612.2535400390625
1100,1,410.5,1505.5,1,10,4.0,49457.50539725165,704.0185546875
1101,44,411.79132000536805,1501.9275796186316,78,780,21.045454545454547,260213.9204423581,3310.933349609375
1102,1,840.5,1728.0,1,10,2.0,24728.752698625824,612.2535400390625
1103,2,7.15625,1860.71875,9,90,7.5,92732.82261984685,612.2535400390625
1104,2,6.6,1858.95,14,140,6.5,80368.44627053392,642.1070556640625
1105,1,550.8125,809.75,1,10,19.0,234923.15063694533,768.7188720703125
1106,1,776.75,829.0,1,10,3.0,37093.12904793874,736.0015869140625
1107,1,450.0,1042.0,1,10,1.0,12364.376349312912,612.26708984375
1108,1,1350.0,1451.0,1,10,1.0,12364.376349312912,736.0015869140625
1109,7,407.3029861442905,1506.7125076786565,10,100,13.285714285714286,164269.5714980144,1258.6905517578125
1110,14,314.48055575377003,1531.3609622520337,18,180,5.428571428571429,67120.90018198438,1056.0040283203125
1111,1,1206.5,1701.0,1,10,2.0,24728.752698625824,612.26708984375
1112,1,863.5,1717.5,1,10,2.0,24728.752698625824,642.1419677734375
1113,1,1132.0,1731.0,1,10,1.0,12364.376349312912,642.1419677734375
1114,1,77.0,1818.4,1,10,7.0,86550.63444519039,642.1419677734375
1115,1,1832.0,404.0,1,10,2.0,24728.752698625824,612.2452392578125
1116,1,538.5681818181818,819.2613636363636,1,10,25.0,309109.40873282275,942.9153442382812
1117,3,807.9230769230768,1461.8397435897434,5,50,6.333333333333333,78307.71687898178,642.1260986328125
1118,1,1208.0,1703.5,1,10,2.0,24728.752698625824,642.1260986328125
1119,1,67.0,1983.0,1,10,1.0,12364.376349312912,612.2452392578125
1120,3,1870.6666666666667,501.0,3,30,3.0,37093.12904793874,836.2679443359375
1121,1,525.6666666666667,828.6666666666667,1,10,4.0,49457.50539725165,612.2713623046875
1122,1,221.76,1050.41,1,10,30.0,370931.2904793873,906.67138671875
1123,1,450.6666666666667,1044.0,1,10,3.0,37093.12904793874,612.2713623046875
1124,3,94.38311288892965,1417.0868970359504,9,90,45.0,556396.9357190811,871.1038818359375
1125,3,810.5277777777777,1463.75,5,50,2.6666666666666665,32971.67026483443,642.1521606445312
1126,1,862.8333333333334,1720.6666666666667,1,10,4.0,49457.50539725165,612.2713623046875
1127,1,0.0,1899.0,1,10,1.0,12364.376349312912,612.2713623046875
1128,1,396.6875,2034.8125,1,10,8.0,98915.01079450328,642.1521606445312
1129,1,1017.0,105.0,1,10,1.0,12364.376349312912,612.2791748046875
1130,2,1575.0,118.25,4,40,1.5,18546.56452396937,612.2791748046875
1131,1,1073.0,182.0,1,10,1.0,12364.376349312912,612.2791748046875
1132,2,551.9642857142858,791.7987012987013,2,20,18.0,222558.77428763243,906.6456909179688
1133,3,533.0793650793651,827.2202380952381,3,30,25.0,309109.4087328228,768.7285766601562
1134,1,224.5,1036.4444444444443,1,10,8.0,98915.0107945033,612.2791748046875
1135,1,2040.0,1424.0,1,10,1.0,12364.376349312912,612.2791748046875
1136,1,4.0,1860.25,1,10,6.0,74186.25809587746,642.1241455078125
1137,1,1480.0,2046.5,1,10,2.0,24728.752698625824,612.2791748046875
1138,1,597.0,248.0,1,10,1.0,12364.376349312912,612.2464599609375
1139,2,219.83333333333331,1058.4166666666665,2,20,2.5,30910.94087328228,642.157470703125
1140,1,838.0,1497.0,1,10,3.0,37093.12904793874,642.157470703125
1141,1,1360.0,1789.0,1,10,1.0,12364.376349312912,612.2464599609375
1142,1,1216.0,1873.0,1,10,1.0,12364.376349312912,612.2464599609375
1143,1,1853.0,1881.0,1,10,1.0,12364.376349312912,612.2464599609375
1144,2,1373.5,196.0,2,20,1.0,12364.376349312912,735.99951171875
1145,1,723.0,542.0,1,10,1.0,12364.376349312912,612.2749633789062
1146,1,554.0,789.0,1,10,1.0,12364.376349312912,612.2749633789062
1147,1,103.35714285714286,1409.2857142857142,1,10,8.0,98915.0107945033,704.0032348632812
1148,1,1284.0,1610.0,1,10,1.0,12364.376349312912,612.2749633789062
1149,23,1282.914928171879,1612.896001779812,75,750,7.173913043478261,88700.96076681004,703.98193359375
1150,1,133.0,2028.0,1,10,1.0,12364.376349312912,612.2749633789062
1151,1,1005.0,35.0,1,10,2.0,24728.752698625824,612.26806640625
1152,1,889.0,181.0,1,10,1.0,12364.376349312912,612.26806640625
1153,1,529.8653846153846,828.7692307692307,1,10,17.0,210194.39793831948,735.99951171875
1154,1,767.0,932.0,1,10,1.0,12364.376349312912,612.26806640625
1155,1,82.75,1425.0,1,10,4.0,49457.50539725165,642.1131591796875
1156,1,1890.0,1471.0,1,10,2.0,24728.752698625824,612.26806640625
1157,1,1030.0,1882.0,1,10,1.0,12364.376349312912,612.26806640625
1158,2,1474.25,2046.75,2,20,2.0,24728.752698625824,672.7374267578125
1159,1,892.0,185.0,1,10,1.0,12364.376349312912,612.240234375
1160,2,66.23809523809524,270.5238095238095,2,20,8.0,98915.0107945033,735.9993896484375
1161,2,1403.25,738.0,2,20,2.5,30910.94087328228,703.969482421875
1162,1,1891.75,1468.0,1,10,3.0,37093.12904793874,612.240234375
1163,1,1190.0,1715.0,1,10,1.0,12364.376349312912,642.1348876953125
1164,1,1060.0,157.0,1,10,1.0,12364.376349312912,612.28662109375
1165,1,1837.0,411.0,1,10,1.0,12364.376349312912,612.28662109375
1166,2,1284.125,1112.25,2,20,2.0,24728.752698625824,612.28662109375
1167,1,94.8157894736842,1420.298245614035,1,10,22.0,272016.27968488407,703.986572265625
1168,1,62.5,1980.5,1,10,2.0,24728.752698625824,612.28662109375
1169,2,304.5,0.0,2,20,1.0,12364.376349312912,612.2366943359375
1170,3,62.75353535353536,271.3454545454546,3,30,12.0,148372.51619175496,735.9947509765625
1171,1,1834.0,414.5,1,10,2.0,24728.752698625824,612.234619140625
1172,1,1573.388888888889,123.44444444444446,1,10,8.0,98915.0107945033,612.2366943359375
1173,1,1051.0,154.0,1,10,1.0,12364.376349312912,612.2366943359375
1174,1,1073.5,180.0,1,10,2.0,24728.752698625824,612.2366943359375
1175,1,1886.5,420.0,1,10,2.0,24728.752698625824,703.9927978515625
1176,2,1399.25,737.5,2,20,2.5,30910.94087328228,642.1123046875
1177,1,405.8125,1509.3125,1,10,16.0,197830.0215890066,836.2718505859375
1178,2,1238.6666666666665,1833.0833333333335,5,50,3.0,37093.12904793874,642.157958984375
1179,1,1239.6302083333333,1833.5885416666667,1,10,28.0,346202.5377807615,612.260986328125
1180,3,1237.5761904761903,1833.247619047619,6,60,10.333333333333334,127765.22227623343,642.139892578125
1181,1,979.0,155.5,1,10,2.0,24728.752698625824,612.2791748046875
1182,1,1884.5,408.0,1,10,4.0,49457.50539725165,802.1377563476562
1183,1,100.75,1421.275,1,10,38.0,469846.3012738906,836.2679443359375
1184,1,2037.0,1431.0,1,10,1.0,12364.376349312912,612.2791748046875
1185,2,1934.5,1463.5,2,20,2.0,24728.752698625824,642.13623046875
1186,5,408.9391275391275,1512.1820512820511,5,50,9.0,111279.38714381622,906.720703125
1187,1,1013.0,1668.0,1,10,1.0,12364.376349312912,612.2791748046875
1188,1,1011.8333333333334,1668.1666666666667,1,10,6.0,74186.25809587746,612.2884521484375
1189,2,919.4999999999999,2044.533333333333,13,130,9.0,111279.38714381622,642.1241455078125
1190,2,58.62777777777778,276.3539682539683,2,20,24.0,296745.03238350985,871.0858154296875
1191,1,1884.85,411.7,1,10,12.0,148372.51619175493,736.019287109375
1192,1,2040.0,1431.0,1,10,1.0,12364.376349312912,612.281494140625
1193,5,897.1616600307905,1730.627639019318,6,60,22.8,281907.78076433437,1017.586669921875
1194,1,897.0,1730.5,1,10,2.0,24728.752698625824,612.2860107421875
1195,1,228.5897435897436,1884.3076923076924,1,10,21.0,259651.9033355712,642.13623046875
1196,1,12.863636363636363,1917.1136363636365,1,10,28.0,346202.5377807616,642.13623046875
1197,1,1028.0,152.0,1,10,1.0,12364.376349312912,612.279541015625
1198,1,1060.25,175.5,1,10,3.0,37093.12904793874,612.279541015625
1199,1,898.0,178.0,1,10,1.0,12364.376349312912,612.279541015625
1200,1,896.0,178.0,1,10,1.0,12364.376349312912,612.30322265625
1201,1,296.0,389.0,1,10,1.0,12364.376349312912,612.279541015625
1202,1,295.2,388.6,1,10,5.0,61821.88174656456,642.13134765625
1203,1,1841.0,410.0,1,10,1.0,12364.376349312912,612.279541015625
1204,6,830.9055555555556,742.9944444444444,9,90,2.8333333333333335,35032.39965638659,871.09228515625
1205,1,1574.0,1305.0,1,10,1.0,12364.376349312912,735.942626953125
1206,1,2035.0,1427.0,1,10,1.0,12364.376349312912,612.279541015625
1207,1,1087.0,1586.0,1,10,1.0,12364.376349312912,1134.967529296875
1208,1,746.0,1792.0,1,10,1.0,12364.376349312912,802.136474609375
1209,1,1237.5,1840.0,1,10,2.0,24728.752698625824,612.279541015625
1210,1,222.21875,1885.71875,1,10,16.0,197830.0215890066,642.177490234375
1211,1,1060.0,169.0,1,10,1.0,12364.376349312912,612.238037109375
1212,27,53.56535380277981,270.55314745524606,33,330,26.925925925925927,332922.2817018699,1134.9024658203125
1213,1,1839.0,397.0,1,10,1.0,12364.376349312912,612.238037109375
1214,1,1883.0,417.0,1,10,1.0,12364.376349312912,612.238037109375
1215,1,968.0,736.0,1,10,1.0,12364.376349312912,612.238037109375
1216,3,1774.777777777778,1112.8055555555557,22,220,3.0,37093.12904793874,672.650634765625
1217,1,1773.0,1113.0,1,10,3.0,37093.12904793874,612.281494140625
1218,1,1123.6666666666667,1175.3333333333333,1,10,3.0,37093.12904793874,768.709228515625
1219,1,105.5,1408.3333333333337,1,10,4.0,49457.50539725165,642.157958984375
1220,1,1001.0,1667.0,1,10,1.0,12364.376349312912,612.238037109375
1221,5,999.549413919414,1670.1548733211232,24,240,24.4,301690.78292323503,672.74072265625
1222,1,1838.25,408.0,1,10,5.0,61821.88174656456,642.20068359375
1223,3,1126.388888888889,1175.861111111111,3,30,3.0,37093.12904793874,836.292724609375
1224,1,894.5,1242.0,1,10,2.0,24728.752698625824,768.6611328125
1225,2,1024.125,1672.5,12,120,2.0,24728.752698625824,642.1331787109375
1226,1,1208.7307692307693,1905.0384615384612,1,10,21.0,259651.9033355712,642.20068359375
1227,8,53.434080666526114,162.80196499946177,9,90,20.125,248833.07402992237,1258.63818359375
1228,1,1068.0,186.0,1,10,1.0,12364.376349312912,612.26513671875
1229,12,51.910080766756465,230.65864039927507,31,310,29.916666666666668,369900.9257836113,2847.98095703125
1230,6,1288.3648989898988,341.9444444444444,10,100,5.666666666666667,70064.79931277318,802.134765625
1231,1,1840.75,398.125,1,10,9.0,111279.38714381622,672.7685546875
1232,4,1498.25,411.375,4,40,2.0,24728.752698625824,642.10791015625
1233,1,911.0,572.0,1,10,1.0,12364.376349312912,612.26513671875
1234,1,111.5,1406.0,1,10,4.0,49457.50539725165,672.7685546875
1235,2,1930.5555555555557,1454.75,2,20,14.5,179283.45706503722,735.971923828125
1236,1,1289.5,1608.5,1,10,4.0,49457.50539725165,672.7685546875
1237,1,1931.0,1607.0,1,10,1.0,12364.376349312912,612.26513671875
1238,2,1013.9583333333333,1671.9583333333335,18,180,4.5,55639.6935719081,642.08349609375
1239,1,1014.2777777777778,1671.0,1,10,6.0,74186.25809587748,612.2650756835938
1240,1,900.1984126984127,1733.373015873016,1,10,26.0,321473.7850821357,735.971923828125
1241,1,1996.0,2000.0,1,10,1.0,12364.376349312912,942.886474609375
1242,2,1840.5,400.5,3,30,1.5,18546.56452396937,612.2477416992188
1243,1,1891.0,412.5,1,10,2.0,24728.752698625824,642.10791015625
1244,1,1409.75,1348.0,1,10,4.0,49457.50539725165,703.9901123046875
1245,1,113.5,1405.0,1,10,2.0,24728.752698625824,612.231201171875
1246,2,411.25,1538.5,2,20,1.5,18546.56452396937,672.744873046875
1247,1,1927.0,1605.4,1,10,5.0,61821.88174656456,642.10791015625
1248,3,246.33333333333334,1614.3333333333333,5,50,1.0,12364.376349312914,672.7227172851562
1249,1,1020.0,1673.0,1,10,1.0,12364.376349312912,612.231201171875
1250,1,1058.0,187.0,1,10,1.0,12364.376349312912,612.2459716796875
1251,2,1221.9017857142856,371.8035714285714,2,20,7.5,92732.82261984685,768.7285766601562
1252,1,1840.5,404.5,1,10,4.0,49457.50539725165,612.2459716796875
1253,1,1887.1666666666663,413.0,1,10,4.0,49457.50539725165,672.703369140625
1254,8,355.4990740740741,414.49212962962963,16,160,7.875,97369.46375083918,703.97509765625
1255,2,357.70833333333337,417.08333333333337,3,30,3.0,37093.12904793874,612.2808837890625
1256,1,1768.0,1125.0,1,10,1.0,12364.376349312912,642.124267578125
1257,1,1918.0,1127.0,1,10,1.0,12364.376349312912,612.2459716796875
1258,1,1544.2522222222224,1243.6722222222224,1,10,42.0,519303.8066711424,1479.0985107421875
1259,1,2045.0,1425.0,1,10,1.0,12364.376349312912,612.2459716796875
1260,1,1920.0,1492.0,1,10,2.0,24728.752698625824,612.2459716796875
1261,2,1292.25,1608.5,2,20,1.5,18546.56452396937,642.1226806640625
1262,1,1293.0,1608.0,1,10,1.0,12364.376349312912,612.2474365234375
1263,3,773.2015873015872,1625.538888888889,4,40,6.333333333333333,78307.71687898178,704.0165405273438
1264,1,266.4713333333333,1905.3893333333333,1,10,46.0,568761.312068394,642.124267578125
1265,1,48.59375,165.3125,1,10,18.0,222558.7742876324,802.1324462890625
1266,8,47.55,166.69375,8,80,4.5,55639.69357190811,906.6805419921876
1267,2,1349.0,1028.0,2,20,1.0,12364.376349312912,642.1226806640625
1268,1,1542.6681818181817,1252.182575757576,1,10,55.0,680040.6992122101,1525.318603515625
1269,1,1925.0,1495.0,1,10,1.0,12364.376349312912,612.2477416992188
1270,1,774.6470588235294,1620.4411764705883,1,10,18.0,222558.77428763243,802.1324462890625
1271,1,1032.0,1915.0,1,10,1.0,12364.376349312912,612.2477416992188
1272,1,1073.5,176.5,1,10,2.0,24728.752698625824,612.2787475585938
1273,1,58.0,233.0,1,10,1.0,12364.376349312912,612.2787475585938
1274,1,1840.0,394.0,1,10,1.0,12364.376349312912,612.2787475585938
1275,4,1495.9375,413.625,14,140,2.0,24728.752698625824,642.1502685546875
1276,2,170.6707317073171,1062.0487804878048,11,110,23.0,284380.65603419696,802.1324462890625
1277,1,1542.88125,1248.1839285714286,1,10,50.0,618218.8174656456,2135.473388671875
1278,1,70.375,1975.3198051948048,1,10,31.0,383295.6668287003,642.1168212890625
1279,1,1842.3333333333333,395.0,1,10,3.0,37093.12904793874,612.29638671875
1280,8,787.3872814685315,1049.4020541958043,26,260,8.0,98915.0107945033,1301.33544921875
1281,2,1557.618731884058,1253.407518115942,5,50,35.5,438935.3604006084,1433.60009765625
1282,2,1559.2368233618233,1252.1246438746439,7,70,36.0,445117.54857526487,906.6612548828124
1283,2,2046.0,1453.0,15,150,1.0,12364.376349312912,612.29638671875
1284,1,315.0,1659.5,1,10,6.0,74186.25809587748,704.0079345703125
1285,1,304.849537037037,1923.7685185185185,1,10,36.0,445117.5485752648,704.0079345703125
1286,1,1781.5,1091.0,1,10,2.0,24728.752698625824,612.2791748046875
1287,2,1547.2175,1248.2575000000002,9,90,19.5,241105.33881160177,1258.6856689453125
1288,1,2044.5,1392.0,1,10,2.0,24728.752698625824,612.2791748046875
1289,4,2043.8581349206352,1446.362896825397,23,230,7.75,95823.91670717506,642.1546630859375
1290,1,2043.75,1448.0,1,10,4.0,49457.50539725165,612.2860107421875
1291,1,893.0,1729.0,1,10,1.0,12364.376349312912,612.2791748046875
1292,1,893.3333333333334,1728.6666666666667,1,10,3.0,37093.12904793874,612.2658081054688
1293,1,1384.6666666666667,414.0,1,10,3.0,37093.12904793874,612.2752075195312
1294,1,1831.0,425.0,1,10,1.0,12364.376349312912,612.2752075195312
1295,1,1347.5,1031.0,1,10,2.0,24728.752698625824,642.1166381835938
1296,4,175.5232638888889,1057.0809027777777,4,40,10.25,126734.85758045735,802.1204833984375
1297,6,1769.375,1098.3333333333333,28,280,2.0,24728.752698625827,642.1195068359375
1298,1,2030.75,1385.5,1,10,3.0,37093.12904793874,642.1166381835938
1299,1,2044.0,1458.0,1,10,2.0,24728.752698625824,612.2752075195312
1300,1,2045.0,1457.0,1,10,1.0,12364.376349312912,612.2556762695312
1301,1,1933.0,1465.25,1,10,8.0,98915.0107945033,735.9866943359375
1302,1,1554.5729166666667,1255.1979166666667,1,10,39.0,482210.6776232036,1433.619384765625
1303,1,796.0,1445.0,1,10,1.0,12364.376349312912,612.2705078125
1304,1,1931.0,1463.0,1,10,3.0,37093.12904793874,672.6898193359375
1305,1,1029.0,1672.5,1,10,2.0,24728.752698625824,612.2705078125
1306,1,1209.0,1690.0,1,10,1.0,12364.376349312912,612.2705078125
1307,1,1186.0,1831.0,1,10,1.0,12364.376349312912,612.2705078125
1308,1,1018.5,164.5,1,10,2.0,24728.752698625824,612.242919921875
1309,1,238.0,736.0,1,10,1.0,12364.376349312912,642.1195068359375
1310,4,1854.875,1224.5833333333333,17,170,2.25,27819.846785954054,642.1531982421875
1311,2,1582.8333333333335,1285.25,2,20,4.0,49457.50539725165,836.28173828125
1312,1,1456.0,1613.0,1,10,1.0,12364.376349312912,612.242919921875
1313,2,867.6666666666666,1742.916666666667,2,20,3.0,37093.12904793874,612.2465209960938
1314,2,866.625,1745.25,2,20,3.5,43275.31722259519,703.9900512695312
1315,1,51.65,274.3,1,10,20.0,247287.52698625825,906.6744384765624
1316,1,1557.4469696969695,1256.625946969697,1,10,48.0,593490.0647670198,1095.1181640625
1317,1,1408.0,1351.0,1,10,3.0,37093.12904793874,703.9778442382812
1318,3,2042.0084656084655,1443.269708994709,23,230,12.666666666666666,156615.43375796353,672.7421875
1319,1,2042.3333333333333,1443.5,1,10,4.0,49457.50539725165,642.120849609375
1320,1,188.0,1862.0,1,10,1.0,12364.376349312912,612.2465209960938
1321,1,192.92028985507247,1057.1304347826087,1,10,26.0,321473.7850821357,836.2877197265625
1322,1,1771.5,1102.5,1,10,4.0,49457.50539725165,612.2967529296875
1323,1,1770.75,1102.05,1,10,8.0,98915.01079450328,642.1381225585938
1324,1,1773.0,1103.0,1,10,1.0,12364.376349312912,612.2646484375
1325,1,1775.0,1141.0,1,10,1.0,12364.376349312912,612.2967529296875
1326,2,1556.2215811965814,1249.3487179487179,2,20,32.0,395660.0431780132,1017.602294921875
1327,3,1556.807952086292,1248.784331253804,9,90,47.666666666666664,589368.6059839155,1619.923583984375
1328,1,2042.0,1392.0,1,10,1.0,12364.376349312912,612.2967529296875
1329,1,2047.0,1438.0,1,10,1.0,12364.376349312912,642.134033203125
1330,1,2047.0,1437.0,1,10,1.0,12364.376349312912,612.2689208984375
1331,1,411.0,1541.5,1,10,6.0,74186.25809587748,703.978759765625
1332,3,409.4888888888889,1542.4412698412698,3,30,5.0,61821.88174656456,836.2587890625
1333,1,103.0,1561.0,1,10,1.0,12364.376349312912,612.2967529296875
1334,2,1021.8333333333333,1670.1666666666665,4,40,2.0,24728.752698625824,612.2967529296875
1335,1,1023.3333333333334,1669.1666666666667,1,10,4.0,49457.50539725165,612.2767333984375
1336,2,19.166666666666664,1929.9166666666665,18,180,3.5,43275.317222595186,672.71435546875
1337,2,1013.625,156.75,6,60,3.0,37093.12904793874,642.1240234375
1338,9,1012.1016166960611,156.768759018759,30,300,15.222222222222221,188213.2844284299,672.7102661132812
1339,1,891.5,181.5,1,10,2.0,24728.752698625824,612.2630615234375
1340,1,162.27333333333334,1062.7783333333332,1,10,34.0,420388.795876639,1095.127685546875
1341,1,2047.0,1395.0,1,10,1.0,12364.376349312912,612.2630615234375
1342,9,415.60648148148147,1538.763888888889,17,170,4.333333333333333,53578.96418035596,942.904052734375
1343,3,415.1969696969697,1538.4520202020203,3,30,9.333333333333334,115400.84592692049,1017.5699462890624
1344,2,2010.0,1628.5,2,20,1.0,12364.376349312912,672.735595703125
1345,2,1195.0,1832.0,4,40,1.0,12364.376349312912,612.2630615234375
1346,1,1079.0,187.0,1,10,1.0,12364.376349312912,612.2825927734375
1347,1,169.83333333333331,1067.0333333333333,1,10,32.0,395660.0431780132,1017.5850219726562
1348,1,2038.0,1387.5,1,10,2.0,24728.752698625824,612.2825927734375
1349,1,998.0,1667.0,1,10,1.0,12364.376349312912,612.2825927734375
1350,1,569.0,1830.0,1,10,1.0,12364.376349312912,1619.8885498046875
1351,2,1833.0,1847.0,2,20,1.0,12364.376349312912,612.2825927734375
1352,1,866.0,1854.0,1,10,1.0,12364.376349312912,612.2825927734375
1353,3,1053.0,368.3333333333333,5,50,1.6666666666666667,20607.293915521517,672.7030029296875
1354,1,1857.5,1224.5,1,10,2.0,24728.752698625824,612.26708984375
1355,2,1011.75,147.75,6,60,1.5,18546.56452396937,612.251708984375
1356,1,786.2857142857143,1436.2857142857142,1,10,7.0,86550.63444519037,612.2452392578125
1357,1,1018.0,1670.0,1,10,1.0,12364.376349312912,612.2452392578125
1358,1,173.0,1855.0,1,10,1.0,12364.376349312912,612.2452392578125
1359,1,165.0,1055.0,1,10,1.0,12364.376349312912,612.291748046875
1360,1,1900.0,1150.0,1,10,2.0,24728.752698625824,612.291748046875
1361,1,1194.0,1372.0,1,10,1.0,12364.376349312912,612.291748046875
1362,1,990.0,1666.0,1,10,1.0,12364.376349312912,612.291748046875
1363,1,1096.0,1986.0,1,10,1.0,12364.376349312912,612.291748046875
1364,1,1050.0,368.0,1,10,1.0,12364.376349312912,612.30322265625
1365,1,161.0,1057.5,1,10,2.0,24728.752698625824,612.30322265625
1366,1,1770.71875,1115.1875,1,10,12.0,148372.51619175496,642.08349609375
1367,1,1277.8,1613.9,1,10,6.0,74186.25809587746,642.08349609375
1368,1,1216.0,1680.0,1,10,1.0,12364.376349312912,612.30322265625
1369,3,55.895887799564264,230.73613834422656,10,100,47.333333333333336,585247.1472008112,2976.69482421875
1370,1,56.0,266.0,1,10,1.0,12364.376349312912,612.26806640625
1371,1,1839.0,417.0,1,10,1.0,12364.376349312912,612.26806640625
1372,1,141.0,540.5,1,10,2.0,24728.752698625824,703.9788818359375
1373,1,1858.420634920635,1228.2142857142856,1,10,16.0,197830.0215890066,703.9788818359375
1374,1,1194.0,1368.0,1,10,1.0,12364.376349312912,612.26806640625
1375,10,1009.2841097857456,1671.1745231959715,34,340,22.1,273252.71731981536,703.9788818359375
1376,1,1018.5,159.5,1,10,2.0,24728.752698625824,612.2467041015625
1377,1,1018.0,161.0,1,10,1.0,12364.376349312912,612.2459716796875
1378,1,708.0,271.0,1,10,1.0,12364.376349312912,642.1070556640625
1379,1,1817.0,361.0,1,10,1.0,12364.376349312912,612.2467041015625
1380,2,141.75,538.375,2,20,3.0,37093.12904793874,906.6932373046876
1381,1,258.0,1005.0,1,10,7.0,86550.63444519039,836.2536010742188
1382,1,1005.9166666666666,1671.8333333333333,1,10,7.0,86550.63444519039,642.1070556640625
1383,1,1807.0,363.0,1,10,1.0,12364.376349312912,612.251708984375
1384,1,195.0,1063.0,1,10,1.0,12364.376349312912,612.251708984375
1385,2,195.58333333333331,1064.8333333333335,2,20,4.5,55639.69357190811,703.9933471679688
1386,1,1775.5,1116.75,1,10,3.0,37093.12904793874,612.251708984375
1387,1,1982.6666666666667,1405.8333333333333,1,10,4.0,49457.50539725165,612.251708984375
1388,2,2045.8571428571427,1442.5714285714284,4,40,4.5,55639.693571908094,642.1370849609375
1389,1,2045.8333333333333,1443.3333333333333,1,10,4.0,49457.50539725165,642.1531982421875
1390,1,2046.0,1444.0,1,10,1.0,12364.376349312912,612.300048828125
1391,4,1237.1307744565217,1491.463500494071,5,50,19.25,238014.24472427354,768.6885986328125
1392,7,1314.142857142857,1810.8607142857143,25,250,2.142857142857143,26495.0921770991,642.13623046875
1393,7,1762.6964285714287,1832.580357142857,10,100,4.571428571428571,56522.86331114475,642.1546630859375
1394,6,1762.972222222222,1834.0416666666667,14,140,2.3333333333333335,28850.211481730134,642.1361083984375
1395,2,1359.5,1027.5,2,20,2.0,24728.752698625824,672.7010498046875
1396,10,191.28777777777776,1063.5833333333335,36,360,5.7,70476.94519108359,1056.02197265625
1397,1,2046.0,1449.8333333333333,1,10,4.0,49457.50539725165,642.1546630859375
1398,4,124.92361111111111,417.4166666666667,20,200,6.75,83459.54035786215,1301.33544921875
1399,1,2041.0,1446.0,1,10,1.0,12364.376349312912,612.251708984375
1400,1,810.0,1457.0,1,10,1.0,12364.376349312912,642.1370849609375
1401,13,1922.1323834662069,1504.5395676219207,37,370,6.923076923076923,85599.52857216634,703.9933471679688
1402,1,48.73464052287581,234.7326797385621,1,10,63.0,778955.7100067133,1920.71337890625
1403,1,1052.0,374.0,1,10,1.0,12364.376349312912,612.257568359375
1404,1,1359.0,1030.0,1,10,1.0,12364.376349312912,612.257568359375
1405,2,1240.9355072463768,1492.6913043478262,3,30,27.5,340020.349606105,768.7200927734375
1406,3,350.7833333333333,1555.3666666666668,3,30,3.6666666666666665,45336.046614147344,942.9150390625
1407,1,339.0,1646.0,1,10,1.0,12364.376349312912,2080.706298828125
1408,1,1001.9986111111112,1671.1277777777775,1,10,25.0,309109.40873282275,642.12890625
1409,2,1837.0,1932.5,2,20,1.0,12364.376349312912,642.1546630859375
1410,1,57.0,168.0,1,10,1.0,12364.376349312912,642.1546630859375
1411,7,1503.6249084249084,411.38699633699633,7,70,9.285714285714286,114812.06610076276,736.0152587890625
1412,1,785.65625,1055.125,1,10,17.0,210194.3979383195,3108.2666015625
1413,1,1766.0,1093.0,1,10,1.0,12364.376349312912,612.2819213867188
1414,1,1003.5166666666668,1669.7333333333336,1,10,15.0,185465.6452396937,642.1546630859375
1415,1,1214.25,1683.75,1,10,9.0,111279.3871438162,642.1546630859375
1416,1,14.5,1856.4,1,10,6.0,74186.25809587746,612.2819213867188
1417,1,1068.0,1969.0,1,10,1.0,12364.376349312912,612.2819213867188
1418,1,330.0,2038.0,1,10,1.0,12364.376349312912,642.1546630859375
1419,1,1038.6666666666667,355.0,1,10,3.0,37093.12904793874,642.1531982421875
1420,1,833.0,748.5,1,10,2.0,24728.752698625824,642.1531982421875
1421,1,785.0,1051.5,1,10,4.0,49457.50539725165,736.00390625
1422,1,1784.0,1089.0,1,10,1.0,12364.376349312912,612.2813720703125
1423,1,1757.75,1832.5,1,10,3.0,37093.12904793874,612.2813720703125
1424,2,1759.0,1830.0,4,40,1.0,12364.376349312912,612.2565307617188
1425,1,1072.0,1968.5,1,10,2.0,24728.752698625824,612.2813720703125
1426,2,1039.0,331.5,2,20,3.0,37093.12904793874,672.720703125
1427,3,835.3666666666667,749.2666666666668,3,30,3.6666666666666665,45336.046614147344,703.9892578125
1428,1,1247.6739130434785,1492.9565217391305,1,10,24.0,296745.03238350985,672.74072265625
1429,1,19.0,1926.5,1,10,2.0,24728.752698625824,612.2860107421875
1430,1,1075.0,1975.0,1,10,1.0,12364.376349312912,612.2860107421875
1431,1,1014.0,150.0,1,10,1.0,12364.376349312912,612.2779541015625
1432,1,168.5,903.5,1,10,2.0,24728.752698625824,672.720703125
1433,1,1227.25,1490.5,1,10,3.0,37093.12904793874,612.2779541015625
1434,1,1026.0,160.0,1,10,1.0,12364.376349312912,612.24169921875
1435,1,60.21666666666667,232.26666666666665,1,10,53.0,655311.9465135842,2361.57080078125
1436,1,1177.0,420.0,1,10,1.0,12364.376349312912,1056.0218505859375
1437,1,166.0,906.0,1,10,1.0,12364.376349312912,612.24169921875
1438,1,979.1341463414634,1667.0365853658536,1,10,42.0,519303.8066711423,672.71435546875
1439,1,516.0,1806.0,1,10,1.0,12364.376349312912,1344.7147216796875
1440,3,1766.6666666666667,1830.0,9,90,2.3333333333333335,28850.21148173013,642.0955810546875
1441,1,1767.0,1830.0,1,10,1.0,12364.376349312912,612.2809448242188
1442,1,1833.0,1940.0,1,10,1.0,12364.376349312912,672.71435546875
1443,1,1078.0,1971.0,1,10,1.0,12364.376349312912,612.24169921875
1444,1,481.5263157894737,861.3684210526316,1,10,19.0,234923.15063694533,802.1295166015625
1445,2,164.25,907.25,3,30,1.5,18546.56452396937,642.1285400390625
1446,1,188.25,1059.5,1,10,3.0,37093.12904793874,612.2818603515625
1447,1,2039.7962962962963,1438.2222222222222,1,10,16.0,197830.0215890066,642.1285400390625
1448,1,374.5,427.0,1,10,2.0,24728.752698625824,612.2860107421875
1449,1,1790.0,1091.0,1,10,1.0,12364.376349312912,612.2860107421875
1450,1,1555.7857142857142,1241.4285714285716,1,10,50.0,618218.8174656456,1175.484619140625
1451,1,2029.5039215686277,1422.036274509804,1,10,32.0,395660.0431780132,672.74072265625
1452,1,2029.5372474747476,1420.802398989899,1,10,42.0,519303.8066711424,642.116943359375
1453,1,2046.0,1390.25,1,10,3.0,37093.12904793874,612.2860107421875
1454,1,1783.0,1826.0,1,10,1.0,12364.376349312912,612.2860107421875
1455,2,1784.5,1826.125,2,20,2.5,30910.940873282278,612.2705078125
1456,1,617.0,857.0,1,10,1.0,12364.376349312912,1433.58251953125
1457,4,482.3928571428571,870.6607142857142,4,40,7.75,95823.91670717507,979.9276123046876
1458,1,2045.86,1435.08,1,10,14.0,173101.26889038077,642.1546630859375
1459,1,1785.25,1823.75,1,10,6.0,74186.25809587748,642.1546630859375
1460,2,1831.875,1933.75,2,20,3.0,37093.12904793874,735.979736328125
1461,1,1776.75,1826.75,1,10,11.0,136008.13984244203,642.13623046875
1462,1,1777.047619047619,1828.6904761904764,1,10,16.0,197830.02158900665,642.13134765625
1463,4,1840.0,1888.0416666666667,5,50,4.75,58730.78765923633,736.0181884765625
1464,1,1088.0,203.0,1,10,1.0,12364.376349312912,612.234619140625
1465,1,38.75,237.7142857142857,1,10,56.0,692405.0755615231,979.94091796875
1466,5,1719.6633333333332,1215.0033333333333,5,50,4.0,49457.50539725165,672.7469482421875
1467,1,1973.0,1626.0,1,10,1.0,12364.376349312912,612.234619140625
1468,1,993.5035714285716,1669.279761904762,1,10,61.0,754226.9573080876,672.7469482421875
1469,5,1771.3371428571427,1829.5385714285717,23,230,5.4,66767.63228628974,642.1458740234375
1470,2,1770.0833333333333,1831.9791666666665,3,30,8.5,105097.19896915976,642.14453125
1471,1,1769.5,1834.0,1,10,4.0,49457.50539725165,612.2509155273438
1472,1,1013.0,134.0,1,10,1.0,12364.376349312912,612.261962890625
1473,2,36.628735632183904,237.9264367816092,6,60,22.0,272016.27968488407,1055.994140625
1474,1,1389.0,403.0,1,10,1.0,12364.376349312912,612.261962890625
1475,1,198.0,1062.0,1,10,1.0,12364.376349312912,612.261962890625
1476,1,1903.0,1491.0,1,10,1.0,12364.376349312912,612.261962890625
1477,1,1251.0,1498.5,1,10,2.0,24728.752698625824,768.70849609375
1478,2,1971.55,1628.3,2,20,4.5,55639.69357190811,672.72900390625
1479,1,881.0,1739.0,1,10,1.0,12364.376349312912,612.261962890625
1480,1,1156.0,1823.0,1,10,1.0,12364.376349312912,612.261962890625
1481,1,1840.5416666666663,1885.2083333333333,1,10,13.0,160736.89254106788,735.9954833984375
1482,1,474.0,871.0,1,10,1.0,12364.376349312912,612.2769775390625
1483,8,791.75,1056.5833333333335,16,160,2.625,32456.487916946393,1388.7969970703125
1484,1,1776.0,1104.0,1,10,1.0,12364.376349312912,612.2769775390625
1485,1,110.5,1431.5,1,10,4.0,49457.50539725165,612.2769775390625
1486,1,1277.2666666666669,1656.2,1,10,38.0,469846.30127389065,642.15185546875
1487,1,1218.0,1686.0,1,10,1.0,12364.376349312912,642.15185546875
1488,1,1318.5,1804.0,1,10,4.0,49457.50539725165,642.15185546875
1489,1,1841.0,1927.0,1,10,1.0,12364.376349312912,612.2769775390625
1490,7,1601.2094387755103,2019.144642857143,7,70,7.857142857142857,97148.67131603001,703.999267578125
1491,1,1393.0,402.0,1,10,1.0,12364.376349312912,612.2452392578125
1492,1,199.0,1064.0,1,10,1.0,12364.376349312912,612.2452392578125
1493,1,1905.0,1490.0,1,10,1.0,12364.376349312912,612.2452392578125
1494,1,292.0,1847.0,1,10,1.0,12364.376349312912,612.2452392578125
1495,1,1016.0,1881.0,1,10,1.0,12364.376349312912,612.2452392578125
1496,1,1017.0,163.0,1,10,1.0,12364.376349312912,612.2767333984375
1497,2,950.5,549.25,2,20,1.5,18546.56452396937,612.2767333984375
1498,2,1553.8761868613842,1251.1341924522844,2,20,69.5,859324.1562772475,1525.3514404296875
1499,1,1236.8,1658.6,1,10,7.0,86550.63444519037,642.1474609375
1500,5,370.1095238095238,1805.847619047619,5,50,8.2,101387.88606436588,906.6719970703124
1501,1,896.0,198.0,1,10,1.0,12364.376349312912,612.256103515625
1502,1,309.0,2042.0,1,10,1.0,12364.376349312912,642.1159057617188
1503,2,1533.111111111111,1226.8611111111113,4,40,7.5,92732.82261984685,906.6671142578124
1504,1,1909.0,1493.5,1,10,2.0,24728.752698625824,612.2884521484375
1505,1,1239.2962962962963,1649.9814814814813,1,10,12.0,148372.51619175496,672.7095336914062
1506,1,1787.8333333333333,1755.1666666666667,1,10,6.0,74186.25809587748,703.9760131835938
1507,1,1196.0,1846.0,1,10,1.0,12364.376349312912,612.2884521484375
1508,1,364.0,425.0,1,10,1.0,12364.376349312912,612.2658081054688
1509,1,363.0,426.0,1,10,1.0,12364.376349312912,612.2813720703125
1510,6,1848.5900997150995,533.0604904354905,34,340,13.833333333333334,171040.5394988286,1095.097412109375
1511,5,767.8333333333333,1153.2,5,50,2.0,24728.752698625824,703.978759765625
1512,1,411.0,1496.0,1,10,1.0,12364.376349312912,612.2658081054688
1513,1,1916.0,1497.0,1,10,1.0,12364.376349312912,612.2658081054688
1514,1,202.0,1535.0,1,10,1.0,12364.376349312912,612.2658081054688
1515,1,1292.0,1613.0,1,10,1.0,12364.376349312912,612.2658081054688
1516,1,1003.75,1667.5,1,10,4.0,49457.50539725165,642.1359252929688
1517,1,973.75,186.25,1,10,3.0,37093.12904793874,612.2967529296875
1518,1,893.0,195.0,1,10,1.0,12364.376349312912,612.2967529296875
1519,1,76.375,225.609375,1,10,64.0,791320.0863560264,1973.3614501953125
1520,1,41.52241379310345,235.70603448275864,1,10,49.0,605854.4411163327,1301.3282470703125
1521,1,1724.0,1216.0,1,10,1.0,12364.376349312912,642.134033203125
1522,1,1561.2619047619048,1265.2738095238096,1,10,43.0,531668.1830204552,1175.468994140625
1523,1,1322.0,1468.0,1,10,1.0,12364.376349312912,3957.33349609375
1524,4,1672.4166666666667,231.83333333333331,4,40,2.5,30910.94087328228,768.7255859375
1525,1,1822.3,346.8,1,10,8.0,98915.0107945033,736.006103515625
1526,1,1401.5,399.0,1,10,2.0,24728.752698625824,672.6997680664062
1527,4,1396.4576923076922,477.97451923076926,4,40,10.25,126734.85758045733,735.9918212890625
1528,1,1436.0,476.0,1,10,1.0,12364.376349312912,612.260986328125
1529,5,716.925,570.425,19,190,3.2,39566.004317801315,768.729248046875
1530,2,1786.0,1749.0,4,40,2.0,24728.752698625824,642.1495361328125
1531,1,971.0,191.0,1,10,1.0,12364.376349312912,612.2510375976562
1532,5,1827.0555555555554,352.9555555555556,23,230,5.6,69240.5075561523,704.013427734375
1533,2,1404.375,400.0625,2,20,10.0,123643.76349312914,768.718505859375
1534,1,1438.0,480.0,1,10,1.0,12364.376349312912,612.2510375976562
1535,1,1572.5,1070.5,1,10,2.0,24728.752698625824,642.14306640625
1536,1,299.0,6.0,1,10,1.0,12364.376349312912,612.2808837890625
1537,1,62.44451345755694,230.8182194616977,1,10,72.0,890235.0971505296,1216.7142333984375
1538,1,1236.0,385.0,1,10,1.0,12364.376349312912,703.9933471679688
1539,1,1865.5,536.0,1,10,2.0,24728.752698625824,672.6984252929688
1540,1,1575.888888888889,1075.611111111111,1,10,15.0,185465.6452396937,802.1488647460938
1541,2,1562.6106275303646,1260.615182186235,2,20,23.0,284380.65603419696,1017.6050415039062
1542,4,1159.8333333333335,1679.2916666666665,18,180,3.75,46366.41130992342,768.7261352539062
1543,3,1783.0,1742.0,4,40,2.3333333333333335,28850.21148173013,735.9775390625
1544,1,194.0,1853.0,1,10,1.0,12364.376349312912,612.2808837890625
1545,1,1181.0,1916.5,1,10,2.0,24728.752698625824,612.2808837890625
1546,8,73.95023584118078,220.02933488612837,13,130,11.5,142190.32801709848,1056.0057373046875
1547,1,39.0,245.8571428571429,1,10,21.0,259651.90333557117,1056.0057373046875
1548,13,1404.1507096705375,395.57692236979176,19,190,40.15384615384615,496477.2657185646,979.9219970703124
1549,1,1575.0,1072.7692307692307,1,10,19.0,234923.15063694533,836.2786865234375
1550,3,1157.7777777777776,1675.888888888889,4,40,1.6666666666666667,20607.293915521517,704.0023193359375
1551,1,181.0,1865.0,1,10,1.0,12364.376349312912,612.2808837890625
1552,1,39.0,248.0,1,10,1.0,12364.376349312912,642.1329345703125
1553,9,1398.2326309311602,482.04741745182923,12,120,6.333333333333333,78307.71687898178,768.71337890625
1554,1,1577.5757575757575,1077.5636363636363,1,10,19.0,234923.15063694533,836.2703247070312
1555,1,1168.0,1345.0,1,10,1.0,12364.376349312912,612.2589721679688
1556,3,1689.3333333333333,1551.8333333333333,4,40,1.3333333333333333,16485.835132417214,735.9775390625
1557,3,1809.8333333333333,1815.6333333333332,3,30,6.0,74186.25809587748,672.6903076171875
1558,1,82.5,225.33333333333331,1,10,6.0,74186.25809587748,768.7222900390625
1559,1,1833.428571428572,362.57142857142856,1,10,8.0,98915.0107945033,642.1478271484375
1560,3,713.0476190476189,569.0714285714286,12,120,5.666666666666667,70064.79931277318,871.097412109375
1561,2,1581.4,1082.325,2,20,4.0,49457.50539725165,704.01513671875
1562,1,1237.2,1660.9333333333332,1,10,12.0,148372.51619175496,612.242919921875
1563,1,1157.75,1683.25,1,10,5.0,61821.88174656456,802.1046142578125
1564,1,1151.6666666666667,1777.1666666666667,1,10,8.0,98915.0107945033,612.242919921875
1565,1,1151.9958333333334,1775.6333333333332,1,10,20.0,247287.52698625825,642.1430053710938
1566,2,1773.9166666666667,1825.6666666666665,2,20,5.0,61821.88174656456,612.2467041015625
1567,1,1079.0,1974.0,1,10,1.0,12364.376349312912,612.242919921875
1568,2,118.5,47.5,2,20,1.0,12364.376349312912,642.1070556640625
1569,32,50.83965917626763,172.58111785035499,68,680,9.3125,115143.2547529765,1619.8946533203125
1570,2,50.66666666666667,171.41666666666669,2,20,3.5,43275.31722259519,768.7200927734375
1571,2,1182.1,335.33333333333337,2,20,4.0,49457.50539725164,612.2535400390625
1572,1,960.6666666666666,948.6666666666666,1,10,3.0,37093.12904793874,871.090576171875
1573,1,1284.0,1616.0,1,10,1.0,12364.376349312912,612.2467041015625
1574,2,1221.59375,1679.8125,16,160,4.5,55639.6935719081,642.13623046875
1575,1,1785.0,1740.5,1,10,2.0,24728.752698625824,612.2467041015625
1576,1,842.0,1758.0,1,10,1.0,12364.376349312912,612.2467041015625
1577,1,182.0,1857.0,1,10,1.0,12364.376349312912,612.2467041015625
1578,1,1080.0,1978.0,1,10,1.0,12364.376349312912,612.2467041015625
1579,1,1080.0,1976.0,1,10,3.0,37093.12904793874,642.18115234375
1580,1,306.5,2033.0,1,10,2.0,24728.752698625824,642.1070556640625
1581,4,1924.25,1499.75,19,190,1.0,12364.376349312912,642.116943359375
1582,1,1209.0,1700.0,1,10,1.0,12364.376349312912,612.2535400390625
1583,1,839.0,1760.0,1,10,1.0,12364.376349312912,612.2535400390625
1584,1,1142.3333333333333,1779.3333333333333,1,10,3.0,37093.12904793874,612.2535400390625
1585,1,1791.625,1821.125,1,10,8.0,98915.0107945033,642.1275634765625
1586,1,1224.7888157894736,1840.0184210526315,1,10,34.0,420388.795876639,642.1275634765625
1587,1,965.0,167.0,1,10,3.0,37093.12904793874,612.26806640625
1588,1,1656.0,224.4,1,10,5.0,61821.88174656456,642.1131591796875
1589,3,1841.0,374.0,21,210,1.0,12364.376349312914,612.2811279296875
1590,3,1843.2083333333333,373.63690476190476,3,30,5.666666666666667,70064.79931277316,672.7046508789062
1591,3,1539.1666666666667,1098.0,20,200,1.3333333333333333,16485.835132417214,672.6875
1592,1,839.25,1751.5,1,10,3.0,37093.12904793874,612.26806640625
1593,1,1153.8333333333333,1780.8333333333333,1,10,6.0,74186.25809587746,642.1131591796875
1594,1,1153.7063492063492,1780.7936507936508,1,10,20.0,247287.52698625828,642.1329345703125
1595,1,1803.6666666666663,1816.8333333333333,1,10,8.0,98915.0107945033,642.1131591796875
1596,1,1771.0,1826.0,1,10,3.0,37093.12904793874,612.26806640625
1597,2,1658.7,225.3,2,20,3.0,37093.12904793874,735.98779296875
1598,1,689.0,299.0,1,10,1.0,12364.376349312912,836.2786865234375
1599,6,1047.8583333333333,375.8666666666666,8,80,3.1666666666666665,39153.85843949089,703.9933471679688
1600,1,1409.0,493.0,1,10,1.0,12364.376349312912,612.2808837890625
1601,1,1847.0,519.0,1,10,1.0,12364.376349312912,642.139892578125
1602,7,709.4858355929783,564.6687479187478,7,70,11.428571428571429,141307.15827786183,1619.9163818359375
1603,1,1539.5,1235.0,1,10,2.0,24728.752698625824,612.2808837890625
1604,1,1155.25,1778.25,1,10,4.0,49457.50539725165,612.2808837890625
1605,1,1794.9444444444443,1820.055555555556,1,10,8.0,98915.0107945033,642.139892578125
1606,5,1376.6333333333334,377.53333333333336,5,50,2.2,27201.627968488407,703.98193359375
1607,1,1850.6666666666667,515.6666666666666,1,10,3.0,37093.12904793874,642.147705078125
1608,3,793.9444444444445,1060.2222222222224,3,30,2.3333333333333335,28850.21148173013,979.91650390625
1609,1,843.0,1762.0,1,10,3.0,37093.12904793874,642.147705078125
1610,1,1788.5500000000002,1821.65,1,10,17.0,210194.39793831957,642.147705078125
1611,1,1787.0416666666667,1822.1666666666667,1,10,9.0,111279.38714381622,642.1381225585938
1612,2,1846.7517857142857,523.8160714285714,2,20,9.0,111279.38714381622,906.6573486328124
1613,1,1238.0,820.6666666666666,1,10,3.0,37093.12904793874,672.7074584960938
1614,1,948.0,952.0,1,10,1.0,12364.376349312912,612.2586669921875
1615,1,1290.0,1614.5,1,10,4.0,49457.50539725165,642.13134765625
1616,1,864.25,1849.75,1,10,4.0,49457.50539725165,642.13134765625
1617,1,1008.5,1890.5,1,10,2.0,24728.752698625824,612.2586669921875
1618,2,300.5,0.0,7,70,1.0,12364.376349312912,642.1458740234375
1619,1,1006.0,156.0,1,10,1.0,12364.376349312912,612.2499389648438
1620,2,1803.0,407.0,2,20,1.0,12364.376349312912,703.9822387695312
1621,1,1403.4642857142858,488.32142857142856,1,10,15.0,185465.6452396937,735.9998168945312
1622,1,1235.4,822.0,1,10,5.0,61821.88174656456,703.9822387695312
1623,1,1774.0,1109.0,1,10,1.0,12364.376349312912,612.2499389648438
1624,1,2034.0,1241.0,1,10,1.0,12364.376349312912,612.2499389648438
1625,17,1272.0229425029734,1608.5877409011696,43,430,19.705882352941178,243650.94570704855,735.9849243164062
1626,1,1273.75,1607.0,1,10,3.0,37093.12904793874,612.2933349609375
1627,1,878.0,1744.0,1,10,1.0,12364.376349312912,612.2499389648438
1628,1,4.5,1846.5,1,10,2.0,24728.752698625824,612.2499389648438
1629,1,1843.0,371.0,1,10,1.0,12364.376349312912,612.2791748046875
1630,1,1846.4166666666667,526.9166666666666,1,10,12.0,148372.51619175496,906.6456909179688
1631,5,1381.8333333333333,754.8666666666666,6,60,2.0,24728.752698625824,906.686279296875
1632,4,556.4,806.4666666666667,4,40,3.5,43275.31722259519,1095.1123046875
1633,1,876.5,1741.6666666666667,1,10,4.0,49457.50539725165,612.2791748046875
1634,1,846.0,1762.0,1,10,1.0,12364.376349312912,612.2791748046875
1635,1,1023.0,168.0,1,10,1.0,12364.376349312912,612.2705078125
1636,1,1849.0,357.0,1,10,1.0,12364.376349312912,612.2705078125
1637,1,1576.0,490.5,1,10,2.0,24728.752698625824,642.1387939453125
1638,1,1853.68253968254,528.4325396825396,1,10,21.0,259651.9033355711,871.1288452148438
1639,1,945.0,952.0,1,10,1.0,12364.376349312912,612.2705078125
1640,12,1278.4080165692008,1608.4952241715398,39,390,15.416666666666666,190617.468718574,704.06787109375
1641,1,1144.0,1731.0,1,10,1.0,12364.376349312912,612.2705078125
1642,1,282.2091836734694,1993.117346938776,1,10,33.0,408024.4195273261,642.1387939453125
1643,1,56.02777777777778,170.60416666666666,1,10,33.0,408024.4195273261,1301.318359375
1644,1,1050.7,362.725,1,10,9.0,111279.3871438162,802.1377563476562
1645,1,1844.0625,534.6875,1,10,9.0,111279.3871438162,768.704345703125
1646,17,1532.3011690734445,1236.1176500718066,24,240,19.470588235294116,240741.68068368078,2304.01708984375
1647,1,871.0,1744.0,1,10,1.0,12364.376349312912,612.2676391601562
1648,3,870.1666666666666,1741.3333333333333,3,30,1.3333333333333333,16485.835132417214,612.30810546875
1649,1,872.0,1743.5,1,10,2.0,24728.752698625824,704.0113525390625
1650,1,18.916666666666668,1934.2916666666667,1,10,20.0,247287.52698625828,642.1381225585938
1651,1,65.76108374384236,221.14532019704436,1,10,36.0,445117.5485752648,1973.323486328125
1652,1,369.0,427.0,1,10,1.0,12364.376349312912,612.2809448242188
1653,1,1875.5,525.0,1,10,2.0,24728.752698625824,612.2809448242188
1654,1,1540.0,1100.0,1,10,1.0,12364.376349312912,612.2809448242188
1655,77,940.2848880310088,1103.90165115148,122,1220,19.155844155844157,236850.0664316435,5870.93359375
1656,1,1905.5,1189.0,1,10,2.0,24728.752698625824,612.2809448242188
1657,1,1096.0,1756.0,1,10,1.0,12364.376349312912,612.2809448242188
1658,1,1800.0,1817.5,1,10,2.0,24728.752698625824,612.2809448242188
1659,1,21.54861111111111,1936.743055555556,1,10,22.0,272016.2796848841,672.7124633789062
1660,4,59.445238095238096,170.49285714285713,5,50,6.0,74186.25809587746,1868.798828125
1661,1,67.4920634920635,222.50396825396825,1,10,51.0,630583.1938149584,2247.1220703125
1662,1,381.0,431.0,1,10,1.0,12364.376349312912,612.2584228515625
1663,2,158.05,880.4333333333334,2,20,12.5,154554.7043664114,1134.9384765625
1664,1,1772.0,1093.0,1,10,1.0,12364.376349312912,642.143310546875
1665,1,2033.0,1248.0,1,10,1.0,12364.376349312912,612.2584228515625
1666,1,836.0,1742.0,1,10,1.0,12364.376349312912,612.2584228515625
1667,1,879.0,1742.0,1,10,1.0,12364.376349312912,612.2584228515625
1668,1,121.0,58.0,1,10,1.0,12364.376349312912,612.2809448242188
1669,1,1074.0,196.0,1,10,1.0,12364.376349312912,703.98779296875
1670,1,108.0,395.0,1,10,1.0,12364.376349312912,642.1207275390625
1671,2,108.2912087912088,394.7060439560439,2,20,14.0,173101.26889038077,1717.3271484375
1672,3,1543.6666666666667,1100.0,4,40,2.3333333333333335,28850.21148173013,703.973876953125
1673,1,1774.0,1106.0,1,10,2.0,24728.752698625824,642.1207275390625
1674,1,1774.0,1106.0,1,10,1.0,12364.376349312912,612.281982421875
1675,2,1541.904761904762,1239.541666666667,2,20,12.0,148372.51619175496,1017.5960083007812
1676,1,17.0,1833.0,1,10,1.0,12364.376349312912,612.2809448242188
1677,1,137.0,2025.0,1,10,1.0,12364.376349312912,612.2809448242188
1678,1,1507.0,2043.0,1,10,1.0,12364.376349312912,642.1207275390625
1679,1,78.05434782608695,218.58695652173915,1,10,47.0,581125.6884177069,1479.041748046875
1680,5,95.42523809523809,392.34682539682535,25,250,20.2,249760.40225612078,2848.015625
1681,1,96.0,394.375,1,10,5.0,61821.88174656456,672.7138671875
1682,3,154.94652406417111,880.1301247771836,3,30,10.333333333333334,127765.22227623343,1134.9765625
1683,1,1505.0,2042.0,1,10,1.0,12364.376349312912,612.337890625
1684,1,1091.0,93.0,1,10,1.0,12364.376349312912,612.2791748046875
1685,2,79.53530092592592,220.30092592592592,2,20,30.5,377113.47865404375,1479.1351318359375
1686,11,109.8766317016317,398.29976631113,16,160,13.090909090909092,161860.92675464175,2912.015625
1687,2,1403.625,440.375,3,30,4.0,49457.50539725165,672.725341796875
1688,1,1569.5,1056.0,1,10,2.0,24728.752698625824,612.2791748046875
1689,2,1844.9166666666665,1895.0833333333335,9,90,3.5,43275.31722259519,768.7183837890625
1690,2,1846.3608393719805,1897.4607487922704,2,20,56.5,698587.2637361796,2026.6842041015625
1691,1,308.0,0.0,1,10,1.0,12364.376349312912,612.281494140625
1692,2,1855.625,532.375,7,70,2.0,24728.752698625824,612.281494140625
1693,1,1196.0,1332.5,1,10,2.0,24728.752698625824,672.7421875
1694,1,1974.0,1630.0,1,10,1.0,12364.376349312912,612.281494140625
1695,1,1232.0,1836.0,1,10,1.0,12364.376349312912,612.281494140625
1696,1,1232.0,1835.0,1,10,1.0,12364.376349312912,612.2689208984375
1697,2,1034.0,1924.5,3,30,1.0,12364.376349312912,642.13623046875
1698,1,1048.0,201.0,1,10,1.0,12364.376349312912,612.2581176757812
1699,4,76.12788461538462,216.32179487179485,4,40,10.75,132917.0457551138,1216.7191162109375
1700,2,1854.8095238095239,535.547619047619,7,70,12.0,148372.51619175496,735.9989013671875
1701,1,1563.0,1047.0,1,10,1.0,12364.376349312912,612.2581176757812
1702,1,1671.0,1385.5,1,10,2.0,24728.752698625824,612.2581176757812
1703,1,1227.595238095238,1677.857142857143,1,10,15.0,185465.64523969367,642.1434936523438
1704,3,879.9583333333334,1749.375,8,80,4.333333333333333,53578.96418035595,642.1531982421875
1705,1,1234.0,1837.0,1,10,1.0,12364.376349312912,612.2581176757812
1706,1,1850.0,537.0,1,10,1.0,12364.376349312912,612.263916015625
1707,1,2032.033189033189,1424.1666666666667,1,10,73.0,902599.4734998426,672.72314453125
1708,1,1138.5,1728.5,1,10,2.0,24728.752698625824,612.263916015625
1709,1,1881.0,479.0,1,10,1.0,12364.376349312912,612.2581176757812
1710,1,1354.0,991.0,1,10,3.0,37093.12904793874,612.2581176757812
1711,1,100.10714285714286,394.9285714285714,1,10,18.0,222558.77428763243,1767.0914306640625
1712,1,101.56944444444444,396.2638888888889,1,10,13.0,160736.89254106785,871.1163330078125
1713,1,103.18333333333334,396.1333333333334,1,10,11.0,136008.139842442,979.94091796875
1714,1,1878.0,483.0,1,10,1.0,12364.376349312912,612.2566528320312
1715,1,1382.0,751.0,1,10,1.0,12364.376349312912,612.2566528320312
1716,1,1232.0,1832.0,1,10,1.0,12364.376349312912,612.2566528320312
1717,2,1832.8625,1890.3708333333334,3,30,7.0,86550.63444519039,704.0018310546875
1718,3,78.6133190206361,209.68150318516174,14,140,44.666666666666664,552275.4769359768,1134.919677734375
1719,1,1845.0,379.0,1,10,1.0,12364.376349312912,612.2586669921875
1720,1,1401.6666666666667,442.0,1,10,3.0,37093.12904793874,642.13134765625
1721,1,1877.0,486.0,1,10,1.0,12364.376349312912,612.2586669921875
1722,5,1043.331111111111,1016.1933333333334,5,50,5.4,66767.63228628972,768.7183837890625
1723,1,1558.0,1045.0,1,10,1.0,12364.376349312912,612.2586669921875
1724,1,2029.0382352941176,1409.7127450980392,1,10,44.0,544032.5593697681,642.13134765625
1725,1,1931.0,1497.0,1,10,1.0,12364.376349312912,612.2586669921875
1726,1,1269.7777777777778,1661.388888888889,1,10,42.0,519303.8066711423,672.7074584960938
1727,1,1133.5,1726.0,1,10,2.0,24728.752698625824,612.2586669921875
1728,1,1237.75,1828.5,1,10,4.0,49457.50539725165,612.2586669921875
1729,1,1840.9166666666663,1892.6666666666663,1,10,7.0,86550.63444519039,642.13134765625
1730,2,72.81488269794721,212.61217008797652,15,150,28.0,346202.53778076154,1216.70458984375
1731,2,1404.7916666666665,446.95833333333326,2,20,18.5,228740.96246228888,871.0897827148438
1732,1,1062.0,1687.3333333333333,1,10,3.0,37093.12904793874,642.1131591796875
1733,1,873.0,1752.0,1,10,1.0,12364.376349312912,612.279052734375
1734,1,75.3725,213.235,1,10,33.0,408024.4195273261,1095.109375
1735,3,1878.3333333333333,489.6666666666667,5,50,3.0,37093.12904793874,672.7169189453125
1736,1,1549.0,1057.0,1,10,1.0,12364.376349312912,612.2811279296875
1737,5,52.93454545454546,177.32,5,50,5.8,71713.3828260149,1095.1138916015625
1738,7,1454.8448979591835,186.96734693877553,13,130,3.7142857142857144,45924.82644030509,768.6875
1739,2,78.90633802816902,213.53638497652582,4,40,65.5,809866.6508799957,1572.24560546875
1740,3,1848.1666666666667,377.1666666666667,10,100,1.3333333333333333,16485.835132417214,612.2813720703125
1741,9,1408.0557692307693,446.0342830009497,15,150,12.222222222222221,151120.15538049117,1344.74072265625
1742,3,1858.0425020885548,533.8639306599833,4,40,34.666666666666664,428631.7134428476,1056.021484375
1743,1,1576.0,1317.5,1,10,2.0,24728.752698625824,642.1531982421875
1744,3,1673.3333333333333,1387.3333333333333,12,120,1.3333333333333333,16485.835132417214,672.6937255859375
1745,4,1126.25,1772.9305555555557,7,70,5.0,61821.881746564555,704.0262451171875
1746,1,1223.0,50.0,1,10,1.0,12364.376349312912,612.2814331054688
1747,2,1360.0,985.5,2,20,1.0,12364.376349312912,642.139892578125
1748,1,186.64285714285717,1492.0,1,10,8.0,98915.0107945033,802.1205444335938
1749,1,1021.0,1838.0,1,10,1.0,12364.376349312912,612.2814331054688
1750,1,1086.0,1962.0,1,10,1.0,12364.376349312912,612.2814331054688
1751,1,940.45,1091.35,1,10,7.0,86550.63444519037,768.7015380859375
1752,1,2045.5,1459.375,1,10,5.0,61821.88174656456,612.2780151367188
1753,1,185.0,1490.0,1,10,1.0,12364.376349312912,612.2780151367188
1754,6,1016.9,1836.9333333333334,18,180,1.6666666666666667,20607.293915521517,735.9931640625
1755,2,1357.3333333333333,986.0,2,20,3.0,37093.12904793874,642.1316528320312
1756,1,816.0,1446.0,1,10,1.0,12364.376349312912,736.0150756835938
1757,1,1295.0,1855.25,1,10,3.0,37093.12904793874,612.2556762695312
1758,8,1412.8937704882678,448.0391056331953,24,240,12.5,154554.7043664114,1095.130859375
1759,1,1859.576923076923,531.4615384615385,1,10,40.0,494575.0539725165,1095.08740234375
1760,4,1842.4375,717.3660714285714,6,60,4.0,49457.505397251654,906.68408203125
1761,2,1862.288344988345,530.0089160839161,2,20,56.0,692405.0755615231,1301.3582763671875
1762,4,1859.875,528.493013211382,5,50,23.5,290562.8442088535,736.0274658203125
1763,1,2024.2580542264752,1414.3804625199364,1,10,44.0,544032.5593697681,642.1302490234375
1764,1,1881.0,488.0,1,10,2.0,24728.752698625824,672.705078125
1765,1,796.0,1680.0,1,10,1.0,12364.376349312912,612.294189453125
1766,1,1538.060606060606,1232.0454545454547,1,10,24.0,296745.03238350985,2080.72314453125
1767,2,1574.25,1319.75,2,20,1.5,18546.56452396937,672.70166015625
1768,1,2046.0,1466.0,1,10,1.0,12364.376349312912,612.2821044921875
1769,3,184.7857142857143,1501.2380952380954,3,30,4.666666666666667,57700.42296346026,871.121826171875
1770,1,1243.4666666666667,1666.8333333333337,1,10,10.0,123643.76349312912,642.1461181640625
1771,1,1006.0,1879.0,1,10,1.0,12364.376349312912,612.2821044921875
1772,1,1088.0,1984.0,1,10,1.0,12364.376349312912,612.2821044921875
1773,2,1086.5,1983.0,8,80,1.0,12364.376349312912,612.291748046875
1774,7,1850.2142857142858,374.42857142857144,19,190,1.2857142857142858,15897.055306259455,642.172119140625
1775,9,1853.236111111111,372.6111111111111,19,190,2.3333333333333335,28850.211481730126,672.7327880859375
1776,4,1853.426388888889,373.1875,21,210,5.75,71095.16400854924,703.9906005859375
1777,3,1540.7936507936508,1087.047619047619,3,30,4.333333333333333,53578.96418035595,768.6895751953125
1778,1,1772.0,1111.0,1,10,1.0,12364.376349312912,612.248779296875
1779,1,156.0,1438.0,1,10,1.0,12364.376349312912,612.248779296875
1780,2,1082.75,1978.0,3,30,1.5,18546.56452396937,612.2584228515625
1781,2,1669.0,1395.9583333333337,2,20,5.5,68004.06992122102,672.7055053710938
1782,1,2022.5926470588236,1416.0485294117648,1,10,37.0,457481.92492457776,672.725341796875
1783,1,2039.0,1476.0,1,10,1.0,12364.376349312912,612.2791748046875
1784,3,306.9444444444444,1477.4999999999998,4,40,2.6666666666666665,32971.67026483443,642.172119140625
1785,3,1905.3333333333333,1518.3333333333333,5,50,1.0,12364.376349312914,672.705810546875
1786,3,310.5740740740741,1529.0925925925924,3,30,6.666666666666667,82429.17566208607,735.9885864257812
1787,2,1106.611111111111,1644.7777777777778,2,20,5.0,61821.881746564555,672.7055053710938
1788,1,93.5,394.0,1,10,2.0,24728.752698625824,642.143310546875
1789,1,1889.0,492.0,1,10,1.0,12364.376349312912,612.2584228515625
1790,21,1545.7788542938545,1047.1708282458283,46,460,5.142857142857143,63588.22122503783,672.72314453125
1791,7,1546.857142857143,1049.0833333333333,10,100,2.2857142857142856,28261.431655572367,672.7102661132812
1792,15,1536.3800752624286,1245.004710126475,21,210,15.133333333333333,187114.22875293542,2660.26123046875
1793,9,1753.7443302068302,1427.405260942761,13,130,13.11111111111111,162110.71213543593,703.99609375
1794,1,1733.0,1456.0,1,10,1.0,12364.376349312912,612.2584228515625
1795,5,456.3666666666667,1477.5333333333333,5,50,2.2,27201.627968488407,836.28173828125
1796,1,305.0,1480.0,1,10,1.0,12364.376349312912,612.2584228515625
1797,1,1163.2068965517242,1792.155172413793,1,10,34.0,420388.79587663896,672.7055053710938
1798,1,72.23529411764706,215.3235294117647,1,10,34.0,420388.795876639,906.6376953125
1799,5,90.75714285714285,390.5857142857143,33,330,14.0,173101.26889038077,1095.065673828125
1800,1,1891.5,488.0,1,10,2.0,24728.752698625824,612.281982421875
1801,1,1802.0,980.0,1,10,1.0,12364.376349312912,1301.3671875
1802,1,202.0,1054.0,1,10,1.0,12364.376349312912,612.281982421875
1803,3,1591.7407407407409,1095.4814814814815,4,40,5.666666666666667,70064.79931277318,735.992431640625
1804,1,1725.0,1134.0,1,10,1.0,12364.376349312912,642.172119140625
1805,1,1157.0,1299.0,1,10,1.0,12364.376349312912,1479.09130859375
1806,4,1758.3801282051284,1428.9934294871794,14,140,12.75,157645.79845373964,735.992431640625
1807,1,1256.0,1609.0,1,10,1.0,12364.376349312912,612.281982421875
1808,1,1108.75,1641.125,1,10,8.0,98915.0107945033,642.172119140625
1809,1,8.0,1836.0,1,10,2.0,24728.752698625824,642.172119140625
1810,1,101.0681818181818,392.6136363636364,1,10,24.0,296745.0323835099,1572.26708984375
1811,2,1887.125,489.875,2,20,4.0,49457.50539725165,642.1195068359375
1812,3,1553.027777777778,1049.6666666666667,6,60,4.666666666666667,57700.422963460245,642.1546630859375
1813,1,1593.5,1097.7,1,10,10.0,123643.76349312912,768.722412109375
1814,1,2016.415476190476,1404.588095238095,1,10,55.0,680040.6992122103,642.1195068359375
1815,2,1735.875,1455.125,4,40,2.5,30910.940873282278,672.705810546875
1816,2,1063.0,1673.5,5,50,1.0,12364.376349312912,642.1546630859375
1817,1,70.15,214.25,1,10,7.0,86550.63444519037,612.30810546875
1818,1,147.0,394.0,1,10,1.0,12364.376349312912,642.087646484375
1819,2,1733.5,1454.0,2,20,4.0,49457.50539725165,802.115966796875
1820,1,1803.0,1812.0,1,10,1.0,12364.376349312912,612.30810546875
1821,1,1390.0,2023.0,1,10,1.0,12364.376349312912,6242.13330078125
1822,1,1219.0,36.0,1,10,1.0,12364.376349312912,612.264404296875
1823,1,1885.0,491.0,1,10,3.0,37093.12904793874,612.264404296875
1824,1,1532.0,1083.0,1,10,1.0,12364.376349312912,672.700439453125
1825,1,1794.0,1097.0,1,10,1.0,12364.376349312912,612.264404296875
1826,1,1195.6666666666667,1248.3333333333333,1,10,3.0,37093.12904793874,704.05029296875
1827,1,1756.4897959183672,1430.7551020408164,1,10,49.0,605854.4411163327,704.05029296875
1828,1,307.0,1525.0,1,10,1.0,12364.376349312912,612.264404296875
1829,1,528.5,1720.0,1,10,12.0,148372.51619175496,768.673828125
1830,3,1156.132605820106,1795.969312169312,3,30,25.0,309109.40873282286,642.1546630859375
1831,6,1798.8345238095237,1815.298611111111,8,80,9.833333333333334,121583.03410157697,703.99609375
1832,1,1759.0,1836.0,1,10,1.0,12364.376349312912,612.264404296875
1833,1,1086.0,1954.5,1,10,2.0,24728.752698625824,612.264404296875
1834,1,135.0,1983.0,1,10,1.0,12364.376349312912,612.264404296875
1835,1,2047.0,1992.0,1,10,1.0,12364.376349312912,612.264404296875
1836,3,1409.9838038414946,451.24548755510597,5,50,42.0,519303.8066711423,2190.898681640625
1837,2,1887.25,495.0,2,20,2.5,30910.940873282278,642.1546630859375
1838,4,1536.0,1085.625,4,40,3.0,37093.12904793874,942.9568481445312
1839,1,1783.0,1105.0,1,10,1.0,12364.376349312912,612.3076171875
1840,1,1197.7777777777778,1249.0,1,10,9.0,111279.3871438162,768.7119140625
1841,4,530.5472222222222,1723.8027777777777,4,40,8.5,105097.19896915976,906.6792602539062
1842,1,1028.0,199.0,1,10,1.0,12364.376349312912,612.2819213867188
1843,1,1413.486111111111,459.0416666666666,1,10,39.0,482210.6776232036,1344.732421875
1844,2,1886.0,1951.75,2,20,2.5,30910.940873282278,642.1370849609375
1845,1,1416.3030303030305,460.1590909090909,1,10,50.0,618218.8174656456,2247.09228515625
1846,1,1212.3333333333333,726.6666666666666,1,10,3.0,37093.12904793874,612.251708984375
1847,1,578.3333333333334,1380.6666666666667,1,10,3.0,37093.12904793874,1433.578369140625
1848,1,1718.5,1457.0,1,10,2.0,24728.752698625824,642.1370849609375
1849,7,1275.5409297052154,1602.2104308390024,14,140,3.5714285714285716,44158.48696183182,672.7325439453125
1850,5,1274.65,1600.65,11,110,1.8,22255.87742876324,642.1226806640625
1851,1,1161.3636363636365,1787.1818181818182,1,10,11.0,136008.13984244203,612.251708984375
1852,2,196.16666666666666,1055.0,3,30,4.0,49457.50539725165,672.6919555664062
1853,2,311.7380952380953,1522.9285714285716,2,20,10.0,123643.76349312912,768.7222900390625
1854,2,310.5444444444445,1521.9222222222222,2,20,7.0,86550.63444519039,768.7135009765625
1855,1,1065.5,1671.0,1,10,2.0,24728.752698625824,612.2689208984375
1856,1,1159.0833333333333,1788.875,1,10,13.0,160736.89254106788,642.1361083984375
1857,1,1090.0,1776.5,1,10,2.0,24728.752698625824,642.1361083984375
1858,1,1810.0,1812.0,1,10,1.0,12364.376349312912,612.2689208984375
1859,13,117.0224358974359,398.9725274725275,47,470,6.6923076923076925,82746.2109530941,1668.2772216796875
1860,1,204.8333333333333,1054.4166666666663,1,10,7.0,86550.63444519039,672.712890625
1861,1,1544.0,1086.0,1,10,1.0,12364.376349312912,642.1381225585938
1862,1,2034.0,1236.0,1,10,1.0,12364.376349312912,612.2676391601562
1863,1,463.0,1447.0,1,10,1.0,12364.376349312912,906.6636962890624
1864,1,1280.25,1604.5,1,10,3.0,37093.12904793874,612.2676391601562
1865,3,1971.1190476190477,1647.2142857142856,3,30,4.666666666666667,57700.42296346026,836.2706298828125
1866,32,1069.0123310223335,1675.1481451652426,42,420,18.71875,231445.66978870105,1056.02099609375
1867,6,1071.3847222222223,1682.7305555555556,7,70,3.5,43275.31722259519,735.988037109375
1868,1,1155.4545454545455,1785.2727272727273,1,10,11.0,136008.13984244203,642.1381225585938
1869,1,1.0,1842.8333333333333,1,10,4.0,49457.50539725165,642.1381225585938
1870,1,1314.361111111111,1846.4444444444443,1,10,8.0,98915.0107945033,672.712890625
1871,1,1408.0862068965516,440.9568965517241,1,10,31.0,383295.6668287003,1301.331298828125
1872,13,1529.640624494185,1243.190191464882,18,180,13.846153846153847,171199.05714433265,2026.6705322265625
1873,1,2047.0,1468.0,1,10,1.0,12364.376349312912,612.2565307617188
1874,3,309.8965207631874,1525.2184624017957,3,30,15.0,185465.64523969367,704.01708984375
1875,1,1064.5,1687.0,1,10,2.0,24728.752698625824,642.1182861328125
1876,1,1147.7777777777778,1773.3055555555554,1,10,9.0,111279.38714381622,642.1182861328125
1877,2,1154.0,1810.0,4,40,1.0,12364.376349312912,612.2749633789062
1878,1,1750.0,1099.0,1,10,1.0,12364.376349312912,612.2646484375
1879,1,1193.0,1617.0,1,10,1.0,12364.376349312912,736.0069580078125
1880,1,1236.361111111111,1672.25,1,10,14.0,173101.2688903808,672.7138671875
1881,1,1102.0,1754.0,1,10,1.0,12364.376349312912,612.2646484375
1882,1,1154.425,1773.586111111111,1,10,22.0,272016.27968488407,642.1585693359375
1883,9,366.40887499331944,1843.9586344930785,14,140,12.88888888888889,159363.07294669977,1216.7027587890625
1884,1,1969.2857142857144,1649.428571428571,1,10,7.0,86550.63444519039,942.9365234375
1885,1,1225.5,1683.111111111111,1,10,6.0,74186.25809587748,642.1340942382812
1886,1,1151.357142857143,1780.4642857142858,1,10,15.0,185465.64523969367,642.1340942382812
1887,3,1089.3333333333333,1780.8333333333333,3,30,2.3333333333333335,28850.21148173013,642.1329345703125
1888,1,2034.0,1982.0,1,10,1.0,12364.376349312912,612.2613525390625
1889,3,1417.7,450.13703703703703,3,30,16.0,197830.02158900662,979.925048828125
1890,1,1894.0,499.0,1,10,1.0,12364.376349312912,612.2749633789062
1891,1,1542.0714285714284,1051.625,1,10,11.0,136008.13984244203,642.1430053710938
1892,1,1121.5,1621.5,1,10,2.0,24728.752698625824,612.2749633789062
1893,1,1121.3368888888888,1622.0777777777778,1,10,60.0,741862.5809587747,736.003173828125
1894,2,1971.6,1650.2,2,20,3.0,37093.12904793874,942.9476318359376
1895,1,1295.0,1653.6666666666667,1,10,3.0,37093.12904793874,612.2749633789062
1896,1,1239.25,1668.0,1,10,3.0,37093.12904793874,612.2749633789062
1897,1,1067.6666666666667,1687.3333333333333,1,10,3.0,37093.12904793874,642.1430053710938
1898,1,1100.0,1752.0,1,10,1.0,12364.376349312912,612.2749633789062
1899,11,1772.899621212121,1835.1117424242425,21,210,2.3636363636363638,29224.889552921428,642.15185546875
1900,1,1770.0,1836.0,1,10,1.0,12364.376349312912,612.2556762695312
1901,3,2023.8592592592593,1986.5537037037036,4,40,10.666666666666666,131886.68105933772,704.0032348632812
1902,1,1920.0,1111.0,1,10,1.0,12364.376349312912,612.2589721679688
1903,1,2018.3198924731184,1313.094623655914,1,10,57.0,704769.4519108362,672.6995849609375
1904,1,302.0,1849.0,1,10,1.0,12364.376349312912,768.729248046875
1905,1,57.0,246.0,1,10,1.0,12364.376349312912,672.7000122070312
1906,1,1828.0,1087.0,1,10,1.0,12364.376349312912,612.2832641601562
1907,3,1764.2888888888886,1429.0976851851854,12,120,13.0,160736.89254106788,736.01171875
1908,1,1851.0,1854.0,1,10,1.0,12364.376349312912,612.2832641601562
1909,1,2020.2666666666669,1993.1,1,10,12.0,148372.51619175496,612.2832641601562
1910,1,1209.0,718.0,1,10,3.0,37093.12904793874,642.1331787109375
1911,1,417.5,1499.5,1,10,18.0,222558.7742876324,768.7322387695312
1912,1,1101.0,1749.0,1,10,1.0,12364.376349312912,612.2465209960938
1913,1,1813.0,1810.0,1,10,2.0,24728.752698625824,612.2465209960938
1914,1,1142.0,1813.0,1,10,1.0,12364.376349312912,612.2465209960938
1915,2,1850.3333333333335,1851.8333333333335,7,70,2.0,24728.752698625824,612.2658081054688
1916,10,1892.1251540616245,1539.1989075630252,20,200,8.0,98915.0107945033,979.8980712890624
1917,1,475.0,1570.0,1,10,1.0,12364.376349312912,736.0069580078125
1918,14,1080.7313240167216,1576.7357459811265,37,370,29.285714285714285,362099.59308702097,1344.7333984375
1919,1,1163.25,1802.6666666666667,1,10,12.0,148372.51619175496,642.1585693359375
1920,1,1807.0,1811.0,1,10,1.0,12364.376349312912,612.2646484375
1921,1,1762.0,1826.0,1,10,1.0,12364.376349312912,612.2646484375
1922,4,1850.375,1848.25,16,160,1.25,15455.470436641139,642.1585693359375
1923,1,1161.7,1805.55,1,10,11.0,136008.13984244203,642.1458740234375
1924,1,1817.5,1806.0,1,10,2.0,24728.752698625824,612.2499389648438
1925,1,361.2,1846.4,1,10,5.0,61821.88174656456,703.9822387695312
1926,1,1848.5666666666664,1174.6666666666663,1,10,18.0,222558.7742876324,642.116943359375
1927,1,2020.5708333333337,1405.875,1,10,47.0,581125.6884177071,642.116943359375
1928,2,804.7,1564.4,2,20,3.0,37093.12904793874,672.7277221679688
1929,1,887.5,1739.0,1,10,4.0,49457.50539725165,612.2566528320312
1930,1,890.0,1736.0,1,10,3.0,37093.12904793874,672.7277221679688
1931,1,1906.0,493.0,1,10,1.0,12364.376349312912,612.2723388671875
1932,1,1928.0,1013.0,1,10,1.0,12364.376349312912,612.2723388671875
1933,2,1514.5,1096.5,2,20,1.0,12364.376349312912,672.722900390625
1934,1,1094.0,1498.0,1,10,1.0,12364.376349312912,612.2723388671875
1935,3,2039.4663561076602,1999.3278985507247,4,40,13.666666666666666,168979.81010727645,672.722900390625
1936,1,321.75,2022.5,1,10,5.0,61821.88174656456,642.1398315429688
1937,1,921.25,565.0,1,10,3.0,37093.12904793874,612.2658081054688
1938,1,921.0857142857144,564.995238095238,1,10,38.0,469846.30127389065,703.9788818359375
1939,2,799.5,651.0,2,20,3.0,37093.12904793874,672.6973266601562
1940,2,210.58333333333331,1056.1666666666665,2,20,2.5,30910.94087328228,642.1359252929688
1941,1,906.0,1131.6666666666667,1,10,3.0,37093.12904793874,672.6973266601562
1942,1,903.6666666666666,1228.3333333333333,1,10,3.0,37093.12904793874,672.6973266601562
1943,1,904.0,1228.0,1,10,1.0,12364.376349312912,612.3125
1944,2,534.25,1408.25,2,20,3.5,43275.31722259519,703.983154296875
1945,1,1296.0,1650.5,1,10,4.0,49457.50539725165,612.2658081054688
1946,1,1243.1875,1669.25,1,10,10.0,123643.76349312912,642.1359252929688
1947,1,2042.875,1999.1666666666667,1,10,10.0,123643.76349312912,672.6973266601562
1948,3,1907.6388888888887,488.4722222222222,3,30,5.333333333333333,65943.34052966886,672.7030029296875
1949,1,920.0,571.5,1,10,2.0,24728.752698625824,612.2459716796875
1950,3,1084.3168934240364,1580.4943310657598,13,130,21.333333333333332,263773.36211867543,1175.465087890625
1951,3,1469.6083333333333,1614.6499999999999,3,30,5.0,61821.88174656456,672.7164306640625
1952,1,1241.5,1829.5,1,10,2.0,24728.752698625824,612.2459716796875
1953,1,405.0,2030.5,1,10,6.0,74186.25809587748,642.124267578125
1954,1,912.0,570.0,1,10,1.0,12364.376349312912,612.2769775390625
1955,1,1562.0,1049.0,1,10,1.0,12364.376349312912,642.15185546875
1956,1,1730.0,1452.0,1,10,1.0,12364.376349312912,612.2769775390625
1957,1,1831.0,1467.0,1,10,1.0,12364.376349312912,612.2769775390625
1958,1,413.5,1547.0,1,10,2.0,24728.752698625824,612.2769775390625
1959,1,1245.9166666666667,1668.1666666666667,1,10,11.0,136008.13984244203,642.15185546875
1960,1,568.0,1744.0,1,10,1.0,12364.376349312912,612.2769775390625
1961,1,519.5,454.0,1,10,4.0,49457.50539725165,672.7164306640625
1962,1,567.0,1742.0,1,10,1.0,12364.376349312912,612.254638671875
1963,1,1819.0,1803.0,1,10,1.0,12364.376349312912,612.254638671875
1964,3,2034.0873015873015,2000.4722222222224,4,40,10.333333333333334,127765.22227623343,736.018798828125
1965,1,2033.0833333333333,1998.375,1,10,11.0,136008.13984244203,704.0166625976562
1966,1,520.0,456.0,1,10,1.0,12364.376349312912,642.1502685546875
1967,4,1694.7625,539.7875,10,100,3.0,37093.12904793874,802.181884765625
1968,1,1570.0,1315.0,1,10,1.0,12364.376349312912,704.0079345703125
1969,1,422.5181818181818,1506.6090909090908,1,10,56.0,692405.0755615231,2247.132080078125
1970,1,1485.8666666666668,1611.4,1,10,9.0,111279.3871438162,672.7412109375
1971,1,1814.5,1806.0,1,10,2.0,24728.752698625824,612.29638671875
1972,1,2031.0,2003.0,1,10,6.0,74186.25809587748,642.1502685546875
1973,1,1761.9,1426.8,1,10,8.0,98915.0107945033,672.7626953125
1974,1,1482.875,1611.9375,1,10,9.0,111279.3871438162,768.693359375
1975,1,859.0,1768.0,1,10,1.0,12364.376349312912,612.297119140625
1976,1,1309.857142857143,1841.5,1,10,14.0,173101.26889038077,642.18115234375
1977,1,999.0,1874.0,1,10,1.0,12364.376349312912,612.297119140625
1978,1,1035.5,1918.0,1,10,2.0,24728.752698625824,612.297119140625
1979,1,1743.0,1945.0,1,10,1.0,12364.376349312912,642.18115234375
1980,2,1693.25,532.5,2,20,2.5,30910.940873282278,768.671875
1981,2,1597.75,1097.0,2,20,1.5,18546.56452396937,642.14453125
1982,1,1230.0,1344.0,1,10,1.0,12364.376349312912,703.9775390625
1983,1,1919.0,1517.0,1,10,1.0,12364.376349312912,672.69189453125
1984,1,1100.0,1658.0,1,10,1.0,12364.376349312912,612.243408203125
1985,1,1027.5,173.33333333333334,1,10,6.0,74186.25809587746,612.3359375
1986,1,274.5,1012.5,1,10,2.0,24728.752698625824,612.3359375
1987,1,868.0,1379.0,1,10,1.0,12364.376349312912,736.001953125
1988,1,100.0,398.6666666666667,1,10,3.0,37093.12904793874,642.12646484375
1989,3,1691.9624999999999,544.0916666666667,3,30,10.0,123643.76349312911,1344.73193359375
1990,2,68.75,913.5,5,50,1.5,18546.56452396937,768.7135009765625
1991,11,272.85605682196586,1006.996854155945,17,170,8.454545454545455,104535.18186237282,1055.9783935546875
1992,1,1820.5,1798.0,1,10,2.0,24728.752698625824,612.337890625
1993,1,1005.0,1883.0,1,10,1.0,12364.376349312912,612.337890625
1994,1,1308.711111111111,1844.511111111111,1,10,9.0,111279.3871438162,642.1585693359375
1995,1,1421.0,449.0,1,10,1.0,12364.376349312912,612.2535400390625
1996,1,1231.0,824.0,1,10,1.0,12364.376349312912,704.0185546875
1997,2,158.375,825.25,2,20,4.5,55639.69357190811,642.1275634765625
1998,2,1915.6666666666665,1515.6666666666665,2,20,2.0,24728.752698625824,704.0185546875
1999,1,1693.511111111111,536.8555555555555,1,10,10.0,123643.76349312912,802.17333984375
2000,1,1227.0,828.0,1,10,1.0,12364.376349312912,703.96435546875
2001,1,64.0,912.5,1,10,4.0,49457.50539725165,703.96435546875
2002,1,327.0,1502.0,1,10,1.0,12364.376349312912,642.08349609375
2003,1,1271.0,1599.0,1,10,1.0,12364.376349312912,612.220703125
2004,1,1271.0,1600.5,1,10,2.0,24728.752698625824,612.2509155273438
2005,8,1102.9242822128851,1695.612657563025,24,240,5.875,72640.71105221336,836.2752685546875
2006,1,1166.5,1781.5,1,10,6.0,74186.25809587748,612.220703125
2007,1,104.9,398.4333333333333,1,10,26.0,321473.7850821357,1017.6358642578124
2008,1,1426.8333333333337,457.08333333333337,1,10,7.0,86550.63444519039,703.9722900390625
2009,1,825.5,795.5,1,10,2.0,24728.752698625824,836.2694091796875
2010,1,159.28571428571428,827.7142857142857,1,10,7.0,86550.63444519039,672.704833984375
2011,2,1230.75,828.25,3,30,2.5,30910.940873282278,672.704833984375
2012,1,389.0,1522.0,1,10,1.0,12364.376349312912,642.1220703125
2013,1,1167.3333333333333,1785.388888888889,1,10,12.0,148372.51619175496,672.704833984375
2014,2,1763.5,1840.25,2,20,1.5,18546.56452396937,612.300048828125
2015,8,1851.6762577384893,1893.5392475801007,14,140,30.875,381750.1197850362,2026.653564453125
2016,3,1852.031795056795,1891.9426083176088,3,30,26.0,321473.78508213576,768.7285766601562
2017,1,1018.1666666666666,166.5,1,10,6.0,74186.25809587746,642.1502685546875
2018,1,1596.0,375.0,1,10,1.0,12364.376349312912,672.7412109375
2019,2,1425.0,462.25,3,30,1.5,18546.56452396937,642.1502685546875
2020,1,825.6666666666666,793.3333333333334,1,10,3.0,37093.12904793874,871.091064453125
2021,1,161.5,827.0,1,10,2.0,24728.752698625824,642.1502685546875
2022,1,1229.0,830.0,1,10,1.0,12364.376349312912,612.29638671875
2023,1,390.0,1520.0,1,10,3.0,37093.12904793874,736.01171875
2024,1,103.5,393.25,1,10,4.0,49457.50539725165,642.1585693359375
2025,1,1427.0,463.0,1,10,1.0,12364.376349312912,642.1585693359375
2026,1,1591.5,1087.0,1,10,2.0,24728.752698625824,612.2646484375
2027,1,1616.0,1223.0,1,10,1.0,12364.376349312912,672.7138671875
2028,3,710.5333333333333,310.73333333333335,3,30,3.6666666666666665,45336.046614147344,768.6932983398438
2029,2,270.1590909090909,998.0795454545454,11,110,8.0,98915.0107945033,703.977294921875
2030,1,2043.0,1435.0,1,10,1.0,12364.376349312912,612.2474365234375
2031,1,1085.77304964539,1578.241134751773,1,10,49.0,605854.4411163328,1017.6013793945312
2032,1,1072.98,1672.0600000000002,1,10,30.0,370931.2904793873,704.017578125
2033,1,203.0,1855.0,1,10,1.0,12364.376349312912,612.2474365234375
2034,2,268.14791288566244,993.3865698729583,2,20,33.5,414206.60770198255,768.6875610351562
2035,3,168.68888888888887,1054.3222222222223,3,30,4.333333333333333,53578.96418035595,871.1005859375
2036,1,1828.0,1810.0,1,10,1.0,12364.376349312912,612.25048828125
2037,1,1205.857142857143,1907.5,1,10,12.0,148372.51619175493,642.1484375
2038,1,1036.0,198.0,1,10,1.0,12364.376349312912,612.291748046875
2039,1,386.3333333333333,1521.3333333333333,1,10,3.0,37093.12904793874,642.11083984375
2040,3,1844.537554112554,1900.4366101491103,3,30,50.0,618218.8174656456,3882.666748046875
2041,1,94.0,386.5,1,10,2.0,24728.752698625824,768.69140625
2042,2,270.1051282051282,1001.6448717948718,2,20,19.5,241105.33881160177,802.1204833984375
2043,1,1280.0,1595.0,1,10,1.0,12364.376349312912,612.271240234375
2044,2,95.2051282051282,382.6538461538462,2,20,11.0,136008.13984244203,1095.1181640625
2045,1,171.0,1055.5,1,10,2.0,24728.752698625824,612.2465209960938
2046,1,2046.0,1430.0,1,10,1.0,12364.376349312912,612.2465209960938
2047,1,1287.0,1606.0,1,10,1.0,12364.376349312912,612.2465209960938
2048,3,1285.6666666666667,1604.6666666666667,4,40,1.0,12364.376349312914,672.7327880859375
2049,1,1101.0,1693.0,1,10,1.0,12364.376349312912,612.2465209960938
2050,1,895.1666666666667,1717.6666666666663,1,10,4.0,49457.50539725165,642.1331787109375
2051,1,1099.0,1959.0,1,10,1.0,12364.376349312912,612.2465209960938
2052,1,68.0,1974.0,1,10,1.0,12364.376349312912,612.2465209960938
2053,1,236.5,720.5,1,10,2.0,24728.752698625824,642.1359252929688
2054,1,66.0,915.0,1,10,1.0,12364.376349312912,642.1359252929688
2055,1,1930.0,1117.0,1,10,1.0,12364.376349312912,642.1359252929688
2056,1,1125.0,1657.0,1,10,2.0,24728.752698625824,612.2658081054688
2057,2,1861.75,1800.5,2,20,2.5,30910.94087328228,672.7102661132812
2058,1,1844.165650406504,1904.7002032520325,1,10,51.0,630583.1938149584,1868.787353515625
2059,1,1088.0,1976.5,1,10,2.0,24728.752698625824,612.2658081054688
2060,1,97.0,379.0,1,10,2.0,24728.752698625824,642.1331787109375
2061,2,272.2916666666667,1001.2083333333333,6,60,5.0,61821.88174656456,642.1331787109375
2062,1,212.0,1060.0,1,10,1.0,12364.376349312912,612.2465209960938
2063,1,1724.0,1180.0,1,10,1.0,12364.376349312912,612.2465209960938
2064,2,330.875,1501.3333333333335,3,30,4.5,55639.69357190811,642.1331787109375
2065,1,416.5,1550.0,1,10,2.0,24728.752698625824,612.2465209960938
2066,1,1128.0,1655.5,1,10,6.0,74186.25809587748,703.9778442382812
2067,1,879.84375,1886.3125,1,10,18.0,222558.77428763243,642.1331787109375
2068,1,1096.0,1955.0,1,10,1.0,12364.376349312912,612.2465209960938
2069,2,1082.3973825379207,1660.911672216056,3,30,53.5,661494.1346882407,871.12548828125
2070,1,1090.0,1974.0,1,10,2.0,24728.752698625824,612.291748046875
2071,1,1092.0,76.0,1,10,1.0,12364.376349312912,672.7010498046875
2072,4,106.72239583333334,392.3354166666667,7,70,13.5,166919.0807157243,979.9134521484376
2073,1,1077.566037735849,1664.3962264150944,1,10,54.0,667676.3228628973,768.6875610351562
2074,1,1867.0,1804.0,1,10,2.0,24728.752698625824,642.11083984375
2075,1,83.78,1820.2,1,10,10.0,123643.76349312912,642.11083984375
2076,1,333.6,1500.8,1,10,5.0,61821.88174656456,736.0179443359375
2077,2,1118.8125,1636.1875,9,90,3.5,43275.31722259519,672.7129516601562
2078,1,1105.5,1686.5,1,10,2.0,24728.752698625824,642.112060546875
2079,1,1593.0,363.0,1,10,1.0,12364.376349312912,672.7293701171875
2080,2,1072.285950203252,1663.789803523035,3,30,39.0,482210.67762320355,871.1321411132812
2081,1,1103.0,1686.0,1,10,1.0,12364.376349312912,612.2701416015625
2082,8,1853.488765902528,1796.6800203634086,18,180,14.25,176192.36297770898,1388.823486328125
2083,1,1014.0,174.0,1,10,1.0,12364.376349312912,612.3125
2084,1,1123.0,1639.0,1,10,1.0,12364.376349312912,642.03076171875
2085,1,1090.0,1981.0,1,10,1.0,12364.376349312912,612.3125
2086,1,923.9040697674418,564.3982558139535,1,10,47.0,581125.6884177069,672.7117919921875
2087,1,923.7352941176472,563.1470588235294,1,10,18.0,222558.77428763243,672.7314453125
2088,2,235.25,716.5,2,20,1.5,18546.56452396937,672.7227172851562
2089,1,913.0,1216.5,1,10,2.0,24728.752698625824,642.1331787109375
2090,1,1285.0,1945.0,1,10,1.0,12364.376349312912,612.2933349609375
2091,3,1011.7131313131313,151.04141414141415,12,120,11.666666666666666,144251.05740865067,642.1226806640625
2092,1,918.3571428571428,568.7460317460317,1,10,46.0,568761.3120683939,672.7227172851562
2093,1,859.5,1682.0,1,10,2.0,24728.752698625824,612.2477416992188
2094,1,917.818181818182,564.9818181818182,1,10,55.0,680040.6992122101,703.999267578125
2095,1,1543.0,1103.0,1,10,1.0,12364.376349312912,612.2658081054688
2096,1,2047.0,1296.0,1,10,1.0,12364.376349312912,612.2658081054688
2097,1,1122.0,1654.0,1,10,1.0,12364.376349312912,612.2658081054688
2098,1,862.0344827586207,1681.344827586207,1,10,29.0,358566.91413007444,703.999267578125
2099,2,374.625,1799.625,2,20,3.0,37093.12904793874,703.978759765625
2100,1,901.0,1848.0,1,10,1.0,12364.376349312912,612.2658081054688
2101,1,1022.0,1899.0,1,10,1.0,12364.376349312912,612.2658081054688
2102,1,1202.9047619047617,1929.9047619047617,1,10,9.0,111279.3871438162,642.1359252929688
2103,1,2036.0,1990.0,1,10,1.0,12364.376349312912,612.2658081054688
2104,11,1098.9347449869676,2016.8988703708528,13,130,15.818181818181818,195581.95316185884,871.1102905273438
2105,1,1545.0,1105.0,1,10,1.0,12364.376349312912,612.2967529296875
2106,4,876.3958333333334,1223.7708333333333,5,50,2.25,27819.846785954054,672.7100219726562
2107,1,1078.7363636363636,1670.8090909090909,1,10,58.0,717133.8282601489,1134.96240234375
2108,1,865.875,1680.6458333333337,1,10,25.0,309109.4087328228,735.986083984375
2109,1,908.0,1848.0,1,10,1.0,12364.376349312912,612.2967529296875
2110,4,1097.6,1969.559375,18,180,9.0,111279.38714381622,642.21337890625
2111,3,2034.72679742285,1994.884454191033,4,40,38.666666666666664,478089.21884009923,768.695068359375
2112,1,1018.55,157.15,1,10,10.0,123643.76349312912,642.1436157226562
2113,1,519.0,438.0,1,10,1.0,12364.376349312912,612.2722778320312
2114,1,915.1270491803278,566.5737704918033,1,10,63.0,778955.7100067134,704.0166625976562
2115,1,904.0,1138.5,1,10,2.0,24728.752698625824,612.2722778320312
2116,4,293.9375,1519.3541666666667,4,40,3.5,43275.31722259519,672.7100219726562
2117,1,1126.0,1642.0,1,10,1.0,12364.376349312912,612.2722778320312
2118,1,1126.0,1640.0,1,10,1.0,12364.376349312912,612.2584228515625
2119,1,279.0,1681.0,1,10,1.0,12364.376349312912,612.2722778320312
2120,1,863.0,1683.5,1,10,2.0,24728.752698625824,612.2722778320312
2121,1,1097.3333333333333,1975.6666666666667,1,10,3.0,37093.12904793874,612.2722778320312
2122,1,2032.5982905982908,1995.136752136752,1,10,41.0,506939.4303218293,704.0166625976562
2123,2,531.25,477.0,2,20,1.5,18546.56452396937,642.133544921875
2124,5,1690.2233333333334,564.2033333333333,6,60,3.8,46984.630127389064,703.9804077148438
2125,1,1270.0,1603.0,1,10,2.0,24728.752698625824,612.2814331054688
2126,1,1077.34375,1669.359375,1,10,64.0,791320.0863560264,942.9503784179688
2127,3,1841.6666666666667,1843.5833333333333,3,30,2.0,24728.75269862582,703.9804077148438
2128,3,1855.31683982684,1899.129025974026,5,50,70.66666666666667,873749.2620181125,979.9176025390624
2129,1,1093.875,1969.75,1,10,5.0,61821.88174656456,612.2814331054688
2130,1,619.5,511.0,1,10,2.0,24728.752698625824,612.2509155273438
2131,2,1075.236111111111,1547.1805555555557,2,20,17.0,210194.39793831948,802.1566162109375
2132,8,1115.7740384615386,1629.8245192307693,22,220,4.25,52548.59948457987,736.0014038085938
2133,1,1217.6944444444443,1877.7222222222224,1,10,13.0,160736.89254106785,642.133544921875
2134,1,1856.229090909091,1892.691515151515,1,10,64.0,791320.0863560264,1017.609130859375
2135,1,1207.0,1928.0,1,10,6.0,74186.25809587748,642.133544921875
2136,1,1095.3333333333333,1964.1666666666667,1,10,4.0,49457.50539725165,612.2509155273438
2137,1,1287.875,1602.25,1,10,5.0,61821.88174656456,642.1159057617188
2138,1,1209.45,1908.55,1,10,15.0,185465.64523969367,672.7327880859375
2139,1,1362.0,1941.0,1,10,1.0,12364.376349312912,642.1159057617188
2140,4,2029.345238095238,1999.4809523809522,5,50,7.0,86550.63444519039,704.0121459960938
2141,1,537.0,461.0,1,10,1.0,12364.376349312912,642.1436157226562
2142,2,949.75,544.75,7,70,2.5,30910.94087328228,736.0183715820312
2143,2,163.67857142857144,936.5357142857142,2,20,5.5,68004.06992122102,704.0166625976562
2144,1,1388.0,2006.0,1,10,1.0,12364.376349312912,1344.6993408203125
2145,1,1696.5079365079366,552.7936507936507,1,10,11.0,136008.13984244203,768.7176513671875
2146,4,844.4761904761905,1120.1785714285713,4,40,6.5,80368.44627053392,1095.139404296875
2147,2,1120.5,1641.25,2,20,2.0,24728.752698625824,642.1298828125
2148,1,1213.2239583333333,1898.763888888889,1,10,41.0,506939.4303218294,672.7127685546875
2149,2,1213.8643962848296,1899.4518059855518,4,40,41.0,506939.4303218295,672.7267456054688
2150,15,1447.055238095238,728.8402380952381,25,250,3.7333333333333334,46160.338370768215,1134.917724609375
2151,1,1815.0,1098.0,1,10,1.0,12364.376349312912,612.2860107421875
2152,1,1847.5,1835.5,1,10,2.0,24728.752698625824,735.9847412109375
2153,1,1000.0,1876.0,1,10,1.0,12364.376349312912,612.2860107421875
2154,1,1855.90368852459,1905.252049180328,1,10,74.0,914963.8498491556,979.8956298828124
2155,6,1283.0277777777776,534.7222222222222,6,60,2.3333333333333335,28850.21148173013,871.111083984375
2156,1,1849.0,1832.0,1,10,1.0,12364.376349312912,612.26806640625
2157,3,409.6740974560419,2022.1376777029557,18,180,42.0,519303.80667114235,672.683349609375
2158,1,948.5,543.0,1,10,2.0,24728.752698625824,642.1397705078125
2159,1,143.83333333333334,798.3333333333334,1,10,6.0,74186.25809587748,672.7191162109375
2160,1,1047.0,1046.0,1,10,1.0,12364.376349312912,612.248291015625
2161,1,470.0,1570.0,1,10,1.0,12364.376349312912,642.1397705078125
2162,1,1115.0,1627.0,1,10,1.0,12364.376349312912,612.248291015625
2163,1,1845.2063492063487,1833.18253968254,1,10,18.0,222558.77428763243,736.0040283203125
2164,4,2028.7916666666667,1995.1458333333333,19,190,3.25,40184.22313526696,642.112060546875
2165,1,1014.35,161.5,1,10,8.0,98915.01079450328,612.24169921875
2166,1,145.625,799.375,1,10,8.0,98915.0107945033,642.1412353515625
2167,1,1263.0,1604.0,1,10,1.0,12364.376349312912,612.24169921875
2168,1,1845.75,1848.6666666666667,1,10,6.0,74186.25809587746,672.71435546875
2169,1,1196.5,1924.75,1,10,4.0,49457.50539725165,612.24169921875
2170,2,63.33333333333333,936.1666666666667,3,30,2.0,24728.752698625824,642.139892578125
2171,1,181.0,1057.0,1,10,1.0,12364.376349312912,672.683349609375
2172,1,1266.0,1605.0,1,10,1.0,12364.376349312912,642.1131591796875
2173,3,1980.4222222222222,1655.788888888889,3,30,4.666666666666667,57700.42296346026,942.9334106445312
2174,1,1853.0,1851.0,1,10,2.0,24728.752698625824,672.683349609375
2175,1,533.75,468.5,1,10,3.0,37093.12904793874,642.139892578125
2176,1,906.0,1352.0,1,10,1.0,12364.376349312912,612.2780151367188
2177,1,2010.0,1420.0,1,10,1.0,12364.376349312912,612.2780151367188
2178,1,1989.0,1515.5,1,10,2.0,24728.752698625824,642.139892578125
2179,1,1174.0,1833.0,1,10,1.0,12364.376349312912,612.2780151367188
2180,1,1837.0,1847.0,1,10,1.0,12364.376349312912,612.2780151367188
2181,1,1014.0,1879.0,1,10,1.0,12364.376349312912,612.2780151367188
2182,8,1105.7037037037037,1974.6944444444443,31,310,3.875,47911.958353587535,642.139892578125
2183,1,1858.0,371.0,1,10,1.0,12364.376349312912,612.2780151367188
2184,1,1791.0,1105.0,1,10,1.0,12364.376349312912,612.2780151367188
2185,1,1720.0,1111.0,1,10,1.0,12364.376349312912,612.2780151367188
2186,1,1297.0,1595.0,1,10,1.0,12364.376349312912,612.2780151367188
2187,1,1018.6,67.8,1,10,5.0,61821.88174656456,704.0247802734375
2188,1,1818.0,1094.0,1,10,1.0,12364.376349312912,612.2578125
2189,1,1117.0,1626.0,1,10,1.0,12364.376349312912,642.1611328125
2190,4,1101.2357702020201,1966.5644715007215,7,70,21.0,259651.9033355711,672.6220703125
2191,1,407.87777777777774,2031.7,1,10,27.0,333838.16143144865,672.7255859375
2192,1,1020.5,66.0,1,10,2.0,24728.752698625824,612.2412109375
2193,1,301.0,1483.0,1,10,7.0,86550.63444519039,802.1484375
2194,1,1862.9356261022929,1902.6569664903,1,10,75.0,927328.2261984684,906.7177734375
2195,2,1101.5333333333333,1972.0166666666667,10,100,5.5,68004.069921221,612.2465209960938
2196,1,411.5875,2024.2416666666668,1,10,15.0,185465.6452396937,612.2412109375
2197,1,1025.8,63.35,1,10,7.0,86550.63444519037,672.78515625
2198,1,375.0,957.0,1,10,1.0,12364.376349312912,672.78515625
2199,1,228.0,1532.0,1,10,1.0,12364.376349312912,612.19873046875
2200,1,1860.791452991453,1902.1435897435897,1,10,29.0,358566.9141300744,802.24365234375
2201,1,1024.25,70.625,1,10,10.0,123643.76349312912,642.21337890625
2202,10,372.17833333333334,959.7433333333335,10,100,4.3,53166.81830204553,942.82373046875
2203,1,1780.0,1100.0,1,10,1.0,12364.376349312912,612.1767578125
2204,1,912.0,1358.0,1,10,1.0,12364.376349312912,612.1767578125
2205,1,797.0,1473.0,1,10,1.0,12364.376349312912,612.1767578125
2206,1,224.0,1532.0,1,10,1.0,12364.376349312912,612.1767578125
2207,1,1863.5238095238096,1900.109523809524,1,10,25.0,309109.4087328228,735.92919921875
2208,1,927.3825091575092,57.3551282051282,1,10,36.0,445117.5485752648,735.97216796875
2209,1,537.0,465.0,1,10,1.0,12364.376349312912,612.224609375
2210,1,1371.0,465.0,1,10,1.0,12364.376349312912,642.0205078125
2211,1,1865.5454545454545,1898.1136363636365,1,10,23.0,284380.65603419696,735.97216796875
2212,1,1075.0,88.0,1,10,1.0,12364.376349312912,1134.87890625
2213,1,1786.0,1088.0,1,10,1.0,12364.376349312912,612.3232421875
2214,1,799.5,1472.0,1,10,2.0,24728.752698625824,612.3232421875
2215,3,1873.826551226551,1900.241414141414,15,150,23.0,284380.65603419696,802.1029052734375
2216,1,691.0,296.5,1,10,4.0,49457.50539725165,703.962158203125
2217,1,1082.0,1030.0,1,10,1.0,12364.376349312912,642.13330078125
2218,1,904.0,1350.0,1,10,1.0,12364.376349312912,612.247802734375
2219,1,223.0,1536.0,1,10,1.0,12364.376349312912,612.247802734375
2220,1,1508.0,1082.0,1,10,1.0,12364.376349312912,642.1597900390625
2221,5,1870.1527777777778,1898.8627777777779,23,230,8.2,101387.88606436587,836.2766723632812
2222,1,1103.8466666666668,1970.2,1,10,26.0,321473.78508213564,642.1597900390625
2223,6,1082.8379629629628,1025.576388888889,6,60,4.5,55639.69357190811,703.9778442382812
2224,2,1506.0,1078.5,9,90,1.0,12364.376349312912,612.2967529296875
2225,2,1479.5833333333335,1605.8333333333335,2,20,3.5,43275.31722259519,703.9911499023438
2226,1,877.8431818181817,1873.015151515152,1,10,31.0,383295.66682870017,642.134033203125
2227,1,1396.6,473.2,1,10,5.0,61821.88174656456,736.012451171875
2228,3,1256.5,1067.0,4,40,1.3333333333333333,16485.835132417214,642.1331787109375
2229,1,1125.5,1796.0,1,10,2.0,24728.752698625824,871.1146240234375
2230,1,1846.0,1838.0,1,10,1.0,12364.376349312912,612.27587890625
2231,1,1383.3333333333337,467.9166666666666,1,10,7.0,86550.63444519039,942.923095703125
2232,2,1096.8118181818184,1666.43297979798,10,100,28.5,352384.72595541796,672.7191162109375
2233,2,1827.0,1885.0,2,20,1.0,12364.376349312912,612.257568359375
2234,2,1859.5532894736841,1904.834210526316,2,20,20.5,253469.7151609147,1216.699951171875
2235,1,2043.5,1985.0,1,10,2.0,24728.752698625824,642.1331787109375
2236,1,1029.0,53.5,1,10,2.0,24728.752698625824,642.12890625
2237,1,1845.0,370.0,1,10,1.0,12364.376349312912,612.257568359375
2238,2,1397.2,470.9,2,20,3.0,37093.12904793874,942.9244384765624
2239,1,1809.0,1099.0,1,10,1.0,12364.376349312912,612.257568359375
2240,1,1103.8010992275697,1653.1849588320176,1,10,51.0,630583.1938149586,768.7200927734375
2241,1,1160.2,1809.2,1,10,5.0,61821.88174656456,642.12890625
2242,1,1025.0,47.0,1,10,1.0,12364.376349312912,612.2265625
2243,1,161.0,933.0,1,10,1.0,12364.376349312912,612.2265625
2244,2,1108.5,1959.0,4,40,1.0,12364.376349312912,612.256103515625
2245,1,908.5401078088578,45.43837412587413,1,10,74.0,914963.8498491556,735.9797973632812
2246,1,1030.0,49.0,1,10,1.0,12364.376349312912,612.2819213867188
2247,1,1112.0,273.0,1,10,1.0,12364.376349312912,642.1546630859375
2248,1,296.0,711.0,1,10,1.0,12364.376349312912,612.2819213867188
2249,1,1157.0,1781.0,1,10,1.0,12364.376349312912,612.2819213867188
2250,1,204.0,1858.0,1,10,1.0,12364.376349312912,612.2819213867188
2251,1,878.4945054945056,1880.1785714285716,1,10,40.0,494575.0539725165,642.1546630859375
2252,2,1087.5,1027.25,2,20,1.5,18546.56452396937,612.256103515625
2253,1,1171.0,1830.0,1,10,2.0,24728.752698625824,612.2477416992188
2254,3,1106.0555555555557,1968.111111111111,5,50,2.0,24728.752698625827,612.256103515625
2255,1,1226.0,44.0,1,10,1.0,12364.376349312912,612.256103515625
2256,2,1009.2564102564104,65.55128205128206,2,20,11.5,142190.32801709848,704.0121459960938
2257,6,1855.4692460317463,368.0691137566137,17,170,8.666666666666666,107157.9283607119,703.9933471679688
2258,1,2040.0,684.0,1,10,1.0,12364.376349312912,736.0014038085938
2259,4,1854.4166666666665,364.02083333333337,10,100,5.5,68004.06992122102,672.7374267578125
2260,1,293.0,716.0,1,10,3.0,37093.12904793874,642.1159057617188
2261,1,1859.3398268398269,1893.690476190476,1,10,26.0,321473.7850821357,736.0014038085938
2262,1,905.0,2047.0,1,10,1.0,12364.376349312912,612.256103515625
2263,1,1851.25,368.5,1,10,4.0,49457.50539725165,612.2818603515625
2264,1,293.0,712.0,1,10,1.0,12364.376349312912,612.2818603515625
2265,1,1211.5666666666666,1902.622222222222,1,10,21.0,259651.9033355712,642.1285400390625
2266,1,1864.7207792207791,1894.8896103896109,1,10,34.0,420388.795876639,836.2398681640625
2267,1,929.0,559.0,1,10,1.0,12364.376349312912,612.24169921875
2268,1,1552.0,1046.0,1,10,1.0,12364.376349312912,612.24169921875
2269,1,793.2222222222222,1474.8333333333333,1,10,6.0,74186.25809587748,672.71435546875
2270,1,332.5,1675.5,1,10,6.0,74186.25809587746,704.028076171875
2271,1,1212.1175925925927,1909.9157407407408,1,10,47.0,581125.6884177069,672.71435546875
2272,1,1877.1666666666667,1898.9444444444443,1,10,27.0,333838.1614314486,836.2867431640625
2273,2,353.7613636363636,1918.9318181818182,14,140,11.0,136008.13984244203,642.1412353515625
2274,2,1851.3333333333335,365.66666666666663,5,50,2.5,30910.94087328228,612.2658081054688
2275,4,1288.25,1124.5,6,60,2.5,30910.94087328228,672.7261962890625
2276,1,796.5,1478.5,1,10,2.0,24728.752698625824,612.248291015625
2277,1,337.0,1671.2857142857142,1,10,7.0,86550.63444519039,703.986328125
2278,1,1110.0,1964.0,1,10,1.0,12364.376349312912,612.248291015625
2279,1,1015.0,56.5,1,10,2.0,24728.752698625824,612.2589721679688
2280,1,1828.409090909091,1138.719696969697,1,10,28.0,346202.53778076154,672.6995849609375
2281,1,1990.5,1288.0,1,10,2.0,24728.752698625824,612.2589721679688
2282,1,1089.404761904762,1676.3333333333333,1,10,23.0,284380.65603419696,672.6995849609375
2283,4,811.3551587301588,1684.6944444444443,4,40,5.75,71095.16400854924,704.0121459960938
2284,1,1878.1625,1889.1,1,10,41.0,506939.4303218293,768.729248046875
2285,1,1101.75,1957.5,1,10,3.0,37093.12904793874,672.6995849609375
2286,1,1003.4472222222222,50.30833333333334,1,10,19.0,234923.15063694533,736.003173828125
2287,1,304.75,402.75,1,10,3.0,37093.12904793874,642.1393432617188
2288,1,549.25,1235.5,1,10,5.0,61821.88174656456,736.003173828125
2289,1,1955.5,1524.5,1,10,2.0,24728.752698625824,612.2526245117188
2290,1,1104.0,1956.0,1,10,3.0,37093.12904793874,642.1393432617188
2291,1,417.9463992493549,2024.0532488857607,1,10,49.0,605854.4411163327,642.1393432617188
2292,9,1133.6999999999998,216.05238095238096,9,90,4.0,49457.50539725165,735.988037109375
2293,1,1847.0,367.0,1,10,1.0,12364.376349312912,612.256103515625
2294,1,1953.0,1531.0,1,10,1.0,12364.376349312912,612.256103515625
2295,1,1120.5750360750362,1627.7092352092352,1,10,31.0,383295.6668287003,736.0014038085938
2296,4,1099.25,1945.5,4,40,2.0,24728.752698625824,768.7110595703125
2297,1,1290.0,1594.0,1,10,1.0,12364.376349312912,612.2658081054688
2298,1,1116.85,1623.55,1,10,9.0,111279.3871438162,642.1359252929688
2299,3,758.3333333333334,1881.0,4,40,1.6666666666666667,20607.29391552152,672.7267456054688
2300,1,1017.0,56.0,1,10,1.0,12364.376349312912,612.253173828125
2301,1,1846.0,400.0,1,10,1.0,12364.376349312912,612.253173828125
2302,1,1790.0,1117.0,1,10,1.0,12364.376349312912,612.253173828125
2303,3,1957.111111111111,1519.0555555555557,3,30,3.6666666666666665,45336.046614147344,672.7374267578125
2304,8,1292.8854166666665,1592.6145833333335,9,90,3.125,38638.67609160285,703.969482421875
2305,1,1119.0,1616.0,1,10,1.0,12364.376349312912,612.253173828125
2306,1,1078.5,1676.75,1,10,5.0,61821.88174656456,612.253173828125
2307,1,1162.0,1823.0,1,10,1.0,12364.376349312912,612.253173828125
2308,1,1731.0,1944.0,1,10,1.0,12364.376349312912,979.9292602539062
2309,1,1103.5,1986.5,1,10,2.0,24728.752698625824,612.253173828125
2310,1,1027.0,66.0,1,10,2.0,24728.752698625824,612.240234375
2311,8,813.3549352572691,1165.2271676577543,8,80,13.0,160736.89254106785,2303.99560546875
2312,1,573.0,1367.0,1,10,1.0,12364.376349312912,5162.6669921875
2313,1,473.0,1592.0,1,10,1.0,12364.376349312912,672.7374267578125
2314,1,814.0,1681.5,1,10,2.0,24728.752698625824,642.1348876953125
2315,1,1100.0,1978.0,1,10,1.0,12364.376349312912,612.240234375
2316,1,937.7712765957448,1097.872340425532,1,10,49.0,605854.4411163327,942.9334106445312
2317,2,2009.5,1621.5,2,20,2.0,24728.752698625824,642.143310546875
2318,1,1127.5,1638.0,1,10,2.0,24728.752698625824,612.2780151367188
2319,2,270.5178571428571,1882.0674603174602,4,40,11.5,142190.3280170985,642.139892578125
2320,5,2037.375,680.65,5,50,4.4,54403.25593697681,1388.810546875
2321,2,356.0,958.0,3,30,1.0,12364.376349312912,703.9872436523438
2322,1,942.1916666666666,1098.4666666666667,1,10,46.0,568761.3120683939,836.2680053710938
2323,1,1945.0,1521.0,1,10,2.0,24728.752698625824,612.2584228515625
2324,1,1865.9166666666667,1889.361111111111,1,10,12.0,148372.51619175496,735.9885864257812
2325,2,1923.25,1452.5,2,20,1.5,18546.56452396937,642.139892578125
2326,4,476.2394230769231,1591.0384615384614,4,40,9.75,120552.66940580089,942.9334106445312
2327,1,1861.5,1884.5,1,10,4.0,49457.50539725165,642.139892578125
2328,1,1535.25,1064.0,1,10,4.0,49457.50539725165,871.1220703125
2329,1,1825.75,1100.75,1,10,3.0,37093.12904793874,612.2556762695312
2330,3,1105.6333333333334,1622.5666666666668,3,30,4.0,49457.505397251654,735.9908447265625
2331,1,821.0,1682.0,1,10,1.0,12364.376349312912,612.2556762695312
2332,1,1110.0,1976.75,1,10,4.0,49457.50539725165,612.2556762695312
2333,1,890.0,40.66666666666666,1,10,3.0,37093.12904793874,612.2509155273438
2334,1,408.0,810.0,1,10,1.0,12364.376349312912,906.6826171875
2335,2,0.125,1314.25,2,20,3.0,37093.12904793874,836.2645263671875
2336,1,873.8333333333333,1741.0,1,10,4.0,49457.50539725165,642.133544921875
2337,1,1821.0,1814.0,1,10,1.0,12364.376349312912,612.2509155273438
2338,1,1225.4391534391534,1921.7830687830688,1,10,31.0,383295.6668287003,642.133544921875
2339,1,1108.0,1977.5,1,10,2.0,24728.752698625824,612.2509155273438
2340,1,2029.0,1233.5,1,10,2.0,24728.752698625824,612.2780151367188
2341,1,1107.0,1667.0,1,10,1.0,12364.376349312912,612.2780151367188
2342,1,816.0,1682.0,1,10,1.0,12364.376349312912,612.2780151367188
2343,1,1823.0,1814.642857142857,1,10,8.0,98915.0107945033,768.7015380859375
2344,1,1768.0,1840.0,1,10,1.0,12364.376349312912,612.2780151367188
2345,1,1207.4,1909.075,1,10,16.0,197830.0215890066,642.139892578125
2346,1,1221.0,21.0,1,10,1.0,12364.376349312912,612.2713623046875
2347,1,2047.0,682.0,1,10,1.0,12364.376349312912,642.1521606445312
2348,1,1818.0,1817.5,1,10,2.0,24728.752698625824,612.2713623046875
2349,1,1327.0,1834.0,1,10,1.0,12364.376349312912,612.2713623046875
2350,1,1766.0,1838.0,1,10,1.0,12364.376349312912,612.2713623046875
