frame,x,y,area_px,area_km2,intensity,bbox,cluster_id,occurrences
0,2003.5,424.0,2.0,24728.752698625824,642.14599609375,"(np.int64(424), np.int64(2003), np.int64(425), np.int64(2005))",6,28
0,768.5803571428571,546.3482142857143,26.0,321473.78508213564,1135.0126953125,"(np.int64(539), np.int64(758), np.int64(554), np.int64(782))",7,22
0,1396.0,826.0,1.0,12364.376349312912,583.12158203125,"(np.int64(826), np.int64(1396), np.int64(827), np.int64(1397))",13,16
0,446.25,834.5,4.0,49457.50539725165,642.14599609375,"(np.int64(831), np.int64(443), np.int64(839), np.int64(450))",14,94
0,1041.5652173913043,981.2608695652174,23.0,284380.65603419696,1388.79931640625,"(np.int64(978), np.int64(1040), np.int64(985), np.int64(1044))",17,9
0,914.3333333333334,1116.6666666666667,3.0,37093.12904793874,703.953125,"(np.int64(1116), np.int64(914), np.int64(1118), np.int64(916))",18,141
0,976.0,1148.5,2.0,24728.752698625824,735.94970703125,"(np.int64(1148), np.int64(976), np.int64(1150), np.int64(977))",19,8
0,1655.875,1204.75,8.0,98915.0107945033,1095.06689453125,"(np.int64(1204), np.int64(1654), np.int64(1207), np.int64(1659))",20,27
0,1456.5,1348.5,2.0,24728.752698625824,583.12158203125,"(np.int64(1348), np.int64(1456), np.int64(1350), np.int64(1458))",24,30
0,1483.1773809523809,1362.0017857142857,65.0,803684.4627053393,735.94970703125,"(np.int64(1357), np.int64(1472), np.int64(1374), np.int64(1493))",24,30
0,163.0,1372.0,1.0,12364.376349312912,583.12158203125,"(np.int64(1372), np.int64(163), np.int64(1373), np.int64(164))",26,3
0,81.0,1446.0,2.0,24728.752698625824,583.12158203125,"(np.int64(1446), np.int64(80), np.int64(1447), np.int64(83))",29,54
0,338.0,1569.0,1.0,12364.376349312912,583.12158203125,"(np.int64(1569), np.int64(338), np.int64(1570), np.int64(339))",31,113
0,1749.0,1772.0,7.0,86550.63444519039,703.953125,"(np.int64(1771), np.int64(1748), np.int64(1774), np.int64(1751))",37,11
0,1142.6666666666667,1882.3333333333333,3.0,37093.12904793874,583.12158203125,"(np.int64(1881), np.int64(1139), np.int64(1885), np.int64(1147))",39,3
1,2004.0,422.5,2.0,24728.752698625824,583.09619140625,"(np.int64(422), np.int64(2004), np.int64(424), np.int64(2005))",6,28
1,768.8372549019608,544.5490196078431,28.0,346202.53778076154,906.60791015625,"(np.int64(538), np.int64(761), np.int64(553), np.int64(778))",7,22
1,1320.5,759.0,4.0,49457.50539725165,703.92138671875,"(np.int64(759), np.int64(1319), np.int64(760), np.int64(1323))",12,151
1,1166.0,808.0,1.0,12364.376349312912,583.09619140625,"(np.int64(808), np.int64(1166), np.int64(809), np.int64(1167))",41,11
1,449.9166666666667,826.5833333333334,9.0,111279.38714381622,583.09619140625,"(np.int64(820), np.int64(447), np.int64(839), np.int64(454))",14,94
1,971.0,867.0,1.0,12364.376349312912,583.09619140625,"(np.int64(867), np.int64(971), np.int64(868), np.int64(972))",42,180
1,1042.9444444444443,982.0833333333333,19.0,234923.15063694533,1134.87646484375,"(np.int64(977), np.int64(1040), np.int64(985), np.int64(1046))",17,9
1,914.0,1115.0,1.0,12364.376349312912,612.22021484375,"(np.int64(1115), np.int64(914), np.int64(1116), np.int64(915))",18,141
1,1655.5,1203.5833333333335,7.0,86550.63444519039,735.9970703125,"(np.int64(1202), np.int64(1653), np.int64(1205), np.int64(1658))",20,27
1,1484.8738095238095,1362.0119047619046,51.0,630583.1938149584,672.6328125,"(np.int64(1357), np.int64(1476), np.int64(1373), np.int64(1492))",24,30
1,163.0,1372.0,1.0,12364.376349312912,583.09619140625,"(np.int64(1372), np.int64(163), np.int64(1373), np.int64(164))",26,3
1,142.0,1533.0,1.0,12364.376349312912,583.09619140625,"(np.int64(1533), np.int64(142), np.int64(1534), np.int64(143))",43,115
1,1747.857142857143,1770.7142857142858,7.0,86550.63444519039,583.09619140625,"(np.int64(1770), np.int64(1747), np.int64(1773), np.int64(1750))",37,11
2,767.9296875,543.9375,68.0,840777.5917532782,1258.765625,"(np.int64(534), np.int64(754), np.int64(552), np.int64(780))",7,22
2,1319.625,758.625,8.0,98915.0107945033,703.9208984375,"(np.int64(758), np.int64(1318), np.int64(760), np.int64(1323))",12,151
2,447.875,825.375,6.0,74186.25809587748,642.04833984375,"(np.int64(822), np.int64(444), np.int64(829), np.int64(453))",14,94
2,973.5555555555555,867.8888888888889,9.0,111279.3871438162,703.9208984375,"(np.int64(867), np.int64(972), np.int64(870), np.int64(976))",42,180
2,1040.7272727272727,980.9090909090909,11.0,136008.13984244203,802.15380859375,"(np.int64(979), np.int64(1040), np.int64(984), np.int64(1043))",17,9
2,1653.3846153846155,1202.6923076923076,13.0,160736.89254106785,871.05712890625,"(np.int64(1201), np.int64(1651), np.int64(1205), np.int64(1657))",20,27
2,1476.8388888888887,1357.9388888888889,49.0,605854.4411163327,642.04833984375,"(np.int64(1347), np.int64(1455), np.int64(1373), np.int64(1491))",24,30
2,140.0,1535.3333333333333,3.0,37093.12904793874,642.04833984375,"(np.int64(1535), np.int64(139), np.int64(1537), np.int64(142))",43,115
2,1748.6666666666667,1769.6666666666667,3.0,37093.12904793874,642.04833984375,"(np.int64(1769), np.int64(1748), np.int64(1771), np.int64(1750))",37,11
2,384.0,1842.0,1.0,12364.376349312912,583.18896484375,"(np.int64(1842), np.int64(384), np.int64(1843), np.int64(385))",45,51
3,1321.111111111111,760.8888888888889,9.0,111279.3871438162,735.957275390625,"(np.int64(760), np.int64(1320), np.int64(763), np.int64(1324))",12,151
3,445.5555555555556,829.9444444444445,6.0,74186.25809587748,612.21044921875,"(np.int64(824), np.int64(437), np.int64(841), np.int64(454))",14,94
3,975.3636363636364,869.0909090909091,11.0,136008.13984244203,768.67333984375,"(np.int64(868), np.int64(974), np.int64(871), np.int64(978))",42,180
3,1043.0,982.0,1.0,12364.376349312912,583.167724609375,"(np.int64(982), np.int64(1043), np.int64(983), np.int64(1044))",17,9
3,915.1666666666666,1116.8333333333333,6.0,74186.25809587748,1056.000244140625,"(np.int64(1116), np.int64(914), np.int64(1119), np.int64(918))",18,141
3,976.0,1150.5,2.0,24728.752698625824,583.167724609375,"(np.int64(1150), np.int64(976), np.int64(1152), np.int64(977))",19,8
3,1654.4705882352941,1203.764705882353,17.0,210194.3979383195,768.67333984375,"(np.int64(1201), np.int64(1651), np.int64(1207), np.int64(1659))",20,27
3,1482.3420454545455,1361.5488636363636,51.0,630583.1938149584,672.706298828125,"(np.int64(1358), np.int64(1476), np.int64(1375), np.int64(1493))",24,30
3,140.5,1539.5,4.0,49457.50539725165,583.167724609375,"(np.int64(1539), np.int64(140), np.int64(1541), np.int64(142))",43,115
3,1749.0,1771.0,1.0,12364.376349312912,583.167724609375,"(np.int64(1771), np.int64(1749), np.int64(1772), np.int64(1750))",37,11
4,761.7460317460317,540.4444444444445,63.0,778955.7100067134,2419.9619140625,"(np.int64(536), np.int64(755), np.int64(544), np.int64(772))",7,22
4,1323.4545454545455,761.6363636363636,11.0,136008.13984244203,672.650634765625,"(np.int64(761), np.int64(1321), np.int64(763), np.int64(1328))",12,151
4,816.0,765.5,2.0,24728.752698625824,703.951904296875,"(np.int64(765), np.int64(816), np.int64(767), np.int64(817))",47,16
4,438.0,825.5,4.0,49457.50539725165,612.246826171875,"(np.int64(825), np.int64(437), np.int64(827), np.int64(440))",14,94
4,975.8,869.9,10.0,123643.76349312911,703.951904296875,"(np.int64(869), np.int64(974), np.int64(872), np.int64(978))",42,180
4,1042.5,982.0,8.0,98915.0107945033,768.75341796875,"(np.int64(980), np.int64(1042), np.int64(985), np.int64(1044))",17,9
4,1051.5,1045.3,12.0,148372.51619175493,768.75341796875,"(np.int64(1045), np.int64(1045), np.int64(1048), np.int64(1061))",48,14
4,916.4,1118.35,7.0,86550.63444519037,871.064697265625,"(np.int64(1117), np.int64(915), np.int64(1121), np.int64(920))",18,141
4,976.3333333333334,1148.5,6.0,74186.25809587748,736.029296875,"(np.int64(1146), np.int64(976), np.int64(1152), np.int64(978))",19,8
4,1654.8947368421052,1204.0,19.0,234923.15063694533,1017.61181640625,"(np.int64(1201), np.int64(1651), np.int64(1207), np.int64(1660))",20,27
4,1490.3061224489795,1368.0,49.0,605854.4411163327,736.029296875,"(np.int64(1363), np.int64(1487), np.int64(1375), np.int64(1494))",24,30
4,139.5,1540.5,10.0,123643.76349312911,736.029296875,"(np.int64(1539), np.int64(138), np.int64(1543), np.int64(142))",43,115
5,760.9512195121952,538.609756097561,41.0,506939.4303218294,1017.599853515625,"(np.int64(533), np.int64(753), np.int64(543), np.int64(771))",7,22
5,527.0,534.0,1.0,12364.376349312912,703.95751953125,"(np.int64(534), np.int64(527), np.int64(535), np.int64(528))",51,3
5,1322.5882352941176,761.1176470588235,17.0,210194.3979383195,672.734619140625,"(np.int64(760), np.int64(1319), np.int64(763), np.int64(1327))",12,151
5,447.23333333333335,825.9333333333334,8.0,98915.0107945033,642.07666015625,"(np.int64(824), np.int64(440), np.int64(830), np.int64(454))",14,94
5,975.6153846153846,868.6923076923077,13.0,160736.89254106785,736.028076171875,"(np.int64(867), np.int64(974), np.int64(872), np.int64(978))",42,180
5,1042.0,982.0,3.0,37093.12904793874,672.734619140625,"(np.int64(981), np.int64(1042), np.int64(984), np.int64(1043))",17,9
5,1052.9583333333335,1044.4166666666665,18.0,222558.77428763243,979.878173828125,"(np.int64(1044), np.int64(1046), np.int64(1047), np.int64(1060))",48,14
5,916.3,1116.8,10.0,123643.76349312911,871.09228515625,"(np.int64(1115), np.int64(915), np.int64(1120), np.int64(919))",18,141
5,976.0,1147.1818181818182,11.0,136008.13984244203,1056.028076171875,"(np.int64(1145), np.int64(975), np.int64(1151), np.int64(978))",19,8
5,1654.8333333333333,1203.5555555555557,18.0,222558.7742876324,943.00390625,"(np.int64(1200), np.int64(1651), np.int64(1207), np.int64(1659))",20,27
5,1488.3111111111111,1360.5481481481481,47.0,581125.6884177069,802.1474609375,"(np.int64(1356), np.int64(1486), np.int64(1373), np.int64(1494))",24,30
5,137.875,1542.25,8.0,98915.0107945033,768.6640625,"(np.int64(1541), np.int64(137), np.int64(1545), np.int64(140))",43,115
5,176.0,1575.0,1.0,12364.376349312912,612.2666015625,"(np.int64(1575), np.int64(176), np.int64(1576), np.int64(177))",52,9
5,1137.0,1883.0,1.0,12364.376349312912,583.162841796875,"(np.int64(1883), np.int64(1137), np.int64(1884), np.int64(1138))",39,3
6,757.9368421052632,535.628947368421,26.0,321473.7850821357,1017.66796875,"(np.int64(531), np.int64(753), np.int64(543), np.int64(770))",7,22
6,1319.25,760.5,12.0,148372.51619175496,672.6630859375,"(np.int64(759), np.int64(1317), np.int64(763), np.int64(1323))",12,151
6,952.0,760.0,1.0,12364.376349312912,583.177734375,"(np.int64(760), np.int64(952), np.int64(761), np.int64(953))",53,10
6,446.4230769230769,825.1923076923076,17.0,210194.39793831948,642.07373046875,"(np.int64(821), np.int64(437), np.int64(830), np.int64(452))",14,94
6,975.1666666666666,868.6666666666666,6.0,74186.25809587748,612.2451171875,"(np.int64(868), np.int64(974), np.int64(871), np.int64(977))",42,180
6,1050.5555555555557,1043.8055555555557,19.0,234923.15063694533,871.11328125,"(np.int64(1043), np.int64(1044), np.int64(1046), np.int64(1059))",48,14
6,916.8333333333334,1117.9166666666667,12.0,148372.51619175496,1479.0947265625,"(np.int64(1116), np.int64(915), np.int64(1121), np.int64(920))",18,141
6,975.0,1146.4615384615386,13.0,160736.89254106785,1135.0029296875,"(np.int64(1145), np.int64(973), np.int64(1150), np.int64(977))",19,8
6,1657.0,1205.0,1.0,12364.376349312912,583.177734375,"(np.int64(1205), np.int64(1657), np.int64(1206), np.int64(1658))",20,27
6,1490.4328358208954,1364.0597014925372,67.0,828413.2154039651,802.1728515625,"(np.int64(1356), np.int64(1488), np.int64(1372), np.int64(1494))",24,30
6,156.0,1519.0,3.0,37093.12904793874,612.2451171875,"(np.int64(1519), np.int64(155), np.int64(1520), np.int64(158))",43,115
6,175.0,1575.5,2.0,24728.752698625824,642.07373046875,"(np.int64(1575), np.int64(175), np.int64(1577), np.int64(176))",52,9
6,1716.5,1869.6666666666665,4.0,49457.50539725165,768.6923828125,"(np.int64(1868), np.int64(1713), np.int64(1872), np.int64(1722))",57,18
7,760.5666666666667,538.3333333333334,60.0,741862.5809587747,3242.619140625,"(np.int64(530), np.int64(749), np.int64(545), np.int64(771))",7,22
7,440.0357142857143,824.2678571428571,40.0,494575.05397251644,672.6796875,"(np.int64(820), np.int64(435), np.int64(831), np.int64(449))",14,94
7,974.3333333333334,868.6666666666666,6.0,74186.25809587748,642.13720703125,"(np.int64(868), np.int64(973), np.int64(871), np.int64(976))",42,180
7,1910.0,1015.0,1.0,12364.376349312912,583.173583984375,"(np.int64(1015), np.int64(1910), np.int64(1016), np.int64(1911))",58,4
7,1051.3333333333333,1044.904761904762,21.0,259651.90333557114,642.13720703125,"(np.int64(1044), np.int64(1043), np.int64(1047), np.int64(1058))",48,14
7,916.2727272727273,1118.909090909091,11.0,136008.13984244203,1479.08203125,"(np.int64(1117), np.int64(915), np.int64(1122), np.int64(919))",18,141
7,975.2222222222222,1147.5555555555557,9.0,111279.3871438162,768.68994140625,"(np.int64(1146), np.int64(974), np.int64(1151), np.int64(977))",19,8
7,1487.05078125,1357.78515625,68.0,840777.591753278,768.68994140625,"(np.int64(1351), np.int64(1485), np.int64(1372), np.int64(1494))",24,30
7,133.0,1545.25,4.0,49457.50539725165,642.13720703125,"(np.int64(1545), np.int64(132), np.int64(1547), np.int64(135))",43,115
7,174.33333333333334,1576.0,3.0,37093.12904793874,672.6796875,"(np.int64(1575), np.int64(174), np.int64(1578), np.int64(176))",52,9
7,1046.0,1729.0,1.0,12364.376349312912,612.302001953125,"(np.int64(1729), np.int64(1046), np.int64(1730), np.int64(1047))",60,64
7,1716.5846153846155,1870.2769230769231,18.0,222558.7742876324,768.68994140625,"(np.int64(1868), np.int64(1712), np.int64(1873), np.int64(1724))",57,18
8,738.0,529.0,3.0,37093.12904793874,802.133544921875,"(np.int64(529), np.int64(737), np.int64(530), np.int64(740))",7,22
8,763.0144927536232,539.6811594202899,69.0,853141.9681025909,5599.9892578125,"(np.int64(531), np.int64(752), np.int64(546), np.int64(773))",7,22
8,443.9375,826.3854166666667,56.0,692405.0755615231,612.2880859375,"(np.int64(820), np.int64(438), np.int64(831), np.int64(449))",14,94
8,974.0,868.0,3.0,37093.12904793874,642.183837890625,"(np.int64(867), np.int64(974), np.int64(870), np.int64(975))",42,180
8,1048.6172248803828,1044.7296650717703,30.0,370931.2904793874,768.70556640625,"(np.int64(1044), np.int64(1040), np.int64(1047), np.int64(1060))",48,14
8,916.25,1118.25,4.0,49457.50539725165,836.318359375,"(np.int64(1117), np.int64(916), np.int64(1120), np.int64(918))",18,141
8,977.3333333333334,1149.8333333333333,6.0,74186.25809587748,768.70556640625,"(np.int64(1148), np.int64(977), np.int64(1152), np.int64(979))",19,8
8,1654.3194444444443,1194.486111111111,15.0,185465.6452396937,802.133544921875,"(np.int64(1186), np.int64(1650), np.int64(1207), np.int64(1658))",20,27
8,1991.0,1533.0,1.0,12364.376349312912,583.14892578125,"(np.int64(1533), np.int64(1991), np.int64(1534), np.int64(1992))",63,7
8,140.0,1542.5,2.0,24728.752698625824,612.2880859375,"(np.int64(1539), np.int64(133), np.int64(1547), np.int64(148))",43,115
8,174.0,1574.0,3.0,37093.12904793874,583.14892578125,"(np.int64(1573), np.int64(174), np.int64(1576), np.int64(175))",52,9
8,859.0,1708.0,1.0,12364.376349312912,583.14892578125,"(np.int64(1708), np.int64(859), np.int64(1709), np.int64(860))",64,138
8,1717.5625,1870.5,16.0,197830.0215890066,736.034423828125,"(np.int64(1869), np.int64(1715), np.int64(1873), np.int64(1722))",57,18
9,752.3003875968992,534.1627906976745,53.0,655311.9465135843,3662.88818359375,"(np.int64(529), np.int64(738), np.int64(546), np.int64(772))",7,22
9,443.089552238806,824.3731343283582,67.0,828413.2154039651,703.97265625,"(np.int64(820), np.int64(436), np.int64(831), np.int64(451))",14,94
9,1050.7619047619048,1044.4761904761906,9.0,111279.3871438162,703.97265625,"(np.int64(1044), np.int64(1045), np.int64(1046), np.int64(1058))",48,14
9,916.0,1118.0,1.0,12364.376349312912,703.97265625,"(np.int64(1118), np.int64(916), np.int64(1119), np.int64(917))",18,141
9,978.0,1151.5,6.0,74186.25809587748,642.10986328125,"(np.int64(1149), np.int64(978), np.int64(1155), np.int64(979))",19,8
9,1654.75,1192.5,3.0,37093.12904793874,612.30615234375,"(np.int64(1189), np.int64(1653), np.int64(1197), np.int64(1658))",20,27
9,1487.375,1357.815,58.0,717133.8282601489,672.697998046875,"(np.int64(1351), np.int64(1483), np.int64(1369), np.int64(1494))",24,30
9,106.5,1544.0,2.0,24728.752698625824,612.30615234375,"(np.int64(1544), np.int64(106), np.int64(1545), np.int64(108))",43,115
9,173.0,1577.0,1.0,12364.376349312912,583.09033203125,"(np.int64(1577), np.int64(173), np.int64(1578), np.int64(174))",52,9
9,858.0,1707.0,1.0,12364.376349312912,583.09033203125,"(np.int64(1707), np.int64(858), np.int64(1708), np.int64(859))",64,138
9,872.1666666666667,1737.0,4.0,49457.50539725165,642.10986328125,"(np.int64(1735), np.int64(871), np.int64(1741), np.int64(874))",64,138
9,1719.25,1870.25,3.0,37093.12904793874,642.10986328125,"(np.int64(1870), np.int64(1718), np.int64(1872), np.int64(1722))",57,18
9,1141.0,1886.0,1.0,12364.376349312912,583.09033203125,"(np.int64(1886), np.int64(1141), np.int64(1887), np.int64(1142))",39,3
10,750.6260869565218,534.4840579710145,29.0,358566.91413007444,1344.6864013671875,"(np.int64(529), np.int64(737), np.int64(547), np.int64(769))",7,22
10,441.1095890410959,824.6438356164383,73.0,902599.4734998426,672.7244873046875,"(np.int64(819), np.int64(435), np.int64(833), np.int64(449))",14,94
10,1920.0,1011.0,1.0,12364.376349312912,583.1026611328125,"(np.int64(1011), np.int64(1920), np.int64(1012), np.int64(1921))",58,4
10,954.0,1018.0,1.0,12364.376349312912,583.1026611328125,"(np.int64(1018), np.int64(954), np.int64(1019), np.int64(955))",69,4
10,915.3333333333334,1119.3333333333333,6.0,74186.25809587748,979.93212890625,"(np.int64(1117), np.int64(914), np.int64(1122), np.int64(918))",18,141
10,1653.909090909091,1193.318181818182,12.0,148372.51619175496,802.1033935546875,"(np.int64(1189), np.int64(1650), np.int64(1197), np.int64(1656))",20,27
10,1489.2142857142858,1355.8333333333333,24.0,296745.0323835099,642.1317138671875,"(np.int64(1350), np.int64(1488), np.int64(1367), np.int64(1492))",24,30
10,172.66666666666666,1576.0,3.0,37093.12904793874,583.1026611328125,"(np.int64(1575), np.int64(172), np.int64(1578), np.int64(174))",52,9
10,867.5,1737.5,4.0,49457.50539725165,612.2802734375,"(np.int64(1734), np.int64(866), np.int64(1742), np.int64(870))",64,138
10,1718.3333333333333,1871.3333333333333,3.0,37093.12904793874,642.1317138671875,"(np.int64(1871), np.int64(1718), np.int64(1873), np.int64(1720))",57,18
11,757.0833333333334,536.0,9.0,111279.38714381622,836.2637939453125,"(np.int64(530), np.int64(749), np.int64(543), np.int64(765))",7,22
11,1832.0,691.0,1.0,12364.376349312912,583.1341552734375,"(np.int64(691), np.int64(1832), np.int64(692), np.int64(1833))",70,2
11,1289.4736842105262,779.9473684210526,19.0,234923.15063694533,836.2637939453125,"(np.int64(778), np.int64(1287), np.int64(783), np.int64(1293))",12,151
11,1314.076923076923,800.2307692307692,17.0,210194.3979383195,906.65185546875,"(np.int64(792), np.int64(1309), np.int64(806), np.int64(1320))",12,151
11,1166.0,808.0,1.0,12364.376349312912,583.1341552734375,"(np.int64(808), np.int64(1166), np.int64(809), np.int64(1167))",41,11
11,953.0,1017.0,1.0,12364.376349312912,583.1341552734375,"(np.int64(1017), np.int64(953), np.int64(1018), np.int64(954))",69,4
11,1049.0,1044.0,1.0,12364.376349312912,612.2813720703125,"(np.int64(1044), np.int64(1049), np.int64(1045), np.int64(1050))",48,14
11,914.6842105263158,1117.578947368421,19.0,234923.15063694533,1668.2698974609375,"(np.int64(1113), np.int64(913), np.int64(1122), np.int64(918))",18,141
11,1656.125,1194.125,9.0,111279.3871438162,802.156494140625,"(np.int64(1189), np.int64(1653), np.int64(1199), np.int64(1659))",20,27
11,1490.318181818182,1358.9545454545455,12.0,148372.51619175496,612.2813720703125,"(np.int64(1355), np.int64(1490), np.int64(1367), np.int64(1492))",24,30
11,869.4347826086956,1739.0,23.0,284380.65603419696,736.00390625,"(np.int64(1733), np.int64(867), np.int64(1746), np.int64(872))",64,138
11,377.0,1842.0,1.0,12364.376349312912,583.1341552734375,"(np.int64(1842), np.int64(377), np.int64(1843), np.int64(378))",45,51
12,1145.0,527.5,2.0,24728.752698625824,612.281494140625,"(np.int64(527), np.int64(1145), np.int64(529), np.int64(1146))",72,15
12,757.75,536.5,12.0,148372.51619175496,1017.60595703125,"(np.int64(530), np.int64(750), np.int64(544), np.int64(766))",7,22
12,817.0,759.5,6.0,74186.25809587748,736.019287109375,"(np.int64(759), np.int64(816), np.int64(761), np.int64(819))",47,16
12,1316.0,803.0,4.0,49457.50539725165,612.281494140625,"(np.int64(802), np.int64(1312), np.int64(806), np.int64(1321))",12,151
12,954.0,1019.0,1.0,12364.376349312912,583.1151123046875,"(np.int64(1019), np.int64(954), np.int64(1020), np.int64(955))",69,4
12,1605.0,1079.0,1.0,12364.376349312912,583.1151123046875,"(np.int64(1079), np.int64(1605), np.int64(1080), np.int64(1606))",76,62
12,914.5263157894736,1116.9473684210527,19.0,234923.15063694533,2190.95654296875,"(np.int64(1114), np.int64(913), np.int64(1120), np.int64(918))",18,141
12,1657.0,1206.0,1.0,12364.376349312912,583.1151123046875,"(np.int64(1206), np.int64(1657), np.int64(1207), np.int64(1658))",20,27
12,1455.0,1348.0,1.0,12364.376349312912,583.1151123046875,"(np.int64(1348), np.int64(1455), np.int64(1349), np.int64(1456))",24,30
12,1313.0,1458.0,1.0,12364.376349312912,1175.4547119140625,"(np.int64(1458), np.int64(1313), np.int64(1459), np.int64(1314))",77,2
12,870.8333333333334,1738.1666666666667,12.0,148372.51619175496,672.7421875,"(np.int64(1734), np.int64(869), np.int64(1742), np.int64(873))",64,138
13,693.0,273.0,1.0,12364.376349312912,612.29638671875,"(np.int64(273), np.int64(693), np.int64(274), np.int64(694))",79,5
13,1147.5,531.5,4.0,49457.50539725165,704.0079345703125,"(np.int64(530), np.int64(1147), np.int64(535), np.int64(1149))",72,15
13,1896.0,530.0,1.0,12364.376349312912,583.1182861328125,"(np.int64(530), np.int64(1896), np.int64(531), np.int64(1897))",81,75
13,760.0,537.1666666666666,8.0,98915.0107945033,768.691162109375,"(np.int64(531), np.int64(752), np.int64(545), np.int64(769))",7,22
13,526.4166666666667,535.6666666666667,13.0,160736.89254106785,942.96142578125,"(np.int64(534), np.int64(523), np.int64(540), np.int64(531))",51,3
13,1837.0,694.0,2.0,24728.752698625824,583.1182861328125,"(np.int64(689), np.int64(1833), np.int64(700), np.int64(1842))",70,2
13,817.25,761.7272727272727,15.0,185465.6452396937,1017.5960693359375,"(np.int64(758), np.int64(815), np.int64(766), np.int64(822))",47,16
13,956.0,767.0,1.0,12364.376349312912,583.1182861328125,"(np.int64(767), np.int64(956), np.int64(768), np.int64(957))",53,10
13,1314.8402777777778,792.888888888889,39.0,482210.67762320355,942.96142578125,"(np.int64(768), np.int64(1307), np.int64(805), np.int64(1325))",12,151
13,1281.0,780.0,1.0,12364.376349312912,583.1182861328125,"(np.int64(780), np.int64(1281), np.int64(781), np.int64(1282))",12,151
13,444.61706349206344,823.9484126984127,54.0,667676.3228628973,704.0079345703125,"(np.int64(819), np.int64(438), np.int64(831), np.int64(453))",14,94
13,1606.0,1082.5,2.0,24728.752698625824,672.7412109375,"(np.int64(1082), np.int64(1606), np.int64(1084), np.int64(1607))",76,62
13,916.5,1118.0,12.0,148372.51619175496,2135.45654296875,"(np.int64(1115), np.int64(915), np.int64(1121), np.int64(919))",18,141
13,1656.8,1207.2,5.0,61821.881746564555,672.7412109375,"(np.int64(1207), np.int64(1655), np.int64(1209), np.int64(1659))",20,27
13,1456.0,1348.0,1.0,12364.376349312912,583.1182861328125,"(np.int64(1348), np.int64(1456), np.int64(1349), np.int64(1457))",24,30
13,875.0,1729.0,1.0,12364.376349312912,583.1182861328125,"(np.int64(1729), np.int64(875), np.int64(1730), np.int64(876))",64,138
13,1046.0,1729.0,1.0,12364.376349312912,583.1182861328125,"(np.int64(1729), np.int64(1046), np.int64(1730), np.int64(1047))",60,64
13,375.0,1836.0,1.0,12364.376349312912,583.1182861328125,"(np.int64(1836), np.int64(375), np.int64(1837), np.int64(376))",45,51
14,1147.0,530.0,1.0,12364.376349312912,583.1480712890625,"(np.int64(530), np.int64(1147), np.int64(531), np.int64(1148))",72,15
14,760.75,537.5,3.0,37093.12904793874,583.1480712890625,"(np.int64(531), np.int64(754), np.int64(545), np.int64(769))",7,22
14,526.4166666666667,535.0833333333333,15.0,185465.6452396937,768.70849609375,"(np.int64(533), np.int64(523), np.int64(541), np.int64(531))",51,3
14,818.6153846153846,758.2307692307693,13.0,160736.89254106785,1017.615234375,"(np.int64(757), np.int64(817), np.int64(761), np.int64(821))",47,16
14,1317.59375,796.5594827586207,52.0,642947.5701642714,1095.11865234375,"(np.int64(775), np.int64(1312), np.int64(813), np.int64(1325))",12,151
14,448.3838095238096,825.892380952381,59.0,729498.2046094618,672.72900390625,"(np.int64(816), np.int64(437), np.int64(841), np.int64(462))",14,94
14,1043.6666666666667,977.6666666666666,3.0,37093.12904793874,642.0955810546875,"(np.int64(977), np.int64(1043), np.int64(979), np.int64(1045))",17,9
14,1605.3333333333333,1082.0,3.0,37093.12904793874,642.0955810546875,"(np.int64(1081), np.int64(1605), np.int64(1084), np.int64(1607))",76,62
14,916.0,1117.5,10.0,123643.76349312911,2080.748046875,"(np.int64(1116), np.int64(915), np.int64(1120), np.int64(918))",18,141
14,1657.4,1206.0,5.0,61821.881746564555,672.72900390625,"(np.int64(1205), np.int64(1656), np.int64(1208), np.int64(1659))",20,27
14,87.0,1442.0,1.0,12364.376349312912,583.1480712890625,"(np.int64(1442), np.int64(87), np.int64(1443), np.int64(88))",29,54
14,219.0,1540.5,2.0,24728.752698625824,704.0023193359375,"(np.int64(1540), np.int64(219), np.int64(1542), np.int64(220))",43,115
14,1990.0,1687.5,2.0,24728.752698625824,583.1480712890625,"(np.int64(1687), np.int64(1990), np.int64(1689), np.int64(1991))",83,27
15,1886.0,515.0,1.0,12364.376349312912,583.078369140625,"(np.int64(515), np.int64(1886), np.int64(516), np.int64(1887))",81,75
15,1145.25,529.5,3.0,37093.12904793874,583.078369140625,"(np.int64(528), np.int64(1144), np.int64(532), np.int64(1147))",72,15
15,817.8181818181819,757.1818181818181,11.0,136008.13984244203,672.6854248046875,"(np.int64(756), np.int64(816), np.int64(760), np.int64(821))",47,16
15,446.1682098765432,824.3626543209876,62.0,766591.3336574007,672.6854248046875,"(np.int64(815), np.int64(436), np.int64(838), np.int64(460))",14,94
15,1603.8,1080.6,5.0,61821.881746564555,642.128173828125,"(np.int64(1079), np.int64(1603), np.int64(1083), np.int64(1605))",76,62
15,913.9166666666666,1116.0833333333333,12.0,148372.51619175496,1433.5609130859375,"(np.int64(1114), np.int64(913), np.int64(1119), np.int64(916))",18,141
15,1652.0,1204.0,1.0,12364.376349312912,583.078369140625,"(np.int64(1204), np.int64(1652), np.int64(1205), np.int64(1653))",20,27
15,969.0,1820.0,1.0,12364.376349312912,583.078369140625,"(np.int64(1820), np.int64(969), np.int64(1821), np.int64(970))",86,3
15,375.0,1835.0,1.0,12364.376349312912,583.078369140625,"(np.int64(1835), np.int64(375), np.int64(1836), np.int64(376))",45,51
16,1145.4117647058824,529.1764705882352,17.0,210194.3979383195,768.7255859375,"(np.int64(524), np.int64(1144), np.int64(535), np.int64(1148))",72,15
16,761.7619047619047,539.4285714285714,9.0,111279.38714381622,768.7255859375,"(np.int64(536), np.int64(759), np.int64(546), np.int64(769))",7,22
16,819.125,756.75,8.0,98915.0107945033,768.7255859375,"(np.int64(756), np.int64(817), np.int64(759), np.int64(822))",47,16
16,1166.0,808.0,1.0,12364.376349312912,583.122802734375,"(np.int64(808), np.int64(1166), np.int64(809), np.int64(1167))",41,11
16,449.1047619047619,819.9869047619047,53.0,655311.9465135843,642.14208984375,"(np.int64(815), np.int64(437), np.int64(830), np.int64(458))",14,94
16,1054.0,1044.0,1.0,12364.376349312912,583.122802734375,"(np.int64(1044), np.int64(1054), np.int64(1045), np.int64(1055))",48,14
16,1603.5,1082.0,6.0,74186.25809587748,672.708984375,"(np.int64(1081), np.int64(1603), np.int64(1084), np.int64(1605))",76,62
16,914.0,1117.5,2.0,24728.752698625824,836.28955078125,"(np.int64(1117), np.int64(914), np.int64(1119), np.int64(915))",18,141
16,1653.625,1205.0,6.0,74186.25809587748,583.122802734375,"(np.int64(1203), np.int64(1651), np.int64(1207), np.int64(1657))",20,27
16,1476.0666666666666,1352.3333333333333,15.0,185465.64523969367,672.708984375,"(np.int64(1351), np.int64(1474), np.int64(1355), np.int64(1479))",24,30
16,109.0,1435.75,4.0,49457.50539725165,612.280029296875,"(np.int64(1435), np.int64(108), np.int64(1437), np.int64(111))",29,54
16,143.0,1520.0,3.0,37093.12904793874,672.708984375,"(np.int64(1520), np.int64(142), np.int64(1521), np.int64(145))",43,115
16,1723.5,1868.0,2.0,24728.752698625824,672.708984375,"(np.int64(1868), np.int64(1723), np.int64(1869), np.int64(1725))",57,18
17,311.0,410.0,1.0,12364.376349312912,612.2978515625,"(np.int64(410), np.int64(311), np.int64(411), np.int64(312))",89,139
17,1145.5,531.0,6.0,74186.25809587748,736.056396484375,"(np.int64(529), np.int64(1145), np.int64(534), np.int64(1147))",72,15
17,764.8888888888889,543.5555555555555,10.0,123643.76349312911,1134.90869140625,"(np.int64(542), np.int64(763), np.int64(547), np.int64(770))",7,22
17,443.98268398268397,829.4963924963926,33.0,408024.41952732607,672.697509765625,"(np.int64(820), np.int64(437), np.int64(842), np.int64(452))",14,94
17,1053.0,1044.0,1.0,12364.376349312912,612.2978515625,"(np.int64(1044), np.int64(1053), np.int64(1045), np.int64(1054))",48,14
17,914.0,1118.0,1.0,12364.376349312912,642.161376953125,"(np.int64(1118), np.int64(914), np.int64(1119), np.int64(915))",18,141
17,1467.4,1351.7666666666667,16.0,197830.0215890066,704.040771484375,"(np.int64(1350), np.int64(1457), np.int64(1356), np.int64(1481))",24,30
17,106.0,1436.0,1.0,12364.376349312912,612.2978515625,"(np.int64(1436), np.int64(106), np.int64(1437), np.int64(107))",29,54
17,149.5,1520.0,2.0,24728.752698625824,612.2978515625,"(np.int64(1520), np.int64(149), np.int64(1521), np.int64(151))",43,115
17,1723.5,1868.0,2.0,24728.752698625824,642.161376953125,"(np.int64(1868), np.int64(1723), np.int64(1869), np.int64(1725))",57,18
18,1006.0,1.0,1.0,12364.376349312912,642.142822265625,"(np.int64(1), np.int64(1006), np.int64(2), np.int64(1007))",90,13
18,766.0,544.1,10.0,123643.76349312911,906.6357421875,"(np.int64(542), np.int64(764), np.int64(547), np.int64(769))",7,22
18,1304.55,766.8,20.0,247287.52698625822,735.9658203125,"(np.int64(765), np.int64(1301), np.int64(770), np.int64(1308))",12,151
18,447.90235690235687,820.567901234568,41.0,506939.4303218294,704.05029296875,"(np.int64(815), np.int64(437), np.int64(829), np.int64(458))",14,94
18,1538.0,830.5,2.0,24728.752698625824,642.142822265625,"(np.int64(830), np.int64(1538), np.int64(832), np.int64(1539))",91,2
18,1052.2222222222222,1042.111111111111,9.0,111279.3871438162,735.9658203125,"(np.int64(1041), np.int64(1049), np.int64(1044), np.int64(1057))",48,14
18,1468.8532608695652,1351.2065217391305,27.0,333838.1614314486,768.673828125,"(np.int64(1349), np.int64(1458), np.int64(1356), np.int64(1483))",24,30
18,1723.6666666666667,1866.6666666666667,3.0,37093.12904793874,735.9658203125,"(np.int64(1866), np.int64(1723), np.int64(1868), np.int64(1725))",57,18
19,2029.0,426.0,1.0,12364.376349312912,612.20361328125,"(np.int64(426), np.int64(2029), np.int64(427), np.int64(2030))",6,28
19,767.0,546.0,5.0,61821.881746564555,768.72412109375,"(np.int64(545), np.int64(766), np.int64(548), np.int64(769))",7,22
19,443.78902821316615,822.0224660397074,48.0,593490.0647670198,736.0205078125,"(np.int64(815), np.int64(436), np.int64(829), np.int64(458))",14,94
19,1537.0,832.75,4.0,49457.50539725165,672.7431640625,"(np.int64(832), np.int64(1536), np.int64(835), np.int64(1539))",91,2
19,1051.0,1042.3636363636363,11.0,136008.13984244203,703.92578125,"(np.int64(1042), np.int64(1046), np.int64(1044), np.int64(1057))",48,14
19,915.0,1117.5,2.0,24728.752698625824,736.0205078125,"(np.int64(1117), np.int64(915), np.int64(1119), np.int64(916))",18,141
19,1469.1333333333332,1352.8333333333335,21.0,259651.90333557114,768.72412109375,"(np.int64(1349), np.int64(1458), np.int64(1357), np.int64(1481))",24,30
19,174.0,1500.5,2.0,24728.752698625824,612.20361328125,"(np.int64(1500), np.int64(174), np.int64(1502), np.int64(175))",43,115
19,1988.8,1690.6,5.0,61821.881746564555,802.1884765625,"(np.int64(1690), np.int64(1988), np.int64(1692), np.int64(1991))",83,27
19,1723.2777777777778,1867.7222222222222,18.0,222558.7742876324,836.2607421875,"(np.int64(1866), np.int64(1718), np.int64(1870), np.int64(1729))",57,18
20,1007.0,6.0,1.0,12364.376349312912,612.22265625,"(np.int64(6), np.int64(1007), np.int64(7), np.int64(1008))",90,13
20,768.0,547.0,1.0,12364.376349312912,612.22265625,"(np.int64(547), np.int64(768), np.int64(548), np.int64(769))",7,22
20,448.65501644736844,822.3684210526316,65.0,803684.4627053392,735.95458984375,"(np.int64(815), np.int64(438), np.int64(829), np.int64(462))",14,94
20,917.0,1116.5,2.0,24728.752698625824,672.697265625,"(np.int64(1116), np.int64(917), np.int64(1118), np.int64(918))",18,141
20,1460.0,1353.0,2.0,24728.752698625824,612.22265625,"(np.int64(1352), np.int64(1459), np.int64(1355), np.int64(1462))",24,30
20,174.4848484848485,1502.590909090909,14.0,173101.26889038077,735.95458984375,"(np.int64(1498), np.int64(171), np.int64(1510), np.int64(178))",43,115
20,1990.0,1689.125,6.0,74186.25809587748,802.10205078125,"(np.int64(1687), np.int64(1989), np.int64(1692), np.int64(1993))",83,27
20,1725.6190476190477,1868.142857142857,21.0,259651.90333557114,836.24609375,"(np.int64(1867), np.int64(1720), np.int64(1871), np.int64(1732))",57,18
21,1875.0,452.0,1.0,12364.376349312912,583.143798828125,"(np.int64(452), np.int64(1875), np.int64(453), np.int64(1876))",93,8
21,1144.0,531.5,2.0,24728.752698625824,583.143798828125,"(np.int64(531), np.int64(1144), np.int64(533), np.int64(1145))",72,15
21,1289.0,769.0,1.0,12364.376349312912,583.143798828125,"(np.int64(769), np.int64(1289), np.int64(770), np.int64(1290))",12,151
21,917.3333333333334,1117.0,3.0,37093.12904793874,672.67822265625,"(np.int64(1116), np.int64(917), np.int64(1119), np.int64(919))",18,141
21,1455.0,1330.0,1.0,12364.376349312912,583.143798828125,"(np.int64(1330), np.int64(1455), np.int64(1331), np.int64(1456))",24,30
21,1226.0,1341.0,1.0,12364.376349312912,583.143798828125,"(np.int64(1341), np.int64(1226), np.int64(1342), np.int64(1227))",94,2
21,1459.0,1353.0,1.0,12364.376349312912,583.143798828125,"(np.int64(1353), np.int64(1459), np.int64(1354), np.int64(1460))",24,30
21,175.58823529411765,1502.6470588235295,17.0,210194.3979383195,736.037841796875,"(np.int64(1498), np.int64(173), np.int64(1508), np.int64(179))",43,115
21,1989.5,1689.5,4.0,49457.50539725165,703.9716796875,"(np.int64(1689), np.int64(1989), np.int64(1691), np.int64(1991))",83,27
21,1760.0,1772.0,1.0,12364.376349312912,583.143798828125,"(np.int64(1772), np.int64(1760), np.int64(1773), np.int64(1761))",37,11
21,1725.4375,1869.15625,19.0,234923.15063694533,768.68359375,"(np.int64(1867), np.int64(1722), np.int64(1871), np.int64(1733))",57,18
22,1830.3333333333333,408.3333333333333,3.0,37093.12904793874,612.234619140625,"(np.int64(408), np.int64(1830), np.int64(410), np.int64(1832))",96,86
22,1372.0,423.0,1.0,12364.376349312912,704.003662109375,"(np.int64(423), np.int64(1372), np.int64(424), np.int64(1373))",97,28
22,1873.0,513.0,1.0,12364.376349312912,583.1181640625,"(np.int64(513), np.int64(1873), np.int64(514), np.int64(1874))",81,75
22,763.0,541.0,1.0,12364.376349312912,583.1181640625,"(np.int64(541), np.int64(763), np.int64(542), np.int64(764))",7,22
22,1310.2359201773836,773.1166297117518,57.0,704769.451910836,906.6927490234375,"(np.int64(759), np.int64(1301), np.int64(788), np.int64(1318))",12,151
22,1321.888888888889,807.3333333333334,9.0,111279.3871438162,642.131103515625,"(np.int64(807), np.int64(1319), np.int64(809), np.int64(1326))",12,151
22,1166.0,808.0,1.0,12364.376349312912,583.1181640625,"(np.int64(808), np.int64(1166), np.int64(809), np.int64(1167))",41,11
22,1455.125,1330.75,8.0,98915.0107945033,672.720703125,"(np.int64(1329), np.int64(1454), np.int64(1333), np.int64(1457))",24,30
22,1358.0,1450.0,1.0,12364.376349312912,1388.76171875,"(np.int64(1450), np.int64(1358), np.int64(1451), np.int64(1359))",98,2
22,176.625,1500.375,5.0,61821.881746564555,612.234619140625,"(np.int64(1498), np.int64(176), np.int64(1503), np.int64(179))",43,115
22,160.5,1534.0,4.0,49457.50539725165,735.97998046875,"(np.int64(1531), np.int64(160), np.int64(1538), np.int64(163))",43,115
22,1990.7142857142858,1689.0,7.0,86550.63444519039,704.003662109375,"(np.int64(1688), np.int64(1989), np.int64(1691), np.int64(1993))",83,27
22,351.0,1725.0,1.0,12364.376349312912,583.1181640625,"(np.int64(1725), np.int64(351), np.int64(1726), np.int64(352))",99,9
22,1755.0,1774.0,1.0,12364.376349312912,583.1181640625,"(np.int64(1774), np.int64(1755), np.int64(1775), np.int64(1756))",37,11
22,1724.5,1868.5,2.0,24728.752698625824,612.234619140625,"(np.int64(1867), np.int64(1720), np.int64(1871), np.int64(1730))",57,18
23,1874.0,456.0,1.0,12364.376349312912,583.121826171875,"(np.int64(456), np.int64(1874), np.int64(457), np.int64(1875))",93,8
23,1145.7142857142858,510.92857142857144,8.0,98915.0107945033,704.0262451171875,"(np.int64(502), np.int64(1145), np.int64(519), np.int64(1148))",72,15
23,1318.3238031914893,796.78125,60.0,741862.5809587748,942.9425048828125,"(np.int64(789), np.int64(1311), np.int64(809), np.int64(1327))",12,151
23,1569.0,1097.0,1.0,12364.376349312912,583.121826171875,"(np.int64(1097), np.int64(1569), np.int64(1098), np.int64(1570))",76,62
23,1455.8,1329.4,5.0,61821.881746564555,612.294189453125,"(np.int64(1329), np.int64(1455), np.int64(1331), np.int64(1458))",24,30
23,1170.0,1342.0,1.0,12364.376349312912,583.121826171875,"(np.int64(1342), np.int64(1170), np.int64(1343), np.int64(1171))",101,2
23,102.21052631578948,1412.8947368421054,20.0,247287.52698625825,704.0262451171875,"(np.int64(1411), np.int64(95), np.int64(1415), np.int64(106))",29,54
23,159.48333333333332,1524.1277777777777,26.0,321473.7850821357,768.734375,"(np.int64(1499), np.int64(145), np.int64(1538), np.int64(178))",43,115
23,1990.6,1690.3333333333333,15.0,185465.64523969367,979.8831787109375,"(np.int64(1688), np.int64(1989), np.int64(1695), np.int64(1993))",83,27
23,345.8333333333333,1718.8333333333333,6.0,74186.25809587748,642.127685546875,"(np.int64(1718), np.int64(345), np.int64(1721), np.int64(348))",99,9
23,1046.0,1729.0,1.0,12364.376349312912,612.294189453125,"(np.int64(1729), np.int64(1046), np.int64(1730), np.int64(1047))",60,64
23,1756.125,1773.75,5.0,61821.881746564555,583.121826171875,"(np.int64(1772), np.int64(1753), np.int64(1777), np.int64(1761))",37,11
23,370.0,1835.0,1.0,12364.376349312912,583.121826171875,"(np.int64(1835), np.int64(370), np.int64(1836), np.int64(371))",45,51
24,1874.0,447.0,1.0,12364.376349312912,583.122802734375,"(np.int64(447), np.int64(1874), np.int64(448), np.int64(1875))",93,8
24,1146.1,503.9,10.0,123643.76349312911,672.708984375,"(np.int64(501), np.int64(1145), np.int64(508), np.int64(1148))",72,15
24,1316.8207497911444,794.2469977025899,66.0,816048.8390546521,768.7255859375,"(np.int64(789), np.int64(1309), np.int64(810), np.int64(1329))",12,151
24,1166.0,808.0,1.0,12364.376349312912,583.122802734375,"(np.int64(808), np.int64(1166), np.int64(809), np.int64(1167))",41,11
24,1455.0,1329.5,2.0,24728.752698625824,583.122802734375,"(np.int64(1329), np.int64(1455), np.int64(1331), np.int64(1456))",24,30
24,1456.0,1352.0,1.0,12364.376349312912,612.280029296875,"(np.int64(1352), np.int64(1456), np.int64(1353), np.int64(1457))",24,30
24,97.25,1412.35,20.0,247287.52698625822,735.95654296875,"(np.int64(1411), np.int64(92), np.int64(1414), np.int64(103))",29,54
24,71.0,1425.0,1.0,12364.376349312912,583.122802734375,"(np.int64(1425), np.int64(71), np.int64(1426), np.int64(72))",29,54
24,164.98043478260868,1524.9899758454108,43.0,531668.1830204552,802.111083984375,"(np.int64(1510), np.int64(154), np.int64(1539), np.int64(179))",43,115
24,742.0,1648.6,5.0,61821.881746564555,703.98046875,"(np.int64(1648), np.int64(741), np.int64(1651), np.int64(744))",102,5
24,1990.4666666666667,1690.2666666666667,15.0,185465.64523969367,1433.618408203125,"(np.int64(1688), np.int64(1989), np.int64(1694), np.int64(1993))",83,27
24,347.83333333333337,1721.3333333333335,12.0,148372.51619175496,1017.575927734375,"(np.int64(1717), np.int64(344), np.int64(1726), np.int64(352))",99,9
24,1046.0,1729.0,1.0,12364.376349312912,612.280029296875,"(np.int64(1729), np.int64(1046), np.int64(1730), np.int64(1047))",60,64
24,1750.0,1776.0,1.0,12364.376349312912,612.280029296875,"(np.int64(1776), np.int64(1750), np.int64(1777), np.int64(1751))",37,11
25,1288.0,67.0,1.0,12364.376349312912,612.248291015625,"(np.int64(67), np.int64(1288), np.int64(68), np.int64(1289))",104,4
25,1872.0,445.0,1.0,12364.376349312912,583.14306640625,"(np.int64(445), np.int64(1872), np.int64(446), np.int64(1873))",93,8
25,1144.6,508.75,20.0,247287.52698625822,642.097412109375,"(np.int64(500), np.int64(1143), np.int64(519), np.int64(1148))",72,15
25,1874.0,500.0,1.0,12364.376349312912,612.248291015625,"(np.int64(500), np.int64(1874), np.int64(501), np.int64(1875))",81,75
25,944.0,746.0,1.0,12364.376349312912,583.14306640625,"(np.int64(746), np.int64(944), np.int64(747), np.int64(945))",53,10
25,1304.75,764.0,4.0,49457.50539725165,672.6907958984375,"(np.int64(763), np.int64(1304), np.int64(766), np.int64(1306))",12,151
25,1317.4148148148147,795.5592592592593,60.0,741862.5809587748,736.02734375,"(np.int64(787), np.int64(1308), np.int64(809), np.int64(1330))",12,151
25,1166.0,808.0,1.0,12364.376349312912,583.14306640625,"(np.int64(808), np.int64(1166), np.int64(809), np.int64(1167))",41,11
25,1455.525,1351.125,9.0,111279.3871438162,672.6907958984375,"(np.int64(1348), np.int64(1454), np.int64(1355), np.int64(1459))",24,30
25,102.68181818181819,1412.2272727272727,14.0,173101.26889038077,642.097412109375,"(np.int64(1411), np.int64(94), np.int64(1414), np.int64(110))",29,54
25,160.57023809523807,1524.728571428571,48.0,593490.0647670197,871.1343994140625,"(np.int64(1516), np.int64(153), np.int64(1538), np.int64(176))",43,115
25,741.6153846153846,1648.1538461538462,13.0,160736.89254106785,1095.1275634765625,"(np.int64(1646), np.int64(740), np.int64(1651), np.int64(744))",102,5
25,1989.9,1690.7,10.0,123643.76349312911,1175.4971923828125,"(np.int64(1689), np.int64(1988), np.int64(1694), np.int64(1993))",83,27
25,347.94444444444446,1721.0972222222222,22.0,272016.27968488407,1056.017578125,"(np.int64(1716), np.int64(343), np.int64(1726), np.int64(353))",99,9
25,1721.0,1868.0,1.0,12364.376349312912,612.248291015625,"(np.int64(1868), np.int64(1721), np.int64(1869), np.int64(1722))",57,18
26,1144.5555555555557,512.6666666666667,14.0,173101.26889038074,612.29296875,"(np.int64(507), np.int64(1144), np.int64(521), np.int64(1146))",72,15
26,1309.5,759.0,6.0,74186.25809587748,672.74951171875,"(np.int64(759), np.int64(1307), np.int64(760), np.int64(1313))",12,151
26,1321.2697697697697,793.4914914914916,48.0,593490.0647670198,1017.55810546875,"(np.int64(789), np.int64(1317), np.int64(805), np.int64(1330))",12,151
26,1456.5333333333333,1350.8,8.0,98915.0107945033,672.74951171875,"(np.int64(1347), np.int64(1455), np.int64(1355), np.int64(1459))",24,30
26,1487.0,1369.0,1.0,12364.376349312912,583.093505859375,"(np.int64(1369), np.int64(1487), np.int64(1370), np.int64(1488))",24,30
26,96.4375,1411.4375,11.0,136008.13984244203,672.74951171875,"(np.int64(1410), np.int64(93), np.int64(1413), np.int64(102))",29,54
26,155.12337662337663,1523.3051948051948,29.0,358566.9141300744,802.089599609375,"(np.int64(1515), np.int64(141), np.int64(1536), np.int64(175))",43,115
26,761.0,1628.0,1.0,12364.376349312912,583.093505859375,"(np.int64(1628), np.int64(761), np.int64(1629), np.int64(762))",107,9
26,742.0,1647.5,10.0,123643.76349312911,906.63916015625,"(np.int64(1646), np.int64(741), np.int64(1650), np.int64(744))",102,5
26,1991.2,1689.4,5.0,61821.881746564555,802.089599609375,"(np.int64(1688), np.int64(1990), np.int64(1692), np.int64(1993))",83,27
26,348.17857142857144,1720.2380952380952,25.0,309109.4087328228,1258.698486328125,"(np.int64(1715), np.int64(343), np.int64(1724), np.int64(354))",99,9
26,1719.0,1869.0,1.0,12364.376349312912,583.093505859375,"(np.int64(1869), np.int64(1719), np.int64(1870), np.int64(1720))",57,18
27,1362.0,236.0,1.0,12364.376349312912,583.090576171875,"(np.int64(236), np.int64(1362), np.int64(237), np.int64(1363))",108,13
27,1276.0,759.0,1.0,12364.376349312912,672.71630859375,"(np.int64(759), np.int64(1276), np.int64(760), np.int64(1277))",12,151
27,1307.5,759.5,2.0,24728.752698625824,583.090576171875,"(np.int64(759), np.int64(1306), np.int64(761), np.int64(1310))",12,151
27,1319.783816425121,793.5,60.0,741862.5809587747,1017.566162109375,"(np.int64(789), np.int64(1313), np.int64(808), np.int64(1331))",12,151
27,1570.0,1101.5,2.0,24728.752698625824,672.71630859375,"(np.int64(1101), np.int64(1570), np.int64(1103), np.int64(1571))",76,62
27,1677.75,1111.5,4.0,49457.50539725165,583.090576171875,"(np.int64(1106), np.int64(1671), np.int64(1124), np.int64(1691))",109,8
27,868.0,1289.0,1.0,12364.376349312912,583.090576171875,"(np.int64(1289), np.int64(868), np.int64(1290), np.int64(869))",110,9
27,1168.0,1308.0,1.0,12364.376349312912,583.090576171875,"(np.int64(1308), np.int64(1168), np.int64(1309), np.int64(1169))",111,2
27,1457.0,1352.5,2.0,24728.752698625824,612.268310546875,"(np.int64(1352), np.int64(1457), np.int64(1354), np.int64(1458))",24,30
27,100.33333333333333,1411.3333333333333,3.0,37093.12904793874,612.268310546875,"(np.int64(1411), np.int64(100), np.int64(1413), np.int64(102))",29,54
27,161.23333333333332,1524.1166666666668,23.0,284380.65603419696,736.02685546875,"(np.int64(1515), np.int64(155), np.int64(1538), np.int64(176))",43,115
27,104.0,1541.0,1.0,12364.376349312912,612.268310546875,"(np.int64(1541), np.int64(104), np.int64(1542), np.int64(105))",43,115
27,761.0,1629.0,1.0,12364.376349312912,612.268310546875,"(np.int64(1629), np.int64(761), np.int64(1630), np.int64(762))",107,9
27,742.1666666666666,1648.0,6.0,74186.25809587748,871.1259765625,"(np.int64(1647), np.int64(741), np.int64(1650), np.int64(744))",102,5
27,1990.6666666666667,1691.0,3.0,37093.12904793874,736.02685546875,"(np.int64(1690), np.int64(1990), np.int64(1693), np.int64(1992))",83,27
27,342.7045454545455,1719.2954545454545,24.0,296745.0323835099,1258.697021484375,"(np.int64(1716), np.int64(340), np.int64(1722), np.int64(349))",99,9
27,1046.0,1729.0,1.0,12364.376349312912,583.090576171875,"(np.int64(1729), np.int64(1046), np.int64(1730), np.int64(1047))",60,64
27,529.0,1807.0,1.0,12364.376349312912,612.268310546875,"(np.int64(1807), np.int64(529), np.int64(1808), np.int64(530))",112,2
28,1199.0,367.0,1.0,12364.376349312912,612.26513671875,"(np.int64(367), np.int64(1199), np.int64(368), np.int64(1200))",113,13
28,1319.6608695652174,793.095652173913,54.0,667676.3228628973,979.949462890625,"(np.int64(790), np.int64(1313), np.int64(805), np.int64(1332))",12,151
28,1903.0,1010.0,1.0,12364.376349312912,583.056640625,"(np.int64(1010), np.int64(1903), np.int64(1011), np.int64(1904))",58,4
28,1569.5,1101.0,6.0,74186.25809587748,703.940673828125,"(np.int64(1100), np.int64(1569), np.int64(1103), np.int64(1571))",76,62
28,1671.0,1104.0,1.0,12364.376349312912,583.056640625,"(np.int64(1104), np.int64(1671), np.int64(1105), np.int64(1672))",109,8
28,916.0,1115.0,1.0,12364.376349312912,583.056640625,"(np.int64(1115), np.int64(916), np.int64(1116), np.int64(917))",18,141
28,97.5,1412.0,2.0,24728.752698625824,583.056640625,"(np.int64(1411), np.int64(94), np.int64(1414), np.int64(102))",29,54
28,160.3846153846154,1522.2820512820513,20.0,247287.52698625825,703.940673828125,"(np.int64(1515), np.int64(155), np.int64(1537), np.int64(176))",43,115
28,742.0,1648.0,1.0,12364.376349312912,612.26513671875,"(np.int64(1648), np.int64(742), np.int64(1649), np.int64(743))",102,5
28,1991.5,1690.0,4.0,49457.50539725165,802.120849609375,"(np.int64(1689), np.int64(1991), np.int64(1692), np.int64(1993))",83,27
28,347.0,1720.9166666666665,14.0,173101.26889038077,942.886474609375,"(np.int64(1717), np.int64(343), np.int64(1724), np.int64(351))",99,9
28,1046.0,1729.0,1.0,12364.376349312912,583.056640625,"(np.int64(1729), np.int64(1046), np.int64(1730), np.int64(1047))",60,64
28,1720.8333333333335,1870.5,4.0,49457.50539725165,583.056640625,"(np.int64(1870), np.int64(1719), np.int64(1873), np.int64(1723))",57,18
29,1198.6666666666667,366.0,3.0,37093.12904793874,583.0654296875,"(np.int64(365), np.int64(1198), np.int64(368), np.int64(1200))",113,13
29,1307.0,759.0,1.0,12364.376349312912,583.0654296875,"(np.int64(759), np.int64(1307), np.int64(760), np.int64(1308))",12,151
29,1324.857142857143,796.25,33.0,408024.41952732607,768.739990234375,"(np.int64(790), np.int64(1317), np.int64(806), np.int64(1332))",12,151
29,1166.0,808.0,1.0,12364.376349312912,583.0654296875,"(np.int64(808), np.int64(1166), np.int64(809), np.int64(1167))",41,11
29,1674.3333333333333,1099.0,3.0,37093.12904793874,583.0654296875,"(np.int64(1098), np.int64(1674), np.int64(1101), np.int64(1676))",109,8
29,1569.0,1100.5,2.0,24728.752698625824,672.765869140625,"(np.int64(1100), np.int64(1569), np.int64(1102), np.int64(1570))",76,62
29,98.75,1411.0,3.0,37093.12904793874,612.23193359375,"(np.int64(1411), np.int64(97), np.int64(1412), np.int64(102))",29,54
29,164.65833333333336,1520.1583333333333,25.0,309109.4087328228,768.739990234375,"(np.int64(1514), np.int64(155), np.int64(1537), np.int64(180))",43,115
29,1990.6666666666667,1689.3333333333333,3.0,37093.12904793874,768.739990234375,"(np.int64(1689), np.int64(1990), np.int64(1691), np.int64(1992))",83,27
29,344.2857142857143,1718.0,7.0,86550.63444519039,802.0888671875,"(np.int64(1717), np.int64(343), np.int64(1720), np.int64(346))",99,9
29,1046.0,1729.0,1.0,12364.376349312912,583.0654296875,"(np.int64(1729), np.int64(1046), np.int64(1730), np.int64(1047))",60,64
29,958.0,1822.0,1.0,12364.376349312912,583.0654296875,"(np.int64(1822), np.int64(958), np.int64(1823), np.int64(959))",86,3
29,1718.5,1870.0,4.0,49457.50539725165,612.23193359375,"(np.int64(1870), np.int64(1715), np.int64(1871), np.int64(1722))",57,18
29,1450.0,2039.5,2.0,24728.752698625824,612.23193359375,"(np.int64(2039), np.int64(1450), np.int64(2041), np.int64(1451))",117,33
30,1363.0,230.5,2.0,24728.752698625824,672.6572265625,"(np.int64(230), np.int64(1363), np.int64(232), np.int64(1364))",108,13
30,1327.111111111111,798.1388888888889,20.0,247287.52698625822,768.766357421875,"(np.int64(794), np.int64(1324), np.int64(804), np.int64(1333))",12,151
30,1570.0,1101.5,2.0,24728.752698625824,583.146240234375,"(np.int64(1101), np.int64(1570), np.int64(1103), np.int64(1571))",76,62
30,1675.0,1103.0,1.0,12364.376349312912,583.146240234375,"(np.int64(1103), np.int64(1675), np.int64(1104), np.int64(1676))",109,8
30,917.0,1115.5,2.0,24728.752698625824,612.27783203125,"(np.int64(1115), np.int64(917), np.int64(1117), np.int64(918))",18,141
30,1657.0,1190.0,1.0,12364.376349312912,583.146240234375,"(np.int64(1190), np.int64(1657), np.int64(1191), np.int64(1658))",20,27
30,163.68806306306305,1523.618918918919,55.0,680040.6992122101,906.70556640625,"(np.int64(1513), np.int64(157), np.int64(1538), np.int64(178))",43,115
30,345.0,1718.0,1.0,12364.376349312912,583.146240234375,"(np.int64(1718), np.int64(345), np.int64(1719), np.int64(346))",99,9
30,1763.0,1769.0,1.0,12364.376349312912,583.146240234375,"(np.int64(1769), np.int64(1763), np.int64(1770), np.int64(1764))",37,11
30,1448.0,2039.0,1.0,12364.376349312912,583.146240234375,"(np.int64(2039), np.int64(1448), np.int64(2040), np.int64(1449))",117,33
31,1199.0,366.0,1.0,12364.376349312912,583.06396484375,"(np.int64(366), np.int64(1199), np.int64(367), np.int64(1200))",113,13
31,1294.5,784.5,2.0,24728.752698625824,583.06396484375,"(np.int64(784), np.int64(1294), np.int64(786), np.int64(1296))",12,151
31,1334.0,807.0,9.0,111279.3871438162,704.051513671875,"(np.int64(804), np.int64(1333), np.int64(811), np.int64(1336))",12,151
31,1569.0,1104.5,2.0,24728.752698625824,612.30810546875,"(np.int64(1104), np.int64(1569), np.int64(1106), np.int64(1570))",76,62
31,1679.0,1106.0,1.0,12364.376349312912,583.06396484375,"(np.int64(1106), np.int64(1679), np.int64(1107), np.int64(1680))",109,8
31,1662.25,1196.25,4.0,49457.50539725165,768.750732421875,"(np.int64(1195), np.int64(1662), np.int64(1198), np.int64(1664))",20,27
31,164.51279461279464,1524.5670033670033,66.0,816048.8390546521,1056.015380859375,"(np.int64(1510), np.int64(159), np.int64(1539), np.int64(179))",43,115
31,107.9,1539.9,10.0,123643.76349312911,672.737060546875,"(np.int64(1538), np.int64(106), np.int64(1542), np.int64(111))",43,115
31,834.0,1739.0,1.0,12364.376349312912,583.06396484375,"(np.int64(1739), np.int64(834), np.int64(1740), np.int64(835))",64,138
31,1455.0,2047.0,1.0,12364.376349312912,583.06396484375,"(np.int64(2047), np.int64(1455), np.int64(2048), np.int64(1456))",117,33
32,1362.0,230.0,3.0,37093.12904793874,836.28955078125,"(np.int64(229), np.int64(1362), np.int64(232), np.int64(1363))",108,13
32,1199.0,364.0,3.0,37093.12904793874,704.0576171875,"(np.int64(363), np.int64(1199), np.int64(366), np.int64(1200))",113,13
32,1315.8,757.0666666666666,7.0,86550.63444519037,642.19775390625,"(np.int64(756), np.int64(1306), np.int64(761), np.int64(1322))",12,151
32,1330.8333333333335,804.0,6.0,74186.25809587748,642.19775390625,"(np.int64(796), np.int64(1325), np.int64(813), np.int64(1338))",12,151
32,1681.0,1102.0,1.0,12364.376349312912,583.07373046875,"(np.int64(1102), np.int64(1681), np.int64(1103), np.int64(1682))",109,8
32,1661.6666666666667,1193.8333333333333,6.0,74186.25809587748,802.09130859375,"(np.int64(1192), np.int64(1661), np.int64(1196), np.int64(1664))",20,27
32,94.0,1414.4285714285713,7.0,86550.63444519039,583.07373046875,"(np.int64(1414), np.int64(91), np.int64(1416), np.int64(98))",29,54
32,167.41964285714286,1514.375,64.0,791320.0863560264,1017.61376953125,"(np.int64(1499), np.int64(159), np.int64(1520), np.int64(178))",43,115
32,109.0,1538.0,1.0,12364.376349312912,583.07373046875,"(np.int64(1538), np.int64(109), np.int64(1539), np.int64(110))",43,115
32,1989.0,1683.1666666666667,6.0,74186.25809587748,768.65380859375,"(np.int64(1682), np.int64(1988), np.int64(1685), np.int64(1991))",83,27
32,1046.0,1729.0,1.0,12364.376349312912,583.07373046875,"(np.int64(1729), np.int64(1046), np.int64(1730), np.int64(1047))",60,64
32,831.0,1732.0,1.0,12364.376349312912,583.07373046875,"(np.int64(1732), np.int64(831), np.int64(1733), np.int64(832))",64,138
32,1762.0,1768.0,1.0,12364.376349312912,583.07373046875,"(np.int64(1768), np.int64(1762), np.int64(1769), np.int64(1763))",37,11
32,1454.125,2044.0,11.0,136008.13984244203,704.0576171875,"(np.int64(2038), np.int64(1449), np.int64(2048), np.int64(1468))",117,33
33,1362.0,231.0,3.0,37093.12904793874,1017.48828125,"(np.int64(230), np.int64(1362), np.int64(233), np.int64(1363))",108,13
33,1198.8333333333333,364.1666666666667,6.0,74186.25809587748,704.0908203125,"(np.int64(363), np.int64(1198), np.int64(366), np.int64(1201))",113,13
33,343.125,413.25,5.0,61821.88174656456,612.2373046875,"(np.int64(410), np.int64(338), np.int64(419), np.int64(352))",89,139
33,1304.875,760.75,8.0,98915.0107945033,871.140625,"(np.int64(760), np.int64(1303), np.int64(763), np.int64(1308))",12,151
33,1300.75,789.75,3.0,37093.12904793874,642.22021484375,"(np.int64(789), np.int64(1299), np.int64(791), np.int64(1303))",12,151
33,1661.4285714285713,1193.7142857142858,7.0,86550.63444519039,836.16015625,"(np.int64(1192), np.int64(1661), np.int64(1196), np.int64(1663))",20,27
33,169.82904411764707,1511.0882352941176,50.0,618218.8174656456,768.81689453125,"(np.int64(1495), np.int64(160), np.int64(1520), np.int64(180))",43,115
33,109.0,1535.0,1.0,12364.376349312912,612.2373046875,"(np.int64(1535), np.int64(109), np.int64(1536), np.int64(110))",43,115
33,1989.0,1684.0,1.0,12364.376349312912,642.22021484375,"(np.int64(1684), np.int64(1989), np.int64(1685), np.int64(1990))",83,27
33,1466.0,2047.0,1.0,12364.376349312912,642.22021484375,"(np.int64(2047), np.int64(1466), np.int64(2048), np.int64(1467))",117,33
34,1362.8,231.8,5.0,61821.881746564555,1258.60595703125,"(np.int64(231), np.int64(1362), np.int64(234), np.int64(1365))",108,13
34,1199.5,365.0,6.0,74186.25809587748,672.607421875,"(np.int64(364), np.int64(1199), np.int64(367), np.int64(1201))",113,13
34,350.5,418.0,2.0,24728.752698625824,612.15087890625,"(np.int64(415), np.int64(347), np.int64(422), np.int64(355))",89,139
34,1300.8333333333335,763.7708333333333,11.0,136008.13984244203,735.919921875,"(np.int64(761), np.int64(1298), np.int64(767), np.int64(1306))",12,151
34,268.0,952.0,1.0,12364.376349312912,704.025390625,"(np.int64(952), np.int64(268), np.int64(953), np.int64(269))",119,2
34,1661.2307692307693,1192.2307692307693,13.0,160736.89254106785,802.0888671875,"(np.int64(1189), np.int64(1660), np.int64(1196), np.int64(1664))",20,27
34,173.3948717948718,1510.1544871794872,44.0,544032.5593697681,871.11376953125,"(np.int64(1495), np.int64(161), np.int64(1520), np.int64(181))",43,115
34,107.0,1539.0,1.0,12364.376349312912,642.14111328125,"(np.int64(1539), np.int64(107), np.int64(1540), np.int64(108))",43,115
34,1451.0,2045.0,1.0,12364.376349312912,612.15087890625,"(np.int64(2045), np.int64(1451), np.int64(2046), np.int64(1452))",117,33
35,1362.2857142857142,233.57142857142858,7.0,86550.63444519039,1479.06591796875,"(np.int64(232), np.int64(1361), np.int64(236), np.int64(1364))",108,13
35,47.0,273.5,2.0,24728.752698625824,672.79541015625,"(np.int64(273), np.int64(47), np.int64(275), np.int64(48))",120,39
35,1198.3333333333333,366.1666666666667,6.0,74186.25809587748,672.79541015625,"(np.int64(365), np.int64(1198), np.int64(369), np.int64(1200))",113,13
35,306.0,406.0,1.0,12364.376349312912,583.14892578125,"(np.int64(406), np.int64(306), np.int64(407), np.int64(307))",89,139
35,1312.3333333333333,759.3333333333334,3.0,37093.12904793874,583.14892578125,"(np.int64(758), np.int64(1308), np.int64(761), np.int64(1320))",12,151
35,960.0,1013.0,1.0,12364.376349312912,583.14892578125,"(np.int64(1013), np.int64(960), np.int64(1014), np.int64(961))",69,4
35,1567.0,1089.0,1.0,12364.376349312912,583.14892578125,"(np.int64(1089), np.int64(1567), np.int64(1090), np.int64(1568))",76,62
35,1661.15,1194.0,20.0,247287.52698625822,943.01318359375,"(np.int64(1190), np.int64(1659), np.int64(1198), np.int64(1665))",20,27
35,90.18181818181819,1416.1818181818182,11.0,136008.13984244203,642.1220703125,"(np.int64(1416), np.int64(86), np.int64(1418), np.int64(96))",29,54
35,172.6069794050343,1511.7868993135012,46.0,568761.3120683939,735.96826171875,"(np.int64(1496), np.int64(159), np.int64(1521), np.int64(180))",43,115
35,107.5,1536.0,2.0,24728.752698625824,583.14892578125,"(np.int64(1536), np.int64(107), np.int64(1537), np.int64(109))",43,115
35,1991.0,1536.0,1.0,12364.376349312912,583.14892578125,"(np.int64(1536), np.int64(1991), np.int64(1537), np.int64(1992))",63,7
35,831.0,1688.0,1.0,12364.376349312912,583.14892578125,"(np.int64(1688), np.int64(831), np.int64(1689), np.int64(832))",64,138
35,1046.0,1729.0,1.0,12364.376349312912,583.14892578125,"(np.int64(1729), np.int64(1046), np.int64(1730), np.int64(1047))",60,64
35,1446.0,2044.5,2.0,24728.752698625824,612.17919921875,"(np.int64(2042), np.int64(1442), np.int64(2048), np.int64(1451))",117,33
36,1362.5,234.16666666666669,10.0,123643.76349312911,1433.578125,"(np.int64(231), np.int64(1362), np.int64(237), np.int64(1365))",108,13
36,946.0,742.0,1.0,12364.376349312912,583.06396484375,"(np.int64(742), np.int64(946), np.int64(743), np.int64(947))",53,10
36,1271.357142857143,778.7857142857142,8.0,98915.0107945033,583.06396484375,"(np.int64(776), np.int64(1271), np.int64(785), np.int64(1274))",12,151
36,1308.6666666666667,790.0,3.0,37093.12904793874,612.208984375,"(np.int64(789), np.int64(1308), np.int64(792), np.int64(1310))",12,151
36,268.0,954.0,1.0,12364.376349312912,672.677734375,"(np.int64(954), np.int64(268), np.int64(955), np.int64(269))",119,2
36,1811.0,979.0,1.0,12364.376349312912,583.06396484375,"(np.int64(979), np.int64(1811), np.int64(980), np.int64(1812))",122,3
36,1662.1923076923076,1193.6538461538462,26.0,321473.7850821357,906.654296875,"(np.int64(1189), np.int64(1660), np.int64(1199), np.int64(1666))",20,27
36,95.7,1413.4,10.0,123643.76349312911,642.1708984375,"(np.int64(1412), np.int64(93), np.int64(1416), np.int64(99))",29,54
36,171.4375,1511.1458333333335,25.0,309109.4087328228,1017.650146484375,"(np.int64(1505), np.int64(160), np.int64(1520), np.int64(178))",43,115
36,105.875,1536.375,8.0,98915.0107945033,642.1708984375,"(np.int64(1535), np.int64(103), np.int64(1538), np.int64(109))",43,115
36,832.75,1687.0,5.0,61821.881746564555,612.208984375,"(np.int64(1686), np.int64(831), np.int64(1690), np.int64(835))",64,138
36,1046.0,1729.0,1.0,12364.376349312912,612.208984375,"(np.int64(1729), np.int64(1046), np.int64(1730), np.int64(1047))",60,64
37,1361.6,232.7,10.0,123643.76349312911,1055.986572265625,"(np.int64(231), np.int64(1360), np.int64(235), np.int64(1364))",108,13
37,1197.0,364.0,1.0,12364.376349312912,583.098876953125,"(np.int64(364), np.int64(1197), np.int64(365), np.int64(1198))",113,13
37,1823.0,412.0,1.0,12364.376349312912,583.098876953125,"(np.int64(412), np.int64(1823), np.int64(413), np.int64(1824))",96,86
37,1144.0,508.25,3.0,37093.12904793874,612.281982421875,"(np.int64(507), np.int64(1144), np.int64(511), np.int64(1145))",72,15
37,1877.0,533.0,1.0,12364.376349312912,583.098876953125,"(np.int64(533), np.int64(1877), np.int64(534), np.int64(1878))",81,75
37,950.0,748.0,1.0,12364.376349312912,583.098876953125,"(np.int64(748), np.int64(950), np.int64(749), np.int64(951))",53,10
37,1318.25,756.25,3.0,37093.12904793874,583.098876953125,"(np.int64(756), np.int64(1312), np.int64(758), np.int64(1325))",12,151
37,1271.8333333333335,778.1666666666667,4.0,49457.50539725165,612.281982421875,"(np.int64(776), np.int64(1270), np.int64(782), np.int64(1274))",12,151
37,453.44882147981144,820.1282639885223,67.0,828413.2154039651,672.66796875,"(np.int64(814), np.int64(439), np.int64(829), np.int64(463))",14,94
37,1662.3636363636363,1195.6818181818182,22.0,272016.27968488407,906.6376953125,"(np.int64(1192), np.int64(1661), np.int64(1200), np.int64(1665))",20,27
37,871.0,1292.0,1.0,12364.376349312912,583.098876953125,"(np.int64(1292), np.int64(871), np.int64(1293), np.int64(872))",110,9
37,96.5,1412.5,13.0,160736.89254106785,612.281982421875,"(np.int64(1412), np.int64(90), np.int64(1414), np.int64(102))",29,54
37,167.425,1516.4,40.0,494575.05397251644,1017.6142578125,"(np.int64(1513), np.int64(161), np.int64(1521), np.int64(174))",43,115
37,1846.0,1516.0,1.0,12364.376349312912,583.098876953125,"(np.int64(1516), np.int64(1846), np.int64(1517), np.int64(1847))",125,12
37,106.41666666666666,1534.2083333333335,13.0,160736.89254106788,703.971435546875,"(np.int64(1533), np.int64(101), np.int64(1538), np.int64(110))",43,115
37,831.875,1687.25,8.0,98915.0107945033,612.281982421875,"(np.int64(1686), np.int64(831), np.int64(1690), np.int64(834))",64,138
37,748.5,1778.75,5.0,61821.88174656456,612.281982421875,"(np.int64(1776), np.int64(748), np.int64(1782), np.int64(750))",126,6
38,1362.4,233.8,10.0,123643.76349312911,1017.6123046875,"(np.int64(232), np.int64(1361), np.int64(236), np.int64(1365))",108,13
38,1825.0,412.0,1.0,12364.376349312912,583.099609375,"(np.int64(412), np.int64(1825), np.int64(413), np.int64(1826))",96,86
38,1313.5,756.8,6.0,74186.25809587746,612.30810546875,"(np.int64(755), np.int64(1311), np.int64(759), np.int64(1319))",12,151
38,1271.6363636363637,779.2727272727273,11.0,136008.13984244203,612.30810546875,"(np.int64(776), np.int64(1270), np.int64(783), np.int64(1274))",12,151
38,1166.0,808.0,1.0,12364.376349312912,583.099609375,"(np.int64(808), np.int64(1166), np.int64(809), np.int64(1167))",41,11
38,975.0,870.0,1.0,12364.376349312912,612.30810546875,"(np.int64(870), np.int64(975), np.int64(871), np.int64(976))",42,180
38,1567.0,1088.0,1.0,12364.376349312912,583.099609375,"(np.int64(1088), np.int64(1567), np.int64(1089), np.int64(1568))",76,62
38,1663.5,1195.8333333333333,18.0,222558.7742876324,836.27197265625,"(np.int64(1193), np.int64(1662), np.int64(1200), np.int64(1666))",20,27
38,870.0,1290.0,1.0,12364.376349312912,583.099609375,"(np.int64(1290), np.int64(870), np.int64(1291), np.int64(871))",110,9
38,100.11111111111111,1412.9444444444443,10.0,123643.76349312911,612.30810546875,"(np.int64(1412), np.int64(97), np.int64(1415), np.int64(106))",29,54
38,165.41379310344826,1518.1379310344828,32.0,395660.0431780132,979.93603515625,"(np.int64(1514), np.int64(160), np.int64(1521), np.int64(176))",43,115
38,106.3157894736842,1535.7368421052631,19.0,234923.15063694533,704.02490234375,"(np.int64(1534), np.int64(102), np.int64(1538), np.int64(112))",43,115
38,1988.5,1686.0,2.0,24728.752698625824,612.30810546875,"(np.int64(1686), np.int64(1988), np.int64(1687), np.int64(1990))",83,27
38,833.0,1688.0,3.0,37093.12904793874,583.099609375,"(np.int64(1687), np.int64(833), np.int64(1690), np.int64(834))",64,138
38,1046.0,1729.0,1.0,12364.376349312912,583.099609375,"(np.int64(1729), np.int64(1046), np.int64(1730), np.int64(1047))",60,64
38,846.6,1732.8,5.0,61821.881746564555,612.30810546875,"(np.int64(1731), np.int64(846), np.int64(1735), np.int64(849))",64,138
38,750.0,1781.0,3.0,37093.12904793874,612.30810546875,"(np.int64(1780), np.int64(750), np.int64(1783), np.int64(751))",126,6
39,1287.0,69.0,1.0,12364.376349312912,583.0654296875,"(np.int64(69), np.int64(1287), np.int64(70), np.int64(1288))",104,4
39,1363.0,234.16666666666666,6.0,74186.25809587748,1017.590087890625,"(np.int64(233), np.int64(1362), np.int64(236), np.int64(1365))",108,13
39,621.0,311.0,1.0,12364.376349312912,979.948974609375,"(np.int64(311), np.int64(621), np.int64(312), np.int64(622))",128,2
39,1199.5,367.25,3.0,37093.12904793874,612.23193359375,"(np.int64(366), np.int64(1199), np.int64(370), np.int64(1201))",113,13
39,1827.0,411.125,5.0,61821.881746564555,642.168701171875,"(np.int64(408), np.int64(1823), np.int64(416), np.int64(1831))",96,86
39,1318.0,756.6111111111111,36.0,445117.5485752648,704.0234375,"(np.int64(755), np.int64(1311), np.int64(760), np.int64(1325))",12,151
39,1278.921875,780.4375,23.0,284380.65603419696,672.765869140625,"(np.int64(776), np.int64(1268), np.int64(784), np.int64(1299))",12,151
39,975.8,868.6,5.0,61821.881746564555,906.647705078125,"(np.int64(868), np.int64(975), np.int64(870), np.int64(978))",42,180
39,1034.3333333333333,914.6666666666666,3.0,37093.12904793874,612.23193359375,"(np.int64(914), np.int64(1034), np.int64(916), np.int64(1036))",129,5
39,1666.0,1197.2,5.0,61821.881746564555,612.23193359375,"(np.int64(1196), np.int64(1665), np.int64(1199), np.int64(1668))",20,27
39,100.0,1413.0,1.0,12364.376349312912,583.0654296875,"(np.int64(1413), np.int64(100), np.int64(1414), np.int64(101))",29,54
39,163.64444444444445,1518.8333333333333,20.0,247287.52698625825,802.0888671875,"(np.int64(1515), np.int64(157), np.int64(1522), np.int64(176))",43,115
39,110.27272727272728,1534.3636363636365,12.0,148372.51619175496,736.051513671875,"(np.int64(1534), np.int64(106), np.int64(1537), np.int64(114))",43,115
39,1046.0,1729.0,1.0,12364.376349312912,583.0654296875,"(np.int64(1729), np.int64(1046), np.int64(1730), np.int64(1047))",60,64
39,847.3333333333334,1732.1666666666667,12.0,148372.51619175496,642.168701171875,"(np.int64(1730), np.int64(846), np.int64(1735), np.int64(850))",64,138
39,751.0,1780.5,2.0,24728.752698625824,583.0654296875,"(np.int64(1780), np.int64(751), np.int64(1782), np.int64(752))",126,6
40,1361.6666666666667,233.66666666666666,3.0,37093.12904793874,704.010498046875,"(np.int64(233), np.int64(1361), np.int64(235), np.int64(1363))",108,13
40,1825.0,410.5,4.0,49457.50539725165,642.111572265625,"(np.int64(406), np.int64(1822), np.int64(415), np.int64(1829))",96,86
40,1876.0,512.0,1.0,12364.376349312912,583.112060546875,"(np.int64(512), np.int64(1876), np.int64(513), np.int64(1877))",81,75
40,696.0,565.0,1.0,12364.376349312912,583.112060546875,"(np.int64(565), np.int64(696), np.int64(566), np.int64(697))",130,26
40,1302.8623737373737,792.2323232323232,32.0,395660.0431780132,942.907958984375,"(np.int64(788), np.int64(1293), np.int64(797), np.int64(1318))",12,151
40,974.875,866.75,8.0,98915.0107945033,1301.317138671875,"(np.int64(865), np.int64(974), np.int64(869), np.int64(977))",42,180
40,1033.5,912.5,2.0,24728.752698625824,736.031494140625,"(np.int64(912), np.int64(1033), np.int64(914), np.int64(1035))",129,5
40,864.5,1288.5,2.0,24728.752698625824,583.112060546875,"(np.int64(1288), np.int64(864), np.int64(1290), np.int64(866))",110,9
40,159.0,1519.0,1.0,12364.376349312912,583.112060546875,"(np.int64(1519), np.int64(159), np.int64(1520), np.int64(160))",43,115
40,108.28571428571429,1532.4761904761904,21.0,259651.90333557114,802.0908203125,"(np.int64(1531), np.int64(104), np.int64(1535), np.int64(113))",43,115
40,838.0,1684.0,3.0,37093.12904793874,612.233642578125,"(np.int64(1683), np.int64(834), np.int64(1687), np.int64(844))",64,138
40,847.65,1728.15,11.0,136008.13984244203,642.111572265625,"(np.int64(1725), np.int64(847), np.int64(1734), np.int64(850))",64,138
41,1286.0,69.5,2.0,24728.752698625824,672.765869140625,"(np.int64(69), np.int64(1286), np.int64(71), np.int64(1287))",104,4
41,1827.5,407.75,3.0,37093.12904793874,583.0654296875,"(np.int64(406), np.int64(1827), np.int64(411), np.int64(1829))",96,86
41,1876.0,503.0,1.0,12364.376349312912,583.0654296875,"(np.int64(503), np.int64(1876), np.int64(504), np.int64(1877))",81,75
41,1287.0,768.0,1.0,12364.376349312912,583.0654296875,"(np.int64(768), np.int64(1287), np.int64(769), np.int64(1288))",12,151
41,1320.0,789.4285714285714,14.0,173101.26889038077,768.739990234375,"(np.int64(788), np.int64(1315), np.int64(792), np.int64(1325))",12,151
41,974.7142857142857,867.2857142857143,14.0,173101.26889038077,1258.625732421875,"(np.int64(865), np.int64(973), np.int64(871), np.int64(977))",42,180
41,864.0,1290.0,1.0,12364.376349312912,583.0654296875,"(np.int64(1290), np.int64(864), np.int64(1291), np.int64(865))",110,9
41,152.0,1521.0,1.0,12364.376349312912,583.0654296875,"(np.int64(1521), np.int64(152), np.int64(1522), np.int64(153))",43,115
41,106.71875,1533.875,17.0,210194.3979383195,768.739990234375,"(np.int64(1532), np.int64(104), np.int64(1536), np.int64(113))",43,115
41,175.0,1573.0,1.0,12364.376349312912,612.23193359375,"(np.int64(1573), np.int64(175), np.int64(1574), np.int64(176))",52,9
41,840.25,1685.25,3.0,37093.12904793874,612.23193359375,"(np.int64(1685), np.int64(837), np.int64(1687), np.int64(845))",64,138
41,753.4166666666667,1787.5,7.0,86550.63444519039,642.168701171875,"(np.int64(1786), np.int64(753), np.int64(1791), np.int64(756))",126,6
41,783.0,1878.0,1.0,12364.376349312912,642.168701171875,"(np.int64(1878), np.int64(783), np.int64(1879), np.int64(784))",131,2
42,1287.0,69.5,2.0,24728.752698625824,642.087646484375,"(np.int64(69), np.int64(1287), np.int64(71), np.int64(1288))",104,4
42,1362.0,234.0,1.0,12364.376349312912,642.087646484375,"(np.int64(234), np.int64(1362), np.int64(235), np.int64(1363))",108,13
42,1309.5,765.0,2.0,24728.752698625824,612.30810546875,"(np.int64(765), np.int64(1309), np.int64(766), np.int64(1311))",12,151
42,1321.7,788.5,10.0,123643.76349312911,672.72314453125,"(np.int64(788), np.int64(1317), np.int64(791), np.int64(1326))",12,151
42,973.5277777777778,862.9166666666667,19.0,234923.15063694533,1344.709716796875,"(np.int64(860), np.int64(972), np.int64(870), np.int64(978))",42,180
42,743.0,1005.5,2.0,24728.752698625824,612.30810546875,"(np.int64(1005), np.int64(743), np.int64(1007), np.int64(744))",132,3
42,163.5,1519.0,2.0,24728.752698625824,583.099609375,"(np.int64(1518), np.int64(161), np.int64(1521), np.int64(167))",43,115
42,111.0,1533.5,2.0,24728.752698625824,583.099609375,"(np.int64(1533), np.int64(111), np.int64(1535), np.int64(112))",43,115
42,1046.0,1729.0,1.0,12364.376349312912,612.30810546875,"(np.int64(1729), np.int64(1046), np.int64(1730), np.int64(1047))",60,64
42,849.0,1730.0,1.0,12364.376349312912,583.099609375,"(np.int64(1730), np.int64(849), np.int64(1731), np.int64(850))",64,138
42,757.0,1791.0,1.0,12364.376349312912,583.099609375,"(np.int64(1791), np.int64(757), np.int64(1792), np.int64(758))",126,6
43,1328.0,755.5,2.0,24728.752698625824,612.2860107421875,"(np.int64(755), np.int64(1328), np.int64(757), np.int64(1329))",12,151
43,1269.5,783.5,4.0,49457.50539725165,612.2860107421875,"(np.int64(783), np.int64(1269), np.int64(785), np.int64(1271))",12,151
43,1292.0,798.0,6.0,74186.25809587746,703.979248046875,"(np.int64(798), np.int64(1290), np.int64(799), np.int64(1297))",12,151
43,974.6842105263158,865.6315789473684,19.0,234923.15063694533,1095.08740234375,"(np.int64(862), np.int64(972), np.int64(870), np.int64(978))",42,180
43,743.0,1006.0,1.0,12364.376349312912,583.139404296875,"(np.int64(1006), np.int64(743), np.int64(1007), np.int64(744))",132,3
43,920.0,1117.0,5.0,61821.881746564555,836.2545166015625,"(np.int64(1116), np.int64(919), np.int64(1119), np.int64(922))",18,141
43,173.0,1514.25,4.0,49457.50539725165,735.9847412109375,"(np.int64(1514), np.int64(172), np.int64(1516), np.int64(175))",43,115
43,112.0,1534.0,1.0,12364.376349312912,583.139404296875,"(np.int64(1534), np.int64(112), np.int64(1535), np.int64(113))",43,115
43,1046.0,1729.0,1.0,12364.376349312912,642.1298828125,"(np.int64(1729), np.int64(1046), np.int64(1730), np.int64(1047))",60,64
43,851.5,1734.0,2.0,24728.752698625824,583.139404296875,"(np.int64(1733), np.int64(851), np.int64(1736), np.int64(853))",64,138
43,376.8,1815.8,5.0,61821.881746564555,768.6875,"(np.int64(1815), np.int64(376), np.int64(1818), np.int64(379))",45,51
44,289.0,391.0,1.0,12364.376349312912,583.1160888671875,"(np.int64(391), np.int64(289), np.int64(392), np.int64(290))",89,139
44,1871.0,517.0,1.0,12364.376349312912,583.1160888671875,"(np.int64(517), np.int64(1871), np.int64(518), np.int64(1872))",81,75
44,1269.3333333333333,782.6666666666666,3.0,37093.12904793874,672.7218017578125,"(np.int64(782), np.int64(1269), np.int64(784), np.int64(1271))",12,151
44,1383.75,819.0,3.0,37093.12904793874,583.1160888671875,"(np.int64(818), np.int64(1383), np.int64(821), np.int64(1386))",13,16
44,974.1428571428571,863.7142857142857,14.0,173101.26889038077,942.960205078125,"(np.int64(861), np.int64(972), np.int64(868), np.int64(977))",42,180
44,743.0,1005.0,1.0,12364.376349312912,583.1160888671875,"(np.int64(1005), np.int64(743), np.int64(1006), np.int64(744))",132,3
44,919.4615384615385,1117.1538461538462,13.0,160736.89254106785,1817.6259765625,"(np.int64(1115), np.int64(918), np.int64(1120), np.int64(922))",18,141
44,1465.0,1227.0,1.0,12364.376349312912,642.1302490234375,"(np.int64(1227), np.int64(1465), np.int64(1228), np.int64(1466))",139,24
44,1656.0,1391.5,2.0,24728.752698625824,583.1160888671875,"(np.int64(1391), np.int64(1656), np.int64(1393), np.int64(1657))",140,20
44,108.625,1534.375,8.0,98915.0107945033,672.7218017578125,"(np.int64(1534), np.int64(107), np.int64(1536), np.int64(112))",43,115
44,849.1666666666666,1731.8333333333333,6.0,74186.25809587748,612.28662109375,"(np.int64(1730), np.int64(849), np.int64(1735), np.int64(851))",64,138
44,375.6666666666667,1815.5,6.0,74186.25809587748,703.986572265625,"(np.int64(1814), np.int64(375), np.int64(1818), np.int64(378))",45,51
45,1286.5,765.0,4.0,49457.50539725165,583.081298828125,"(np.int64(765), np.int64(1285), np.int64(766), np.int64(1289))",12,151
45,1270.0,781.0,3.0,37093.12904793874,583.081298828125,"(np.int64(780), np.int64(1269), np.int64(783), np.int64(1272))",12,151
45,1384.0,817.5,2.0,24728.752698625824,612.291259765625,"(np.int64(817), np.int64(1384), np.int64(819), np.int64(1385))",13,16
45,974.5333333333333,862.3333333333334,15.0,185465.64523969367,736.035888671875,"(np.int64(859), np.int64(972), np.int64(867), np.int64(978))",42,180
45,239.0,986.1,10.0,123643.76349312911,802.156982421875,"(np.int64(983), np.int64(237), np.int64(991), np.int64(242))",142,6
45,1689.0,1103.0,1.0,12364.376349312912,583.081298828125,"(np.int64(1103), np.int64(1689), np.int64(1104), np.int64(1690))",109,8
45,919.4,1116.5,10.0,123643.76349312911,1175.514892578125,"(np.int64(1115), np.int64(918), np.int64(1119), np.int64(922))",18,141
45,1465.6666666666667,1226.3333333333333,3.0,37093.12904793874,704.03759765625,"(np.int64(1226), np.int64(1465), np.int64(1228), np.int64(1467))",139,24
45,1652.7142857142858,1393.7142857142858,8.0,98915.0107945033,672.703125,"(np.int64(1385), np.int64(1650), np.int64(1401), np.int64(1657))",140,20
45,167.16666666666666,1515.3333333333333,4.0,49457.50539725165,672.703125,"(np.int64(1513), np.int64(164), np.int64(1520), np.int64(174))",43,115
45,108.5,1534.0,4.0,49457.50539725165,612.291259765625,"(np.int64(1534), np.int64(107), np.int64(1535), np.int64(111))",43,115
45,1989.0,1686.0,1.0,12364.376349312912,583.081298828125,"(np.int64(1686), np.int64(1989), np.int64(1687), np.int64(1990))",83,27
45,837.0,1689.0,1.0,12364.376349312912,583.081298828125,"(np.int64(1689), np.int64(837), np.int64(1690), np.int64(838))",64,138
45,837.0,1736.0,1.0,12364.376349312912,612.291259765625,"(np.int64(1736), np.int64(837), np.int64(1737), np.int64(838))",64,138
45,375.0833333333333,1815.0,12.0,148372.51619175496,768.697998046875,"(np.int64(1813), np.int64(374), np.int64(1819), np.int64(378))",45,51
46,336.0,422.0,1.0,12364.376349312912,612.29296875,"(np.int64(422), np.int64(336), np.int64(423), np.int64(337))",89,139
46,1876.0,514.0,1.0,12364.376349312912,612.29296875,"(np.int64(514), np.int64(1876), np.int64(515), np.int64(1877))",81,75
46,1287.1666666666667,766.3333333333334,4.0,49457.50539725165,612.29296875,"(np.int64(766), np.int64(1284), np.int64(768), np.int64(1292))",12,151
46,448.7545068027211,823.8125850340136,67.0,828413.2154039651,736.0478515625,"(np.int64(816), np.int64(442), np.int64(831), np.int64(458))",14,94
46,976.6666666666666,862.6666666666666,3.0,37093.12904793874,642.178466796875,"(np.int64(858), np.int64(973), np.int64(867), np.int64(980))",42,180
46,240.0,985.5,6.0,74186.25809587748,871.07080078125,"(np.int64(984), np.int64(239), np.int64(988), np.int64(242))",142,6
46,921.5,1117.375,8.0,98915.0107945033,1095.06396484375,"(np.int64(1116), np.int64(920), np.int64(1120), np.int64(925))",18,141
46,1467.6666666666667,1227.3333333333333,3.0,37093.12904793874,736.0478515625,"(np.int64(1227), np.int64(1467), np.int64(1229), np.int64(1469))",139,24
46,157.0,1364.875,8.0,98915.0107945033,672.74951171875,"(np.int64(1364), np.int64(155), np.int64(1367), np.int64(160))",26,3
46,1658.0,1384.0,1.0,12364.376349312912,612.29296875,"(np.int64(1384), np.int64(1658), np.int64(1385), np.int64(1659))",140,20
46,111.0,1534.75,4.0,49457.50539725165,642.178466796875,"(np.int64(1534), np.int64(110), np.int64(1536), np.int64(113))",43,115
46,1990.7777777777778,1687.5555555555557,9.0,111279.3871438162,906.63916015625,"(np.int64(1686), np.int64(1989), np.int64(1690), np.int64(1993))",83,27
46,839.0,1692.0,1.0,12364.376349312912,612.29296875,"(np.int64(1692), np.int64(839), np.int64(1693), np.int64(840))",64,138
46,376.0,1816.8,5.0,61821.881746564555,704.0068359375,"(np.int64(1815), np.int64(375), np.int64(1819), np.int64(378))",45,51
47,344.5,417.0,2.0,24728.752698625824,612.261962890625,"(np.int64(417), np.int64(344), np.int64(418), np.int64(346))",89,139
47,1332.0,751.0,1.0,12364.376349312912,642.0955810546875,"(np.int64(751), np.int64(1332), np.int64(752), np.int64(1333))",12,151
47,1307.3333333333333,788.0,9.0,111279.3871438162,612.261962890625,"(np.int64(787), np.int64(1293), np.int64(790), np.int64(1320))",12,151
47,451.3421052631579,820.8479532163743,61.0,754226.9573080876,735.9954833984375,"(np.int64(817), np.int64(441), np.int64(830), np.int64(456))",14,94
47,1385.0,819.5,2.0,24728.752698625824,672.72900390625,"(np.int64(819), np.int64(1385), np.int64(821), np.int64(1386))",13,16
47,239.66666666666666,985.0,3.0,37093.12904793874,735.9954833984375,"(np.int64(984), np.int64(239), np.int64(987), np.int64(241))",142,6
47,920.0,1116.2,5.0,61821.881746564555,1258.6837158203125,"(np.int64(1115), np.int64(919), np.int64(1118), np.int64(922))",18,141
47,1467.0,1226.0,1.0,12364.376349312912,612.261962890625,"(np.int64(1226), np.int64(1467), np.int64(1227), np.int64(1468))",139,24
47,162.0,1519.5,4.0,49457.50539725165,704.0023193359375,"(np.int64(1516), np.int64(152), np.int64(1524), np.int64(172))",43,115
47,111.0,1534.0,1.0,12364.376349312912,612.261962890625,"(np.int64(1534), np.int64(111), np.int64(1535), np.int64(112))",43,115
47,1991.0833333333333,1686.3333333333333,12.0,148372.51619175496,1525.3468017578125,"(np.int64(1684), np.int64(1990), np.int64(1689), np.int64(1993))",83,27
47,851.6666666666666,1731.3333333333333,3.0,37093.12904793874,672.72900390625,"(np.int64(1731), np.int64(851), np.int64(1733), np.int64(853))",64,138
47,374.8333333333333,1816.0,12.0,148372.51619175496,906.678955078125,"(np.int64(1814), np.int64(374), np.int64(1820), np.int64(377))",45,51
48,957.0,730.0,1.0,12364.376349312912,612.28662109375,"(np.int64(730), np.int64(957), np.int64(731), np.int64(958))",53,10
48,1326.0,752.0,1.0,12364.376349312912,612.28662109375,"(np.int64(752), np.int64(1326), np.int64(753), np.int64(1327))",12,151
48,1385.0,819.0,1.0,12364.376349312912,612.28662109375,"(np.int64(819), np.int64(1385), np.int64(820), np.int64(1386))",13,16
48,449.3148148148148,822.8888888888889,59.0,729498.204609462,768.685302734375,"(np.int64(821), np.int64(443), np.int64(831), np.int64(461))",14,94
48,239.9,985.6,10.0,123643.76349312911,1017.606689453125,"(np.int64(984), np.int64(238), np.int64(989), np.int64(242))",142,6
48,1051.0,984.0,1.0,12364.376349312912,703.986572265625,"(np.int64(984), np.int64(1051), np.int64(985), np.int64(1052))",17,9
48,920.4,1117.2,5.0,61821.881746564555,1433.6226806640625,"(np.int64(1116), np.int64(920), np.int64(1119), np.int64(922))",18,141
48,161.33333333333334,1520.6666666666667,5.0,61821.88174656456,642.1302490234375,"(np.int64(1517), np.int64(154), np.int64(1524), np.int64(172))",43,115
48,123.0,1534.0,1.0,12364.376349312912,612.28662109375,"(np.int64(1534), np.int64(123), np.int64(1535), np.int64(124))",43,115
48,1990.7142857142858,1686.9285714285713,14.0,173101.26889038077,1433.6226806640625,"(np.int64(1685), np.int64(1989), np.int64(1690), np.int64(1993))",83,27
48,1046.0,1729.0,1.0,12364.376349312912,612.28662109375,"(np.int64(1729), np.int64(1046), np.int64(1730), np.int64(1047))",60,64
48,849.0,1731.5,2.0,24728.752698625824,612.28662109375,"(np.int64(1731), np.int64(849), np.int64(1733), np.int64(850))",64,138
48,374.3333333333333,1816.3333333333333,3.0,37093.12904793874,642.1302490234375,"(np.int64(1816), np.int64(374), np.int64(1818), np.int64(376))",45,51
49,1361.3333333333333,235.0,3.0,37093.12904793874,642.1229248046875,"(np.int64(234), np.int64(1361), np.int64(237), np.int64(1363))",108,13
49,317.0,410.0,1.0,12364.376349312912,583.1422119140625,"(np.int64(410), np.int64(317), np.int64(411), np.int64(318))",89,139
49,1886.9,517.0333333333334,8.0,98915.0107945033,642.1229248046875,"(np.int64(503), np.int64(1877), np.int64(526), np.int64(1892))",81,75
49,956.0,739.0,2.0,24728.752698625824,583.1422119140625,"(np.int64(733), np.int64(955), np.int64(746), np.int64(958))",53,10
49,1185.5,783.5,6.0,74186.25809587748,802.144775390625,"(np.int64(783), np.int64(1184), np.int64(785), np.int64(1188))",145,3
49,1385.0,820.0,1.0,12364.376349312912,583.1422119140625,"(np.int64(820), np.int64(1385), np.int64(821), np.int64(1386))",13,16
49,103.0,880.0,4.0,49457.50539725165,612.255859375,"(np.int64(880), np.int64(101), np.int64(881), np.int64(107))",146,10
49,240.0,985.5,6.0,74186.25809587748,768.715576171875,"(np.int64(984), np.int64(239), np.int64(988), np.int64(242))",142,6
49,1053.0,985.0,1.0,12364.376349312912,583.1422119140625,"(np.int64(985), np.int64(1053), np.int64(986), np.int64(1054))",17,9
49,1680.0,1099.5,2.0,24728.752698625824,583.1422119140625,"(np.int64(1099), np.int64(1680), np.int64(1101), np.int64(1681))",109,8
49,919.75,1117.75,8.0,98915.0107945033,1717.3385009765625,"(np.int64(1116), np.int64(919), np.int64(1120), np.int64(922))",18,141
49,161.48,1518.1200000000001,22.0,272016.279684884,703.980712890625,"(np.int64(1507), np.int64(143), np.int64(1527), np.int64(178))",43,115
49,109.66666666666667,1535.6666666666667,3.0,37093.12904793874,583.1422119140625,"(np.int64(1535), np.int64(109), np.int64(1537), np.int64(111))",43,115
49,1985.0,1539.0,1.0,12364.376349312912,612.255859375,"(np.int64(1539), np.int64(1985), np.int64(1540), np.int64(1986))",63,7
49,1990.6153846153845,1686.8461538461538,13.0,160736.89254106785,1175.4835205078125,"(np.int64(1685), np.int64(1989), np.int64(1689), np.int64(1993))",83,27
49,849.4,1726.2,5.0,61821.881746564555,642.1229248046875,"(np.int64(1725), np.int64(848), np.int64(1728), np.int64(851))",64,138
49,353.0,1802.0,1.0,12364.376349312912,583.1422119140625,"(np.int64(1802), np.int64(353), np.int64(1803), np.int64(354))",45,51
49,374.2857142857143,1816.7142857142858,7.0,86550.63444519039,768.715576171875,"(np.int64(1815), np.int64(373), np.int64(1819), np.int64(376))",45,51
50,1592.0,396.0,1.0,12364.376349312912,672.6865234375,"(np.int64(396), np.int64(1592), np.int64(397), np.int64(1593))",149,3
50,346.5,416.0,2.0,24728.752698625824,612.28369140625,"(np.int64(416), np.int64(340), np.int64(417), np.int64(354))",89,139
50,1879.5,505.0,2.0,24728.752698625824,612.28369140625,"(np.int64(505), np.int64(1879), np.int64(506), np.int64(1881))",81,75
50,1185.4444444444443,783.8888888888889,9.0,111279.3871438162,1479.1328125,"(np.int64(783), np.int64(1184), np.int64(786), np.int64(1188))",145,3
50,1273.0,783.0,1.0,12364.376349312912,612.28369140625,"(np.int64(783), np.int64(1273), np.int64(784), np.int64(1274))",12,151
50,1323.7666666666667,787.6666666666667,8.0,98915.0107945033,703.9794921875,"(np.int64(786), np.int64(1318), np.int64(790), np.int64(1330))",12,151
50,447.6034482758621,826.0344827586207,58.0,717133.8282601489,942.88818359375,"(np.int64(821), np.int64(442), np.int64(832), np.int64(453))",14,94
50,104.88235294117646,880.5882352941177,17.0,210194.3979383195,736.00048828125,"(np.int64(880), np.int64(99), np.int64(883), np.int64(112))",146,10
50,240.0,985.0,5.0,61821.881746564555,672.6865234375,"(np.int64(984), np.int64(239), np.int64(987), np.int64(242))",142,6
50,919.8333333333334,1118.1666666666667,6.0,74186.25809587748,1095.091064453125,"(np.int64(1117), np.int64(919), np.int64(1120), np.int64(922))",18,141
50,154.95238095238096,1523.1488095238096,26.0,321473.7850821357,768.7490234375,"(np.int64(1521), np.int64(145), np.int64(1527), np.int64(166))",43,115
50,111.0,1537.0,1.0,12364.376349312912,612.28369140625,"(np.int64(1537), np.int64(111), np.int64(1538), np.int64(112))",43,115
50,362.5,1562.0,2.0,24728.752698625824,642.12109375,"(np.int64(1562), np.int64(362), np.int64(1563), np.int64(364))",31,113
50,1990.7142857142858,1688.0,7.0,86550.63444519039,906.708740234375,"(np.int64(1686), np.int64(1990), np.int64(1691), np.int64(1993))",83,27
50,374.77777777777777,1816.111111111111,9.0,111279.3871438162,871.153076171875,"(np.int64(1815), np.int64(374), np.int64(1819), np.int64(377))",45,51
50,2009.0,1987.0,1.0,12364.376349312912,612.28369140625,"(np.int64(1987), np.int64(2009), np.int64(1988), np.int64(2010))",151,37
51,1593.0,396.0,3.0,37093.12904793874,1017.57861328125,"(np.int64(395), np.int64(1593), np.int64(398), np.int64(1594))",149,3
51,1332.5,746.0,4.0,49457.50539725165,642.170654296875,"(np.int64(746), np.int64(1330), np.int64(747), np.int64(1337))",12,151
51,1306.0,775.5,2.0,24728.752698625824,642.170654296875,"(np.int64(775), np.int64(1302), np.int64(777), np.int64(1311))",12,151
51,1186.0,784.0,1.0,12364.376349312912,942.96044921875,"(np.int64(784), np.int64(1186), np.int64(785), np.int64(1187))",145,3
51,1330.0,788.0,1.0,12364.376349312912,704.046875,"(np.int64(788), np.int64(1330), np.int64(789), np.int64(1331))",12,151
51,457.5123456790123,817.7962962962962,57.0,704769.4519108359,906.664794921875,"(np.int64(813), np.int64(443), np.int64(832), np.int64(465))",14,94
51,106.20370370370371,872.9629629629629,32.0,395660.0431780132,979.931640625,"(np.int64(865), np.int64(94), np.int64(883), np.int64(115))",146,10
51,920.3333333333333,1118.0,4.0,49457.50539725165,735.99853515625,"(np.int64(1116), np.int64(919), np.int64(1120), np.int64(923))",18,141
51,154.625,1523.25,7.0,86550.63444519039,672.67431640625,"(np.int64(1522), np.int64(146), np.int64(1526), np.int64(165))",43,115
51,1991.4,1687.8,5.0,61821.881746564555,768.722412109375,"(np.int64(1687), np.int64(1991), np.int64(1690), np.int64(1993))",83,27
51,375.75,1815.125,8.0,98915.0107945033,979.931640625,"(np.int64(1814), np.int64(374), np.int64(1817), np.int64(378))",45,51
51,2009.5,1987.0,2.0,24728.752698625824,704.046875,"(np.int64(1987), np.int64(2009), np.int64(1988), np.int64(2011))",151,37
52,1592.6,396.8,5.0,61821.881746564555,942.955078125,"(np.int64(396), np.int64(1592), np.int64(399), np.int64(1594))",149,3
52,347.0,407.0,1.0,12364.376349312912,612.25439453125,"(np.int64(407), np.int64(347), np.int64(408), np.int64(348))",89,139
52,144.0,409.0,1.0,12364.376349312912,736.034912109375,"(np.int64(409), np.int64(144), np.int64(410), np.int64(145))",152,2
52,1409.0,462.0,1.0,12364.376349312912,612.25439453125,"(np.int64(462), np.int64(1409), np.int64(463), np.int64(1410))",153,58
52,1881.0,504.0,1.0,12364.376349312912,612.25439453125,"(np.int64(504), np.int64(1881), np.int64(505), np.int64(1882))",81,75
52,1332.5,746.25,8.0,98915.0107945033,672.7125244140625,"(np.int64(746), np.int64(1329), np.int64(748), np.int64(1337))",12,151
52,455.3666666666667,820.2166666666667,63.0,778955.7100067134,1017.5794677734375,"(np.int64(814), np.int64(442), np.int64(832), np.int64(466))",14,94
52,106.73382352941177,874.0852941176471,54.0,667676.3228628973,836.2823486328125,"(np.int64(864), np.int64(92), np.int64(885), np.int64(114))",146,10
52,1991.0,1688.3333333333333,9.0,111279.3871438162,1216.68115234375,"(np.int64(1687), np.int64(1990), np.int64(1691), np.int64(1993))",83,27
52,850.0,1730.5,4.0,49457.50539725165,672.7125244140625,"(np.int64(1727), np.int64(849), np.int64(1734), np.int64(852))",64,138
52,375.75,1815.0,4.0,49457.50539725165,703.986572265625,"(np.int64(1814), np.int64(375), np.int64(1817), np.int64(378))",45,51
52,2007.0,1988.0,1.0,12364.376349312912,612.25439453125,"(np.int64(1988), np.int64(2007), np.int64(1989), np.int64(2008))",151,37
53,1409.0,461.0,1.0,12364.376349312912,612.27734375,"(np.int64(461), np.int64(1409), np.int64(462), np.int64(1410))",153,58
53,1333.6521739130435,744.4347826086956,23.0,284380.65603419696,735.9658203125,"(np.int64(744), np.int64(1327), np.int64(746), np.int64(1340))",12,151
53,1330.7272727272727,787.1818181818181,11.0,136008.13984244203,735.9658203125,"(np.int64(785), np.int64(1329), np.int64(791), np.int64(1333))",12,151
53,454.35833333333335,818.4166666666666,72.0,890235.0971505296,906.6494140625,"(np.int64(811), np.int64(442), np.int64(831), np.int64(467))",14,94
53,525.0,821.0,1.0,12364.376349312912,768.63525390625,"(np.int64(821), np.int64(525), np.int64(822), np.int64(526))",154,7
53,424.0,828.0,1.0,12364.376349312912,612.27734375,"(np.int64(828), np.int64(424), np.int64(829), np.int64(425))",14,94
53,98.16666666666667,879.3333333333334,18.0,222558.7742876324,703.99560546875,"(np.int64(878), np.int64(91), np.int64(881), np.int64(106))",146,10
53,162.75,1521.5,5.0,61821.88174656456,703.99560546875,"(np.int64(1521), np.int64(160), np.int64(1523), np.int64(166))",43,115
53,1990.8,1686.9,10.0,123643.76349312911,1388.82568359375,"(np.int64(1685), np.int64(1990), np.int64(1690), np.int64(1993))",83,27
53,851.5,1732.5,2.0,24728.752698625824,642.1513671875,"(np.int64(1732), np.int64(851), np.int64(1734), np.int64(853))",64,138
53,1722.5,1865.0,2.0,24728.752698625824,672.72412109375,"(np.int64(1865), np.int64(1722), np.int64(1866), np.int64(1724))",57,18
53,2004.0,1988.0,1.0,12364.376349312912,642.1513671875,"(np.int64(1988), np.int64(2004), np.int64(1989), np.int64(2005))",151,37
53,1464.8823529411766,2046.7058823529412,17.0,210194.3979383195,942.9873046875,"(np.int64(2046), np.int64(1459), np.int64(2048), np.int64(1471))",117,33
54,1333.8333333333335,745.3611111111111,19.0,234923.15063694533,942.935302734375,"(np.int64(744), np.int64(1326), np.int64(747), np.int64(1338))",12,151
54,1317.0,780.1904761904761,9.0,111279.3871438162,906.662353515625,"(np.int64(770), np.int64(1307), np.int64(787), np.int64(1331))",12,151
54,1278.0,779.375,8.0,98915.01079450328,642.094482421875,"(np.int64(774), np.int64(1272), np.int64(783), np.int64(1283))",12,151
54,453.73333333333335,819.425,66.0,816048.8390546521,802.146728515625,"(np.int64(812), np.int64(442), np.int64(832), np.int64(465))",14,94
54,972.45,844.9,13.0,160736.89254106785,906.662353515625,"(np.int64(843), np.int64(970), np.int64(848), np.int64(976))",42,180
54,102.70833333333333,876.9583333333334,9.0,111279.3871438162,672.73193359375,"(np.int64(868), np.int64(90), np.int64(882), np.int64(121))",146,10
54,1645.0,1404.0,3.0,37093.12904793874,642.094482421875,"(np.int64(1403), np.int64(1643), np.int64(1406), np.int64(1648))",140,20
54,167.77380952380952,1520.5595238095239,13.0,160736.89254106785,703.984130859375,"(np.int64(1518), np.int64(162), np.int64(1524), np.int64(174))",43,115
54,1988.0,1539.5,2.0,24728.752698625824,735.95361328125,"(np.int64(1539), np.int64(1988), np.int64(1541), np.int64(1989))",63,7
54,316.0,1552.5,2.0,24728.752698625824,642.094482421875,"(np.int64(1552), np.int64(316), np.int64(1554), np.int64(317))",31,113
54,1990.6363636363637,1688.0,11.0,136008.13984244203,1619.9298095703125,"(np.int64(1686), np.int64(1989), np.int64(1691), np.int64(1993))",83,27
54,1719.0,1867.0,1.0,12364.376349312912,612.27685546875,"(np.int64(1867), np.int64(1719), np.int64(1868), np.int64(1720))",57,18
54,1465.575,2046.475,13.0,160736.89254106785,1095.09765625,"(np.int64(2046), np.int64(1459), np.int64(2048), np.int64(1472))",117,33
55,9.0,170.0,1.0,12364.376349312912,612.23193359375,"(np.int64(170), np.int64(9), np.int64(171), np.int64(10))",156,129
55,338.0,419.0,1.0,12364.376349312912,612.23193359375,"(np.int64(419), np.int64(338), np.int64(420), np.int64(339))",89,139
55,1324.375,747.4,15.0,185465.64523969367,768.739990234375,"(np.int64(746), np.int64(1305), np.int64(749), np.int64(1336))",12,151
55,1273.5,783.0,10.0,123643.76349312911,642.168701171875,"(np.int64(782), np.int64(1272), np.int64(785), np.int64(1276))",12,151
55,451.57183908045977,823.6307471264367,75.0,927328.2261984684,736.051513671875,"(np.int64(814), np.int64(439), np.int64(834), np.int64(465))",14,94
55,971.3888888888889,847.0555555555555,18.0,222558.7742876324,802.0888671875,"(np.int64(845), np.int64(969), np.int64(850), np.int64(975))",42,180
55,980.6666666666666,870.3333333333334,3.0,37093.12904793874,736.051513671875,"(np.int64(870), np.int64(980), np.int64(872), np.int64(982))",42,180
55,29.0,1292.5,2.0,24728.752698625824,871.09765625,"(np.int64(1292), np.int64(29), np.int64(1294), np.int64(30))",157,14
55,1643.6,1406.2,5.0,61821.881746564555,642.168701171875,"(np.int64(1405), np.int64(1642), np.int64(1408), np.int64(1646))",140,20
55,168.1153846153846,1523.2692307692307,26.0,321473.7850821357,768.739990234375,"(np.int64(1521), np.int64(162), np.int64(1527), np.int64(174))",43,115
55,312.0,1562.0,1.0,12364.376349312912,672.765869140625,"(np.int64(1562), np.int64(312), np.int64(1563), np.int64(313))",31,113
55,1989.142857142857,1691.5714285714287,7.0,86550.63444519039,836.318115234375,"(np.int64(1690), np.int64(1988), np.int64(1694), np.int64(1991))",83,27
55,1046.0,1729.0,1.0,12364.376349312912,642.168701171875,"(np.int64(1729), np.int64(1046), np.int64(1730), np.int64(1047))",60,64
56,1318.992156862745,744.9544117647059,38.0,469846.30127389065,768.685302734375,"(np.int64(743), np.int64(1299), np.int64(747), np.int64(1338))",12,151
56,1274.111111111111,781.2222222222222,9.0,111279.3871438162,672.7218017578125,"(np.int64(780), np.int64(1272), np.int64(783), np.int64(1277))",12,151
56,1309.0,790.0,1.0,12364.376349312912,612.28662109375,"(np.int64(790), np.int64(1309), np.int64(791), np.int64(1310))",12,151
56,972.4117647058823,844.5294117647059,34.0,420388.795876639,1017.606689453125,"(np.int64(840), np.int64(970), np.int64(849), np.int64(977))",42,180
56,983.0,878.0,1.0,12364.376349312912,612.28662109375,"(np.int64(878), np.int64(983), np.int64(879), np.int64(984))",42,180
56,103.0,880.0,1.0,12364.376349312912,642.1302490234375,"(np.int64(880), np.int64(103), np.int64(881), np.int64(104))",146,10
56,1647.851851851852,1400.5555555555557,11.0,136008.13984244203,735.9993896484375,"(np.int64(1393), np.int64(1642), np.int64(1406), np.int64(1657))",140,20
56,166.57142857142858,1522.4857142857143,35.0,432753.1722259519,802.119140625,"(np.int64(1520), np.int64(158), np.int64(1526), np.int64(175))",43,115
56,278.0,1670.0,1.0,12364.376349312912,612.28662109375,"(np.int64(1670), np.int64(278), np.int64(1671), np.int64(279))",158,23
56,1990.5,1691.5,4.0,49457.50539725165,703.986572265625,"(np.int64(1691), np.int64(1990), np.int64(1693), np.int64(1992))",83,27
56,375.0,1815.0,1.0,12364.376349312912,612.28662109375,"(np.int64(1815), np.int64(375), np.int64(1816), np.int64(376))",45,51
56,1461.8,2046.8,5.0,61821.881746564555,1017.606689453125,"(np.int64(2046), np.int64(1460), np.int64(2048), np.int64(1464))",117,33
57,1312.2107843137255,744.7099673202614,59.0,729498.2046094618,736.03369140625,"(np.int64(742), np.int64(1297), np.int64(747), np.int64(1338))",12,151
57,1272.0,781.0,1.0,12364.376349312912,672.70751953125,"(np.int64(781), np.int64(1272), np.int64(782), np.int64(1273))",12,151
57,973.2424242424242,844.5454545454545,33.0,408024.41952732607,1175.453369140625,"(np.int64(840), np.int64(971), np.int64(849), np.int64(978))",42,180
57,1645.357142857143,1403.9285714285713,14.0,173101.26889038077,802.1314697265625,"(np.int64(1402), np.int64(1643), np.int64(1406), np.int64(1649))",140,20
57,166.33333333333334,1523.0833333333333,24.0,296745.0323835099,1056.02392578125,"(np.int64(1520), np.int64(159), np.int64(1526), np.int64(175))",43,115
57,1462.0,2047.0,3.0,37093.12904793874,871.084716796875,"(np.int64(2047), np.int64(1461), np.int64(2048), np.int64(1464))",117,33
58,614.0,298.0,1.0,12364.376349312912,5870.90576171875,"(np.int64(298), np.int64(614), np.int64(299), np.int64(615))",128,2
58,339.5,417.0,2.0,24728.752698625824,642.13671875,"(np.int64(417), np.int64(339), np.int64(418), np.int64(341))",89,139
58,1884.3333333333333,457.0,3.0,37093.12904793874,612.3623046875,"(np.int64(456), np.int64(1884), np.int64(459), np.int64(1886))",93,8
58,1325.5,782.0,2.0,24728.752698625824,612.3623046875,"(np.int64(782), np.int64(1325), np.int64(783), np.int64(1327))",12,151
58,451.08126159554735,819.6677179962895,75.0,927328.2261984685,735.93505859375,"(np.int64(811), np.int64(439), np.int64(829), np.int64(467))",14,94
58,973.7179487179487,844.0,39.0,482210.67762320355,1216.79736328125,"(np.int64(839), np.int64(971), np.int64(850), np.int64(978))",42,180
58,982.75,866.75,4.0,49457.50539725165,672.68896484375,"(np.int64(866), np.int64(982), np.int64(869), np.int64(984))",42,180
58,102.0,880.0,3.0,37093.12904793874,612.3623046875,"(np.int64(880), np.int64(101), np.int64(881), np.int64(104))",146,10
58,1647.0,1402.5,16.0,197830.0215890066,871.18359375,"(np.int64(1401), np.int64(1645), np.int64(1405), np.int64(1650))",140,20
58,165.58139534883722,1522.6279069767443,43.0,531668.1830204552,1017.5244140625,"(np.int64(1518), np.int64(155), np.int64(1526), np.int64(178))",43,115
58,1461.375,2046.625,8.0,98915.0107945033,1134.86962890625,"(np.int64(2046), np.int64(1459), np.int64(2048), np.int64(1464))",117,33
59,14.0,164.0,1.0,12364.376349312912,612.314453125,"(np.int64(164), np.int64(14), np.int64(165), np.int64(15))",156,129
59,1884.0,458.0,1.0,12364.376349312912,612.314453125,"(np.int64(458), np.int64(1884), np.int64(459), np.int64(1885))",93,8
59,1302.75,747.575,41.0,506939.43032182934,768.810546875,"(np.int64(744), np.int64(1295), np.int64(750), np.int64(1310))",12,151
59,1272.1666666666667,771.3333333333334,4.0,49457.50539725165,672.60400390625,"(np.int64(770), np.int64(1261), np.int64(775), np.int64(1282))",12,151
59,1330.6,783.4,5.0,61821.881746564555,735.9716796875,"(np.int64(783), np.int64(1329), np.int64(785), np.int64(1333))",12,151
59,453.075,821.79,62.0,766591.3336574007,768.810546875,"(np.int64(812), np.int64(441), np.int64(829), np.int64(465))",14,94
59,971.5740740740741,847.0462962962963,56.0,692405.075561523,1301.40966796875,"(np.int64(840), np.int64(969), np.int64(851), np.int64(978))",42,180
59,104.2,882.8,15.0,185465.64523969367,802.162109375,"(np.int64(882), np.int64(100), np.int64(885), np.int64(109))",146,10
59,1463.5,1222.0,2.0,24728.752698625824,735.9716796875,"(np.int64(1222), np.int64(1463), np.int64(1223), np.int64(1465))",139,24
59,1644.5,1405.107142857143,9.0,111279.38714381622,871.17431640625,"(np.int64(1403), np.int64(1643), np.int64(1408), np.int64(1648))",140,20
59,171.05208333333331,1521.2291666666665,49.0,605854.4411163328,1175.443359375,"(np.int64(1519), np.int64(158), np.int64(1527), np.int64(177))",43,115
59,1046.0,1729.0,1.0,12364.376349312912,642.07421875,"(np.int64(1729), np.int64(1046), np.int64(1730), np.int64(1047))",60,64
59,896.0,1756.0,1.0,12364.376349312912,612.314453125,"(np.int64(1756), np.int64(896), np.int64(1757), np.int64(897))",64,138
59,352.0,1807.0,1.0,12364.376349312912,612.314453125,"(np.int64(1807), np.int64(352), np.int64(1808), np.int64(353))",45,51
59,1461.0,2047.0,1.0,12364.376349312912,612.314453125,"(np.int64(2047), np.int64(1461), np.int64(2048), np.int64(1462))",117,33
60,337.0,415.0,1.0,12364.376349312912,612.19775390625,"(np.int64(415), np.int64(337), np.int64(416), np.int64(338))",89,139
60,1300.7,744.4,20.0,247287.52698625822,642.15283203125,"(np.int64(743), np.int64(1296), np.int64(746), np.int64(1306))",12,151
60,1332.6,782.4,5.0,61821.881746564555,672.7158203125,"(np.int64(781), np.int64(1332), np.int64(785), np.int64(1334))",12,151
60,450.2202380952381,823.3214285714286,61.0,754226.9573080877,768.6630859375,"(np.int64(812), np.int64(438), np.int64(837), np.int64(465))",14,94
60,102.0,881.5454545454545,12.0,148372.51619175496,704.03955078125,"(np.int64(881), np.int64(99), np.int64(884), np.int64(109))",146,10
60,1542.0,1098.0,1.0,12364.376349312912,612.19775390625,"(np.int64(1098), np.int64(1542), np.int64(1099), np.int64(1543))",164,21
60,169.57407407407408,1521.6666666666667,54.0,667676.3228628972,1433.601318359375,"(np.int64(1516), np.int64(161), np.int64(1527), np.int64(180))",43,115
60,1167.0,1681.25,3.0,37093.12904793874,942.91845703125,"(np.int64(1680), np.int64(1166), np.int64(1683), np.int64(1169))",166,16
60,1463.125,2046.6875,16.0,197830.0215890066,1868.783935546875,"(np.int64(2046), np.int64(1458), np.int64(2048), np.int64(1469))",117,33
61,1268.9384615384615,766.4523076923076,69.0,853141.9681025911,1767.06591796875,"(np.int64(763), np.int64(1263), np.int64(775), np.int64(1282))",12,151
61,1334.8333333333333,783.0,6.0,74186.25809587748,802.052734375,"(np.int64(782), np.int64(1334), np.int64(785), np.int64(1337))",12,151
61,1166.0,808.0,1.0,12364.376349312912,612.25244140625,"(np.int64(808), np.int64(1166), np.int64(809), np.int64(1167))",41,11
61,444.72549019607845,824.421568627451,53.0,655311.9465135843,906.69091796875,"(np.int64(817), np.int64(440), np.int64(829), np.int64(451))",14,94
61,973.7619047619048,840.3492063492064,63.0,778955.7100067134,1216.6435546875,"(np.int64(835), np.int64(970), np.int64(847), np.int64(980))",42,180
61,251.0,1002.0,1.0,12364.376349312912,768.7138671875,"(np.int64(1002), np.int64(251), np.int64(1003), np.int64(252))",168,22
61,1541.0,1096.0,1.0,12364.376349312912,612.25244140625,"(np.int64(1096), np.int64(1541), np.int64(1097), np.int64(1542))",164,21
61,1245.5,1152.0,2.0,24728.752698625824,642.125,"(np.int64(1152), np.int64(1245), np.int64(1153), np.int64(1247))",169,2
61,169.11904761904762,1521.595238095238,42.0,519303.8066711423,1017.6005859375,"(np.int64(1516), np.int64(161), np.int64(1526), np.int64(180))",43,115
61,1463.607142857143,2046.1785714285713,28.0,346202.53778076154,1817.5693359375,"(np.int64(2045), np.int64(1457), np.int64(2048), np.int64(1469))",117,33
62,340.0,418.0,1.0,12364.376349312912,612.316162109375,"(np.int64(418), np.int64(340), np.int64(419), np.int64(341))",89,139
62,1300.923076923077,744.9230769230769,16.0,197830.02158900662,642.080322265625,"(np.int64(742), np.int64(1290), np.int64(748), np.int64(1308))",12,151
62,443.15566037735846,823.5,56.0,692405.075561523,979.885986328125,"(np.int64(817), np.int64(438), np.int64(828), np.int64(449))",14,94
62,1539.0,1095.0,1.0,12364.376349312912,642.080322265625,"(np.int64(1095), np.int64(1539), np.int64(1096), np.int64(1540))",164,21
62,169.26190476190476,1520.3452380952378,23.0,284380.65603419696,802.1376953125,"(np.int64(1517), np.int64(161), np.int64(1525), np.int64(177))",43,115
62,1461.68,2046.32,25.0,309109.4087328228,1017.658935546875,"(np.int64(2045), np.int64(1455), np.int64(2048), np.int64(1468))",117,33
63,351.0,425.0,1.0,12364.376349312912,612.294921875,"(np.int64(425), np.int64(351), np.int64(426), np.int64(352))",89,139
63,1302.0,788.0,1.0,12364.376349312912,612.294921875,"(np.int64(788), np.int64(1302), np.int64(789), np.int64(1303))",12,151
63,443.4074074074074,819.8518518518518,54.0,667676.3228628972,906.7265625,"(np.int64(817), np.int64(439), np.int64(824), np.int64(449))",14,94
63,168.3,1520.5666666666666,18.0,222558.7742876324,736.00830078125,"(np.int64(1519), np.int64(161), np.int64(1525), np.int64(174))",43,115
63,1458.25,2046.75,4.0,49457.50539725165,642.16259765625,"(np.int64(2046), np.int64(1457), np.int64(2048), np.int64(1460))",117,33
64,13.0,166.75,4.0,49457.50539725165,704.0166015625,"(np.int64(166), np.int64(12), np.int64(169), np.int64(15))",156,129
64,1291.6666666666667,747.3809523809524,43.0,531668.1830204552,735.97705078125,"(np.int64(745), np.int64(1286), np.int64(750), np.int64(1297))",12,151
64,1302.0,780.0,1.0,12364.376349312912,612.32666015625,"(np.int64(780), np.int64(1302), np.int64(781), np.int64(1303))",12,151
64,444.55,821.5333333333333,60.0,741862.5809587747,906.607421875,"(np.int64(818), np.int64(440), np.int64(826), np.int64(451))",14,94
64,1495.5,848.0,2.0,24728.752698625824,642.19140625,"(np.int64(848), np.int64(1495), np.int64(849), np.int64(1497))",173,2
64,922.0,1118.0,1.0,12364.376349312912,802.16796875,"(np.int64(1118), np.int64(922), np.int64(1119), np.int64(923))",18,141
64,878.0,1289.0,1.0,12364.376349312912,612.32666015625,"(np.int64(1289), np.int64(878), np.int64(1290), np.int64(879))",110,9
64,167.68421052631578,1522.7894736842106,19.0,234923.15063694533,906.607421875,"(np.int64(1520), np.int64(163), np.int64(1526), np.int64(174))",43,115
64,1788.0,1770.0,1.0,12364.376349312912,612.32666015625,"(np.int64(1770), np.int64(1788), np.int64(1771), np.int64(1789))",174,14
64,354.0,1803.5,2.0,24728.752698625824,612.32666015625,"(np.int64(1803), np.int64(354), np.int64(1805), np.int64(355))",45,51
64,196.0,2028.0,2.0,24728.752698625824,612.32666015625,"(np.int64(2028), np.int64(189), np.int64(2029), np.int64(204))",175,8
65,14.0,166.0,1.0,12364.376349312912,612.306640625,"(np.int64(166), np.int64(14), np.int64(167), np.int64(15))",156,129
65,717.0,550.5,2.0,24728.752698625824,612.306640625,"(np.int64(550), np.int64(717), np.int64(552), np.int64(718))",130,26
65,1289.4594594594594,749.2162162162163,37.0,457481.92492457776,802.15234375,"(np.int64(747), np.int64(1285), np.int64(753), np.int64(1295))",12,151
65,1267.5079365079366,769.9920634920635,34.0,420388.795876639,942.904541015625,"(np.int64(766), np.int64(1262), np.int64(775), np.int64(1272))",12,151
65,1307.75,784.25,3.0,37093.12904793874,642.174072265625,"(np.int64(783), np.int64(1301), np.int64(787), np.int64(1316))",12,151
65,443.85714285714283,823.2678571428571,56.0,692405.0755615231,871.09765625,"(np.int64(820), np.int64(440), np.int64(828), np.int64(449))",14,94
65,920.8333333333334,1116.8333333333333,12.0,148372.51619175496,2419.9091796875,"(np.int64(1114), np.int64(920), np.int64(1120), np.int64(923))",18,141
65,1244.0,1153.5,2.0,24728.752698625824,642.174072265625,"(np.int64(1153), np.int64(1244), np.int64(1155), np.int64(1245))",169,2
65,165.3913043478261,1524.391304347826,23.0,284380.65603419696,836.22265625,"(np.int64(1522), np.int64(159), np.int64(1527), np.int64(172))",43,115
65,1787.0,1770.5,2.0,24728.752698625824,672.667236328125,"(np.int64(1770), np.int64(1787), np.int64(1772), np.int64(1788))",174,14
65,348.225,1806.275,21.0,259651.90333557114,802.15234375,"(np.int64(1800), np.int64(342), np.int64(1811), np.int64(358))",45,51
66,1884.0,456.0,1.0,12364.376349312912,612.29345703125,"(np.int64(456), np.int64(1884), np.int64(457), np.int64(1885))",93,8
66,1268.948717948718,769.4871794871796,15.0,185465.6452396937,906.690673828125,"(np.int64(764), np.int64(1267), np.int64(774), np.int64(1273))",12,151
66,1302.0,780.0,3.0,37093.12904793874,612.29345703125,"(np.int64(780), np.int64(1301), np.int64(781), np.int64(1304))",12,151
66,446.5,825.6545454545454,56.0,692405.0755615231,768.7421875,"(np.int64(819), np.int64(438), np.int64(830), np.int64(451))",14,94
66,972.7028301886792,837.1957547169811,57.0,704769.451910836,942.9423828125,"(np.int64(833), np.int64(969), np.int64(846), np.int64(980))",42,180
66,921.3809523809524,1115.904761904762,21.0,259651.90333557114,5422.955078125,"(np.int64(1112), np.int64(920), np.int64(1120), np.int64(926))",18,141
66,475.0,1449.0,1.0,12364.376349312912,768.7421875,"(np.int64(1449), np.int64(475), np.int64(1450), np.int64(476))",178,2
66,167.58620689655172,1522.655172413793,29.0,358566.91413007444,1017.584228515625,"(np.int64(1519), np.int64(162), np.int64(1527), np.int64(175))",43,115
66,146.0,1535.0,1.0,12364.376349312912,642.12890625,"(np.int64(1535), np.int64(146), np.int64(1536), np.int64(147))",43,115
66,1787.6666666666667,1768.8333333333333,6.0,74186.25809587748,672.712890625,"(np.int64(1768), np.int64(1786), np.int64(1770), np.int64(1791))",174,14
66,356.375,1800.4375,16.0,197830.0215890066,802.1064453125,"(np.int64(1797), np.int64(355), np.int64(1805), np.int64(359))",45,51
67,1350.0,752.0,1.0,12364.376349312912,612.24365234375,"(np.int64(752), np.int64(1350), np.int64(753), np.int64(1351))",12,151
67,1272.3703703703704,766.2328042328041,17.0,210194.39793831948,704.0,"(np.int64(757), np.int64(1266), np.int64(774), np.int64(1278))",12,151
67,1300.0,759.5,2.0,24728.752698625824,612.24365234375,"(np.int64(759), np.int64(1300), np.int64(761), np.int64(1301))",12,151
67,443.7708333333333,826.625,51.0,630583.1938149587,736.0,"(np.int64(819), np.int64(438), np.int64(835), np.int64(450))",14,94
67,973.6875,841.40625,32.0,395660.0431780132,802.17919921875,"(np.int64(837), np.int64(971), np.int64(847), np.int64(979))",42,180
67,921.2592592592592,1115.962962962963,27.0,333838.1614314486,4108.845703125,"(np.int64(1111), np.int64(919), np.int64(1120), np.int64(926))",18,141
67,1469.0,1225.0,1.0,12364.376349312912,642.17919921875,"(np.int64(1225), np.int64(1469), np.int64(1226), np.int64(1470))",139,24
67,872.0,1289.0,1.0,12364.376349312912,612.24365234375,"(np.int64(1289), np.int64(872), np.int64(1290), np.int64(873))",110,9
67,166.05,1523.3,20.0,247287.52698625822,802.17919921875,"(np.int64(1521), np.int64(162), np.int64(1526), np.int64(170))",43,115
67,1785.0,1767.0,1.0,12364.376349312912,612.24365234375,"(np.int64(1767), np.int64(1785), np.int64(1768), np.int64(1786))",174,14
68,389.0,389.0,1.0,12364.376349312912,612.30810546875,"(np.int64(389), np.int64(389), np.int64(390), np.int64(390))",179,14
68,718.75,547.375,8.0,98915.0107945033,704.051513671875,"(np.int64(546), np.int64(718), np.int64(550), np.int64(721))",130,26
68,1272.8333333333333,761.2,24.0,296745.03238350985,906.689453125,"(np.int64(752), np.int64(1265), np.int64(773), np.int64(1285))",12,151
68,1313.8333333333333,785.0,6.0,74186.25809587748,736.012939453125,"(np.int64(784), np.int64(1313), np.int64(787), np.int64(1316))",12,151
68,442.2142857142857,822.5833333333333,44.0,544032.5593697681,704.051513671875,"(np.int64(819), np.int64(439), np.int64(826), np.int64(449))",14,94
68,972.0714285714286,840.9285714285714,28.0,346202.53778076154,802.135498046875,"(np.int64(834), np.int64(970), np.int64(846), np.int64(976))",42,180
68,920.8387096774194,1115.4516129032259,31.0,383295.6668287003,3520.021240234375,"(np.int64(1110), np.int64(918), np.int64(1121), np.int64(927))",18,141
68,1467.0,1224.0,1.0,12364.376349312912,612.30810546875,"(np.int64(1224), np.int64(1467), np.int64(1225), np.int64(1468))",139,24
68,168.05714285714285,1520.5142857142857,35.0,432753.1722259519,871.10498046875,"(np.int64(1516), np.int64(162), np.int64(1525), np.int64(174))",43,115
68,959.0,1716.0,1.0,12364.376349312912,612.30810546875,"(np.int64(1716), np.int64(959), np.int64(1717), np.int64(960))",181,2
68,1786.2,1766.8,5.0,61821.881746564555,672.737060546875,"(np.int64(1766), np.int64(1785), np.int64(1768), np.int64(1789))",174,14
68,1462.0,2046.0,3.0,37093.12904793874,642.069580078125,"(np.int64(2046), np.int64(1461), np.int64(2047), np.int64(1464))",117,33
69,12.0,166.5,2.0,24728.752698625824,672.7626953125,"(np.int64(166), np.int64(12), np.int64(168), np.int64(13))",156,129
69,349.0,419.0,1.0,12364.376349312912,612.3095703125,"(np.int64(419), np.int64(349), np.int64(420), np.int64(350))",89,139
69,1147.0,504.75,3.0,37093.12904793874,672.7626953125,"(np.int64(501), np.int64(1146), np.int64(509), np.int64(1149))",72,15
69,717.5384615384615,548.4615384615385,13.0,160736.89254106785,1095.0986328125,"(np.int64(546), np.int64(716), np.int64(551), np.int64(720))",130,26
69,1275.0059523809523,772.6011904761905,25.0,309109.4087328228,1216.6728515625,"(np.int64(769), np.int64(1263), np.int64(776), np.int64(1287))",12,151
69,1310.0714285714287,789.6428571428571,14.0,173101.26889038077,871.1552734375,"(np.int64(787), np.int64(1308), np.int64(793), np.int64(1313))",12,151
69,443.9,822.56,50.0,618218.8174656456,703.9912109375,"(np.int64(819), np.int64(440), np.int64(827), np.int64(449))",14,94
69,972.1363636363636,841.7045454545455,44.0,544032.5593697681,906.7255859375,"(np.int64(836), np.int64(970), np.int64(847), np.int64(976))",42,180
69,919.8260869565217,1116.4347826086957,23.0,284380.65603419696,2026.609375,"(np.int64(1112), np.int64(917), np.int64(1121), np.int64(924))",18,141
69,167.24324324324326,1520.5945945945946,37.0,457481.92492457776,736.0546875,"(np.int64(1517), np.int64(160), np.int64(1525), np.int64(173))",43,115
69,1045.5,1722.0,2.0,24728.752698625824,612.3095703125,"(np.int64(1722), np.int64(1045), np.int64(1723), np.int64(1047))",60,64
69,1785.75,1767.75,4.0,49457.50539725165,642.2021484375,"(np.int64(1767), np.int64(1785), np.int64(1769), np.int64(1788))",174,14
69,352.75,1804.0,4.0,49457.50539725165,703.9912109375,"(np.int64(1803), np.int64(352), np.int64(1806), np.int64(354))",45,51
70,13.333333333333334,165.33333333333334,3.0,37093.12904793874,704.02197265625,"(np.int64(165), np.int64(13), np.int64(167), np.int64(15))",156,129
70,1148.875,500.125,8.0,98915.0107945033,672.75244140625,"(np.int64(497), np.int64(1148), np.int64(504), np.int64(1151))",72,15
70,717.1666666666666,548.8333333333334,12.0,148372.51619175496,735.982421875,"(np.int64(547), np.int64(716), np.int64(552), np.int64(720))",130,26
70,1313.9,784.9,6.0,74186.25809587746,735.982421875,"(np.int64(782), np.int64(1312), np.int64(788), np.int64(1318))",12,151
70,445.0652173913044,822.6521739130435,46.0,568761.3120683939,704.02197265625,"(np.int64(819), np.int64(442), np.int64(828), np.int64(449))",14,94
70,969.5,841.5714285714286,29.0,358566.91413007444,871.080078125,"(np.int64(837), np.int64(968), np.int64(846), np.int64(975))",42,180
70,920.3548387096774,1116.032258064516,31.0,383295.6668287003,4032.74560546875,"(np.int64(1111), np.int64(918), np.int64(1121), np.int64(925))",18,141
70,165.42857142857142,1522.0714285714287,14.0,173101.26889038077,735.982421875,"(np.int64(1521), np.int64(162), np.int64(1524), np.int64(170))",43,115
70,958.0,1717.0,1.0,12364.376349312912,612.28662109375,"(np.int64(1717), np.int64(958), np.int64(1718), np.int64(959))",181,2
70,874.5,1732.0,2.0,24728.752698625824,642.173828125,"(np.int64(1732), np.int64(874), np.int64(1733), np.int64(876))",64,138
70,1785.75,1767.0,4.0,49457.50539725165,672.75244140625,"(np.int64(1766), np.int64(1785), np.int64(1769), np.int64(1788))",174,14
70,353.5,1803.75,3.0,37093.12904793874,612.28662109375,"(np.int64(1802), np.int64(353), np.int64(1806), np.int64(355))",45,51
70,1461.0,2047.0,5.0,61821.881746564555,704.02197265625,"(np.int64(2047), np.int64(1459), np.int64(2048), np.int64(1464))",117,33
71,1012.6666666666666,2.0,18.0,222558.7742876324,1388.72021484375,"(np.int64(0), np.int64(1010), np.int64(6), np.int64(1015))",90,13
71,15.0,165.0,3.0,37093.12904793874,942.9541015625,"(np.int64(165), np.int64(14), np.int64(166), np.int64(17))",156,129
71,1149.6666666666667,501.5,6.0,74186.25809587748,672.7861328125,"(np.int64(499), np.int64(1149), np.int64(505), np.int64(1152))",72,15
71,718.0666666666667,549.6666666666666,15.0,185465.64523969367,906.64453125,"(np.int64(547), np.int64(717), np.int64(553), np.int64(722))",130,26
71,1336.4769230769232,743.2615384615384,65.0,803684.4627053393,942.9541015625,"(np.int64(740), np.int64(1329), np.int64(747), np.int64(1345))",12,151
71,1402.6666666666667,771.3333333333334,3.0,37093.12904793874,672.7861328125,"(np.int64(771), np.int64(1402), np.int64(773), np.int64(1404))",186,3
71,1276.0,798.0,1.0,12364.376349312912,612.2705078125,"(np.int64(798), np.int64(1276), np.int64(799), np.int64(1277))",12,151
71,447.1538461538462,824.2307692307693,28.0,346202.53778076154,735.96875,"(np.int64(820), np.int64(444), np.int64(827), np.int64(450))",14,94
71,972.2413793103449,842.6551724137931,29.0,358566.91413007444,836.28173828125,"(np.int64(838), np.int64(970), np.int64(848), np.int64(976))",42,180
71,921.2558139534884,1116.6046511627908,43.0,531668.1830204552,6820.17578125,"(np.int64(1111), np.int64(917), np.int64(1122), np.int64(929))",18,141
71,165.93333333333334,1522.8,15.0,185465.64523969367,735.96875,"(np.int64(1520), np.int64(162), np.int64(1525), np.int64(171))",43,115
71,847.0,1703.0,1.0,12364.376349312912,612.2705078125,"(np.int64(1703), np.int64(847), np.int64(1704), np.int64(848))",64,138
71,1045.5,1721.0,2.0,24728.752698625824,672.7861328125,"(np.int64(1721), np.int64(1045), np.int64(1722), np.int64(1047))",60,64
71,873.25,1733.5,3.0,37093.12904793874,612.2705078125,"(np.int64(1733), np.int64(871), np.int64(1735), np.int64(876))",64,138
72,1011.1851851851852,3.3333333333333335,27.0,333838.1614314486,1717.3525390625,"(np.int64(0), np.int64(1008), np.int64(8), np.int64(1015))",90,13
72,718.297619047619,552.4880952380952,13.0,160736.89254106785,672.63623046875,"(np.int64(549), np.int64(716), np.int64(556), np.int64(722))",130,26
72,963.0,763.0,1.0,12364.376349312912,612.27001953125,"(np.int64(763), np.int64(963), np.int64(764), np.int64(964))",53,10
72,1402.75,773.25,4.0,49457.50539725165,906.74462890625,"(np.int64(773), np.int64(1402), np.int64(775), np.int64(1405))",186,3
72,445.58620689655174,824.2758620689655,29.0,358566.91413007444,703.951171875,"(np.int64(822), np.int64(442), np.int64(829), np.int64(449))",14,94
72,971.9666666666667,843.2666666666667,30.0,370931.29047938733,768.65673828125,"(np.int64(838), np.int64(969), np.int64(848), np.int64(976))",42,180
72,614.0,850.5,2.0,24728.752698625824,703.951171875,"(np.int64(850), np.int64(614), np.int64(852), np.int64(615))",189,2
72,1580.0,914.0,1.0,12364.376349312912,642.07568359375,"(np.int64(914), np.int64(1580), np.int64(915), np.int64(1581))",190,6
72,919.7931034482758,1117.655172413793,29.0,358566.91413007444,3591.164306640625,"(np.int64(1114), np.int64(916), np.int64(1121), np.int64(925))",18,141
72,166.73333333333332,1523.6666666666667,15.0,185465.64523969367,736.02099609375,"(np.int64(1521), np.int64(163), np.int64(1526), np.int64(170))",43,115
72,316.75,1556.0,5.0,61821.881746564555,703.951171875,"(np.int64(1549), np.int64(316), np.int64(1563), np.int64(319))",31,113
72,1046.0,1729.0,1.0,12364.376349312912,612.27001953125,"(np.int64(1729), np.int64(1046), np.int64(1730), np.int64(1047))",60,64
73,1013.0555555555555,3.0,18.0,222558.7742876324,1388.83837890625,"(np.int64(0), np.int64(1011), np.int64(8), np.int64(1015))",90,13
73,717.5,551.5,2.0,24728.752698625824,612.2080078125,"(np.int64(551), np.int64(717), np.int64(553), np.int64(719))",130,26
73,1403.2,771.4,5.0,61821.881746564555,768.8056640625,"(np.int64(771), np.int64(1402), np.int64(773), np.int64(1405))",186,3
73,447.8787878787879,824.5151515151515,33.0,408024.41952732607,642.06396484375,"(np.int64(822), np.int64(444), np.int64(829), np.int64(452))",14,94
73,974.2631578947369,841.1315789473684,22.0,272016.27968488407,1017.666015625,"(np.int64(838), np.int64(971), np.int64(845), np.int64(977))",42,180
73,921.5,1116.7777777777778,18.0,222558.7742876324,1767.13720703125,"(np.int64(1114), np.int64(918), np.int64(1120), np.int64(926))",18,141
73,167.5,1523.8,10.0,123643.76349312911,704.08642578125,"(np.int64(1523), np.int64(164), np.int64(1526), np.int64(171))",43,115
73,318.0,1554.673076923077,17.0,210194.39793831948,1134.9697265625,"(np.int64(1547), np.int64(317), np.int64(1563), np.int64(322))",31,113
73,865.3333333333334,1730.8333333333333,4.0,49457.50539725165,642.06396484375,"(np.int64(1726), np.int64(865), np.int64(1738), np.int64(867))",64,138
74,1012.1142857142858,3.057142857142857,35.0,432753.1722259519,1973.31689453125,"(np.int64(0), np.int64(1010), np.int64(8), np.int64(1015))",90,13
74,338.0,414.0,1.0,12364.376349312912,612.309326171875,"(np.int64(414), np.int64(338), np.int64(415), np.int64(339))",89,139
74,1337.862745098039,743.9215686274509,51.0,630583.1938149584,802.113525390625,"(np.int64(740), np.int64(1331), np.int64(748), np.int64(1346))",12,151
74,447.53333333333336,824.7,30.0,370931.29047938733,704.0654296875,"(np.int64(822), np.int64(443), np.int64(829), np.int64(452))",14,94
74,971.5555555555555,841.8888888888889,9.0,111279.3871438162,672.7373046875,"(np.int64(839), np.int64(971), np.int64(846), np.int64(973))",42,180
74,920.4615384615385,1117.4615384615386,13.0,160736.89254106785,1668.292724609375,"(np.int64(1116), np.int64(918), np.int64(1120), np.int64(924))",18,141
74,167.52380952380952,1523.5714285714287,21.0,259651.90333557114,836.32568359375,"(np.int64(1522), np.int64(163), np.int64(1526), np.int64(172))",43,115
74,318.20879120879124,1555.576923076923,20.0,247287.52698625822,871.06201171875,"(np.int64(1547), np.int64(317), np.int64(1564), np.int64(321))",31,113
74,868.5,1733.0,2.0,24728.752698625824,642.195556640625,"(np.int64(1730), np.int64(865), np.int64(1737), np.int64(873))",64,138
75,1011.5,3.2916666666666665,48.0,593490.0647670198,2848.02099609375,"(np.int64(0), np.int64(1008), np.int64(10), np.int64(1015))",90,13
75,18.0,162.5,2.0,24728.752698625824,672.7158203125,"(np.int64(162), np.int64(18), np.int64(164), np.int64(19))",156,129
75,1828.0,426.0,1.0,12364.376349312912,612.19775390625,"(np.int64(426), np.int64(1828), np.int64(427), np.int64(1829))",96,86
75,717.0,550.0,1.0,12364.376349312912,642.15283203125,"(np.int64(550), np.int64(717), np.int64(551), np.int64(718))",130,26
75,1329.3700738916257,748.1348522167488,67.0,828413.2154039652,906.729248046875,"(np.int64(740), np.int64(1313), np.int64(757), np.int64(1348))",12,151
75,1284.8773080660835,765.413508260447,67.0,828413.2154039652,836.32763671875,"(np.int64(759), np.int64(1263), np.int64(772), np.int64(1303))",12,151
75,1332.4318181818182,785.3787878787879,31.0,383295.6668287002,1258.737548828125,"(np.int64(779), np.int64(1314), np.int64(792), np.int64(1349))",12,151
75,447.3125,826.3333333333333,26.0,321473.78508213576,672.7158203125,"(np.int64(821), np.int64(443), np.int64(830), np.int64(451))",14,94
75,972.0,840.2,15.0,185465.64523969367,735.97119140625,"(np.int64(836), np.int64(970), np.int64(845), np.int64(974))",42,180
75,920.8235294117648,1116.4705882352941,17.0,210194.3979383195,1433.601318359375,"(np.int64(1114), np.int64(918), np.int64(1119), np.int64(925))",18,141
75,171.20454545454544,1521.409090909091,23.0,284380.65603419696,836.32763671875,"(np.int64(1520), np.int64(162), np.int64(1525), np.int64(176))",43,115
75,318.71753246753246,1553.633116883117,36.0,445117.54857526487,1216.770263671875,"(np.int64(1545), np.int64(316), np.int64(1564), np.int64(322))",31,113
76,1011.5869565217391,3.9130434782608696,46.0,568761.3120683939,3242.584716796875,"(np.int64(0), np.int64(1008), np.int64(10), np.int64(1016))",90,13
76,17.5,164.0,2.0,24728.752698625824,736.09375,"(np.int64(164), np.int64(17), np.int64(165), np.int64(19))",156,129
76,1828.5,426.5,2.0,24728.752698625824,642.060546875,"(np.int64(426), np.int64(1828), np.int64(428), np.int64(1830))",96,86
76,718.25,552.5,5.0,61821.881746564555,672.67578125,"(np.int64(550), np.int64(717), np.int64(555), np.int64(720))",130,26
76,1334.6607142857142,749.9642857142858,66.0,816048.8390546523,871.080078125,"(np.int64(742), np.int64(1327), np.int64(757), np.int64(1348))",12,151
76,1311.0,748.0,3.0,37093.12904793874,642.060546875,"(np.int64(748), np.int64(1310), np.int64(749), np.int64(1313))",12,151
76,1342.090909090909,784.3181818181818,34.0,420388.79587663896,1258.7431640625,"(np.int64(779), np.int64(1331), np.int64(787), np.int64(1350))",12,151
76,448.62068965517244,824.8620689655172,29.0,358566.91413007444,736.09375,"(np.int64(822), np.int64(445), np.int64(829), np.int64(453))",14,94
76,971.7692307692307,839.6923076923076,14.0,173101.26889038077,768.697265625,"(np.int64(835), np.int64(970), np.int64(843), np.int64(974))",42,180
76,917.8846153846154,1117.1538461538462,14.0,173101.26889038077,1134.8896484375,"(np.int64(1116), np.int64(915), np.int64(1120), np.int64(925))",18,141
76,167.18421052631578,1523.1052631578948,38.0,469846.30127389065,1301.28662109375,"(np.int64(1521), np.int64(161), np.int64(1527), np.int64(174))",43,115
76,319.5510869565218,1554.2260869565216,43.0,531668.1830204552,1134.8896484375,"(np.int64(1545), np.int64(318), np.int64(1564), np.int64(323))",31,113
77,1011.3469387755102,3.4489795918367347,49.0,605854.4411163327,1973.281494140625,"(np.int64(0), np.int64(1007), np.int64(10), np.int64(1016))",90,13
77,16.5,163.5,4.0,49457.50539725165,672.642822265625,"(np.int64(163), np.int64(16), np.int64(165), np.int64(18))",156,129
77,1888.0,457.0,1.0,12364.376349312912,612.336181640625,"(np.int64(457), np.int64(1888), np.int64(458), np.int64(1889))",93,8
77,1318.5554163185743,755.0153160679477,68.0,840777.591753278,871.15185546875,"(np.int64(742), np.int64(1298), np.int64(769), np.int64(1345))",12,151
77,1361.5,760.0,6.0,74186.25809587748,736.0205078125,"(np.int64(760), np.int64(1359), np.int64(761), np.int64(1365))",12,151
77,1269.0,764.0,1.0,12364.376349312912,612.336181640625,"(np.int64(764), np.int64(1269), np.int64(765), np.int64(1270))",12,151
77,1320.1196581196582,786.5073815073815,51.0,630583.1938149586,2478.906982421875,"(np.int64(779), np.int64(1311), np.int64(792), np.int64(1339))",12,151
77,444.92,821.1999999999999,27.0,333838.16143144865,736.0205078125,"(np.int64(819), np.int64(438), np.int64(828), np.int64(451))",14,94
77,916.1875,1116.4375,9.0,111279.3871438162,768.6865234375,"(np.int64(1116), np.int64(914), np.int64(1119), np.int64(922))",18,141
77,166.97368421052633,1522.3157894736842,38.0,469846.30127389065,1216.657958984375,"(np.int64(1520), np.int64(162), np.int64(1526), np.int64(174))",43,115
77,317.2597285067873,1555.4705882352941,51.0,630583.1938149584,1134.992919921875,"(np.int64(1545), np.int64(312), np.int64(1563), np.int64(322))",31,113
78,1010.8775510204082,2.9591836734693877,49.0,605854.4411163327,3379.855224609375,"(np.int64(0), np.int64(1006), np.int64(9), np.int64(1016))",90,13
78,2036.0,185.0,1.0,12364.376349312912,612.30224609375,"(np.int64(185), np.int64(2036), np.int64(186), np.int64(2037))",195,5
78,1375.0,761.0,1.0,12364.376349312912,612.30224609375,"(np.int64(761), np.int64(1375), np.int64(762), np.int64(1376))",12,151
78,1272.5,789.0,2.0,24728.752698625824,612.30224609375,"(np.int64(789), np.int64(1272), np.int64(790), np.int64(1274))",12,151
78,443.5432098765432,822.4938271604939,29.0,358566.9141300744,735.9541015625,"(np.int64(819), np.int64(441), np.int64(827), np.int64(451))",14,94
78,968.0,845.5,2.0,24728.752698625824,612.30224609375,"(np.int64(845), np.int64(968), np.int64(847), np.int64(969))",42,180
78,917.4,1117.1,6.0,74186.25809587746,836.301025390625,"(np.int64(1116), np.int64(915), np.int64(1119), np.int64(922))",18,141
78,1837.0,1513.0,1.0,12364.376349312912,612.30224609375,"(np.int64(1513), np.int64(1837), np.int64(1514), np.int64(1838))",125,12
78,166.12121212121212,1522.121212121212,33.0,408024.41952732607,1017.548828125,"(np.int64(1520), np.int64(161), np.int64(1525), np.int64(172))",43,115
78,315.2712842712843,1554.7160894660894,42.0,519303.80667114235,1344.715087890625,"(np.int64(1545), np.int64(311), np.int64(1562), np.int64(321))",31,113
78,859.5,1739.75,4.0,49457.50539725165,642.138671875,"(np.int64(1739), np.int64(858), np.int64(1741), np.int64(862))",64,138
79,1012.92,4.76,50.0,618218.8174656456,1973.3760986328125,"(np.int64(0), np.int64(1009), np.int64(10), np.int64(1018))",90,13
79,2037.0,185.5,2.0,24728.752698625824,672.6865234375,"(np.int64(185), np.int64(2037), np.int64(187), np.int64(2038))",195,5
79,1323.1581380305518,751.3761556451211,58.0,717133.8282601489,836.221435546875,"(np.int64(744), np.int64(1301), np.int64(766), np.int64(1344))",12,151
79,1337.0,784.4090909090909,22.0,272016.27968488407,1134.908935546875,"(np.int64(783), np.int64(1333), np.int64(787), np.int64(1342))",12,151
79,1305.3333333333333,785.6666666666666,3.0,37093.12904793874,703.9794921875,"(np.int64(785), np.int64(1305), np.int64(787), np.int64(1307))",12,151
79,447.5694444444444,825.8888888888888,27.0,333838.16143144865,703.9794921875,"(np.int64(820), np.int64(443), np.int64(830), np.int64(452))",14,94
79,970.5,844.5,2.0,24728.752698625824,612.28369140625,"(np.int64(842), np.int64(969), np.int64(848), np.int64(973))",42,180
79,921.75,1119.0,4.0,49457.50539725165,736.00048828125,"(np.int64(1118), np.int64(921), np.int64(1121), np.int64(924))",18,141
79,1839.0,1514.0,1.0,12364.376349312912,612.28369140625,"(np.int64(1514), np.int64(1839), np.int64(1515), np.int64(1840))",125,12
79,171.63636363636363,1521.7727272727273,23.0,284380.65603419696,836.221435546875,"(np.int64(1520), np.int64(164), np.int64(1526), np.int64(176))",43,115
79,316.8233918128655,1555.7976608187134,37.0,457481.9249245777,768.7490234375,"(np.int64(1547), np.int64(312), np.int64(1562), np.int64(322))",31,113
80,1014.0869565217391,4.782608695652174,23.0,284380.65603419696,979.9541015625,"(np.int64(1), np.int64(1011), np.int64(9), np.int64(1018))",90,13
80,2038.0,186.5,2.0,24728.752698625824,672.737060546875,"(np.int64(186), np.int64(2038), np.int64(188), np.int64(2039))",195,5
80,1163.0,416.0,1.0,12364.376349312912,642.15673828125,"(np.int64(416), np.int64(1163), np.int64(417), np.int64(1164))",199,2
80,355.0,417.0,1.0,12364.376349312912,612.282958984375,"(np.int64(417), np.int64(355), np.int64(418), np.int64(356))",89,139
80,1338.2666666666667,747.3444444444444,30.0,370931.29047938733,942.91455078125,"(np.int64(745), np.int64(1314), np.int64(755), np.int64(1364))",12,151
80,1272.0,760.5,2.0,24728.752698625824,612.282958984375,"(np.int64(760), np.int64(1271), np.int64(762), np.int64(1274))",12,151
80,1305.7428571428572,783.3428571428572,20.0,247287.52698625825,836.236328125,"(np.int64(770), np.int64(1293), np.int64(797), np.int64(1314))",12,151
80,1337.7307692307693,784.4615384615385,26.0,321473.7850821357,1525.3548583984375,"(np.int64(783), np.int64(1334), np.int64(787), np.int64(1343))",12,151
80,1388.0,824.0,13.0,160736.89254106785,704.024169921875,"(np.int64(819), np.int64(1382), np.int64(832), np.int64(1393))",13,16
80,446.1666666666667,821.5,13.0,160736.89254106785,642.15673828125,"(np.int64(820), np.int64(442), np.int64(827), np.int64(452))",14,94
80,973.25,843.25,11.0,136008.13984244203,736.017333984375,"(np.int64(838), np.int64(973), np.int64(847), np.int64(975))",42,180
80,1841.0,1514.0,1.0,12364.376349312912,612.282958984375,"(np.int64(1514), np.int64(1841), np.int64(1515), np.int64(1842))",125,12
80,169.16666666666666,1523.111111111111,18.0,222558.7742876324,802.12353515625,"(np.int64(1521), np.int64(164), np.int64(1525), np.int64(174))",43,115
80,321.2142857142857,1553.7012987012986,18.0,222558.77428763243,704.024169921875,"(np.int64(1548), np.int64(320), np.int64(1561), np.int64(323))",31,113
80,860.0,1740.0,1.0,12364.376349312912,612.282958984375,"(np.int64(1740), np.int64(860), np.int64(1741), np.int64(861))",64,138
81,2038.0,186.0,7.0,86550.63444519039,1017.6182861328125,"(np.int64(185), np.int64(2037), np.int64(188), np.int64(2040))",195,5
81,694.0,282.0,1.0,12364.376349312912,612.2646484375,"(np.int64(282), np.int64(694), np.int64(283), np.int64(695))",79,5
81,2017.5,414.0,2.0,24728.752698625824,612.2646484375,"(np.int64(414), np.int64(2017), np.int64(415), np.int64(2019))",6,28
81,343.0,415.0,1.0,12364.376349312912,612.2646484375,"(np.int64(415), np.int64(343), np.int64(416), np.int64(344))",89,139
81,1339.5575757575757,746.9121212121212,24.0,296745.0323835099,703.99658203125,"(np.int64(744), np.int64(1329), np.int64(755), np.int64(1357))",12,151
81,1308.0,785.4888888888888,46.0,568761.312068394,979.920166015625,"(np.int64(767), np.int64(1305), np.int64(797), np.int64(1312))",12,151
81,1347.1014492753623,786.048309178744,27.0,333838.1614314486,1525.35205078125,"(np.int64(781), np.int64(1335), np.int64(794), np.int64(1358))",12,151
81,1388.5333333333335,822.7333333333332,9.0,111279.38714381619,672.7138671875,"(np.int64(817), np.int64(1385), np.int64(831), np.int64(1392))",13,16
81,449.3666666666667,823.3333333333333,8.0,98915.0107945033,642.1585693359375,"(np.int64(821), np.int64(447), np.int64(827), np.int64(454))",14,94
81,972.1666666666666,845.8333333333334,6.0,74186.25809587748,768.6785888671875,"(np.int64(845), np.int64(971), np.int64(848), np.int64(974))",42,180
81,919.75,1118.5,3.0,37093.12904793874,642.1585693359375,"(np.int64(1118), np.int64(918), np.int64(1120), np.int64(922))",18,141
81,1841.0,1513.0,1.0,12364.376349312912,612.2646484375,"(np.int64(1513), np.int64(1841), np.int64(1514), np.int64(1842))",125,12
81,169.5909090909091,1522.9545454545455,22.0,272016.27968488407,836.2706298828125,"(np.int64(1521), np.int64(164), np.int64(1525), np.int64(175))",43,115
81,321.3375,1553.425,13.0,160736.89254106785,736.0069580078125,"(np.int64(1548), np.int64(319), np.int64(1560), np.int64(324))",31,113
82,2037.5,186.0,4.0,49457.50539725165,703.969482421875,"(np.int64(185), np.int64(2037), np.int64(188), np.int64(2039))",195,5
82,2016.2857142857142,412.57142857142856,7.0,86550.63444519039,768.71484375,"(np.int64(412), np.int64(2015), np.int64(414), np.int64(2019))",6,28
82,1339.8809523809525,746.5833333333334,22.0,272016.27968488407,703.969482421875,"(np.int64(744), np.int64(1321), np.int64(755), np.int64(1359))",12,151
82,1270.5,773.0,2.0,24728.752698625824,612.240234375,"(np.int64(767), np.int64(1266), np.int64(780), np.int64(1276))",12,151
82,1339.4035087719299,783.2456140350878,22.0,272016.27968488407,1175.4383544921875,"(np.int64(780), np.int64(1336), np.int64(786), np.int64(1347))",12,151
82,1388.4166666666665,823.3166666666666,17.0,210194.39793831948,672.7374267578125,"(np.int64(819), np.int64(1387), np.int64(827), np.int64(1392))",13,16
82,448.5,823.5,8.0,98915.0107945033,612.240234375,"(np.int64(822), np.int64(447), np.int64(827), np.int64(452))",14,94
82,970.8888888888889,846.1111111111111,9.0,111279.3871438162,836.292236328125,"(np.int64(845), np.int64(970), np.int64(849), np.int64(973))",42,180
82,919.5,1118.5,2.0,24728.752698625824,612.240234375,"(np.int64(1118), np.int64(919), np.int64(1120), np.int64(921))",18,141
82,167.75,1523.125,12.0,148372.51619175496,735.988037109375,"(np.int64(1521), np.int64(164), np.int64(1525), np.int64(173))",43,115
82,320.0,1551.1333333333332,17.0,210194.39793831948,979.943603515625,"(np.int64(1546), np.int64(317), np.int64(1559), np.int64(323))",31,113
83,2020.0833333333333,411.9166666666667,12.0,148372.51619175496,736.044677734375,"(np.int64(410), np.int64(2015), np.int64(414), np.int64(2025))",6,28
83,344.0,415.0,1.0,12364.376349312912,612.2392578125,"(np.int64(415), np.int64(344), np.int64(416), np.int64(345))",89,139
83,1335.6000000000001,745.3000000000001,31.0,383295.6668287002,703.98779296875,"(np.int64(740), np.int64(1310), np.int64(750), np.int64(1358))",12,151
83,1389.25,821.25,6.0,74186.25809587748,642.085205078125,"(np.int64(819), np.int64(1388), np.int64(825), np.int64(1392))",13,16
83,450.2,823.6,5.0,61821.881746564555,612.2392578125,"(np.int64(823), np.int64(449), np.int64(825), np.int64(452))",14,94
83,971.0833333333333,841.9,21.0,259651.90333557114,768.715576171875,"(np.int64(836), np.int64(966), np.int64(848), np.int64(975))",42,180
83,168.4,1523.0,15.0,185465.64523969367,768.715576171875,"(np.int64(1521), np.int64(165), np.int64(1525), np.int64(172))",43,115
83,1985.0,1538.0,1.0,12364.376349312912,612.2392578125,"(np.int64(1538), np.int64(1985), np.int64(1539), np.int64(1986))",63,7
83,315.98305084745766,1554.6525423728813,63.0,778955.7100067135,1095.0556640625,"(np.int64(1545), np.int64(312), np.int64(1561), np.int64(322))",31,113
83,845.5,1717.5,4.0,49457.50539725165,612.2392578125,"(np.int64(1717), np.int64(845), np.int64(1719), np.int64(847))",64,138
83,863.3333333333334,1737.6666666666667,3.0,37093.12904793874,642.085205078125,"(np.int64(1737), np.int64(863), np.int64(1739), np.int64(865))",64,138
83,1462.4285714285713,2046.7142857142858,7.0,86550.63444519039,802.123291015625,"(np.int64(2046), np.int64(1460), np.int64(2048), np.int64(1465))",117,33
84,1208.0,75.0,1.0,12364.376349312912,612.234619140625,"(np.int64(75), np.int64(1208), np.int64(76), np.int64(1209))",204,3
84,2018.2307692307693,413.3076923076923,13.0,160736.89254106785,906.6348876953125,"(np.int64(412), np.int64(2015), np.int64(415), np.int64(2022))",6,28
84,346.0,418.0,1.0,12364.376349312912,612.234619140625,"(np.int64(418), np.int64(346), np.int64(419), np.int64(347))",89,139
84,1619.6666666666667,501.3333333333333,3.0,37093.12904793874,768.6990966796875,"(np.int64(501), np.int64(1619), np.int64(503), np.int64(1621))",206,7
84,1341.25,743.0,5.0,61821.881746564555,703.9957275390625,"(np.int64(740), np.int64(1335), np.int64(746), np.int64(1349))",12,151
84,1340.9166666666667,782.3333333333334,24.0,296745.0323835099,979.94091796875,"(np.int64(781), np.int64(1336), np.int64(785), np.int64(1347))",12,151
84,450.0,825.0,1.0,12364.376349312912,612.234619140625,"(np.int64(825), np.int64(450), np.int64(826), np.int64(451))",14,94
84,969.8,845.8,5.0,61821.881746564555,672.7469482421875,"(np.int64(845), np.int64(968), np.int64(848), np.int64(972))",42,180
84,980.5,867.5,2.0,24728.752698625824,612.234619140625,"(np.int64(867), np.int64(980), np.int64(869), np.int64(982))",42,180
84,1840.0,1513.5,2.0,24728.752698625824,703.9957275390625,"(np.int64(1513), np.int64(1840), np.int64(1515), np.int64(1841))",125,12
84,168.77777777777777,1523.4444444444443,9.0,111279.3871438162,735.979736328125,"(np.int64(1523), np.int64(167), np.int64(1525), np.int64(172))",43,115
84,862.5,1737.5,2.0,24728.752698625824,642.159912109375,"(np.int64(1737), np.int64(862), np.int64(1739), np.int64(864))",64,138
84,1460.5,2047.0,4.0,49457.50539725165,768.6990966796875,"(np.int64(2047), np.int64(1459), np.int64(2048), np.int64(1463))",117,33
85,1208.5,75.5,2.0,24728.752698625824,642.092529296875,"(np.int64(75), np.int64(1208), np.int64(77), np.int64(1210))",204,3
85,1298.0,383.0,3.0,37093.12904793874,672.701171875,"(np.int64(382), np.int64(1297), np.int64(385), np.int64(1300))",208,2
85,2022.4722222222222,417.0,19.0,234923.15063694533,1258.6910400390625,"(np.int64(412), np.int64(2011), np.int64(422), np.int64(2031))",6,28
85,340.0,415.0,1.0,12364.376349312912,612.263916015625,"(np.int64(415), np.int64(340), np.int64(416), np.int64(341))",89,139
85,1619.0,501.0,1.0,12364.376349312912,672.701171875,"(np.int64(501), np.int64(1619), np.int64(502), np.int64(1620))",206,7
85,1340.0,743.5,2.0,24728.752698625824,672.701171875,"(np.int64(743), np.int64(1335), np.int64(745), np.int64(1346))",12,151
85,1302.90625,752.1875,17.0,210194.3979383195,1017.6357421875,"(np.int64(748), np.int64(1299), np.int64(756), np.int64(1306))",12,151
85,1275.5208333333335,762.0208333333333,26.0,321473.78508213576,736.0,"(np.int64(758), np.int64(1269), np.int64(766), np.int64(1280))",12,151
85,1338.6206896551723,782.3793103448276,29.0,358566.91413007444,1055.9617919921875,"(np.int64(780), np.int64(1332), np.int64(785), np.int64(1346))",12,151
85,946.5,830.0,2.0,24728.752698625824,642.092529296875,"(np.int64(829), np.int64(946), np.int64(832), np.int64(948))",42,180
85,1579.0,918.5,2.0,24728.752698625824,736.0,"(np.int64(918), np.int64(1579), np.int64(920), np.int64(1580))",190,6
85,1863.0,990.0,1.0,12364.376349312912,612.263916015625,"(np.int64(990), np.int64(1863), np.int64(991), np.int64(1864))",209,2
85,844.0,1717.0,1.0,12364.376349312912,612.263916015625,"(np.int64(1717), np.int64(844), np.int64(1718), np.int64(845))",64,138
85,888.5,1734.0,2.0,24728.752698625824,612.263916015625,"(np.int64(1734), np.int64(888), np.int64(1735), np.int64(890))",64,138
85,1459.0,2047.0,3.0,37093.12904793874,736.0,"(np.int64(2047), np.int64(1458), np.int64(2048), np.int64(1461))",117,33
86,1299.0,383.0,1.0,12364.376349312912,612.336181640625,"(np.int64(383), np.int64(1299), np.int64(384), np.int64(1300))",208,2
86,2016.3684210526317,412.63157894736844,19.0,234923.15063694533,942.9052734375,"(np.int64(411), np.int64(2011), np.int64(415), np.int64(2024))",6,28
86,1347.1666666666667,743.3333333333334,6.0,74186.25809587748,612.336181640625,"(np.int64(742), np.int64(1346), np.int64(745), np.int64(1349))",12,151
86,1307.2857142857144,763.3333333333334,35.0,432753.1722259519,906.60986328125,"(np.int64(748), np.int64(1290), np.int64(792), np.int64(1319))",12,151
86,1340.3478260869565,782.4782608695652,23.0,284380.65603419696,906.60986328125,"(np.int64(781), np.int64(1334), np.int64(785), np.int64(1347))",12,151
86,946.5,830.0,2.0,24728.752698625824,672.642822265625,"(np.int64(830), np.int64(946), np.int64(831), np.int64(948))",42,180
86,978.6,865.8,5.0,61821.881746564555,672.642822265625,"(np.int64(865), np.int64(978), np.int64(868), np.int64(980))",42,180
86,1817.0,988.5,2.0,24728.752698625824,612.336181640625,"(np.int64(988), np.int64(1817), np.int64(990), np.int64(1818))",122,3
86,165.5,1523.0,2.0,24728.752698625824,672.642822265625,"(np.int64(1523), np.int64(165), np.int64(1524), np.int64(167))",43,115
86,841.0,1718.0,1.0,12364.376349312912,612.336181640625,"(np.int64(1718), np.int64(841), np.int64(1719), np.int64(842))",64,138
86,888.7,1733.5,6.0,74186.25809587746,672.642822265625,"(np.int64(1729), np.int64(886), np.int64(1737), np.int64(891))",64,138
86,862.0,1736.0,1.0,12364.376349312912,612.336181640625,"(np.int64(1736), np.int64(862), np.int64(1737), np.int64(863))",64,138
87,2016.5833333333333,412.4166666666667,24.0,296745.0323835099,942.861328125,"(np.int64(411), np.int64(2011), np.int64(415), np.int64(2024))",6,28
87,1346.8461538461538,742.3846153846154,13.0,160736.89254106785,703.98046875,"(np.int64(741), np.int64(1345), np.int64(745), np.int64(1350))",12,151
87,1289.8522727272727,755.3181818181818,30.0,370931.2904793874,836.337890625,"(np.int64(747), np.int64(1281), np.int64(766), np.int64(1310))",12,151
87,1343.5,782.2045454545455,24.0,296745.0323835099,802.2119140625,"(np.int64(781), np.int64(1335), np.int64(785), np.int64(1349))",12,151
87,1317.0,782.5,2.0,24728.752698625824,612.287109375,"(np.int64(782), np.int64(1317), np.int64(784), np.int64(1318))",12,151
87,979.3333333333334,865.0,3.0,37093.12904793874,642.107421875,"(np.int64(864), np.int64(979), np.int64(867), np.int64(981))",42,180
87,1864.0,989.0,1.0,12364.376349312912,612.287109375,"(np.int64(989), np.int64(1864), np.int64(990), np.int64(1865))",209,2
87,166.7,1522.6,10.0,123643.76349312911,736.033203125,"(np.int64(1522), np.int64(164), np.int64(1524), np.int64(171))",43,115
87,886.5,1728.5,5.0,61821.88174656456,672.72509765625,"(np.int64(1725), np.int64(884), np.int64(1734), np.int64(890))",64,138
87,1046.0,1729.0,1.0,12364.376349312912,612.287109375,"(np.int64(1729), np.int64(1046), np.int64(1730), np.int64(1047))",60,64
88,2016.1666666666667,414.3333333333333,24.0,296745.0323835099,1017.584228515625,"(np.int64(413), np.int64(2012), np.int64(417), np.int64(2022))",6,28
88,1345.9444444444443,743.6111111111111,10.0,123643.76349312911,672.712890625,"(np.int64(742), np.int64(1344), np.int64(745), np.int64(1350))",12,151
88,1341.6153846153845,786.1538461538462,13.0,160736.89254106785,736.01953125,"(np.int64(785), np.int64(1339), np.int64(788), np.int64(1345))",12,151
88,441.0,808.0,1.0,12364.376349312912,906.690673828125,"(np.int64(808), np.int64(441), np.int64(809), np.int64(442))",14,94
88,167.5,1524.5,4.0,49457.50539725165,612.29345703125,"(np.int64(1524), np.int64(165), np.int64(1526), np.int64(170))",43,115
89,1219.5,82.5,2.0,24728.752698625824,672.689453125,"(np.int64(82), np.int64(1219), np.int64(84), np.int64(1221))",204,3
89,2014.8947368421052,414.2105263157895,19.0,234923.15063694533,1017.576416015625,"(np.int64(413), np.int64(2011), np.int64(416), np.int64(2020))",6,28
89,1039.0,578.0,1.0,12364.376349312912,612.23388671875,"(np.int64(578), np.int64(1039), np.int64(579), np.int64(1040))",214,8
89,966.0,759.0,1.0,12364.376349312912,612.23388671875,"(np.int64(759), np.int64(966), np.int64(760), np.int64(967))",53,10
89,1337.8333333333335,787.375,13.0,160736.89254106788,979.91943359375,"(np.int64(786), np.int64(1335), np.int64(789), np.int64(1345))",12,151
89,1394.0,805.5,2.0,24728.752698625824,672.689453125,"(np.int64(805), np.int64(1394), np.int64(807), np.int64(1395))",13,16
89,981.0,869.0,1.0,12364.376349312912,612.23388671875,"(np.int64(869), np.int64(981), np.int64(870), np.int64(982))",42,180
89,1592.0,1092.0,1.0,12364.376349312912,802.16943359375,"(np.int64(1092), np.int64(1592), np.int64(1093), np.int64(1593))",76,62
89,167.0,1524.25,4.0,49457.50539725165,802.16943359375,"(np.int64(1524), np.int64(166), np.int64(1526), np.int64(169))",43,115
89,311.7563559322034,1555.010593220339,64.0,791320.0863560264,1479.1290283203125,"(np.int64(1548), np.int64(301), np.int64(1562), np.int64(322))",31,113
89,846.0,1716.0,1.0,12364.376349312912,612.23388671875,"(np.int64(1716), np.int64(846), np.int64(1717), np.int64(847))",64,138
90,2015.3684210526317,413.6842105263158,19.0,234923.15063694533,836.245361328125,"(np.int64(413), np.int64(2011), np.int64(416), np.int64(2020))",6,28
90,2046.5,427.0,2.0,24728.752698625824,768.6895751953125,"(np.int64(427), np.int64(2046), np.int64(428), np.int64(2048))",6,28
90,1038.3333333333333,576.6666666666666,3.0,37093.12904793874,672.683349609375,"(np.int64(576), np.int64(1038), np.int64(578), np.int64(1040))",214,8
90,1194.0,643.6666666666666,3.0,37093.12904793874,612.26806640625,"(np.int64(643), np.int64(1193), np.int64(645), np.int64(1196))",215,2
90,1351.875,742.625,8.0,98915.0107945033,672.683349609375,"(np.int64(742), np.int64(1349), np.int64(744), np.int64(1355))",12,151
90,1337.5,787.0,4.0,49457.50539725165,703.9788818359375,"(np.int64(787), np.int64(1336), np.int64(788), np.int64(1340))",12,151
90,965.0,842.0,1.0,12364.376349312912,612.26806640625,"(np.int64(842), np.int64(965), np.int64(843), np.int64(966))",42,180
90,1196.625,1318.0,8.0,98915.0107945033,1572.2742919921875,"(np.int64(1316), np.int64(1194), np.int64(1321), np.int64(1201))",216,2
90,168.5,1523.0,2.0,24728.752698625824,703.9788818359375,"(np.int64(1523), np.int64(168), np.int64(1524), np.int64(170))",43,115
90,865.0,1734.0,1.0,12364.376349312912,612.26806640625,"(np.int64(1734), np.int64(865), np.int64(1735), np.int64(866))",64,138
91,1014.0,0.0,1.0,12364.376349312912,672.7306518554688,"(np.int64(0), np.int64(1014), np.int64(1), np.int64(1015))",90,13
91,2020.25,412.85,12.0,148372.51619175493,735.9866943359375,"(np.int64(412), np.int64(2011), np.int64(416), np.int64(2028))",6,28
91,2046.3333333333333,427.6666666666667,6.0,74186.25809587748,1095.0975341796875,"(np.int64(427), np.int64(2045), np.int64(430), np.int64(2048))",6,28
91,1037.0,576.0,1.0,12364.376349312912,612.2752075195312,"(np.int64(576), np.int64(1037), np.int64(577), np.int64(1038))",214,8
91,1189.0,643.0,2.0,24728.752698625824,672.7306518554688,"(np.int64(643), np.int64(1188), np.int64(644), np.int64(1191))",215,2
91,1352.142857142857,743.1904761904761,21.0,259651.90333557114,768.7252807617188,"(np.int64(742), np.int64(1349), np.int64(746), np.int64(1356))",12,151
91,1335.25,757.5,8.0,98915.0107945033,672.7306518554688,"(np.int64(756), np.int64(1333), np.int64(760), np.int64(1338))",12,151
91,1394.0,804.5,2.0,24728.752698625824,642.1166381835938,"(np.int64(804), np.int64(1394), np.int64(806), np.int64(1395))",13,16
91,946.0,830.0,1.0,12364.376349312912,642.1166381835938,"(np.int64(830), np.int64(946), np.int64(831), np.int64(947))",42,180
91,970.9565217391304,839.5652173913044,23.0,284380.65603419696,735.9866943359375,"(np.int64(835), np.int64(968), np.int64(844), np.int64(974))",42,180
91,864.0,1735.0,2.0,24728.752698625824,612.2752075195312,"(np.int64(1735), np.int64(863), np.int64(1736), np.int64(866))",64,138
91,1462.0,2045.5,2.0,24728.752698625824,612.2752075195312,"(np.int64(2045), np.int64(1461), np.int64(2047), np.int64(1464))",117,33
92,23.666666666666668,230.66666666666666,3.0,37093.12904793874,642.14404296875,"(np.int64(230), np.int64(23), np.int64(232), np.int64(25))",221,90
92,333.0,411.0,1.0,12364.376349312912,612.254638671875,"(np.int64(411), np.int64(333), np.int64(412), np.int64(334))",89,139
92,2016.5,413.83333333333337,4.0,49457.50539725165,642.14404296875,"(np.int64(413), np.int64(2013), np.int64(416), np.int64(2020))",6,28
92,2045.5,428.0,2.0,24728.752698625824,672.7164306640625,"(np.int64(428), np.int64(2045), np.int64(429), np.int64(2047))",6,28
92,1036.3333333333333,576.6666666666666,3.0,37093.12904793874,672.7164306640625,"(np.int64(576), np.int64(1036), np.int64(578), np.int64(1038))",214,8
92,1342.392156862745,752.0686274509804,37.0,457481.92492457776,836.2417602539062,"(np.int64(742), np.int64(1336), np.int64(758), np.int64(1358))",12,151
92,1392.6,803.4,5.0,61821.881746564555,642.14404296875,"(np.int64(802), np.int64(1392), np.int64(806), np.int64(1394))",13,16
92,945.0,830.0,1.0,12364.376349312912,612.254638671875,"(np.int64(830), np.int64(945), np.int64(831), np.int64(946))",42,180
92,968.5892857142857,840.302380952381,39.0,482210.67762320355,942.9298095703125,"(np.int64(833), np.int64(963), np.int64(845), np.int64(973))",42,180
92,1612.0,1234.5,4.0,49457.50539725165,672.7164306640625,"(np.int64(1233), np.int64(1612), np.int64(1237), np.int64(1613))",222,2
92,167.0,1445.0,1.0,12364.376349312912,642.14404296875,"(np.int64(1445), np.int64(167), np.int64(1446), np.int64(168))",223,2
92,1046.0,1729.0,1.0,12364.376349312912,612.254638671875,"(np.int64(1729), np.int64(1046), np.int64(1730), np.int64(1047))",60,64
92,1458.2,2046.6,5.0,61821.881746564555,672.7164306640625,"(np.int64(2046), np.int64(1457), np.int64(2048), np.int64(1460))",117,33
93,23.0,232.0,1.0,12364.376349312912,612.278076171875,"(np.int64(232), np.int64(23), np.int64(233), np.int64(24))",221,90
93,2015.0,414.0,1.0,12364.376349312912,612.278076171875,"(np.int64(414), np.int64(2015), np.int64(415), np.int64(2016))",6,28
93,350.0,418.0,1.0,12364.376349312912,612.278076171875,"(np.int64(418), np.int64(350), np.int64(419), np.int64(351))",89,139
93,2045.5,427.5,2.0,24728.752698625824,736.0132446289062,"(np.int64(427), np.int64(2045), np.int64(429), np.int64(2047))",6,28
93,1035.857142857143,576.2857142857143,7.0,86550.63444519039,871.1015625,"(np.int64(575), np.int64(1034), np.int64(578), np.int64(1038))",214,8
93,1348.4435714285714,742.9378571428571,36.0,445117.54857526487,906.6700439453125,"(np.int64(740), np.int64(1343), np.int64(749), np.int64(1358))",12,151
93,1311.989898989899,758.3232323232323,72.0,890235.0971505296,1095.111083984375,"(np.int64(750), np.int64(1304), np.int64(775), np.int64(1320))",12,151
93,1274.2333333333333,762.4333333333334,16.0,197830.0215890066,704.0015869140625,"(np.int64(752), np.int64(1269), np.int64(770), np.int64(1282))",12,151
93,1343.0,789.0,1.0,12364.376349312912,612.278076171875,"(np.int64(789), np.int64(1343), np.int64(790), np.int64(1344))",12,151
93,1392.6875,800.9375,9.0,111279.3871438162,768.70751953125,"(np.int64(798), np.int64(1392), np.int64(807), np.int64(1395))",13,16
93,944.0,830.3333333333334,3.0,37093.12904793874,642.134033203125,"(np.int64(830), np.int64(943), np.int64(832), np.int64(946))",42,180
93,968.9354838709677,838.741935483871,62.0,766591.3336574006,906.6700439453125,"(np.int64(832), np.int64(964), np.int64(845), np.int64(974))",42,180
93,1579.5,916.75,4.0,49457.50539725165,672.7085571289062,"(np.int64(916), np.int64(1579), np.int64(919), np.int64(1581))",190,6
93,166.0,1523.0,3.0,37093.12904793874,612.278076171875,"(np.int64(1523), np.int64(165), np.int64(1524), np.int64(168))",43,115
93,841.0,1699.0,1.0,12364.376349312912,612.278076171875,"(np.int64(1699), np.int64(841), np.int64(1700), np.int64(842))",64,138
93,1457.3333333333333,2046.8333333333333,6.0,74186.25809587748,704.0015869140625,"(np.int64(2046), np.int64(1455), np.int64(2048), np.int64(1460))",117,33
94,2017.0,414.0,1.0,12364.376349312912,612.2499389648438,"(np.int64(414), np.int64(2017), np.int64(415), np.int64(2018))",6,28
94,2045.5714285714287,426.7142857142857,7.0,86550.63444519039,1055.982666015625,"(np.int64(426), np.int64(2044), np.int64(429), np.int64(2048))",6,28
94,1036.3333333333333,576.3333333333334,12.0,148372.51619175496,942.918212890625,"(np.int64(574), np.int64(1033), np.int64(579), np.int64(1039))",214,8
94,1357.6315789473683,743.7368421052631,19.0,234923.15063694533,906.6573486328125,"(np.int64(742), np.int64(1356), np.int64(747), np.int64(1361))",12,151
94,1316.0,756.6666666666666,7.0,86550.63444519037,642.1458740234375,"(np.int64(750), np.int64(1304), np.int64(765), np.int64(1322))",12,151
94,1273.8095238095239,762.4940476190476,17.0,210194.3979383195,768.7117309570312,"(np.int64(752), np.int64(1271), np.int64(772), np.int64(1280))",12,151
94,1394.3333333333333,802.3333333333334,9.0,111279.3871438162,735.9998168945312,"(np.int64(799), np.int64(1394), np.int64(806), np.int64(1396))",13,16
94,944.7272727272727,829.9090909090909,11.0,136008.13984244203,672.6975708007812,"(np.int64(828), np.int64(943), np.int64(832), np.int64(948))",42,180
94,1580.4,916.2,5.0,61821.881746564555,672.6975708007812,"(np.int64(915), np.int64(1580), np.int64(918), np.int64(1582))",190,6
94,166.8,1522.6,5.0,61821.881746564555,703.9822387695312,"(np.int64(1522), np.int64(166), np.int64(1524), np.int64(169))",43,115
94,980.0,1827.0,1.0,12364.376349312912,612.2499389648438,"(np.int64(1827), np.int64(980), np.int64(1828), np.int64(981))",86,3
94,1458.0,2047.0,3.0,37093.12904793874,612.2499389648438,"(np.int64(2047), np.int64(1457), np.int64(2048), np.int64(1460))",117,33
95,2016.5,412.5,2.0,24728.752698625824,612.2813720703125,"(np.int64(412), np.int64(2015), np.int64(414), np.int64(2019))",6,28
95,2045.0,426.2857142857143,7.0,86550.63444519039,871.0955810546875,"(np.int64(425), np.int64(2044), np.int64(429), np.int64(2047))",6,28
95,1036.2,575.6,5.0,61821.881746564555,704.014404296875,"(np.int64(575), np.int64(1035), np.int64(577), np.int64(1038))",214,8
95,1357.15,741.6,11.0,136008.13984244203,836.2637939453125,"(np.int64(740), np.int64(1356), np.int64(745), np.int64(1360))",12,151
95,1272.611111111111,757.8333333333334,12.0,148372.51619175496,642.1531982421875,"(np.int64(752), np.int64(1269), np.int64(765), np.int64(1278))",12,151
95,1345.5,789.0,2.0,24728.752698625824,642.1531982421875,"(np.int64(789), np.int64(1345), np.int64(790), np.int64(1347))",12,151
95,1394.0,799.5,2.0,24728.752698625824,736.00390625,"(np.int64(799), np.int64(1394), np.int64(801), np.int64(1395))",13,16
95,944.0,829.625,8.0,98915.0107945033,736.00390625,"(np.int64(829), np.int64(942), np.int64(831), np.int64(947))",42,180
95,963.2,840.4,5.0,61821.881746564555,672.6937255859375,"(np.int64(840), np.int64(962), np.int64(842), np.int64(965))",42,180
95,171.0,1523.5,2.0,24728.752698625824,612.2813720703125,"(np.int64(1523), np.int64(167), np.int64(1525), np.int64(176))",43,115
95,449.0,1694.0,1.0,12364.376349312912,612.2813720703125,"(np.int64(1694), np.int64(449), np.int64(1695), np.int64(450))",225,2
95,881.0,1725.5,2.0,24728.752698625824,612.2813720703125,"(np.int64(1725), np.int64(881), np.int64(1727), np.int64(882))",64,138
95,1458.5,2046.0,6.0,74186.25809587746,736.00390625,"(np.int64(2045), np.int64(1456), np.int64(2048), np.int64(1461))",117,33
96,2013.7333333333333,414.2,15.0,185465.64523969367,802.1534423828125,"(np.int64(413), np.int64(2011), np.int64(417), np.int64(2018))",6,28
96,357.0,419.0,1.0,12364.376349312912,612.2589721679688,"(np.int64(419), np.int64(357), np.int64(420), np.int64(358))",89,139
96,2045.7142857142858,427.2857142857143,7.0,86550.63444519039,979.9251708984375,"(np.int64(426), np.int64(2044), np.int64(430), np.int64(2048))",6,28
96,1035.75,576.0,4.0,49457.50539725165,672.6995849609375,"(np.int64(575), np.int64(1035), np.int64(578), np.int64(1037))",214,8
96,358.5,690.0,4.0,49457.50539725165,735.9977416992188,"(np.int64(689), np.int64(358), np.int64(692), np.int64(360))",226,5
96,1358.857142857143,744.2857142857143,7.0,86550.63444519039,704.0023193359375,"(np.int64(743), np.int64(1358), np.int64(746), np.int64(1361))",12,151
96,943.6666666666666,830.4444444444445,9.0,111279.3871438162,735.9977416992188,"(np.int64(829), np.int64(942), np.int64(832), np.int64(947))",42,180
96,1579.25,915.75,4.0,49457.50539725165,735.9977416992188,"(np.int64(915), np.int64(1579), np.int64(918), np.int64(1581))",190,6
96,164.5,1523.5,2.0,24728.752698625824,612.2589721679688,"(np.int64(1523), np.int64(164), np.int64(1525), np.int64(166))",43,115
96,1046.0,1729.0,1.0,12364.376349312912,642.1329345703125,"(np.int64(1729), np.int64(1046), np.int64(1730), np.int64(1047))",60,64
96,195.0,2012.0,1.0,12364.376349312912,612.2589721679688,"(np.int64(2012), np.int64(195), np.int64(2013), np.int64(196))",175,8
97,2038.0,400.0,1.0,12364.376349312912,612.278076171875,"(np.int64(400), np.int64(2038), np.int64(401), np.int64(2039))",6,28
97,2004.5833333333335,409.33333333333337,8.0,98915.0107945033,736.0132446289062,"(np.int64(402), np.int64(1996), np.int64(418), np.int64(2016))",6,28
97,1747.5,543.0,4.0,49457.50539725165,736.0132446289062,"(np.int64(542), np.int64(1747), np.int64(545), np.int64(1749))",227,6
97,359.3333333333333,691.3333333333334,3.0,37093.12904793874,704.0015869140625,"(np.int64(691), np.int64(359), np.int64(693), np.int64(361))",226,5
97,1344.0,746.0,1.0,12364.376349312912,612.278076171875,"(np.int64(746), np.int64(1344), np.int64(747), np.int64(1345))",12,151
97,1280.0,758.3333333333334,3.0,37093.12904793874,642.134033203125,"(np.int64(754), np.int64(1273), np.int64(765), np.int64(1294))",12,151
97,1344.5,792.0,2.0,24728.752698625824,612.278076171875,"(np.int64(792), np.int64(1344), np.int64(793), np.int64(1346))",12,151
97,945.4444444444445,832.1111111111111,18.0,222558.7742876324,768.70751953125,"(np.int64(830), np.int64(942), np.int64(835), np.int64(950))",42,180
97,1580.5,917.0,2.0,24728.752698625824,642.134033203125,"(np.int64(916), np.int64(1580), np.int64(919), np.int64(1582))",190,6
97,1466.0,1360.0,1.0,12364.376349312912,612.278076171875,"(np.int64(1360), np.int64(1466), np.int64(1361), np.int64(1467))",24,30
97,166.0,1526.0,1.0,12364.376349312912,612.278076171875,"(np.int64(1526), np.int64(166), np.int64(1527), np.int64(167))",43,115
97,316.7371794871795,1556.940170940171,66.0,816048.8390546521,1095.111083984375,"(np.int64(1548), np.int64(303), np.int64(1568), np.int64(328))",31,113
97,854.0,1710.0,1.0,12364.376349312912,612.278076171875,"(np.int64(1710), np.int64(854), np.int64(1711), np.int64(855))",64,138
98,358.3333333333333,690.3333333333334,3.0,37093.12904793874,736.0146484375,"(np.int64(690), np.int64(358), np.int64(692), np.int64(360))",226,5
98,1275.0,758.0,1.0,12364.376349312912,642.1182861328125,"(np.int64(758), np.int64(1275), np.int64(759), np.int64(1276))",12,151
98,957.5550595238095,834.0714285714286,34.0,420388.795876639,802.1456298828125,"(np.int64(830), np.int64(942), np.int64(840), np.int64(976))",42,180
98,1465.0,1357.0,1.0,12364.376349312912,612.2565307617188,"(np.int64(1357), np.int64(1465), np.int64(1358), np.int64(1466))",24,30
98,1689.0,1390.0,1.0,12364.376349312912,612.2565307617188,"(np.int64(1390), np.int64(1689), np.int64(1391), np.int64(1690))",140,20
99,26.0,158.0,1.0,12364.376349312912,612.254638671875,"(np.int64(158), np.int64(26), np.int64(159), np.int64(27))",156,129
99,1880.0,396.0,1.0,12364.376349312912,2599.08984375,"(np.int64(396), np.int64(1880), np.int64(397), np.int64(1881))",231,7
99,341.0,413.0,1.0,12364.376349312912,612.254638671875,"(np.int64(413), np.int64(341), np.int64(414), np.int64(342))",89,139
99,1746.0,530.0,1.0,12364.376349312912,642.14404296875,"(np.int64(530), np.int64(1746), np.int64(531), np.int64(1747))",227,6
99,358.0,687.5,4.0,49457.50539725165,672.7164306640625,"(np.int64(687), np.int64(357), np.int64(689), np.int64(360))",226,5
99,1299.4285714285713,749.8888888888888,13.0,160736.89254106785,642.14404296875,"(np.int64(749), np.int64(1293), np.int64(752), np.int64(1307))",12,151
99,951.5434782608695,831.3478260869565,26.0,321473.78508213564,836.2417602539062,"(np.int64(828), np.int64(943), np.int64(835), np.int64(956))",42,180
99,1036.6,876.2,5.0,61821.881746564555,736.0148315429688,"(np.int64(875), np.int64(1036), np.int64(878), np.int64(1038))",232,18
99,1465.0,1354.0,1.0,12364.376349312912,612.254638671875,"(np.int64(1354), np.int64(1465), np.int64(1355), np.int64(1466))",24,30
99,164.0,1523.0,1.0,12364.376349312912,642.14404296875,"(np.int64(1523), np.int64(164), np.int64(1524), np.int64(165))",43,115
99,2030.0,1970.0,1.0,12364.376349312912,836.2417602539062,"(np.int64(1970), np.int64(2030), np.int64(1971), np.int64(2031))",151,37
99,1462.3,2046.8,10.0,123643.76349312911,768.6884155273438,"(np.int64(2046), np.int64(1458), np.int64(2048), np.int64(1467))",117,33
100,1745.6,532.2,5.0,61821.881746564555,642.1458740234375,"(np.int64(531), np.int64(1745), np.int64(534), np.int64(1747))",227,6
100,359.2,687.2,5.0,61821.881746564555,672.6975708007812,"(np.int64(687), np.int64(358), np.int64(689), np.int64(362))",226,5
100,1343.0,792.0,1.0,12364.376349312912,642.1458740234375,"(np.int64(792), np.int64(1343), np.int64(793), np.int64(1344))",12,151
100,948.304347826087,830.2608695652174,23.0,284380.65603419696,942.918212890625,"(np.int64(829), np.int64(944), np.int64(833), np.int64(953))",42,180
100,1038.0,875.0,1.0,12364.376349312912,612.2499389648438,"(np.int64(875), np.int64(1038), np.int64(876), np.int64(1039))",232,18
100,49.0625,1287.875,16.0,197830.0215890066,1017.6002197265625,"(np.int64(1285), np.int64(48), np.int64(1294), np.int64(52))",157,14
100,1464.0,1357.5,4.0,49457.50539725165,642.1458740234375,"(np.int64(1356), np.int64(1464), np.int64(1360), np.int64(1465))",24,30
100,1690.0,1384.0,1.0,12364.376349312912,612.2499389648438,"(np.int64(1384), np.int64(1690), np.int64(1385), np.int64(1691))",140,20
100,1845.0,1836.0,1.0,12364.376349312912,735.9998168945312,"(np.int64(1836), np.int64(1845), np.int64(1837), np.int64(1846))",233,21
100,1463.5,2047.0,2.0,24728.752698625824,612.2499389648438,"(np.int64(2047), np.int64(1463), np.int64(2048), np.int64(1465))",117,33
101,26.0,161.5,2.0,24728.752698625824,642.120849609375,"(np.int64(161), np.int64(26), np.int64(163), np.int64(27))",156,129
101,1204.5,368.0,2.0,24728.752698625824,642.120849609375,"(np.int64(368), np.int64(1204), np.int64(369), np.int64(1206))",113,13
101,1237.0,395.0,1.0,12364.376349312912,612.2814331054688,"(np.int64(395), np.int64(1237), np.int64(396), np.int64(1238))",234,2
101,346.0,410.5,2.0,24728.752698625824,612.2814331054688,"(np.int64(408), np.int64(338), np.int64(414), np.int64(355))",89,139
101,1745.2,535.4,5.0,61821.881746564555,672.7129516601562,"(np.int64(534), np.int64(1745), np.int64(538), np.int64(1747))",227,6
101,1341.0,794.0,1.0,12364.376349312912,612.2814331054688,"(np.int64(794), np.int64(1341), np.int64(795), np.int64(1342))",12,151
101,945.0980392156862,831.4019607843138,20.0,247287.52698625825,836.25439453125,"(np.int64(830), np.int64(941), np.int64(834), np.int64(953))",42,180
101,1041.6,874.8,5.0,61821.881746564555,768.695068359375,"(np.int64(874), np.int64(1040), np.int64(876), np.int64(1044))",232,18
101,1349.0,1005.5,4.0,49457.50539725165,704.0133666992188,"(np.int64(1004), np.int64(1349), np.int64(1008), np.int64(1350))",235,26
101,49.12820512820513,1289.5897435897436,39.0,482210.67762320355,2660.2685546875,"(np.int64(1285), np.int64(47), np.int64(1298), np.int64(54))",157,14
102,27.0,159.0,1.0,12364.376349312912,612.283447265625,"(np.int64(159), np.int64(27), np.int64(160), np.int64(28))",156,129
102,1998.0,404.0,1.0,12364.376349312912,642.1210327148438,"(np.int64(404), np.int64(1998), np.int64(405), np.int64(1999))",6,28
102,623.5,503.5,2.0,24728.752698625824,703.982421875,"(np.int64(503), np.int64(623), np.int64(505), np.int64(625))",236,19
102,1745.0,536.0,1.0,12364.376349312912,612.283447265625,"(np.int64(536), np.int64(1745), np.int64(537), np.int64(1746))",227,6
102,427.0,551.0,1.0,12364.376349312912,612.283447265625,"(np.int64(551), np.int64(427), np.int64(552), np.int64(428))",237,2
102,1293.153439153439,751.5079365079365,31.0,383295.6668287002,736.0061645507812,"(np.int64(749), np.int64(1280), np.int64(754), np.int64(1313))",12,151
102,948.3076923076923,830.3846153846154,13.0,160736.89254106785,768.7182006835938,"(np.int64(829), np.int64(946), np.int64(833), np.int64(952))",42,180
102,1502.0,837.0,3.0,37093.12904793874,703.982421875,"(np.int64(837), np.int64(1501), np.int64(838), np.int64(1504))",173,2
102,1349.0,1004.0,1.0,12364.376349312912,642.1210327148438,"(np.int64(1004), np.int64(1349), np.int64(1005), np.int64(1350))",235,26
102,49.793103448275865,1287.9137931034484,58.0,717133.8282601489,2660.2666015625,"(np.int64(1283), np.int64(47), np.int64(1297), np.int64(56))",157,14
102,1690.0,1388.0,1.0,12364.376349312912,612.283447265625,"(np.int64(1388), np.int64(1690), np.int64(1389), np.int64(1691))",140,20
102,85.0,1410.0,1.0,12364.376349312912,612.283447265625,"(np.int64(1410), np.int64(85), np.int64(1411), np.int64(86))",29,54
102,842.0,1725.0,3.0,37093.12904793874,612.283447265625,"(np.int64(1724), np.int64(842), np.int64(1727), np.int64(843))",64,138
102,874.0,1730.5,2.0,24728.752698625824,612.283447265625,"(np.int64(1730), np.int64(873), np.int64(1732), np.int64(876))",64,138
103,1198.2,359.6,5.0,61821.881746564555,642.13134765625,"(np.int64(358), np.int64(1198), np.int64(362), np.int64(1200))",113,13
103,1995.8,402.2,5.0,61821.881746564555,736.0111694335938,"(np.int64(401), np.int64(1995), np.int64(404), np.int64(1998))",6,28
103,357.0,412.0,1.0,12364.376349312912,612.2586669921875,"(np.int64(412), np.int64(357), np.int64(413), np.int64(358))",89,139
103,1480.0,416.0,1.0,12364.376349312912,1134.948486328125,"(np.int64(416), np.int64(1480), np.int64(417), np.int64(1481))",238,16
103,621.0,504.0,1.0,12364.376349312912,642.13134765625,"(np.int64(504), np.int64(621), np.int64(505), np.int64(622))",236,19
103,1210.3333333333333,768.3333333333334,3.0,37093.12904793874,672.7074584960938,"(np.int64(768), np.int64(1210), np.int64(770), np.int64(1212))",239,4
103,947.0,830.0,1.0,12364.376349312912,612.2586669921875,"(np.int64(830), np.int64(947), np.int64(831), np.int64(948))",42,180
103,970.5,831.5,4.0,49457.50539725165,703.9869384765625,"(np.int64(831), np.int64(970), np.int64(833), np.int64(972))",42,180
103,422.5,839.0,2.0,24728.752698625824,642.13134765625,"(np.int64(839), np.int64(422), np.int64(840), np.int64(424))",14,94
103,1689.6666666666667,1384.0,7.0,86550.63444519039,672.7074584960938,"(np.int64(1378), np.int64(1689), np.int64(1390), np.int64(1691))",140,20
103,839.0,1726.0,1.0,12364.376349312912,612.2586669921875,"(np.int64(1726), np.int64(839), np.int64(1727), np.int64(840))",64,138
103,870.409090909091,1731.090909090909,12.0,148372.51619175496,672.7074584960938,"(np.int64(1730), np.int64(865), np.int64(1734), np.int64(874))",64,138
104,28.0,157.5,2.0,24728.752698625824,642.1534423828125,"(np.int64(154), np.int64(27), np.int64(162), np.int64(30))",156,129
104,1992.888888888889,395.1666666666667,14.0,173101.26889038077,1017.5694580078125,"(np.int64(391), np.int64(1991), np.int64(405), np.int64(1999))",6,28
104,393.0,399.0,1.0,12364.376349312912,612.283935546875,"(np.int64(399), np.int64(393), np.int64(400), np.int64(394))",179,14
104,1212.2,768.9,10.0,123643.76349312911,942.9620361328125,"(np.int64(767), np.int64(1211), np.int64(771), np.int64(1215))",239,4
104,1339.0,800.0,1.0,12364.376349312912,642.1534423828125,"(np.int64(800), np.int64(1339), np.int64(801), np.int64(1340))",12,151
104,996.0,823.0,1.0,12364.376349312912,704.0068359375,"(np.int64(823), np.int64(996), np.int64(824), np.int64(997))",42,180
104,425.0,840.0,1.0,12364.376349312912,612.283935546875,"(np.int64(840), np.int64(425), np.int64(841), np.int64(426))",14,94
104,164.0,1523.0,1.0,12364.376349312912,612.283935546875,"(np.int64(1523), np.int64(164), np.int64(1524), np.int64(165))",43,115
104,316.67194337194337,1547.0192792792793,66.0,816048.8390546523,979.90234375,"(np.int64(1530), np.int64(303), np.int64(1566), np.int64(334))",31,113
104,867.4545454545455,1733.909090909091,11.0,136008.13984244203,672.68359375,"(np.int64(1732), np.int64(864), np.int64(1736), np.int64(872))",64,138
105,25.0,162.0,1.0,12364.376349312912,642.11669921875,"(np.int64(162), np.int64(25), np.int64(163), np.int64(26))",156,129
105,1994.4,401.6,10.0,123643.76349312911,768.7113037109375,"(np.int64(399), np.int64(1993), np.int64(405), np.int64(1997))",6,28
105,1211.0,768.0,3.0,37093.12904793874,871.076416015625,"(np.int64(767), np.int64(1211), np.int64(770), np.int64(1212))",239,4
105,1339.5,794.5,2.0,24728.752698625824,642.11669921875,"(np.int64(789), np.int64(1338), np.int64(801), np.int64(1342))",12,151
105,953.45,831.15,11.0,136008.13984244203,768.7113037109375,"(np.int64(829), np.int64(946), np.int64(833), np.int64(960))",42,180
105,919.0,1118.5,2.0,24728.752698625824,672.68798828125,"(np.int64(1118), np.int64(919), np.int64(1120), np.int64(920))",18,141
105,1691.0,1385.5,2.0,24728.752698625824,612.277099609375,"(np.int64(1385), np.int64(1691), np.int64(1387), np.int64(1692))",140,20
105,165.0,1523.0,1.0,12364.376349312912,612.277099609375,"(np.int64(1523), np.int64(165), np.int64(1524), np.int64(166))",43,115
105,313.9527777777778,1544.8044444444445,46.0,568761.3120683939,836.277099609375,"(np.int64(1528), np.int64(302), np.int64(1559), np.int64(324))",31,113
105,187.33333333333334,1529.6666666666667,3.0,37093.12904793874,642.11669921875,"(np.int64(1529), np.int64(187), np.int64(1531), np.int64(189))",43,115
105,867.1666666666666,1734.0,6.0,74186.25809587748,642.11669921875,"(np.int64(1733), np.int64(865), np.int64(1736), np.int64(870))",64,138
105,360.0,1804.0,2.0,24728.752698625824,612.277099609375,"(np.int64(1803), np.int64(360), np.int64(1806), np.int64(361))",45,51
106,25.5,162.5,2.0,24728.752698625824,672.725341796875,"(np.int64(162), np.int64(25), np.int64(164), np.int64(27))",156,129
106,345.25,410.5,3.0,37093.12904793874,642.1241455078125,"(np.int64(404), np.int64(345), np.int64(418), np.int64(347))",89,139
106,1311.5043859649122,782.2280701754387,62.0,766591.3336574006,1433.621826171875,"(np.int64(772), np.int64(1296), np.int64(802), np.int64(1318))",12,151
106,954.3484848484849,830.7272727272726,17.0,210194.39793831948,703.98193359375,"(np.int64(828), np.int64(947), np.int64(833), np.int64(960))",42,180
106,422.5,840.5,2.0,24728.752698625824,612.2791748046875,"(np.int64(837), np.int64(420), np.int64(845), np.int64(426))",14,94
106,315.1437908496732,1538.171802054155,39.0,482210.6776232036,1216.69091796875,"(np.int64(1526), np.int64(301), np.int64(1551), np.int64(323))",31,113
106,1445.0,1601.0,1.0,12364.376349312912,703.98193359375,"(np.int64(1601), np.int64(1445), np.int64(1602), np.int64(1446))",244,9
106,868.3333333333334,1735.0,3.0,37093.12904793874,642.1241455078125,"(np.int64(1734), np.int64(868), np.int64(1737), np.int64(870))",64,138
106,361.0,1805.5,2.0,24728.752698625824,612.2791748046875,"(np.int64(1805), np.int64(361), np.int64(1807), np.int64(362))",45,51
107,28.4,157.5,10.0,123643.76349312911,703.9872436523438,"(np.int64(155), np.int64(26), np.int64(161), np.int64(31))",156,129
107,338.0,414.0,1.0,12364.376349312912,612.2584228515625,"(np.int64(414), np.int64(338), np.int64(415), np.int64(339))",89,139
107,2047.0,425.0,1.0,12364.376349312912,642.143310546875,"(np.int64(425), np.int64(2047), np.int64(426), np.int64(2048))",6,28
107,1745.0,542.5,2.0,24728.752698625824,612.2584228515625,"(np.int64(542), np.int64(1745), np.int64(544), np.int64(1746))",227,6
107,1311.0347222222224,785.9726307189543,53.0,655311.9465135843,1175.4571533203125,"(np.int64(777), np.int64(1298), np.int64(801), np.int64(1319))",12,151
107,955.702564102564,831.8589743589743,20.0,247287.52698625822,735.9885864257812,"(np.int64(827), np.int64(948), np.int64(837), np.int64(961))",42,180
107,1043.6666666666665,871.1666666666667,4.0,49457.50539725165,672.7055053710938,"(np.int64(870), np.int64(1042), np.int64(874), np.int64(1046))",232,18
107,51.775862068965516,1290.1293103448274,59.0,729498.2046094618,1344.69189453125,"(np.int64(1280), np.int64(48), np.int64(1297), np.int64(57))",157,14
107,312.0236842105263,1543.9315789473685,29.0,358566.91413007444,1134.947509765625,"(np.int64(1539), np.int64(302), np.int64(1553), np.int64(322))",31,113
107,841.0,1691.0,1.0,12364.376349312912,612.2584228515625,"(np.int64(1691), np.int64(841), np.int64(1692), np.int64(842))",64,138
107,868.9230769230769,1734.4615384615386,13.0,160736.89254106785,672.7055053710938,"(np.int64(1732), np.int64(866), np.int64(1738), np.int64(873))",64,138
107,365.0,1820.5,2.0,24728.752698625824,612.2584228515625,"(np.int64(1820), np.int64(365), np.int64(1822), np.int64(366))",45,51
108,30.7,155.2,6.0,74186.25809587746,672.7111206054688,"(np.int64(154), np.int64(29), np.int64(159), np.int64(33))",156,129
108,2047.0,426.0,1.0,12364.376349312912,642.1521606445312,"(np.int64(426), np.int64(2047), np.int64(427), np.int64(2048))",6,28
108,1212.0,770.0,1.0,12364.376349312912,612.2713623046875,"(np.int64(770), np.int64(1212), np.int64(771), np.int64(1213))",239,4
108,1309.3199404761904,788.2321428571429,37.0,457481.9249245777,1216.711181640625,"(np.int64(777), np.int64(1299), np.int64(801), np.int64(1318))",12,151
108,955.1547619047619,831.4880952380952,17.0,210194.3979383195,802.1521606445312,"(np.int64(829), np.int64(948), np.int64(835), np.int64(960))",42,180
108,422.25,845.0,3.0,37093.12904793874,612.2713623046875,"(np.int64(844), np.int64(421), np.int64(847), np.int64(425))",14,94
108,1043.9375,872.875,16.0,197830.0215890066,768.7111206054688,"(np.int64(871), np.int64(1042), np.int64(877), np.int64(1048))",232,18
108,50.92,1291.6599999999999,28.0,346202.53778076154,802.1521606445312,"(np.int64(1283), np.int64(47), np.int64(1299), np.int64(53))",157,14
108,317.9094202898551,1551.6304347826087,29.0,358566.91413007444,1301.3521728515625,"(np.int64(1547), np.int64(315), np.int64(1556), np.int64(323))",31,113
108,1046.0,1729.0,1.0,12364.376349312912,612.2713623046875,"(np.int64(1729), np.int64(1046), np.int64(1730), np.int64(1047))",60,64
108,840.5,1733.5,2.0,24728.752698625824,612.2713623046875,"(np.int64(1730), np.int64(836), np.int64(1738), np.int64(846))",64,138
108,871.6666666666666,1734.6666666666667,3.0,37093.12904793874,612.2713623046875,"(np.int64(1734), np.int64(871), np.int64(1736), np.int64(873))",64,138
109,28.857142857142858,157.57142857142858,7.0,86550.63444519039,672.6984252929688,"(np.int64(156), np.int64(28), np.int64(160), np.int64(31))",156,129
109,1306.8,318.8,5.0,61821.881746564555,735.98779296875,"(np.int64(318), np.int64(1306), np.int64(321), np.int64(1309))",246,6
109,621.3333333333334,505.3333333333333,3.0,37093.12904793874,642.139892578125,"(np.int64(505), np.int64(621), np.int64(507), np.int64(623))",236,19
109,1307.06162464986,790.8795518207284,32.0,395660.0431780132,1525.3187255859375,"(np.int64(779), np.int64(1301), np.int64(799), np.int64(1318))",12,151
109,951.7857142857143,831.7142857142857,14.0,173101.26889038077,836.2786865234375,"(np.int64(830), np.int64(949), np.int64(835), np.int64(956))",42,180
109,752.4,836.4,5.0,61821.881746564555,642.139892578125,"(np.int64(835), np.int64(752), np.int64(839), np.int64(754))",247,21
109,1047.75,871.9666666666667,17.0,210194.39793831948,768.718505859375,"(np.int64(870), np.int64(1040), np.int64(879), np.int64(1054))",232,18
109,50.875,1291.325,21.0,259651.90333557114,1095.10595703125,"(np.int64(1283), np.int64(47), np.int64(1298), np.int64(53))",157,14
109,317.8333333333333,1551.6333333333334,30.0,370931.29047938733,1056.0057373046875,"(np.int64(1547), np.int64(315), np.int64(1558), np.int64(322))",31,113
109,857.0,1723.5,2.0,24728.752698625824,612.2808837890625,"(np.int64(1722), np.int64(855), np.int64(1726), np.int64(860))",64,138
110,27.833333333333332,159.0,12.0,148372.51619175496,703.994140625,"(np.int64(156), np.int64(26), np.int64(162), np.int64(31))",156,129
110,1307.0,319.44444444444446,9.0,111279.3871438162,703.994140625,"(np.int64(317), np.int64(1305), np.int64(322), np.int64(1311))",246,6
110,622.0,506.1666666666667,6.0,74186.25809587748,871.1118774414062,"(np.int64(505), np.int64(621), np.int64(508), np.int64(624))",236,19
110,1310.05125,787.385,41.0,506939.4303218294,1868.8050537109375,"(np.int64(779), np.int64(1301), np.int64(798), np.int64(1319))",12,151
110,953.0714285714286,831.8571428571429,14.0,173101.26889038077,802.1448974609375,"(np.int64(829), np.int64(949), np.int64(835), np.int64(958))",42,180
110,753.0,836.5,4.0,49457.50539725165,942.9434814453125,"(np.int64(835), np.int64(753), np.int64(839), np.int64(754))",247,21
110,1046.361111111111,872.4444444444445,19.0,234923.15063694533,979.897705078125,"(np.int64(870), np.int64(1041), np.int64(877), np.int64(1050))",232,18
110,444.0,1052.0,1.0,12364.376349312912,612.2530517578125,"(np.int64(1052), np.int64(444), np.int64(1053), np.int64(445))",249,13
110,50.95,1285.8,20.0,247287.52698625822,1017.6039428710938,"(np.int64(1282), np.int64(49), np.int64(1291), np.int64(54))",157,14
110,313.967803030303,1548.1628787878788,41.0,506939.4303218294,979.897705078125,"(np.int64(1542), np.int64(309), np.int64(1558), np.int64(322))",31,113
110,1961.25,1627.8333333333335,7.0,86550.63444519039,703.994140625,"(np.int64(1623), np.int64(1956), np.int64(1635), np.int64(1969))",250,74
110,1046.0,1729.0,1.0,12364.376349312912,612.2530517578125,"(np.int64(1729), np.int64(1046), np.int64(1730), np.int64(1047))",60,64
110,835.0,1736.0,1.0,12364.376349312912,612.2530517578125,"(np.int64(1736), np.int64(835), np.int64(1737), np.int64(836))",64,138
111,27.75,158.9375,16.0,197830.0215890066,736.0146484375,"(np.int64(156), np.int64(26), np.int64(163), np.int64(31))",156,129
111,622.6875,506.25,16.0,197830.0215890066,979.9002685546875,"(np.int64(505), np.int64(619), np.int64(509), np.int64(627))",236,19
111,1309.3173076923076,787.501923076923,46.0,568761.3120683939,2026.65478515625,"(np.int64(779), np.int64(1300), np.int64(798), np.int64(1319))",12,151
111,952.0,832.0,1.0,12364.376349312912,612.2613525390625,"(np.int64(832), np.int64(952), np.int64(833), np.int64(953))",42,180
111,752.0,836.5,2.0,24728.752698625824,703.9918823242188,"(np.int64(836), np.int64(752), np.int64(838), np.int64(753))",247,21
111,1042.1666666666667,873.9444444444445,18.0,222558.7742876324,1095.1292724609375,"(np.int64(872), np.int64(1040), np.int64(878), np.int64(1046))",232,18
111,49.333333333333336,1285.5833333333333,12.0,148372.51619175496,1301.33447265625,"(np.int64(1284), np.int64(48), np.int64(1289), np.int64(52))",157,14
111,175.0,1528.75,4.0,49457.50539725165,736.0146484375,"(np.int64(1528), np.int64(174), np.int64(1530), np.int64(177))",43,115
111,313.1049107142857,1549.2276785714284,39.0,482210.67762320355,1433.612060546875,"(np.int64(1544), np.int64(309), np.int64(1558), np.int64(320))",31,113
111,1961.0,1629.125,5.0,61821.881746564555,642.1340942382812,"(np.int64(1623), np.int64(1955), np.int64(1637), np.int64(1969))",250,74
111,889.0,1719.5,2.0,24728.752698625824,612.2613525390625,"(np.int64(1719), np.int64(889), np.int64(1721), np.int64(890))",64,138
111,372.0,1818.0,1.0,12364.376349312912,612.2613525390625,"(np.int64(1818), np.int64(372), np.int64(1819), np.int64(373))",45,51
112,28.466666666666665,159.8,15.0,185465.64523969367,942.939208984375,"(np.int64(157), np.int64(27), np.int64(163), np.int64(31))",156,129
112,624.5,506.0,4.0,49457.50539725165,703.9872436523438,"(np.int64(505), np.int64(624), np.int64(508), np.int64(626))",236,19
112,1310.2619047619048,787.5714285714286,20.0,247287.52698625825,1717.321533203125,"(np.int64(780), np.int64(1303), np.int64(796), np.int64(1319))",12,151
112,1341.857142857143,797.0,7.0,86550.63444519039,836.2680053710938,"(np.int64(796), np.int64(1340), np.int64(799), np.int64(1344))",12,151
112,753.0,837.5,2.0,24728.752698625824,642.143310546875,"(np.int64(837), np.int64(753), np.int64(839), np.int64(754))",247,21
112,1041.5,875.0,6.0,74186.25809587748,703.9872436523438,"(np.int64(874), np.int64(1040), np.int64(877), np.int64(1044))",232,18
112,49.666666666666664,1285.3333333333333,3.0,37093.12904793874,735.9885864257812,"(np.int64(1285), np.int64(49), np.int64(1287), np.int64(51))",157,14
112,178.0,1529.0,1.0,12364.376349312912,642.143310546875,"(np.int64(1529), np.int64(178), np.int64(1530), np.int64(179))",43,115
112,317.6973684210526,1548.0657894736842,40.0,494575.0539725165,1344.69189453125,"(np.int64(1543), np.int64(315), np.int64(1560), np.int64(321))",31,113
112,1967.5,1635.75,7.0,86550.63444519039,703.9872436523438,"(np.int64(1631), np.int64(1965), np.int64(1640), np.int64(1970))",250,74
112,900.8333333333333,1742.8333333333335,4.0,49457.50539725165,672.7055053710938,"(np.int64(1741), np.int64(900), np.int64(1745), np.int64(902))",64,138
113,28.928571428571427,158.85714285714286,14.0,173101.26889038077,1017.5987548828125,"(np.int64(157), np.int64(28), np.int64(162), np.int64(31))",156,129
113,1315.7692307692307,781.5384615384615,13.0,160736.89254106785,1258.64794921875,"(np.int64(779), np.int64(1314), np.int64(785), np.int64(1319))",12,151
113,1341.25,799.375,13.0,160736.89254106788,906.6563110351562,"(np.int64(795), np.int64(1340), np.int64(803), np.int64(1344))",12,151
113,754.3333333333334,838.6666666666666,3.0,37093.12904793874,768.7059936523438,"(np.int64(838), np.int64(754), np.int64(840), np.int64(756))",247,21
113,317.37894736842105,1547.1447368421054,43.0,531668.1830204552,1479.11767578125,"(np.int64(1539), np.int64(314), np.int64(1561), np.int64(321))",31,113
113,1964.1176470588234,1630.3725490196077,19.0,234923.15063694533,802.1423950195312,"(np.int64(1622), np.int64(1956), np.int64(1640), np.int64(1976))",250,74
114,27.5,156.8125,16.0,197830.0215890066,942.95068359375,"(np.int64(155), np.int64(26), np.int64(160), np.int64(31))",156,129
114,1313.45,780.4,7.0,86550.63444519037,906.6815185546875,"(np.int64(778), np.int64(1312), np.int64(783), np.int64(1316))",12,151
114,1338.4833333333333,797.0166666666667,17.0,210194.39793831948,942.95068359375,"(np.int64(793), np.int64(1336), np.int64(801), np.int64(1342))",12,151
114,315.51602564102564,1546.2067307692307,47.0,581125.6884177069,1134.93603515625,"(np.int64(1538), np.int64(312), np.int64(1560), np.int64(319))",31,113
114,1961.0350877192984,1625.1842105263158,22.0,272016.27968488407,736.0146484375,"(np.int64(1618), np.int64(1954), np.int64(1640), np.int64(1976))",250,74
114,1046.0,1729.0,1.0,12364.376349312912,642.1182861328125,"(np.int64(1729), np.int64(1046), np.int64(1730), np.int64(1047))",60,64
114,1821.0,1859.0,1.0,12364.376349312912,612.2565307617188,"(np.int64(1859), np.int64(1821), np.int64(1860), np.int64(1822))",233,21
115,28.933333333333334,157.46666666666667,15.0,185465.64523969367,802.150146484375,"(np.int64(154), np.int64(28), np.int64(161), np.int64(32))",156,129
115,50.0,203.0,1.0,12364.376349312912,642.143310546875,"(np.int64(203), np.int64(50), np.int64(204), np.int64(51))",221,90
115,1874.0,501.0,1.0,12364.376349312912,612.2584228515625,"(np.int64(501), np.int64(1874), np.int64(502), np.int64(1875))",81,75
115,1314.6666666666665,781.0833333333333,9.0,111279.38714381622,1095.114990234375,"(np.int64(779), np.int64(1313), np.int64(784), np.int64(1317))",12,151
115,1338.4545454545455,797.7727272727273,12.0,148372.51619175496,942.939208984375,"(np.int64(794), np.int64(1337), np.int64(801), np.int64(1342))",12,151
115,1575.0,1512.6666666666667,3.0,37093.12904793874,642.143310546875,"(np.int64(1512), np.int64(1573), np.int64(1514), np.int64(1578))",254,14
115,182.0,1529.8333333333335,4.0,49457.50539725165,672.7055053710938,"(np.int64(1529), np.int64(180), np.int64(1532), np.int64(186))",43,115
115,314.7580952380952,1544.587619047619,61.0,754226.9573080876,1572.2572021484375,"(np.int64(1536), np.int64(311), np.int64(1560), np.int64(323))",31,113
115,1969.5,1639.1666666666667,6.0,74186.25809587748,768.7095947265625,"(np.int64(1638), np.int64(1968), np.int64(1641), np.int64(1972))",250,74
115,1046.0,1729.0,1.0,12364.376349312912,642.143310546875,"(np.int64(1729), np.int64(1046), np.int64(1730), np.int64(1047))",60,64
116,30.333333333333332,157.83333333333334,12.0,148372.51619175496,768.6885986328125,"(np.int64(155), np.int64(29), np.int64(161), np.int64(33))",156,129
116,1311.4761904761904,788.047619047619,10.0,123643.76349312912,979.9251708984375,"(np.int64(783), np.int64(1307), np.int64(794), np.int64(1318))",12,151
116,1340.0,797.1666666666666,6.0,74186.25809587748,906.6611938476562,"(np.int64(796), np.int64(1339), np.int64(799), np.int64(1342))",12,151
116,1576.0,1513.5,2.0,24728.752698625824,612.2819213867188,"(np.int64(1513), np.int64(1575), np.int64(1515), np.int64(1578))",254,14
116,186.5,1531.5,6.0,74186.25809587748,768.6885986328125,"(np.int64(1531), np.int64(185), np.int64(1533), np.int64(189))",43,115
116,317.17745098039217,1546.918137254902,60.0,741862.5809587748,1479.1126708984375,"(np.int64(1535), np.int64(313), np.int64(1561), np.int64(322))",31,113
116,1965.25,1632.25,4.0,49457.50539725165,703.97998046875,"(np.int64(1624), np.int64(1959), np.int64(1642), np.int64(1972))",250,74
116,899.0,1721.0,4.0,49457.50539725165,642.1546630859375,"(np.int64(1717), np.int64(895), np.int64(1726), np.int64(904))",64,138
116,1470.0,2047.0,1.0,12364.376349312912,612.2819213867188,"(np.int64(2047), np.int64(1470), np.int64(2048), np.int64(1471))",117,33
117,31.25,159.33333333333334,12.0,148372.51619175496,979.9095458984375,"(np.int64(156), np.int64(30), np.int64(162), np.int64(35))",156,129
117,48.0,206.5,6.0,74186.25809587748,642.139892578125,"(np.int64(206), np.int64(47), np.int64(208), np.int64(50))",221,90
117,350.0,419.0,1.0,12364.376349312912,612.2780151367188,"(np.int64(419), np.int64(350), np.int64(420), np.int64(351))",89,139
117,630.0,504.0,1.0,12364.376349312912,612.2780151367188,"(np.int64(504), np.int64(630), np.int64(505), np.int64(631))",236,19
117,1315.6666666666667,783.6666666666666,3.0,37093.12904793874,1017.6107177734375,"(np.int64(783), np.int64(1315), np.int64(785), np.int64(1317))",12,151
117,1339.0,799.1785714285714,15.0,185465.6452396937,871.1109008789062,"(np.int64(796), np.int64(1338), np.int64(802), np.int64(1343))",12,151
117,1048.0,1049.0,3.0,37093.12904793874,703.9933471679688,"(np.int64(1048), np.int64(1047), np.int64(1051), np.int64(1050))",48,14
117,1575.3333333333333,1513.6666666666667,3.0,37093.12904793874,612.2780151367188,"(np.int64(1513), np.int64(1573), np.int64(1515), np.int64(1579))",254,14
117,318.73809523809524,1539.4484126984125,47.0,581125.6884177069,871.1109008789062,"(np.int64(1525), np.int64(317), np.int64(1560), np.int64(321))",31,113
117,1960.2,1625.4,5.0,61821.881746564555,642.139892578125,"(np.int64(1625), np.int64(1959), np.int64(1627), np.int64(1962))",250,74
117,897.3324652777778,1725.9322916666667,52.0,642947.5701642715,1095.097412109375,"(np.int64(1714), np.int64(886), np.int64(1736), np.int64(904))",64,138
118,31.0,159.75,8.0,98915.0107945033,768.7241821289062,"(np.int64(158), np.int64(30), np.int64(162), np.int64(33))",156,129
118,50.8,206.4,5.0,61821.881746564555,1175.476806640625,"(np.int64(206), np.int64(50), np.int64(208), np.int64(53))",221,90
118,1315.5,783.5,4.0,49457.50539725165,1055.990234375,"(np.int64(783), np.int64(1315), np.int64(785), np.int64(1317))",12,151
118,1339.1875,797.1458333333334,48.0,593490.0647670198,1388.7806396484375,"(np.int64(794), np.int64(1335), np.int64(801), np.int64(1346))",12,151
118,1038.5,918.0,2.0,24728.752698625824,672.6919555664062,"(np.int64(918), np.int64(1038), np.int64(919), np.int64(1040))",129,5
118,1047.25,1048.75,12.0,148372.51619175496,836.2789306640625,"(np.int64(1046), np.int64(1045), np.int64(1053), np.int64(1051))",48,14
118,1574.5,1514.0,2.0,24728.752698625824,612.2565307617188,"(np.int64(1514), np.int64(1574), np.int64(1515), np.int64(1576))",254,14
118,320.06057692307695,1542.9730769230769,35.0,432753.172225952,1134.93603515625,"(np.int64(1524), np.int64(317), np.int64(1558), np.int64(325))",31,113
118,448.0,1693.0,1.0,12364.376349312912,768.7241821289062,"(np.int64(1693), np.int64(448), np.int64(1694), np.int64(449))",225,2
118,893.2831196581196,1725.426282051282,40.0,494575.05397251644,906.6815185546875,"(np.int64(1714), np.int64(886), np.int64(1738), np.int64(902))",64,138
118,856.0,1734.0,1.0,12364.376349312912,612.2565307617188,"(np.int64(1734), np.int64(856), np.int64(1735), np.int64(857))",64,138
118,1831.0,1926.0,1.0,12364.376349312912,612.2565307617188,"(np.int64(1926), np.int64(1831), np.int64(1927), np.int64(1832))",257,79
119,31.4,159.8,5.0,61821.881746564555,642.1190185546875,"(np.int64(159), np.int64(31), np.int64(162), np.int64(33))",156,129
119,50.5,204.3,10.0,123643.76349312911,1258.6641845703125,"(np.int64(202), np.int64(49), np.int64(207), np.int64(53))",221,90
119,1318.5,323.0,2.0,24728.752698625824,672.7244262695312,"(np.int64(323), np.int64(1318), np.int64(324), np.int64(1320))",246,6
119,2036.0,414.0,1.0,12364.376349312912,612.2655639648438,"(np.int64(414), np.int64(2036), np.int64(415), np.int64(2037))",6,28
119,362.0,415.0,1.0,12364.376349312912,612.2655639648438,"(np.int64(415), np.int64(362), np.int64(416), np.int64(363))",89,139
119,427.0,553.0,1.0,12364.376349312912,704.0066528320312,"(np.int64(553), np.int64(427), np.int64(554), np.int64(428))",237,2
119,1338.9473684210527,796.6491228070175,57.0,704769.4519108359,1433.6114501953125,"(np.int64(794), np.int64(1334), np.int64(801), np.int64(1345))",12,151
119,1039.0,917.0,1.0,12364.376349312912,768.7141723632812,"(np.int64(917), np.int64(1039), np.int64(918), np.int64(1040))",129,5
119,1577.5,1513.5,4.0,49457.50539725165,642.1190185546875,"(np.int64(1513), np.int64(1574), np.int64(1515), np.int64(1581))",254,14
119,320.15714285714284,1538.4619047619046,32.0,395660.0431780132,942.947021484375,"(np.int64(1525), np.int64(318), np.int64(1557), np.int64(326))",31,113
119,897.2481617647059,1725.7463235294117,31.0,383295.6668287003,836.2791748046875,"(np.int64(1713), np.int64(887), np.int64(1737), np.int64(905))",64,138
119,834.0,1719.0,1.0,12364.376349312912,612.2655639648438,"(np.int64(1719), np.int64(834), np.int64(1720), np.int64(835))",64,138
119,864.6666666666666,1735.2,7.0,86550.63444519037,642.1190185546875,"(np.int64(1730), np.int64(857), np.int64(1741), np.int64(872))",64,138
119,1832.3333333333333,1925.6666666666667,3.0,37093.12904793874,736.003173828125,"(np.int64(1925), np.int64(1832), np.int64(1927), np.int64(1834))",257,79
120,32.4,159.2,5.0,61821.881746564555,672.6903076171875,"(np.int64(158), np.int64(32), np.int64(161), np.int64(34))",156,129
120,50.25,203.75,5.0,61821.88174656456,768.7222900390625,"(np.int64(202), np.int64(48), np.int64(206), np.int64(53))",221,90
120,1318.0,322.5,2.0,24728.752698625824,642.1478271484375,"(np.int64(322), np.int64(1317), np.int64(324), np.int64(1320))",246,6
120,1834.0,371.0,1.0,12364.376349312912,612.242919921875,"(np.int64(371), np.int64(1834), np.int64(372), np.int64(1835))",96,86
120,356.5,429.5,2.0,24728.752698625824,612.242919921875,"(np.int64(425), np.int64(353), np.int64(435), np.int64(361))",89,139
120,629.5,502.0,2.0,24728.752698625824,642.1478271484375,"(np.int64(502), np.int64(629), np.int64(503), np.int64(631))",236,19
120,1339.7288135593221,795.7627118644068,59.0,729498.2046094618,1525.3291015625,"(np.int64(792), np.int64(1336), np.int64(801), np.int64(1345))",12,151
120,1039.5,916.5,2.0,24728.752698625824,703.9862060546875,"(np.int64(916), np.int64(1039), np.int64(918), np.int64(1041))",129,5
120,327.06666666666666,1556.6333333333332,16.0,197830.0215890066,906.6559448242188,"(np.int64(1548), np.int64(319), np.int64(1564), np.int64(335))",31,113
120,898.5079365079365,1724.597222222222,37.0,457481.9249245777,768.7222900390625,"(np.int64(1713), np.int64(886), np.int64(1736), np.int64(906))",64,138
120,857.625,1728.0,16.0,197830.0215890066,672.6903076171875,"(np.int64(1725), np.int64(856), np.int64(1731), np.int64(860))",64,138
120,1046.0,1729.0,1.0,12364.376349312912,612.242919921875,"(np.int64(1729), np.int64(1046), np.int64(1730), np.int64(1047))",60,64
121,31.833333333333332,159.66666666666666,6.0,74186.25809587748,642.1275634765625,"(np.int64(159), np.int64(31), np.int64(162), np.int64(34))",156,129
121,47.0,204.0,5.0,61821.881746564555,1095.107666015625,"(np.int64(203), np.int64(46), np.int64(206), np.int64(49))",221,90
121,1319.888888888889,322.16666666666663,10.0,123643.76349312911,802.1480712890625,"(np.int64(321), np.int64(1315), np.int64(324), np.int64(1323))",246,6
121,1833.0,371.0,1.0,12364.376349312912,612.2535400390625,"(np.int64(371), np.int64(1833), np.int64(372), np.int64(1834))",96,86
121,625.7,495.26666666666665,8.0,98915.0107945033,871.117919921875,"(np.int64(488), np.int64(620), np.int64(503), np.int64(632))",236,19
121,1339.4285714285713,794.8730158730159,63.0,778955.7100067134,1572.246826171875,"(np.int64(790), np.int64(1335), np.int64(801), np.int64(1345))",12,151
121,1962.0,933.0,1.0,12364.376349312912,768.7021484375,"(np.int64(933), np.int64(1962), np.int64(934), np.int64(1963))",259,3
121,1574.5,1512.0,2.0,24728.752698625824,642.1275634765625,"(np.int64(1512), np.int64(1574), np.int64(1513), np.int64(1576))",254,14
121,186.0,1532.0,1.0,12364.376349312912,672.7158203125,"(np.int64(1532), np.int64(186), np.int64(1533), np.int64(187))",43,115
121,318.75,1550.25,4.0,49457.50539725165,802.1480712890625,"(np.int64(1549), np.int64(318), np.int64(1552), np.int64(320))",31,113
121,846.0,1708.0,1.0,12364.376349312912,612.2535400390625,"(np.int64(1708), np.int64(846), np.int64(1709), np.int64(847))",64,138
121,896.6321078431372,1724.2120098039215,38.0,469846.30127389065,768.7021484375,"(np.int64(1712), np.int64(885), np.int64(1736), np.int64(906))",64,138
121,859.9305555555555,1734.2777777777778,14.0,173101.26889038077,642.1275634765625,"(np.int64(1726), np.int64(855), np.int64(1739), np.int64(868))",64,138
122,31.714285714285715,159.14285714285714,7.0,86550.63444519039,906.6444091796875,"(np.int64(158), np.int64(31), np.int64(161), np.int64(34))",156,129
122,46.5,204.0,4.0,49457.50539725165,1055.978271484375,"(np.int64(203), np.int64(46), np.int64(206), np.int64(48))",221,90
122,1320.1,322.2,10.0,123643.76349312911,906.6444091796875,"(np.int64(321), np.int64(1317), np.int64(324), np.int64(1324))",246,6
122,356.0,422.0,1.0,12364.376349312912,612.27587890625,"(np.int64(422), np.int64(356), np.int64(423), np.int64(357))",89,139
122,623.0,489.0,7.0,86550.63444519039,672.7111206054688,"(np.int64(488), np.int64(621), np.int64(491), np.int64(626))",236,19
122,1247.5,527.0,4.0,49457.50539725165,672.7111206054688,"(np.int64(526), np.int64(1247), np.int64(529), np.int64(1249))",261,3
122,1339.6101694915253,794.9661016949152,59.0,729498.2046094618,1388.7921142578125,"(np.int64(790), np.int64(1335), np.int64(802), np.int64(1344))",12,151
122,318.75,1552.25,7.0,86550.63444519039,836.2766723632812,"(np.int64(1550), np.int64(318), np.int64(1557), np.int64(320))",31,113
122,326.0,1650.0,1.0,12364.376349312912,612.27587890625,"(np.int64(1650), np.int64(326), np.int64(1651), np.int64(327))",158,23
122,880.0827208419599,1729.4604296066252,64.0,791320.0863560264,942.9154663085938,"(np.int64(1715), np.int64(855), np.int64(1740), np.int64(905))",64,138
122,831.5,1719.0,2.0,24728.752698625824,612.27587890625,"(np.int64(1719), np.int64(831), np.int64(1720), np.int64(833))",64,138
123,32.0,158.0,1.0,12364.376349312912,704.0162353515625,"(np.int64(158), np.int64(32), np.int64(159), np.int64(33))",156,129
123,54.2,203.6,5.0,61821.881746564555,735.9947509765625,"(np.int64(203), np.int64(53), np.int64(205), np.int64(56))",221,90
123,625.7777777777778,486.3333333333333,9.0,111279.3871438162,768.696044921875,"(np.int64(485), np.int64(624), np.int64(489), np.int64(629))",236,19
123,1246.6666666666665,523.1111111111111,10.0,123643.76349312911,979.8987426757812,"(np.int64(521), np.int64(1245), np.int64(528), np.int64(1251))",261,3
123,1341.326923076923,794.9038461538462,52.0,642947.5701642714,1216.6962890625,"(np.int64(791), np.int64(1337), np.int64(802), np.int64(1345))",12,151
123,1550.5,1325.0,2.0,24728.752698625824,642.1068115234375,"(np.int64(1324), np.int64(1550), np.int64(1327), np.int64(1552))",264,2
123,167.0,1522.5,2.0,24728.752698625824,642.1068115234375,"(np.int64(1522), np.int64(167), np.int64(1524), np.int64(168))",43,115
123,318.21515151515155,1539.7484848484848,20.0,247287.52698625822,802.119873046875,"(np.int64(1526), np.int64(316), np.int64(1557), np.int64(321))",31,113
123,895.6630434782608,1724.2644927536232,39.0,482210.67762320355,1056.020751953125,"(np.int64(1712), np.int64(884), np.int64(1736), np.int64(904))",64,138
123,862.0,1733.448717948718,17.0,210194.39793831948,672.7001953125,"(np.int64(1727), np.int64(857), np.int64(1738), np.int64(871))",64,138
124,31.8,159.2,5.0,61821.881746564555,704.0032348632812,"(np.int64(158), np.int64(31), np.int64(161), np.int64(34))",156,129
124,54.7,204.5,10.0,123643.76349312911,802.1472778320312,"(np.int64(203), np.int64(53), np.int64(207), np.int64(58))",221,90
124,342.0,422.0,1.0,12364.376349312912,612.2749633789062,"(np.int64(422), np.int64(342), np.int64(423), np.int64(343))",89,139
124,624.5,489.0,6.0,74186.25809587748,704.0032348632812,"(np.int64(488), np.int64(623), np.int64(491), np.int64(627))",236,19
124,1248.5,526.5,4.0,49457.50539725165,735.9954223632812,"(np.int64(526), np.int64(1248), np.int64(528), np.int64(1250))",261,3
124,1340.672131147541,796.7049180327868,61.0,754226.9573080876,1344.7139892578125,"(np.int64(792), np.int64(1337), np.int64(804), np.int64(1345))",12,151
124,168.14285714285714,1524.4285714285713,7.0,86550.63444519039,672.7046508789062,"(np.int64(1523), np.int64(167), np.int64(1527), np.int64(170))",43,115
124,321.76666666666665,1554.111111111111,15.0,185465.64523969367,906.6637573242188,"(np.int64(1541), np.int64(316), np.int64(1566), np.int64(332))",31,113
124,885.3571428571429,1722.2857142857142,14.0,173101.26889038077,836.2636108398438,"(np.int64(1720), np.int64(883), np.int64(1727), np.int64(888))",64,138
124,857.1818181818182,1732.0,24.0,296745.0323835099,735.9954223632812,"(np.int64(1727), np.int64(855), np.int64(1740), np.int64(861))",64,138
124,903.0,1736.75,4.0,49457.50539725165,672.7046508789062,"(np.int64(1736), np.int64(902), np.int64(1738), np.int64(905))",64,138
125,32.6,158.9,10.0,123643.76349312911,942.9150390625,"(np.int64(156), np.int64(31), np.int64(162), np.int64(35))",156,129
125,625.0,489.0,1.0,12364.376349312912,612.2819213867188,"(np.int64(489), np.int64(625), np.int64(490), np.int64(626))",236,19
125,1340.6451612903227,796.3870967741935,62.0,766591.3336574006,1216.733154296875,"(np.int64(791), np.int64(1337), np.int64(804), np.int64(1345))",12,151
125,1548.0,1328.0,1.0,12364.376349312912,672.689208984375,"(np.int64(1328), np.int64(1548), np.int64(1329), np.int64(1549))",264,2
125,168.0909090909091,1525.1818181818182,11.0,136008.13984244203,906.6611938476562,"(np.int64(1523), np.int64(167), np.int64(1528), np.int64(170))",43,115
125,324.0454545454545,1558.931818181818,13.0,160736.89254106785,802.1536865234375,"(np.int64(1554), np.int64(319), np.int64(1565), np.int64(334))",31,113
125,885.1111111111111,1720.888888888889,9.0,111279.3871438162,642.1546630859375,"(np.int64(1719), np.int64(884), np.int64(1723), np.int64(888))",64,138
125,862.328125,1735.34375,19.0,234923.15063694536,703.97998046875,"(np.int64(1729), np.int64(855), np.int64(1740), np.int64(870))",64,138
125,904.0,1736.0,1.0,12364.376349312912,612.2819213867188,"(np.int64(1736), np.int64(904), np.int64(1737), np.int64(905))",64,138
126,33.5,158.83333333333334,12.0,148372.51619175496,979.8883056640625,"(np.int64(157), np.int64(32), np.int64(161), np.int64(37))",156,129
126,57.666666666666664,203.66666666666666,3.0,37093.12904793874,802.1029052734375,"(np.int64(203), np.int64(57), np.int64(205), np.int64(59))",221,90
126,1385.0,393.0,2.0,24728.752698625824,642.1397705078125,"(np.int64(393), np.int64(1384), np.int64(394), np.int64(1387))",97,28
126,627.0,487.0,1.0,12364.376349312912,612.248291015625,"(np.int64(487), np.int64(627), np.int64(488), np.int64(628))",236,19
126,1045.1818181818182,868.4545454545455,11.0,136008.13984244203,736.0040283203125,"(np.int64(867), np.int64(1043), np.int64(871), np.int64(1048))",232,18
126,168.28571428571428,1526.0,7.0,86550.63444519039,942.9305419921875,"(np.int64(1525), np.int64(167), np.int64(1528), np.int64(171))",43,115
126,325.83333333333337,1559.3333333333335,16.0,197830.0215890066,906.6605224609375,"(np.int64(1554), np.int64(320), np.int64(1565), np.int64(335))",31,113
126,897.1190476190477,1725.8253968253969,17.0,210194.39793831948,703.986328125,"(np.int64(1719), np.int64(885), np.int64(1736), np.int64(906))",64,138
126,860.2222222222222,1734.4444444444443,5.0,61821.881746564555,642.1397705078125,"(np.int64(1729), np.int64(856), np.int64(1739), np.int64(868))",64,138
127,33.857142857142854,158.57142857142858,7.0,86550.63444519039,703.99609375,"(np.int64(157), np.int64(33), np.int64(161), np.int64(36))",156,129
127,1046.1904761904761,866.8095238095239,21.0,259651.90333557114,802.1483154296875,"(np.int64(865), np.int64(1043), np.int64(870), np.int64(1051))",232,18
127,1581.0,1514.5,4.0,49457.50539725165,642.101806640625,"(np.int64(1514), np.int64(1578), np.int64(1516), np.int64(1584))",254,14
127,168.2,1525.2,5.0,61821.881746564555,703.99609375,"(np.int64(1524), np.int64(167), np.int64(1527), np.int64(170))",43,115
127,324.9761904761905,1559.357142857143,10.0,123643.76349312912,703.99609375,"(np.int64(1556), np.int64(322), np.int64(1564), np.int64(333))",31,113
127,898.1666666666666,1725.7222222222224,6.0,74186.25809587748,672.6895751953125,"(np.int64(1720), np.int64(887), np.int64(1735), np.int64(906))",64,138
127,866.6666666666666,1736.8333333333333,12.0,148372.51619175496,703.99609375,"(np.int64(1736), np.int64(864), np.int64(1739), np.int64(870))",64,138
128,33.0,158.875,8.0,98915.0107945033,704.03466796875,"(np.int64(158), np.int64(31), np.int64(161), np.int64(36))",156,129
128,55.0,204.0,1.0,12364.376349312912,612.237060546875,"(np.int64(204), np.int64(55), np.int64(205), np.int64(56))",221,90
128,346.0,426.0,1.0,12364.376349312912,612.237060546875,"(np.int64(426), np.int64(346), np.int64(427), np.int64(347))",89,139
128,1505.9166666666667,705.7083333333334,24.0,296745.0323835099,768.70458984375,"(np.int64(701), np.int64(1502), np.int64(712), np.int64(1511))",266,16
128,1043.6521739130435,866.1739130434783,23.0,284380.65603419696,672.70751953125,"(np.int64(864), np.int64(1041), np.int64(870), np.int64(1048))",232,18
128,1245.5,1514.0,2.0,24728.752698625824,736.03369140625,"(np.int64(1514), np.int64(1245), np.int64(1515), np.int64(1247))",267,11
128,1578.5,1514.25,4.0,49457.50539725165,612.237060546875,"(np.int64(1514), np.int64(1577), np.int64(1516), np.int64(1581))",254,14
128,894.7983682983682,1727.7564102564102,32.0,395660.0431780132,802.1314697265625,"(np.int64(1718), np.int64(884), np.int64(1736), np.int64(905))",64,138
128,864.75,1736.5,5.0,61821.88174656456,612.237060546875,"(np.int64(1736), np.int64(862), np.int64(1738), np.int64(868))",64,138
129,32.6,158.1,10.0,123643.76349312911,735.99951171875,"(np.int64(156), np.int64(31), np.int64(161), np.int64(35))",156,129
129,59.1875,205.6875,8.0,98915.0107945033,703.9788818359375,"(np.int64(200), np.int64(55), np.int64(216), np.int64(67))",221,90
129,353.8,425.8666666666666,7.0,86550.63444519037,612.26806640625,"(np.int64(421), np.int64(348), np.int64(432), np.int64(363))",89,139
129,1505.0263157894738,706.8947368421053,38.0,469846.30127389065,1216.699951171875,"(np.int64(700), np.int64(1501), np.int64(714), np.int64(1511))",266,16
129,1050.0,864.0,1.0,12364.376349312912,612.26806640625,"(np.int64(864), np.int64(1050), np.int64(865), np.int64(1051))",232,18
129,1650.0,1221.0,1.0,12364.376349312912,735.99951171875,"(np.int64(1221), np.int64(1650), np.int64(1222), np.int64(1651))",20,27
129,1247.0,1515.0,1.0,12364.376349312912,672.683349609375,"(np.int64(1515), np.int64(1247), np.int64(1516), np.int64(1248))",267,11
129,1578.0,1515.0,3.0,37093.12904793874,642.1131591796875,"(np.int64(1515), np.int64(1577), np.int64(1516), np.int64(1580))",254,14
129,321.0,1557.0,1.0,12364.376349312912,612.26806640625,"(np.int64(1557), np.int64(321), np.int64(1558), np.int64(322))",31,113
129,853.0,1709.0,1.0,12364.376349312912,612.26806640625,"(np.int64(1709), np.int64(853), np.int64(1710), np.int64(854))",64,138
129,895.9186507936508,1726.5051587301587,27.0,333838.1614314486,871.111083984375,"(np.int64(1719), np.int64(887), np.int64(1736), np.int64(905))",64,138
129,1046.0,1729.0,1.0,12364.376349312912,612.26806640625,"(np.int64(1729), np.int64(1046), np.int64(1730), np.int64(1047))",60,64
129,867.0,1738.0,4.0,49457.50539725165,672.683349609375,"(np.int64(1737), np.int64(865), np.int64(1740), np.int64(870))",64,138
130,33.57142857142857,160.14285714285714,7.0,86550.63444519039,735.99267578125,"(np.int64(159), np.int64(32), np.int64(162), np.int64(36))",156,129
130,68.6,216.4,5.0,61821.881746564555,768.735595703125,"(np.int64(216), np.int64(67), np.int64(218), np.int64(71))",221,90
130,351.375,427.625,6.0,74186.25809587748,642.0986328125,"(np.int64(426), np.int64(347), np.int64(431), np.int64(358))",89,139
130,1625.0,502.75,4.0,49457.50539725165,979.950927734375,"(np.int64(502), np.int64(1624), np.int64(504), np.int64(1627))",206,7
130,1505.6136363636363,707.2727272727273,45.0,556396.9357190811,942.965087890625,"(np.int64(700), np.int64(1501), np.int64(715), np.int64(1511))",266,16
130,419.0,808.0,1.0,12364.376349312912,768.735595703125,"(np.int64(808), np.int64(419), np.int64(809), np.int64(420))",268,2
130,1046.5,866.0,2.0,24728.752698625824,612.30712890625,"(np.int64(866), np.int64(1046), np.int64(867), np.int64(1048))",232,18
130,1577.5,1515.0,2.0,24728.752698625824,642.0986328125,"(np.int64(1515), np.int64(1577), np.int64(1516), np.int64(1579))",254,14
130,322.0,1558.0,1.0,12364.376349312912,612.30712890625,"(np.int64(1558), np.int64(322), np.int64(1559), np.int64(323))",31,113
130,289.0,1645.5,2.0,24728.752698625824,612.30712890625,"(np.int64(1645), np.int64(289), np.int64(1647), np.int64(290))",158,23
130,853.0,1712.0,1.0,12364.376349312912,612.30712890625,"(np.int64(1712), np.int64(853), np.int64(1713), np.int64(854))",64,138
130,896.3571428571429,1729.5,14.0,173101.26889038077,672.72021484375,"(np.int64(1723), np.int64(888), np.int64(1737), np.int64(906))",64,138
130,868.9444444444445,1739.2222222222224,6.0,74186.25809587748,672.72021484375,"(np.int64(1738), np.int64(865), np.int64(1741), np.int64(873))",64,138
130,573.5,1834.0,2.0,24728.752698625824,768.735595703125,"(np.int64(1834), np.int64(573), np.int64(1835), np.int64(575))",270,2
131,32.142857142857146,159.57142857142858,7.0,86550.63444519039,703.995849609375,"(np.int64(158), np.int64(31), np.int64(162), np.int64(35))",156,129
131,352.0,425.1666666666667,12.0,148372.51619175493,612.23486328125,"(np.int64(422), np.int64(345), np.int64(429), np.int64(357))",89,139
131,1624.0,503.25,4.0,49457.50539725165,906.669189453125,"(np.int64(503), np.int64(1623), np.int64(505), np.int64(1626))",206,7
131,1504.3529411764705,707.5882352941177,34.0,420388.795876639,802.106689453125,"(np.int64(702), np.int64(1501), np.int64(715), np.int64(1509))",266,16
131,428.0,836.0,1.0,12364.376349312912,612.23486328125,"(np.int64(836), np.int64(428), np.int64(837), np.int64(429))",14,94
131,1049.5333333333333,866.9,15.0,185465.64523969367,672.76025390625,"(np.int64(866), np.int64(1042), np.int64(870), np.int64(1056))",232,18
131,945.0,1114.0,1.0,12364.376349312912,642.13916015625,"(np.int64(1114), np.int64(945), np.int64(1115), np.int64(946))",18,141
131,1579.6666666666667,1515.3333333333333,3.0,37093.12904793874,642.13916015625,"(np.int64(1515), np.int64(1579), np.int64(1517), np.int64(1581))",254,14
131,1072.5,1572.0,2.0,24728.752698625824,642.13916015625,"(np.int64(1572), np.int64(1072), np.int64(1573), np.int64(1074))",271,32
131,882.1455555555555,1736.6200000000001,38.0,469846.30127389065,736.051025390625,"(np.int64(1724), np.int64(864), np.int64(1741), np.int64(904))",64,138
131,1046.0,1729.0,1.0,12364.376349312912,612.23486328125,"(np.int64(1729), np.int64(1046), np.int64(1730), np.int64(1047))",60,64
132,352.8958333333333,426.6875,15.0,185465.64523969372,672.69287109375,"(np.int64(425), np.int64(347), np.int64(430), np.int64(356))",89,139
132,1623.8,504.4,5.0,61821.881746564555,1017.573486328125,"(np.int64(504), np.int64(1623), np.int64(506), np.int64(1626))",206,7
132,1504.6333333333332,706.4,16.0,197830.0215890066,704.03662109375,"(np.int64(704), np.int64(1502), np.int64(713), np.int64(1508))",266,16
132,1331.0,768.0,1.0,12364.376349312912,612.2939453125,"(np.int64(768), np.int64(1331), np.int64(769), np.int64(1332))",12,151
132,1339.0958904109589,800.945205479452,73.0,902599.4734998426,1017.573486328125,"(np.int64(795), np.int64(1331), np.int64(807), np.int64(1346))",12,151
132,1047.0555555555557,869.1111111111111,18.0,222558.7742876324,642.145263671875,"(np.int64(868), np.int64(1043), np.int64(871), np.int64(1052))",232,18
132,1968.0,935.0,2.0,24728.752698625824,612.2939453125,"(np.int64(934), np.int64(1967), np.int64(937), np.int64(1970))",259,3
132,945.0,1115.0,3.0,37093.12904793874,735.977294921875,"(np.int64(1114), np.int64(945), np.int64(1117), np.int64(946))",18,141
132,1576.5,1515.0,2.0,24728.752698625824,642.145263671875,"(np.int64(1515), np.int64(1576), np.int64(1516), np.int64(1578))",254,14
132,312.0,1674.5,2.0,24728.752698625824,642.145263671875,"(np.int64(1674), np.int64(312), np.int64(1676), np.int64(313))",158,23
132,835.0,1710.5,2.0,24728.752698625824,642.145263671875,"(np.int64(1710), np.int64(835), np.int64(1712), np.int64(836))",64,138
132,895.8095238095239,1728.2142857142858,17.0,210194.3979383195,672.69287109375,"(np.int64(1722), np.int64(890), np.int64(1737), np.int64(904))",64,138
132,1046.0,1729.0,1.0,12364.376349312912,612.2939453125,"(np.int64(1729), np.int64(1046), np.int64(1730), np.int64(1047))",60,64
132,869.5,1739.5,4.0,49457.50539725165,612.2939453125,"(np.int64(1737), np.int64(869), np.int64(1742), np.int64(871))",64,138
132,366.5,1823.5,2.0,24728.752698625824,612.2939453125,"(np.int64(1823), np.int64(366), np.int64(1825), np.int64(368))",45,51
132,616.0,1836.25,4.0,49457.50539725165,768.714111328125,"(np.int64(1836), np.int64(615), np.int64(1838), np.int64(618))",275,4
133,347.8125,427.0,17.0,210194.3979383195,642.13720703125,"(np.int64(425), np.int64(345), np.int64(429), np.int64(355))",89,139
133,1624.6666666666667,504.6666666666667,3.0,37093.12904793874,735.98193359375,"(np.int64(504), np.int64(1624), np.int64(506), np.int64(1626))",206,7
133,1508.3,705.85,11.0,136008.13984244203,704.025390625,"(np.int64(702), np.int64(1507), np.int64(709), np.int64(1512))",266,16
133,1342.421052631579,802.578947368421,38.0,469846.30127389065,906.680419921875,"(np.int64(798), np.int64(1339), np.int64(807), np.int64(1347))",12,151
133,1045.3076923076924,870.8461538461538,13.0,160736.89254106785,642.13720703125,"(np.int64(869), np.int64(1043), np.int64(874), np.int64(1049))",232,18
133,946.0,1115.0,1.0,12364.376349312912,612.29345703125,"(np.int64(1115), np.int64(946), np.int64(1116), np.int64(947))",18,141
133,1503.0,1224.0,1.0,12364.376349312912,612.29345703125,"(np.int64(1224), np.int64(1503), np.int64(1225), np.int64(1504))",139,24
133,778.2,1626.4,5.0,61821.881746564555,672.68505859375,"(np.int64(1625), np.int64(778), np.int64(1629), np.int64(780))",107,9
133,835.0,1714.0,1.0,12364.376349312912,612.29345703125,"(np.int64(1714), np.int64(835), np.int64(1715), np.int64(836))",64,138
133,902.3333333333334,1734.6666666666667,6.0,74186.25809587748,735.98193359375,"(np.int64(1734), np.int64(901), np.int64(1737), np.int64(904))",64,138
133,869.5,1737.75,3.0,37093.12904793874,672.68505859375,"(np.int64(1736), np.int64(869), np.int64(1740), np.int64(871))",64,138
133,367.0,1823.0,3.0,37093.12904793874,642.13720703125,"(np.int64(1822), np.int64(367), np.int64(1825), np.int64(368))",45,51
133,616.5,1836.0,6.0,74186.25809587748,768.730712890625,"(np.int64(1835), np.int64(616), np.int64(1838), np.int64(618))",275,4
134,34.0,160.0,2.0,24728.752698625824,642.0986328125,"(np.int64(160), np.int64(32), np.int64(161), np.int64(37))",156,129
134,402.0,395.0,1.0,12364.376349312912,612.30712890625,"(np.int64(395), np.int64(402), np.int64(396), np.int64(403))",179,14
134,1418.0,401.0,1.0,12364.376349312912,642.0986328125,"(np.int64(401), np.int64(1418), np.int64(402), np.int64(1419))",97,28
134,349.0,427.2857142857143,7.0,86550.63444519039,642.0986328125,"(np.int64(426), np.int64(348), np.int64(429), np.int64(351))",89,139
134,1625.3333333333333,504.3333333333333,3.0,37093.12904793874,703.987548828125,"(np.int64(504), np.int64(1625), np.int64(506), np.int64(1627))",206,7
134,1507.857142857143,705.9285714285714,8.0,98915.0107945033,672.72021484375,"(np.int64(699), np.int64(1505), np.int64(712), np.int64(1513))",266,16
134,1342.344827586207,802.1724137931035,29.0,358566.91413007444,871.114990234375,"(np.int64(796), np.int64(1338), np.int64(807), np.int64(1346))",12,151
134,1043.5,871.0,2.0,24728.752698625824,612.30712890625,"(np.int64(871), np.int64(1043), np.int64(872), np.int64(1045))",232,18
134,1501.0,1225.0,1.0,12364.376349312912,612.30712890625,"(np.int64(1225), np.int64(1501), np.int64(1226), np.int64(1502))",139,24
134,778.9642857142858,1626.3214285714284,15.0,185465.6452396937,768.735595703125,"(np.int64(1622), np.int64(777), np.int64(1631), np.int64(781))",107,9
134,1972.0,1642.5,2.0,24728.752698625824,642.0986328125,"(np.int64(1642), np.int64(1972), np.int64(1644), np.int64(1973))",250,74
134,848.5555555555555,1715.6666666666667,5.0,61821.881746564555,612.30712890625,"(np.int64(1709), np.int64(836), np.int64(1720), np.int64(858))",64,138
134,1046.0,1729.0,1.0,12364.376349312912,612.30712890625,"(np.int64(1729), np.int64(1046), np.int64(1730), np.int64(1047))",60,64
134,900.2727272727273,1734.3636363636363,11.0,136008.13984244203,768.735595703125,"(np.int64(1733), np.int64(898), np.int64(1737), np.int64(903))",64,138
134,870.0,1739.75,3.0,37093.12904793874,642.0986328125,"(np.int64(1739), np.int64(869), np.int64(1741), np.int64(872))",64,138
134,367.0,1822.5,4.0,49457.50539725165,612.30712890625,"(np.int64(1821), np.int64(367), np.int64(1825), np.int64(368))",45,51
134,785.0,1871.0,1.0,12364.376349312912,642.0986328125,"(np.int64(1871), np.int64(785), np.int64(1872), np.int64(786))",131,2
135,38.0,158.0,3.0,37093.12904793874,672.6982421875,"(np.int64(158), np.int64(37), np.int64(159), np.int64(40))",156,129
135,351.91666666666663,426.08333333333337,13.0,160736.89254106785,612.279541015625,"(np.int64(424), np.int64(348), np.int64(429), np.int64(355))",89,139
135,1507.4444444444443,706.0277777777778,17.0,210194.3979383195,642.096435546875,"(np.int64(699), np.int64(1505), np.int64(711), np.int64(1512))",266,16
135,1342.9166666666667,801.25,12.0,148372.51619175496,768.720947265625,"(np.int64(799), np.int64(1341), np.int64(805), np.int64(1345))",12,151
135,778.0,1624.5,2.0,24728.752698625824,735.96142578125,"(np.int64(1624), np.int64(778), np.int64(1626), np.int64(779))",107,9
135,1973.0,1642.0,1.0,12364.376349312912,735.96142578125,"(np.int64(1642), np.int64(1973), np.int64(1643), np.int64(1974))",250,74
135,854.6666666666667,1718.0,4.0,49457.50539725165,642.096435546875,"(np.int64(1717), np.int64(853), np.int64(1721), np.int64(858))",64,138
135,873.0,1738.0,1.0,12364.376349312912,642.096435546875,"(np.int64(1738), np.int64(873), np.int64(1739), np.int64(874))",64,138
135,618.0,1835.0,1.0,12364.376349312912,672.6982421875,"(np.int64(1835), np.int64(618), np.int64(1836), np.int64(619))",275,4
136,36.714285714285715,156.42857142857142,7.0,86550.63444519039,736.0179443359375,"(np.int64(156), np.int64(35), np.int64(158), np.int64(39))",156,129
136,351.6458333333333,423.1666666666667,10.0,123643.76349312912,642.112060546875,"(np.int64(420), np.int64(347), np.int64(428), np.int64(359))",89,139
136,1507.5714285714287,706.1428571428571,7.0,86550.63444519039,736.0179443359375,"(np.int64(704), np.int64(1506), np.int64(709), np.int64(1510))",266,16
136,1011.8571428571429,794.2142857142857,14.0,173101.26889038077,736.0179443359375,"(np.int64(793), np.int64(1009), np.int64(797), np.int64(1016))",42,180
136,1343.0,800.8,5.0,61821.881746564555,642.112060546875,"(np.int64(799), np.int64(1342), np.int64(803), np.int64(1345))",12,151
136,973.7777777777778,833.8888888888889,9.0,111279.3871438162,802.1094970703125,"(np.int64(832), np.int64(973), np.int64(836), np.int64(976))",42,180
136,945.0,1112.0,1.0,12364.376349312912,642.112060546875,"(np.int64(1112), np.int64(945), np.int64(1113), np.int64(946))",18,141
136,1972.3333333333333,1641.3333333333333,3.0,37093.12904793874,703.9794921875,"(np.int64(1641), np.int64(1972), np.int64(1643), np.int64(1974))",250,74
136,855.5,1717.5,2.0,24728.752698625824,612.2830810546875,"(np.int64(1717), np.int64(853), np.int64(1719), np.int64(859))",64,138
136,617.0,1834.0,1.0,12364.376349312912,612.2830810546875,"(np.int64(1834), np.int64(617), np.int64(1835), np.int64(618))",275,4
137,35.57142857142857,155.71428571428572,7.0,86550.63444519039,836.2904663085938,"(np.int64(155), np.int64(34), np.int64(157), np.int64(39))",156,129
137,350.3809523809524,423.16666666666663,10.0,123643.76349312911,642.1375732421875,"(np.int64(417), np.int64(341), np.int64(430), np.int64(357))",89,139
137,1010.0952380952381,793.7619047619048,21.0,259651.90333557114,906.6859741210938,"(np.int64(792), np.int64(1006), np.int64(796), np.int64(1016))",42,180
137,972.3,834.1,10.0,123643.76349312911,735.9807739257812,"(np.int64(833), np.int64(971), np.int64(837), np.int64(975))",42,180
137,1352.0,1007.5,2.0,24728.752698625824,612.2760009765625,"(np.int64(1007), np.int64(1352), np.int64(1009), np.int64(1353))",235,26
137,157.0,1510.0,1.0,12364.376349312912,642.1375732421875,"(np.int64(1510), np.int64(157), np.int64(1511), np.int64(158))",43,115
137,309.6,1538.8,5.0,61821.881746564555,735.9807739257812,"(np.int64(1538), np.int64(309), np.int64(1541), np.int64(311))",31,113
137,1971.0,1641.5,2.0,24728.752698625824,642.1375732421875,"(np.int64(1641), np.int64(1971), np.int64(1643), np.int64(1972))",250,74
137,285.0,1659.5,2.0,24728.752698625824,612.2760009765625,"(np.int64(1659), np.int64(285), np.int64(1661), np.int64(286))",158,23
137,850.5,1713.5,2.0,24728.752698625824,612.2760009765625,"(np.int64(1712), np.int64(850), np.int64(1716), np.int64(852))",64,138
137,871.0,1737.0,1.0,12364.376349312912,612.2760009765625,"(np.int64(1737), np.int64(871), np.int64(1738), np.int64(872))",64,138
137,2026.0,1993.0,1.0,12364.376349312912,612.2760009765625,"(np.int64(1993), np.int64(2026), np.int64(1994), np.int64(2027))",151,37
138,37.25,156.625,8.0,98915.0107945033,704.0262451171875,"(np.int64(156), np.int64(35), np.int64(158), np.int64(41))",156,129
138,354.2,426.4,5.0,61821.881746564555,642.127685546875,"(np.int64(424), np.int64(347), np.int64(429), np.int64(365))",89,139
138,1510.6666666666667,697.8333333333334,10.0,123643.76349312911,672.705078125,"(np.int64(696), np.int64(1508), np.int64(703), np.int64(1514))",266,16
138,1010.6923076923077,794.8076923076923,26.0,321473.7850821357,1017.5677490234375,"(np.int64(793), np.int64(1004), np.int64(798), np.int64(1016))",42,180
138,754.5,819.5,2.0,24728.752698625824,642.127685546875,"(np.int64(819), np.int64(754), np.int64(821), np.int64(756))",247,21
138,974.1111111111111,835.8888888888889,9.0,111279.3871438162,802.12158203125,"(np.int64(835), np.int64(973), np.int64(838), np.int64(977))",42,180
138,1352.0,1016.0,1.0,12364.376349312912,642.127685546875,"(np.int64(1016), np.int64(1352), np.int64(1017), np.int64(1353))",235,26
138,312.8,1541.2,5.0,61821.881746564555,736.0084228515625,"(np.int64(1540), np.int64(312), np.int64(1543), np.int64(315))",31,113
138,287.2,1661.8,5.0,61821.881746564555,672.705078125,"(np.int64(1661), np.int64(286), np.int64(1664), np.int64(289))",158,23
138,857.0,1720.0,3.0,37093.12904793874,612.294189453125,"(np.int64(1720), np.int64(856), np.int64(1721), np.int64(859))",64,138
138,871.5,1739.5,4.0,49457.50539725165,642.127685546875,"(np.int64(1739), np.int64(871), np.int64(1741), np.int64(873))",64,138
139,38.5,156.0,2.0,24728.752698625824,672.7074584960938,"(np.int64(156), np.int64(38), np.int64(157), np.int64(40))",156,129
139,2018.0,397.0,1.0,12364.376349312912,736.0111694335938,"(np.int64(397), np.int64(2018), np.int64(398), np.int64(2019))",6,28
139,350.5,422.6666666666667,8.0,98915.0107945033,612.2586669921875,"(np.int64(422), np.int64(347), np.int64(425), np.int64(355))",89,139
139,1503.5,691.5,2.0,24728.752698625824,612.2586669921875,"(np.int64(686), np.int64(1494), np.int64(698), np.int64(1514))",266,16
139,1013.25,795.75,11.0,136008.13984244203,768.6973876953125,"(np.int64(794), np.int64(1009), np.int64(798), np.int64(1016))",42,180
139,980.5,840.5833333333333,5.0,61821.88174656456,642.13134765625,"(np.int64(834), np.int64(975), np.int64(848), np.int64(988))",42,180
139,158.0,1510.0,7.0,86550.63444519039,768.6973876953125,"(np.int64(1509), np.int64(157), np.int64(1512), np.int64(160))",43,115
139,314.0,1541.0,1.0,12364.376349312912,612.2586669921875,"(np.int64(1541), np.int64(314), np.int64(1542), np.int64(315))",31,113
139,287.0,1664.5,4.0,49457.50539725165,612.2586669921875,"(np.int64(1663), np.int64(287), np.int64(1668), np.int64(288))",158,23
139,859.375,1722.375,12.0,148372.51619175496,672.7074584960938,"(np.int64(1713), np.int64(853), np.int64(1739), np.int64(875))",64,138
139,1046.0,1729.0,1.0,12364.376349312912,612.2586669921875,"(np.int64(1729), np.int64(1046), np.int64(1730), np.int64(1047))",60,64
140,355.3,422.6,8.0,98915.0107945033,612.272216796875,"(np.int64(419), np.int64(350), np.int64(431), np.int64(360))",89,139
140,1514.4,694.8,5.0,61821.881746564555,642.1005859375,"(np.int64(694), np.int64(1514), np.int64(697), np.int64(1516))",266,16
140,1490.0,708.5,2.0,24728.752698625824,612.272216796875,"(np.int64(708), np.int64(1490), np.int64(710), np.int64(1491))",266,16
140,1014.0,796.2,5.0,61821.881746564555,672.710205078125,"(np.int64(795), np.int64(1012), np.int64(798), np.int64(1017))",42,180
140,757.0,820.0,1.0,12364.376349312912,612.272216796875,"(np.int64(820), np.int64(757), np.int64(821), np.int64(758))",247,21
140,985.5416666666667,840.5583333333332,15.0,185465.6452396937,704.0299072265625,"(np.int64(835), np.int64(977), np.int64(847), np.int64(994))",42,180
140,425.3333333333333,836.3333333333334,3.0,37093.12904793874,612.272216796875,"(np.int64(836), np.int64(425), np.int64(838), np.int64(427))",14,94
140,157.25,1509.25,4.0,49457.50539725165,672.710205078125,"(np.int64(1508), np.int64(157), np.int64(1511), np.int64(159))",43,115
140,290.8181818181818,1659.090909090909,11.0,136008.13984244203,735.9888916015625,"(np.int64(1657), np.int64(290), np.int64(1662), np.int64(293))",158,23
140,853.75,1720.25,3.0,37093.12904793874,612.272216796875,"(np.int64(1718), np.int64(853), np.int64(1723), np.int64(856))",64,138
140,875.0,1739.0,1.0,12364.376349312912,612.272216796875,"(np.int64(1739), np.int64(875), np.int64(1740), np.int64(876))",64,138
141,355.8,425.5,6.0,74186.25809587746,612.2626953125,"(np.int64(424), np.int64(350), np.int64(427), np.int64(361))",89,139
141,1015.5,798.5,2.0,24728.752698625824,612.2626953125,"(np.int64(798), np.int64(1014), np.int64(800), np.int64(1018))",42,180
141,992.8333333333333,842.1555555555556,46.0,568761.312068394,1017.625,"(np.int64(836), np.int64(979), np.int64(846), np.int64(1000))",42,180
141,426.0,838.0,1.0,12364.376349312912,612.2626953125,"(np.int64(838), np.int64(426), np.int64(839), np.int64(427))",14,94
141,1353.0,1016.0,1.0,12364.376349312912,612.2626953125,"(np.int64(1016), np.int64(1353), np.int64(1017), np.int64(1354))",235,26
141,156.42857142857142,1509.2857142857142,7.0,86550.63444519039,735.97802734375,"(np.int64(1508), np.int64(155), np.int64(1512), np.int64(159))",43,115
141,1580.0,1515.0,1.0,12364.376349312912,612.2626953125,"(np.int64(1515), np.int64(1580), np.int64(1516), np.int64(1581))",254,14
141,323.5,1561.5,2.0,24728.752698625824,704.0595703125,"(np.int64(1561), np.int64(323), np.int64(1563), np.int64(325))",31,113
141,294.27868852459017,1662.0983606557377,61.0,754226.9573080876,768.662353515625,"(np.int64(1658), np.int64(288), np.int64(1667), np.int64(303))",158,23
142,346.8571428571429,422.7857142857143,8.0,98915.0107945033,642.1396484375,"(np.int64(422), np.int64(345), np.int64(425), np.int64(351))",89,139
142,1015.0,797.0,1.0,12364.376349312912,642.1396484375,"(np.int64(797), np.int64(1015), np.int64(798), np.int64(1016))",42,180
142,1354.6666666666667,1011.3333333333334,5.0,61821.881746564555,672.638671875,"(np.int64(1007), np.int64(1354), np.int64(1015), np.int64(1356))",235,26
142,98.25,1425.5,7.0,86550.63444519039,642.1396484375,"(np.int64(1425), np.int64(95), np.int64(1427), np.int64(103))",29,54
142,823.0,1506.0,1.0,12364.376349312912,736.04150390625,"(np.int64(1506), np.int64(823), np.int64(1507), np.int64(824))",282,8
142,157.6,1509.4,5.0,61821.881746564555,704.03955078125,"(np.int64(1509), np.int64(156), np.int64(1511), np.int64(160))",43,115
142,1578.0,1514.0,1.0,12364.376349312912,612.2412109375,"(np.int64(1514), np.int64(1578), np.int64(1515), np.int64(1579))",254,14
142,324.0,1560.5,2.0,24728.752698625824,672.638671875,"(np.int64(1560), np.int64(324), np.int64(1562), np.int64(325))",31,113
142,297.8,1664.64,50.0,618218.8174656456,942.926513671875,"(np.int64(1658), np.int64(292), np.int64(1670), np.int64(303))",158,23
142,852.75,1727.25,3.0,37093.12904793874,612.2412109375,"(np.int64(1726), np.int64(852), np.int64(1730), np.int64(854))",64,138
143,351.375,423.375,7.0,86550.63444519039,642.1159057617188,"(np.int64(421), np.int64(347), np.int64(426), np.int64(357))",89,139
143,1490.0,709.3333333333334,3.0,37093.12904793874,612.256103515625,"(np.int64(709), np.int64(1489), np.int64(711), np.int64(1492))",266,16
143,987.1191428571428,835.7054285714287,65.0,803684.4627053392,1619.9163818359375,"(np.int64(829), np.int64(971), np.int64(841), np.int64(1008))",42,180
143,1968.0,926.0,1.0,12364.376349312912,612.256103515625,"(np.int64(926), np.int64(1968), np.int64(927), np.int64(1969))",259,3
143,769.0,937.0,1.0,12364.376349312912,736.0014038085938,"(np.int64(937), np.int64(769), np.int64(938), np.int64(770))",283,2
143,435.0,1033.0,1.0,12364.376349312912,612.256103515625,"(np.int64(1033), np.int64(435), np.int64(1034), np.int64(436))",249,13
143,95.57894736842105,1425.6315789473683,19.0,234923.15063694533,736.0014038085938,"(np.int64(1425), np.int64(91), np.int64(1427), np.int64(103))",29,54
143,1845.0,1515.0,1.0,12364.376349312912,672.7327880859375,"(np.int64(1515), np.int64(1845), np.int64(1516), np.int64(1846))",125,12
143,324.4,1560.7333333333333,15.0,185465.64523969367,1258.6654052734375,"(np.int64(1557), np.int64(323), np.int64(1565), np.int64(327))",31,113
143,299.4736842105263,1658.3684210526317,19.0,234923.15063694533,736.0014038085938,"(np.int64(1656), np.int64(297), np.int64(1662), np.int64(303))",158,23
143,1046.0,1729.0,1.0,12364.376349312912,612.256103515625,"(np.int64(1729), np.int64(1046), np.int64(1730), np.int64(1047))",60,64
143,369.0,1820.0,1.0,12364.376349312912,612.256103515625,"(np.int64(1820), np.int64(369), np.int64(1821), np.int64(370))",45,51
144,45.266666666666666,156.8,15.0,185465.64523969367,802.118896484375,"(np.int64(156), np.int64(41), np.int64(159), np.int64(49))",156,129
144,351.5,422.3333333333333,6.0,74186.25809587748,642.1387939453125,"(np.int64(421), np.int64(348), np.int64(426), np.int64(357))",89,139
144,1488.0,709.5,4.0,49457.50539725165,672.6898193359375,"(np.int64(709), np.int64(1487), np.int64(711), np.int64(1490))",266,16
144,1011.0,796.0,1.0,12364.376349312912,612.2705078125,"(np.int64(796), np.int64(1011), np.int64(797), np.int64(1012))",42,180
144,980.7083333333334,835.5010416666667,51.0,630583.1938149586,1572.264892578125,"(np.int64(828), np.int64(968), np.int64(843), np.int64(997))",42,180
144,93.65384615384616,1425.1923076923076,16.0,197830.0215890066,836.2540283203125,"(np.int64(1424), np.int64(85), np.int64(1427), np.int64(100))",29,54
144,1843.5,1514.5,6.0,74186.25809587748,736.010498046875,"(np.int64(1514), np.int64(1842), np.int64(1516), np.int64(1846))",125,12
144,324.53333333333336,1562.4666666666667,30.0,370931.29047938733,1668.24169921875,"(np.int64(1557), np.int64(321), np.int64(1568), np.int64(331))",31,113
144,293.16666666666663,1656.1666666666665,4.0,49457.50539725165,672.6898193359375,"(np.int64(1655), np.int64(287), np.int64(1658), np.int64(300))",158,23
144,1046.0,1729.0,1.0,12364.376349312912,642.1387939453125,"(np.int64(1729), np.int64(1046), np.int64(1730), np.int64(1047))",60,64
144,1733.0,1769.0,1.0,12364.376349312912,736.010498046875,"(np.int64(1769), np.int64(1733), np.int64(1770), np.int64(1734))",37,11
144,367.25,1827.5,3.0,37093.12904793874,612.2705078125,"(np.int64(1826), np.int64(367), np.int64(1830), np.int64(369))",45,51
145,47.416666666666664,156.875,24.0,296745.0323835099,1134.945068359375,"(np.int64(155), np.int64(40), np.int64(159), np.int64(53))",156,129
145,346.8,422.8,5.0,61821.881746564555,612.2452392578125,"(np.int64(421), np.int64(346), np.int64(425), np.int64(348))",89,139
145,1487.0,709.0,1.0,12364.376349312912,642.1260986328125,"(np.int64(709), np.int64(1487), np.int64(710), np.int64(1488))",266,16
145,1345.5,801.0,2.0,24728.752698625824,672.7030029296875,"(np.int64(801), np.int64(1345), np.int64(802), np.int64(1347))",12,151
145,980.8710317460318,831.6527777777778,57.0,704769.4519108359,1301.32421875,"(np.int64(829), np.int64(968), np.int64(836), np.int64(996))",42,180
145,423.0,835.0,1.0,12364.376349312912,612.2452392578125,"(np.int64(835), np.int64(423), np.int64(836), np.int64(424))",14,94
145,89.0,1424.5,18.0,222558.7742876324,871.1051025390625,"(np.int64(1424), np.int64(85), np.int64(1426), np.int64(94))",29,54
145,1842.5,1514.5,6.0,74186.25809587748,768.7178344726562,"(np.int64(1514), np.int64(1841), np.int64(1516), np.int64(1845))",125,12
145,324.3809523809524,1562.4761904761904,21.0,259651.90333557114,1095.10400390625,"(np.int64(1558), np.int64(321), np.int64(1567), np.int64(329))",31,113
145,1972.5,1642.0,2.0,24728.752698625824,703.97607421875,"(np.int64(1642), np.int64(1972), np.int64(1643), np.int64(1974))",250,74
145,292.05555555555554,1653.1555555555556,48.0,593490.0647670198,906.6621704101562,"(np.int64(1645), np.int64(289), np.int64(1665), np.int64(299))",158,23
145,850.0,1716.0,1.0,12364.376349312912,612.2452392578125,"(np.int64(1716), np.int64(850), np.int64(1717), np.int64(851))",64,138
145,1046.0,1729.0,1.0,12364.376349312912,672.7030029296875,"(np.int64(1729), np.int64(1046), np.int64(1730), np.int64(1047))",60,64
145,859.0,1760.0,1.0,12364.376349312912,768.7178344726562,"(np.int64(1760), np.int64(859), np.int64(1761), np.int64(860))",64,138
145,367.0,1827.0,1.0,12364.376349312912,612.2452392578125,"(np.int64(1827), np.int64(367), np.int64(1828), np.int64(368))",45,51
146,50.59210526315789,158.26315789473682,21.0,259651.90333557114,802.119873046875,"(np.int64(157), np.int64(42), np.int64(160), np.int64(55))",156,129
146,352.9027777777778,420.4305555555556,12.0,148372.51619175496,612.29638671875,"(np.int64(415), np.int64(349), np.int64(427), np.int64(358))",89,139
146,1491.0,710.0,1.0,12364.376349312912,642.1068115234375,"(np.int64(710), np.int64(1491), np.int64(711), np.int64(1492))",266,16
146,1348.0,801.5,2.0,24728.752698625824,672.7001953125,"(np.int64(801), np.int64(1348), np.int64(803), np.int64(1349))",12,151
146,985.075,832.725,33.0,408024.41952732607,1056.020751953125,"(np.int64(830), np.int64(971), np.int64(838), np.int64(997))",42,180
146,90.93333333333334,1424.8666666666666,15.0,185465.64523969367,735.9947509765625,"(np.int64(1424), np.int64(87), np.int64(1427), np.int64(96))",29,54
146,836.5,1489.0,2.0,24728.752698625824,642.1068115234375,"(np.int64(1489), np.int64(836), np.int64(1490), np.int64(838))",282,8
146,1844.5,1514.5,2.0,24728.752698625824,642.1068115234375,"(np.int64(1514), np.int64(1844), np.int64(1516), np.int64(1846))",125,12
146,326.6111111111111,1562.5,18.0,222558.7742876324,1017.5984497070312,"(np.int64(1558), np.int64(324), np.int64(1568), np.int64(332))",31,113
146,294.7749445676275,1659.1790465631927,75.0,927328.2261984684,1175.443359375,"(np.int64(1641), np.int64(279), np.int64(1673), np.int64(306))",158,23
146,1046.0,1729.0,1.0,12364.376349312912,612.29638671875,"(np.int64(1729), np.int64(1046), np.int64(1730), np.int64(1047))",60,64
147,45.5,155.625,8.0,98915.0107945033,703.9822387695312,"(np.int64(147), np.int64(36), np.int64(160), np.int64(54))",156,129
147,355.5,420.3333333333333,6.0,74186.25809587748,642.1458740234375,"(np.int64(418), np.int64(352), np.int64(424), np.int64(360))",89,139
147,976.71,833.49,51.0,630583.1938149586,1433.5972900390625,"(np.int64(829), np.int64(971), np.int64(839), np.int64(980))",42,180
147,92.84615384615384,1424.923076923077,13.0,160736.89254106785,703.9822387695312,"(np.int64(1424), np.int64(89), np.int64(1427), np.int64(98))",29,54
147,835.4,1488.4,5.0,61821.881746564555,612.2499389648438,"(np.int64(1487), np.int64(834), np.int64(1491), np.int64(838))",282,8
147,327.25,1562.25,16.0,197830.0215890066,1017.6002197265625,"(np.int64(1558), np.int64(324), np.int64(1567), np.int64(332))",31,113
147,179.0,1573.0,1.0,12364.376349312912,612.2499389648438,"(np.int64(1573), np.int64(179), np.int64(1574), np.int64(180))",52,9
147,295.04411764705884,1661.746732026144,46.0,568761.3120683939,906.6573486328125,"(np.int64(1638), np.int64(277), np.int64(1677), np.int64(307))",158,23
147,855.5,1718.0,2.0,24728.752698625824,612.2499389648438,"(np.int64(1716), np.int64(855), np.int64(1721), np.int64(857))",64,138
147,1046.0,1729.0,1.0,12364.376349312912,612.2499389648438,"(np.int64(1729), np.int64(1046), np.int64(1730), np.int64(1047))",60,64
147,370.0,1828.0,1.0,12364.376349312912,612.2499389648438,"(np.int64(1828), np.int64(370), np.int64(1829), np.int64(371))",45,51
148,46.85714285714286,158.64285714285714,8.0,98915.0107945033,642.14111328125,"(np.int64(158), np.int64(44), np.int64(160), np.int64(53))",156,129
148,356.5,424.0,2.0,24728.752698625824,612.22607421875,"(np.int64(422), np.int64(356), np.int64(427), np.int64(358))",89,139
148,974.7142857142857,832.7142857142857,7.0,86550.63444519039,703.9873046875,"(np.int64(832), np.int64(973), np.int64(835), np.int64(977))",42,180
148,93.5,1425.3333333333333,12.0,148372.51619175496,672.72802734375,"(np.int64(1425), np.int64(89), np.int64(1427), np.int64(98))",29,54
148,834.0,1488.0,3.0,37093.12904793874,642.14111328125,"(np.int64(1487), np.int64(833), np.int64(1490), np.int64(836))",282,8
148,1994.0,1543.0,1.0,12364.376349312912,612.22607421875,"(np.int64(1543), np.int64(1994), np.int64(1544), np.int64(1995))",63,7
148,325.8181818181818,1560.6363636363637,11.0,136008.13984244203,1301.3590087890625,"(np.int64(1558), np.int64(324), np.int64(1564), np.int64(329))",31,113
148,179.0,1572.0,1.0,12364.376349312912,612.22607421875,"(np.int64(1572), np.int64(179), np.int64(1573), np.int64(180))",52,9
148,860.0,1712.0,1.0,12364.376349312912,612.22607421875,"(np.int64(1712), np.int64(860), np.int64(1713), np.int64(861))",64,138
148,370.0,1827.5,2.0,24728.752698625824,642.14111328125,"(np.int64(1827), np.int64(370), np.int64(1829), np.int64(371))",45,51
148,1741.0,1946.0,1.0,12364.376349312912,906.6685791015625,"(np.int64(1946), np.int64(1741), np.int64(1947), np.int64(1742))",288,3
149,394.0,400.0,1.0,12364.376349312912,612.242919921875,"(np.int64(400), np.int64(394), np.int64(401), np.int64(395))",179,14
149,350.0,418.0,1.0,12364.376349312912,612.242919921875,"(np.int64(418), np.int64(350), np.int64(419), np.int64(351))",89,139
149,983.5,833.0,2.0,24728.752698625824,642.1478271484375,"(np.int64(829), np.int64(976), np.int64(838), np.int64(992))",42,180
149,448.0,1038.0,1.0,12364.376349312912,612.242919921875,"(np.int64(1038), np.int64(448), np.int64(1039), np.int64(449))",249,13
149,1481.0,1228.0,1.0,12364.376349312912,612.242919921875,"(np.int64(1228), np.int64(1481), np.int64(1229), np.int64(1482))",139,24
149,833.3333333333334,1488.6666666666667,3.0,37093.12904793874,642.1478271484375,"(np.int64(1488), np.int64(833), np.int64(1490), np.int64(835))",282,8
149,324.7142857142857,1560.2857142857142,7.0,86550.63444519039,735.9775390625,"(np.int64(1558), np.int64(324), np.int64(1563), np.int64(327))",31,113
149,1975.0,1645.0,1.0,12364.376349312912,612.242919921875,"(np.int64(1645), np.int64(1975), np.int64(1646), np.int64(1976))",250,74
149,268.1694915254237,1676.677966101695,59.0,729498.2046094618,871.12939453125,"(np.int64(1672), np.int64(262), np.int64(1681), np.int64(276))",158,23
149,1046.0,1729.0,1.0,12364.376349312912,612.242919921875,"(np.int64(1729), np.int64(1046), np.int64(1730), np.int64(1047))",60,64
150,46.6,158.8,5.0,61821.881746564555,735.9906005859375,"(np.int64(158), np.int64(45), np.int64(160), np.int64(49))",156,129
150,357.6666666666667,425.0,3.0,37093.12904793874,612.2713623046875,"(np.int64(420), np.int64(355), np.int64(430), np.int64(361))",89,139
150,994.5,835.0,6.0,74186.25809587748,703.9906005859375,"(np.int64(833), np.int64(991), np.int64(839), np.int64(999))",42,180
150,98.0,1428.0,1.0,12364.376349312912,612.2713623046875,"(np.int64(1428), np.int64(98), np.int64(1429), np.int64(99))",29,54
150,325.09090909090907,1560.909090909091,11.0,136008.13984244203,906.67138671875,"(np.int64(1558), np.int64(324), np.int64(1564), np.int64(328))",31,113
150,1974.0,1645.0,1.0,12364.376349312912,672.7111206054688,"(np.int64(1645), np.int64(1974), np.int64(1646), np.int64(1975))",250,74
150,292.4912280701754,1662.3333333333333,41.0,506939.4303218294,735.9906005859375,"(np.int64(1646), np.int64(283), np.int64(1676), np.int64(298))",158,23
150,265.8333333333333,1678.0833333333333,24.0,296745.0323835099,735.9906005859375,"(np.int64(1676), np.int64(263), np.int64(1682), np.int64(271))",158,23
150,857.0,1715.0,1.0,12364.376349312912,612.2713623046875,"(np.int64(1715), np.int64(857), np.int64(1716), np.int64(858))",64,138
151,46.111111111111114,157.11111111111111,9.0,111279.3871438162,703.9811401367188,"(np.int64(156), np.int64(43), np.int64(159), np.int64(49))",156,129
151,360.6666666666667,422.6666666666667,3.0,37093.12904793874,642.121826171875,"(np.int64(414), np.int64(347), np.int64(432), np.int64(373))",89,139
151,996.5,834.0,4.0,49457.50539725165,612.2528686523438,"(np.int64(833), np.int64(996), np.int64(836), np.int64(998))",42,180
151,1354.2,1015.6,5.0,61821.881746564555,736.013916015625,"(np.int64(1015), np.int64(1353), np.int64(1017), np.int64(1356))",235,26
151,444.0,1038.0,1.0,12364.376349312912,612.2528686523438,"(np.int64(1038), np.int64(444), np.int64(1039), np.int64(445))",249,13
151,1487.5,1229.5,2.0,24728.752698625824,642.121826171875,"(np.int64(1229), np.int64(1487), np.int64(1231), np.int64(1489))",139,24
151,833.5,1488.0,2.0,24728.752698625824,642.121826171875,"(np.int64(1488), np.int64(833), np.int64(1489), np.int64(835))",282,8
151,324.125,1558.5,8.0,98915.0107945033,802.115966796875,"(np.int64(1556), np.int64(323), np.int64(1562), np.int64(326))",31,113
151,292.0,1674.0,2.0,24728.752698625824,612.2528686523438,"(np.int64(1674), np.int64(291), np.int64(1675), np.int64(294))",158,23
151,214.08333333333334,2007.25,7.0,86550.63444519037,612.2528686523438,"(np.int64(2004), np.int64(212), np.int64(2012), np.int64(218))",175,8
152,45.1875,156.28125,17.0,210194.3979383195,906.6888427734375,"(np.int64(153), np.int64(43), np.int64(161), np.int64(50))",156,129
152,954.0,832.0,1.0,12364.376349312912,612.271484375,"(np.int64(832), np.int64(954), np.int64(833), np.int64(955))",42,180
152,1352.5652173913043,1015.7826086956521,23.0,284380.65603419696,802.1422119140625,"(np.int64(1013), np.int64(1349), np.int64(1019), np.int64(1356))",235,26
152,857.0,1279.0,1.0,12364.376349312912,612.271484375,"(np.int64(1279), np.int64(857), np.int64(1280), np.int64(858))",110,9
152,832.0,1488.25,4.0,49457.50539725165,735.9859619140625,"(np.int64(1488), np.int64(831), np.int64(1490), np.int64(834))",282,8
152,323.25,1557.5,4.0,49457.50539725165,704.003173828125,"(np.int64(1556), np.int64(323), np.int64(1560), np.int64(325))",31,113
152,286.0,1674.0,3.0,37093.12904793874,612.271484375,"(np.int64(1674), np.int64(285), np.int64(1675), np.int64(288))",158,23
152,2029.0,1990.0,1.0,12364.376349312912,768.7354736328125,"(np.int64(1990), np.int64(2029), np.int64(1991), np.int64(2030))",151,37
153,45.39285714285714,154.82142857142856,43.0,531668.1830204552,1134.946044921875,"(np.int64(148), np.int64(43), np.int64(160), np.int64(53))",156,129
153,359.5,425.0,2.0,24728.752698625824,612.253173828125,"(np.int64(425), np.int64(355), np.int64(426), np.int64(365))",89,139
153,550.0,798.0,1.0,12364.376349312912,612.253173828125,"(np.int64(798), np.int64(550), np.int64(799), np.int64(551))",292,16
153,1347.6666666666667,798.3333333333334,3.0,37093.12904793874,704.0177612304688,"(np.int64(798), np.int64(1347), np.int64(800), np.int64(1349))",12,151
153,944.1666666666667,821.8333333333333,4.0,49457.50539725165,672.7261962890625,"(np.int64(820), np.int64(939), np.int64(825), np.int64(951))",42,180
153,991.3181818181819,829.6818181818181,22.0,272016.27968488407,942.9248657226562,"(np.int64(826), np.int64(990), np.int64(835), np.int64(994))",42,180
153,1352.5666666666666,1012.9111111111112,18.0,222558.7742876324,768.7110595703125,"(np.int64(1006), np.int64(1346), np.int64(1019), np.int64(1356))",235,26
153,445.0,1039.0,1.0,12364.376349312912,612.253173828125,"(np.int64(1039), np.int64(445), np.int64(1040), np.int64(446))",249,13
153,1483.0,1229.0,1.0,12364.376349312912,612.253173828125,"(np.int64(1229), np.int64(1483), np.int64(1230), np.int64(1484))",139,24
153,856.0,1279.0,3.0,37093.12904793874,612.253173828125,"(np.int64(1279), np.int64(855), np.int64(1280), np.int64(858))",110,9
153,323.5,1557.5,2.0,24728.752698625824,642.1551513671875,"(np.int64(1556), np.int64(323), np.int64(1560), np.int64(325))",31,113
153,1046.0,1729.0,1.0,12364.376349312912,612.253173828125,"(np.int64(1729), np.int64(1046), np.int64(1730), np.int64(1047))",60,64
154,50.06382978723404,155.51063829787233,47.0,581125.6884177069,1525.3011474609375,"(np.int64(150), np.int64(46), np.int64(161), np.int64(56))",156,129
154,350.25,419.5833333333333,7.0,86550.63444519039,642.1527099609375,"(np.int64(417), np.int64(344), np.int64(423), np.int64(361))",89,139
154,1349.4,798.9,10.0,123643.76349312911,768.70849609375,"(np.int64(798), np.int64(1347), np.int64(801), np.int64(1352))",12,151
154,941.0,821.0,1.0,12364.376349312912,612.261962890625,"(np.int64(821), np.int64(941), np.int64(822), np.int64(942))",42,180
154,992.7435897435898,835.0961538461538,29.0,358566.91413007444,836.2369384765625,"(np.int64(826), np.int64(991), np.int64(841), np.int64(996))",42,180
154,1355.0,1012.38,28.0,346202.53778076154,703.990966796875,"(np.int64(1007), np.int64(1348), np.int64(1021), np.int64(1358))",235,26
154,448.0,1044.0,1.0,12364.376349312912,612.261962890625,"(np.int64(1044), np.int64(448), np.int64(1045), np.int64(449))",249,13
154,326.0,1559.5,2.0,24728.752698625824,703.990966796875,"(np.int64(1559), np.int64(326), np.int64(1561), np.int64(327))",31,113
155,51.0,155.13793103448276,29.0,358566.91413007444,1056.0048828125,"(np.int64(151), np.int64(48), np.int64(159), np.int64(56))",156,129
155,350.0,417.0,2.0,24728.752698625824,612.272216796875,"(np.int64(416), np.int64(344), np.int64(419), np.int64(357))",89,139
155,1349.2857142857142,799.2142857142857,14.0,173101.26889038077,768.7291259765625,"(np.int64(797), np.int64(1348), np.int64(802), np.int64(1352))",12,151
155,993.26,832.6,50.0,618218.8174656456,1301.307861328125,"(np.int64(826), np.int64(990), np.int64(840), np.int64(997))",42,180
155,1355.7058823529412,1015.8529411764706,36.0,445117.5485752648,802.1085205078125,"(np.int64(1010), np.int64(1351), np.int64(1020), np.int64(1359))",235,26
155,100.0,1425.0,5.0,61821.881746564555,672.710205078125,"(np.int64(1425), np.int64(98), np.int64(1426), np.int64(103))",29,54
155,321.6666666666667,1529.6666666666667,3.0,37093.12904793874,672.710205078125,"(np.int64(1529), np.int64(321), np.int64(1531), np.int64(323))",31,113
156,50.833333333333336,157.0,6.0,74186.25809587748,736.0158081054688,"(np.int64(156), np.int64(50), np.int64(159), np.int64(53))",156,129
156,1831.0,410.0,1.0,12364.376349312912,612.2811279296875,"(np.int64(410), np.int64(1831), np.int64(411), np.int64(1832))",96,86
156,348.5,421.5,2.0,24728.752698625824,612.2811279296875,"(np.int64(420), np.int64(346), np.int64(424), np.int64(352))",89,139
156,1348.4,800.8,5.0,61821.881746564555,703.9935302734375,"(np.int64(800), np.int64(1348), np.int64(803), np.int64(1350))",12,151
156,994.8707482993196,838.3503401360545,52.0,642947.5701642714,1134.93310546875,"(np.int64(824), np.int64(987), np.int64(848), np.int64(1006))",42,180
156,950.6666666666666,826.3333333333334,3.0,37093.12904793874,642.126220703125,"(np.int64(826), np.int64(950), np.int64(828), np.int64(952))",42,180
156,1354.6944444444443,1017.3888888888889,36.0,445117.5485752648,768.7183837890625,"(np.int64(1013), np.int64(1351), np.int64(1022), np.int64(1359))",235,26
156,1134.0,1300.5,2.0,24728.752698625824,642.126220703125,"(np.int64(1300), np.int64(1134), np.int64(1302), np.int64(1135))",298,2
156,98.34126984126983,1426.6587301587304,23.0,284380.65603419696,703.9935302734375,"(np.int64(1425), np.int64(89), np.int64(1429), np.int64(108))",29,54
156,320.5,1530.5,4.0,49457.50539725165,802.146728515625,"(np.int64(1530), np.int64(320), np.int64(1532), np.int64(322))",31,113
157,346.3333333333333,418.6666666666667,5.0,61821.88174656456,612.2749633789062,"(np.int64(416), np.int64(343), np.int64(423), np.int64(351))",89,139
157,997.678787878788,835.6484848484849,71.0,877870.7208012167,1868.8135986328125,"(np.int64(824), np.int64(990), np.int64(842), np.int64(1004))",42,180
157,951.0,825.0,1.0,12364.376349312912,612.2749633789062,"(np.int64(825), np.int64(951), np.int64(826), np.int64(952))",42,180
157,1353.1666666666667,1017.4166666666666,36.0,445117.5485752648,1017.5960693359375,"(np.int64(1013), np.int64(1349), np.int64(1022), np.int64(1358))",235,26
157,1134.0,1302.0,1.0,12364.376349312912,612.2749633789062,"(np.int64(1302), np.int64(1134), np.int64(1303), np.int64(1135))",298,2
157,105.48704268292683,1428.7858231707316,53.0,655311.9465135842,768.7245483398438,"(np.int64(1424), np.int64(80), np.int64(1434), np.int64(120))",29,54
157,1046.0,1729.0,1.0,12364.376349312912,642.1430053710938,"(np.int64(1729), np.int64(1046), np.int64(1730), np.int64(1047))",60,64
158,1833.0,406.0,1.0,12364.376349312912,612.2578125,"(np.int64(406), np.int64(1833), np.int64(407), np.int64(1834))",96,86
158,345.0,416.5,2.0,24728.752698625824,612.2578125,"(np.int64(414), np.int64(344), np.int64(420), np.int64(347))",89,139
158,993.2452830188679,831.6037735849056,53.0,655311.9465135843,1479.083984375,"(np.int64(824), np.int64(990), np.int64(839), np.int64(998))",42,180
158,1352.074074074074,1015.925925925926,13.0,160736.89254106785,836.27490234375,"(np.int64(1012), np.int64(1349), np.int64(1024), np.int64(1355))",235,26
158,1487.0,1229.0,1.0,12364.376349312912,612.2578125,"(np.int64(1229), np.int64(1487), np.int64(1230), np.int64(1488))",139,24
158,101.62765151515151,1426.3386363636364,57.0,704769.4519108359,871.1007080078125,"(np.int64(1423), np.int64(80), np.int64(1432), np.int64(121))",29,54
158,844.0,1722.0,1.0,12364.376349312912,612.2578125,"(np.int64(1722), np.int64(844), np.int64(1723), np.int64(845))",64,138
159,50.0,154.5,4.0,49457.50539725165,612.248291015625,"(np.int64(154), np.int64(49), np.int64(156), np.int64(52))",156,129
159,352.6666666666667,417.3333333333333,3.0,37093.12904793874,612.248291015625,"(np.int64(415), np.int64(343), np.int64(421), np.int64(359))",89,139
159,550.0,796.0,1.0,12364.376349312912,612.248291015625,"(np.int64(796), np.int64(550), np.int64(797), np.int64(551))",292,16
159,773.5,823.5,4.0,49457.50539725165,736.0040283203125,"(np.int64(817), np.int64(769), np.int64(831), np.int64(780))",247,21
159,992.0,832.1666666666666,24.0,296745.0323835099,1258.6669921875,"(np.int64(828), np.int64(990), np.int64(837), np.int64(995))",42,180
159,1348.0,1022.0,1.0,12364.376349312912,612.248291015625,"(np.int64(1022), np.int64(1348), np.int64(1023), np.int64(1349))",235,26
159,445.0,1037.0,2.0,24728.752698625824,612.248291015625,"(np.int64(1035), np.int64(444), np.int64(1040), np.int64(447))",249,13
159,1485.7777777777778,1229.4444444444443,9.0,111279.3871438162,871.1409912109375,"(np.int64(1228), np.int64(1484), np.int64(1232), np.int64(1488))",139,24
159,89.91666666666667,1424.125,48.0,593490.0647670198,768.70947265625,"(np.int64(1422), np.int64(82), np.int64(1427), np.int64(99))",29,54
159,119.0,1430.0,1.0,12364.376349312912,612.248291015625,"(np.int64(1430), np.int64(119), np.int64(1431), np.int64(120))",29,54
159,402.0,1518.0,1.0,12364.376349312912,642.1397705078125,"(np.int64(1518), np.int64(402), np.int64(1519), np.int64(403))",300,65
159,1967.0,1625.5,2.0,24728.752698625824,642.1397705078125,"(np.int64(1625), np.int64(1967), np.int64(1627), np.int64(1968))",250,74
159,842.0,1722.0,1.0,12364.376349312912,612.248291015625,"(np.int64(1722), np.int64(842), np.int64(1723), np.int64(843))",64,138
160,50.333333333333336,155.66666666666666,3.0,37093.12904793874,642.10791015625,"(np.int64(155), np.int64(50), np.int64(157), np.int64(52))",156,129
160,1831.25,409.0,3.0,37093.12904793874,612.231201171875,"(np.int64(408), np.int64(1829), np.int64(411), np.int64(1834))",96,86
160,348.8333333333333,418.9166666666667,7.0,86550.63444519037,642.10791015625,"(np.int64(414), np.int64(343), np.int64(424), np.int64(357))",89,139
160,1571.8,501.6,5.0,61821.881746564555,802.134765625,"(np.int64(501), np.int64(1571), np.int64(503), np.int64(1574))",301,2
160,551.0,797.5,4.0,49457.50539725165,642.10791015625,"(np.int64(796), np.int64(551), np.int64(800), np.int64(552))",292,16
160,776.1583333333333,822.85,16.0,197830.0215890066,1433.575927734375,"(np.int64(815), np.int64(771), np.int64(831), np.int64(782))",247,21
160,993.2727272727273,832.3636363636364,12.0,148372.51619175496,768.68505859375,"(np.int64(830), np.int64(992), np.int64(838), np.int64(995))",42,180
160,445.16666666666663,1038.8333333333335,4.0,49457.50539725165,642.10791015625,"(np.int64(1036), np.int64(444), np.int64(1042), np.int64(447))",249,13
160,1487.0,1230.3636363636363,11.0,136008.13984244203,1388.798828125,"(np.int64(1229), np.int64(1485), np.int64(1233), np.int64(1490))",139,24
160,89.08695652173913,1424.804347826087,46.0,568761.3120683939,735.9954833984375,"(np.int64(1423), np.int64(82), np.int64(1429), np.int64(99))",29,54
160,1966.875,1625.875,8.0,98915.0107945033,1175.480224609375,"(np.int64(1625), np.int64(1966), np.int64(1628), np.int64(1969))",250,74
160,844.6666666666666,1721.1666666666667,6.0,74186.25809587748,612.231201171875,"(np.int64(1720), np.int64(844), np.int64(1724), np.int64(846))",64,138
161,1830.0,406.0,1.0,12364.376349312912,612.24169921875,"(np.int64(406), np.int64(1830), np.int64(407), np.int64(1831))",96,86
161,351.5,419.0,4.0,49457.50539725165,642.1412353515625,"(np.int64(416), np.int64(347), np.int64(425), np.int64(356))",89,139
161,1880.0,515.0,1.0,12364.376349312912,612.24169921875,"(np.int64(515), np.int64(1880), np.int64(516), np.int64(1881))",81,75
161,552.0,798.0,4.0,49457.50539725165,672.71435546875,"(np.int64(796), np.int64(552), np.int64(801), np.int64(553))",292,16
161,773.6041666666666,822.9895833333334,24.0,296745.03238350985,1388.823486328125,"(np.int64(816), np.int64(768), np.int64(831), np.int64(784))",247,21
161,993.4,836.7,10.0,123643.76349312911,704.028076171875,"(np.int64(834), np.int64(993), np.int64(841), np.int64(995))",42,180
161,445.6666666666667,1038.3333333333333,5.0,61821.881746564555,612.24169921875,"(np.int64(1036), np.int64(445), np.int64(1041), np.int64(448))",249,13
161,1481.142857142857,1228.107142857143,15.0,185465.6452396937,1525.324462890625,"(np.int64(1225), np.int64(1475), np.int64(1234), np.int64(1490))",139,24
161,1547.0,1241.0,1.0,12364.376349312912,612.24169921875,"(np.int64(1241), np.int64(1547), np.int64(1242), np.int64(1548))",303,111
161,89.69565217391305,1425.2173913043478,23.0,284380.65603419696,704.028076171875,"(np.int64(1424), np.int64(84), np.int64(1429), np.int64(96))",29,54
161,1847.0,1513.0,3.0,37093.12904793874,704.028076171875,"(np.int64(1513), np.int64(1846), np.int64(1514), np.int64(1849))",125,12
161,1966.7142857142858,1626.0,7.0,86550.63444519039,1134.946044921875,"(np.int64(1625), np.int64(1966), np.int64(1628), np.int64(1969))",250,74
161,844.0,1724.0,3.0,37093.12904793874,612.24169921875,"(np.int64(1718), np.int64(842), np.int64(1729), np.int64(847))",64,138
162,350.8333333333333,417.6666666666667,6.0,74186.25809587748,642.1070556640625,"(np.int64(414), np.int64(350), np.int64(423), np.int64(353))",89,139
162,549.3,806.5,6.0,74186.25809587746,642.1070556640625,"(np.int64(794), np.int64(547), np.int64(818), np.int64(553))",292,16
162,774.0224358974359,823.9604700854701,24.0,296745.0323835099,1572.2603759765625,"(np.int64(819), np.int64(767), np.int64(830), np.int64(783))",247,21
162,993.0714285714286,836.3571428571429,14.0,173101.26889038077,736.00830078125,"(np.int64(833), np.int64(992), np.int64(840), np.int64(995))",42,180
162,446.0,1042.0,1.0,12364.376349312912,612.2467041015625,"(np.int64(1042), np.int64(446), np.int64(1043), np.int64(447))",249,13
162,1480.8809523809523,1228.7857142857144,17.0,210194.3979383195,1344.69873046875,"(np.int64(1227), np.int64(1477), np.int64(1233), np.int64(1490))",139,24
162,86.38095238095238,1425.4285714285716,24.0,296745.0323835099,704.01513671875,"(np.int64(1423), np.int64(82), np.int64(1428), np.int64(96))",29,54
162,1966.0,1626.0,3.0,37093.12904793874,768.71240234375,"(np.int64(1625), np.int64(1966), np.int64(1628), np.int64(1967))",250,74
163,1829.0,406.5,4.0,49457.50539725165,642.1275634765625,"(np.int64(404), np.int64(1828), np.int64(411), np.int64(1831))",96,86
163,350.25,416.5,3.0,37093.12904793874,612.2535400390625,"(np.int64(414), np.int64(349), np.int64(420), np.int64(352))",89,139
163,551.9375,800.4375,10.0,123643.76349312911,735.970703125,"(np.int64(796), np.int64(551), np.int64(804), np.int64(554))",292,16
163,778.5,825.0,6.0,74186.25809587748,1134.91796875,"(np.int64(824), np.int64(778), np.int64(827), np.int64(780))",247,21
163,446.0,1039.3333333333333,3.0,37093.12904793874,642.1275634765625,"(np.int64(1039), np.int64(445), np.int64(1041), np.int64(448))",249,13
163,1481.5611111111111,1228.2888888888888,19.0,234923.15063694533,1216.681640625,"(np.int64(1225), np.int64(1476), np.int64(1232), np.int64(1488))",139,24
163,87.10714285714286,1423.392857142857,28.0,346202.53778076154,704.0185546875,"(np.int64(1422), np.int64(83), np.int64(1427), np.int64(93))",29,54
163,410.5,1505.5,4.0,49457.50539725165,704.0185546875,"(np.int64(1505), np.int64(406), np.int64(1507), np.int64(415))",300,65
163,1965.75,1629.25,4.0,49457.50539725165,768.7021484375,"(np.int64(1628), np.int64(1965), np.int64(1631), np.int64(1967))",250,74
163,840.5,1728.0,2.0,24728.752698625824,612.2535400390625,"(np.int64(1727), np.int64(839), np.int64(1730), np.int64(843))",64,138
164,48.25,157.5,3.0,37093.12904793874,642.1419677734375,"(np.int64(157), np.int64(45), np.int64(159), np.int64(52))",156,129
164,354.6666666666667,421.0,3.0,37093.12904793874,612.26708984375,"(np.int64(418), np.int64(351), np.int64(425), np.int64(361))",89,139
164,550.8125,809.75,19.0,234923.15063694533,768.7188720703125,"(np.int64(795), np.int64(549), np.int64(822), np.int64(555))",292,16
164,776.75,829.0,3.0,37093.12904793874,736.0015869140625,"(np.int64(827), np.int64(774), np.int64(832), np.int64(781))",247,21
164,1000.28125,834.25,18.0,222558.7742876324,736.0015869140625,"(np.int64(831), np.int64(993), np.int64(841), np.int64(1007))",42,180
164,450.0,1042.0,1.0,12364.376349312912,612.26708984375,"(np.int64(1042), np.int64(450), np.int64(1043), np.int64(451))",249,13
164,1481.8148148148148,1230.2962962962963,27.0,333838.1614314486,802.1324462890625,"(np.int64(1228), np.int64(1477), np.int64(1234), np.int64(1488))",139,24
164,88.275,1425.325,40.0,494575.05397251644,736.0015869140625,"(np.int64(1423), np.int64(83), np.int64(1429), np.int64(96))",29,54
164,1350.0,1451.0,1.0,12364.376349312912,736.0015869140625,"(np.int64(1451), np.int64(1350), np.int64(1452), np.int64(1351))",98,2
164,407.8,1506.6,5.0,61821.881746564555,703.980224609375,"(np.int64(1506), np.int64(407), np.int64(1508), np.int64(410))",300,65
164,316.7692307692308,1532.3076923076924,13.0,160736.89254106785,836.2420654296875,"(np.int64(1530), np.int64(314), np.int64(1535), np.int64(320))",31,113
164,1967.0,1631.0,3.0,37093.12904793874,672.7130126953125,"(np.int64(1630), np.int64(1967), np.int64(1633), np.int64(1968))",250,74
164,863.5,1717.5,2.0,24728.752698625824,642.1419677734375,"(np.int64(1715), np.int64(863), np.int64(1721), np.int64(865))",64,138
164,395.0,1813.0,1.0,12364.376349312912,979.9318237304688,"(np.int64(1813), np.int64(395), np.int64(1814), np.int64(396))",307,2
165,46.0,156.0,1.0,12364.376349312912,612.2452392578125,"(np.int64(156), np.int64(46), np.int64(157), np.int64(47))",156,129
165,1832.0,404.0,2.0,24728.752698625824,612.2452392578125,"(np.int64(401), np.int64(1832), np.int64(408), np.int64(1833))",96,86
165,352.0,420.0,1.0,12364.376349312912,612.2452392578125,"(np.int64(420), np.int64(352), np.int64(421), np.int64(353))",89,139
165,551.1363636363636,809.5227272727273,23.0,284380.65603419696,942.9153442382812,"(np.int64(794), np.int64(549), np.int64(821), np.int64(556))",292,16
165,772.7857142857142,824.3571428571429,8.0,98915.0107945033,1056.0125732421875,"(np.int64(822), np.int64(765), np.int64(829), np.int64(782))",247,21
165,995.5142857142857,833.4285714285714,35.0,432753.1722259519,1017.6173706054688,"(np.int64(827), np.int64(993), np.int64(841), np.int64(999))",42,180
165,526.0,829.0,2.0,24728.752698625824,612.2452392578125,"(np.int64(829), np.int64(524), np.int64(830), np.int64(529))",154,7
165,1485.2222222222224,1230.6666666666667,9.0,111279.3871438162,672.7030029296875,"(np.int64(1228), np.int64(1479), np.int64(1233), np.int64(1490))",139,24
165,88.4,1424.7,50.0,618218.8174656456,768.7178344726562,"(np.int64(1423), np.int64(81), np.int64(1428), np.int64(97))",29,54
165,408.5,1506.0,2.0,24728.752698625824,642.1260986328125,"(np.int64(1506), np.int64(408), np.int64(1507), np.int64(410))",300,65
165,317.375,1531.375,8.0,98915.0107945033,802.1329345703125,"(np.int64(1530), np.int64(316), np.int64(1534), np.int64(320))",31,113
165,1968.0,1630.5,2.0,24728.752698625824,703.97607421875,"(np.int64(1630), np.int64(1968), np.int64(1632), np.int64(1969))",250,74
165,1046.0,1729.0,1.0,12364.376349312912,612.2452392578125,"(np.int64(1729), np.int64(1046), np.int64(1730), np.int64(1047))",60,64
166,356.0,419.0,1.0,12364.376349312912,612.2713623046875,"(np.int64(419), np.int64(356), np.int64(420), np.int64(357))",89,139
166,1871.0,501.0,1.0,12364.376349312912,642.1521606445312,"(np.int64(501), np.int64(1871), np.int64(502), np.int64(1872))",81,75
166,551.8888888888889,798.0,20.0,247287.52698625822,906.67138671875,"(np.int64(790), np.int64(551), np.int64(803), np.int64(554))",292,16
166,1298.5,793.3333333333334,6.0,74186.25809587748,703.9906005859375,"(np.int64(792), np.int64(1296), np.int64(795), np.int64(1302))",12,151
166,780.5,825.5,8.0,98915.0107945033,1134.9521484375,"(np.int64(824), np.int64(780), np.int64(828), np.int64(782))",247,21
166,1000.7548076923076,831.9278846153846,60.0,741862.5809587747,1388.7906494140625,"(np.int64(825), np.int64(991), np.int64(840), np.int64(1009))",42,180
166,525.6666666666667,828.6666666666667,4.0,49457.50539725165,612.2713623046875,"(np.int64(828), np.int64(523), np.int64(830), np.int64(529))",154,7
166,450.6666666666667,1044.0,3.0,37093.12904793874,612.2713623046875,"(np.int64(1043), np.int64(450), np.int64(1046), np.int64(452))",249,13
166,94.71630295250321,1416.8985879332477,61.0,754226.9573080876,768.7111206054688,"(np.int64(1407), np.int64(81), np.int64(1427), np.int64(106))",29,54
166,315.0,1532.0,1.0,12364.376349312912,703.9906005859375,"(np.int64(1532), np.int64(315), np.int64(1533), np.int64(316))",31,113
166,1966.875,1631.375,8.0,98915.0107945033,672.7111206054688,"(np.int64(1628), np.int64(1966), np.int64(1635), np.int64(1968))",250,74
166,861.25,1713.0,3.0,37093.12904793874,612.2713623046875,"(np.int64(1713), np.int64(859), np.int64(1714), np.int64(864))",64,138
166,1046.0,1729.0,1.0,12364.376349312912,612.2713623046875,"(np.int64(1729), np.int64(1046), np.int64(1730), np.int64(1047))",60,64
166,866.0,1736.0,1.0,12364.376349312912,612.2713623046875,"(np.int64(1736), np.int64(866), np.int64(1737), np.int64(867))",64,138
167,49.2,157.4,5.0,61821.881746564555,703.98193359375,"(np.int64(157), np.int64(48), np.int64(159), np.int64(51))",156,129
167,1870.0,501.0,5.0,61821.881746564555,836.2679443359375,"(np.int64(500), np.int64(1869), np.int64(503), np.int64(1872))",81,75
167,551.5,792.4545454545455,22.0,272016.27968488407,906.6456909179688,"(np.int64(788), np.int64(550), np.int64(799), np.int64(554))",292,16
167,1299.0,793.0,3.0,37093.12904793874,612.2791748046875,"(np.int64(792), np.int64(1297), np.int64(795), np.int64(1302))",12,151
167,779.8571428571429,825.5714285714286,14.0,173101.26889038077,2478.953369140625,"(np.int64(823), np.int64(779), np.int64(829), np.int64(782))",247,21
167,533.5,827.0833333333333,23.0,284380.65603419696,703.98193359375,"(np.int64(825), np.int64(522), np.int64(830), np.int64(546))",154,7
167,1481.625,1229.75,5.0,61821.881746564555,735.9947509765625,"(np.int64(1229), np.int64(1479), np.int64(1233), np.int64(1486))",139,24
167,94.26636904761905,1417.1815476190477,37.0,457481.9249245777,871.1038818359375,"(np.int64(1408), np.int64(83), np.int64(1427), np.int64(106))",29,54
167,314.0,1532.0,1.0,12364.376349312912,612.2791748046875,"(np.int64(1532), np.int64(314), np.int64(1533), np.int64(315))",31,113
167,1965.875,1631.25,8.0,98915.0107945033,768.71337890625,"(np.int64(1628), np.int64(1965), np.int64(1635), np.int64(1967))",250,74
167,861.0,1712.0,1.0,12364.376349312912,612.2791748046875,"(np.int64(1712), np.int64(861), np.int64(1713), np.int64(862))",64,138
167,1480.0,2046.5,2.0,24728.752698625824,612.2791748046875,"(np.int64(2046), np.int64(1479), np.int64(2048), np.int64(1482))",117,33
168,52.27272727272727,158.54545454545453,11.0,136008.13984244203,672.6982421875,"(np.int64(157), np.int64(49), np.int64(162), np.int64(55))",156,129
168,352.0,417.0,1.0,12364.376349312912,612.2464599609375,"(np.int64(417), np.int64(352), np.int64(418), np.int64(353))",89,139
168,1871.0,501.0,3.0,37093.12904793874,704.0262451171875,"(np.int64(500), np.int64(1871), np.int64(503), np.int64(1872))",81,75
168,552.4285714285714,791.1428571428571,14.0,173101.26889038077,735.9838256835938,"(np.int64(788), np.int64(551), np.int64(796), np.int64(555))",292,16
168,1295.0,794.0,1.0,12364.376349312912,612.2464599609375,"(np.int64(794), np.int64(1295), np.int64(795), np.int64(1296))",12,151
168,1001.087037037037,828.7555555555556,69.0,853141.9681025909,2722.13134765625,"(np.int64(822), np.int64(992), np.int64(836), np.int64(1009))",42,180
168,780.8461538461538,825.3846153846154,13.0,160736.89254106785,2190.921142578125,"(np.int64(823), np.int64(780), np.int64(829), np.int64(783))",247,21
168,532.3630952380952,826.452380952381,27.0,333838.1614314486,768.7285766601562,"(np.int64(824), np.int64(523), np.int64(830), np.int64(546))",154,7
168,1482.875,1229.75,6.0,74186.25809587748,871.1083984375,"(np.int64(1228), np.int64(1479), np.int64(1234), np.int64(1488))",139,24
168,96.16666666666667,1414.8333333333333,10.0,123643.7634931291,704.0262451171875,"(np.int64(1407), np.int64(81), np.int64(1427), np.int64(107))",29,54
168,838.0,1497.0,3.0,37093.12904793874,642.157470703125,"(np.int64(1496), np.int64(837), np.int64(1499), np.int64(840))",282,8
168,313.4,1531.2,5.0,61821.881746564555,735.9838256835938,"(np.int64(1530), np.int64(312), np.int64(1533), np.int64(316))",31,113
168,1966.875,1630.375,8.0,98915.0107945033,836.2645874023438,"(np.int64(1627), np.int64(1966), np.int64(1634), np.int64(1968))",250,74
168,1853.0,1881.0,1.0,12364.376349312912,612.2464599609375,"(np.int64(1881), np.int64(1853), np.int64(1882), np.int64(1854))",257,79
169,51.4,158.1,6.0,74186.25809587746,768.7245483398438,"(np.int64(157), np.int64(50), np.int64(161), np.int64(55))",156,129
169,1374.0,196.0,1.0,12364.376349312912,612.2749633789062,"(np.int64(196), np.int64(1374), np.int64(197), np.int64(1375))",313,2
169,723.0,542.0,1.0,12364.376349312912,612.2749633789062,"(np.int64(542), np.int64(723), np.int64(543), np.int64(724))",130,26
169,554.0,789.0,1.0,12364.376349312912,612.2749633789062,"(np.int64(789), np.int64(554), np.int64(790), np.int64(555))",292,16
169,1000.8693548387097,828.0177419354839,67.0,828413.2154039651,1817.617431640625,"(np.int64(822), np.int64(992), np.int64(839), np.int64(1008))",42,180
169,781.0,825.5,8.0,98915.0107945033,1301.32080078125,"(np.int64(824), np.int64(780), np.int64(828), np.int64(783))",247,21
169,533.375,828.125,25.0,309109.4087328228,768.7245483398438,"(np.int64(827), np.int64(524), np.int64(831), np.int64(540))",154,7
169,103.35714285714286,1409.2857142857142,8.0,98915.0107945033,704.0032348632812,"(np.int64(1408), np.int64(102), np.int64(1412), np.int64(107))",29,54
169,406.5,1507.0,2.0,24728.752698625824,642.1430053710938,"(np.int64(1507), np.int64(406), np.int64(1508), np.int64(408))",300,65
169,314.54545454545456,1530.3636363636363,11.0,136008.13984244203,1056.0040283203125,"(np.int64(1529), np.int64(312), np.int64(1533), np.int64(318))",31,113
169,1967.4285714285713,1628.2857142857142,7.0,86550.63444519039,871.1168823242188,"(np.int64(1627), np.int64(1967), np.int64(1631), np.int64(1969))",250,74
170,51.0,157.0,1.0,12364.376349312912,612.26806640625,"(np.int64(157), np.int64(51), np.int64(158), np.int64(52))",156,129
170,1373.0,196.0,1.0,12364.376349312912,735.99951171875,"(np.int64(196), np.int64(1373), np.int64(197), np.int64(1374))",313,2
170,780.0,825.5,2.0,24728.752698625824,703.9788818359375,"(np.int64(825), np.int64(780), np.int64(827), np.int64(781))",247,21
170,529.8653846153846,828.7692307692307,17.0,210194.39793831948,735.99951171875,"(np.int64(827), np.int64(524), np.int64(831), np.int64(536))",154,7
170,767.0,932.0,1.0,12364.376349312912,612.26806640625,"(np.int64(932), np.int64(767), np.int64(933), np.int64(768))",283,2
170,82.75,1425.0,4.0,49457.50539725165,642.1131591796875,"(np.int64(1424), np.int64(81), np.int64(1427), np.int64(85))",29,54
170,405.9230769230769,1505.7692307692307,13.0,160736.89254106785,871.111083984375,"(np.int64(1503), np.int64(405), np.int64(1509), np.int64(409))",300,65
170,1847.5,1515.0,2.0,24728.752698625824,642.1131591796875,"(np.int64(1515), np.int64(1847), np.int64(1516), np.int64(1849))",125,12
170,313.3,1530.5,10.0,123643.76349312911,906.6461791992188,"(np.int64(1529), np.int64(311), np.int64(1533), np.int64(316))",31,113
170,1966.3333333333333,1628.6666666666667,3.0,37093.12904793874,672.683349609375,"(np.int64(1628), np.int64(1966), np.int64(1630), np.int64(1968))",250,74
170,1046.0,1729.0,1.0,12364.376349312912,612.26806640625,"(np.int64(1729), np.int64(1046), np.int64(1730), np.int64(1047))",60,64
170,1475.0,2046.5,2.0,24728.752698625824,612.26806640625,"(np.int64(2046), np.int64(1475), np.int64(2048), np.int64(1476))",117,33
171,66.14285714285714,269.7142857142857,7.0,86550.63444519039,735.988037109375,"(np.int64(268), np.int64(65), np.int64(272), np.int64(68))",120,39
171,408.0,411.0,1.0,12364.376349312912,612.240234375,"(np.int64(411), np.int64(408), np.int64(412), np.int64(409))",179,14
171,1402.5,738.0,2.0,24728.752698625824,703.969482421875,"(np.int64(738), np.int64(1402), np.int64(739), np.int64(1404))",314,4
171,780.0,826.0,1.0,12364.376349312912,703.969482421875,"(np.int64(826), np.int64(780), np.int64(827), np.int64(781))",247,21
171,86.45,1425.25,20.0,247287.52698625822,703.969482421875,"(np.int64(1424), np.int64(79), np.int64(1428), np.int64(96))",29,54
171,407.0,1506.2857142857142,28.0,346202.53778076154,1095.1163330078125,"(np.int64(1503), np.int64(404), np.int64(1510), np.int64(413))",300,65
171,314.0,1529.75,4.0,49457.50539725165,768.71484375,"(np.int64(1529), np.int64(313), np.int64(1532), np.int64(316))",31,113
171,1967.0,1630.0,1.0,12364.376349312912,612.240234375,"(np.int64(1630), np.int64(1967), np.int64(1631), np.int64(1968))",250,74
171,1046.0,1729.0,1.0,12364.376349312912,642.1348876953125,"(np.int64(1729), np.int64(1046), np.int64(1730), np.int64(1047))",60,64
171,868.0,1734.0,1.0,12364.376349312912,612.240234375,"(np.int64(1734), np.int64(868), np.int64(1735), np.int64(869))",64,138
171,1473.5,2047.0,2.0,24728.752698625824,672.7374267578125,"(np.int64(2047), np.int64(1473), np.int64(2048), np.int64(1475))",117,33
172,66.33333333333333,271.3333333333333,9.0,111279.3871438162,735.9993896484375,"(np.int64(270), np.int64(65), np.int64(274), np.int64(69))",120,39
172,1837.0,411.0,1.0,12364.376349312912,612.28662109375,"(np.int64(411), np.int64(1837), np.int64(412), np.int64(1838))",96,86
172,1404.0,738.0,3.0,37093.12904793874,672.7218017578125,"(np.int64(738), np.int64(1403), np.int64(739), np.int64(1406))",314,4
172,781.0,826.5,6.0,74186.25809587748,768.685302734375,"(np.int64(825), np.int64(780), np.int64(829), np.int64(783))",247,21
172,1284.25,1112.5,3.0,37093.12904793874,612.28662109375,"(np.int64(1112), np.int64(1283), np.int64(1114), np.int64(1287))",316,6
172,1546.2,1237.8,5.0,61821.881746564555,672.7218017578125,"(np.int64(1236), np.int64(1546), np.int64(1240), np.int64(1548))",303,111
172,94.8157894736842,1420.298245614035,22.0,272016.27968488407,703.986572265625,"(np.int64(1411), np.int64(82), np.int64(1427), np.int64(106))",29,54
172,408.3478260869565,1507.7826086956522,23.0,284380.65603419696,1175.5013427734375,"(np.int64(1505), np.int64(406), np.int64(1511), np.int64(413))",300,65
172,315.5,1530.0,2.0,24728.752698625824,612.28662109375,"(np.int64(1529), np.int64(315), np.int64(1532), np.int64(317))",31,113
173,63.2,271.8,10.0,123643.76349312911,704.003662109375,"(np.int64(270), np.int64(61), np.int64(274), np.int64(66))",120,39
173,1834.0,414.5,2.0,24728.752698625824,612.234619140625,"(np.int64(411), np.int64(1831), np.int64(419), np.int64(1838))",96,86
173,1010.0,792.0,1.0,12364.376349312912,612.234619140625,"(np.int64(792), np.int64(1010), np.int64(793), np.int64(1011))",42,180
173,1284.0,1112.0,1.0,12364.376349312912,612.234619140625,"(np.int64(1112), np.int64(1284), np.int64(1113), np.int64(1285))",316,6
173,1545.5,1236.0,8.0,98915.0107945033,735.97998046875,"(np.int64(1234), np.int64(1545), np.int64(1239), np.int64(1547))",303,111
173,86.1304347826087,1423.3478260869565,23.0,284380.65603419696,735.97998046875,"(np.int64(1422), np.int64(81), np.int64(1426), np.int64(92))",29,54
173,407.05,1507.55,20.0,247287.52698625822,1258.6905517578125,"(np.int64(1505), np.int64(405), np.int64(1511), np.int64(412))",300,65
174,62.72727272727273,270.6363636363636,11.0,136008.13984244203,672.7393798828125,"(np.int64(269), np.int64(61), np.int64(273), np.int64(66))",120,39
174,1886.5,420.0,2.0,24728.752698625824,703.9927978515625,"(np.int64(420), np.int64(1886), np.int64(421), np.int64(1888))",231,7
174,1399.0,737.0,3.0,37093.12904793874,642.1123046875,"(np.int64(737), np.int64(1398), np.int64(738), np.int64(1401))",314,4
174,1015.75,795.1666666666667,5.0,61821.88174656456,672.7393798828125,"(np.int64(793), np.int64(1012), np.int64(798), np.int64(1020))",42,180
174,993.9214480874317,825.1755464480874,69.0,853141.9681025909,1017.591796875,"(np.int64(820), np.int64(987), np.int64(835), np.int64(1008))",42,180
174,980.6666666666666,850.5,12.0,148372.51619175496,642.1123046875,"(np.int64(848), np.int64(979), np.int64(854), np.int64(983))",42,180
174,1544.5454545454545,1235.7272727272727,11.0,136008.13984244203,979.8873291015625,"(np.int64(1233), np.int64(1544), np.int64(1239), np.int64(1546))",303,111
174,94.16666666666666,1417.1805555555557,37.0,457481.9249245777,802.1373291015625,"(np.int64(1411), np.int64(81), np.int64(1426), np.int64(102))",29,54
174,405.8125,1509.3125,16.0,197830.0215890066,836.2718505859375,"(np.int64(1507), np.int64(404), np.int64(1513), np.int64(409))",300,65
175,62.333333333333336,271.6,15.0,185465.64523969367,735.9947509765625,"(np.int64(269), np.int64(59), np.int64(274), np.int64(66))",120,39
175,1884.5,408.0,4.0,49457.50539725165,802.1377563476562,"(np.int64(407), np.int64(1884), np.int64(410), np.int64(1886))",231,7
175,347.0,412.0,1.0,12364.376349312912,612.2791748046875,"(np.int64(412), np.int64(347), np.int64(413), np.int64(348))",89,139
175,1399.5,738.0,2.0,24728.752698625824,612.2791748046875,"(np.int64(738), np.int64(1399), np.int64(739), np.int64(1401))",314,4
175,1001.8388278388279,831.5723443223444,55.0,680040.6992122101,942.9436645507812,"(np.int64(827), np.int64(993), np.int64(837), np.int64(1009))",42,180
175,982.8235294117648,851.7647058823529,17.0,210194.3979383195,672.725341796875,"(np.int64(847), np.int64(980), np.int64(856), np.int64(986))",42,180
175,1546.2727272727273,1236.6363636363637,11.0,136008.13984244203,1433.621826171875,"(np.int64(1234), np.int64(1545), np.int64(1240), np.int64(1548))",303,111
175,100.75,1421.275,38.0,469846.3012738906,836.2679443359375,"(np.int64(1412), np.int64(84), np.int64(1427), np.int64(109))",29,54
175,408.54545454545456,1511.0,11.0,136008.13984244203,802.1377563476562,"(np.int64(1510), np.int64(407), np.int64(1514), np.int64(412))",300,65
176,59.0,276.95238095238096,22.0,272016.27968488407,871.0858154296875,"(np.int64(267), np.int64(54), np.int64(283), np.int64(64))",120,39
176,395.0,397.0,1.0,12364.376349312912,612.281494140625,"(np.int64(397), np.int64(395), np.int64(398), np.int64(396))",179,14
176,1884.85,411.7,12.0,148372.51619175493,736.019287109375,"(np.int64(409), np.int64(1884), np.int64(417), np.int64(1887))",231,7
176,1001.6840277777778,833.8541666666667,52.0,642947.5701642714,1095.0908203125,"(np.int64(828), np.int64(994), np.int64(842), np.int64(1009))",42,180
176,984.7,854.1,10.0,123643.76349312911,802.113037109375,"(np.int64(852), np.int64(983), np.int64(857), np.int64(987))",42,180
176,1546.2857142857142,1236.142857142857,7.0,86550.63444519039,1017.60595703125,"(np.int64(1234), np.int64(1546), np.int64(1239), np.int64(1548))",303,111
176,88.88888888888889,1424.4444444444443,9.0,111279.3871438162,672.7421875,"(np.int64(1424), np.int64(87), np.int64(1426), np.int64(92))",29,54
176,409.2142857142857,1512.5,14.0,173101.26889038077,768.690673828125,"(np.int64(1511), np.int64(407), np.int64(1516), np.int64(413))",300,65
176,895.6277777777777,1731.4444444444443,20.0,247287.52698625822,736.019287109375,"(np.int64(1726), np.int64(893), np.int64(1736), np.int64(900))",64,138
177,58.25555555555556,275.75555555555553,26.0,321473.78508213564,768.748779296875,"(np.int64(267), np.int64(53), np.int64(283), np.int64(64))",120,39
177,296.0,389.0,1.0,12364.376349312912,612.279541015625,"(np.int64(389), np.int64(296), np.int64(390), np.int64(297))",89,139
177,1841.0,410.0,1.0,12364.376349312912,612.279541015625,"(np.int64(410), np.int64(1841), np.int64(411), np.int64(1842))",96,86
177,343.25,414.0,3.0,37093.12904793874,612.279541015625,"(np.int64(412), np.int64(343), np.int64(417), np.int64(345))",89,139
177,830.3333333333334,744.6666666666666,3.0,37093.12904793874,642.177490234375,"(np.int64(744), np.int64(830), np.int64(746), np.int64(832))",47,16
177,1012.25,795.0,3.0,37093.12904793874,612.279541015625,"(np.int64(794), np.int64(1011), np.int64(797), np.int64(1015))",42,180
177,960.0,824.5,2.0,24728.752698625824,642.177490234375,"(np.int64(824), np.int64(959), np.int64(826), np.int64(962))",42,180
177,998.1952797202797,842.6534965034965,48.0,593490.0647670197,768.748779296875,"(np.int64(830), np.int64(983), np.int64(856), np.int64(1009))",42,180
177,1545.4545454545455,1235.1818181818182,11.0,136008.13984244203,906.720703125,"(np.int64(1232), np.int64(1545), np.int64(1239), np.int64(1547))",303,111
177,1574.0,1305.0,1.0,12364.376349312912,735.942626953125,"(np.int64(1305), np.int64(1574), np.int64(1306), np.int64(1575))",320,5
177,88.0,1425.0,3.0,37093.12904793874,642.177490234375,"(np.int64(1425), np.int64(87), np.int64(1426), np.int64(90))",29,54
177,408.7692307692308,1513.076923076923,13.0,160736.89254106785,906.720703125,"(np.int64(1512), np.int64(407), np.int64(1516), np.int64(412))",300,65
177,314.0,1532.0,4.0,49457.50539725165,642.177490234375,"(np.int64(1531), np.int64(313), np.int64(1535), np.int64(316))",31,113
177,1087.0,1586.0,1.0,12364.376349312912,1134.967529296875,"(np.int64(1586), np.int64(1087), np.int64(1587), np.int64(1088))",271,32
177,897.8461538461538,1730.2692307692307,26.0,321473.7850821357,1017.586669921875,"(np.int64(1726), np.int64(893), np.int64(1734), np.int64(904))",64,138
177,746.0,1792.0,1.0,12364.376349312912,802.136474609375,"(np.int64(1792), np.int64(746), np.int64(1793), np.int64(747))",126,6
178,57.22727272727273,270.95454545454544,22.0,272016.27968488407,836.27978515625,"(np.int64(267), np.int64(53), np.int64(275), np.int64(61))",120,39
178,1839.0,397.0,1.0,12364.376349312912,612.238037109375,"(np.int64(397), np.int64(1839), np.int64(398), np.int64(1840))",96,86
178,344.37301587301585,413.1111111111111,18.0,222558.77428763243,672.650634765625,"(np.int64(410), np.int64(343), np.int64(420), np.int64(349))",89,139
178,1883.0,417.0,1.0,12364.376349312912,612.238037109375,"(np.int64(417), np.int64(1883), np.int64(418), np.int64(1884))",231,7
178,968.0,736.0,1.0,12364.376349312912,612.238037109375,"(np.int64(736), np.int64(968), np.int64(737), np.int64(969))",53,10
178,829.5,743.0,2.0,24728.752698625824,642.157958984375,"(np.int64(743), np.int64(829), np.int64(744), np.int64(831))",47,16
178,957.5,823.0,2.0,24728.752698625824,672.650634765625,"(np.int64(823), np.int64(957), np.int64(824), np.int64(959))",42,180
178,990.4404761904763,840.5327380952381,34.0,420388.795876639,736.0693359375,"(np.int64(829), np.int64(976), np.int64(856), np.int64(1007))",42,180
178,1123.6666666666667,1175.3333333333333,3.0,37093.12904793874,768.709228515625,"(np.int64(1175), np.int64(1123), np.int64(1177), np.int64(1125))",324,4
178,1547.181818181818,1241.5454545454545,14.0,173101.26889038077,1095.108642578125,"(np.int64(1232), np.int64(1543), np.int64(1251), np.int64(1551))",303,111
178,105.5,1408.3333333333335,4.0,49457.50539725165,642.157958984375,"(np.int64(1404), np.int64(97), np.int64(1413), np.int64(116))",29,54
178,408.1666666666667,1512.3333333333333,6.0,74186.25809587748,802.06494140625,"(np.int64(1512), np.int64(407), np.int64(1514), np.int64(411))",300,65
178,312.57142857142856,1531.857142857143,7.0,86550.63444519039,704.001953125,"(np.int64(1530), np.int64(312), np.int64(1535), np.int64(315))",31,113
178,895.9057971014494,1731.4347826086957,26.0,321473.7850821357,871.06689453125,"(np.int64(1728), np.int64(892), np.int64(1735), np.int64(905))",64,138
178,1046.0,1729.0,1.0,12364.376349312912,612.238037109375,"(np.int64(1729), np.int64(1046), np.int64(1730), np.int64(1047))",60,64
178,396.0,1807.0,1.0,12364.376349312912,612.238037109375,"(np.int64(1807), np.int64(396), np.int64(1808), np.int64(397))",307,2
179,58.666666666666664,271.1904761904762,21.0,259651.90333557114,836.292724609375,"(np.int64(266), np.int64(55), np.int64(275), np.int64(62))",120,39
179,1838.25,408.0,5.0,61821.88174656456,642.20068359375,"(np.int64(405), np.int64(1837), np.int64(411), np.int64(1840))",96,86
179,348.375,415.9166666666667,24.0,296745.0323835099,672.71533203125,"(np.int64(413), np.int64(345), np.int64(420), np.int64(353))",89,139
179,831.5,743.5,4.0,49457.50539725165,703.9638671875,"(np.int64(743), np.int64(831), np.int64(745), np.int64(833))",47,16
179,959.0,823.0,1.0,12364.376349312912,612.27294921875,"(np.int64(823), np.int64(959), np.int64(824), np.int64(960))",42,180
179,1001.9444444444445,835.2777777777778,28.0,346202.5377807615,768.6611328125,"(np.int64(829), np.int64(996), np.int64(839), np.int64(1007))",42,180
179,986.6,854.4,5.0,61821.881746564555,672.71533203125,"(np.int64(853), np.int64(986), np.int64(856), np.int64(989))",42,180
179,1126.0,1175.75,4.0,49457.50539725165,836.292724609375,"(np.int64(1175), np.int64(1125), np.int64(1178), np.int64(1128))",324,4
179,1548.8333333333335,1241.25,16.0,197830.0215890066,1258.65869140625,"(np.int64(1232), np.int64(1545), np.int64(1249), np.int64(1553))",303,111
179,894.5,1242.0,2.0,24728.752698625824,768.6611328125,"(np.int64(1242), np.int64(894), np.int64(1243), np.int64(896))",328,4
179,410.0,1512.0,1.0,12364.376349312912,612.27294921875,"(np.int64(1512), np.int64(410), np.int64(1513), np.int64(411))",300,65
179,314.6,1532.2,5.0,61821.881746564555,703.9638671875,"(np.int64(1531), np.int64(314), np.int64(1534), np.int64(316))",31,113
179,898.0,1730.7040229885058,35.0,432753.1722259519,836.292724609375,"(np.int64(1726), np.int64(894), np.int64(1734), np.int64(908))",64,138
179,1046.0,1729.0,1.0,12364.376349312912,612.27294921875,"(np.int64(1729), np.int64(1046), np.int64(1730), np.int64(1047))",60,64
180,54.666666666666664,162.33333333333334,3.0,37093.12904793874,642.08740234375,"(np.int64(162), np.int64(54), np.int64(164), np.int64(56))",156,129
180,54.0,233.0,1.0,12364.376349312912,612.26513671875,"(np.int64(233), np.int64(54), np.int64(234), np.int64(55))",221,90
180,57.13333333333333,271.4,15.0,185465.64523969367,802.120849609375,"(np.int64(267), np.int64(54), np.int64(275), np.int64(61))",120,39
180,1290.0,342.5,2.0,24728.752698625824,672.7685546875,"(np.int64(342), np.int64(1290), np.int64(344), np.int64(1291))",329,6
180,1844.0,374.0,1.0,12364.376349312912,612.26513671875,"(np.int64(374), np.int64(1844), np.int64(375), np.int64(1845))",96,86
180,1839.6666666666667,406.1666666666667,8.0,98915.0107945033,672.7685546875,"(np.int64(400), np.int64(1838), np.int64(412), np.int64(1842))",96,86
180,1498.5,411.5,4.0,49457.50539725165,642.08740234375,"(np.int64(411), np.int64(1498), np.int64(413), np.int64(1500))",238,16
180,349.61538461538464,414.5769230769231,26.0,321473.7850821357,672.7685546875,"(np.int64(412), np.int64(346), np.int64(419), np.int64(353))",89,139
180,831.6,742.8,5.0,61821.881746564555,871.09228515625,"(np.int64(742), np.int64(831), np.int64(745), np.int64(833))",47,16
180,998.78125,831.875,32.0,395660.0431780132,836.238525390625,"(np.int64(827), np.int64(997), np.int64(837), np.int64(1002))",42,180
180,986.8,853.6,5.0,61821.881746564555,672.7685546875,"(np.int64(853), np.int64(986), np.int64(855), np.int64(989))",42,180
180,1126.5,1175.5,2.0,24728.752698625824,612.26513671875,"(np.int64(1175), np.int64(1126), np.int64(1177), np.int64(1128))",324,4
180,1550.1904761904761,1244.5714285714287,11.0,136008.13984244203,1175.45068359375,"(np.int64(1232), np.int64(1545), np.int64(1253), np.int64(1554))",303,111
180,111.5,1406.0,4.0,49457.50539725165,672.7685546875,"(np.int64(1406), np.int64(110), np.int64(1407), np.int64(114))",29,54
180,314.0,1532.5,2.0,24728.752698625824,703.940673828125,"(np.int64(1532), np.int64(314), np.int64(1534), np.int64(315))",31,113
180,900.1984126984127,1733.373015873016,26.0,321473.7850821357,735.971923828125,"(np.int64(1728), np.int64(895), np.int64(1739), np.int64(907))",64,138
180,1996.0,2000.0,1.0,12364.376349312912,942.886474609375,"(np.int64(2000), np.int64(1996), np.int64(2001), np.int64(1997))",151,37
181,52.4,160.93333333333334,7.0,86550.63444519037,642.10791015625,"(np.int64(159), np.int64(48), np.int64(164), np.int64(59))",156,129
181,57.04545454545455,268.4090909090909,12.0,148372.51619175496,768.68505859375,"(np.int64(266), np.int64(53), np.int64(274), np.int64(59))",120,39
181,1288.2727272727273,342.0,11.0,136008.13984244203,802.134765625,"(np.int64(341), np.int64(1286), np.int64(344), np.int64(1291))",329,6
181,1840.0,400.0,2.0,24728.752698625824,612.231201171875,"(np.int64(396), np.int64(1839), np.int64(405), np.int64(1842))",96,86
181,349.0689655172414,414.3448275862069,29.0,358566.91413007444,703.9901123046875,"(np.int64(411), np.int64(345), np.int64(419), np.int64(354))",89,139
181,1497.5,411.0,2.0,24728.752698625824,642.10791015625,"(np.int64(411), np.int64(1497), np.int64(412), np.int64(1499))",238,16
181,1891.0,412.5,2.0,24728.752698625824,642.10791015625,"(np.int64(412), np.int64(1891), np.int64(414), np.int64(1892))",231,7
181,1001.2962962962962,828.8425925925926,42.0,519303.8066711423,802.134765625,"(np.int64(826), np.int64(996), np.int64(838), np.int64(1011))",42,180
181,985.75,852.0,3.0,37093.12904793874,612.231201171875,"(np.int64(851), np.int64(985), np.int64(854), np.int64(988))",42,180
181,1126.6666666666667,1176.3333333333333,3.0,37093.12904793874,703.9901123046875,"(np.int64(1176), np.int64(1126), np.int64(1178), np.int64(1128))",324,4
181,1546.9166666666667,1239.125,13.0,160736.89254106785,979.8748779296875,"(np.int64(1232), np.int64(1543), np.int64(1247), np.int64(1551))",303,111
181,1409.75,1348.0,4.0,49457.50539725165,703.9901123046875,"(np.int64(1347), np.int64(1409), np.int64(1350), np.int64(1411))",331,2
181,113.5,1405.0,2.0,24728.752698625824,612.231201171875,"(np.int64(1405), np.int64(113), np.int64(1406), np.int64(115))",29,54
181,313.6666666666667,1531.0,3.0,37093.12904793874,612.231201171875,"(np.int64(1530), np.int64(313), np.int64(1533), np.int64(315))",31,113
181,412.0,1538.0,1.0,12364.376349312912,672.744873046875,"(np.int64(1538), np.int64(412), np.int64(1539), np.int64(413))",332,20
181,246.0,1614.0,1.0,12364.376349312912,612.231201171875,"(np.int64(1614), np.int64(246), np.int64(1615), np.int64(247))",333,3
181,898.4285714285714,1729.2857142857142,7.0,86550.63444519039,735.9954833984375,"(np.int64(1728), np.int64(897), np.int64(1732), np.int64(901))",64,138
182,56.0,162.66666666666666,3.0,37093.12904793874,642.124267578125,"(np.int64(162), np.int64(55), np.int64(164), np.int64(58))",156,129
182,54.4,271.9,10.0,123643.76349312911,979.8953857421875,"(np.int64(270), np.int64(52), np.int64(274), np.int64(57))",120,39
182,1287.5833333333333,341.8333333333333,12.0,148372.51619175496,736.0274658203125,"(np.int64(340), np.int64(1285), np.int64(344), np.int64(1291))",329,6
182,1221.375,371.75,8.0,98915.0107945033,703.983154296875,"(np.int64(369), np.int64(1220), np.int64(375), np.int64(1224))",113,13
182,1840.5,404.5,4.0,49457.50539725165,612.2459716796875,"(np.int64(396), np.int64(1839), np.int64(411), np.int64(1843))",96,86
182,1887.1666666666665,413.0,4.0,49457.50539725165,672.703369140625,"(np.int64(406), np.int64(1886), np.int64(420), np.int64(1889))",231,7
182,353.3703703703704,413.64814814814815,28.0,346202.5377807615,612.2459716796875,"(np.int64(411), np.int64(343), np.int64(419), np.int64(358))",89,139
182,1497.0,411.0,1.0,12364.376349312912,612.2459716796875,"(np.int64(411), np.int64(1497), np.int64(412), np.int64(1498))",238,16
182,948.0,820.0,1.0,12364.376349312912,612.2459716796875,"(np.int64(820), np.int64(948), np.int64(821), np.int64(949))",42,180
182,997.1875,826.734375,33.0,408024.41952732607,942.9456787109375,"(np.int64(824), np.int64(996), np.int64(835), np.int64(1002))",42,180
182,985.25,852.0,3.0,37093.12904793874,672.703369140625,"(np.int64(851), np.int64(985), np.int64(854), np.int64(987))",42,180
182,1544.2522222222224,1243.6722222222224,42.0,519303.80667114235,1479.0985107421875,"(np.int64(1233), np.int64(1540), np.int64(1258), np.int64(1552))",303,111
182,410.5,1539.0,2.0,24728.752698625824,642.124267578125,"(np.int64(1539), np.int64(410), np.int64(1540), np.int64(412))",332,20
182,772.2,1626.2,5.0,61821.881746564555,703.983154296875,"(np.int64(1625), np.int64(771), np.int64(1628), np.int64(774))",107,9
183,48.59375,165.3125,18.0,222558.7742876324,802.1324462890625,"(np.int64(162), np.int64(45), np.int64(169), np.int64(57))",156,129
183,53.0,234.0,3.0,37093.12904793874,942.95068359375,"(np.int64(234), np.int64(52), np.int64(235), np.int64(55))",221,90
183,58.375,271.1666666666667,15.0,185465.6452396937,736.00146484375,"(np.int64(267), np.int64(55), np.int64(274), np.int64(62))",120,39
183,1288.8333333333333,342.3333333333333,6.0,74186.25809587748,703.99951171875,"(np.int64(341), np.int64(1287), np.int64(344), np.int64(1292))",329,6
183,1222.4285714285713,371.85714285714283,7.0,86550.63444519039,768.7285766601562,"(np.int64(370), np.int64(1222), np.int64(375), np.int64(1224))",113,13
183,1841.0,401.0,1.0,12364.376349312912,612.2477416992188,"(np.int64(401), np.int64(1841), np.int64(402), np.int64(1842))",96,86
183,352.5833333333333,415.6666666666667,13.0,160736.89254106788,642.1226806640625,"(np.int64(410), np.int64(347), np.int64(430), np.int64(359))",89,139
183,1500.0,412.0,1.0,12364.376349312912,612.2477416992188,"(np.int64(412), np.int64(1500), np.int64(413), np.int64(1501))",238,16
183,831.5,742.0,2.0,24728.752698625824,672.7227172851562,"(np.int64(742), np.int64(831), np.int64(743), np.int64(833))",47,16
183,1005.269696969697,829.7651515151515,43.0,531668.1830204552,871.115478515625,"(np.int64(825), np.int64(998), np.int64(835), np.int64(1013))",42,180
183,968.0,829.0,1.0,12364.376349312912,612.2477416992188,"(np.int64(829), np.int64(968), np.int64(830), np.int64(969))",42,180
183,1349.0,1028.0,1.0,12364.376349312912,642.1226806640625,"(np.int64(1028), np.int64(1349), np.int64(1029), np.int64(1350))",235,26
183,1542.6681818181817,1252.182575757576,55.0,680040.6992122101,1525.318603515625,"(np.int64(1239), np.int64(1535), np.int64(1262), np.int64(1553))",303,111
183,247.0,1614.0,1.0,12364.376349312912,672.7227172851562,"(np.int64(1614), np.int64(247), np.int64(1615), np.int64(248))",333,3
183,774.6470588235294,1620.4411764705883,18.0,222558.77428763243,802.1324462890625,"(np.int64(1616), np.int64(771), np.int64(1629), np.int64(777))",107,9
184,53.89473684210526,164.05263157894737,38.0,469846.30127389065,1095.1048583984375,"(np.int64(161), np.int64(47), np.int64(168), np.int64(61))",156,129
184,58.0,233.0,1.0,12364.376349312912,612.2787475585938,"(np.int64(233), np.int64(58), np.int64(234), np.int64(59))",221,90
184,56.5,271.45,20.0,247287.52698625822,871.1175537109375,"(np.int64(268), np.int64(54), np.int64(275), np.int64(60))",120,39
184,1287.5,343.0,2.0,24728.752698625824,642.1168212890625,"(np.int64(343), np.int64(1287), np.int64(344), np.int64(1289))",329,6
184,1840.0,394.0,1.0,12364.376349312912,612.2787475585938,"(np.int64(394), np.int64(1840), np.int64(395), np.int64(1841))",96,86
184,1497.0,414.0,1.0,12364.376349312912,612.2787475585938,"(np.int64(414), np.int64(1497), np.int64(415), np.int64(1498))",238,16
184,352.25,416.25,5.0,61821.881746564555,612.2787475585938,"(np.int64(416), np.int64(349), np.int64(418), np.int64(355))",89,139
184,1005.4416666666666,829.4583333333333,26.0,321473.7850821357,768.7059936523438,"(np.int64(825), np.int64(998), np.int64(835), np.int64(1012))",42,180
184,1349.0,1028.0,1.0,12364.376349312912,642.1168212890625,"(np.int64(1028), np.int64(1349), np.int64(1029), np.int64(1350))",235,26
184,1542.88125,1248.1839285714286,50.0,618218.8174656456,2135.473388671875,"(np.int64(1234), np.int64(1536), np.int64(1260), np.int64(1552))",303,111
184,773.8333333333333,1625.4166666666665,7.0,86550.63444519039,704.0165405273438,"(np.int64(1622), np.int64(773), np.int64(1628), np.int64(776))",107,9
185,52.45945945945946,163.2972972972973,37.0,457481.92492457776,1258.63818359375,"(np.int64(161), np.int64(47), np.int64(167), np.int64(59))",156,129
185,56.266666666666666,270.8,15.0,185465.64523969367,704.0079345703125,"(np.int64(267), np.int64(54), np.int64(275), np.int64(58))",120,39
185,1842.3333333333333,395.0,3.0,37093.12904793874,612.29638671875,"(np.int64(394), np.int64(1842), np.int64(397), np.int64(1844))",96,86
185,356.3333333333333,414.0,3.0,37093.12904793874,612.29638671875,"(np.int64(411), np.int64(346), np.int64(417), np.int64(367))",89,139
185,1495.0,414.0,1.0,12364.376349312912,642.1502685546875,"(np.int64(414), np.int64(1495), np.int64(415), np.int64(1496))",238,16
185,831.0,742.0,1.0,12364.376349312912,704.0079345703125,"(np.int64(742), np.int64(831), np.int64(743), np.int64(832))",47,16
185,786.5,1049.0,2.0,24728.752698625824,871.091064453125,"(np.int64(1049), np.int64(786), np.int64(1050), np.int64(788))",336,22
185,1548.08,1242.4,25.0,309109.4087328228,1258.63818359375,"(np.int64(1239), np.int64(1545), np.int64(1247), np.int64(1551))",303,111
185,1569.0,1263.8333333333333,6.0,74186.25809587748,736.01171875,"(np.int64(1263), np.int64(1568), np.int64(1266), np.int64(1571))",303,111
185,246.0,1615.0,1.0,12364.376349312912,642.1502685546875,"(np.int64(1615), np.int64(246), np.int64(1616), np.int64(247))",333,3
185,773.5714285714286,1625.0,7.0,86550.63444519039,672.7412109375,"(np.int64(1622), np.int64(772), np.int64(1629), np.int64(776))",107,9
185,315.0,1659.5,6.0,74186.25809587748,704.0079345703125,"(np.int64(1658), np.int64(313), np.int64(1662), np.int64(318))",158,23
186,52.390243902439025,162.3170731707317,41.0,506939.4303218294,1134.919677734375,"(np.int64(160), np.int64(46), np.int64(166), np.int64(59))",156,129
186,55.46666666666667,268.93333333333334,14.0,173101.26889038074,836.2679443359375,"(np.int64(265), np.int64(52), np.int64(274), np.int64(58))",120,39
186,357.0,415.0,3.0,37093.12904793874,612.2791748046875,"(np.int64(412), np.int64(353), np.int64(419), np.int64(361))",89,139
186,786.0,1048.0,1.0,12364.376349312912,612.2791748046875,"(np.int64(1048), np.int64(786), np.int64(1049), np.int64(787))",336,22
186,1541.9133333333332,1243.52,30.0,370931.29047938733,1258.6856689453125,"(np.int64(1234), np.int64(1535), np.int64(1256), np.int64(1550))",303,111
186,1561.0,1259.5,2.0,24728.752698625824,703.98193359375,"(np.int64(1259), np.int64(1561), np.int64(1261), np.int64(1562))",303,111
186,893.0,1729.0,1.0,12364.376349312912,612.2791748046875,"(np.int64(1729), np.int64(893), np.int64(1730), np.int64(894))",64,138
187,52.46153846153846,163.6153846153846,26.0,321473.7850821357,906.6814575195312,"(np.int64(162), np.int64(47), np.int64(167), np.int64(59))",156,129
187,56.868421052631575,270.10526315789474,20.0,247287.52698625825,1095.0975341796875,"(np.int64(267), np.int64(52), np.int64(276), np.int64(60))",120,39
187,1384.6666666666667,414.0,3.0,37093.12904793874,612.2752075195312,"(np.int64(413), np.int64(1384), np.int64(416), np.int64(1386))",97,28
187,358.0,416.0,1.0,12364.376349312912,612.2752075195312,"(np.int64(416), np.int64(358), np.int64(417), np.int64(359))",89,139
187,1831.0,425.0,1.0,12364.376349312912,612.2752075195312,"(np.int64(425), np.int64(1831), np.int64(426), np.int64(1832))",96,86
187,1347.5,1031.0,2.0,24728.752698625824,642.1166381835938,"(np.int64(1031), np.int64(1347), np.int64(1032), np.int64(1349))",235,26
187,1545.578947368421,1238.9342105263158,21.0,259651.90333557114,979.9329223632812,"(np.int64(1236), np.int64(1543), np.int64(1245), np.int64(1550))",303,111
187,1562.909090909091,1261.6363636363637,11.0,136008.13984244203,735.9866943359375,"(np.int64(1260), np.int64(1560), np.int64(1264), np.int64(1566))",303,111
188,53.2,163.2,6.0,74186.25809587746,672.6898193359375,"(np.int64(163), np.int64(48), np.int64(165), np.int64(58))",156,129
188,56.68181818181818,272.45454545454544,22.0,272016.27968488407,942.9264526367188,"(np.int64(270), np.int64(53), np.int64(275), np.int64(61))",120,39
188,355.0,413.0,1.0,12364.376349312912,612.2705078125,"(np.int64(413), np.int64(355), np.int64(414), np.int64(356))",89,139
188,1554.5729166666667,1255.1979166666667,39.0,482210.6776232036,1433.619384765625,"(np.int64(1239), np.int64(1545), np.int64(1264), np.int64(1566))",303,111
189,57.131578947368425,272.7105263157895,20.0,247287.52698625825,768.722412109375,"(np.int64(271), np.int64(51), np.int64(277), np.int64(62))",120,39
189,1288.0,340.0,1.0,12364.376349312912,612.242919921875,"(np.int64(340), np.int64(1288), np.int64(341), np.int64(1289))",329,6
189,331.5751633986928,364.1437908496732,35.0,432753.17222595186,642.1195068359375,"(np.int64(346), np.int64(306), np.int64(377), np.int64(344))",339,2
189,348.0,412.5,2.0,24728.752698625824,642.1195068359375,"(np.int64(412), np.int64(348), np.int64(414), np.int64(349))",89,139
189,1547.2173913043478,1240.7826086956522,23.0,284380.65603419696,1433.60009765625,"(np.int64(1238), np.int64(1545), np.int64(1245), np.int64(1550))",303,111
189,1561.4375,1260.15625,17.0,210194.3979383195,672.705810546875,"(np.int64(1257), np.int64(1560), np.int64(1263), np.int64(1565))",303,111
189,1582.1666666666667,1285.0,6.0,74186.25809587748,836.28173828125,"(np.int64(1284), np.int64(1581), np.int64(1287), np.int64(1584))",341,2
189,1456.0,1613.0,1.0,12364.376349312912,612.242919921875,"(np.int64(1613), np.int64(1456), np.int64(1614), np.int64(1457))",244,9
189,867.3333333333333,1742.3333333333335,4.0,49457.50539725165,612.242919921875,"(np.int64(1741), np.int64(866), np.int64(1744), np.int64(870))",64,138
190,51.65,274.3,20.0,247287.52698625822,906.6744384765625,"(np.int64(271), np.int64(49), np.int64(279), np.int64(56))",120,39
190,1546.9545454545455,1242.0454545454545,22.0,272016.27968488407,1095.1181640625,"(np.int64(1240), np.int64(1544), np.int64(1246), np.int64(1550))",303,111
190,1560.9444444444443,1261.486111111111,26.0,321473.7850821357,768.7322387695312,"(np.int64(1255), np.int64(1559), np.int64(1264), np.int64(1566))",303,111
190,1583.5,1285.5,2.0,24728.752698625824,672.7102661132812,"(np.int64(1285), np.int64(1583), np.int64(1287), np.int64(1585))",341,2
190,1408.0,1351.0,3.0,37093.12904793874,703.9778442382812,"(np.int64(1350), np.int64(1408), np.int64(1353), np.int64(1409))",331,2
190,1046.0,1729.0,1.0,12364.376349312912,612.2465209960938,"(np.int64(1729), np.int64(1046), np.int64(1730), np.int64(1047))",60,64
190,868.0,1743.5,2.0,24728.752698625824,612.2465209960938,"(np.int64(1743), np.int64(867), np.int64(1745), np.int64(870))",64,138
191,52.53846153846154,272.3076923076923,13.0,160736.89254106785,768.7166748046875,"(np.int64(270), np.int64(50), np.int64(276), np.int64(56))",120,39
191,351.5,414.25,3.0,37093.12904793874,612.2967529296875,"(np.int64(413), np.int64(350), np.int64(416), np.int64(354))",89,139
191,377.0,424.0,1.0,12364.376349312912,612.2967529296875,"(np.int64(424), np.int64(377), np.int64(425), np.int64(378))",89,139
191,1548.0555555555557,1241.3333333333333,18.0,222558.7742876324,1017.602294921875,"(np.int64(1239), np.int64(1546), np.int64(1244), np.int64(1552))",303,111
191,1563.7307692307693,1258.4615384615386,26.0,321473.7850821357,768.7166748046875,"(np.int64(1253), np.int64(1561), np.int64(1263), np.int64(1567))",303,111
191,411.0,1541.5,6.0,74186.25809587748,703.978759765625,"(np.int64(1541), np.int64(410), np.int64(1543), np.int64(413))",332,20
191,103.0,1561.0,1.0,12364.376349312912,612.2967529296875,"(np.int64(1561), np.int64(103), np.int64(1562), np.int64(104))",43,115
191,1046.0,1729.0,1.0,12364.376349312912,612.2967529296875,"(np.int64(1729), np.int64(1046), np.int64(1730), np.int64(1047))",60,64
192,1556.5500000000002,1248.8,20.0,247287.52698625822,802.130859375,"(np.int64(1240), np.int64(1548), np.int64(1259), np.int64(1566))",303,111
192,414.5,1539.125,5.0,61821.881746564555,942.904052734375,"(np.int64(1538), np.int64(412), np.int64(1542), np.int64(417))",332,20
192,2010.0,1628.0,1.0,12364.376349312912,612.2630615234375,"(np.int64(1628), np.int64(2010), np.int64(1629), np.int64(2011))",343,4
193,352.0,413.5,2.0,24728.752698625824,642.1195068359375,"(np.int64(411), np.int64(349), np.int64(417), np.int64(356))",89,139
193,1550.0,1242.1666666666667,6.0,74186.25809587748,736.027587890625,"(np.int64(1241), np.int64(1549), np.int64(1244), np.int64(1552))",303,111
193,415.625,1538.0,5.0,61821.881746564555,736.027587890625,"(np.int64(1536), np.int64(414), np.int64(1540), np.int64(419))",332,20
193,2010.0,1629.0,1.0,12364.376349312912,672.735595703125,"(np.int64(1629), np.int64(2010), np.int64(1630), np.int64(2011))",343,4
193,847.0,1704.0,1.0,12364.376349312912,612.2825927734375,"(np.int64(1704), np.int64(847), np.int64(1705), np.int64(848))",64,138
193,569.0,1830.0,1.0,12364.376349312912,1619.8885498046875,"(np.int64(1830), np.int64(569), np.int64(1831), np.int64(570))",270,2
193,1833.0,1847.0,1.0,12364.376349312912,612.2825927734375,"(np.int64(1847), np.int64(1833), np.int64(1848), np.int64(1834))",233,21
194,52.5,229.44444444444446,10.0,123643.76349312911,1017.5800170898438,"(np.int64(228), np.int64(44), np.int64(232), np.int64(64))",221,90
194,1054.0,368.0,1.0,12364.376349312912,642.1419677734375,"(np.int64(368), np.int64(1054), np.int64(369), np.int64(1055))",346,13
194,346.125,414.5,5.0,61821.881746564555,612.26708984375,"(np.int64(412), np.int64(343), np.int64(417), np.int64(350))",89,139
194,1547.75,1249.0,7.0,86550.63444519039,736.0015869140625,"(np.int64(1241), np.int64(1546), np.int64(1257), np.int64(1551))",303,111
194,416.8333333333333,1537.0,6.0,74186.25809587748,768.7188720703125,"(np.int64(1535), np.int64(415), np.int64(1540), np.int64(420))",332,20
194,1046.0,1729.0,1.0,12364.376349312912,612.26708984375,"(np.int64(1729), np.int64(1046), np.int64(1730), np.int64(1047))",60,64
194,1833.0,1847.0,1.0,12364.376349312912,612.26708984375,"(np.int64(1847), np.int64(1833), np.int64(1848), np.int64(1834))",233,21
195,51.75,230.0,14.0,173101.26889038077,1258.64501953125,"(np.int64(228), np.int64(43), np.int64(233), np.int64(63))",221,90
195,50.0,270.5,6.0,74186.25809587748,735.9989013671875,"(np.int64(270), np.int64(48), np.int64(272), np.int64(53))",120,39
195,1053.0,368.0,3.0,37093.12904793874,672.7030029296875,"(np.int64(367), np.int64(1053), np.int64(370), np.int64(1054))",346,13
195,349.3333333333333,414.06944444444446,16.0,197830.02158900662,642.1260986328125,"(np.int64(410), np.int64(345), np.int64(418), np.int64(353))",89,139
195,1409.0,463.0,1.0,12364.376349312912,768.7178344726562,"(np.int64(463), np.int64(1409), np.int64(464), np.int64(1410))",153,58
195,1548.6,1242.2,5.0,61821.881746564555,802.1329345703125,"(np.int64(1241), np.int64(1548), np.int64(1244), np.int64(1550))",303,111
195,417.5,1536.5,2.0,24728.752698625824,672.7030029296875,"(np.int64(1536), np.int64(417), np.int64(1538), np.int64(419))",332,20
196,50.25,229.07142857142856,26.0,321473.7850821357,1619.918701171875,"(np.int64(227), np.int64(40), np.int64(233), np.int64(62))",221,90
196,48.0,269.25,4.0,49457.50539725165,672.7010498046875,"(np.int64(268), np.int64(47), np.int64(271), np.int64(50))",120,39
196,348.5163043478261,416.2173913043478,27.0,333838.1614314486,735.9894409179688,"(np.int64(408), np.int64(341), np.int64(422), np.int64(357))",89,139
196,1495.75,413.5,5.0,61821.881746564555,642.11083984375,"(np.int64(411), np.int64(1495), np.int64(416), np.int64(1498))",238,16
196,1547.0,1240.0,3.0,37093.12904793874,735.9894409179688,"(np.int64(1239), np.int64(1547), np.int64(1242), np.int64(1548))",303,111
196,1194.0,1372.0,1.0,12364.376349312912,612.291748046875,"(np.int64(1372), np.int64(1194), np.int64(1373), np.int64(1195))",347,2
196,1966.5,1628.0,2.0,24728.752698625824,672.7010498046875,"(np.int64(1628), np.int64(1966), np.int64(1629), np.int64(1968))",250,74
196,1046.0,1729.0,1.0,12364.376349312912,612.291748046875,"(np.int64(1729), np.int64(1046), np.int64(1730), np.int64(1047))",60,64
197,49.766666666666666,230.43333333333334,25.0,309109.40873282275,1258.6669921875,"(np.int64(228), np.int64(40), np.int64(234), np.int64(61))",221,90
197,1050.0,368.0,1.0,12364.376349312912,612.30322265625,"(np.int64(368), np.int64(1050), np.int64(369), np.int64(1051))",346,13
197,352.28888888888895,413.28888888888895,21.0,259651.90333557114,703.97509765625,"(np.int64(410), np.int64(346), np.int64(417), np.int64(360))",89,139
197,1496.0,413.0,1.0,12364.376349312912,612.30322265625,"(np.int64(413), np.int64(1496), np.int64(414), np.int64(1497))",238,16
197,1547.0,1241.0,3.0,37093.12904793874,768.71484375,"(np.int64(1240), np.int64(1547), np.int64(1243), np.int64(1548))",303,111
197,1967.0,1629.0,1.0,12364.376349312912,612.30322265625,"(np.int64(1629), np.int64(1967), np.int64(1630), np.int64(1968))",250,74
198,56.13333333333333,229.33333333333334,15.0,185465.6452396937,1134.9189453125,"(np.int64(226), np.int64(42), np.int64(234), np.int64(66))",221,90
198,56.0,266.0,1.0,12364.376349312912,612.26806640625,"(np.int64(266), np.int64(56), np.int64(267), np.int64(57))",120,39
198,1052.0,369.0,1.0,12364.376349312912,612.26806640625,"(np.int64(369), np.int64(1052), np.int64(370), np.int64(1053))",346,13
198,354.5,418.25,7.0,86550.63444519039,642.1131591796875,"(np.int64(414), np.int64(353), np.int64(427), np.int64(358))",89,139
198,1839.0,417.0,1.0,12364.376349312912,612.26806640625,"(np.int64(417), np.int64(1839), np.int64(418), np.int64(1840))",96,86
198,141.0,540.5,2.0,24728.752698625824,703.9788818359375,"(np.int64(540), np.int64(141), np.int64(542), np.int64(142))",349,3
198,1549.4722222222224,1242.7777777777776,8.0,98915.0107945033,871.111083984375,"(np.int64(1240), np.int64(1548), np.int64(1248), np.int64(1552))",303,111
198,1194.0,1368.0,1.0,12364.376349312912,612.26806640625,"(np.int64(1368), np.int64(1194), np.int64(1369), np.int64(1195))",347,2
199,50.696969696969695,228.36363636363637,25.0,309109.4087328228,1668.2398681640625,"(np.int64(224), np.int64(43), np.int64(233), np.int64(65))",221,90
199,54.28333333333333,268.75,13.0,160736.89254106785,672.73291015625,"(np.int64(265), np.int64(50), np.int64(274), np.int64(57))",120,39
199,708.0,271.0,1.0,12364.376349312912,642.1070556640625,"(np.int64(271), np.int64(708), np.int64(272), np.int64(709))",79,5
199,1817.0,361.0,1.0,12364.376349312912,612.2467041015625,"(np.int64(361), np.int64(1817), np.int64(362), np.int64(1818))",96,86
199,353.375,419.875,5.0,61821.881746564555,642.1070556640625,"(np.int64(412), np.int64(349), np.int64(427), np.int64(363))",89,139
199,142.0,538.75,4.0,49457.50539725165,906.6932373046875,"(np.int64(538), np.int64(141), np.int64(541), np.int64(144))",349,3
199,258.0,1005.0,7.0,86550.63444519039,836.2536010742188,"(np.int64(1002), np.int64(258), np.int64(1009), np.int64(259))",168,22
199,1550.3,1242.85,7.0,86550.63444519037,672.73291015625,"(np.int64(1240), np.int64(1549), np.int64(1246), np.int64(1552))",303,111
199,1046.0,1729.0,1.0,12364.376349312912,612.2467041015625,"(np.int64(1729), np.int64(1046), np.int64(1730), np.int64(1047))",60,64
200,50.65151515151515,228.86363636363637,24.0,296745.03238350985,1868.8001708984375,"(np.int64(225), np.int64(43), np.int64(233), np.int64(68))",221,90
200,53.5,268.84999999999997,29.0,358566.9141300744,802.1080322265625,"(np.int64(264), np.int64(49), np.int64(275), np.int64(58))",120,39
200,1807.0,363.0,1.0,12364.376349312912,612.251708984375,"(np.int64(363), np.int64(1807), np.int64(364), np.int64(1808))",96,86
200,350.6,417.0,5.0,61821.881746564555,642.1370849609375,"(np.int64(411), np.int64(343), np.int64(424), np.int64(360))",89,139
200,141.5,538.0,2.0,24728.752698625824,703.9837646484375,"(np.int64(537), np.int64(141), np.int64(540), np.int64(143))",349,3
200,1236.0,1491.4545454545455,11.0,136008.13984244203,703.9837646484375,"(np.int64(1491), np.int64(1231), np.int64(1493), np.int64(1242))",267,11
200,1762.0,1832.5,2.0,24728.752698625824,612.251708984375,"(np.int64(1832), np.int64(1761), np.int64(1834), np.int64(1764))",351,63
201,51.24761904761905,229.9333333333333,46.0,568761.3120683939,1920.7288818359375,"(np.int64(227), np.int64(42), np.int64(235), np.int64(73))",221,90
201,53.46341463414634,270.4878048780488,41.0,506939.4303218294,1055.977783203125,"(np.int64(265), np.int64(49), np.int64(275), np.int64(58))",120,39
201,346.0,422.0,1.0,12364.376349312912,612.2581787109375,"(np.int64(422), np.int64(346), np.int64(423), np.int64(347))",89,139
201,1011.0,821.0,1.0,12364.376349312912,642.1546630859375,"(np.int64(821), np.int64(1011), np.int64(822), np.int64(1012))",42,180
201,1360.0,1027.5,2.0,24728.752698625824,672.7010498046875,"(np.int64(1027), np.int64(1360), np.int64(1029), np.int64(1361))",235,26
201,1550.125,1241.875,8.0,98915.0107945033,735.979736328125,"(np.int64(1240), np.int64(1549), np.int64(1245), np.int64(1552))",303,111
201,1237.0,1491.5,10.0,123643.76349312912,704.015380859375,"(np.int64(1491), np.int64(1233), np.int64(1493), np.int64(1244))",267,11
201,1762.625,1832.8125,12.0,148372.51619175496,642.1546630859375,"(np.int64(1832), np.int64(1757), np.int64(1835), np.int64(1768))",351,63
202,55.65277777777777,231.6291666666667,59.0,729498.2046094618,2026.640380859375,"(np.int64(226), np.int64(42), np.int64(235), np.int64(74))",221,90
202,49.85526315789474,270.9868421052631,39.0,482210.67762320355,1055.99658203125,"(np.int64(263), np.int64(47), np.int64(275), np.int64(57))",120,39
202,350.0,418.5,4.0,49457.50539725165,612.251708984375,"(np.int64(411), np.int64(345), np.int64(429), np.int64(359))",89,139
202,124.44444444444444,417.6666666666667,9.0,111279.3871438162,1301.3072509765625,"(np.int64(416), np.int64(123), np.int64(420), np.int64(127))",352,57
202,1010.5,821.0,2.0,24728.752698625824,642.1370849609375,"(np.int64(821), np.int64(1010), np.int64(822), np.int64(1012))",42,180
202,1359.0,1027.5,2.0,24728.752698625824,612.251708984375,"(np.int64(1027), np.int64(1359), np.int64(1029), np.int64(1360))",235,26
202,787.25,1045.5,5.0,61821.881746564555,768.72607421875,"(np.int64(1042), np.int64(787), np.int64(1049), np.int64(789))",336,22
202,1550.0,1241.888888888889,9.0,111279.3871438162,672.7325439453125,"(np.int64(1240), np.int64(1549), np.int64(1245), np.int64(1552))",303,111
202,1236.804347826087,1491.586956521739,24.0,296745.03238350985,672.7325439453125,"(np.int64(1491), np.int64(1231), np.int64(1494), np.int64(1251))",267,11
202,1765.75,1834.25,6.0,74186.25809587748,642.1370849609375,"(np.int64(1834), np.int64(1757), np.int64(1836), np.int64(1774))",351,63
203,67.80392156862744,231.09803921568627,51.0,630583.1938149584,1920.71337890625,"(np.int64(228), np.int64(59), np.int64(236), np.int64(76))",221,90
203,39.2,236.55,12.0,148372.51619175493,906.6714477539062,"(np.int64(231), np.int64(36), np.int64(242), np.int64(45))",221,90
203,52.08888888888889,270.1111111111111,45.0,556396.9357190811,1095.132568359375,"(np.int64(263), np.int64(49), np.int64(276), np.int64(57))",120,39
203,1052.0,374.0,1.0,12364.376349312912,612.257568359375,"(np.int64(374), np.int64(1052), np.int64(375), np.int64(1053))",346,13
203,355.0,413.0,1.0,12364.376349312912,612.257568359375,"(np.int64(413), np.int64(355), np.int64(414), np.int64(356))",89,139
203,123.5,418.0,8.0,98915.0107945033,1301.33544921875,"(np.int64(417), np.int64(122), np.int64(420), np.int64(126))",352,57
203,996.0,859.5,2.0,24728.752698625824,612.257568359375,"(np.int64(858), np.int64(995), np.int64(862), np.int64(998))",42,180
203,1359.0,1030.0,1.0,12364.376349312912,612.257568359375,"(np.int64(1030), np.int64(1359), np.int64(1031), np.int64(1360))",235,26
203,786.85,1047.2,20.0,247287.52698625822,1301.33544921875,"(np.int64(1043), np.int64(786), np.int64(1052), np.int64(789))",336,22
203,1550.3529411764705,1243.0,17.0,210194.3979383195,871.097412109375,"(np.int64(1240), np.int64(1548), np.int64(1246), np.int64(1554))",303,111
203,1241.6376811594203,1492.4492753623188,25.0,309109.40873282275,768.7200927734375,"(np.int64(1491), np.int64(1232), np.int64(1495), np.int64(1252))",267,11
203,415.75,1539.0,4.0,49457.50539725165,735.9973754882812,"(np.int64(1538), np.int64(415), np.int64(1541), np.int64(418))",332,20
203,352.0,1555.5,2.0,24728.752698625824,642.12890625,"(np.int64(1555), np.int64(352), np.int64(1557), np.int64(353))",31,113
203,339.0,1646.0,1.0,12364.376349312912,2080.706298828125,"(np.int64(1646), np.int64(339), np.int64(1647), np.int64(340))",158,23
203,1761.0,1834.5,6.0,74186.25809587746,642.12890625,"(np.int64(1833), np.int64(1753), np.int64(1837), np.int64(1768))",351,63
203,1837.0,1932.0,1.0,12364.376349312912,612.257568359375,"(np.int64(1932), np.int64(1837), np.int64(1933), np.int64(1838))",257,79
203,213.0,2012.0,1.0,12364.376349312912,612.257568359375,"(np.int64(2012), np.int64(213), np.int64(2013), np.int64(214))",175,8
204,57.0,168.0,1.0,12364.376349312912,642.1546630859375,"(np.int64(168), np.int64(57), np.int64(169), np.int64(58))",156,129
204,66.0,229.51666666666668,60.0,741862.5809587747,2660.26953125,"(np.int64(224), np.int64(56), np.int64(233), np.int64(79))",221,90
204,40.125,232.8125,16.0,197830.0215890066,942.9150390625,"(np.int64(230), np.int64(37), np.int64(237), np.int64(44))",221,90
204,49.698113207547166,269.20754716981133,53.0,655311.9465135843,1017.5969848632812,"(np.int64(262), np.int64(46), np.int64(275), np.int64(55))",120,39
204,1505.0,410.0,1.0,12364.376349312912,612.2819213867188,"(np.int64(410), np.int64(1505), np.int64(411), np.int64(1506))",238,16
204,356.5,419.5,2.0,24728.752698625824,612.2819213867188,"(np.int64(412), np.int64(356), np.int64(428), np.int64(358))",89,139
204,995.0,856.0,1.0,12364.376349312912,612.2819213867188,"(np.int64(856), np.int64(995), np.int64(857), np.int64(996))",42,180
204,785.65625,1055.125,17.0,210194.3979383195,3108.2666015625,"(np.int64(1044), np.int64(784), np.int64(1063), np.int64(788))",336,22
204,1549.1875,1242.375,16.0,197830.0215890066,768.6885986328125,"(np.int64(1240), np.int64(1547), np.int64(1246), np.int64(1552))",303,111
204,1238.71875,1491.3125,32.0,395660.0431780132,768.6885986328125,"(np.int64(1490), np.int64(1230), np.int64(1494), np.int64(1248))",267,11
204,414.5,1538.5,2.0,24728.752698625824,672.689208984375,"(np.int64(1538), np.int64(414), np.int64(1540), np.int64(416))",332,20
204,350.6,1554.6,5.0,61821.881746564555,942.9150390625,"(np.int64(1553), np.int64(350), np.int64(1557), np.int64(352))",31,113
204,1046.0,1729.0,1.0,12364.376349312912,642.1546630859375,"(np.int64(1729), np.int64(1046), np.int64(1730), np.int64(1047))",60,64
204,1763.5,1831.0,2.0,24728.752698625824,642.1546630859375,"(np.int64(1831), np.int64(1763), np.int64(1832), np.int64(1765))",351,63
204,1837.0,1933.0,1.0,12364.376349312912,642.1546630859375,"(np.int64(1933), np.int64(1837), np.int64(1934), np.int64(1838))",257,79
205,52.74800637958533,232.3377990430622,75.0,927328.2261984684,2847.98095703125,"(np.int64(225), np.int64(36), np.int64(239), np.int64(77))",221,90
205,48.67391304347826,270.2826086956522,46.0,568761.3120683939,1056.010498046875,"(np.int64(263), np.int64(45), np.int64(277), np.int64(54))",120,39
205,1038.6666666666667,355.0,3.0,37093.12904793874,642.1531982421875,"(np.int64(354), np.int64(1038), np.int64(357), np.int64(1040))",346,13
205,1501.75,410.75,5.0,61821.881746564555,612.2813720703125,"(np.int64(409), np.int64(1497), np.int64(414), np.int64(1506))",238,16
205,353.6666666666667,427.0,3.0,37093.12904793874,642.1531982421875,"(np.int64(420), np.int64(345), np.int64(433), np.int64(360))",89,139
205,833.0,748.5,2.0,24728.752698625824,642.1531982421875,"(np.int64(748), np.int64(833), np.int64(750), np.int64(834))",47,16
205,998.5,817.0,2.0,24728.752698625824,704.014404296875,"(np.int64(817), np.int64(998), np.int64(818), np.int64(1000))",42,180
205,994.0,857.0,2.0,24728.752698625824,612.2813720703125,"(np.int64(856), np.int64(993), np.int64(859), np.int64(996))",42,180
205,785.0,1051.5,4.0,49457.50539725165,736.00390625,"(np.int64(1050), np.int64(785), np.int64(1054), np.int64(786))",336,22
205,1550.5,1246.5,6.0,74186.25809587748,736.00390625,"(np.int64(1245), np.int64(1550), np.int64(1249), np.int64(1552))",303,111
205,1240.2333333333333,1492.9333333333334,30.0,370931.29047938733,768.718017578125,"(np.int64(1492), np.int64(1232), np.int64(1495), np.int64(1249))",267,11
205,349.75,1556.0,4.0,49457.50539725165,704.014404296875,"(np.int64(1555), np.int64(349), np.int64(1558), np.int64(351))",31,113
205,1757.75,1832.5,3.0,37093.12904793874,612.2813720703125,"(np.int64(1832), np.int64(1756), np.int64(1834), np.int64(1760))",351,63
206,65.08474576271186,229.5084745762712,59.0,729498.2046094618,2912.0078125,"(np.int64(223), np.int64(54), np.int64(234), np.int64(78))",221,90
206,40.33333333333333,236.02777777777777,20.0,247287.52698625822,1055.9696044921875,"(np.int64(231), np.int64(38), np.int64(240), np.int64(46))",221,90
206,50.01785714285714,268.67857142857144,57.0,704769.451910836,1134.9024658203125,"(np.int64(264), np.int64(46), np.int64(277), np.int64(58))",120,39
206,1038.5,332.0,2.0,24728.752698625824,642.1298828125,"(np.int64(332), np.int64(1038), np.int64(333), np.int64(1040))",358,2
206,1503.65,410.8,11.0,136008.13984244203,642.1298828125,"(np.int64(410), np.int64(1498), np.int64(413), np.int64(1507))",238,16
206,346.0,421.0,1.0,12364.376349312912,612.2860107421875,"(np.int64(421), np.int64(346), np.int64(422), np.int64(347))",89,139
206,835.6,748.8,5.0,61821.881746564555,672.74072265625,"(np.int64(748), np.int64(835), np.int64(751), np.int64(837))",47,16
206,1001.0,816.0,1.0,12364.376349312912,612.2860107421875,"(np.int64(816), np.int64(1001), np.int64(817), np.int64(1002))",42,180
206,997.0,858.75,3.0,37093.12904793874,612.2860107421875,"(np.int64(856), np.int64(997), np.int64(862), np.int64(998))",42,180
206,787.3846153846154,1050.3846153846155,13.0,160736.89254106785,1095.08740234375,"(np.int64(1048), np.int64(786), np.int64(1054), np.int64(789))",336,22
206,1552.75,1245.0833333333333,12.0,148372.51619175496,871.118896484375,"(np.int64(1243), np.int64(1551), np.int64(1248), np.int64(1555))",303,111
206,1247.6739130434783,1492.9565217391305,24.0,296745.03238350985,672.74072265625,"(np.int64(1492), np.int64(1239), np.int64(1495), np.int64(1252))",267,11
206,415.0,1540.0,1.0,12364.376349312912,612.2860107421875,"(np.int64(1540), np.int64(415), np.int64(1541), np.int64(416))",332,20
206,1761.5,1832.0,2.0,24728.752698625824,642.1298828125,"(np.int64(1832), np.int64(1761), np.int64(1833), np.int64(1763))",351,63
207,55.901552287581694,231.24591503267973,68.0,840777.5917532779,2976.69482421875,"(np.int64(223), np.int64(42), np.int64(236), np.int64(78))",221,90
207,51.666666666666664,270.4561403508772,57.0,704769.4519108359,1017.61279296875,"(np.int64(264), np.int64(46), np.int64(278), np.int64(58))",120,39
207,1039.5,331.0,4.0,49457.50539725165,672.720703125,"(np.int64(330), np.int64(1039), np.int64(333), np.int64(1041))",358,2
207,1504.0,411.1333333333333,15.0,185465.64523969367,672.720703125,"(np.int64(410), np.int64(1498), np.int64(413), np.int64(1510))",238,16
207,346.0,417.0,1.0,12364.376349312912,612.2779541015625,"(np.int64(417), np.int64(346), np.int64(418), np.int64(347))",89,139
207,835.5,749.5,4.0,49457.50539725165,703.9892578125,"(np.int64(749), np.int64(835), np.int64(751), np.int64(837))",47,16
207,1166.0,808.0,1.0,12364.376349312912,612.2779541015625,"(np.int64(808), np.int64(1166), np.int64(809), np.int64(1167))",41,11
207,1004.1052631578947,818.6315789473684,20.0,247287.52698625822,768.692626953125,"(np.int64(817), np.int64(1002), np.int64(822), np.int64(1008))",42,180
207,998.5,858.5,4.0,49457.50539725165,612.2779541015625,"(np.int64(858), np.int64(998), np.int64(860), np.int64(1000))",42,180
207,168.5,903.5,2.0,24728.752698625824,672.720703125,"(np.int64(903), np.int64(168), np.int64(905), np.int64(170))",359,4
207,788.0416666666667,1050.5416666666665,13.0,160736.89254106788,1525.346435546875,"(np.int64(1048), np.int64(787), np.int64(1056), np.int64(790))",336,22
207,1553.4444444444443,1244.388888888889,18.0,222558.7742876324,836.2845458984375,"(np.int64(1242), np.int64(1551), np.int64(1248), np.int64(1556))",303,111
207,1227.25,1490.5,3.0,37093.12904793874,612.2779541015625,"(np.int64(1490), np.int64(1226), np.int64(1492), np.int64(1230))",267,11
207,415.5,1540.0,6.0,74186.25809587748,802.12744140625,"(np.int64(1539), np.int64(414), np.int64(1542), np.int64(418))",332,20
208,1521.0,108.0,1.0,12364.376349312912,736.0152587890625,"(np.int64(108), np.int64(1521), np.int64(109), np.int64(1522))",361,2
208,46.75,167.25,4.0,49457.50539725165,802.14453125,"(np.int64(167), np.int64(46), np.int64(169), np.int64(49))",156,129
208,60.21666666666667,232.26666666666665,53.0,655311.9465135842,2361.57080078125,"(np.int64(224), np.int64(41), np.int64(237), np.int64(77))",221,90
208,50.75,271.9375,48.0,593490.0647670198,942.95556640625,"(np.int64(266), np.int64(45), np.int64(278), np.int64(58))",120,39
208,1504.5,412.0,14.0,173101.26889038077,736.0152587890625,"(np.int64(410), np.int64(1500), np.int64(414), np.int64(1509))",238,16
208,360.0,424.5,4.0,49457.50539725165,612.24169921875,"(np.int64(416), np.int64(354), np.int64(431), np.int64(365))",89,139
208,1177.0,420.0,1.0,12364.376349312912,1056.0218505859375,"(np.int64(420), np.int64(1177), np.int64(421), np.int64(1178))",199,2
208,835.0,749.5,2.0,24728.752698625824,642.1412353515625,"(np.int64(749), np.int64(835), np.int64(751), np.int64(836))",47,16
208,1005.25,818.25,5.0,61821.881746564555,642.1412353515625,"(np.int64(818), np.int64(1003), np.int64(820), np.int64(1008))",42,180
208,997.0,857.0,1.0,12364.376349312912,642.1412353515625,"(np.int64(857), np.int64(997), np.int64(858), np.int64(998))",42,180
208,166.0,906.0,1.0,12364.376349312912,612.24169921875,"(np.int64(906), np.int64(166), np.int64(907), np.int64(167))",359,4
208,788.3636363636364,1052.1818181818182,11.0,136008.13984244203,1134.946044921875,"(np.int64(1050), np.int64(787), np.int64(1055), np.int64(791))",336,22
208,1553.5,1245.0,16.0,197830.0215890066,768.7431640625,"(np.int64(1241), np.int64(1552), np.int64(1250), np.int64(1556))",303,111
208,415.25,1540.75,8.0,98915.0107945033,802.14453125,"(np.int64(1539), np.int64(413), np.int64(1543), np.int64(418))",332,20
208,516.0,1806.0,1.0,12364.376349312912,1344.7147216796875,"(np.int64(1806), np.int64(516), np.int64(1807), np.int64(517))",112,2
208,1766.0,1831.0,1.0,12364.376349312912,612.24169921875,"(np.int64(1831), np.int64(1766), np.int64(1832), np.int64(1767))",351,63
208,1833.0,1940.0,1.0,12364.376349312912,672.71435546875,"(np.int64(1940), np.int64(1833), np.int64(1941), np.int64(1834))",257,79
209,47.5,166.5,6.0,74186.25809587748,871.145263671875,"(np.int64(166), np.int64(46), np.int64(168), np.int64(50))",156,129
209,53.05952380952381,231.10714285714286,49.0,605854.4411163327,2784.72509765625,"(np.int64(224), np.int64(42), np.int64(236), np.int64(69))",221,90
209,49.604651162790695,272.4186046511628,43.0,531668.1830204552,906.7010498046875,"(np.int64(266), np.int64(44), np.int64(278), np.int64(58))",120,39
209,1503.4743589743591,412.02564102564105,18.0,222558.7742876324,703.98974609375,"(np.int64(410), np.int64(1499), np.int64(416), np.int64(1511))",238,16
209,359.0,421.0,2.0,24728.752698625824,612.2818603515625,"(np.int64(413), np.int64(359), np.int64(430), np.int64(360))",89,139
209,1005.75,818.25,4.0,49457.50539725165,703.98974609375,"(np.int64(818), np.int64(1004), np.int64(820), np.int64(1009))",42,180
209,481.5263157894737,861.3684210526316,19.0,234923.15063694533,802.1295166015625,"(np.int64(858), np.int64(479), np.int64(865), np.int64(485))",362,6
209,997.5,858.5,2.0,24728.752698625824,612.2818603515625,"(np.int64(858), np.int64(997), np.int64(860), np.int64(999))",42,180
209,164.5,907.5,2.0,24728.752698625824,642.1285400390625,"(np.int64(907), np.int64(164), np.int64(909), np.int64(166))",359,4
209,787.75,1051.95,11.0,136008.13984244203,672.69775390625,"(np.int64(1047), np.int64(787), np.int64(1055), np.int64(790))",336,22
209,1553.4705882352941,1244.6470588235295,34.0,420388.795876639,906.7010498046875,"(np.int64(1241), np.int64(1551), np.int64(1250), np.int64(1557))",303,111
209,1762.5,1831.0,2.0,24728.752698625824,612.2818603515625,"(np.int64(1831), np.int64(1762), np.int64(1832), np.int64(1764))",351,63
210,48.4,166.4,5.0,61821.881746564555,906.6805419921875,"(np.int64(166), np.int64(47), np.int64(168), np.int64(51))",156,129
210,53.25066844919786,231.34893048128342,61.0,754226.9573080876,2478.9228515625,"(np.int64(223), np.int64(41), np.int64(238), np.int64(71))",221,90
210,50.361111111111114,269.2361111111111,27.0,333838.16143144865,768.6875,"(np.int64(266), np.int64(45), np.int64(278), np.int64(56))",120,39
210,1503.0,413.0,1.0,12364.376349312912,612.2860107421875,"(np.int64(413), np.int64(1503), np.int64(414), np.int64(1504))",238,16
210,374.5,427.0,2.0,24728.752698625824,612.2860107421875,"(np.int64(423), np.int64(369), np.int64(432), np.int64(381))",89,139
210,1006.1,818.2,6.0,74186.25809587746,871.118896484375,"(np.int64(818), np.int64(1003), np.int64(820), np.int64(1009))",42,180
210,789.0,1051.0,1.0,12364.376349312912,612.2860107421875,"(np.int64(1051), np.int64(789), np.int64(1052), np.int64(790))",336,22
210,1555.7857142857142,1241.4285714285716,50.0,618218.8174656456,1175.484619140625,"(np.int64(1238), np.int64(1551), np.int64(1250), np.int64(1559))",303,111
210,1783.0,1826.0,1.0,12364.376349312912,612.2860107421875,"(np.int64(1826), np.int64(1783), np.int64(1827), np.int64(1784))",351,63
211,47.0,166.4,5.0,61821.881746564555,802.1536865234375,"(np.int64(166), np.int64(45), np.int64(168), np.int64(50))",156,129
211,68.11065573770492,230.10245901639342,67.0,828413.2154039651,2911.978271484375,"(np.int64(222), np.int64(54), np.int64(234), np.int64(76))",221,90
211,39.55172413793103,236.86206896551724,29.0,358566.91413007444,942.950439453125,"(np.int64(232), np.int64(37), np.int64(242), np.int64(43))",221,90
211,46.09090909090909,273.9545454545455,12.0,148372.51619175496,672.7010498046875,"(np.int64(269), np.int64(44), np.int64(277), np.int64(52))",120,39
211,359.5,426.8333333333333,6.0,74186.25809587746,612.2581787109375,"(np.int64(421), np.int64(355), np.int64(435), np.int64(368))",89,139
211,617.0,857.0,1.0,12364.376349312912,1433.58251953125,"(np.int64(857), np.int64(617), np.int64(858), np.int64(618))",189,2
211,480.57142857142856,870.6428571428571,8.0,98915.0107945033,735.979736328125,"(np.int64(870), np.int64(478), np.int64(873), np.int64(486))",362,6
211,164.0,907.0,1.0,12364.376349312912,612.2581787109375,"(np.int64(907), np.int64(164), np.int64(908), np.int64(165))",359,4
211,1553.2363636363636,1244.581818181818,55.0,680040.6992122101,1175.4453125,"(np.int64(1240), np.int64(1549), np.int64(1250), np.int64(1558))",303,111
211,1785.25,1823.75,6.0,74186.25809587748,642.1546630859375,"(np.int64(1822), np.int64(1779), np.int64(1827), np.int64(1792))",351,63
211,1831.75,1934.0,4.0,49457.50539725165,735.979736328125,"(np.int64(1933), np.int64(1831), np.int64(1936), np.int64(1833))",257,79
212,46.5,166.5,6.0,74186.25809587748,703.973876953125,"(np.int64(166), np.int64(45), np.int64(168), np.int64(49))",156,129
212,47.0,272.0,1.0,12364.376349312912,612.281494140625,"(np.int64(272), np.int64(47), np.int64(273), np.int64(48))",120,39
212,356.0,426.0,1.0,12364.376349312912,612.281494140625,"(np.int64(426), np.int64(356), np.int64(427), np.int64(357))",89,139
212,481.5,871.0,10.0,123643.76349312911,979.9276123046875,"(np.int64(870), np.int64(478), np.int64(873), np.int64(486))",362,6
212,1552.888888888889,1244.6984126984128,63.0,778955.7100067134,1388.819580078125,"(np.int64(1241), np.int64(1549), np.int64(1252), np.int64(1558))",303,111
212,408.85714285714283,1501.4285714285713,7.0,86550.63444519039,836.2864990234375,"(np.int64(1499), np.int64(408), np.int64(1505), np.int64(410))",300,65
212,1776.75,1826.75,11.0,136008.13984244203,642.13623046875,"(np.int64(1826), np.int64(1771), np.int64(1829), np.int64(1783))",351,63
212,1838.6666666666667,1888.0,3.0,37093.12904793874,672.7421875,"(np.int64(1887), np.int64(1838), np.int64(1890), np.int64(1840))",257,79
212,1832.0,1933.5,2.0,24728.752698625824,612.281494140625,"(np.int64(1933), np.int64(1832), np.int64(1935), np.int64(1833))",257,79
213,48.0,167.0,5.0,61821.881746564555,768.6990966796875,"(np.int64(167), np.int64(46), np.int64(168), np.int64(51))",156,129
213,38.75,237.71428571428572,56.0,692405.0755615231,979.94091796875,"(np.int64(230), np.int64(35), np.int64(245), np.int64(46))",221,90
213,360.0,428.0,2.0,24728.752698625824,612.234619140625,"(np.int64(425), np.int64(359), np.int64(432), np.int64(362))",89,139
213,483.5,871.0,8.0,98915.0107945033,802.1536865234375,"(np.int64(871), np.int64(480), np.int64(872), np.int64(488))",362,6
213,1536.5,1226.5,4.0,49457.50539725165,871.12158203125,"(np.int64(1226), np.int64(1536), np.int64(1228), np.int64(1538))",303,111
213,410.2,1500.3,10.0,123643.76349312911,979.94091796875,"(np.int64(1498), np.int64(409), np.int64(1504), np.int64(412))",300,65
213,1973.0,1626.0,1.0,12364.376349312912,612.234619140625,"(np.int64(1626), np.int64(1973), np.int64(1627), np.int64(1974))",250,74
213,1046.0,1729.0,1.0,12364.376349312912,612.234619140625,"(np.int64(1729), np.int64(1046), np.int64(1730), np.int64(1047))",60,64
213,1772.0,1829.0,2.0,24728.752698625824,612.234619140625,"(np.int64(1828), np.int64(1769), np.int64(1831), np.int64(1776))",351,63
213,1840.3333333333333,1888.1666666666667,6.0,74186.25809587748,672.7469482421875,"(np.int64(1886), np.int64(1840), np.int64(1891), np.int64(1842))",257,79
214,47.5,166.0,2.0,24728.752698625824,768.70849609375,"(np.int64(166), np.int64(47), np.int64(167), np.int64(49))",156,129
214,36.724137931034484,237.58620689655172,29.0,358566.91413007444,979.943359375,"(np.int64(233), np.int64(35), np.int64(245), np.int64(42))",221,90
214,1389.0,403.0,1.0,12364.376349312912,612.261962890625,"(np.int64(403), np.int64(1389), np.int64(404), np.int64(1390))",97,28
214,360.6666666666667,422.3333333333333,3.0,37093.12904793874,612.261962890625,"(np.int64(419), np.int64(356), np.int64(429), np.int64(369))",89,139
214,484.0,870.0,5.0,61821.881746564555,735.9954833984375,"(np.int64(870), np.int64(482), np.int64(871), np.int64(487))",362,6
214,1536.0,1226.0,1.0,12364.376349312912,704.0023193359375,"(np.int64(1226), np.int64(1536), np.int64(1227), np.int64(1537))",303,111
214,409.42857142857144,1499.2857142857142,7.0,86550.63444519039,836.2940673828125,"(np.int64(1498), np.int64(409), np.int64(1502), np.int64(411))",300,65
214,1251.0,1498.5,2.0,24728.752698625824,768.70849609375,"(np.int64(1498), np.int64(1251), np.int64(1500), np.int64(1252))",267,11
214,1971.6,1627.6,5.0,61821.881746564555,672.72900390625,"(np.int64(1626), np.int64(1971), np.int64(1630), np.int64(1973))",250,74
214,881.0,1739.0,1.0,12364.376349312912,612.261962890625,"(np.int64(1739), np.int64(881), np.int64(1740), np.int64(882))",64,138
214,1767.0,1829.0,5.0,61821.88174656456,642.0955810546875,"(np.int64(1828), np.int64(1765), np.int64(1831), np.int64(1770))",351,63
214,1840.5416666666665,1885.2083333333335,13.0,160736.89254106788,735.9954833984375,"(np.int64(1882), np.int64(1839), np.int64(1891), np.int64(1842))",257,79
215,48.75,167.5,3.0,37093.12904793874,642.15185546875,"(np.int64(167), np.int64(47), np.int64(169), np.int64(51))",156,129
215,356.25,423.0,3.0,37093.12904793874,612.2769775390625,"(np.int64(421), np.int64(354), np.int64(426), np.int64(359))",89,139
215,474.0,871.0,1.0,12364.376349312912,612.2769775390625,"(np.int64(871), np.int64(474), np.int64(872), np.int64(475))",362,6
215,791.0,1055.5,2.0,24728.752698625824,768.7208251953125,"(np.int64(1055), np.int64(791), np.int64(1057), np.int64(792))",336,22
215,1534.6666666666667,1227.6666666666667,3.0,37093.12904793874,768.7208251953125,"(np.int64(1227), np.int64(1534), np.int64(1229), np.int64(1536))",303,111
215,110.5,1431.5,4.0,49457.50539725165,612.2769775390625,"(np.int64(1431), np.int64(109), np.int64(1433), np.int64(113))",29,54
215,409.4,1499.8,5.0,61821.881746564555,642.15185546875,"(np.int64(1499), np.int64(409), np.int64(1502), np.int64(411))",300,65
215,1971.5,1629.0,4.0,49457.50539725165,642.15185546875,"(np.int64(1628), np.int64(1971), np.int64(1631), np.int64(1973))",250,74
215,1771.4,1828.8,6.0,74186.25809587746,612.2769775390625,"(np.int64(1828), np.int64(1766), np.int64(1831), np.int64(1777))",351,63
215,1840.0,1887.5,6.0,74186.25809587748,736.0181884765625,"(np.int64(1885), np.int64(1840), np.int64(1891), np.int64(1841))",257,79
215,1841.0,1927.0,1.0,12364.376349312912,612.2769775390625,"(np.int64(1927), np.int64(1841), np.int64(1928), np.int64(1842))",257,79
215,1602.0,2018.0,1.0,12364.376349312912,612.2769775390625,"(np.int64(2018), np.int64(1602), np.int64(2019), np.int64(1603))",368,7
216,1393.0,402.0,1.0,12364.376349312912,612.2452392578125,"(np.int64(402), np.int64(1393), np.int64(403), np.int64(1394))",97,28
216,791.3333333333334,1056.6666666666667,3.0,37093.12904793874,612.2452392578125,"(np.int64(1056), np.int64(791), np.int64(1058), np.int64(793))",336,22
216,1534.1818181818182,1229.3636363636363,11.0,136008.13984244203,871.1051025390625,"(np.int64(1228), np.int64(1531), np.int64(1231), np.int64(1538))",303,111
216,107.0,1434.5,2.0,24728.752698625824,612.2452392578125,"(np.int64(1434), np.int64(106), np.int64(1436), np.int64(109))",29,54
216,411.0,1500.0,1.0,12364.376349312912,612.2452392578125,"(np.int64(1500), np.int64(411), np.int64(1501), np.int64(412))",300,65
216,1971.4,1633.3,10.0,123643.76349312911,1095.10400390625,"(np.int64(1630), np.int64(1970), np.int64(1637), np.int64(1974))",250,74
216,1767.0,1830.0,1.0,12364.376349312912,612.2452392578125,"(np.int64(1830), np.int64(1767), np.int64(1831), np.int64(1768))",351,63
216,292.0,1847.0,1.0,12364.376349312912,612.2452392578125,"(np.int64(1847), np.int64(292), np.int64(1848), np.int64(293))",370,2
216,1841.0,1888.5,4.0,49457.50539725165,672.7030029296875,"(np.int64(1887), np.int64(1841), np.int64(1891), np.int64(1842))",257,79
216,1601.5714285714287,2018.2857142857142,7.0,86550.63444519039,703.97607421875,"(np.int64(2016), np.int64(1600), np.int64(2021), np.int64(1604))",368,7
217,361.6666666666667,423.8333333333333,4.0,49457.50539725165,642.1474609375,"(np.int64(417), np.int64(357), np.int64(429), np.int64(371))",89,139
217,951.0,549.0,1.0,12364.376349312912,612.2767333984375,"(np.int64(549), np.int64(951), np.int64(550), np.int64(952))",371,5
217,1533.642857142857,1228.5714285714287,14.0,173101.26889038077,1095.102294921875,"(np.int64(1228), np.int64(1531), np.int64(1231), np.int64(1538))",303,111
217,1559.234375,1256.671875,53.0,655311.9465135843,1525.3514404296875,"(np.int64(1242), np.int64(1552), np.int64(1275), np.int64(1566))",303,111
217,1971.7,1632.6,16.0,197830.0215890066,1175.480712890625,"(np.int64(1630), np.int64(1968), np.int64(1639), np.int64(1974))",250,74
217,370.2857142857143,1806.857142857143,7.0,86550.63444519039,735.9979858398438,"(np.int64(1805), np.int64(370), np.int64(1810), np.int64(372))",45,51
217,1771.0,1830.0,1.0,12364.376349312912,612.2767333984375,"(np.int64(1830), np.int64(1771), np.int64(1831), np.int64(1772))",351,63
217,1602.0,2019.0,9.0,111279.3871438162,642.1474609375,"(np.int64(2017), np.int64(1601), np.int64(2022), np.int64(1604))",368,7
218,360.5,426.5,2.0,24728.752698625824,612.256103515625,"(np.int64(424), np.int64(358), np.int64(430), np.int64(364))",89,139
218,950.0,549.5,2.0,24728.752698625824,612.256103515625,"(np.int64(549), np.int64(950), np.int64(551), np.int64(951))",371,5
218,790.0,1055.0,1.0,12364.376349312912,642.1159057617188,"(np.int64(1055), np.int64(790), np.int64(1056), np.int64(791))",336,22
218,1534.6153846153845,1228.076923076923,13.0,160736.89254106785,1525.321044921875,"(np.int64(1227), np.int64(1532), np.int64(1230), np.int64(1538))",303,111
218,1559.9766081871346,1258.9298245614036,59.0,729498.2046094618,1525.321044921875,"(np.int64(1242), np.int64(1552), np.int64(1269), np.int64(1565))",303,111
218,1969.3636363636363,1635.7272727272727,22.0,272016.27968488407,1258.6654052734375,"(np.int64(1631), np.int64(1966), np.int64(1640), np.int64(1973))",250,74
218,370.42857142857144,1806.7142857142858,14.0,173101.26889038077,836.2752685546875,"(np.int64(1804), np.int64(369), np.int64(1811), np.int64(372))",45,51
218,1600.85,2019.7,7.0,86550.63444519037,612.256103515625,"(np.int64(2018), np.int64(1599), np.int64(2022), np.int64(1603))",368,7
219,36.53333333333333,238.26666666666668,15.0,185465.64523969367,1055.994140625,"(np.int64(235), np.int64(36), np.int64(243), np.int64(38))",221,90
219,125.5,416.5,2.0,24728.752698625824,642.1126708984375,"(np.int64(416), np.int64(125), np.int64(418), np.int64(127))",352,57
219,381.0,430.0,1.0,12364.376349312912,612.2884521484375,"(np.int64(430), np.int64(381), np.int64(431), np.int64(382))",89,139
219,1533.0,1226.1666666666667,6.0,74186.25809587748,906.6671142578125,"(np.int64(1226), np.int64(1531), np.int64(1228), np.int64(1536))",303,111
219,1555.6451612903227,1247.258064516129,62.0,766591.3336574006,1619.923583984375,"(np.int64(1241), np.int64(1551), np.int64(1256), np.int64(1562))",303,111
219,1964.2777777777778,1636.2592592592591,28.0,346202.5377807615,1175.4453125,"(np.int64(1631), np.int64(1961), np.int64(1639), np.int64(1971))",250,74
219,1787.8333333333333,1755.1666666666667,6.0,74186.25809587748,703.9760131835938,"(np.int64(1754), np.int64(1787), np.int64(1757), np.int64(1790))",174,14
219,370.0,1805.0,3.0,37093.12904793874,642.1126708984375,"(np.int64(1804), np.int64(370), np.int64(1807), np.int64(371))",45,51
219,1600.1875,2018.8125,16.0,197830.0215890066,703.9760131835938,"(np.int64(2017), np.int64(1597), np.int64(2023), np.int64(1603))",368,7
220,42.489999999999995,233.56,27.0,333838.16143144865,1344.701904296875,"(np.int64(228), np.int64(36), np.int64(244), np.int64(49))",221,90
220,329.80952380952385,366.69047619047615,16.0,197830.02158900662,612.2658081054688,"(np.int64(358), np.int64(310), np.int64(382), np.int64(350))",339,2
220,364.0,425.0,1.0,12364.376349312912,612.2658081054688,"(np.int64(425), np.int64(364), np.int64(426), np.int64(365))",89,139
220,1848.5,532.0,2.0,24728.752698625824,871.1240234375,"(np.int64(532), np.int64(1848), np.int64(533), np.int64(1850))",81,75
220,768.0,1151.5,2.0,24728.752698625824,642.1359252929688,"(np.int64(1151), np.int64(768), np.int64(1153), np.int64(769))",375,5
220,1556.9245283018868,1249.188679245283,53.0,655311.9465135843,1095.12548828125,"(np.int64(1240), np.int64(1553), np.int64(1264), np.int64(1563))",303,111
220,411.0,1496.0,1.0,12364.376349312912,612.2658081054688,"(np.int64(1496), np.int64(411), np.int64(1497), np.int64(412))",300,65
220,202.0,1535.0,1.0,12364.376349312912,612.2658081054688,"(np.int64(1535), np.int64(202), np.int64(1536), np.int64(203))",43,115
220,1966.093023255814,1635.2093023255813,43.0,531668.1830204552,1433.62109375,"(np.int64(1630), np.int64(1959), np.int64(1640), np.int64(1971))",250,74
220,369.8333333333333,1804.6666666666667,12.0,148372.51619175496,906.6719970703125,"(np.int64(1802), np.int64(369), np.int64(1808), np.int64(372))",45,51
220,1601.857142857143,2020.2142857142858,14.0,173101.26889038077,703.999267578125,"(np.int64(2018), np.int64(1600), np.int64(2023), np.int64(1605))",368,7
221,76.375,225.609375,64.0,791320.0863560264,1973.3614501953125,"(np.int64(220), np.int64(64), np.int64(230), np.int64(88))",221,90
221,41.52241379310345,235.70603448275864,49.0,605854.4411163327,1301.3282470703125,"(np.int64(227), np.int64(36), np.int64(247), np.int64(50))",221,90
221,353.0,416.0,2.0,24728.752698625824,612.2967529296875,"(np.int64(413), np.int64(352), np.int64(420), np.int64(355))",89,139
221,126.25,417.5,8.0,98915.0107945033,703.978759765625,"(np.int64(416), np.int64(124), np.int64(420), np.int64(130))",352,57
221,766.6666666666666,1153.0,3.0,37093.12904793874,703.978759765625,"(np.int64(1152), np.int64(766), np.int64(1155), np.int64(768))",375,5
221,1557.5238095238096,1252.547619047619,42.0,519303.8066711423,1175.468994140625,"(np.int64(1243), np.int64(1553), np.int64(1266), np.int64(1563))",303,111
221,1565.0,1278.0,1.0,12364.376349312912,612.2967529296875,"(np.int64(1278), np.int64(1565), np.int64(1279), np.int64(1566))",303,111
221,1322.0,1468.0,1.0,12364.376349312912,3957.33349609375,"(np.int64(1468), np.int64(1322), np.int64(1469), np.int64(1323))",77,2
221,411.5,1498.0,2.0,24728.752698625824,642.134033203125,"(np.int64(1498), np.int64(411), np.int64(1499), np.int64(413))",300,65
221,1964.658536585366,1637.3658536585365,41.0,506939.4303218294,1258.65185546875,"(np.int64(1633), np.int64(1960), np.int64(1641), np.int64(1970))",250,74
221,370.0,1806.0,5.0,61821.881746564555,703.978759765625,"(np.int64(1804), np.int64(370), np.int64(1809), np.int64(371))",45,51
221,1600.0,2020.0,1.0,12364.376349312912,612.2967529296875,"(np.int64(2020), np.int64(1600), np.int64(2021), np.int64(1601))",368,7
222,1822.3,346.8,8.0,98915.0107945033,736.006103515625,"(np.int64(337), np.int64(1816), np.int64(357), np.int64(1829))",96,86
222,1401.5,399.0,2.0,24728.752698625824,672.6997680664062,"(np.int64(399), np.int64(1401), np.int64(400), np.int64(1403))",97,28
222,349.5,411.0,2.0,24728.752698625824,642.1495361328125,"(np.int64(411), np.int64(349), np.int64(412), np.int64(351))",89,139
222,1396.6,477.0,5.0,61821.881746564555,672.6997680664062,"(np.int64(476), np.int64(1395), np.int64(479), np.int64(1399))",153,58
222,1436.0,476.0,1.0,12364.376349312912,612.260986328125,"(np.int64(476), np.int64(1436), np.int64(477), np.int64(1437))",153,58
222,716.75,569.25,4.0,49457.50539725165,642.1495361328125,"(np.int64(568), np.int64(715), np.int64(572), np.int64(719))",130,26
222,768.5,1154.0,2.0,24728.752698625824,642.1495361328125,"(np.int64(1154), np.int64(768), np.int64(1155), np.int64(770))",375,5
222,1533.2222222222222,1227.5555555555557,9.0,111279.3871438162,906.6612548828125,"(np.int64(1227), np.int64(1531), np.int64(1229), np.int64(1536))",303,111
222,1559.2051282051282,1252.5641025641025,39.0,482210.67762320355,906.6612548828125,"(np.int64(1242), np.int64(1554), np.int64(1266), np.int64(1565))",303,111
222,1969.717391304348,1634.8695652173913,47.0,581125.6884177069,1216.72265625,"(np.int64(1631), np.int64(1961), np.int64(1643), np.int64(1973))",250,74
222,1786.0,1749.5,2.0,24728.752698625824,642.1495361328125,"(np.int64(1749), np.int64(1786), np.int64(1751), np.int64(1787))",174,14
223,76.20952380952382,223.4392857142857,56.0,692405.0755615231,1258.652587890625,"(np.int64(218), np.int64(62), np.int64(229), np.int64(87))",221,90
223,42.76960784313725,238.72058823529412,40.0,494575.0539725165,1134.9478759765625,"(np.int64(232), np.int64(37), np.int64(251), np.int64(49))",221,90
223,1827.9444444444443,353.44444444444446,18.0,222558.7742876324,704.013427734375,"(np.int64(350), np.int64(1826), np.int64(357), np.int64(1831))",96,86
223,1403.5,399.75,7.0,86550.63444519039,735.9918212890625,"(np.int64(398), np.int64(1400), np.int64(402), np.int64(1407))",97,28
223,351.5,412.5,2.0,24728.752698625824,642.14306640625,"(np.int64(412), np.int64(351), np.int64(414), np.int64(353))",89,139
223,1396.75,478.375,16.0,197830.0215890066,735.9918212890625,"(np.int64(475), np.int64(1394), np.int64(482), np.int64(1400))",153,58
223,1438.0,480.0,1.0,12364.376349312912,612.2510375976562,"(np.int64(480), np.int64(1438), np.int64(481), np.int64(1439))",153,58
223,1572.5,1070.5,2.0,24728.752698625824,642.14306640625,"(np.int64(1070), np.int64(1572), np.int64(1072), np.int64(1574))",76,62
223,768.0,1153.5,2.0,24728.752698625824,642.14306640625,"(np.int64(1153), np.int64(768), np.int64(1155), np.int64(769))",375,5
223,1533.0,1228.0,3.0,37093.12904793874,768.7255859375,"(np.int64(1228), np.int64(1532), np.int64(1229), np.int64(1535))",303,111
223,1559.5232323232324,1253.8181818181818,24.0,296745.0323835099,768.7255859375,"(np.int64(1242), np.int64(1553), np.int64(1268), np.int64(1565))",303,111
223,1966.4489795918366,1639.265306122449,49.0,605854.4411163327,2026.672607421875,"(np.int64(1631), np.int64(1959), np.int64(1644), np.int64(1973))",250,74
224,75.6031746031746,225.34920634920636,47.0,581125.6884177069,1056.0057373046875,"(np.int64(219), np.int64(62), np.int64(228), np.int64(83))",221,90
224,42.70652173913044,239.02173913043478,25.0,309109.4087328228,1216.7142333984375,"(np.int64(233), np.int64(38), np.int64(251), np.int64(48))",221,90
224,1236.0,385.0,1.0,12364.376349312912,703.9933471679688,"(np.int64(385), np.int64(1236), np.int64(386), np.int64(1237))",234,2
224,1405.25,400.375,13.0,160736.89254106788,768.718505859375,"(np.int64(396), np.int64(1399), np.int64(404), np.int64(1410))",97,28
224,358.75,417.5,3.0,37093.12904793874,612.2808837890625,"(np.int64(414), np.int64(353), np.int64(422), np.int64(365))",89,139
224,1396.2307692307693,477.9230769230769,13.0,160736.89254106785,672.6984252929688,"(np.int64(475), np.int64(1394), np.int64(481), np.int64(1399))",153,58
224,1865.5,536.0,2.0,24728.752698625824,672.6984252929688,"(np.int64(536), np.int64(1865), np.int64(537), np.int64(1867))",81,75
224,718.0,571.0,1.0,12364.376349312912,612.2808837890625,"(np.int64(571), np.int64(718), np.int64(572), np.int64(719))",130,26
224,793.5,1057.5,4.0,49457.50539725165,871.1080932617188,"(np.int64(1057), np.int64(793), np.int64(1059), np.int64(795))",336,22
224,1575.888888888889,1075.611111111111,15.0,185465.6452396937,802.1488647460938,"(np.int64(1067), np.int64(1570), np.int64(1088), np.int64(1585))",76,62
224,768.0,1154.0,1.0,12364.376349312912,612.2808837890625,"(np.int64(1154), np.int64(768), np.int64(1155), np.int64(769))",375,5
224,1562.642307692308,1260.5461538461539,23.0,284380.6560341969,836.2786865234375,"(np.int64(1240), np.int64(1553), np.int64(1281), np.int64(1572))",303,111
224,1968.284090909091,1636.840909090909,45.0,556396.9357190811,1525.3187255859375,"(np.int64(1634), np.int64(1959), np.int64(1644), np.int64(1972))",250,74
224,1159.5,1679.5,4.0,49457.50539725165,642.139892578125,"(np.int64(1678), np.int64(1159), np.int64(1682), np.int64(1161))",166,16
224,1783.0,1743.0,1.0,12364.376349312912,612.2808837890625,"(np.int64(1743), np.int64(1783), np.int64(1744), np.int64(1784))",174,14
225,74.56451612903226,220.0,32.0,395660.0431780132,1056.0057373046875,"(np.int64(217), np.int64(64), np.int64(226), np.int64(79))",221,90
225,39.0,245.85714285714286,21.0,259651.90333557114,1056.0057373046875,"(np.int64(241), np.int64(38), np.int64(252), np.int64(42))",221,90
225,1827.0,352.0,1.0,12364.376349312912,612.2808837890625,"(np.int64(352), np.int64(1827), np.int64(353), np.int64(1828))",96,86
225,1401.8947368421052,396.3157894736842,19.0,234923.15063694533,768.718505859375,"(np.int64(394), np.int64(1399), np.int64(399), np.int64(1405))",97,28
225,349.75,412.25,3.0,37093.12904793874,612.2808837890625,"(np.int64(412), np.int64(348), np.int64(414), np.int64(353))",89,139
225,406.0,418.0,1.0,12364.376349312912,612.2808837890625,"(np.int64(418), np.int64(406), np.int64(419), np.int64(407))",179,14
225,1396.25,478.6,7.0,86550.63444519037,672.6984252929688,"(np.int64(476), np.int64(1394), np.int64(481), np.int64(1399))",153,58
225,717.5,571.0,2.0,24728.752698625824,672.6984252929688,"(np.int64(571), np.int64(717), np.int64(572), np.int64(719))",130,26
225,1575.0,1072.7692307692307,19.0,234923.15063694533,836.2786865234375,"(np.int64(1064), np.int64(1570), np.int64(1088), np.int64(1585))",76,62
225,1553.7368421052631,1245.0526315789473,19.0,234923.15063694533,1017.6050415039062,"(np.int64(1242), np.int64(1552), np.int64(1250), np.int64(1557))",303,111
225,1567.0,1268.5,4.0,49457.50539725165,612.2808837890625,"(np.int64(1266), np.int64(1565), np.int64(1271), np.int64(1569))",303,111
225,1966.8854166666667,1637.1145833333333,34.0,420388.79587663896,1344.728759765625,"(np.int64(1634), np.int64(1962), np.int64(1643), np.int64(1972))",250,74
225,1158.0,1677.0,1.0,12364.376349312912,642.139892578125,"(np.int64(1677), np.int64(1158), np.int64(1678), np.int64(1159))",166,16
225,1786.0,1748.5,2.0,24728.752698625824,642.139892578125,"(np.int64(1746), np.int64(1785), np.int64(1752), np.int64(1788))",174,14
226,75.28260869565217,220.76086956521738,24.0,296745.03238350985,871.123291015625,"(np.int64(218), np.int64(71), np.int64(226), np.int64(84))",221,90
226,39.0,248.0,1.0,12364.376349312912,642.1329345703125,"(np.int64(248), np.int64(39), np.int64(249), np.int64(40))",221,90
226,1824.8333333333335,352.83333333333337,4.0,49457.50539725165,642.1329345703125,"(np.int64(351), np.int64(1824), np.int64(355), np.int64(1827))",96,86
226,1402.2525879917184,396.17184265010354,31.0,383295.6668287002,768.729248046875,"(np.int64(392), np.int64(1398), np.int64(401), np.int64(1406))",97,28
226,356.6666666666667,416.6666666666667,3.0,37093.12904793874,612.2589721679688,"(np.int64(412), np.int64(349), np.int64(424), np.int64(367))",89,139
226,1398.0,480.5,2.0,24728.752698625824,642.1329345703125,"(np.int64(480), np.int64(1397), np.int64(482), np.int64(1400))",153,58
226,715.375,569.875,8.0,98915.0107945033,768.729248046875,"(np.int64(568), np.int64(714), np.int64(572), np.int64(718))",130,26
226,793.6666666666666,1055.6666666666667,3.0,37093.12904793874,704.0023193359375,"(np.int64(1055), np.int64(793), np.int64(1057), np.int64(795))",336,22
226,1577.5757575757577,1077.5636363636363,19.0,234923.15063694533,836.2703247070312,"(np.int64(1064), np.int64(1568), np.int64(1088), np.int64(1584))",76,62
226,1550.44,1242.08,19.0,234923.1506369453,979.9251708984375,"(np.int64(1236), np.int64(1542), np.int64(1256), np.int64(1562))",303,111
226,1168.0,1345.0,1.0,12364.376349312912,612.2589721679688,"(np.int64(1345), np.int64(1168), np.int64(1346), np.int64(1169))",101,2
226,1689.0,1551.0,1.0,12364.376349312912,642.1329345703125,"(np.int64(1551), np.int64(1689), np.int64(1552), np.int64(1690))",380,3
226,1966.3333333333333,1637.9333333333334,30.0,370931.29047938733,1095.0914306640625,"(np.int64(1633), np.int64(1963), np.int64(1642), np.int64(1971))",250,74
226,1157.3333333333333,1675.6666666666667,3.0,37093.12904793874,704.0023193359375,"(np.int64(1675), np.int64(1157), np.int64(1677), np.int64(1159))",166,16
226,1783.0,1742.0,1.0,12364.376349312912,612.2589721679688,"(np.int64(1742), np.int64(1783), np.int64(1743), np.int64(1784))",174,14
226,1811.0,1814.4,5.0,61821.881746564555,642.1329345703125,"(np.int64(1814), np.int64(1809), np.int64(1816), np.int64(1814))",351,63
227,82.5,225.33333333333334,6.0,74186.25809587748,768.7222900390625,"(np.int64(225), np.int64(81), np.int64(227), np.int64(85))",221,90
227,1824.857142857143,353.14285714285717,7.0,86550.63444519039,642.1478271484375,"(np.int64(351), np.int64(1824), np.int64(356), np.int64(1827))",96,86
227,1842.0,372.0,1.0,12364.376349312912,642.1478271484375,"(np.int64(372), np.int64(1842), np.int64(373), np.int64(1843))",96,86
227,1401.530612244898,396.16326530612247,49.0,605854.4411163327,871.12939453125,"(np.int64(392), np.int64(1398), np.int64(402), np.int64(1406))",97,28
227,351.0,414.0,1.0,12364.376349312912,612.242919921875,"(np.int64(414), np.int64(351), np.int64(415), np.int64(352))",89,139
227,1395.625,481.625,6.0,74186.25809587748,642.1478271484375,"(np.int64(476), np.int64(1387), np.int64(487), np.int64(1401))",153,58
227,713.0,569.5,2.0,24728.752698625824,735.9775390625,"(np.int64(569), np.int64(713), np.int64(571), np.int64(714))",130,26
227,792.0,1057.0,1.0,12364.376349312912,672.6903076171875,"(np.int64(1057), np.int64(792), np.int64(1058), np.int64(793))",336,22
227,1581.0,1082.25,3.0,37093.12904793874,642.1478271484375,"(np.int64(1080), np.int64(1581), np.int64(1085), np.int64(1582))",76,62
227,1557.8541666666665,1249.90625,28.0,346202.53778076154,906.6559448242188,"(np.int64(1245), np.int64(1553), np.int64(1259), np.int64(1563))",303,111
227,1689.0,1552.0,1.0,12364.376349312912,735.9775390625,"(np.int64(1552), np.int64(1689), np.int64(1553), np.int64(1690))",380,3
227,1967.8225806451615,1635.1935483870968,32.0,395660.0431780132,1134.9420166015625,"(np.int64(1632), np.int64(1961), np.int64(1643), np.int64(1971))",250,74
227,1157.75,1683.25,5.0,61821.881746564555,802.1046142578125,"(np.int64(1675), np.int64(1156), np.int64(1692), np.int64(1160))",166,16
227,1783.0,1741.0,5.0,61821.881746564555,735.9775390625,"(np.int64(1740), np.int64(1782), np.int64(1743), np.int64(1785))",174,14
227,1808.5,1816.5,10.0,123643.76349312911,672.6903076171875,"(np.int64(1816), np.int64(1806), np.int64(1818), np.int64(1812))",351,63
227,1773.6666666666667,1825.5,4.0,49457.50539725165,612.242919921875,"(np.int64(1824), np.int64(1771), np.int64(1828), np.int64(1778))",351,63
228,119.0,47.0,1.0,12364.376349312912,642.1070556640625,"(np.int64(47), np.int64(119), np.int64(48), np.int64(120))",383,3
228,52.0,168.0,1.0,12364.376349312912,642.1070556640625,"(np.int64(168), np.int64(52), np.int64(169), np.int64(53))",156,129
228,73.25,219.75,4.0,49457.50539725165,672.73291015625,"(np.int64(219), np.int64(73), np.int64(222), np.int64(75))",221,90
228,1182.2,335.6666666666667,7.0,86550.63444519037,612.2467041015625,"(np.int64(330), np.int64(1179), np.int64(340), np.int64(1186))",384,2
228,1826.5,352.5,4.0,49457.50539725165,642.1070556640625,"(np.int64(350), np.int64(1826), np.int64(355), np.int64(1828))",96,86
228,1403.6166666666666,396.1,60.0,741862.5809587747,979.9219970703125,"(np.int64(390), np.int64(1400), np.int64(403), np.int64(1410))",97,28
228,357.0,415.0,1.0,12364.376349312912,612.2467041015625,"(np.int64(415), np.int64(357), np.int64(416), np.int64(358))",89,139
228,1400.0,483.0,7.0,86550.63444519039,672.73291015625,"(np.int64(480), np.int64(1397), np.int64(487), np.int64(1404))",153,58
228,713.0,569.0,1.0,12364.376349312912,871.090576171875,"(np.int64(569), np.int64(713), np.int64(570), np.int64(714))",130,26
228,960.6666666666666,948.6666666666666,3.0,37093.12904793874,871.090576171875,"(np.int64(948), np.int64(960), np.int64(950), np.int64(962))",385,3
228,1581.8,1082.4,5.0,61821.881746564555,704.01513671875,"(np.int64(1081), np.int64(1581), np.int64(1085), np.int64(1583))",76,62
228,1559.2685185185185,1251.6851851851852,33.0,408024.4195273261,871.090576171875,"(np.int64(1242), np.int64(1552), np.int64(1260), np.int64(1565))",303,111
228,413.5,1498.0,2.0,24728.752698625824,672.73291015625,"(np.int64(1498), np.int64(413), np.int64(1499), np.int64(415))",300,65
228,1966.9333333333334,1638.0,30.0,370931.29047938733,1344.69873046875,"(np.int64(1635), np.int64(1962), np.int64(1641), np.int64(1971))",250,74
228,1158.0,1675.0,1.0,12364.376349312912,672.73291015625,"(np.int64(1675), np.int64(1158), np.int64(1676), np.int64(1159))",166,16
228,1785.0,1740.5,2.0,24728.752698625824,612.2467041015625,"(np.int64(1740), np.int64(1785), np.int64(1742), np.int64(1786))",174,14
228,842.0,1758.0,1.0,12364.376349312912,612.2467041015625,"(np.int64(1758), np.int64(842), np.int64(1759), np.int64(843))",64,138
228,1810.0,1816.0,3.0,37093.12904793874,612.2467041015625,"(np.int64(1815), np.int64(1807), np.int64(1818), np.int64(1814))",351,63
228,1774.1666666666667,1825.8333333333333,6.0,74186.25809587748,612.2467041015625,"(np.int64(1825), np.int64(1772), np.int64(1827), np.int64(1777))",351,63
229,118.0,48.0,1.0,12364.376349312912,612.2535400390625,"(np.int64(48), np.int64(118), np.int64(49), np.int64(119))",383,3
229,1182.0,335.0,1.0,12364.376349312912,612.2535400390625,"(np.int64(335), np.int64(1182), np.int64(336), np.int64(1183))",384,2
229,1403.232142857143,395.73214285714283,56.0,692405.0755615231,906.6419677734375,"(np.int64(389), np.int64(1400), np.int64(403), np.int64(1408))",97,28
229,359.0,416.0,1.0,12364.376349312912,612.2535400390625,"(np.int64(416), np.int64(359), np.int64(417), np.int64(360))",89,139
229,1398.0,480.5,2.0,24728.752698625824,642.1275634765625,"(np.int64(480), np.int64(1398), np.int64(482), np.int64(1399))",153,58
229,792.0,1057.0,1.0,12364.376349312912,672.7158203125,"(np.int64(1057), np.int64(792), np.int64(1058), np.int64(793))",336,22
229,1548.6666666666665,1240.6166666666666,24.0,296745.0323835099,802.1480712890625,"(np.int64(1232), np.int64(1539), np.int64(1253), np.int64(1562))",303,111
229,412.3076923076923,1499.3846153846155,13.0,160736.89254106785,979.8980712890625,"(np.int64(1497), np.int64(411), np.int64(1503), np.int64(415))",300,65
229,1690.0,1552.5,2.0,24728.752698625824,642.1275634765625,"(np.int64(1552), np.int64(1690), np.int64(1554), np.int64(1691))",380,3
229,1966.3055555555557,1637.9166666666667,36.0,445117.5485752648,1344.68505859375,"(np.int64(1634), np.int64(1961), np.int64(1641), np.int64(1971))",250,74
229,839.0,1760.0,1.0,12364.376349312912,612.2535400390625,"(np.int64(1760), np.int64(839), np.int64(1761), np.int64(840))",64,138
229,1806.0,1817.0,4.0,49457.50539725165,642.1275634765625,"(np.int64(1816), np.int64(1803), np.int64(1819), np.int64(1811))",351,63
229,1777.25,1825.25,4.0,49457.50539725165,642.1275634765625,"(np.int64(1823), np.int64(1774), np.int64(1828), np.int64(1781))",351,63
230,1841.0,373.0,1.0,12364.376349312912,612.26806640625,"(np.int64(373), np.int64(1841), np.int64(374), np.int64(1842))",96,86
230,1399.75,396.37,51.0,630583.1938149586,802.16064453125,"(np.int64(390), np.int64(1396), np.int64(402), np.int64(1409))",97,28
230,790.5,1058.3333333333333,6.0,74186.25809587748,1388.7969970703125,"(np.int64(1058), np.int64(789), np.int64(1060), np.int64(793))",336,22
230,1539.0,1098.0,1.0,12364.376349312912,612.26806640625,"(np.int64(1098), np.int64(1539), np.int64(1099), np.int64(1540))",164,21
230,1544.0555555555557,1237.2222222222224,8.0,98915.0107945033,802.16064453125,"(np.int64(1233), np.int64(1537), np.int64(1245), np.int64(1556))",303,111
230,410.84615384615387,1501.0,13.0,160736.89254106785,1258.650390625,"(np.int64(1499), np.int64(410), np.int64(1504), np.int64(413))",300,65
230,1965.2105263157894,1638.842105263158,38.0,469846.30127389065,1175.4747314453125,"(np.int64(1635), np.int64(1960), np.int64(1642), np.int64(1970))",250,74
230,839.25,1751.5,3.0,37093.12904793874,612.26806640625,"(np.int64(1742), np.int64(837), np.int64(1762), np.int64(843))",64,138
230,1803.6666666666665,1816.8333333333335,8.0,98915.0107945033,642.1131591796875,"(np.int64(1816), np.int64(1800), np.int64(1819), np.int64(1807))",351,63
230,1771.0,1826.0,3.0,37093.12904793874,612.26806640625,"(np.int64(1826), np.int64(1770), np.int64(1827), np.int64(1773))",351,63
231,73.33333333333333,221.33333333333334,3.0,37093.12904793874,735.98779296875,"(np.int64(221), np.int64(73), np.int64(223), np.int64(75))",221,90
231,689.0,299.0,1.0,12364.376349312912,836.2786865234375,"(np.int64(299), np.int64(689), np.int64(300), np.int64(690))",79,5
231,1048.5,376.0,4.0,49457.50539725165,703.9933471679688,"(np.int64(375), np.int64(1048), np.int64(378), np.int64(1050))",346,13
231,1404.5,396.8030303030303,66.0,816048.8390546521,871.1080932617188,"(np.int64(390), np.int64(1396), np.int64(405), np.int64(1410))",97,28
231,359.0,421.5,2.0,24728.752698625824,612.2808837890625,"(np.int64(421), np.int64(358), np.int64(423), np.int64(361))",89,139
231,1409.0,493.0,1.0,12364.376349312912,612.2808837890625,"(np.int64(493), np.int64(1409), np.int64(494), np.int64(1410))",153,58
231,1847.0,519.0,1.0,12364.376349312912,642.139892578125,"(np.int64(519), np.int64(1847), np.int64(520), np.int64(1848))",81,75
231,710.0833333333333,566.25,5.0,61821.88174656456,703.9933471679688,"(np.int64(564), np.int64(708), np.int64(569), np.int64(713))",130,26
231,1166.0,808.0,1.0,12364.376349312912,612.2808837890625,"(np.int64(808), np.int64(1166), np.int64(809), np.int64(1167))",41,11
231,1539.0,1098.0,1.0,12364.376349312912,612.2808837890625,"(np.int64(1098), np.int64(1539), np.int64(1099), np.int64(1540))",164,21
231,1539.5,1235.0,2.0,24728.752698625824,612.2808837890625,"(np.int64(1235), np.int64(1539), np.int64(1236), np.int64(1541))",303,111
231,411.4166666666667,1502.4166666666667,12.0,148372.51619175496,1134.9425048828125,"(np.int64(1500), np.int64(410), np.int64(1506), np.int64(414))",300,65
231,1967.0,1639.7142857142858,28.0,346202.53778076154,1095.10595703125,"(np.int64(1636), np.int64(1963), np.int64(1643), np.int64(1972))",250,74
231,1152.7,1693.8,10.0,123643.76349312911,768.718505859375,"(np.int64(1693), np.int64(1151), np.int64(1696), np.int64(1156))",166,16
231,1804.9166666666665,1817.5833333333335,7.0,86550.63444519039,642.139892578125,"(np.int64(1817), np.int64(1801), np.int64(1820), np.int64(1808))",351,63
231,1775.0,1825.0,1.0,12364.376349312912,612.2808837890625,"(np.int64(1825), np.int64(1775), np.int64(1826), np.int64(1776))",351,63
232,53.0,170.0,1.0,12364.376349312912,672.7119140625,"(np.int64(170), np.int64(53), np.int64(171), np.int64(54))",156,129
232,74.0,220.0,7.0,86550.63444519039,942.9468994140625,"(np.int64(219), np.int64(73), np.int64(222), np.int64(76))",221,90
232,1049.0,376.0,1.0,12364.376349312912,612.2650756835938,"(np.int64(376), np.int64(1049), np.int64(377), np.int64(1050))",346,13
232,1377.0,379.0,1.0,12364.376349312912,612.2650756835938,"(np.int64(379), np.int64(1377), np.int64(380), np.int64(1378))",97,28
232,1399.0,482.0,1.0,12364.376349312912,612.2650756835938,"(np.int64(482), np.int64(1399), np.int64(483), np.int64(1400))",153,58
232,1850.6666666666667,515.6666666666666,3.0,37093.12904793874,642.147705078125,"(np.int64(515), np.int64(1850), np.int64(517), np.int64(1852))",81,75
232,709.6666666666666,564.8333333333334,12.0,148372.51619175496,1216.697509765625,"(np.int64(562), np.int64(707), np.int64(568), np.int64(713))",130,26
232,794.5,1059.5,2.0,24728.752698625824,642.147705078125,"(np.int64(1059), np.int64(794), np.int64(1061), np.int64(796))",336,22
232,411.4,1501.6,5.0,61821.881746564555,735.9927368164062,"(np.int64(1500), np.int64(411), np.int64(1504), np.int64(413))",300,65
232,1968.2307692307693,1638.076923076923,26.0,321473.7850821357,906.6788330078125,"(np.int64(1634), np.int64(1963), np.int64(1641), np.int64(1973))",250,74
232,1153.0,1693.6363636363637,11.0,136008.13984244203,768.7093505859375,"(np.int64(1692), np.int64(1151), np.int64(1696), np.int64(1156))",166,16
232,843.0,1762.0,3.0,37093.12904793874,642.147705078125,"(np.int64(1762), np.int64(842), np.int64(1763), np.int64(845))",64,138
232,1804.988888888889,1816.9666666666665,12.0,148372.51619175496,642.147705078125,"(np.int64(1815), np.int64(1799), np.int64(1820), np.int64(1814))",351,63
232,1772.111111111111,1826.3333333333333,5.0,61821.881746564555,642.147705078125,"(np.int64(1824), np.int64(1766), np.int64(1829), np.int64(1777))",351,63
233,50.76923076923077,170.07692307692307,13.0,160736.89254106785,979.91650390625,"(np.int64(169), np.int64(48), np.int64(172), np.int64(55))",156,129
233,73.6,220.2,5.0,61821.881746564555,672.7074584960938,"(np.int64(219), np.int64(73), np.int64(222), np.int64(75))",221,90
233,1048.25,375.5,4.0,49457.50539725165,642.13134765625,"(np.int64(374), np.int64(1048), np.int64(378), np.int64(1050))",346,13
233,1840.0,374.0,1.0,12364.376349312912,612.2586669921875,"(np.int64(374), np.int64(1840), np.int64(375), np.int64(1841))",96,86
233,1377.0,378.5,2.0,24728.752698625824,642.13134765625,"(np.int64(378), np.int64(1377), np.int64(380), np.int64(1378))",97,28
233,295.2,388.6,5.0,61821.881746564555,642.13134765625,"(np.int64(388), np.int64(294), np.int64(390), np.int64(297))",89,139
233,1399.1764705882354,482.47058823529414,17.0,210194.3979383195,672.7074584960938,"(np.int64(480), np.int64(1396), np.int64(487), np.int64(1403))",153,58
233,1847.375,523.875,6.0,74186.25809587748,703.9869384765625,"(np.int64(514), np.int64(1843), np.int64(535), np.int64(1854))",81,75
233,708.6428571428571,564.3571428571429,14.0,173101.26889038077,1216.7054443359375,"(np.int64(561), np.int64(706), np.int64(568), np.int64(712))",130,26
233,1238.0,820.6666666666666,3.0,37093.12904793874,672.7074584960938,"(np.int64(820), np.int64(1237), np.int64(822), np.int64(1240))",394,7
233,948.0,952.0,1.0,12364.376349312912,612.2586669921875,"(np.int64(952), np.int64(948), np.int64(953), np.int64(949))",385,3
233,794.3333333333334,1060.6666666666667,3.0,37093.12904793874,979.91650390625,"(np.int64(1060), np.int64(794), np.int64(1062), np.int64(796))",336,22
233,410.0,1500.5882352941176,17.0,210194.3979383195,1301.3172607421875,"(np.int64(1497), np.int64(409), np.int64(1506), np.int64(412))",300,65
233,1968.75,1638.375,16.0,197830.0215890066,942.9273071289062,"(np.int64(1636), np.int64(1966), np.int64(1641), np.int64(1972))",250,74
233,1155.25,1685.5,3.0,37093.12904793874,612.2586669921875,"(np.int64(1677), np.int64(1152), np.int64(1695), np.int64(1159))",166,16
233,1777.047619047619,1828.6904761904764,16.0,197830.02158900662,642.13134765625,"(np.int64(1817), np.int64(1751), np.int64(1843), np.int64(1809))",351,63
233,213.5,2011.25,4.0,49457.50539725165,642.13134765625,"(np.int64(2011), np.int64(212), np.int64(2013), np.int64(216))",175,8
234,49.5,170.05555555555554,18.0,222558.7742876324,1572.27587890625,"(np.int64(169), np.int64(46), np.int64(172), np.int64(54))",156,129
234,1047.0,376.0,3.0,37093.12904793874,703.9822387695312,"(np.int64(375), np.int64(1047), np.int64(378), np.int64(1048))",346,13
234,1375.6666666666667,377.6666666666667,3.0,37093.12904793874,642.1458740234375,"(np.int64(377), np.int64(1375), np.int64(379), np.int64(1377))",97,28
234,1803.0,407.0,1.0,12364.376349312912,703.9822387695312,"(np.int64(407), np.int64(1803), np.int64(408), np.int64(1804))",395,2
234,1403.4642857142858,488.32142857142856,15.0,185465.6452396937,735.9998168945312,"(np.int64(482), np.int64(1396), np.int64(494), np.int64(1409))",153,58
234,1850.857142857143,513.7142857142857,7.0,86550.63444519039,703.9822387695312,"(np.int64(512), np.int64(1849), np.int64(516), np.int64(1854))",81,75
234,1841.4,533.8,5.0,61821.881746564555,906.6573486328125,"(np.int64(533), np.int64(1841), np.int64(536), np.int64(1843))",81,75
234,707.3846153846154,563.4615384615385,13.0,160736.89254106785,1619.9163818359375,"(np.int64(561), np.int64(705), np.int64(567), np.int64(711))",130,26
234,1235.4,822.0,5.0,61821.881746564555,703.9822387695312,"(np.int64(821), np.int64(1234), np.int64(824), np.int64(1238))",394,7
234,793.0,1060.5,2.0,24728.752698625824,768.7117309570312,"(np.int64(1060), np.int64(793), np.int64(1062), np.int64(794))",336,22
234,1550.0,1248.0,1.0,12364.376349312912,612.2499389648438,"(np.int64(1248), np.int64(1550), np.int64(1249), np.int64(1551))",303,111
234,408.6551724137931,1501.1724137931035,29.0,358566.91413007444,2538.66650390625,"(np.int64(1495), np.int64(407), np.int64(1507), np.int64(411))",300,65
234,1969.5416666666665,1634.9583333333335,16.0,197830.0215890066,871.12939453125,"(np.int64(1631), np.int64(1965), np.int64(1641), np.int64(1973))",250,74
234,1157.3333333333333,1678.3333333333333,3.0,37093.12904793874,703.9822387695312,"(np.int64(1678), np.int64(1157), np.int64(1680), np.int64(1159))",166,16
234,878.0,1744.0,1.0,12364.376349312912,612.2499389648438,"(np.int64(1744), np.int64(878), np.int64(1745), np.int64(879))",64,138
234,1770.142857142857,1831.6785714285716,10.0,123643.76349312911,642.1458740234375,"(np.int64(1827), np.int64(1756), np.int64(1842), np.int64(1780))",351,63
235,50.81481481481482,169.37037037037038,27.0,333838.1614314486,1433.621826171875,"(np.int64(168), np.int64(47), np.int64(172), np.int64(57))",156,129
235,1843.0,371.0,1.0,12364.376349312912,612.2791748046875,"(np.int64(371), np.int64(1843), np.int64(372), np.int64(1844))",96,86
235,1048.0,376.5,2.0,24728.752698625824,672.725341796875,"(np.int64(376), np.int64(1048), np.int64(378), np.int64(1049))",346,13
235,1376.5,376.5,4.0,49457.50539725165,703.98193359375,"(np.int64(376), np.int64(1376), np.int64(378), np.int64(1378))",97,28
235,1803.0,407.0,1.0,12364.376349312912,612.2791748046875,"(np.int64(407), np.int64(1803), np.int64(408), np.int64(1804))",395,2
235,358.5,422.0,2.0,24728.752698625824,612.2791748046875,"(np.int64(420), np.int64(355), np.int64(425), np.int64(363))",89,139
235,1397.3636363636363,481.54545454545456,11.0,136008.13984244203,768.71337890625,"(np.int64(480), np.int64(1396), np.int64(484), np.int64(1400))",153,58
235,1846.4166666666667,526.9166666666666,12.0,148372.51619175496,906.6456909179688,"(np.int64(514), np.int64(1841), np.int64(535), np.int64(1851))",81,75
235,708.8181818181819,563.3636363636364,11.0,136008.13984244203,1344.6917724609375,"(np.int64(561), np.int64(707), np.int64(567), np.int64(712))",130,26
235,1381.5,755.0,2.0,24728.752698625824,768.71337890625,"(np.int64(755), np.int64(1381), np.int64(756), np.int64(1383))",12,151
235,1309.0,779.0,1.0,12364.376349312912,703.98193359375,"(np.int64(779), np.int64(1309), np.int64(780), np.int64(1310))",12,151
235,555.8,805.6,5.0,61821.881746564555,836.2679443359375,"(np.int64(805), np.int64(555), np.int64(807), np.int64(558))",292,16
235,409.325,1501.7,40.0,494575.05397251644,3310.933349609375,"(np.int64(1495), np.int64(408), np.int64(1508), np.int64(413))",300,65
235,1969.5555555555557,1635.3703703703704,27.0,333838.1614314486,979.8970336914062,"(np.int64(1630), np.int64(1966), np.int64(1640), np.int64(1974))",250,74
235,1159.4,1677.2,5.0,61821.881746564555,703.98193359375,"(np.int64(1676), np.int64(1159), np.int64(1679), np.int64(1161))",166,16
235,876.5,1741.6666666666667,4.0,49457.50539725165,612.2791748046875,"(np.int64(1740), np.int64(873), np.int64(1744), np.int64(880))",64,138
235,846.0,1762.0,1.0,12364.376349312912,612.2791748046875,"(np.int64(1762), np.int64(846), np.int64(1763), np.int64(847))",64,138
235,1772.142857142857,1828.2142857142858,8.0,98915.0107945033,642.1241455078125,"(np.int64(1826), np.int64(1767), np.int64(1830), np.int64(1776))",351,63
236,53.5,170.02941176470588,34.0,420388.795876639,1388.7884521484375,"(np.int64(168), np.int64(48), np.int64(174), np.int64(63))",156,129
236,74.0,219.33333333333334,3.0,37093.12904793874,612.2705078125,"(np.int64(219), np.int64(73), np.int64(221), np.int64(76))",221,90
236,1849.0,357.0,1.0,12364.376349312912,612.2705078125,"(np.int64(357), np.int64(1849), np.int64(358), np.int64(1850))",96,86
236,1377.0,376.0,1.0,12364.376349312912,612.2705078125,"(np.int64(376), np.int64(1377), np.int64(377), np.int64(1378))",97,28
236,362.5,422.0,2.0,24728.752698625824,642.1387939453125,"(np.int64(420), np.int64(362), np.int64(425), np.int64(364))",89,139
236,1398.5,483.5,4.0,49457.50539725165,612.2705078125,"(np.int64(482), np.int64(1397), np.int64(487), np.int64(1402))",153,58
236,1576.0,490.5,2.0,24728.752698625824,642.1387939453125,"(np.int64(490), np.int64(1576), np.int64(492), np.int64(1577))",301,2
236,1846.910052910053,527.9100529100529,20.0,247287.52698625822,871.1288452148438,"(np.int64(514), np.int64(1841), np.int64(537), np.int64(1854))",81,75
236,1874.0,530.0,1.0,12364.376349312912,642.1387939453125,"(np.int64(530), np.int64(1874), np.int64(531), np.int64(1875))",81,75
236,710.0909090909091,564.2727272727273,11.0,136008.13984244203,1525.3291015625,"(np.int64(562), np.int64(708), np.int64(568), np.int64(713))",130,26
236,1382.3333333333333,755.6666666666666,3.0,37093.12904793874,906.686279296875,"(np.int64(755), np.int64(1382), np.int64(757), np.int64(1384))",12,151
236,1309.0,780.0,1.0,12364.376349312912,612.2705078125,"(np.int64(780), np.int64(1309), np.int64(781), np.int64(1310))",12,151
236,556.8,806.6,5.0,61821.881746564555,1095.1123046875,"(np.int64(806), np.int64(556), np.int64(808), np.int64(559))",292,16
236,945.0,952.0,1.0,12364.376349312912,612.2705078125,"(np.int64(952), np.int64(945), np.int64(953), np.int64(946))",385,3
236,410.24242424242425,1503.3030303030303,33.0,408024.41952732607,2912.01318359375,"(np.int64(1499), np.int64(408), np.int64(1508), np.int64(414))",300,65
236,1969.9666666666667,1636.0333333333333,30.0,370931.29047938733,906.686279296875,"(np.int64(1631), np.int64(1965), np.int64(1640), np.int64(1975))",250,74
236,1784.0,1826.0,1.0,12364.376349312912,612.2705078125,"(np.int64(1826), np.int64(1784), np.int64(1827), np.int64(1785))",351,63
237,56.02777777777778,170.60416666666666,33.0,408024.4195273261,1301.318359375,"(np.int64(167), np.int64(48), np.int64(174), np.int64(62))",156,129
237,73.57142857142857,218.85714285714286,14.0,173101.26889038077,942.9141845703125,"(np.int64(217), np.int64(71), np.int64(221), np.int64(76))",221,90
237,1054.0,350.25,4.0,49457.50539725165,802.1377563476562,"(np.int64(350), np.int64(1053), np.int64(352), np.int64(1056))",346,13
237,1047.4,375.2,5.0,61821.881746564555,703.991943359375,"(np.int64(374), np.int64(1047), np.int64(377), np.int64(1049))",346,13
237,288.5,391.41666666666663,7.0,86550.63444519039,672.712890625,"(np.int64(389), np.int64(287), np.int64(396), np.int64(293))",89,139
237,361.0,424.0,1.0,12364.376349312912,612.2676391601562,"(np.int64(424), np.int64(361), np.int64(425), np.int64(362))",89,139
237,1398.4285714285713,483.2857142857143,7.0,86550.63444519039,672.712890625,"(np.int64(481), np.int64(1397), np.int64(486), np.int64(1401))",153,58
237,1844.0625,534.6875,9.0,111279.3871438162,768.704345703125,"(np.int64(533), np.int64(1841), np.int64(537), np.int64(1849))",81,75
237,711.7142857142857,566.1428571428571,14.0,173101.26889038077,1344.6947021484375,"(np.int64(563), np.int64(710), np.int64(570), np.int64(715))",130,26
237,1381.3333333333333,754.6666666666666,3.0,37093.12904793874,642.1381225585938,"(np.int64(754), np.int64(1381), np.int64(756), np.int64(1383))",12,151
237,557.0,806.6666666666666,3.0,37093.12904793874,906.6636962890625,"(np.int64(806), np.int64(556), np.int64(808), np.int64(559))",292,16
237,1531.5,1233.8,10.0,123643.76349312911,802.1377563476562,"(np.int64(1232), np.int64(1530), np.int64(1236), np.int64(1534))",303,111
237,410.05555555555554,1502.638888888889,36.0,445117.5485752648,1767.10693359375,"(np.int64(1498), np.int64(408), np.int64(1508), np.int64(415))",300,65
237,1971.5454545454545,1633.8181818181818,11.0,136008.13984244203,736.0167236328125,"(np.int64(1631), np.int64(1970), np.int64(1637), np.int64(1974))",250,74
237,1161.0,1679.5,2.0,24728.752698625824,672.712890625,"(np.int64(1679), np.int64(1161), np.int64(1681), np.int64(1162))",166,16
237,871.0,1744.0,1.0,12364.376349312912,612.2676391601562,"(np.int64(1744), np.int64(871), np.int64(1745), np.int64(872))",64,138
237,1804.0,1816.5,2.0,24728.752698625824,612.2676391601562,"(np.int64(1816), np.int64(1802), np.int64(1818), np.int64(1807))",351,63
237,1775.0,1827.0,1.0,12364.376349312912,612.2676391601562,"(np.int64(1827), np.int64(1775), np.int64(1828), np.int64(1776))",351,63
237,1757.0,1845.0,1.0,12364.376349312912,612.2676391601562,"(np.int64(1845), np.int64(1757), np.int64(1846), np.int64(1758))",351,63
238,51.68,169.98000000000002,26.0,321473.7850821357,1619.8946533203125,"(np.int64(168), np.int64(48), np.int64(173), np.int64(61))",156,129
238,65.76108374384236,221.14532019704433,36.0,445117.5485752648,1973.323486328125,"(np.int64(216), np.int64(56), np.int64(226), np.int64(77))",221,90
238,1046.4,375.2,5.0,61821.881746564555,703.98779296875,"(np.int64(374), np.int64(1046), np.int64(377), np.int64(1048))",346,13
238,1405.126984126984,394.6984126984127,63.0,778955.7100067134,979.8946533203125,"(np.int64(391), np.int64(1399), np.int64(399), np.int64(1412))",97,28
238,369.0,427.0,1.0,12364.376349312912,612.2809448242188,"(np.int64(427), np.int64(369), np.int64(428), np.int64(370))",89,139
238,1875.5,525.0,2.0,24728.752698625824,612.2809448242188,"(np.int64(524), np.int64(1875), np.int64(527), np.int64(1877))",81,75
238,1846.111111111111,534.1111111111111,9.0,111279.3871438162,979.8946533203125,"(np.int64(533), np.int64(1845), np.int64(537), np.int64(1849))",81,75
238,713.1428571428571,568.7142857142857,14.0,173101.26889038077,871.097412109375,"(np.int64(565), np.int64(710), np.int64(573), np.int64(716))",130,26
238,1381.0,755.0,1.0,12364.376349312912,672.7124633789062,"(np.int64(755), np.int64(1381), np.int64(756), np.int64(1382))",12,151
238,556.0,807.0,1.0,12364.376349312912,612.2809448242188,"(np.int64(807), np.int64(556), np.int64(808), np.int64(557))",292,16
238,1540.0,1100.0,1.0,12364.376349312912,612.2809448242188,"(np.int64(1100), np.int64(1540), np.int64(1101), np.int64(1541))",164,21
238,940.0,1104.0,3.0,37093.12904793874,703.98779296875,"(np.int64(1104), np.int64(939), np.int64(1105), np.int64(942))",18,141
238,1533.8362573099414,1238.3040935672516,25.0,309109.4087328228,1433.609619140625,"(np.int64(1231), np.int64(1529), np.int64(1245), np.int64(1539))",303,111
238,409.14285714285717,1503.392857142857,28.0,346202.53778076154,1175.476806640625,"(np.int64(1501), np.int64(407), np.int64(1508), np.int64(413))",300,65
238,1970.3333333333333,1634.0,3.0,37093.12904793874,642.1207275390625,"(np.int64(1633), np.int64(1970), np.int64(1636), np.int64(1972))",250,74
238,1152.0,1687.5,2.0,24728.752698625824,612.2809448242188,"(np.int64(1680), np.int64(1145), np.int64(1696), np.int64(1160))",166,16
238,1096.0,1756.0,1.0,12364.376349312912,612.2809448242188,"(np.int64(1756), np.int64(1096), np.int64(1757), np.int64(1097))",399,4
238,1800.0,1817.5,2.0,24728.752698625824,612.2809448242188,"(np.int64(1817), np.int64(1799), np.int64(1819), np.int64(1802))",351,63
238,1767.0,1830.0,1.0,12364.376349312912,612.2809448242188,"(np.int64(1830), np.int64(1767), np.int64(1831), np.int64(1768))",351,63
239,59.06666666666667,170.4,15.0,185465.64523969367,1767.1014404296875,"(np.int64(169), np.int64(57), np.int64(173), np.int64(62))",156,129
239,67.4920634920635,222.50396825396825,51.0,630583.1938149584,2247.1220703125,"(np.int64(216), np.int64(56), np.int64(228), np.int64(81))",221,90
239,1407.2708333333333,395.0625,48.0,593490.0647670198,979.8931884765625,"(np.int64(392), np.int64(1403), np.int64(399), np.int64(1414))",97,28
239,414.0,412.0,1.0,12364.376349312912,612.2584228515625,"(np.int64(412), np.int64(414), np.int64(413), np.int64(415))",179,14
239,381.0,431.0,1.0,12364.376349312912,612.2584228515625,"(np.int64(431), np.int64(381), np.int64(432), np.int64(382))",89,139
239,1847.9166666666667,534.4166666666666,12.0,148372.51619175496,735.9885864257812,"(np.int64(533), np.int64(1846), np.int64(537), np.int64(1851))",81,75
239,158.1,880.6,10.0,123643.76349312911,979.8931884765625,"(np.int64(880), np.int64(156), np.int64(882), np.int64(162))",400,5
239,1532.9444444444443,1238.138888888889,22.0,272016.27968488407,1973.33251953125,"(np.int64(1232), np.int64(1530), np.int64(1244), np.int64(1536))",303,111
239,411.0,1503.625,32.0,395660.0431780132,1717.321533203125,"(np.int64(1499), np.int64(408), np.int64(1509), np.int64(415))",300,65
239,1973.0,1633.5,2.0,24728.752698625824,642.143310546875,"(np.int64(1633), np.int64(1973), np.int64(1635), np.int64(1974))",250,74
239,1159.6666666666667,1679.3333333333333,3.0,37093.12904793874,672.7055053710938,"(np.int64(1679), np.int64(1159), np.int64(1681), np.int64(1161))",166,16
239,836.0,1742.0,1.0,12364.376349312912,612.2584228515625,"(np.int64(1742), np.int64(836), np.int64(1743), np.int64(837))",64,138
239,879.0,1742.0,1.0,12364.376349312912,612.2584228515625,"(np.int64(1742), np.int64(879), np.int64(1743), np.int64(880))",64,138
240,121.0,58.0,1.0,12364.376349312912,612.2809448242188,"(np.int64(58), np.int64(121), np.int64(59), np.int64(122))",383,3
240,60.714285714285715,170.57142857142858,7.0,86550.63444519039,1868.798828125,"(np.int64(169), np.int64(60), np.int64(173), np.int64(63))",156,129
240,69.97448979591837,221.78571428571428,52.0,642947.5701642715,1868.798828125,"(np.int64(216), np.int64(58), np.int64(227), np.int64(85))",221,90
240,1407.078947368421,394.13157894736844,38.0,469846.30127389065,979.8946533203125,"(np.int64(391), np.int64(1403), np.int64(398), np.int64(1413))",97,28
240,108.0,395.0,1.0,12364.376349312912,642.1207275390625,"(np.int64(395), np.int64(108), np.int64(396), np.int64(109))",352,57
240,364.0,424.0,1.0,12364.376349312912,612.2809448242188,"(np.int64(424), np.int64(364), np.int64(425), np.int64(365))",89,139
240,1848.8461538461538,533.6923076923077,13.0,160736.89254106785,768.7261352539062,"(np.int64(532), np.int64(1847), np.int64(537), np.int64(1853))",81,75
240,717.0,571.0,1.0,12364.376349312912,612.2809448242188,"(np.int64(571), np.int64(717), np.int64(572), np.int64(718))",130,26
240,1383.0,754.0,1.0,12364.376349312912,642.1207275390625,"(np.int64(754), np.int64(1383), np.int64(755), np.int64(1384))",12,151
240,158.0,880.2666666666667,15.0,185465.64523969367,1134.9384765625,"(np.int64(879), np.int64(155), np.int64(882), np.int64(162))",400,5
240,1544.0,1100.5,2.0,24728.752698625824,642.1207275390625,"(np.int64(1100), np.int64(1543), np.int64(1102), np.int64(1546))",164,21
240,938.5,1103.0,2.0,24728.752698625824,703.98779296875,"(np.int64(1103), np.int64(938), np.int64(1104), np.int64(940))",18,141
240,1532.7857142857142,1233.0,14.0,173101.26889038077,1017.5960083007812,"(np.int64(1231), np.int64(1531), np.int64(1236), np.int64(1536))",303,111
240,1552.8333333333333,1246.1666666666667,6.0,74186.25809587748,768.7261352539062,"(np.int64(1245), np.int64(1552), np.int64(1248), np.int64(1555))",303,111
240,411.88235294117646,1503.9411764705883,17.0,210194.3979383195,1344.70556640625,"(np.int64(1501), np.int64(410), np.int64(1508), np.int64(415))",300,65
240,1160.6666666666667,1679.3333333333333,6.0,74186.25809587748,768.7261352539062,"(np.int64(1678), np.int64(1160), np.int64(1681), np.int64(1163))",166,16
240,1507.0,2043.0,1.0,12364.376349312912,642.1207275390625,"(np.int64(2043), np.int64(1507), np.int64(2044), np.int64(1508))",404,4
241,59.0,170.0,1.0,12364.376349312912,736.06298828125,"(np.int64(170), np.int64(59), np.int64(171), np.int64(60))",156,129
241,78.05434782608695,218.58695652173913,47.0,581125.6884177069,1479.041748046875,"(np.int64(215), np.int64(71), np.int64(227), np.int64(82))",221,90
241,84.5,391.5,2.0,24728.752698625824,612.337890625,"(np.int64(391), np.int64(84), np.int64(393), np.int64(86))",352,57
241,1405.92,393.88,25.0,309109.4087328228,768.6884765625,"(np.int64(392), np.int64(1402), np.int64(397), np.int64(1412))",97,28
241,106.57142857142857,395.7142857142857,7.0,86550.63444519039,1175.482666015625,"(np.int64(394), np.int64(106), np.int64(398), np.int64(108))",352,57
241,1849.5,531.75,3.0,37093.12904793874,612.337890625,"(np.int64(531), np.int64(1847), np.int64(534), np.int64(1853))",81,75
241,155.2941176470588,880.1176470588235,17.0,210194.3979383195,1134.9765625,"(np.int64(879), np.int64(152), np.int64(882), np.int64(159))",400,5
241,1531.0,1232.0,1.0,12364.376349312912,704.06787109375,"(np.int64(1232), np.int64(1531), np.int64(1233), np.int64(1532))",303,111
241,1551.0,1247.0,3.0,37093.12904793874,642.12646484375,"(np.int64(1246), np.int64(1551), np.int64(1249), np.int64(1552))",303,111
241,410.3333333333333,1503.1333333333334,15.0,185465.64523969367,1216.77685546875,"(np.int64(1500), np.int64(409), np.int64(1507), np.int64(413))",300,65
241,1159.5,1679.0,2.0,24728.752698625824,642.12646484375,"(np.int64(1679), np.int64(1159), np.int64(1680), np.int64(1161))",166,16
241,1505.0,2042.0,1.0,12364.376349312912,612.337890625,"(np.int64(2042), np.int64(1505), np.int64(2043), np.int64(1506))",404,4
242,1091.0,93.0,1.0,12364.376349312912,612.2791748046875,"(np.int64(93), np.int64(1091), np.int64(94), np.int64(1092))",406,3
242,79.71875,220.25,33.0,408024.41952732607,1095.0927734375,"(np.int64(216), np.int64(72), np.int64(227), np.int64(85))",221,90
242,1406.2857142857142,395.07142857142856,14.0,173101.26889038077,703.98193359375,"(np.int64(394), np.int64(1404), np.int64(397), np.int64(1411))",97,28
242,107.38461538461539,397.0,13.0,160736.89254106785,1388.803955078125,"(np.int64(395), np.int64(106), np.int64(400), np.int64(110))",352,57
242,362.0,424.0,1.0,12364.376349312912,612.2791748046875,"(np.int64(424), np.int64(362), np.int64(425), np.int64(363))",89,139
242,1404.25,441.0,4.0,49457.50539725165,672.725341796875,"(np.int64(440), np.int64(1404), np.int64(443), np.int64(1406))",153,58
242,155.54545454545453,880.2727272727273,11.0,136008.13984244203,768.71337890625,"(np.int64(879), np.int64(154), np.int64(882), np.int64(159))",400,5
242,1569.5,1056.0,2.0,24728.752698625824,612.2791748046875,"(np.int64(1056), np.int64(1568), np.int64(1057), np.int64(1572))",76,62
242,1544.0,1099.5,2.0,24728.752698625824,672.725341796875,"(np.int64(1099), np.int64(1542), np.int64(1101), np.int64(1547))",164,21
242,1531.0,1233.0,1.0,12364.376349312912,672.725341796875,"(np.int64(1233), np.int64(1531), np.int64(1234), np.int64(1532))",303,111
242,410.5833333333333,1503.8333333333333,12.0,148372.51619175496,979.8970336914062,"(np.int64(1501), np.int64(409), np.int64(1508), np.int64(413))",300,65
242,1845.0,1895.0,1.0,12364.376349312912,612.2791748046875,"(np.int64(1895), np.int64(1845), np.int64(1896), np.int64(1846))",257,79
243,59.0,171.0,1.0,12364.376349312912,612.281494140625,"(np.int64(171), np.int64(59), np.int64(172), np.int64(60))",156,129
243,79.35185185185185,220.35185185185185,28.0,346202.5377807615,1479.1351318359375,"(np.int64(216), np.int64(72), np.int64(225), np.int64(85))",221,90
243,107.63636363636364,397.8181818181818,11.0,136008.13984244203,1525.32568359375,"(np.int64(396), np.int64(106), np.int64(401), np.int64(110))",352,57
243,1405.5,396.0,2.0,24728.752698625824,612.281494140625,"(np.int64(396), np.int64(1405), np.int64(397), np.int64(1407))",97,28
243,1855.25,532.75,3.0,37093.12904793874,612.281494140625,"(np.int64(532), np.int64(1849), np.int64(534), np.int64(1862))",81,75
243,154.0,880.0,3.0,37093.12904793874,642.13623046875,"(np.int64(880), np.int64(153), np.int64(881), np.int64(156))",400,5
243,1543.0,1100.0,3.0,37093.12904793874,703.973876953125,"(np.int64(1100), np.int64(1542), np.int64(1101), np.int64(1545))",164,21
243,1196.0,1332.5,2.0,24728.752698625824,672.7421875,"(np.int64(1332), np.int64(1196), np.int64(1334), np.int64(1197))",216,2
243,410.42857142857144,1504.0,14.0,173101.26889038077,1055.972900390625,"(np.int64(1501), np.int64(409), np.int64(1508), np.int64(413))",300,65
243,1974.0,1630.0,1.0,12364.376349312912,612.281494140625,"(np.int64(1630), np.int64(1974), np.int64(1631), np.int64(1975))",250,74
244,75.8,216.8,15.0,185465.64523969367,1216.7191162109375,"(np.int64(215), np.int64(73), np.int64(220), np.int64(79))",221,90
244,107.875,398.125,8.0,98915.0107945033,1619.9263916015625,"(np.int64(397), np.int64(107), np.int64(400), np.int64(110))",352,57
244,363.0,423.0,1.0,12364.376349312912,612.2581176757812,"(np.int64(423), np.int64(363), np.int64(424), np.int64(364))",89,139
244,1403.0,439.75,4.0,49457.50539725165,642.1434936523438,"(np.int64(439), np.int64(1402), np.int64(441), np.int64(1405))",153,58
244,1855.0,536.1428571428571,7.0,86550.63444519039,735.9989013671875,"(np.int64(534), np.int64(1854), np.int64(539), np.int64(1858))",81,75
244,984.0,622.0,1.0,12364.376349312912,642.1434936523438,"(np.int64(622), np.int64(984), np.int64(623), np.int64(985))",409,2
244,1563.0,1047.0,1.0,12364.376349312912,612.2581176757812,"(np.int64(1047), np.int64(1563), np.int64(1048), np.int64(1564))",76,62
244,1671.0,1385.5,2.0,24728.752698625824,612.2581176757812,"(np.int64(1385), np.int64(1671), np.int64(1387), np.int64(1672))",140,20
244,410.2,1504.5,10.0,123643.76349312911,942.9217529296875,"(np.int64(1502), np.int64(409), np.int64(1508), np.int64(412))",300,65
244,881.0,1749.0,1.0,12364.376349312912,612.2581176757812,"(np.int64(1749), np.int64(881), np.int64(1750), np.int64(882))",64,138
245,76.46153846153847,216.15384615384616,13.0,160736.89254106785,1056.0169677734375,"(np.int64(215), np.int64(74), np.int64(219), np.int64(80))",221,90
245,1829.0,354.0,1.0,12364.376349312912,612.263916015625,"(np.int64(354), np.int64(1829), np.int64(355), np.int64(1830))",96,86
245,108.8,398.5,10.0,123643.76349312911,1479.126220703125,"(np.int64(397), np.int64(108), np.int64(401), np.int64(111))",352,57
245,1850.0,537.0,1.0,12364.376349312912,612.263916015625,"(np.int64(537), np.int64(1850), np.int64(538), np.int64(1851))",81,75
245,1533.0,1236.0,1.0,12364.376349312912,612.263916015625,"(np.int64(1236), np.int64(1533), np.int64(1237), np.int64(1534))",303,111
245,410.55555555555554,1504.0,9.0,111279.3871438162,836.2608642578125,"(np.int64(1502), np.int64(410), np.int64(1507), np.int64(412))",300,65
246,76.33333333333333,216.33333333333334,3.0,37093.12904793874,735.9989013671875,"(np.int64(216), np.int64(76), np.int64(218), np.int64(78))",221,90
246,108.91666666666667,398.9166666666667,12.0,148372.51619175496,1479.1083984375,"(np.int64(397), np.int64(108), np.int64(402), np.int64(111))",352,57
246,1881.0,479.0,1.0,12364.376349312912,612.2581176757812,"(np.int64(479), np.int64(1881), np.int64(480), np.int64(1882))",81,75
246,1354.0,991.0,3.0,37093.12904793874,612.2581176757812,"(np.int64(990), np.int64(1353), np.int64(993), np.int64(1356))",235,26
246,1549.0,1245.0,1.0,12364.376349312912,672.6937255859375,"(np.int64(1245), np.int64(1549), np.int64(1246), np.int64(1550))",303,111
246,411.0,1504.0,7.0,86550.63444519039,871.1129150390625,"(np.int64(1501), np.int64(411), np.int64(1508), np.int64(412))",300,65
247,52.0,174.0,2.0,24728.752698625824,612.2566528320312,"(np.int64(172), np.int64(49), np.int64(177), np.int64(56))",156,129
247,75.91666666666667,216.0,12.0,148372.51619175496,979.901611328125,"(np.int64(214), np.int64(74), np.int64(219), np.int64(79))",221,90
247,100.10714285714286,394.92857142857144,18.0,222558.77428763243,1767.0914306640625,"(np.int64(390), np.int64(90), np.int64(401), np.int64(111))",352,57
247,1878.0,483.0,1.0,12364.376349312912,612.2566528320312,"(np.int64(483), np.int64(1878), np.int64(484), np.int64(1879))",81,75
247,1382.0,751.0,1.0,12364.376349312912,612.2566528320312,"(np.int64(751), np.int64(1382), np.int64(752), np.int64(1383))",12,151
247,1549.0,1244.5,2.0,24728.752698625824,704.0098876953125,"(np.int64(1244), np.int64(1549), np.int64(1246), np.int64(1550))",303,111
247,411.14285714285717,1502.7142857142858,7.0,86550.63444519039,736.0030517578125,"(np.int64(1500), np.int64(411), np.int64(1506), np.int64(413))",300,65
247,1833.0,1890.0,1.0,12364.376349312912,612.2566528320312,"(np.int64(1890), np.int64(1833), np.int64(1891), np.int64(1834))",257,79
248,77.54545454545455,210.0909090909091,11.0,136008.13984244203,768.6973876953125,"(np.int64(209), np.int64(75), np.int64(212), np.int64(81))",221,90
248,1845.0,379.0,1.0,12364.376349312912,612.2586669921875,"(np.int64(379), np.int64(1845), np.int64(380), np.int64(1846))",96,86
248,95.18888888888888,391.4444444444444,24.0,296745.03238350985,1479.10546875,"(np.int64(387), np.int64(86), np.int64(401), np.int64(111))",352,57
248,1401.6666666666667,442.0,3.0,37093.12904793874,642.13134765625,"(np.int64(441), np.int64(1401), np.int64(444), np.int64(1403))",153,58
248,1877.0,486.0,1.0,12364.376349312912,612.2586669921875,"(np.int64(486), np.int64(1877), np.int64(487), np.int64(1878))",81,75
248,1044.5,1015.5,2.0,24728.752698625824,672.7074584960938,"(np.int64(1015), np.int64(1044), np.int64(1017), np.int64(1046))",411,5
248,1558.0,1045.0,1.0,12364.376349312912,612.2586669921875,"(np.int64(1045), np.int64(1558), np.int64(1046), np.int64(1559))",76,62
248,1531.5,1237.5,2.0,24728.752698625824,736.0111694335938,"(np.int64(1237), np.int64(1531), np.int64(1239), np.int64(1533))",303,111
248,411.0,1500.7272727272727,11.0,136008.13984244203,1344.7196044921875,"(np.int64(1499), np.int64(410), np.int64(1504), np.int64(413))",300,65
248,1840.9166666666665,1892.6666666666665,7.0,86550.63444519039,642.13134765625,"(np.int64(1891), np.int64(1836), np.int64(1897), np.int64(1848))",257,79
249,72.61363636363637,213.27272727272725,24.0,296745.0323835099,1216.70458984375,"(np.int64(209), np.int64(69), np.int64(217), np.int64(81))",221,90
249,84.0,387.0,1.0,12364.376349312912,612.279052734375,"(np.int64(387), np.int64(84), np.int64(388), np.int64(85))",352,57
249,106.38095238095238,397.8095238095238,21.0,259651.90333557114,2848.015625,"(np.int64(396), np.int64(104), np.int64(401), np.int64(110))",352,57
249,1404.2777777777776,447.25,15.0,185465.6452396937,704.0018310546875,"(np.int64(440), np.int64(1397), np.int64(451), np.int64(1409))",153,58
249,1856.0,532.0,1.0,12364.376349312912,612.279052734375,"(np.int64(532), np.int64(1856), np.int64(533), np.int64(1857))",81,75
249,1041.0,1015.0,1.0,12364.376349312912,642.1131591796875,"(np.int64(1015), np.int64(1041), np.int64(1016), np.int64(1042))",411,5
249,1539.5,1098.0,2.0,24728.752698625824,672.6875,"(np.int64(1098), np.int64(1539), np.int64(1099), np.int64(1541))",164,21
249,1532.725,1236.8,16.0,197830.02158900662,836.2626953125,"(np.int64(1230), np.int64(1527), np.int64(1245), np.int64(1546))",303,111
249,409.1666666666667,1500.6666666666667,6.0,74186.25809587748,735.99951171875,"(np.int64(1499), np.int64(409), np.int64(1504), np.int64(411))",300,65
249,1062.0,1687.3333333333333,3.0,37093.12904793874,642.1131591796875,"(np.int64(1687), np.int64(1061), np.int64(1689), np.int64(1064))",412,93
249,873.0,1752.0,1.0,12364.376349312912,612.279052734375,"(np.int64(1752), np.int64(873), np.int64(1753), np.int64(874))",64,138
249,1832.725,1890.7416666666668,13.0,160736.89254106785,704.0018310546875,"(np.int64(1888), np.int64(1826), np.int64(1898), np.int64(1844))",257,79
250,75.3725,213.235,33.0,408024.4195273261,1095.109375,"(np.int64(209), np.int64(70), np.int64(218), np.int64(85))",221,90
250,1842.0,375.0,1.0,12364.376349312912,612.2811279296875,"(np.int64(375), np.int64(1842), np.int64(376), np.int64(1843))",96,86
250,109.5,398.2692307692308,26.0,321473.7850821357,2660.25341796875,"(np.int64(397), np.int64(106), np.int64(401), np.int64(116))",352,57
250,1405.3055555555557,446.66666666666663,22.0,272016.27968488407,871.0897827148438,"(np.int64(441), np.int64(1399), np.int64(452), np.int64(1412))",153,58
250,1877.5,489.0,2.0,24728.752698625824,642.126220703125,"(np.int64(489), np.int64(1877), np.int64(490), np.int64(1879))",81,75
250,1854.6190476190477,534.952380952381,17.0,210194.3979383195,672.697021484375,"(np.int64(531), np.int64(1851), np.int64(538), np.int64(1864))",81,75
250,1042.4,1016.4,10.0,123643.76349312911,768.7183837890625,"(np.int64(1015), np.int64(1041), np.int64(1019), np.int64(1045))",411,5
250,1549.0,1057.0,1.0,12364.376349312912,612.2811279296875,"(np.int64(1057), np.int64(1549), np.int64(1058), np.int64(1550))",76,62
250,1534.4833333333333,1238.3500000000001,28.0,346202.53778076154,1344.7105712890625,"(np.int64(1230), np.int64(1528), np.int64(1247), np.int64(1545))",303,111
250,879.375,1749.125,8.0,98915.0107945033,642.126220703125,"(np.int64(1748), np.int64(878), np.int64(1751), np.int64(883))",64,138
250,1844.8333333333333,1895.1666666666667,6.0,74186.25809587748,768.7183837890625,"(np.int64(1894), np.int64(1844), np.int64(1897), np.int64(1847))",257,79
251,54.5,177.0,4.0,49457.50539725165,979.9379272460938,"(np.int64(177), np.int64(53), np.int64(178), np.int64(57))",156,129
251,1455.0,186.0,1.0,12364.376349312912,612.2813720703125,"(np.int64(186), np.int64(1455), np.int64(187), np.int64(1456))",415,7
251,79.7,213.83333333333334,60.0,741862.5809587747,1572.24560546875,"(np.int64(209), np.int64(72), np.int64(221), np.int64(88))",221,90
251,1848.5,377.5,2.0,24728.752698625824,612.2813720703125,"(np.int64(374), np.int64(1847), np.int64(382), np.int64(1851))",96,86
251,112.33333333333333,398.9259259259259,27.0,333838.1614314486,2912.015625,"(np.int64(397), np.int64(108), np.int64(402), np.int64(119))",352,57
251,363.0,426.0,1.0,12364.376349312912,612.2813720703125,"(np.int64(426), np.int64(363), np.int64(427), np.int64(364))",89,139
251,1408.5,448.0,17.0,210194.3979383195,704.014404296875,"(np.int64(443), np.int64(1403), np.int64(453), np.int64(1414))",153,58
251,1858.7916666666667,533.875,24.0,296745.0323835099,736.00390625,"(np.int64(532), np.int64(1855), np.int64(537), np.int64(1865))",81,75
251,1044.2,1016.4,5.0,61821.881746564555,672.6937255859375,"(np.int64(1016), np.int64(1043), np.int64(1018), np.int64(1046))",411,5
251,1532.3461538461538,1235.2692307692307,26.0,321473.7850821357,1175.44189453125,"(np.int64(1231), np.int64(1530), np.int64(1241), np.int64(1535))",303,111
251,1576.0,1317.5,2.0,24728.752698625824,642.1531982421875,"(np.int64(1317), np.int64(1576), np.int64(1319), np.int64(1577))",320,5
251,1673.0,1387.0,2.0,24728.752698625824,672.6937255859375,"(np.int64(1386), np.int64(1673), np.int64(1389), np.int64(1674))",140,20
251,412.4,1499.6,5.0,61821.881746564555,672.6937255859375,"(np.int64(1498), np.int64(412), np.int64(1502), np.int64(414))",300,65
251,879.5,1750.0,4.0,49457.50539725165,642.1531982421875,"(np.int64(1750), np.int64(878), np.int64(1751), np.int64(883))",64,138
252,1223.0,50.0,1.0,12364.376349312912,612.2814331054688,"(np.int64(50), np.int64(1223), np.int64(51), np.int64(1224))",416,4
252,53.9,177.6,10.0,123643.76349312911,1095.1138916015625,"(np.int64(177), np.int64(51), np.int64(179), np.int64(57))",156,129
252,1455.5,187.0,4.0,49457.50539725165,672.7129516601562,"(np.int64(187), np.int64(1454), np.int64(188), np.int64(1458))",415,7
252,70.1985294117647,220.1029411764706,72.0,890235.0971505297,1717.315185546875,"(np.int64(209), np.int64(60), np.int64(228), np.int64(88))",221,90
252,111.5909090909091,399.59090909090907,22.0,272016.27968488407,2722.11669921875,"(np.int64(398), np.int64(108), np.int64(402), np.int64(117))",352,57
252,1406.0,444.6666666666667,3.0,37093.12904793874,642.120849609375,"(np.int64(444), np.int64(1405), np.int64(446), np.int64(1408))",153,58
252,1879.0,490.0,1.0,12364.376349312912,612.2814331054688,"(np.int64(490), np.int64(1879), np.int64(491), np.int64(1880))",81,75
252,1858.3095238095239,533.6904761904761,42.0,519303.8066711423,1056.021484375,"(np.int64(531), np.int64(1853), np.int64(538), np.int64(1866))",81,75
252,990.25,836.5,4.0,49457.50539725165,672.7129516601562,"(np.int64(835), np.int64(989), np.int64(839), np.int64(992))",42,180
252,1360.0,986.0,1.0,12364.376349312912,642.120849609375,"(np.int64(986), np.int64(1360), np.int64(987), np.int64(1361))",235,26
252,1044.5555555555557,1017.6666666666666,9.0,111279.3871438162,768.695068359375,"(np.int64(1017), np.int64(1043), np.int64(1020), np.int64(1047))",411,5
252,1531.6333333333332,1236.35,17.0,210194.39793831948,1479.1307373046875,"(np.int64(1232), np.int64(1529), np.int64(1240), np.int64(1535))",303,111
252,1673.0,1387.0,1.0,12364.376349312912,612.2814331054688,"(np.int64(1387), np.int64(1673), np.int64(1388), np.int64(1674))",140,20
252,186.64285714285714,1492.0,8.0,98915.0107945033,802.1205444335938,"(np.int64(1491), np.int64(184), np.int64(1494), np.int64(189))",43,115
252,412.7,1501.7,10.0,123643.76349312911,1344.720458984375,"(np.int64(1500), np.int64(412), np.int64(1505), np.int64(415))",300,65
252,1021.0,1838.0,1.0,12364.376349312912,612.2814331054688,"(np.int64(1838), np.int64(1021), np.int64(1839), np.int64(1022))",418,7
253,53.27272727272727,177.0,11.0,136008.13984244203,1017.6107177734375,"(np.int64(176), np.int64(51), np.int64(179), np.int64(57))",156,129
253,1455.5,186.0,2.0,24728.752698625824,612.2780151367188,"(np.int64(186), np.int64(1455), np.int64(187), np.int64(1457))",415,7
253,79.24615384615385,212.6769230769231,65.0,803684.4627053393,1301.3209228515625,"(np.int64(208), np.int64(71), np.int64(220), np.int64(88))",221,90
253,59.8,225.8,5.0,61821.881746564555,1258.6805419921875,"(np.int64(225), np.int64(58), np.int64(227), np.int64(62))",221,90
253,1848.0,377.0,1.0,12364.376349312912,612.2780151367188,"(np.int64(377), np.int64(1848), np.int64(378), np.int64(1849))",96,86
253,111.27272727272727,398.8181818181818,11.0,136008.13984244203,1134.9283447265625,"(np.int64(398), np.int64(109), np.int64(401), np.int64(114))",352,57
253,1850.6666666666665,532.3928571428571,44.0,544032.5593697681,1095.097412109375,"(np.int64(531), np.int64(1844), np.int64(539), np.int64(1865))",81,75
253,1360.0,985.0,1.0,12364.376349312912,642.139892578125,"(np.int64(985), np.int64(1360), np.int64(986), np.int64(1361))",235,26
253,940.45,1091.35,7.0,86550.63444519037,768.7015380859375,"(np.int64(1080), np.int64(939), np.int64(1104), np.int64(944))",18,141
253,1530.6666666666667,1233.3333333333333,18.0,222558.7742876324,1301.3209228515625,"(np.int64(1231), np.int64(1528), np.int64(1236), np.int64(1535))",303,111
253,185.0,1490.0,1.0,12364.376349312912,612.2780151367188,"(np.int64(1490), np.int64(185), np.int64(1491), np.int64(186))",43,115
253,412.8571428571429,1502.2857142857142,8.0,98915.0107945033,1175.4842529296875,"(np.int64(1498), np.int64(412), np.int64(1506), np.int64(415))",300,65
253,1019.0,1837.0,1.0,12364.376349312912,642.139892578125,"(np.int64(1837), np.int64(1019), np.int64(1838), np.int64(1020))",418,7
254,51.5,178.0,2.0,24728.752698625824,642.1316528320312,"(np.int64(178), np.int64(51), np.int64(179), np.int64(53))",156,129
254,78.11267605633803,213.2394366197183,71.0,877870.7208012168,1175.4674072265625,"(np.int64(209), np.int64(69), np.int64(220), np.int64(87))",221,90
254,1878.5,490.0,6.0,74186.25809587748,672.7169189453125,"(np.int64(489), np.int64(1878), np.int64(492), np.int64(1880))",81,75
254,1857.0263157894738,534.0263157894736,38.0,469846.30127389065,736.0150756835938,"(np.int64(530), np.int64(1853), np.int64(538), np.int64(1862))",81,75
254,987.8,834.6,5.0,61821.881746564555,672.7169189453125,"(np.int64(834), np.int64(987), np.int64(836), np.int64(990))",42,180
254,1357.3333333333333,987.0,3.0,37093.12904793874,642.1316528320312,"(np.int64(986), np.int64(1357), np.int64(989), np.int64(1359))",235,26
254,940.0,1102.6666666666667,6.0,74186.25809587748,672.7169189453125,"(np.int64(1102), np.int64(939), np.int64(1105), np.int64(942))",18,141
254,1528.92,1234.68,25.0,309109.4087328228,906.671875,"(np.int64(1232), np.int64(1527), np.int64(1238), np.int64(1533))",303,111
254,411.6,1500.2,5.0,61821.881746564555,768.7279663085938,"(np.int64(1499), np.int64(411), np.int64(1502), np.int64(413))",300,65
255,51.5,177.0,2.0,24728.752698625824,703.979248046875,"(np.int64(177), np.int64(51), np.int64(178), np.int64(53))",156,129
255,1454.2,187.2,10.0,123643.76349312911,768.6875,"(np.int64(186), np.int64(1452), np.int64(189), np.int64(1457))",415,7
255,1412.7777777777778,448.94444444444446,18.0,222558.7742876324,802.1572265625,"(np.int64(447), np.int64(1409), np.int64(451), np.int64(1417))",153,58
255,1859.576923076923,531.4615384615385,40.0,494575.05397251644,1095.08740234375,"(np.int64(528), np.int64(1855), np.int64(542), np.int64(1863))",81,75
255,991.4642857142858,831.0,9.0,111279.38714381622,703.979248046875,"(np.int64(830), np.int64(985), np.int64(835), np.int64(998))",42,180
255,1357.3333333333333,985.0,3.0,37093.12904793874,642.1298828125,"(np.int64(984), np.int64(1357), np.int64(987), np.int64(1359))",235,26
255,938.7272727272727,1101.4545454545455,11.0,136008.13984244203,871.118896484375,"(np.int64(1101), np.int64(936), np.int64(1103), np.int64(942))",18,141
255,1529.375,1234.0625,32.0,395660.0431780132,1868.7969970703125,"(np.int64(1231), np.int64(1526), np.int64(1239), np.int64(1533))",303,111
256,1455.7142857142858,186.57142857142858,7.0,86550.63444519039,735.9993896484375,"(np.int64(186), np.int64(1454), np.int64(188), np.int64(1458))",415,7
256,111.33333333333333,397.3333333333333,3.0,37093.12904793874,906.68408203125,"(np.int64(397), np.int64(111), np.int64(399), np.int64(113))",352,57
256,1409.4583333333333,444.77777777777777,15.0,185465.6452396937,836.3009033203125,"(np.int64(441), np.int64(1405), np.int64(450), np.int64(1417))",153,58
256,1862.0151515151513,529.3409090909091,46.0,568761.3120683939,1301.308349609375,"(np.int64(524), np.int64(1855), np.int64(543), np.int64(1867))",81,75
256,991.9,829.72,26.0,321473.7850821357,768.685302734375,"(np.int64(823), np.int64(988), np.int64(833), np.int64(999))",42,180
256,940.0,1100.75,8.0,98915.0107945033,979.909423828125,"(np.int64(1100), np.int64(937), np.int64(1102), np.int64(943))",18,141
256,1531.1818181818182,1234.3939393939395,33.0,408024.41952732607,2247.105224609375,"(np.int64(1231), np.int64(1528), np.int64(1241), np.int64(1535))",303,111
256,1971.75,1638.25,4.0,49457.50539725165,836.3009033203125,"(np.int64(1638), np.int64(1971), np.int64(1640), np.int64(1974))",250,74
257,59.0,227.0,3.0,37093.12904793874,836.25244140625,"(np.int64(227), np.int64(58), np.int64(228), np.int64(61))",221,90
257,112.0,398.0,1.0,12364.376349312912,704.0262451171875,"(np.int64(398), np.int64(112), np.int64(399), np.int64(113))",352,57
257,1407.3333333333335,445.4333333333334,10.0,123643.76349312912,704.0262451171875,"(np.int64(442), np.int64(1403), np.int64(451), np.int64(1414))",153,58
257,1881.0,488.0,2.0,24728.752698625824,672.705078125,"(np.int64(486), np.int64(1880), np.int64(491), np.int64(1883))",81,75
257,1862.5615384615385,530.676923076923,66.0,816048.8390546523,1301.3582763671875,"(np.int64(525), np.int64(1854), np.int64(548), np.int64(1868))",81,75
257,992.1448275862068,827.391570881226,74.0,914963.8498491555,906.6629638671875,"(np.int64(820), np.int64(985), np.int64(838), np.int64(1000))",42,180
257,1012.0,853.0,2.0,24728.752698625824,642.127685546875,"(np.int64(852), np.int64(1012), np.int64(855), np.int64(1013))",42,180
257,939.0714285714286,1101.4285714285713,14.0,173101.26889038077,942.9425048828125,"(np.int64(1101), np.int64(936), np.int64(1103), np.int64(944))",18,141
257,1534.5192307692307,1237.4423076923076,27.0,333838.1614314486,2135.4580078125,"(np.int64(1233), np.int64(1529), np.int64(1241), np.int64(1539))",303,111
257,1972.3333333333333,1637.7222222222222,18.0,222558.7742876324,1017.5677490234375,"(np.int64(1635), np.int64(1969), np.int64(1640), np.int64(1976))",250,74
257,796.0,1680.0,1.0,12364.376349312912,612.294189453125,"(np.int64(1680), np.int64(796), np.int64(1681), np.int64(797))",64,138
258,58.0,228.0,1.0,12364.376349312912,612.2821044921875,"(np.int64(228), np.int64(58), np.int64(229), np.int64(59))",221,90
258,82.0,243.0,1.0,12364.376349312912,612.2821044921875,"(np.int64(243), np.int64(82), np.int64(244), np.int64(83))",221,90
258,1411.3333333333333,446.8333333333333,6.0,74186.25809587748,672.706298828125,"(np.int64(444), np.int64(1409), np.int64(451), np.int64(1415))",153,58
258,939.5384615384615,1101.3076923076924,13.0,160736.89254106785,871.077392578125,"(np.int64(1101), np.int64(936), np.int64(1103), np.int64(945))",18,141
258,1538.060606060606,1232.0454545454547,24.0,296745.03238350985,2080.72314453125,"(np.int64(1222), np.int64(1529), np.int64(1240), np.int64(1546))",303,111
258,1574.0,1320.0,1.0,12364.376349312912,612.2821044921875,"(np.int64(1320), np.int64(1574), np.int64(1321), np.int64(1575))",320,5
258,185.0,1501.0,1.0,12364.376349312912,642.1461181640625,"(np.int64(1501), np.int64(185), np.int64(1502), np.int64(186))",43,115
258,1972.2608695652175,1637.5652173913043,23.0,284380.65603419696,1344.72314453125,"(np.int64(1636), np.int64(1969), np.int64(1640), np.int64(1976))",250,74
258,1016.4,1835.6,5.0,61821.881746564555,735.9931640625,"(np.int64(1835), np.int64(1015), np.int64(1837), np.int64(1019))",418,7
259,82.0,244.0,1.0,12364.376349312912,642.1376953125,"(np.int64(244), np.int64(82), np.int64(245), np.int64(83))",221,90
259,1850.0,374.0,1.0,12364.376349312912,612.248779296875,"(np.int64(374), np.int64(1850), np.int64(375), np.int64(1851))",96,86
259,1409.0,446.6666666666667,9.0,111279.3871438162,735.9775390625,"(np.int64(445), np.int64(1408), np.int64(449), np.int64(1411))",153,58
259,1541.3333333333333,1087.3333333333333,3.0,37093.12904793874,768.6895751953125,"(np.int64(1087), np.int64(1541), np.int64(1089), np.int64(1543))",164,21
259,940.4444444444445,1102.4444444444443,9.0,111279.3871438162,802.1380615234375,"(np.int64(1102), np.int64(937), np.int64(1104), np.int64(945))",18,141
259,1534.6136363636365,1238.159090909091,23.0,284380.65603419696,2190.956787109375,"(np.int64(1235), np.int64(1529), np.int64(1241), np.int64(1539))",303,111
259,1574.5,1319.5,2.0,24728.752698625824,672.70166015625,"(np.int64(1319), np.int64(1574), np.int64(1321), np.int64(1576))",320,5
259,156.0,1438.0,1.0,12364.376349312912,612.248779296875,"(np.int64(1438), np.int64(156), np.int64(1439), np.int64(157))",223,2
259,184.5,1502.0,6.0,74186.25809587748,871.121826171875,"(np.int64(1501), np.int64(183), np.int64(1504), np.int64(187))",43,115
259,1972.1363636363637,1638.6363636363637,22.0,272016.27968488407,979.9368896484375,"(np.int64(1637), np.int64(1969), np.int64(1641), np.int64(1976))",250,74
259,1017.0,1837.0,1.0,12364.376349312912,672.70166015625,"(np.int64(1837), np.int64(1017), np.int64(1838), np.int64(1018))",418,7
260,80.11428571428571,209.3357142857143,71.0,877870.7208012168,1134.919677734375,"(np.int64(199), np.int64(68), np.int64(223), np.int64(86))",221,90
260,1848.0,377.0,1.0,12364.376349312912,612.2791748046875,"(np.int64(377), np.int64(1848), np.int64(378), np.int64(1849))",96,86
260,1409.5,446.0,10.0,123643.76349312911,735.9947509765625,"(np.int64(445), np.int64(1408), np.int64(448), np.int64(1412))",153,58
260,1009.0,854.5,4.0,49457.50539725165,642.1241455078125,"(np.int64(854), np.int64(1008), np.int64(856), np.int64(1011))",42,180
260,1540.3333333333333,1086.6666666666667,3.0,37093.12904793874,735.9947509765625,"(np.int64(1086), np.int64(1540), np.int64(1088), np.int64(1542))",164,21
260,940.1,1102.3,10.0,123643.76349312911,768.71337890625,"(np.int64(1101), np.int64(937), np.int64(1104), np.int64(944))",18,141
260,1534.875,1238.4166666666665,25.0,309109.4087328228,2304.01708984375,"(np.int64(1235), np.int64(1530), np.int64(1242), np.int64(1539))",303,111
260,1668.8333333333335,1395.8333333333335,4.0,49457.50539725165,642.1241455078125,"(np.int64(1392), np.int64(1665), np.int64(1400), np.int64(1674))",140,20
260,307.0,1478.0,1.0,12364.376349312912,612.2791748046875,"(np.int64(1478), np.int64(307), np.int64(1479), np.int64(308))",425,5
260,184.85714285714286,1500.7142857142858,7.0,86550.63444519039,871.1038818359375,"(np.int64(1499), np.int64(183), np.int64(1503), np.int64(188))",43,115
260,310.5,1529.3333333333333,4.0,49457.50539725165,642.1241455078125,"(np.int64(1526), np.int64(307), np.int64(1534), np.int64(314))",31,113
260,1972.5714285714287,1638.5714285714287,21.0,259651.90333557114,871.1038818359375,"(np.int64(1637), np.int64(1969), np.int64(1641), np.int64(1977))",250,74
260,1107.0,1645.0,1.0,12364.376349312912,642.1241455078125,"(np.int64(1645), np.int64(1107), np.int64(1646), np.int64(1108))",412,93
260,1017.0,1837.0,1.0,12364.376349312912,612.2791748046875,"(np.int64(1837), np.int64(1017), np.int64(1838), np.int64(1018))",418,7
261,78.18021680216803,209.6178861788618,52.0,642947.5701642714,979.8931884765625,"(np.int64(207), np.int64(68), np.int64(222), np.int64(86))",221,90
261,93.5,394.0,2.0,24728.752698625824,642.143310546875,"(np.int64(394), np.int64(93), np.int64(395), np.int64(95))",352,57
261,1409.0,446.0,1.0,12364.376349312912,612.2584228515625,"(np.int64(446), np.int64(1409), np.int64(447), np.int64(1410))",153,58
261,1889.0,492.0,1.0,12364.376349312912,612.2584228515625,"(np.int64(492), np.int64(1889), np.int64(493), np.int64(1890))",81,75
261,1009.8333333333334,851.6666666666666,4.0,49457.50539725165,642.143310546875,"(np.int64(849), np.int64(1007), np.int64(856), np.int64(1016))",42,180
261,1547.0,1051.0,1.0,12364.376349312912,612.2584228515625,"(np.int64(1051), np.int64(1547), np.int64(1052), np.int64(1548))",76,62
261,1540.7142857142858,1087.142857142857,7.0,86550.63444519039,672.7055053710938,"(np.int64(1086), np.int64(1539), np.int64(1089), np.int64(1543))",164,21
261,939.875,1102.375,8.0,98915.0107945033,768.7095947265625,"(np.int64(1102), np.int64(937), np.int64(1104), np.int64(944))",18,141
261,1538.4444444444443,1244.4444444444443,19.0,234923.15063694533,2660.26123046875,"(np.int64(1236), np.int64(1529), np.int64(1252), np.int64(1547))",303,111
261,1669.1666666666665,1396.0833333333335,7.0,86550.63444519039,672.7055053710938,"(np.int64(1391), np.int64(1665), np.int64(1401), np.int64(1675))",140,20
261,1752.0,1430.0,2.0,24728.752698625824,612.2584228515625,"(np.int64(1430), np.int64(1751), np.int64(1431), np.int64(1754))",426,18
261,1733.0,1456.0,1.0,12364.376349312912,612.2584228515625,"(np.int64(1456), np.int64(1733), np.int64(1457), np.int64(1734))",427,7
261,456.0,1478.0,1.0,12364.376349312912,612.2584228515625,"(np.int64(1478), np.int64(456), np.int64(1479), np.int64(457))",428,5
261,305.0,1480.0,1.0,12364.376349312912,612.2584228515625,"(np.int64(1480), np.int64(305), np.int64(1481), np.int64(306))",425,5
261,309.72222222222223,1529.9444444444443,12.0,148372.51619175496,735.9885864257812,"(np.int64(1525), np.int64(306), np.int64(1535), np.int64(313))",31,113
261,1972.5714285714287,1639.642857142857,14.0,173101.26889038077,1017.609130859375,"(np.int64(1638), np.int64(1971), np.int64(1642), np.int64(1976))",250,74
261,1106.2222222222222,1644.5555555555557,9.0,111279.3871438162,672.7055053710938,"(np.int64(1642), np.int64(1103), np.int64(1648), np.int64(1109))",412,93
262,1455.0,188.0,1.0,12364.376349312912,612.281982421875,"(np.int64(188), np.int64(1455), np.int64(189), np.int64(1456))",415,7
262,72.23529411764706,215.3235294117647,34.0,420388.795876639,906.6376953125,"(np.int64(211), np.int64(70), np.int64(221), np.int64(76))",221,90
262,1851.5,373.5,2.0,24728.752698625824,642.172119140625,"(np.int64(373), np.int64(1851), np.int64(375), np.int64(1853))",96,86
262,92.28571428571428,389.92857142857144,15.0,185465.6452396937,1095.065673828125,"(np.int64(385), np.int64(88), np.int64(393), np.int64(96))",352,57
262,361.0,400.0,2.0,24728.752698625824,612.281982421875,"(np.int64(399), np.int64(360), np.int64(402), np.int64(363))",89,139
262,1411.6875,447.3125,9.0,111279.3871438162,802.123779296875,"(np.int64(447), np.int64(1409), np.int64(449), np.int64(1417))",153,58
262,1891.5,488.0,2.0,24728.752698625824,612.281982421875,"(np.int64(488), np.int64(1891), np.int64(489), np.int64(1893))",81,75
262,1009.5555555555555,852.3333333333334,9.0,111279.3871438162,642.172119140625,"(np.int64(851), np.int64(1008), np.int64(855), np.int64(1012))",42,180
262,1802.0,980.0,1.0,12364.376349312912,1301.3671875,"(np.int64(980), np.int64(1802), np.int64(981), np.int64(1803))",122,3
262,1543.5,1043.0,2.0,24728.752698625824,612.281982421875,"(np.int64(1043), np.int64(1543), np.int64(1044), np.int64(1545))",76,62
262,1592.3333333333333,1094.3333333333333,5.0,61821.88174656456,672.66796875,"(np.int64(1092), np.int64(1591), np.int64(1099), np.int64(1596))",76,62
262,940.4285714285714,1101.4285714285713,7.0,86550.63444519039,836.2548828125,"(np.int64(1101), np.int64(938), np.int64(1103), np.int64(944))",18,141
262,1539.2,1242.7166666666667,17.0,210194.39793831948,2538.6708984375,"(np.int64(1235), np.int64(1530), np.int64(1250), np.int64(1548))",303,111
262,1157.0,1299.0,1.0,12364.376349312912,1479.09130859375,"(np.int64(1299), np.int64(1157), np.int64(1300), np.int64(1158))",111,2
262,1674.0,1388.0,1.0,12364.376349312912,642.172119140625,"(np.int64(1388), np.int64(1674), np.int64(1389), np.int64(1675))",140,20
262,1757.1538461538462,1428.6153846153845,13.0,160736.89254106785,672.66796875,"(np.int64(1428), np.int64(1753), np.int64(1430), np.int64(1763))",426,18
262,307.5,1477.1666666666665,4.0,49457.50539725165,642.172119140625,"(np.int64(1476), np.int64(305), np.int64(1480), np.int64(310))",425,5
262,457.0,1476.0,1.0,12364.376349312912,642.172119140625,"(np.int64(1476), np.int64(457), np.int64(1477), np.int64(458))",428,5
262,311.5,1528.0,4.0,49457.50539725165,612.281982421875,"(np.int64(1525), np.int64(311), np.int64(1532), np.int64(313))",31,113
262,1973.3333333333333,1639.0,9.0,111279.3871438162,871.0927734375,"(np.int64(1638), np.int64(1972), np.int64(1641), np.int64(1976))",250,74
262,1108.75,1641.125,8.0,98915.0107945033,642.172119140625,"(np.int64(1640), np.int64(1107), np.int64(1643), np.int64(1111))",412,93
263,1453.0,188.0,1.0,12364.376349312912,642.1195068359375,"(np.int64(188), np.int64(1453), np.int64(189), np.int64(1454))",415,7
263,73.01612903225806,211.9516129032258,32.0,395660.0431780132,768.722412109375,"(np.int64(209), np.int64(68), np.int64(220), np.int64(76))",221,90
263,88.63636363636364,389.22727272727275,22.0,272016.27968488407,1572.26708984375,"(np.int64(386), np.int64(86), np.int64(393), np.int64(92))",352,57
263,113.5,396.0,2.0,24728.752698625824,612.242919921875,"(np.int64(396), np.int64(113), np.int64(397), np.int64(115))",352,57
263,1406.8,449.0333333333333,16.0,197830.0215890066,871.1258544921875,"(np.int64(447), np.int64(1401), np.int64(451), np.int64(1416))",153,58
263,1887.25,490.0,4.0,49457.50539725165,642.1195068359375,"(np.int64(489), np.int64(1887), np.int64(492), np.int64(1889))",81,75
263,1011.0,852.75,9.0,111279.3871438162,642.1195068359375,"(np.int64(852), np.int64(1007), np.int64(855), np.int64(1014))",42,180
263,1552.3333333333335,1049.0,4.0,49457.50539725165,642.1195068359375,"(np.int64(1046), np.int64(1543), np.int64(1052), np.int64(1562))",76,62
263,1593.5,1097.7,10.0,123643.76349312911,768.722412109375,"(np.int64(1095), np.int64(1591), np.int64(1101), np.int64(1597))",76,62
263,938.75,1102.0,5.0,61821.881746564555,704.0015869140625,"(np.int64(1101), np.int64(936), np.int64(1104), np.int64(944))",18,141
263,1533.9583333333335,1243.0833333333333,15.0,185465.6452396937,1920.708740234375,"(np.int64(1236), np.int64(1529), np.int64(1250), np.int64(1539))",303,111
263,1759.75,1430.0416666666667,10.0,123643.76349312911,642.1195068359375,"(np.int64(1429), np.int64(1755), np.int64(1432), np.int64(1766))",426,18
263,1735.75,1454.25,4.0,49457.50539725165,672.705810546875,"(np.int64(1454), np.int64(1735), np.int64(1456), np.int64(1738))",427,7
263,306.3333333333333,1477.3333333333333,3.0,37093.12904793874,642.1195068359375,"(np.int64(1477), np.int64(306), np.int64(1479), np.int64(308))",425,5
263,456.5,1477.5,4.0,49457.50539725165,836.28173828125,"(np.int64(1477), np.int64(456), np.int64(1479), np.int64(458))",428,5
263,1063.0,1674.0,1.0,12364.376349312912,612.242919921875,"(np.int64(1674), np.int64(1063), np.int64(1675), np.int64(1064))",412,93
263,871.0,1742.0,1.0,12364.376349312912,612.242919921875,"(np.int64(1742), np.int64(871), np.int64(1743), np.int64(872))",64,138
264,70.15,214.25,7.0,86550.63444519037,612.30810546875,"(np.int64(211), np.int64(68), np.int64(219), np.int64(73))",221,90
264,87.0,386.1111111111111,27.0,333838.1614314486,942.926025390625,"(np.int64(381), np.int64(85), np.int64(392), np.int64(90))",352,57
264,147.0,394.0,1.0,12364.376349312912,642.087646484375,"(np.int64(394), np.int64(147), np.int64(395), np.int64(148))",152,2
264,107.0,400.0,1.0,12364.376349312912,735.992431640625,"(np.int64(400), np.int64(107), np.int64(401), np.int64(108))",352,57
264,1411.6,448.0,20.0,247287.52698625822,1017.6123046875,"(np.int64(447), np.int64(1409), np.int64(451), np.int64(1416))",153,58
264,1887.0,489.75,4.0,49457.50539725165,642.087646484375,"(np.int64(489), np.int64(1886), np.int64(491), np.int64(1889))",81,75
264,1009.0,853.125,8.0,98915.0107945033,672.72314453125,"(np.int64(852), np.int64(1007), np.int64(856), np.int64(1012))",42,180
264,1548.6666666666667,1045.3333333333333,3.0,37093.12904793874,672.72314453125,"(np.int64(1043), np.int64(1542), np.int64(1048), np.int64(1560))",76,62
264,1591.888888888889,1096.111111111111,9.0,111279.3871438162,735.992431640625,"(np.int64(1094), np.int64(1590), np.int64(1099), np.int64(1595))",76,62
264,940.0,1100.8,5.0,61821.881746564555,768.72119140625,"(np.int64(1100), np.int64(938), np.int64(1102), np.int64(943))",18,141
264,1536.2878787878788,1244.8030303030303,14.0,173101.26889038077,1619.954833984375,"(np.int64(1236), np.int64(1528), np.int64(1250), np.int64(1544))",303,111
264,1758.45,1429.6499999999999,24.0,296745.0323835099,735.992431640625,"(np.int64(1427), np.int64(1750), np.int64(1434), np.int64(1769))",426,18
264,1733.5,1454.0,6.0,74186.25809587748,802.115966796875,"(np.int64(1454), np.int64(1731), np.int64(1455), np.int64(1737))",427,7
264,456.0,1477.5,2.0,24728.752698625824,768.72119140625,"(np.int64(1477), np.int64(456), np.int64(1479), np.int64(457))",428,5
264,870.5,1741.0,2.0,24728.752698625824,612.30810546875,"(np.int64(1741), np.int64(870), np.int64(1742), np.int64(872))",64,138
264,1803.0,1812.0,1.0,12364.376349312912,612.30810546875,"(np.int64(1812), np.int64(1803), np.int64(1813), np.int64(1804))",351,63
264,1390.0,2023.0,1.0,12364.376349312912,6242.13330078125,"(np.int64(2023), np.int64(1390), np.int64(2024), np.int64(1391))",430,2
264,214.0,2032.0,3.0,37093.12904793874,642.087646484375,"(np.int64(2031), np.int64(214), np.int64(2034), np.int64(215))",175,8
265,1219.0,36.0,1.0,12364.376349312912,612.264404296875,"(np.int64(36), np.int64(1219), np.int64(37), np.int64(1220))",416,4
265,1516.0,91.0,1.0,12364.376349312912,642.142822265625,"(np.int64(91), np.int64(1516), np.int64(92), np.int64(1517))",361,2
265,50.0,172.5,4.0,49457.50539725165,735.9658203125,"(np.int64(172), np.int64(49), np.int64(174), np.int64(52))",156,129
265,87.56666666666666,386.33333333333337,16.0,197830.0215890066,836.239990234375,"(np.int64(384), np.int64(86), np.int64(392), np.int64(90))",352,57
265,107.5,401.0,2.0,24728.752698625824,642.142822265625,"(np.int64(401), np.int64(107), np.int64(402), np.int64(109))",352,57
265,1406.9102564102564,443.7307692307692,29.0,358566.91413007444,1344.74072265625,"(np.int64(438), np.int64(1402), np.int64(452), np.int64(1416))",153,58
265,1885.0,491.0,3.0,37093.12904793874,612.264404296875,"(np.int64(490), np.int64(1885), np.int64(493), np.int64(1886))",81,75
265,1009.0,853.2,5.0,61821.881746564555,642.142822265625,"(np.int64(852), np.int64(1008), np.int64(855), np.int64(1011))",42,180
265,1547.875,1048.125,5.0,61821.881746564555,612.264404296875,"(np.int64(1046), np.int64(1542), np.int64(1051), np.int64(1563))",76,62
265,1532.0,1083.0,1.0,12364.376349312912,672.700439453125,"(np.int64(1083), np.int64(1532), np.int64(1084), np.int64(1533))",164,21
265,1591.0,1096.0,3.0,37093.12904793874,672.700439453125,"(np.int64(1095), np.int64(1590), np.int64(1098), np.int64(1593))",76,62
265,935.0,1104.0,2.0,24728.752698625824,612.264404296875,"(np.int64(1101), np.int64(931), np.int64(1108), np.int64(940))",18,141
265,1535.0,1243.75,13.0,160736.89254106785,1216.738525390625,"(np.int64(1237), np.int64(1528), np.int64(1250), np.int64(1542))",303,111
265,1195.6666666666667,1248.3333333333333,3.0,37093.12904793874,704.05029296875,"(np.int64(1248), np.int64(1195), np.int64(1250), np.int64(1197))",432,2
265,1756.4897959183672,1430.7551020408164,49.0,605854.4411163327,704.05029296875,"(np.int64(1427), np.int64(1750), np.int64(1434), np.int64(1765))",426,18
265,1733.5,1454.0,2.0,24728.752698625824,612.264404296875,"(np.int64(1454), np.int64(1732), np.int64(1455), np.int64(1736))",427,7
265,456.3333333333333,1478.6666666666667,3.0,37093.12904793874,704.05029296875,"(np.int64(1478), np.int64(456), np.int64(1480), np.int64(458))",428,5
265,307.0,1525.0,1.0,12364.376349312912,612.264404296875,"(np.int64(1525), np.int64(307), np.int64(1526), np.int64(308))",31,113
265,528.5,1720.0,12.0,148372.51619175496,768.673828125,"(np.int64(1717), np.int64(528), np.int64(1724), np.int64(530))",433,5
265,869.0,1741.0,1.0,12364.376349312912,612.264404296875,"(np.int64(1741), np.int64(869), np.int64(1742), np.int64(870))",64,138
265,1799.0833333333335,1813.8333333333335,7.0,86550.63444519039,642.142822265625,"(np.int64(1813), np.int64(1795), np.int64(1816), np.int64(1802))",351,63
265,1759.0,1836.0,1.0,12364.376349312912,612.264404296875,"(np.int64(1836), np.int64(1759), np.int64(1837), np.int64(1760))",351,63
265,2047.0,1992.0,1.0,12364.376349312912,612.264404296875,"(np.int64(1992), np.int64(2047), np.int64(1993), np.int64(2048))",151,37
266,51.5,174.0,6.0,74186.25809587748,906.666015625,"(np.int64(173), np.int64(51), np.int64(176), np.int64(53))",156,129
266,1852.0,374.0,1.0,12364.376349312912,612.3076171875,"(np.int64(374), np.int64(1852), np.int64(375), np.int64(1853))",96,86
266,426.0,389.0,1.0,12364.376349312912,612.3076171875,"(np.int64(389), np.int64(426), np.int64(390), np.int64(427))",179,14
266,89.77777777777777,391.44444444444446,9.0,111279.3871438162,768.7119140625,"(np.int64(390), np.int64(88), np.int64(394), np.int64(93))",352,57
266,1410.4047619047622,452.5380952380952,42.0,519303.8066711423,1388.802978515625,"(np.int64(440), np.int64(1404), np.int64(467), np.int64(1419))",153,58
266,1887.5,495.0,4.0,49457.50539725165,642.090087890625,"(np.int64(494), np.int64(1887), np.int64(497), np.int64(1889))",81,75
266,988.9758620689656,825.0448275862069,36.0,445117.5485752648,871.0771484375,"(np.int64(814), np.int64(980), np.int64(838), np.int64(994))",42,180
266,1545.75,1046.75,3.0,37093.12904793874,612.3076171875,"(np.int64(1045), np.int64(1544), np.int64(1050), np.int64(1548))",76,62
266,1535.0,1085.0,3.0,37093.12904793874,736.026123046875,"(np.int64(1085), np.int64(1534), np.int64(1086), np.int64(1537))",164,21
266,939.5769230769231,1103.7307692307693,14.0,173101.26889038077,1619.944091796875,"(np.int64(1101), np.int64(933), np.int64(1109), np.int64(946))",18,141
266,1536.7777777777778,1245.361111111111,11.0,136008.13984244203,1767.076416015625,"(np.int64(1239), np.int64(1529), np.int64(1252), np.int64(1544))",303,111
266,1197.7777777777778,1249.0,9.0,111279.3871438162,768.7119140625,"(np.int64(1247), np.int64(1197), np.int64(1252), np.int64(1200))",432,2
266,1753.080357142857,1428.4375,58.0,717133.8282601489,703.99609375,"(np.int64(1426), np.int64(1749), np.int64(1434), np.int64(1766))",426,18
266,1736.0,1456.0,1.0,12364.376349312912,612.3076171875,"(np.int64(1456), np.int64(1736), np.int64(1457), np.int64(1737))",427,7
266,530.3,1722.6,10.0,123643.76349312911,736.026123046875,"(np.int64(1719), np.int64(530), np.int64(1726), np.int64(532))",433,5
266,1798.4,1816.0,20.0,247287.52698625822,703.99609375,"(np.int64(1814), np.int64(1791), np.int64(1819), np.int64(1806))",351,63
266,1762.0,1834.0,2.0,24728.752698625824,612.3076171875,"(np.int64(1834), np.int64(1760), np.int64(1835), np.int64(1765))",351,63
267,50.75,175.0,4.0,49457.50539725165,802.1536865234375,"(np.int64(174), np.int64(50), np.int64(177), np.int64(52))",156,129
267,1851.0,377.0,1.0,12364.376349312912,612.2819213867188,"(np.int64(377), np.int64(1851), np.int64(378), np.int64(1852))",96,86
267,101.56944444444444,396.2638888888889,13.0,160736.89254106785,871.1163330078125,"(np.int64(390), np.int64(88), np.int64(403), np.int64(111))",352,57
267,1413.486111111111,459.04166666666663,39.0,482210.67762320355,1344.732421875,"(np.int64(449), np.int64(1410), np.int64(469), np.int64(1420))",153,58
267,1887.0,495.0,1.0,12364.376349312912,642.1546630859375,"(np.int64(495), np.int64(1887), np.int64(496), np.int64(1888))",81,75
267,985.7931034482758,832.2413793103449,29.0,358566.91413007444,836.280517578125,"(np.int64(828), np.int64(980), np.int64(838), np.int64(993))",42,180
267,1547.25,1046.0,3.0,37093.12904793874,642.1546630859375,"(np.int64(1042), np.int64(1544), np.int64(1051), np.int64(1551))",76,62
267,1568.0,1057.0,1.0,12364.376349312912,642.1546630859375,"(np.int64(1057), np.int64(1568), np.int64(1058), np.int64(1569))",76,62
267,1535.5,1086.0,4.0,49457.50539725165,871.1163330078125,"(np.int64(1086), np.int64(1534), np.int64(1087), np.int64(1538))",164,21
267,934.2307692307693,1106.7692307692307,13.0,160736.89254106785,1717.338623046875,"(np.int64(1105), np.int64(933), np.int64(1110), np.int64(937))",18,141
267,1536.6,1245.25,14.0,173101.26889038074,1525.33984375,"(np.int64(1240), np.int64(1529), np.int64(1252), np.int64(1544))",303,111
267,1753.909090909091,1429.8181818181818,22.0,272016.27968488407,703.97998046875,"(np.int64(1428), np.int64(1749), np.int64(1432), np.int64(1760))",426,18
267,1063.0,1673.0,1.0,12364.376349312912,642.1546630859375,"(np.int64(1673), np.int64(1063), np.int64(1674), np.int64(1064))",412,93
267,530.1111111111111,1724.0,9.0,111279.3871438162,906.6611938476562,"(np.int64(1721), np.int64(529), np.int64(1727), np.int64(532))",433,5
267,1798.107142857143,1816.75,22.0,272016.27968488407,703.97998046875,"(np.int64(1814), np.int64(1788), np.int64(1821), np.int64(1808))",351,63
267,1763.5,1836.25,6.0,74186.25809587748,612.2819213867188,"(np.int64(1835), np.int64(1761), np.int64(1839), np.int64(1768))",351,63
267,1886.0,1952.0,1.0,12364.376349312912,612.2819213867188,"(np.int64(1952), np.int64(1886), np.int64(1953), np.int64(1887))",435,2
268,52.0,174.0,1.0,12364.376349312912,642.1370849609375,"(np.int64(174), np.int64(52), np.int64(175), np.int64(53))",156,129
268,1852.0,376.0,1.0,12364.376349312912,612.251708984375,"(np.int64(376), np.int64(1852), np.int64(377), np.int64(1853))",96,86
268,434.0,392.0,1.0,12364.376349312912,612.251708984375,"(np.int64(392), np.int64(434), np.int64(393), np.int64(435))",179,14
268,1416.3030303030303,460.15909090909093,50.0,618218.8174656456,2247.09228515625,"(np.int64(447), np.int64(1411), np.int64(468), np.int64(1423))",153,58
268,1212.3333333333333,726.6666666666666,3.0,37093.12904793874,612.251708984375,"(np.int64(726), np.int64(1212), np.int64(728), np.int64(1214))",436,2
268,989.2,833.1,6.0,74186.25809587746,612.251708984375,"(np.int64(829), np.int64(985), np.int64(837), np.int64(994))",42,180
268,1011.0,852.2857142857143,7.0,86550.63444519039,703.9837646484375,"(np.int64(851), np.int64(1010), np.int64(854), np.int64(1013))",42,180
268,1552.5833333333333,1050.3333333333333,6.0,74186.25809587746,642.1370849609375,"(np.int64(1047), np.int64(1544), np.int64(1056), np.int64(1568))",76,62
268,1536.5,1085.5,4.0,49457.50539725165,942.9568481445312,"(np.int64(1085), np.int64(1536), np.int64(1087), np.int64(1538))",164,21
268,939.95,1102.9,11.0,136008.13984244203,1216.732421875,"(np.int64(1100), np.int64(933), np.int64(1108), np.int64(946))",18,141
268,1537.2083333333335,1244.5972222222222,13.0,160736.89254106785,1668.2900390625,"(np.int64(1239), np.int64(1529), np.int64(1251), np.int64(1545))",303,111
268,578.3333333333334,1380.6666666666667,3.0,37093.12904793874,1433.578369140625,"(np.int64(1380), np.int64(578), np.int64(1382), np.int64(580))",438,2
268,1753.4666666666667,1427.1916666666666,15.0,185465.64523969367,672.7325439453125,"(np.int64(1423), np.int64(1748), np.int64(1432), np.int64(1761))",426,18
268,1718.5,1457.0,2.0,24728.752698625824,642.1370849609375,"(np.int64(1457), np.int64(1718), np.int64(1458), np.int64(1720))",427,7
268,531.4444444444445,1723.7777777777778,9.0,111279.3871438162,906.6792602539062,"(np.int64(1722), np.int64(531), np.int64(1727), np.int64(533))",433,5
268,1800.25,1815.375,5.0,61821.881746564555,642.1370849609375,"(np.int64(1812), np.int64(1790), np.int64(1820), np.int64(1810))",351,63
268,1759.0,1831.0,1.0,12364.376349312912,612.251708984375,"(np.int64(1831), np.int64(1759), np.int64(1832), np.int64(1760))",351,63
268,1886.0,1951.5,4.0,49457.50539725165,642.1370849609375,"(np.int64(1951), np.int64(1885), np.int64(1953), np.int64(1888))",435,2
269,51.0,175.0,1.0,12364.376349312912,642.1361083984375,"(np.int64(175), np.int64(51), np.int64(176), np.int64(52))",156,129
269,1848.0,374.0,1.0,12364.376349312912,612.2689208984375,"(np.int64(374), np.int64(1848), np.int64(375), np.int64(1849))",96,86
269,1409.617886178862,450.9308943089431,44.0,544032.5593697681,2190.898681640625,"(np.int64(435), np.int64(1401), np.int64(468), np.int64(1422))",153,58
269,994.7,836.6,6.0,74186.25809587748,704.0335693359375,"(np.int64(832), np.int64(987), np.int64(842), np.int64(1010))",42,180
269,1544.9166666666665,1046.5833333333335,5.0,61821.88174656456,642.1361083984375,"(np.int64(1046), np.int64(1543), np.int64(1048), np.int64(1548))",76,62
269,1537.0,1086.0,1.0,12364.376349312912,735.994140625,"(np.int64(1086), np.int64(1537), np.int64(1087), np.int64(1538))",164,21
269,944.0,1100.3333333333333,3.0,37093.12904793874,672.7010498046875,"(np.int64(1100), np.int64(943), np.int64(1102), np.int64(946))",18,141
269,1535.9777777777774,1245.688888888889,18.0,222558.77428763243,1388.8134765625,"(np.int64(1239), np.int64(1529), np.int64(1252), np.int64(1544))",303,111
269,1755.0,1428.0,1.0,12364.376349312912,612.2689208984375,"(np.int64(1428), np.int64(1755), np.int64(1429), np.int64(1756))",426,18
269,311.8333333333333,1522.5,6.0,74186.25809587748,768.7222900390625,"(np.int64(1521), np.int64(310), np.int64(1525), np.int64(314))",31,113
269,1065.5,1671.0,2.0,24728.752698625824,612.2689208984375,"(np.int64(1670), np.int64(1064), np.int64(1673), np.int64(1068))",412,93
269,530.3333333333334,1724.8333333333333,6.0,74186.25809587748,704.0335693359375,"(np.int64(1723), np.int64(530), np.int64(1727), np.int64(532))",433,5
269,1090.0,1776.5,2.0,24728.752698625824,642.1361083984375,"(np.int64(1775), np.int64(1087), np.int64(1779), np.int64(1094))",440,4
269,1810.0,1812.0,1.0,12364.376349312912,612.2689208984375,"(np.int64(1812), np.int64(1810), np.int64(1813), np.int64(1811))",351,63
269,1761.3333333333333,1833.0,3.0,37093.12904793874,642.1361083984375,"(np.int64(1831), np.int64(1758), np.int64(1837), np.int64(1765))",351,63
269,1015.0,1836.0,1.0,12364.376349312912,612.2689208984375,"(np.int64(1836), np.int64(1015), np.int64(1837), np.int64(1016))",418,7
270,52.0,174.0,1.0,12364.376349312912,672.712890625,"(np.int64(174), np.int64(52), np.int64(175), np.int64(53))",156,129
270,115.0,397.0,1.0,12364.376349312912,612.2676391601562,"(np.int64(397), np.int64(115), np.int64(398), np.int64(116))",352,57
270,1409.9287634408602,450.2674731182796,40.0,494575.0539725165,1817.6092529296875,"(np.int64(432), np.int64(1401), np.int64(468), np.int64(1422))",153,58
270,1003.1571428571428,837.8535714285715,15.0,185465.6452396937,642.1381225585938,"(np.int64(832), np.int64(996), np.int64(845), np.int64(1011))",42,180
270,1545.625,1045.25,7.0,86550.63444519039,642.1381225585938,"(np.int64(1042), np.int64(1544), np.int64(1048), np.int64(1548))",76,62
270,1544.0,1086.0,1.0,12364.376349312912,642.1381225585938,"(np.int64(1086), np.int64(1544), np.int64(1087), np.int64(1545))",164,21
270,936.5,1103.5,4.0,49457.50539725165,1175.4564208984375,"(np.int64(1103), np.int64(936), np.int64(1105), np.int64(938))",18,141
270,1536.857142857143,1245.1190476190477,20.0,247287.52698625825,1216.7198486328125,"(np.int64(1238), np.int64(1528), np.int64(1252), np.int64(1545))",303,111
270,1753.6,1426.9,6.0,74186.25809587746,672.712890625,"(np.int64(1423), np.int64(1751), np.int64(1431), np.int64(1756))",426,18
270,463.0,1447.0,1.0,12364.376349312912,906.6636962890625,"(np.int64(1447), np.int64(463), np.int64(1448), np.int64(464))",178,2
270,311.64285714285717,1523.357142857143,14.0,173101.26889038077,768.704345703125,"(np.int64(1520), np.int64(310), np.int64(1528), np.int64(315))",31,113
270,1972.0,1647.0,3.0,37093.12904793874,672.712890625,"(np.int64(1646), np.int64(1972), np.int64(1649), np.int64(1973))",250,74
270,1065.1666666666667,1682.0,4.0,49457.50539725165,612.2676391601562,"(np.int64(1671), np.int64(1064), np.int64(1689), np.int64(1068))",412,93
270,1787.0416666666667,1822.1666666666667,9.0,111279.38714381622,642.1381225585938,"(np.int64(1813), np.int64(1769), np.int64(1838), np.int64(1808))",351,63
270,1017.0,1839.0,1.0,12364.376349312912,612.2676391601562,"(np.int64(1839), np.int64(1017), np.int64(1840), np.int64(1018))",418,7
271,50.0,175.0,1.0,12364.376349312912,612.2565307617188,"(np.int64(175), np.int64(50), np.int64(176), np.int64(51))",156,129
271,68.5,216.0,2.0,24728.752698625824,736.0146484375,"(np.int64(216), np.int64(68), np.int64(217), np.int64(70))",221,90
271,1401.0,432.5,2.0,24728.752698625824,642.1182861328125,"(np.int64(432), np.int64(1401), np.int64(434), np.int64(1402))",153,58
271,1415.1724137931035,449.41379310344826,29.0,358566.91413007444,1301.331298828125,"(np.int64(447), np.int64(1412), np.int64(453), np.int64(1419))",153,58
271,1000.2352941176472,837.3235294117648,24.0,296745.0323835099,836.2789306640625,"(np.int64(833), np.int64(991), np.int64(843), np.int64(1009))",42,180
271,1547.25,1049.0,3.0,37093.12904793874,612.2565307617188,"(np.int64(1047), np.int64(1543), np.int64(1052), np.int64(1552))",76,62
271,935.0,1103.0,1.0,12364.376349312912,612.2565307617188,"(np.int64(1103), np.int64(935), np.int64(1104), np.int64(936))",18,141
271,1529.6666666666667,1241.3333333333333,12.0,148372.51619175496,1479.117431640625,"(np.int64(1240), np.int64(1528), np.int64(1244), np.int64(1532))",303,111
271,1753.642857142857,1426.5,8.0,98915.0107945033,642.1182861328125,"(np.int64(1423), np.int64(1752), np.int64(1430), np.int64(1756))",426,18
271,413.0,1502.0,3.0,37093.12904793874,836.2789306640625,"(np.int64(1501), np.int64(413), np.int64(1504), np.int64(414))",300,65
271,309.9259259259259,1525.2962962962963,27.0,333838.1614314486,704.01708984375,"(np.int64(1521), np.int64(308), np.int64(1530), np.int64(313))",31,113
271,1970.857142857143,1647.142857142857,7.0,86550.63444519039,768.7241821289062,"(np.int64(1646), np.int64(1969), np.int64(1649), np.int64(1973))",250,74
271,1064.5,1687.0,2.0,24728.752698625824,642.1182861328125,"(np.int64(1687), np.int64(1064), np.int64(1688), np.int64(1066))",412,93
271,1046.0,1729.0,1.0,12364.376349312912,612.2565307617188,"(np.int64(1729), np.int64(1046), np.int64(1730), np.int64(1047))",60,64
271,1796.5,1815.5,2.0,24728.752698625824,612.2565307617188,"(np.int64(1813), np.int64(1788), np.int64(1819), np.int64(1806))",351,63
271,1759.0,1829.0,1.0,12364.376349312912,612.2565307617188,"(np.int64(1829), np.int64(1759), np.int64(1830), np.int64(1760))",351,63
272,68.0,214.5,4.0,49457.50539725165,836.2706298828125,"(np.int64(213), np.int64(68), np.int64(217), np.int64(69))",221,90
272,1844.0,373.5,2.0,24728.752698625824,612.2646484375,"(np.int64(373), np.int64(1844), np.int64(375), np.int64(1845))",96,86
272,1414.608695652174,448.9130434782609,23.0,284380.65603419696,1095.130859375,"(np.int64(447), np.int64(1412), np.int64(452), np.int64(1418))",153,58
272,996.0,834.5,2.0,24728.752698625824,612.2646484375,"(np.int64(833), np.int64(995), np.int64(837), np.int64(998))",42,180
272,1543.9444444444443,1050.6666666666665,10.0,123643.76349312911,612.2646484375,"(np.int64(1048), np.int64(1540), np.int64(1054), np.int64(1547))",76,62
272,1530.2631578947369,1241.3684210526317,19.0,234923.15063694533,2026.6705322265625,"(np.int64(1239), np.int64(1528), np.int64(1246), np.int64(1534))",303,111
272,1755.0,1424.8,5.0,61821.881746564555,612.2646484375,"(np.int64(1424), np.int64(1754), np.int64(1427), np.int64(1757))",426,18
272,310.3636363636364,1525.159090909091,13.0,160736.89254106785,672.7138671875,"(np.int64(1522), np.int64(310), np.int64(1533), np.int64(312))",31,113
272,1970.5,1647.5,4.0,49457.50539725165,836.2706298828125,"(np.int64(1647), np.int64(1970), np.int64(1649), np.int64(1972))",250,74
272,1102.0,1754.0,1.0,12364.376349312912,612.2646484375,"(np.int64(1754), np.int64(1102), np.int64(1755), np.int64(1103))",399,4
272,1800.6666666666667,1814.3333333333333,3.0,37093.12904793874,612.2646484375,"(np.int64(1811), np.int64(1794), np.int64(1820), np.int64(1808))",351,63
272,1764.0,1834.0,1.0,12364.376349312912,612.2646484375,"(np.int64(1834), np.int64(1764), np.int64(1835), np.int64(1765))",351,63
272,366.0,1843.0,1.0,12364.376349312912,642.1585693359375,"(np.int64(1843), np.int64(366), np.int64(1844), np.int64(367))",45,51
273,1842.625,373.125,8.0,98915.0107945033,642.1340942382812,"(np.int64(372), np.int64(1840), np.int64(375), np.int64(1846))",96,86
273,114.5,397.6666666666667,6.0,74186.25809587748,802.1345825195312,"(np.int64(397), np.int64(113), np.int64(399), np.int64(117))",352,57
273,1414.142857142857,449.8095238095238,21.0,259651.90333557114,1095.1292724609375,"(np.int64(447), np.int64(1412), np.int64(453), np.int64(1417))",153,58
273,1883.0,532.0,1.0,12364.376349312912,768.71630859375,"(np.int64(532), np.int64(1883), np.int64(533), np.int64(1884))",81,75
273,1542.4166666666667,1048.5555555555554,9.0,111279.3871438162,642.1340942382812,"(np.int64(1042), np.int64(1540), np.int64(1056), np.int64(1546))",76,62
273,1530.9705882352941,1245.1764705882351,18.0,222558.77428763243,1668.2568359375,"(np.int64(1240), np.int64(1527), np.int64(1249), np.int64(1534))",303,111
273,1754.0,1425.0,1.0,12364.376349312912,612.2613525390625,"(np.int64(1425), np.int64(1754), np.int64(1426), np.int64(1755))",426,18
273,309.4,1525.2,5.0,61821.881746564555,642.1340942382812,"(np.int64(1524), np.int64(309), np.int64(1528), np.int64(311))",31,113
273,1969.2857142857142,1649.4285714285713,7.0,86550.63444519039,942.9365234375,"(np.int64(1649), np.int64(1968), np.int64(1651), np.int64(1972))",250,74
273,1088.0,1780.0,3.0,37093.12904793874,612.2613525390625,"(np.int64(1780), np.int64(1087), np.int64(1781), np.int64(1090))",440,4
273,1764.0,1832.0,1.0,12364.376349312912,612.2613525390625,"(np.int64(1832), np.int64(1764), np.int64(1833), np.int64(1765))",351,63
273,2034.0,1982.0,1.0,12364.376349312912,612.2613525390625,"(np.int64(1982), np.int64(2034), np.int64(1983), np.int64(2035))",151,37
274,70.5,218.0,2.0,24728.752698625824,642.1430053710938,"(np.int64(218), np.int64(70), np.int64(219), np.int64(72))",221,90
274,1843.0,374.2857142857143,7.0,86550.63444519039,672.7046508789062,"(np.int64(373), np.int64(1842), np.int64(376), np.int64(1845))",96,86
274,115.625,398.5,16.0,197830.0215890066,1668.2772216796875,"(np.int64(397), np.int64(112), np.int64(401), np.int64(120))",352,57
274,1416.7,450.9,20.0,247287.52698625822,979.925048828125,"(np.int64(449), np.int64(1414), np.int64(454), np.int64(1421))",153,58
274,1894.0,499.0,1.0,12364.376349312912,612.2749633789062,"(np.int64(499), np.int64(1894), np.int64(500), np.int64(1895))",81,75
274,995.0,836.0,1.0,12364.376349312912,612.2749633789062,"(np.int64(836), np.int64(995), np.int64(837), np.int64(996))",42,180
274,941.0,854.25,3.0,37093.12904793874,672.7046508789062,"(np.int64(852), np.int64(940), np.int64(858), np.int64(943))",42,180
274,1542.0714285714284,1051.625,11.0,136008.13984244203,642.1430053710938,"(np.int64(1046), np.int64(1532), np.int64(1063), np.int64(1551))",76,62
274,1531.1666666666667,1244.0833333333333,24.0,296745.0323835099,1433.5811767578125,"(np.int64(1240), np.int64(1528), np.int64(1250), np.int64(1536))",303,111
274,1121.5,1621.5,2.0,24728.752698625824,612.2749633789062,"(np.int64(1621), np.int64(1121), np.int64(1623), np.int64(1123))",412,93
274,1971.2,1650.4,5.0,61821.881746564555,942.9476318359375,"(np.int64(1650), np.int64(1970), np.int64(1652), np.int64(1973))",250,74
274,1067.6666666666667,1687.3333333333333,3.0,37093.12904793874,642.1430053710938,"(np.int64(1687), np.int64(1067), np.int64(1689), np.int64(1069))",412,93
274,1100.0,1752.0,1.0,12364.376349312912,612.2749633789062,"(np.int64(1752), np.int64(1100), np.int64(1753), np.int64(1101))",399,4
274,1089.5,1781.0,2.0,24728.752698625824,612.2749633789062,"(np.int64(1781), np.int64(1089), np.int64(1782), np.int64(1091))",440,4
274,1777.0,1835.0,1.0,12364.376349312912,612.2749633789062,"(np.int64(1835), np.int64(1777), np.int64(1836), np.int64(1778))",351,63
274,366.0,1846.0,1.0,12364.376349312912,642.1430053710938,"(np.int64(1846), np.int64(366), np.int64(1847), np.int64(367))",45,51
274,2023.4444444444443,1987.4444444444443,9.0,111279.3871438162,704.0032348632812,"(np.int64(1985), np.int64(2022), np.int64(1990), np.int64(2026))",151,37
275,51.0,174.5,2.0,24728.752698625824,612.2589721679688,"(np.int64(174), np.int64(51), np.int64(176), np.int64(52))",156,129
275,70.0,217.5,2.0,24728.752698625824,704.0023193359375,"(np.int64(217), np.int64(70), np.int64(219), np.int64(71))",221,90
275,89.0,392.0,1.0,12364.376349312912,642.1329345703125,"(np.int64(392), np.int64(89), np.int64(393), np.int64(90))",352,57
275,118.5,397.8333333333333,18.0,222558.7742876324,1572.2520751953125,"(np.int64(397), np.int64(115), np.int64(400), np.int64(124))",352,57
275,425.0,398.0,1.0,12364.376349312912,612.2589721679688,"(np.int64(398), np.int64(425), np.int64(399), np.int64(426))",179,14
275,1418.5,449.6111111111111,18.0,222558.7742876324,906.6690063476562,"(np.int64(448), np.int64(1416), np.int64(452), np.int64(1422))",153,58
275,941.1666666666667,854.25,10.0,123643.76349312912,704.0023193359375,"(np.int64(849), np.int64(939), np.int64(859), np.int64(944))",42,180
275,1547.25,1046.75,4.0,49457.50539725165,612.2589721679688,"(np.int64(1042), np.int64(1543), np.int64(1053), np.int64(1551))",76,62
275,1531.6363636363637,1243.3939393939395,33.0,408024.41952732607,1619.9205322265625,"(np.int64(1239), np.int64(1528), np.int64(1250), np.int64(1537))",303,111
275,1758.1666666666667,1427.6666666666667,4.0,49457.50539725165,612.2589721679688,"(np.int64(1426), np.int64(1755), np.int64(1430), np.int64(1762))",426,18
275,1972.0,1650.0,1.0,12364.376349312912,672.6995849609375,"(np.int64(1650), np.int64(1972), np.int64(1651), np.int64(1973))",250,74
275,1069.3333333333333,1682.5,9.0,111279.3871438162,704.0023193359375,"(np.int64(1678), np.int64(1068), np.int64(1688), np.int64(1072))",412,93
275,1046.0,1729.0,1.0,12364.376349312912,612.2589721679688,"(np.int64(1729), np.int64(1046), np.int64(1730), np.int64(1047))",60,64
275,866.75,1746.0,3.0,37093.12904793874,642.1329345703125,"(np.int64(1745), np.int64(865), np.int64(1748), np.int64(870))",64,138
275,1090.5,1781.5,2.0,24728.752698625824,642.1329345703125,"(np.int64(1781), np.int64(1090), np.int64(1783), np.int64(1092))",440,4
275,1771.3333333333333,1836.6666666666667,3.0,37093.12904793874,612.2589721679688,"(np.int64(1836), np.int64(1771), np.int64(1838), np.int64(1773))",351,63
275,367.5,1845.0,2.0,24728.752698625824,735.9977416992188,"(np.int64(1845), np.int64(367), np.int64(1846), np.int64(369))",45,51
275,302.0,1849.0,1.0,12364.376349312912,768.729248046875,"(np.int64(1849), np.int64(302), np.int64(1850), np.int64(303))",370,2
275,2024.1333333333334,1986.4666666666667,15.0,185465.64523969367,704.0023193359375,"(np.int64(1983), np.int64(2022), np.int64(1990), np.int64(2027))",151,37
276,50.25,174.0,4.0,49457.50539725165,703.9900512695312,"(np.int64(173), np.int64(49), np.int64(176), np.int64(52))",156,129
276,57.0,246.0,1.0,12364.376349312912,672.7000122070312,"(np.int64(246), np.int64(57), np.int64(247), np.int64(58))",221,90
276,117.5,398.0,6.0,74186.25809587748,703.9900512695312,"(np.int64(398), np.int64(115), np.int64(399), np.int64(121))",352,57
276,1417.9,449.9,10.0,123643.76349312911,871.1019287109375,"(np.int64(449), np.int64(1416), np.int64(452), np.int64(1421))",153,58
276,942.95,850.55,15.0,185465.64523969367,703.9900512695312,"(np.int64(846), np.int64(940), np.int64(856), np.int64(947))",42,180
276,1545.277777777778,1048.5555555555554,12.0,148372.51619175496,612.2832641601562,"(np.int64(1043), np.int64(1543), np.int64(1055), np.int64(1552))",76,62
276,1537.9444444444443,1247.4166666666665,19.0,234923.15063694533,1134.9423828125,"(np.int64(1241), np.int64(1529), np.int64(1252), np.int64(1545))",303,111
276,1762.8666666666668,1428.6333333333332,8.0,98915.01079450328,672.7000122070312,"(np.int64(1424), np.int64(1758), np.int64(1432), np.int64(1772))",426,18
276,1067.4285714285713,1681.857142857143,7.0,86550.63444519039,672.7000122070312,"(np.int64(1680), np.int64(1067), np.int64(1685), np.int64(1069))",412,93
276,866.5,1744.5,4.0,49457.50539725165,703.9900512695312,"(np.int64(1743), np.int64(864), np.int64(1747), np.int64(869))",64,138
276,1771.5,1835.0,2.0,24728.752698625824,612.2832641601562,"(np.int64(1834), np.int64(1771), np.int64(1837), np.int64(1773))",351,63
276,1851.0,1854.0,1.0,12364.376349312912,612.2832641601562,"(np.int64(1854), np.int64(1851), np.int64(1855), np.int64(1852))",233,21
276,2025.4,1984.65,11.0,136008.13984244203,612.2832641601562,"(np.int64(1983), np.int64(2022), np.int64(1989), np.int64(2028))",151,37
276,2010.0,2010.0,1.0,12364.376349312912,612.2832641601562,"(np.int64(2010), np.int64(2010), np.int64(2011), np.int64(2011))",151,37
277,50.0,173.83333333333334,6.0,74186.25809587748,703.9778442382812,"(np.int64(173), np.int64(49), np.int64(176), np.int64(52))",156,129
277,1847.0,372.5,2.0,24728.752698625824,612.2465209960938,"(np.int64(372), np.int64(1847), np.int64(374), np.int64(1848))",96,86
277,1414.0,448.0,1.0,12364.376349312912,642.1331787109375,"(np.int64(448), np.int64(1414), np.int64(449), np.int64(1415))",153,58
277,1209.0,718.0,3.0,37093.12904793874,642.1331787109375,"(np.int64(717), np.int64(1209), np.int64(720), np.int64(1210))",436,2
277,940.258064516129,854.5967741935484,32.0,395660.0431780132,768.7322387695312,"(np.int64(845), np.int64(937), np.int64(859), np.int64(947))",42,180
277,1547.2820512820515,1048.7179487179487,15.0,185465.6452396937,642.1331787109375,"(np.int64(1041), np.int64(1546), np.int64(1055), np.int64(1549))",76,62
277,1536.25,1246.75,11.0,136008.13984244203,871.1162109375,"(np.int64(1241), np.int64(1529), np.int64(1252), np.int64(1545))",303,111
277,417.5,1499.5,18.0,222558.7742876324,768.7322387695312,"(np.int64(1497), np.int64(415), np.int64(1503), np.int64(421))",300,65
277,1067.7777777777778,1681.6666666666667,9.0,111279.3871438162,672.7102661132812,"(np.int64(1678), np.int64(1067), np.int64(1686), np.int64(1070))",412,93
277,1046.0,1729.0,1.0,12364.376349312912,612.2465209960938,"(np.int64(1729), np.int64(1046), np.int64(1730), np.int64(1047))",60,64
277,1101.0,1749.0,1.0,12364.376349312912,612.2465209960938,"(np.int64(1749), np.int64(1101), np.int64(1750), np.int64(1102))",399,4
277,1813.0,1810.0,2.0,24728.752698625824,612.2465209960938,"(np.int64(1809), np.int64(1811), np.int64(1812), np.int64(1816))",351,63
277,1850.6666666666667,1851.6666666666667,3.0,37093.12904793874,612.2465209960938,"(np.int64(1851), np.int64(1850), np.int64(1853), np.int64(1852))",233,21
277,2024.0,1985.75,8.0,98915.0107945033,642.1331787109375,"(np.int64(1984), np.int64(2022), np.int64(1988), np.int64(2027))",151,37
278,48.714285714285715,173.0,7.0,86550.63444519039,703.99658203125,"(np.int64(172), np.int64(48), np.int64(175), np.int64(51))",156,129
278,1413.0,446.5,2.0,24728.752698625824,612.2646484375,"(np.int64(446), np.int64(1413), np.int64(448), np.int64(1414))",153,58
278,1008.0,811.0,1.0,12364.376349312912,703.99658203125,"(np.int64(811), np.int64(1008), np.int64(812), np.int64(1009))",42,180
278,946.9876190476191,847.932380952381,37.0,457481.9249245777,1175.4873046875,"(np.int64(840), np.int64(939), np.int64(858), np.int64(956))",42,180
278,1545.06,1047.3,10.0,123643.7634931291,672.7138671875,"(np.int64(1041), np.int64(1541), np.int64(1053), np.int64(1548))",76,62
278,1535.7727272727273,1246.568181818182,13.0,160736.89254106785,1216.690673828125,"(np.int64(1241), np.int64(1527), np.int64(1252), np.int64(1543))",303,111
278,415.0833333333333,1500.5833333333333,36.0,445117.5485752648,802.1439208984375,"(np.int64(1496), np.int64(413), np.int64(1507), np.int64(419))",300,65
278,1892.0,1539.0,1.0,12364.376349312912,672.7138671875,"(np.int64(1539), np.int64(1892), np.int64(1540), np.int64(1893))",450,10
278,475.0,1570.0,1.0,12364.376349312912,736.0069580078125,"(np.int64(1570), np.int64(475), np.int64(1571), np.int64(476))",451,2
278,1081.5,1578.0,2.0,24728.752698625824,703.99658203125,"(np.int64(1578), np.int64(1081), np.int64(1579), np.int64(1083))",271,32
278,1066.6,1680.9,10.0,123643.76349312911,703.99658203125,"(np.int64(1678), np.int64(1066), np.int64(1684), np.int64(1068))",412,93
278,1807.0,1811.0,1.0,12364.376349312912,612.2646484375,"(np.int64(1811), np.int64(1807), np.int64(1812), np.int64(1808))",351,63
278,1762.0,1826.0,1.0,12364.376349312912,612.2646484375,"(np.int64(1826), np.int64(1762), np.int64(1827), np.int64(1763))",351,63
278,1850.5,1849.0,2.0,24728.752698625824,612.2646484375,"(np.int64(1848), np.int64(1850), np.int64(1851), np.int64(1852))",233,21
279,48.92857142857143,173.92857142857142,14.0,173101.26889038077,979.9119873046875,"(np.int64(172), np.int64(47), np.int64(177), np.int64(52))",156,129
279,1005.0,837.5,6.0,74186.25809587748,1095.09814453125,"(np.int64(837), np.int64(1004), np.int64(839), np.int64(1007))",42,180
279,1543.7916666666665,1044.75,7.0,86550.63444519039,642.1458740234375,"(np.int64(1042), np.int64(1543), np.int64(1049), np.int64(1546))",76,62
279,1535.642857142857,1247.75,9.0,111279.38714381622,942.918212890625,"(np.int64(1243), np.int64(1528), np.int64(1253), np.int64(1543))",303,111
279,414.375,1503.2916666666667,48.0,593490.0647670198,1388.811279296875,"(np.int64(1496), np.int64(413), np.int64(1511), np.int64(418))",300,65
279,1892.0,1540.0,1.0,12364.376349312912,703.9822387695312,"(np.int64(1540), np.int64(1892), np.int64(1541), np.int64(1893))",450,10
279,1080.5,1579.5,2.0,24728.752698625824,672.6975708007812,"(np.int64(1579), np.int64(1080), np.int64(1581), np.int64(1082))",271,32
279,1066.7142857142858,1680.642857142857,14.0,173101.26889038077,735.9998168945312,"(np.int64(1677), np.int64(1066), np.int64(1685), np.int64(1069))",412,93
279,1817.5,1806.0,2.0,24728.752698625824,612.2499389648438,"(np.int64(1802), np.int64(1811), np.int64(1811), np.int64(1825))",351,63
279,1763.0,1835.0,1.0,12364.376349312912,612.2499389648438,"(np.int64(1835), np.int64(1763), np.int64(1836), np.int64(1764))",351,63
279,361.2,1846.4,5.0,61821.881746564555,703.9822387695312,"(np.int64(1846), np.int64(360), np.int64(1848), np.int64(363))",45,51
280,49.64705882352941,173.52941176470588,17.0,210194.3979383195,1095.116455078125,"(np.int64(172), np.int64(47), np.int64(176), np.int64(53))",156,129
280,1004.3333333333334,837.6666666666666,3.0,37093.12904793874,704.0098876953125,"(np.int64(837), np.int64(1004), np.int64(839), np.int64(1006))",42,180
280,1546.0,1043.3333333333333,3.0,37093.12904793874,612.2566528320312,"(np.int64(1043), np.int64(1545), np.int64(1045), np.int64(1548))",76,62
280,1529.8,1244.4,15.0,185465.64523969367,1258.676513671875,"(np.int64(1243), np.int64(1527), np.int64(1247), np.int64(1533))",303,111
280,414.530303030303,1503.7575757575758,66.0,816048.8390546521,1301.3341064453125,"(np.int64(1495), np.int64(413), np.int64(1515), np.int64(419))",300,65
280,804.0,1564.0,1.0,12364.376349312912,612.2566528320312,"(np.int64(1564), np.int64(804), np.int64(1565), np.int64(805))",455,2
280,1067.2727272727273,1680.4545454545455,11.0,136008.13984244203,768.7072143554688,"(np.int64(1678), np.int64(1066), np.int64(1684), np.int64(1069))",412,93
280,887.5,1739.0,4.0,49457.50539725165,612.2566528320312,"(np.int64(1738), np.int64(887), np.int64(1741), np.int64(889))",64,138
280,363.72222222222223,1845.7777777777778,18.0,222558.7742876324,836.248291015625,"(np.int64(1844), np.int64(358), np.int64(1849), np.int64(371))",45,51
281,50.2,173.05,20.0,247287.52698625822,1017.5823974609375,"(np.int64(171), np.int64(48), np.int64(176), np.int64(54))",156,129
281,1533.7794117647059,1241.7720588235293,21.0,259651.90333557117,1258.676513671875,"(np.int64(1236), np.int64(1529), np.int64(1248), np.int64(1545))",303,111
281,415.2,1504.2222222222222,45.0,556396.9357190811,1258.676513671875,"(np.int64(1494), np.int64(414), np.int64(1515), np.int64(418))",300,65
281,805.4,1564.8,5.0,61821.881746564555,672.7277221679688,"(np.int64(1564), np.int64(805), np.int64(1567), np.int64(807))",455,2
281,1068.3333333333333,1679.0,9.0,111279.3871438162,704.0098876953125,"(np.int64(1677), np.int64(1068), np.int64(1683), np.int64(1070))",412,93
281,890.0,1736.0,3.0,37093.12904793874,672.7277221679688,"(np.int64(1735), np.int64(890), np.int64(1738), np.int64(891))",64,138
281,365.7142857142857,1844.5,28.0,346202.53778076154,1017.5823974609375,"(np.int64(1843), np.int64(360), np.int64(1848), np.int64(373))",45,51
282,51.111111111111114,172.38888888888889,18.0,222558.7742876324,1258.660400390625,"(np.int64(171), np.int64(49), np.int64(175), np.int64(55))",156,129
282,1906.0,493.0,1.0,12364.376349312912,612.2723388671875,"(np.int64(493), np.int64(1906), np.int64(494), np.int64(1907))",81,75
282,945.6666666666666,853.6666666666666,3.0,37093.12904793874,703.9839477539062,"(np.int64(853), np.int64(945), np.int64(855), np.int64(947))",42,180
282,1928.0,1013.0,1.0,12364.376349312912,612.2723388671875,"(np.int64(1013), np.int64(1928), np.int64(1014), np.int64(1929))",58,4
282,1515.0,1097.0,1.0,12364.376349312912,672.722900390625,"(np.int64(1097), np.int64(1515), np.int64(1098), np.int64(1516))",458,5
282,1531.142857142857,1243.857142857143,14.0,173101.26889038077,1433.6092529296875,"(np.int64(1241), np.int64(1529), np.int64(1247), np.int64(1535))",303,111
282,415.13793103448273,1502.5172413793102,29.0,358566.91413007444,1095.1236572265625,"(np.int64(1495), np.int64(414), np.int64(1511), np.int64(418))",300,65
282,1068.1666666666665,1675.75,7.0,86550.63444519039,672.722900390625,"(np.int64(1674), np.int64(1067), np.int64(1680), np.int64(1071))",412,93
282,364.74,1844.69,27.0,333838.16143144865,1216.7027587890625,"(np.int64(1842), np.int64(360), np.int64(1848), np.int64(373))",45,51
282,2040.5,1999.0,6.0,74186.25809587748,672.722900390625,"(np.int64(1999), np.int64(2038), np.int64(2000), np.int64(2044))",151,37
283,51.4,171.86666666666667,15.0,185465.64523969367,1175.4541015625,"(np.int64(170), np.int64(49), np.int64(174), np.int64(55))",156,129
283,800.5,651.0,4.0,49457.50539725165,672.6973266601562,"(np.int64(651), np.int64(799), np.int64(652), np.int64(803))",459,2
283,1546.75,1044.25,3.0,37093.12904793874,612.2658081054688,"(np.int64(1043), np.int64(1545), np.int64(1046), np.int64(1549))",76,62
283,1514.0,1096.0,1.0,12364.376349312912,612.2658081054688,"(np.int64(1096), np.int64(1514), np.int64(1097), np.int64(1515))",458,5
283,906.0,1131.6666666666667,3.0,37093.12904793874,672.6973266601562,"(np.int64(1131), np.int64(905), np.int64(1133), np.int64(908))",18,141
283,903.6666666666666,1228.3333333333333,3.0,37093.12904793874,672.6973266601562,"(np.int64(1228), np.int64(903), np.int64(1230), np.int64(905))",328,4
283,1530.1818181818182,1243.8181818181818,11.0,136008.13984244203,1258.646240234375,"(np.int64(1242), np.int64(1528), np.int64(1246), np.int64(1534))",303,111
283,535.0,1408.0,1.0,12364.376349312912,612.2658081054688,"(np.int64(1408), np.int64(535), np.int64(1409), np.int64(536))",460,2
283,414.1470588235294,1501.5,34.0,420388.795876639,1868.787353515625,"(np.int64(1495), np.int64(413), np.int64(1509), np.int64(417))",300,65
283,1067.611111111111,1676.9444444444443,10.0,123643.76349312911,672.6973266601562,"(np.int64(1674), np.int64(1067), np.int64(1684), np.int64(1070))",412,93
283,367.18518518518516,1842.2962962962963,27.0,333838.1614314486,942.9111938476562,"(np.int64(1841), np.int64(360), np.int64(1845), np.int64(374))",45,51
283,1850.0,1852.0,1.0,12364.376349312912,612.2658081054688,"(np.int64(1852), np.int64(1850), np.int64(1853), np.int64(1851))",233,21
283,2042.875,1999.1666666666667,10.0,123643.76349312911,672.6973266601562,"(np.int64(1998), np.int64(2035), np.int64(2001), np.int64(2048))",151,37
284,50.61538461538461,172.15384615384616,13.0,160736.89254106785,1175.4739990234375,"(np.int64(171), np.int64(48), np.int64(174), np.int64(54))",156,129
284,1907.9166666666665,488.91666666666663,7.0,86550.63444519039,612.2459716796875,"(np.int64(488), np.int64(1905), np.int64(491), np.int64(1912))",81,75
284,1860.5,527.7708333333333,49.0,605854.4411163328,736.0274658203125,"(np.int64(524), np.int64(1853), np.int64(533), np.int64(1864))",81,75
284,798.5,651.0,2.0,24728.752698625824,642.124267578125,"(np.int64(651), np.int64(798), np.int64(652), np.int64(800))",459,2
284,944.5,845.2333333333332,18.0,222558.77428763243,703.983154296875,"(np.int64(842), np.int64(939), np.int64(852), np.int64(950))",42,180
284,1546.0,1047.0,1.0,12364.376349312912,612.2459716796875,"(np.int64(1047), np.int64(1546), np.int64(1048), np.int64(1547))",76,62
284,1528.5,1243.75,8.0,98915.0107945033,942.9456787109375,"(np.int64(1242), np.int64(1527), np.int64(1246), np.int64(1531))",303,111
284,533.5,1408.5,6.0,74186.25809587748,703.983154296875,"(np.int64(1407), np.int64(533), np.int64(1411), np.int64(535))",460,2
284,413.44,1504.0,50.0,618218.8174656456,2080.741455078125,"(np.int64(1496), np.int64(412), np.int64(1513), np.int64(417))",300,65
284,1083.75,1580.75,4.0,49457.50539725165,703.983154296875,"(np.int64(1580), np.int64(1083), np.int64(1582), np.int64(1086))",271,32
284,1469.5,1614.0,2.0,24728.752698625824,612.2459716796875,"(np.int64(1614), np.int64(1469), np.int64(1615), np.int64(1471))",244,9
284,1067.388888888889,1679.0,18.0,222558.7742876324,768.7088623046875,"(np.int64(1675), np.int64(1066), np.int64(1684), np.int64(1069))",412,93
284,367.8181818181818,1842.3636363636363,11.0,136008.13984244203,736.0274658203125,"(np.int64(1842), np.int64(365), np.int64(1844), np.int64(372))",45,51
284,2038.4642857142858,1999.375,11.0,136008.13984244203,642.124267578125,"(np.int64(1997), np.int64(2029), np.int64(2002), np.int64(2048))",151,37
285,52.36363636363637,172.0909090909091,11.0,136008.13984244203,906.661865234375,"(np.int64(171), np.int64(51), np.int64(174), np.int64(55))",156,129
285,1907.0,488.5,6.0,74186.25809587748,672.7030029296875,"(np.int64(488), np.int64(1906), np.int64(490), np.int64(1909))",81,75
285,1859.0,528.9512195121952,41.0,506939.4303218294,672.7030029296875,"(np.int64(523), np.int64(1854), np.int64(538), np.int64(1863))",81,75
285,944.7589285714286,847.3928571428571,24.0,296745.03238350985,802.1610107421875,"(np.int64(842), np.int64(939), np.int64(856), np.int64(950))",42,180
285,1562.0,1049.0,1.0,12364.376349312912,642.15185546875,"(np.int64(1049), np.int64(1562), np.int64(1050), np.int64(1563))",76,62
285,1529.0,1242.375,8.0,98915.0107945033,1095.132080078125,"(np.int64(1240), np.int64(1527), np.int64(1245), np.int64(1532))",303,111
285,1730.0,1452.0,1.0,12364.376349312912,612.2769775390625,"(np.int64(1452), np.int64(1730), np.int64(1453), np.int64(1731))",427,7
285,414.80555555555554,1504.6944444444443,72.0,890235.0971505296,3242.68505859375,"(np.int64(1495), np.int64(413), np.int64(1516), np.int64(418))",300,65
285,413.5,1547.0,2.0,24728.752698625824,612.2769775390625,"(np.int64(1547), np.int64(413), np.int64(1548), np.int64(415))",332,20
285,1084.0,1580.25,8.0,98915.0107945033,802.1610107421875,"(np.int64(1577), np.int64(1081), np.int64(1583), np.int64(1088))",271,32
285,1470.2,1614.2,5.0,61821.881746564555,642.15185546875,"(np.int64(1613), np.int64(1469), np.int64(1616), np.int64(1472))",244,9
285,1068.576923076923,1678.1538461538462,26.0,321473.7850821357,942.9298095703125,"(np.int64(1673), np.int64(1067), np.int64(1684), np.int64(1071))",412,93
285,568.0,1744.0,1.0,12364.376349312912,612.2769775390625,"(np.int64(1744), np.int64(568), np.int64(1745), np.int64(569))",462,2
285,1774.0,1836.0,1.0,12364.376349312912,642.15185546875,"(np.int64(1836), np.int64(1774), np.int64(1837), np.int64(1775))",351,63
285,369.0,1842.0,1.0,12364.376349312912,612.2769775390625,"(np.int64(1842), np.int64(369), np.int64(1843), np.int64(370))",45,51
285,2039.4347826086955,1999.608695652174,24.0,296745.03238350985,642.15185546875,"(np.int64(1995), np.int64(2029), np.int64(2002), np.int64(2048))",151,37
286,51.125,173.125,8.0,98915.0107945033,704.024169921875,"(np.int64(172), np.int64(50), np.int64(175), np.int64(53))",156,129
286,519.5,454.0,4.0,49457.50539725165,672.7164306640625,"(np.int64(453), np.int64(519), np.int64(456), np.int64(521))",463,8
286,1908.0,488.0,3.0,37093.12904793874,612.254638671875,"(np.int64(488), np.int64(1907), np.int64(489), np.int64(1910))",81,75
286,1858.0,529.25,3.0,37093.12904793874,642.14404296875,"(np.int64(524), np.int64(1856), np.int64(535), np.int64(1861))",81,75
286,945.8070175438597,843.4002192982456,36.0,445117.5485752648,802.14990234375,"(np.int64(838), np.int64(939), np.int64(850), np.int64(951))",42,180
286,1529.0,1242.9166666666667,12.0,148372.51619175496,802.14990234375,"(np.int64(1240), np.int64(1527), np.int64(1246), np.int64(1532))",303,111
286,1764.3333333333333,1428.888888888889,5.0,61821.881746564555,612.254638671875,"(np.int64(1426), np.int64(1759), np.int64(1432), np.int64(1771))",426,18
286,414.50714285714287,1499.9857142857143,71.0,877870.7208012168,1868.8203125,"(np.int64(1494), np.int64(413), np.int64(1518), np.int64(418))",300,65
286,1079.375,1577.25,8.0,98915.0107945033,768.6884155273438,"(np.int64(1575), np.int64(1078), np.int64(1580), np.int64(1082))",271,32
286,1469.125,1615.75,8.0,98915.0107945033,672.7164306640625,"(np.int64(1614), np.int64(1468), np.int64(1618), np.int64(1471))",244,9
286,1068.09375,1679.71875,17.0,210194.3979383195,736.0148315429688,"(np.int64(1673), np.int64(1066), np.int64(1684), np.int64(1071))",412,93
286,567.0,1742.0,1.0,12364.376349312912,612.254638671875,"(np.int64(1742), np.int64(567), np.int64(1743), np.int64(568))",462,2
286,1819.0,1803.0,1.0,12364.376349312912,612.254638671875,"(np.int64(1803), np.int64(1819), np.int64(1804), np.int64(1820))",351,63
286,1775.5,1835.5,2.0,24728.752698625824,612.254638671875,"(np.int64(1835), np.int64(1775), np.int64(1837), np.int64(1777))",351,63
286,2033.5,1999.75,3.0,37093.12904793874,612.254638671875,"(np.int64(1998), np.int64(2033), np.int64(2003), np.int64(2035))",151,37
287,50.0,174.5,2.0,24728.752698625824,642.1502685546875,"(np.int64(174), np.int64(50), np.int64(176), np.int64(51))",156,129
287,520.0,456.0,1.0,12364.376349312912,642.1502685546875,"(np.int64(456), np.int64(520), np.int64(457), np.int64(521))",463,8
287,1692.8,540.4,5.0,61821.881746564555,704.0079345703125,"(np.int64(539), np.int64(1692), np.int64(543), np.int64(1695))",465,16
287,944.2773279352227,847.1624493927126,37.0,457481.9249245777,768.691162109375,"(np.int64(842), np.int64(938), np.int64(858), np.int64(952))",42,180
287,1527.0,1243.5,4.0,49457.50539725165,906.65771484375,"(np.int64(1243), np.int64(1526), np.int64(1245), np.int64(1529))",303,111
287,1570.0,1315.0,1.0,12364.376349312912,704.0079345703125,"(np.int64(1315), np.int64(1570), np.int64(1316), np.int64(1571))",320,5
287,1765.6666666666665,1429.7708333333335,26.0,321473.78508213576,736.01171875,"(np.int64(1423), np.int64(1755), np.int64(1433), np.int64(1772))",426,18
287,422.5181818181818,1506.6090909090908,56.0,692405.0755615231,2247.132080078125,"(np.int64(1497), np.int64(412), np.int64(1517), np.int64(432))",300,65
287,1078.5,1577.0,4.0,49457.50539725165,672.7412109375,"(np.int64(1576), np.int64(1077), np.int64(1579), np.int64(1080))",271,32
287,1494.5,1608.5,4.0,49457.50539725165,672.7412109375,"(np.int64(1607), np.int64(1491), np.int64(1611), np.int64(1498))",244,9
287,1468.6,1617.2,5.0,61821.881746564555,672.7412109375,"(np.int64(1616), np.int64(1468), np.int64(1619), np.int64(1470))",244,9
287,1067.409090909091,1676.6363636363637,22.0,272016.27968488407,736.01171875,"(np.int64(1673), np.int64(1065), np.int64(1683), np.int64(1070))",412,93
287,1814.5,1806.0,2.0,24728.752698625824,612.29638671875,"(np.int64(1802), np.int64(1806), np.int64(1811), np.int64(1824))",351,63
287,1773.0,1836.0,1.0,12364.376349312912,612.29638671875,"(np.int64(1836), np.int64(1773), np.int64(1837), np.int64(1774))",351,63
287,2031.0,2003.0,6.0,74186.25809587748,642.1502685546875,"(np.int64(2002), np.int64(2026), np.int64(2005), np.int64(2037))",151,37
288,1862.0,528.0,1.0,12364.376349312912,612.297119140625,"(np.int64(528), np.int64(1862), np.int64(529), np.int64(1863))",81,75
288,1694.25,539.25,4.0,49457.50539725165,802.181884765625,"(np.int64(538), np.int64(1694), np.int64(541), np.int64(1696))",465,16
288,942.830303030303,849.5587344028521,42.0,519303.80667114235,906.717041015625,"(np.int64(843), np.int64(933), np.int64(857), np.int64(952))",42,180
288,1527.0,1241.5,2.0,24728.752698625824,612.297119140625,"(np.int64(1241), np.int64(1527), np.int64(1243), np.int64(1528))",303,111
288,1761.9,1426.8,8.0,98915.0107945033,672.7626953125,"(np.int64(1424), np.int64(1759), np.int64(1430), np.int64(1766))",426,18
288,414.7647058823529,1502.8235294117646,34.0,420388.795876639,1868.814453125,"(np.int64(1496), np.int64(414), np.int64(1511), np.int64(417))",300,65
288,1081.2,1575.75,7.0,86550.63444519037,704.041748046875,"(np.int64(1574), np.int64(1077), np.int64(1579), np.int64(1085))",271,32
288,1497.0,1607.0,1.0,12364.376349312912,642.18115234375,"(np.int64(1607), np.int64(1497), np.int64(1608), np.int64(1498))",244,9
288,1468.75,1616.875,8.0,98915.0107945033,768.693359375,"(np.int64(1615), np.int64(1467), np.int64(1619), np.int64(1471))",244,9
288,1067.8947368421052,1675.578947368421,19.0,234923.15063694533,672.7626953125,"(np.int64(1671), np.int64(1065), np.int64(1681), np.int64(1071))",412,93
288,859.0,1768.0,1.0,12364.376349312912,612.297119140625,"(np.int64(1768), np.int64(859), np.int64(1769), np.int64(860))",64,138
288,1770.0,1836.0,2.0,24728.752698625824,612.297119140625,"(np.int64(1835), np.int64(1764), np.int64(1838), np.int64(1777))",351,63
288,1743.0,1945.0,1.0,12364.376349312912,642.18115234375,"(np.int64(1945), np.int64(1743), np.int64(1946), np.int64(1744))",288,3
288,2034.047619047619,2001.2380952380952,21.0,259651.90333557114,736.018798828125,"(np.int64(2000), np.int64(2030), np.int64(2004), np.int64(2039))",151,37
289,1693.0,532.0,1.0,12364.376349312912,672.69189453125,"(np.int64(532), np.int64(1693), np.int64(533), np.int64(1694))",465,16
289,941.0049242424242,850.6084595959596,74.0,914963.8498491554,1175.476806640625,"(np.int64(842), np.int64(929), np.int64(858), np.int64(953))",42,180
289,1598.5,1097.0,2.0,24728.752698625824,642.14453125,"(np.int64(1097), np.int64(1598), np.int64(1098), np.int64(1600))",76,62
289,940.5,1105.0,2.0,24728.752698625824,642.14453125,"(np.int64(1105), np.int64(940), np.int64(1106), np.int64(942))",18,141
289,1230.0,1344.0,1.0,12364.376349312912,703.9775390625,"(np.int64(1344), np.int64(1230), np.int64(1345), np.int64(1231))",94,2
289,415.7,1502.5,10.0,123643.76349312911,768.67138671875,"(np.int64(1498), np.int64(415), np.int64(1508), np.int64(417))",300,65
289,1082.2083333333333,1577.125,51.0,630583.1938149584,802.171875,"(np.int64(1574), np.int64(1076), np.int64(1583), np.int64(1088))",271,32
289,1100.0,1658.0,1.0,12364.376349312912,612.243408203125,"(np.int64(1658), np.int64(1100), np.int64(1659), np.int64(1101))",412,93
289,1068.625,1674.0625,16.0,197830.0215890066,703.9775390625,"(np.int64(1671), np.int64(1066), np.int64(1679), np.int64(1072))",412,93
289,1769.8333333333333,1831.125,9.0,111279.38714381622,642.14453125,"(np.int64(1823), np.int64(1758), np.int64(1843), np.int64(1781))",351,63
289,2034.7142857142858,2000.4285714285713,7.0,86550.63444519039,672.69189453125,"(np.int64(2000), np.int64(2033), np.int64(2002), np.int64(2037))",151,37
290,117.0,401.0,1.0,12364.376349312912,736.001953125,"(np.int64(401), np.int64(117), np.int64(402), np.int64(118))",352,57
290,1693.5,533.0,4.0,49457.50539725165,768.671875,"(np.int64(532), np.int64(1693), np.int64(535), np.int64(1695))",465,16
290,274.5,1012.5,2.0,24728.752698625824,612.3359375,"(np.int64(1010), np.int64(274), np.int64(1016), np.int64(276))",168,22
290,1597.0,1097.0,1.0,12364.376349312912,612.3359375,"(np.int64(1097), np.int64(1597), np.int64(1098), np.int64(1598))",76,62
290,941.375,1103.5625,16.0,197830.0215890066,1767.04296875,"(np.int64(1102), np.int64(939), np.int64(1107), np.int64(945))",18,141
290,1893.5,1538.0,2.0,24728.752698625824,642.052734375,"(np.int64(1538), np.int64(1893), np.int64(1539), np.int64(1895))",450,10
290,1082.8295454545455,1577.1704545454545,46.0,568761.3120683939,1344.7333984375,"(np.int64(1574), np.int64(1074), np.int64(1583), np.int64(1088))",271,32
290,1068.5333333333333,1671.8333333333333,8.0,98915.0107945033,672.6923828125,"(np.int64(1670), np.int64(1067), np.int64(1678), np.int64(1071))",412,93
290,1769.0,1837.0,3.0,37093.12904793874,642.052734375,"(np.int64(1837), np.int64(1768), np.int64(1838), np.int64(1771))",351,63
290,1852.0,1848.0,1.0,12364.376349312912,612.3359375,"(np.int64(1848), np.int64(1852), np.int64(1849), np.int64(1853))",233,21
291,100.0,398.6666666666667,3.0,37093.12904793874,642.12646484375,"(np.int64(398), np.int64(99), np.int64(400), np.int64(102))",352,57
291,1691.25,545.25,6.0,74186.25809587748,943.00634765625,"(np.int64(534), np.int64(1689), np.int64(557), np.int64(1695))",465,16
291,943.4858695652174,847.541847826087,57.0,704769.4519108359,906.59814453125,"(np.int64(840), np.int64(930), np.int64(858), np.int64(958))",42,180
291,68.5,913.0,2.0,24728.752698625824,612.337890625,"(np.int64(913), np.int64(68), np.int64(914), np.int64(70))",471,4
291,272.57142857142856,1008.8571428571429,7.0,86550.63444519039,736.06298828125,"(np.int64(1007), np.int64(272), np.int64(1012), np.int64(274))",168,22
291,940.65,1103.95,20.0,247287.52698625822,2361.6640625,"(np.int64(1102), np.int64(937), np.int64(1108), np.int64(945))",18,141
291,1892.5,1538.0,6.0,74186.25809587748,736.06298828125,"(np.int64(1537), np.int64(1892), np.int64(1540), np.int64(1894))",450,10
291,1073.348148148148,1579.585185185185,42.0,519303.8066711422,1433.649658203125,"(np.int64(1574), np.int64(1067), np.int64(1584), np.int64(1089))",271,32
291,1067.875,1675.0,5.0,61821.881746564555,642.12646484375,"(np.int64(1674), np.int64(1067), np.int64(1678), np.int64(1070))",412,93
291,1820.5,1798.0,2.0,24728.752698625824,612.337890625,"(np.int64(1793), np.int64(1818), np.int64(1804), np.int64(1824))",351,63
291,1770.3333333333333,1832.8333333333333,8.0,98915.0107945033,612.337890625,"(np.int64(1822), np.int64(1764), np.int64(1841), np.int64(1774))",351,63
292,51.0,172.57142857142858,7.0,86550.63444519039,672.7138671875,"(np.int64(171), np.int64(50), np.int64(175), np.int64(53))",156,129
292,96.0,394.375,5.0,61821.881746564555,672.7138671875,"(np.int64(391), np.int64(92), np.int64(398), np.int64(100))",352,57
292,1692.9375,543.125,14.0,173101.26889038074,1344.73193359375,"(np.int64(532), np.int64(1689), np.int64(554), np.int64(1696))",465,16
292,944.5113636363636,846.2191558441558,39.0,482210.6776232036,906.640380859375,"(np.int64(843), np.int64(934), np.int64(854), np.int64(951))",42,180
292,272.0,1006.5,2.0,24728.752698625824,703.99658203125,"(np.int64(1006), np.int64(272), np.int64(1008), np.int64(273))",168,22
292,940.0,1102.857142857143,14.0,173101.26889038077,1258.687744140625,"(np.int64(1101), np.int64(936), np.int64(1106), np.int64(944))",18,141
292,1892.857142857143,1538.2857142857142,14.0,173101.26889038077,836.2706298828125,"(np.int64(1536), np.int64(1892), np.int64(1542), np.int64(1896))",450,10
292,1081.5806451612902,1578.6129032258063,31.0,383295.6668287003,1055.977783203125,"(np.int64(1575), np.int64(1075), np.int64(1583), np.int64(1089))",271,32
292,1067.7692307692307,1671.923076923077,13.0,160736.89254106785,768.6785888671875,"(np.int64(1670), np.int64(1066), np.int64(1675), np.int64(1070))",412,93
292,1774.5625,1834.0625,7.0,86550.63444519039,612.2646484375,"(np.int64(1830), np.int64(1763), np.int64(1841), np.int64(1781))",351,63
292,1850.0,1848.0,1.0,12364.376349312912,642.1585693359375,"(np.int64(1848), np.int64(1850), np.int64(1849), np.int64(1851))",233,21
293,50.0,171.54545454545453,11.0,136008.13984244203,704.0185546875,"(np.int64(170), np.int64(48), np.int64(174), np.int64(53))",156,129
293,91.16666666666667,388.55555555555554,18.0,222558.7742876324,672.7158203125,"(np.int64(385), np.int64(89), np.int64(394), np.int64(95))",352,57
293,1421.0,449.0,1.0,12364.376349312912,612.2535400390625,"(np.int64(449), np.int64(1421), np.int64(450), np.int64(1422))",153,58
293,1691.7,543.9,10.0,123643.76349312911,1134.91796875,"(np.int64(531), np.int64(1690), np.int64(551), np.int64(1694))",465,16
293,1231.0,824.0,1.0,12364.376349312912,704.0185546875,"(np.int64(824), np.int64(1231), np.int64(825), np.int64(1232))",394,7
293,158.5,825.0,4.0,49457.50539725165,642.1275634765625,"(np.int64(825), np.int64(157), np.int64(826), np.int64(161))",476,4
293,941.388888888889,847.5555555555557,18.0,222558.77428763243,802.1480712890625,"(np.int64(843), np.int64(930), np.int64(856), np.int64(951))",42,180
293,271.22222222222223,1005.3333333333334,9.0,111279.3871438162,836.2432861328125,"(np.int64(1002), np.int64(270), np.int64(1009), np.int64(273))",168,22
293,937.7,1103.2833333333333,17.0,210194.39793831948,1619.9151611328125,"(np.int64(1100), np.int64(936), np.int64(1106), np.int64(943))",18,141
293,1891.4705882352941,1538.1176470588234,17.0,210194.3979383195,979.8980712890625,"(np.int64(1535), np.int64(1890), np.int64(1542), np.int64(1895))",450,10
293,1079.8181818181818,1577.090909090909,22.0,272016.27968488407,906.6419677734375,"(np.int64(1574), np.int64(1075), np.int64(1581), np.int64(1086))",271,32
293,1066.962962962963,1668.6666666666667,27.0,333838.1614314486,704.0185546875,"(np.int64(1666), np.int64(1064), np.int64(1674), np.int64(1071))",412,93
293,1773.0,1833.0,3.0,37093.12904793874,612.2535400390625,"(np.int64(1831), np.int64(1767), np.int64(1836), np.int64(1779))",351,63
293,1849.0,1848.0,1.0,12364.376349312912,612.2535400390625,"(np.int64(1848), np.int64(1849), np.int64(1849), np.int64(1850))",233,21
294,49.0,171.5,2.0,24728.752698625824,672.71630859375,"(np.int64(171), np.int64(49), np.int64(173), np.int64(50))",156,129
294,91.55555555555556,391.0,27.0,333838.1614314486,1056.008544921875,"(np.int64(386), np.int64(89), np.int64(397), np.int64(98))",352,57
294,409.0,401.0,1.0,12364.376349312912,612.220703125,"(np.int64(401), np.int64(409), np.int64(402), np.int64(410))",179,14
294,1693.511111111111,536.8555555555555,10.0,123643.76349312911,802.17333984375,"(np.int64(531), np.int64(1692), np.int64(544), np.int64(1696))",465,16
294,158.25,825.5,5.0,61821.881746564555,642.08349609375,"(np.int64(825), np.int64(155), np.int64(827), np.int64(161))",476,4
294,1227.0,828.0,1.0,12364.376349312912,703.96435546875,"(np.int64(828), np.int64(1227), np.int64(829), np.int64(1228))",394,7
294,943.8846153846154,844.5,26.0,321473.7850821357,942.8681640625,"(np.int64(842), np.int64(941), np.int64(848), np.int64(948))",42,180
294,64.0,912.5,4.0,49457.50539725165,703.96435546875,"(np.int64(912), np.int64(63), np.int64(914), np.int64(66))",471,4
294,271.3333333333333,1006.0,9.0,111279.3871438162,802.17333984375,"(np.int64(1003), np.int64(271), np.int64(1009), np.int64(273))",168,22
294,938.32,1102.36,25.0,309109.4087328228,3310.9677734375,"(np.int64(1100), np.int64(936), np.int64(1105), np.int64(942))",18,141
294,327.0,1502.0,1.0,12364.376349312912,642.08349609375,"(np.int64(1502), np.int64(327), np.int64(1503), np.int64(328))",478,4
294,1890.857142857143,1538.7857142857142,14.0,173101.26889038077,871.13525390625,"(np.int64(1537), np.int64(1889), np.int64(1543), np.int64(1894))",450,10
294,1082.8142857142857,1578.7238095238095,26.0,321473.7850821357,768.77001953125,"(np.int64(1574), np.int64(1073), np.int64(1583), np.int64(1090))",271,32
294,1067.4827586206898,1670.2931034482758,30.0,370931.29047938733,836.19287109375,"(np.int64(1664), np.int64(1063), np.int64(1674), np.int64(1070))",412,93
294,1102.75,1694.75,4.0,49457.50539725165,612.220703125,"(np.int64(1694), np.int64(1102), np.int64(1697), np.int64(1104))",412,93
294,1773.0,1832.0,1.0,12364.376349312912,612.220703125,"(np.int64(1832), np.int64(1773), np.int64(1833), np.int64(1774))",351,63
295,51.0,174.0,1.0,12364.376349312912,642.1220703125,"(np.int64(174), np.int64(51), np.int64(175), np.int64(52))",156,129
295,93.0,393.6666666666667,21.0,259651.90333557114,1017.6358642578125,"(np.int64(390), np.int64(91), np.int64(397), np.int64(98))",352,57
295,116.8,403.2,5.0,61821.881746564555,906.6402587890625,"(np.int64(402), np.int64(116), np.int64(405), np.int64(119))",352,57
295,1426.8333333333335,457.08333333333337,7.0,86550.63444519039,703.9722900390625,"(np.int64(449), np.int64(1423), np.int64(466), np.int64(1431))",153,58
295,1696.0,540.5,2.0,24728.752698625824,672.704833984375,"(np.int64(540), np.int64(1696), np.int64(542), np.int64(1697))",465,16
295,825.5,795.5,2.0,24728.752698625824,836.2694091796875,"(np.int64(795), np.int64(825), np.int64(797), np.int64(827))",479,2
295,159.28571428571428,827.7142857142857,7.0,86550.63444519039,672.704833984375,"(np.int64(827), np.int64(157), np.int64(829), np.int64(163))",476,4
295,1230.5,828.5,4.0,49457.50539725165,672.704833984375,"(np.int64(827), np.int64(1229), np.int64(831), np.int64(1233))",394,7
295,940.5652173913044,850.6521739130435,23.0,284380.65603419696,802.111083984375,"(np.int64(847), np.int64(937), np.int64(856), np.int64(945))",42,180
295,69.0,914.0,1.0,12364.376349312912,768.7135009765625,"(np.int64(914), np.int64(69), np.int64(915), np.int64(70))",471,4
295,272.46153846153845,1009.6923076923077,13.0,160736.89254106785,1055.9783935546875,"(np.int64(1006), np.int64(272), np.int64(1014), np.int64(274))",168,22
295,940.0454545454545,1104.7272727272727,22.0,272016.27968488407,2660.280517578125,"(np.int64(1103), np.int64(937), np.int64(1108), np.int64(944))",18,141
295,310.8888888888889,1522.4444444444443,9.0,111279.3871438162,768.7135009765625,"(np.int64(1521), np.int64(310), np.int64(1525), np.int64(313))",31,113
295,389.0,1522.0,1.0,12364.376349312912,642.1220703125,"(np.int64(1522), np.int64(389), np.int64(1523), np.int64(390))",300,65
295,1891.0666666666666,1541.4666666666667,15.0,185465.64523969367,802.111083984375,"(np.int64(1539), np.int64(1890), np.int64(1545), np.int64(1894))",450,10
295,1073.0185406698563,1582.2996411483255,51.0,630583.1938149586,1216.7281494140625,"(np.int64(1575), np.int64(1060), np.int64(1587), np.int64(1092))",271,32
295,1069.7777777777776,1678.8456790123455,30.0,370931.29047938733,703.9722900390625,"(np.int64(1666), np.int64(1064), np.int64(1685), np.int64(1074))",412,93
295,1763.0,1840.5,2.0,24728.752698625824,612.300048828125,"(np.int64(1840), np.int64(1761), np.int64(1842), np.int64(1766))",351,63
295,1851.0,1896.0,1.0,12364.376349312912,736.00048828125,"(np.int64(1896), np.int64(1851), np.int64(1897), np.int64(1852))",257,79
296,1596.0,375.0,1.0,12364.376349312912,672.7412109375,"(np.int64(375), np.int64(1596), np.int64(376), np.int64(1597))",481,2
296,103.18333333333334,396.1333333333334,11.0,136008.139842442,979.94091796875,"(np.int64(390), np.int64(93), np.int64(404), np.int64(120))",352,57
296,1425.0,462.5,2.0,24728.752698625824,642.1502685546875,"(np.int64(462), np.int64(1425), np.int64(464), np.int64(1426))",153,58
296,1696.0,539.0,1.0,12364.376349312912,612.29638671875,"(np.int64(539), np.int64(1696), np.int64(540), np.int64(1697))",465,16
296,825.6666666666666,793.3333333333334,3.0,37093.12904793874,871.091064453125,"(np.int64(793), np.int64(825), np.int64(795), np.int64(827))",479,2
296,161.5,827.0,2.0,24728.752698625824,642.1502685546875,"(np.int64(827), np.int64(161), np.int64(828), np.int64(163))",476,4
296,1229.0,830.0,1.0,12364.376349312912,612.29638671875,"(np.int64(830), np.int64(1229), np.int64(831), np.int64(1230))",394,7
296,942.9166666666666,845.6369047619047,34.0,420388.795876639,836.2615966796875,"(np.int64(837), np.int64(936), np.int64(856), np.int64(949))",42,180
296,272.77777777777777,1007.2222222222222,9.0,111279.3871438162,768.691162109375,"(np.int64(1004), np.int64(272), np.int64(1011), np.int64(275))",168,22
296,942.0,1103.875,8.0,98915.0107945033,871.091064453125,"(np.int64(1102), np.int64(940), np.int64(1107), np.int64(945))",18,141
296,310.2,1521.4,5.0,61821.881746564555,672.7412109375,"(np.int64(1520), np.int64(309), np.int64(1524), np.int64(312))",31,113
296,390.0,1520.0,3.0,37093.12904793874,736.01171875,"(np.int64(1520), np.int64(389), np.int64(1521), np.int64(392))",300,65
296,1892.0,1540.3333333333333,9.0,111279.3871438162,736.01171875,"(np.int64(1539), np.int64(1891), np.int64(1543), np.int64(1894))",450,10
296,1085.200680272109,1580.4829931972788,52.0,642947.5701642714,1175.465087890625,"(np.int64(1574), np.int64(1071), np.int64(1584), np.int64(1092))",271,32
296,1069.7058823529412,1673.9705882352941,18.0,222558.77428763243,736.01171875,"(np.int64(1664), np.int64(1066), np.int64(1682), np.int64(1072))",412,93
296,1764.0,1840.0,1.0,12364.376349312912,612.29638671875,"(np.int64(1840), np.int64(1764), np.int64(1841), np.int64(1765))",351,63
296,1852.5,1893.0,6.0,74186.25809587748,768.691162109375,"(np.int64(1892), np.int64(1852), np.int64(1895), np.int64(1854))",257,79
297,103.5,393.25,4.0,49457.50539725165,642.1585693359375,"(np.int64(392), np.int64(95), np.int64(396), np.int64(113))",352,57
297,1427.0,463.0,1.0,12364.376349312912,642.1585693359375,"(np.int64(463), np.int64(1427), np.int64(464), np.int64(1428))",153,58
297,1231.0,828.0,1.0,12364.376349312912,612.2646484375,"(np.int64(828), np.int64(1231), np.int64(829), np.int64(1232))",394,7
297,943.7539682539683,843.7460317460317,18.0,222558.77428763243,871.1248779296875,"(np.int64(836), np.int64(936), np.int64(855), np.int64(949))",42,180
297,273.0,1004.5,2.0,24728.752698625824,612.2646484375,"(np.int64(1004), np.int64(273), np.int64(1006), np.int64(274))",168,22
297,1591.5,1087.0,2.0,24728.752698625824,612.2646484375,"(np.int64(1086), np.int64(1591), np.int64(1089), np.int64(1593))",76,62
297,944.2,1104.8,5.0,61821.881746564555,836.2706298828125,"(np.int64(1104), np.int64(943), np.int64(1107), np.int64(946))",18,141
297,1616.0,1223.0,1.0,12364.376349312912,672.7138671875,"(np.int64(1223), np.int64(1616), np.int64(1224), np.int64(1617))",222,2
297,1893.0,1540.0,1.0,12364.376349312912,612.2646484375,"(np.int64(1540), np.int64(1893), np.int64(1541), np.int64(1894))",450,10
297,1083.75,1576.592105263158,39.0,482210.67762320355,942.9495849609375,"(np.int64(1574), np.int64(1073), np.int64(1583), np.int64(1089))",271,32
297,1070.448717948718,1672.8846153846152,16.0,197830.0215890066,768.6785888671875,"(np.int64(1665), np.int64(1067), np.int64(1681), np.int64(1073))",412,93
297,1852.6,1893.6,5.0,61821.881746564555,768.6785888671875,"(np.int64(1892), np.int64(1852), np.int64(1896), np.int64(1854))",257,79
298,710.3333333333334,311.3333333333333,3.0,37093.12904793874,642.158447265625,"(np.int64(311), np.int64(710), np.int64(313), np.int64(712))",485,3
298,118.71428571428571,400.7142857142857,7.0,86550.63444519039,942.930908203125,"(np.int64(400), np.int64(117), np.int64(403), np.int64(121))",352,57
298,1425.0,462.0,1.0,12364.376349312912,612.2474365234375,"(np.int64(462), np.int64(1425), np.int64(463), np.int64(1426))",153,58
298,942.8422222222223,846.6488888888889,18.0,222558.77428763243,871.1014404296875,"(np.int64(842), np.int64(938), np.int64(856), np.int64(949))",42,180
298,270.5,998.25,5.0,61821.881746564555,642.158447265625,"(np.int64(995), np.int64(270), np.int64(1001), np.int64(272))",168,22
298,944.1666666666667,1104.8333333333335,4.0,49457.50539725165,612.2474365234375,"(np.int64(1104), np.int64(943), np.int64(1107), np.int64(947))",18,141
298,1085.77304964539,1578.241134751773,49.0,605854.4411163328,1017.6013793945312,"(np.int64(1574), np.int64(1074), np.int64(1584), np.int64(1092))",271,32
298,1072.98,1672.0600000000002,30.0,370931.29047938733,704.017578125,"(np.int64(1663), np.int64(1066), np.int64(1680), np.int64(1078))",412,93
298,1105.0,1695.0,1.0,12364.376349312912,612.2474365234375,"(np.int64(1695), np.int64(1105), np.int64(1696), np.int64(1106))",412,93
298,1853.2857142857142,1894.357142857143,14.0,173101.26889038077,906.6409301757812,"(np.int64(1892), np.int64(1852), np.int64(1898), np.int64(1856))",257,79
299,710.6,310.2,5.0,61821.881746564555,768.6932983398438,"(np.int64(309), np.int64(710), np.int64(312), np.int64(712))",485,3
299,942.75,845.25,4.0,49457.50539725165,672.688232421875,"(np.int64(844), np.int64(942), np.int64(847), np.int64(944))",42,180
299,268.1578947368421,992.8421052631579,38.0,469846.30127389065,736.01416015625,"(np.int64(981), np.int64(264), np.int64(1007), np.int64(273))",168,22
299,1082.6636363636362,1576.0454545454545,56.0,692405.0755615231,1056.01318359375,"(np.int64(1574), np.int64(1072), np.int64(1584), np.int64(1093))",271,32
299,1070.4583333333335,1671.75,14.0,173101.26889038077,703.976806640625,"(np.int64(1664), np.int64(1068), np.int64(1679), np.int64(1073))",412,93
299,1828.0,1810.0,1.0,12364.376349312912,612.25048828125,"(np.int64(1810), np.int64(1828), np.int64(1811), np.int64(1829))",351,63
299,1852.7631578947369,1895.157894736842,38.0,469846.30127389065,2026.653564453125,"(np.int64(1890), np.int64(1851), np.int64(1901), np.int64(1856))",257,79
300,710.6666666666666,310.6666666666667,3.0,37093.12904793874,704.0110473632812,"(np.int64(310), np.int64(710), np.int64(312), np.int64(712))",485,3
300,941.0,847.0,1.0,12364.376349312912,612.291748046875,"(np.int64(847), np.int64(941), np.int64(848), np.int64(942))",42,180
300,268.13793103448273,993.9310344827586,29.0,358566.91413007444,768.6875610351562,"(np.int64(986), np.int64(265), np.int64(1005), np.int64(272))",168,22
300,1548.0,1051.0,1.0,12364.376349312912,612.291748046875,"(np.int64(1051), np.int64(1548), np.int64(1052), np.int64(1549))",76,62
300,386.3333333333333,1521.3333333333333,3.0,37093.12904793874,642.11083984375,"(np.int64(1521), np.int64(386), np.int64(1523), np.int64(388))",300,65
300,1079.7076923076922,1577.2,65.0,803684.4627053393,1134.94775390625,"(np.int64(1574), np.int64(1071), np.int64(1584), np.int64(1091))",271,32
300,1070.6984126984125,1670.6904761904761,30.0,370931.29047938733,704.0110473632812,"(np.int64(1663), np.int64(1068), np.int64(1677), np.int64(1074))",412,93
300,1103.0,1697.5,2.0,24728.752698625824,612.291748046875,"(np.int64(1697), np.int64(1103), np.int64(1699), np.int64(1104))",412,93
300,1845.3958333333335,1901.8125,49.0,605854.4411163328,3379.9111328125,"(np.int64(1890), np.int64(1839), np.int64(1910), np.int64(1855))",257,79
301,1854.0,371.0,1.0,12364.376349312912,612.271240234375,"(np.int64(371), np.int64(1854), np.int64(372), np.int64(1855))",96,86
301,94.0,386.5,2.0,24728.752698625824,768.69140625,"(np.int64(386), np.int64(94), np.int64(388), np.int64(95))",352,57
301,269.7435897435898,1001.0897435897435,16.0,197830.0215890066,703.994384765625,"(np.int64(990), np.int64(267), np.int64(1007), np.int64(272))",168,22
301,935.0,1107.5,2.0,24728.752698625824,612.271240234375,"(np.int64(1107), np.int64(935), np.int64(1109), np.int64(936))",18,141
301,1070.616935483871,1580.741935483871,66.0,816048.8390546523,1344.696533203125,"(np.int64(1572), np.int64(1063), np.int64(1588), np.int64(1088))",271,32
301,1071.695,1670.2383333333335,34.0,420388.79587663896,703.994384765625,"(np.int64(1662), np.int64(1065), np.int64(1677), np.int64(1076))",412,93
301,1102.0,1696.5,2.0,24728.752698625824,642.135986328125,"(np.int64(1696), np.int64(1102), np.int64(1698), np.int64(1103))",412,93
301,1844.7174603174603,1900.474603174603,52.0,642947.5701642715,3882.666748046875,"(np.int64(1888), np.int64(1838), np.int64(1910), np.int64(1854))",257,79
302,94.33333333333333,383.0,9.0,111279.3871438162,1095.1181640625,"(np.int64(380), np.int64(94), np.int64(386), np.int64(96))",352,57
302,942.0,849.0,1.0,12364.376349312912,672.7102661132812,"(np.int64(849), np.int64(942), np.int64(850), np.int64(943))",42,180
302,270.46666666666664,1002.1999999999999,23.0,284380.65603419696,802.1204833984375,"(np.int64(992), np.int64(267), np.int64(1017), np.int64(276))",168,22
302,1545.0,1050.6666666666667,3.0,37093.12904793874,612.2465209960938,"(np.int64(1048), np.int64(1542), np.int64(1055), np.int64(1549))",76,62
302,937.75,1105.0,3.0,37093.12904793874,735.9851684570312,"(np.int64(1104), np.int64(936), np.int64(1107), np.int64(940))",18,141
302,1070.9807692307693,1669.6346153846152,30.0,370931.29047938733,672.7102661132812,"(np.int64(1661), np.int64(1066), np.int64(1675), np.int64(1077))",412,93
302,1101.0,1693.0,1.0,12364.376349312912,612.2465209960938,"(np.int64(1693), np.int64(1101), np.int64(1694), np.int64(1102))",412,93
302,895.1666666666667,1717.6666666666665,4.0,49457.50539725165,642.1331787109375,"(np.int64(1714), np.int64(894), np.int64(1723), np.int64(897))",64,138
302,1843.4993686868688,1899.0227272727273,49.0,605854.4411163327,2247.13525390625,"(np.int64(1888), np.int64(1837), np.int64(1912), np.int64(1854))",257,79
303,96.07692307692308,382.3076923076923,13.0,160736.89254106785,802.151123046875,"(np.int64(378), np.int64(95), np.int64(387), np.int64(98))",352,57
303,66.0,915.0,1.0,12364.376349312912,642.1359252929688,"(np.int64(915), np.int64(66), np.int64(916), np.int64(67))",471,4
303,273.6931818181818,1008.9318181818182,23.0,284380.65603419696,703.999267578125,"(np.int64(998), np.int64(270), np.int64(1019), np.int64(277))",168,22
303,940.3333333333334,1105.6666666666667,9.0,111279.3871438162,871.1240234375,"(np.int64(1105), np.int64(939), np.int64(1108), np.int64(943))",18,141
303,1125.0,1657.0,2.0,24728.752698625824,612.2658081054688,"(np.int64(1656), np.int64(1123), np.int64(1659), np.int64(1128))",412,93
303,1071.875,1669.125,22.0,272016.27968488407,703.999267578125,"(np.int64(1665), np.int64(1068), np.int64(1677), np.int64(1078))",412,93
303,1102.0,1697.0,1.0,12364.376349312912,642.1359252929688,"(np.int64(1697), np.int64(1102), np.int64(1698), np.int64(1103))",412,93
303,893.3333333333334,1728.6666666666667,3.0,37093.12904793874,612.2658081054688,"(np.int64(1728), np.int64(893), np.int64(1730), np.int64(895))",64,138
303,1861.5,1801.0,2.0,24728.752698625824,642.1359252929688,"(np.int64(1801), np.int64(1861), np.int64(1802), np.int64(1863))",491,11
303,1844.165650406504,1904.7002032520325,51.0,630583.1938149584,1868.787353515625,"(np.int64(1889), np.int64(1839), np.int64(1914), np.int64(1856))",257,79
304,97.0,379.0,2.0,24728.752698625824,642.1331787109375,"(np.int64(376), np.int64(96), np.int64(383), np.int64(99))",352,57
304,272.58333333333337,1002.0833333333333,7.0,86550.63444519039,642.1331787109375,"(np.int64(999), np.int64(271), np.int64(1006), np.int64(275))",168,22
304,941.2857142857143,1103.5714285714287,7.0,86550.63444519039,1017.5903930664062,"(np.int64(1103), np.int64(940), np.int64(1105), np.int64(944))",18,141
304,331.25,1501.5,3.0,37093.12904793874,642.1331787109375,"(np.int64(1500), np.int64(329), np.int64(1504), np.int64(335))",478,4
304,416.5,1550.0,2.0,24728.752698625824,612.2465209960938,"(np.int64(1550), np.int64(416), np.int64(1551), np.int64(418))",332,20
304,1085.3992647058824,1577.5801470588235,40.0,494575.0539725165,906.6744384765625,"(np.int64(1574), np.int64(1071), np.int64(1583), np.int64(1094))",271,32
304,1128.0,1655.5,6.0,74186.25809587748,703.9778442382812,"(np.int64(1655), np.int64(1127), np.int64(1657), np.int64(1130))",412,93
304,1073.969696969697,1668.6363636363637,33.0,408024.41952732607,735.9851684570312,"(np.int64(1663), np.int64(1069), np.int64(1674), np.int64(1080))",412,93
304,1862.0,1800.0,3.0,37093.12904793874,672.7102661132812,"(np.int64(1800), np.int64(1861), np.int64(1801), np.int64(1864))",491,11
304,1847.1425120772947,1898.0048309178744,58.0,717133.8282601489,2026.6842041015625,"(np.int64(1886), np.int64(1840), np.int64(1913), np.int64(1857))",257,79
305,118.5,398.0,2.0,24728.752698625824,735.9894409179688,"(np.int64(398), np.int64(118), np.int64(399), np.int64(120))",352,57
305,274.75,1007.5,4.0,49457.50539725165,672.7010498046875,"(np.int64(1006), np.int64(274), np.int64(1010), np.int64(276))",168,22
305,940.75,1103.75,8.0,98915.0107945033,1258.6455078125,"(np.int64(1103), np.int64(939), np.int64(1106), np.int64(943))",18,141
305,1083.7120535714284,1576.75,25.0,309109.40873282275,871.1005859375,"(np.int64(1574), np.int64(1076), np.int64(1580), np.int64(1088))",271,32
305,1091.5,1654.0,2.0,24728.752698625824,612.291748046875,"(np.int64(1654), np.int64(1091), np.int64(1655), np.int64(1093))",412,93
305,1073.7169811320755,1667.5094339622642,53.0,655311.9465135843,768.6875610351562,"(np.int64(1662), np.int64(1066), np.int64(1673), np.int64(1080))",412,93
305,1845.5791666666664,1896.9166666666665,55.0,680040.6992122103,1817.5985107421875,"(np.int64(1886), np.int64(1839), np.int64(1909), np.int64(1857))",257,79
306,1092.0,76.0,1.0,12364.376349312912,672.7010498046875,"(np.int64(76), np.int64(1092), np.int64(77), np.int64(1093))",406,3
306,97.9375,385.0,16.0,197830.0215890066,906.6777954101562,"(np.int64(382), np.int64(96), np.int64(389), np.int64(103))",352,57
306,116.5,399.0,2.0,24728.752698625824,768.6875610351562,"(np.int64(399), np.int64(116), np.int64(400), np.int64(118))",352,57
306,968.0,616.0,1.0,12364.376349312912,612.291748046875,"(np.int64(616), np.int64(968), np.int64(617), np.int64(969))",409,2
306,275.0,1008.0,3.0,37093.12904793874,672.7010498046875,"(np.int64(1007), np.int64(275), np.int64(1010), np.int64(276))",168,22
306,1544.0,1044.0,1.0,12364.376349312912,612.291748046875,"(np.int64(1044), np.int64(1544), np.int64(1045), np.int64(1545))",76,62
306,941.3333333333334,1103.6666666666667,3.0,37093.12904793874,942.92333984375,"(np.int64(1103), np.int64(941), np.int64(1105), np.int64(943))",18,141
306,330.5,1501.1666666666667,6.0,74186.25809587748,642.11083984375,"(np.int64(1499), np.int64(326), np.int64(1505), np.int64(333))",478,4
306,1083.095744680851,1577.2553191489362,48.0,593490.0647670198,1134.94775390625,"(np.int64(1573), np.int64(1073), np.int64(1580), np.int64(1087))",271,32
306,1077.566037735849,1664.3962264150944,54.0,667676.3228628973,768.6875610351562,"(np.int64(1662), np.int64(1069), np.int64(1672), np.int64(1082))",412,93
306,1867.0,1804.0,2.0,24728.752698625824,642.11083984375,"(np.int64(1800), np.int64(1862), np.int64(1809), np.int64(1873))",491,11
306,1850.5555555555557,1890.574074074074,58.0,717133.8282601489,1767.1116943359375,"(np.int64(1886), np.int64(1847), np.int64(1900), np.int64(1857))",257,79
307,96.66666666666667,381.53333333333336,15.0,185465.64523969367,979.9134521484375,"(np.int64(378), np.int64(95), np.int64(385), np.int64(99))",352,57
307,118.0,400.0,1.0,12364.376349312912,612.2830810546875,"(np.int64(400), np.int64(118), np.int64(401), np.int64(119))",352,57
307,272.6071428571429,1004.4285714285714,12.0,148372.51619175496,672.7208251953125,"(np.int64(999), np.int64(271), np.int64(1012), np.int64(276))",168,22
307,941.1428571428571,1104.142857142857,7.0,86550.63444519039,768.706298828125,"(np.int64(1103), np.int64(940), np.int64(1106), np.int64(944))",18,141
307,333.6,1500.8,5.0,61821.881746564555,736.0179443359375,"(np.int64(1500), np.int64(333), np.int64(1503), np.int64(335))",478,4
307,1077.5652173913043,1576.7391304347825,46.0,568761.3120683939,1175.458740234375,"(np.int64(1575), np.int64(1069), np.int64(1580), np.int64(1085))",271,32
307,1118.125,1636.375,5.0,61821.881746564555,612.2830810546875,"(np.int64(1630), np.int64(1114), np.int64(1645), np.int64(1124))",412,93
307,1082.1862745098038,1661.0686274509803,52.0,642947.5701642714,871.12548828125,"(np.int64(1655), np.int64(1069), np.int64(1673), np.int64(1092))",412,93
307,1105.5,1686.5,2.0,24728.752698625824,642.112060546875,"(np.int64(1686), np.int64(1105), np.int64(1688), np.int64(1107))",412,93
307,1850.3667452830189,1890.680424528302,61.0,754226.9573080876,1388.810302734375,"(np.int64(1886), np.int64(1847), np.int64(1900), np.int64(1857))",257,79
308,1593.0,363.0,1.0,12364.376349312912,672.7293701171875,"(np.int64(363), np.int64(1593), np.int64(364), np.int64(1594))",481,2
308,117.0,397.0,3.0,37093.12904793874,642.117919921875,"(np.int64(397), np.int64(116), np.int64(398), np.int64(119))",352,57
308,269.8181818181818,997.9090909090909,11.0,136008.13984244203,703.977294921875,"(np.int64(994), np.int64(269), np.int64(1003), np.int64(272))",168,22
308,939.2857142857143,1101.4285714285713,7.0,86550.63444519039,906.6746826171875,"(np.int64(1101), np.int64(938), np.int64(1103), np.int64(942))",18,141
308,1075.9545454545455,1573.5454545454545,22.0,272016.27968488407,802.112060546875,"(np.int64(1572), np.int64(1070), np.int64(1576), np.int64(1081))",271,32
308,1071.7073170731708,1663.9268292682927,42.0,519303.8066711423,768.700439453125,"(np.int64(1660), np.int64(1067), np.int64(1669), np.int64(1076))",412,93
308,1103.0,1686.0,1.0,12364.376349312912,612.2701416015625,"(np.int64(1686), np.int64(1103), np.int64(1687), np.int64(1104))",412,93
308,1853.3333333333333,1795.6666666666667,3.0,37093.12904793874,672.7293701171875,"(np.int64(1795), np.int64(1853), np.int64(1797), np.int64(1855))",491,11
308,1850.3388888888887,1894.9444444444446,64.0,791320.0863560264,1216.73486328125,"(np.int64(1881), np.int64(1847), np.int64(1914), np.int64(1856))",257,79
309,116.28571428571429,398.42857142857144,7.0,86550.63444519039,1095.11328125,"(np.int64(398), np.int64(115), np.int64(400), np.int64(119))",352,57
309,272.0,1000.3333333333334,3.0,37093.12904793874,612.3125,"(np.int64(998), np.int64(271), np.int64(1004), np.int64(274))",168,22
309,941.0,1102.0,1.0,12364.376349312912,612.3125,"(np.int64(1102), np.int64(941), np.int64(1103), np.int64(942))",18,141
309,904.0,1228.0,1.0,12364.376349312912,612.3125,"(np.int64(1228), np.int64(904), np.int64(1229), np.int64(905))",328,4
309,1081.08,1576.04,26.0,321473.7850821357,1301.38037109375,"(np.int64(1573), np.int64(1070), np.int64(1579), np.int64(1087))",271,32
309,1123.0,1639.0,1.0,12364.376349312912,642.03076171875,"(np.int64(1639), np.int64(1123), np.int64(1640), np.int64(1124))",412,93
309,1072.7884615384614,1667.4807692307693,30.0,370931.29047938733,735.9716796875,"(np.int64(1660), np.int64(1069), np.int64(1674), np.int64(1076))",412,93
309,1855.0,1796.0,1.0,12364.376349312912,612.3125,"(np.int64(1796), np.int64(1855), np.int64(1797), np.int64(1856))",491,11
310,1854.0,372.0,1.0,12364.376349312912,612.2933349609375,"(np.int64(372), np.int64(1854), np.int64(373), np.int64(1855))",96,86
310,119.0,399.5,12.0,148372.51619175496,1017.6028442382812,"(np.int64(399), np.int64(116), np.int64(401), np.int64(123))",352,57
310,913.0,1216.5,2.0,24728.752698625824,642.1331787109375,"(np.int64(1216), np.int64(913), np.int64(1218), np.int64(914))",328,4
310,1070.75,1575.15,42.0,519303.8066711423,1095.12939453125,"(np.int64(1573), np.int64(1065), np.int64(1580), np.int64(1089))",271,32
310,1072.8645833333333,1663.6527777777776,36.0,445117.5485752648,871.1321411132812,"(np.int64(1661), np.int64(1070), np.int64(1676), np.int64(1077))",412,93
311,821.0,96.0,1.0,12364.376349312912,612.2477416992188,"(np.int64(96), np.int64(821), np.int64(97), np.int64(822))",498,3
311,96.25,386.75,4.0,49457.50539725165,672.7227172851562,"(np.int64(386), np.int64(96), np.int64(389), np.int64(98))",352,57
311,115.8,400.4,5.0,61821.881746564555,836.2614135742188,"(np.int64(400), np.int64(115), np.int64(402), np.int64(118))",352,57
311,943.0,1102.5,2.0,24728.752698625824,642.1226806640625,"(np.int64(1102), np.int64(942), np.int64(1104), np.int64(945))",18,141
311,1074.9803921568628,1668.9019607843138,51.0,630583.1938149584,1056.02099609375,"(np.int64(1664), np.int64(1072), np.int64(1675), np.int64(1079))",412,93
311,859.5,1682.0,2.0,24728.752698625824,612.2477416992188,"(np.int64(1682), np.int64(859), np.int64(1683), np.int64(861))",499,4
312,1849.625,373.5,5.0,61821.881746564555,612.2658081054688,"(np.int64(370), np.int64(1848), np.int64(377), np.int64(1853))",96,86
312,97.625,386.0,8.0,98915.0107945033,942.9111938476562,"(np.int64(384), np.int64(97), np.int64(389), np.int64(99))",352,57
312,115.0,400.0,3.0,37093.12904793874,836.2672729492188,"(np.int64(400), np.int64(114), np.int64(401), np.int64(117))",352,57
312,942.0,1101.0,1.0,12364.376349312912,612.2658081054688,"(np.int64(1101), np.int64(942), np.int64(1102), np.int64(943))",18,141
312,1543.0,1103.0,1.0,12364.376349312912,612.2658081054688,"(np.int64(1103), np.int64(1543), np.int64(1104), np.int64(1544))",164,21
312,1122.0,1654.0,1.0,12364.376349312912,612.2658081054688,"(np.int64(1654), np.int64(1122), np.int64(1655), np.int64(1123))",412,93
312,862.0344827586207,1681.344827586207,29.0,358566.91413007444,703.999267578125,"(np.int64(1678), np.int64(859), np.int64(1687), np.int64(866))",499,4
312,374.25,1798.75,4.0,49457.50539725165,612.2658081054688,"(np.int64(1798), np.int64(374), np.int64(1801), np.int64(376))",45,51
312,1853.0,1913.0,3.0,37093.12904793874,672.6973266601562,"(np.int64(1913), np.int64(1851), np.int64(1914), np.int64(1856))",257,79
312,2036.0,1990.0,1.0,12364.376349312912,612.2658081054688,"(np.int64(1990), np.int64(2036), np.int64(1991), np.int64(2037))",151,37
313,822.5,96.5,4.0,49457.50539725165,642.134033203125,"(np.int64(96), np.int64(822), np.int64(98), np.int64(824))",498,3
313,1853.5,375.5,6.0,74186.25809587748,642.134033203125,"(np.int64(375), np.int64(1852), np.int64(377), np.int64(1856))",96,86
313,107.92857142857143,394.6428571428571,14.0,173101.26889038077,1175.468994140625,"(np.int64(386), np.int64(99), np.int64(403), np.int64(119))",352,57
313,1545.0,1105.0,1.0,12364.376349312912,612.2967529296875,"(np.int64(1105), np.int64(1545), np.int64(1106), np.int64(1546))",164,21
313,876.0,1226.0,1.0,12364.376349312912,612.2967529296875,"(np.int64(1226), np.int64(876), np.int64(1227), np.int64(877))",502,4
313,1082.8055555555557,1577.388888888889,26.0,321473.7850821357,906.6917724609375,"(np.int64(1573), np.int64(1071), np.int64(1580), np.int64(1088))",271,32
313,1078.7363636363636,1670.8090909090909,58.0,717133.8282601489,1134.96240234375,"(np.int64(1664), np.int64(1071), np.int64(1678), np.int64(1082))",412,93
313,865.875,1680.6458333333335,25.0,309109.4087328228,735.986083984375,"(np.int64(1679), np.int64(861), np.int64(1688), np.int64(869))",499,4
313,375.0,1800.5,2.0,24728.752698625824,703.978759765625,"(np.int64(1800), np.int64(375), np.int64(1802), np.int64(376))",45,51
313,2034.5727272727272,1995.6,16.0,197830.02158900662,703.978759765625,"(np.int64(1991), np.int64(2026), np.int64(2002), np.int64(2042))",151,37
314,823.5,97.5,6.0,74186.25809587748,672.7096557617188,"(np.int64(96), np.int64(823), np.int64(100), np.int64(825))",498,3
314,1851.5,373.0,2.0,24728.752698625824,612.2722778320312,"(np.int64(373), np.int64(1851), np.int64(374), np.int64(1853))",96,86
314,108.65384615384616,394.7692307692308,14.0,173101.26889038077,1717.3271484375,"(np.int64(388), np.int64(100), np.int64(404), np.int64(120))",352,57
314,519.0,438.0,1.0,12364.376349312912,612.2722778320312,"(np.int64(438), np.int64(519), np.int64(439), np.int64(520))",463,8
314,904.0,1138.5,2.0,24728.752698625824,612.2722778320312,"(np.int64(1138), np.int64(903), np.int64(1140), np.int64(906))",18,141
314,294.0,1519.5,4.0,49457.50539725165,642.1436157226562,"(np.int64(1519), np.int64(293), np.int64(1521), np.int64(296))",31,113
314,1076.4545454545455,1575.3636363636363,22.0,272016.27968488407,906.6787719726562,"(np.int64(1574), np.int64(1070), np.int64(1579), np.int64(1085))",271,32
314,1126.0,1642.0,1.0,12364.376349312912,612.2722778320312,"(np.int64(1642), np.int64(1126), np.int64(1643), np.int64(1127))",412,93
314,1102.0,1662.0,1.0,12364.376349312912,612.2722778320312,"(np.int64(1662), np.int64(1102), np.int64(1663), np.int64(1103))",412,93
314,279.0,1681.0,1.0,12364.376349312912,612.2722778320312,"(np.int64(1681), np.int64(279), np.int64(1682), np.int64(280))",158,23
314,863.0,1683.5,2.0,24728.752698625824,612.2722778320312,"(np.int64(1683), np.int64(863), np.int64(1685), np.int64(864))",499,4
314,1105.0,1691.0,1.0,12364.376349312912,672.7096557617188,"(np.int64(1691), np.int64(1105), np.int64(1692), np.int64(1106))",412,93
314,1861.0035211267605,1897.1302816901407,75.0,927328.2261984685,1216.6925048828125,"(np.int64(1884), np.int64(1854), np.int64(1904), np.int64(1867))",257,79
314,1845.0,1912.0,1.0,12364.376349312912,612.2722778320312,"(np.int64(1912), np.int64(1845), np.int64(1913), np.int64(1846))",257,79
314,2032.5982905982908,1995.136752136752,41.0,506939.43032182934,704.0166625976562,"(np.int64(1992), np.int64(2029), np.int64(1999), np.int64(2044))",151,37
315,1853.0,370.0,1.0,12364.376349312912,612.2814331054688,"(np.int64(370), np.int64(1853), np.int64(371), np.int64(1854))",96,86
315,117.16666666666667,401.0,6.0,74186.25809587748,871.0966186523438,"(np.int64(400), np.int64(115), np.int64(403), np.int64(120))",352,57
315,531.0,477.0,1.0,12364.376349312912,642.120849609375,"(np.int64(477), np.int64(531), np.int64(478), np.int64(532))",463,8
315,1689.0,563.5,2.0,24728.752698625824,642.120849609375,"(np.int64(563), np.int64(1689), np.int64(565), np.int64(1690))",465,16
315,944.0,1102.0,1.0,12364.376349312912,704.0133666992188,"(np.int64(1102), np.int64(944), np.int64(1103), np.int64(945))",18,141
315,876.0,1224.0,1.0,12364.376349312912,612.2814331054688,"(np.int64(1224), np.int64(876), np.int64(1225), np.int64(877))",502,4
315,294.0,1519.6666666666667,5.0,61821.881746564555,642.120849609375,"(np.int64(1517), np.int64(291), np.int64(1523), np.int64(299))",31,113
315,1077.75,1547.5,5.0,61821.88174656456,704.0133666992188,"(np.int64(1547), np.int64(1074), np.int64(1549), np.int64(1082))",505,5
315,1078.0,1575.9,20.0,247287.52698625822,704.0133666992188,"(np.int64(1574), np.int64(1070), np.int64(1579), np.int64(1085))",271,32
315,1119.5,1636.0,2.0,24728.752698625824,672.7129516601562,"(np.int64(1630), np.int64(1114), np.int64(1643), np.int64(1126))",412,93
315,1077.34375,1669.359375,64.0,791320.0863560264,942.9503784179688,"(np.int64(1662), np.int64(1072), np.int64(1678), np.int64(1083))",412,93
315,1103.4285714285713,1693.857142857143,7.0,86550.63444519039,768.695068359375,"(np.int64(1692), np.int64(1102), np.int64(1696), np.int64(1105))",412,93
315,1842.0,1844.0,1.0,12364.376349312912,612.2814331054688,"(np.int64(1844), np.int64(1842), np.int64(1845), np.int64(1843))",233,21
315,1855.27,1899.1683333333333,67.0,828413.2154039652,979.9176025390625,"(np.int64(1887), np.int64(1849), np.int64(1915), np.int64(1869))",257,79
315,2034.720238095238,1994.9583333333333,51.0,630583.1938149584,768.695068359375,"(np.int64(1992), np.int64(2026), np.int64(2001), np.int64(2047))",151,37
316,116.5,402.0,2.0,24728.752698625824,871.1102905273438,"(np.int64(402), np.int64(116), np.int64(403), np.int64(118))",352,57
316,531.5,477.0,2.0,24728.752698625824,642.133544921875,"(np.int64(477), np.int64(531), np.int64(478), np.int64(533))",463,8
316,619.5,511.0,2.0,24728.752698625824,612.2509155273438,"(np.int64(511), np.int64(619), np.int64(512), np.int64(621))",236,19
316,1689.2,563.6,5.0,61821.881746564555,703.9804077148438,"(np.int64(563), np.int64(1688), np.int64(565), np.int64(1691))",465,16
316,876.25,1222.75,4.0,49457.50539725165,672.7100219726562,"(np.int64(1222), np.int64(876), np.int64(1225), np.int64(878))",502,4
316,294.75,1519.25,4.0,49457.50539725165,672.7100219726562,"(np.int64(1519), np.int64(294), np.int64(1521), np.int64(297))",31,113
316,1074.25,1547.25,16.0,197830.0215890066,768.6952514648438,"(np.int64(1547), np.int64(1069), np.int64(1549), np.int64(1081))",505,5
316,1114.5,1629.5,4.0,49457.50539725165,735.9908447265625,"(np.int64(1629), np.int64(1114), np.int64(1631), np.int64(1116))",412,93
316,1102.8823529411766,1693.7941176470588,18.0,222558.77428763243,768.6952514648438,"(np.int64(1692), np.int64(1100), np.int64(1699), np.int64(1105))",412,93
316,1842.0,1842.75,4.0,49457.50539725165,703.9804077148438,"(np.int64(1842), np.int64(1841), np.int64(1845), np.int64(1844))",233,21
316,1856.229090909091,1892.691515151515,64.0,791320.0863560264,1017.609130859375,"(np.int64(1883), np.int64(1849), np.int64(1903), np.int64(1868))",257,79
316,2034.8874269005848,1994.095029239766,49.0,605854.4411163327,672.7100219726562,"(np.int64(1988), np.int64(2024), np.int64(2001), np.int64(2048))",151,37
317,1854.5,373.0,2.0,24728.752698625824,672.7327880859375,"(np.int64(373), np.int64(1854), np.int64(374), np.int64(1856))",96,86
317,625.2,502.6,5.0,61821.881746564555,906.6893920898438,"(np.int64(502), np.int64(624), np.int64(504), np.int64(627))",236,19
317,1691.0,564.0,1.0,12364.376349312912,642.1159057617188,"(np.int64(564), np.int64(1691), np.int64(565), np.int64(1692))",465,16
317,877.3333333333334,1222.3333333333333,3.0,37093.12904793874,642.1159057617188,"(np.int64(1222), np.int64(877), np.int64(1224), np.int64(879))",502,4
317,293.0,1519.0,1.0,12364.376349312912,612.256103515625,"(np.int64(1519), np.int64(293), np.int64(1520), np.int64(294))",31,113
317,1076.2222222222222,1547.111111111111,18.0,222558.7742876324,802.1566162109375,"(np.int64(1546), np.int64(1072), np.int64(1549), np.int64(1082))",505,5
317,1115.0,1629.75,4.0,49457.50539725165,736.0014038085938,"(np.int64(1629), np.int64(1114), np.int64(1631), np.int64(1117))",412,93
317,1102.3333333333333,1696.5,12.0,148372.51619175496,836.2752685546875,"(np.int64(1694), np.int64(1101), np.int64(1700), np.int64(1105))",412,93
317,1841.0,1844.0,1.0,12364.376349312912,612.256103515625,"(np.int64(1844), np.int64(1841), np.int64(1845), np.int64(1842))",233,21
317,1854.697186147186,1897.8554112554114,74.0,914963.8498491555,802.1566162109375,"(np.int64(1883), np.int64(1847), np.int64(1915), np.int64(1868))",257,79
317,2030.7142857142858,1998.857142857143,7.0,86550.63444519039,704.0121459960938,"(np.int64(1998), np.int64(2028), np.int64(2000), np.int64(2034))",151,37
318,1855.0,372.0,1.0,12364.376349312912,642.1436157226562,"(np.int64(372), np.int64(1855), np.int64(373), np.int64(1856))",96,86
318,537.0,461.0,1.0,12364.376349312912,642.1436157226562,"(np.int64(461), np.int64(537), np.int64(462), np.int64(538))",463,8
318,625.4,503.4,5.0,61821.881746564555,704.0166625976562,"(np.int64(503), np.int64(624), np.int64(505), np.int64(628))",236,19
318,949.0,545.0,3.0,37093.12904793874,736.0183715820312,"(np.int64(544), np.int64(949), np.int64(547), np.int64(950))",371,5
318,1690.6666666666667,564.6666666666666,3.0,37093.12904793874,672.7096557617188,"(np.int64(564), np.int64(1690), np.int64(566), np.int64(1692))",465,16
318,163.85714285714286,936.5714285714286,7.0,86550.63444519039,704.0166625976562,"(np.int64(935), np.int64(163), np.int64(940), np.int64(166))",507,3
318,935.4,1105.2,5.0,61821.881746564555,871.1110229492188,"(np.int64(1104), np.int64(935), np.int64(1107), np.int64(937))",18,141
318,1115.0,1631.0,1.0,12364.376349312912,612.2722778320312,"(np.int64(1631), np.int64(1115), np.int64(1632), np.int64(1116))",412,93
318,1102.076923076923,1696.5384615384614,13.0,160736.89254106785,768.7147827148438,"(np.int64(1693), np.int64(1101), np.int64(1701), np.int64(1104))",412,93
318,2033.0833333333333,1998.375,11.0,136008.13984244203,704.0166625976562,"(np.int64(1997), np.int64(2026), np.int64(2001), np.int64(2042))",151,37
318,1388.0,2006.0,1.0,12364.376349312912,1344.6993408203125,"(np.int64(2006), np.int64(1388), np.int64(2007), np.int64(1389))",430,2
319,1854.0,373.5,2.0,24728.752698625824,642.158447265625,"(np.int64(373), np.int64(1854), np.int64(375), np.int64(1855))",96,86
319,625.5,503.5,4.0,49457.50539725165,672.7127685546875,"(np.int64(503), np.int64(625), np.int64(505), np.int64(627))",236,19
319,1696.5079365079366,552.7936507936507,11.0,136008.13984244203,768.7176513671875,"(np.int64(545), np.int64(1689), np.int64(567), np.int64(1703))",465,16
319,163.5,936.5,4.0,49457.50539725165,642.158447265625,"(np.int64(935), np.int64(163), np.int64(939), np.int64(165))",507,3
319,935.4285714285714,1105.7142857142858,7.0,86550.63444519039,1095.11279296875,"(np.int64(1104), np.int64(935), np.int64(1108), np.int64(937))",18,141
319,844.0,1120.1666666666667,6.0,74186.25809587748,1017.6013793945312,"(np.int64(1119), np.int64(843), np.int64(1122), np.int64(846))",509,4
319,408.0,1542.857142857143,7.0,86550.63444519039,836.2587890625,"(np.int64(1542), np.int64(405), np.int64(1544), np.int64(412))",332,20
319,1075.0,1547.0,1.0,12364.376349312912,612.2474365234375,"(np.int64(1547), np.int64(1075), np.int64(1548), np.int64(1076))",505,5
319,1115.0,1630.0,1.0,12364.376349312912,612.2474365234375,"(np.int64(1630), np.int64(1115), np.int64(1631), np.int64(1116))",412,93
319,1126.0,1653.0,1.0,12364.376349312912,612.2474365234375,"(np.int64(1653), np.int64(1126), np.int64(1654), np.int64(1127))",412,93
319,1855.9833333333336,1900.3633333333332,71.0,877870.7208012168,802.113037109375,"(np.int64(1880), np.int64(1845), np.int64(1916), np.int64(1869))",257,79
319,2030.6666666666667,1999.0666666666666,15.0,185465.64523969367,672.7127685546875,"(np.int64(1998), np.int64(2027), np.int64(2001), np.int64(2035))",151,37
320,627.0,502.5,8.0,98915.0107945033,735.9847412109375,"(np.int64(501), np.int64(625), np.int64(505), np.int64(630))",236,19
320,1691.25,565.25,8.0,98915.0107945033,703.979248046875,"(np.int64(564), np.int64(1690), np.int64(567), np.int64(1694))",465,16
320,1446.75,731.25,4.0,49457.50539725165,768.6875,"(np.int64(730), np.int64(1446), np.int64(733), np.int64(1448))",512,15
320,935.9047619047619,1106.7142857142858,21.0,259651.90333557114,1525.3134765625,"(np.int64(1105), np.int64(934), np.int64(1110), np.int64(940))",18,141
320,844.5714285714286,1120.7142857142858,7.0,86550.63444519039,942.939453125,"(np.int64(1120), np.int64(843), np.int64(1123), np.int64(847))",509,4
320,409.8,1542.8,5.0,61821.881746564555,703.979248046875,"(np.int64(1542), np.int64(408), np.int64(1544), np.int64(412))",332,20
320,1075.75,1547.5,3.0,37093.12904793874,642.1298828125,"(np.int64(1547), np.int64(1073), np.int64(1549), np.int64(1080))",505,5
320,1116.0,1630.0,1.0,12364.376349312912,642.1298828125,"(np.int64(1630), np.int64(1116), np.int64(1631), np.int64(1117))",412,93
320,1125.0,1652.0,1.0,12364.376349312912,612.2860107421875,"(np.int64(1652), np.int64(1125), np.int64(1653), np.int64(1126))",412,93
320,1046.0,1729.0,1.0,12364.376349312912,612.2860107421875,"(np.int64(1729), np.int64(1046), np.int64(1730), np.int64(1047))",60,64
320,897.0,1730.5,2.0,24728.752698625824,612.2860107421875,"(np.int64(1730), np.int64(897), np.int64(1732), np.int64(898))",64,138
320,1854.5,1797.0,2.0,24728.752698625824,612.2860107421875,"(np.int64(1797), np.int64(1854), np.int64(1798), np.int64(1856))",491,11
320,1847.5,1835.5,2.0,24728.752698625824,735.9847412109375,"(np.int64(1835), np.int64(1847), np.int64(1837), np.int64(1849))",233,21
320,1855.90368852459,1905.2520491803277,74.0,914963.8498491555,979.8956298828125,"(np.int64(1879), np.int64(1844), np.int64(1915), np.int64(1870))",257,79
320,2029.0,2000.0,5.0,61821.881746564555,612.2860107421875,"(np.int64(2000), np.int64(2027), np.int64(2001), np.int64(2032))",151,37
321,1283.0,535.0,1.0,12364.376349312912,612.26806640625,"(np.int64(535), np.int64(1283), np.int64(536), np.int64(1284))",514,6
321,1446.5,731.0,4.0,49457.50539725165,703.9788818359375,"(np.int64(730), np.int64(1446), np.int64(733), np.int64(1448))",512,15
321,937.7906976744187,1105.5116279069769,43.0,531668.1830204552,1619.914794921875,"(np.int64(1102), np.int64(934), np.int64(1111), np.int64(942))",18,141
321,845.0,1120.5,4.0,49457.50539725165,871.111083984375,"(np.int64(1120), np.int64(844), np.int64(1122), np.int64(847))",509,4
321,410.6666666666667,1541.6666666666667,3.0,37093.12904793874,703.9788818359375,"(np.int64(1541), np.int64(410), np.int64(1543), np.int64(412))",332,20
321,1852.4375,1796.375,16.0,197830.0215890066,1216.699951171875,"(np.int64(1794), np.int64(1850), np.int64(1799), np.int64(1857))",491,11
321,1849.0,1832.0,1.0,12364.376349312912,612.26806640625,"(np.int64(1832), np.int64(1849), np.int64(1833), np.int64(1850))",233,21
321,2027.0,2000.0,1.0,12364.376349312912,612.26806640625,"(np.int64(2000), np.int64(2027), np.int64(2001), np.int64(2028))",151,37
322,414.0,405.0,1.0,12364.376349312912,612.248291015625,"(np.int64(405), np.int64(414), np.int64(406), np.int64(415))",179,14
322,1281.3333333333333,533.6666666666666,3.0,37093.12904793874,768.70947265625,"(np.int64(533), np.int64(1281), np.int64(535), np.int64(1283))",514,6
322,948.5,543.0,2.0,24728.752698625824,642.1397705078125,"(np.int64(542), np.int64(948), np.int64(545), np.int64(950))",371,5
322,1445.0,730.0,1.0,12364.376349312912,642.1397705078125,"(np.int64(730), np.int64(1445), np.int64(731), np.int64(1446))",512,15
322,143.83333333333334,798.3333333333334,6.0,74186.25809587748,672.7191162109375,"(np.int64(798), np.int64(142), np.int64(800), np.int64(146))",517,2
322,1047.0,1046.0,1.0,12364.376349312912,612.248291015625,"(np.int64(1046), np.int64(1047), np.int64(1047), np.int64(1048))",48,14
322,937.804347826087,1106.8333333333333,48.0,593490.0647670198,1479.1009521484375,"(np.int64(1101), np.int64(933), np.int64(1111), np.int64(942))",18,141
322,844.3333333333334,1119.3333333333333,9.0,111279.3871438162,1095.139404296875,"(np.int64(1118), np.int64(843), np.int64(1122), np.int64(847))",509,4
322,415.0,1537.0,1.0,12364.376349312912,612.248291015625,"(np.int64(1537), np.int64(415), np.int64(1538), np.int64(416))",332,20
322,470.0,1570.0,1.0,12364.376349312912,642.1397705078125,"(np.int64(1570), np.int64(470), np.int64(1571), np.int64(471))",451,2
322,1115.0,1627.0,1.0,12364.376349312912,612.248291015625,"(np.int64(1627), np.int64(1115), np.int64(1628), np.int64(1116))",412,93
322,1851.4,1795.8,15.0,185465.64523969367,1055.9927978515625,"(np.int64(1794), np.int64(1849), np.int64(1798), np.int64(1856))",491,11
322,1845.2063492063492,1833.1825396825398,18.0,222558.77428763243,736.0040283203125,"(np.int64(1825), np.int64(1841), np.int64(1842), np.int64(1851))",233,21
322,2028.0,1996.25,3.0,37093.12904793874,612.248291015625,"(np.int64(1996), np.int64(2027), np.int64(1998), np.int64(2030))",151,37
322,1504.0,2032.0,1.0,12364.376349312912,612.248291015625,"(np.int64(2032), np.int64(1504), np.int64(2033), np.int64(1505))",404,4
323,1282.3333333333333,534.6666666666666,3.0,37093.12904793874,768.7431640625,"(np.int64(534), np.int64(1282), np.int64(536), np.int64(1284))",514,6
323,145.625,799.375,8.0,98915.0107945033,642.1412353515625,"(np.int64(798), np.int64(144), np.int64(801), np.int64(149))",517,2
323,937.0545454545454,1106.0181818181818,55.0,680040.6992122101,1479.1282958984375,"(np.int64(1102), np.int64(933), np.int64(1112), np.int64(943))",18,141
323,414.5909090909091,1538.5227272727273,23.0,284380.65603419696,1017.5699462890625,"(np.int64(1529), np.int64(411), np.int64(1543), np.int64(422))",332,20
323,1100.111111111111,1696.288888888889,32.0,395660.0431780131,1134.946044921875,"(np.int64(1691), np.int64(1097), np.int64(1703), np.int64(1104))",412,93
323,1852.4347826086957,1797.0,23.0,284380.65603419696,1388.823486328125,"(np.int64(1795), np.int64(1849), np.int64(1800), np.int64(1858))",491,11
323,1837.625,1846.0,5.0,61821.881746564555,672.71435546875,"(np.int64(1845), np.int64(1835), np.int64(1849), np.int64(1840))",233,21
323,1862.0,1854.0,1.0,12364.376349312912,642.1412353515625,"(np.int64(1854), np.int64(1862), np.int64(1855), np.int64(1863))",233,21
323,1506.0,2034.0,1.0,12364.376349312912,612.24169921875,"(np.int64(2034), np.int64(1506), np.int64(2035), np.int64(1507))",404,4
324,408.0,427.0,1.0,12364.376349312912,612.26806640625,"(np.int64(427), np.int64(408), np.int64(428), np.int64(409))",179,14
324,1283.0,535.5,4.0,49457.50539725165,871.111083984375,"(np.int64(535), np.int64(1282), np.int64(537), np.int64(1285))",514,6
324,950.5,544.5,2.0,24728.752698625824,642.1131591796875,"(np.int64(544), np.int64(950), np.int64(546), np.int64(952))",371,5
324,936.8507462686567,1107.5373134328358,67.0,828413.2154039651,2784.7080078125,"(np.int64(1103), np.int64(932), np.int64(1115), np.int64(944))",18,141
324,416.0,1539.8333333333335,4.0,49457.50539725165,612.26806640625,"(np.int64(1538), np.int64(415), np.int64(1542), np.int64(419))",332,20
324,1979.6666666666667,1655.6666666666667,3.0,37093.12904793874,735.99951171875,"(np.int64(1655), np.int64(1979), np.int64(1657), np.int64(1981))",250,74
324,1102.28,1699.6,25.0,309109.4087328228,1017.602783203125,"(np.int64(1695), np.int64(1100), np.int64(1705), np.int64(1105))",412,93
324,1854.857142857143,1797.9142857142858,35.0,432753.1722259519,942.9065551757812,"(np.int64(1796), np.int64(1850), np.int64(1802), np.int64(1861))",491,11
324,1839.0,1846.0,1.0,12364.376349312912,672.683349609375,"(np.int64(1846), np.int64(1839), np.int64(1847), np.int64(1840))",233,21
324,1867.0,1856.0,1.0,12364.376349312912,612.26806640625,"(np.int64(1856), np.int64(1867), np.int64(1857), np.int64(1868))",233,21
324,213.7578125,2027.8645833333333,40.0,494575.05397251644,672.683349609375,"(np.int64(2016), np.int64(195), np.int64(2048), np.int64(243))",175,8
325,533.75,468.5,3.0,37093.12904793874,642.139892578125,"(np.int64(460), np.int64(531), np.int64(478), np.int64(538))",463,8
325,1283.5,534.5,2.0,24728.752698625824,802.1431884765625,"(np.int64(534), np.int64(1283), np.int64(536), np.int64(1285))",514,6
325,936.8360655737705,1106.5245901639344,61.0,754226.9573080876,2538.661865234375,"(np.int64(1102), np.int64(934), np.int64(1114), np.int64(943))",18,141
325,1989.0,1515.5,2.0,24728.752698625824,642.139892578125,"(np.int64(1515), np.int64(1989), np.int64(1517), np.int64(1990))",63,7
325,1125.5714285714287,1648.857142857143,7.0,86550.63444519039,642.139892578125,"(np.int64(1648), np.int64(1124), np.int64(1651), np.int64(1128))",412,93
325,1980.0,1655.5,6.0,74186.25809587748,942.9334106445312,"(np.int64(1655), np.int64(1979), np.int64(1657), np.int64(1982))",250,74
325,1853.9473684210527,1797.6842105263158,19.0,234923.15063694533,836.2645263671875,"(np.int64(1796), np.int64(1851), np.int64(1801), np.int64(1858))",491,11
325,1837.0,1847.0,1.0,12364.376349312912,612.2780151367188,"(np.int64(1847), np.int64(1837), np.int64(1848), np.int64(1838))",233,21
326,1858.0,371.0,1.0,12364.376349312912,612.2780151367188,"(np.int64(371), np.int64(1858), np.int64(372), np.int64(1859))",96,86
326,1285.0,535.0,1.0,12364.376349312912,703.9933471679688,"(np.int64(535), np.int64(1285), np.int64(536), np.int64(1286))",514,6
326,935.6643835616438,1108.2808219178082,74.0,914963.8498491555,2478.938232421875,"(np.int64(1102), np.int64(933), np.int64(1116), np.int64(945))",18,141
326,1126.6,1649.0,5.0,61821.881746564555,642.139892578125,"(np.int64(1648), np.int64(1125), np.int64(1651), np.int64(1129))",412,93
326,1981.6,1656.2,5.0,61821.881746564555,768.7015380859375,"(np.int64(1655), np.int64(1981), np.int64(1658), np.int64(1983))",250,74
327,937.8133333333334,1106.56,75.0,927328.2261984684,4825.599609375,"(np.int64(1103), np.int64(933), np.int64(1113), np.int64(946))",18,141
327,1117.0,1626.0,1.0,12364.376349312912,642.1611328125,"(np.int64(1626), np.int64(1117), np.int64(1627), np.int64(1118))",412,93
327,1104.2702702702702,1691.418918918919,74.0,914963.8498491555,1525.298095703125,"(np.int64(1684), np.int64(1100), np.int64(1704), np.int64(1111))",412,93
328,301.0,1483.0,7.0,86550.63444519039,802.1484375,"(np.int64(1482), np.int64(300), np.int64(1485), np.int64(303))",425,5
328,1067.0,1685.0,1.0,12364.376349312912,612.2412109375,"(np.int64(1685), np.int64(1067), np.int64(1686), np.int64(1068))",412,93
328,1862.9356261022929,1902.6569664903,75.0,927328.2261984684,906.7177734375,"(np.int64(1888), np.int64(1852), np.int64(1915), np.int64(1878))",257,79
329,375.0,957.0,1.0,12364.376349312912,672.78515625,"(np.int64(957), np.int64(375), np.int64(958), np.int64(376))",521,13
329,228.0,1532.0,1.0,12364.376349312912,612.19873046875,"(np.int64(1532), np.int64(228), np.int64(1533), np.int64(229))",43,115
329,1067.142857142857,1682.0,7.0,86550.63444519039,704.1142578125,"(np.int64(1681), np.int64(1066), np.int64(1684), np.int64(1069))",412,93
329,1860.791452991453,1902.1435897435897,29.0,358566.9141300744,802.24365234375,"(np.int64(1893), np.int64(1852), np.int64(1913), np.int64(1876))",257,79
330,372.5,958.1666666666666,6.0,74186.25809587748,942.82373046875,"(np.int64(957), np.int64(371), np.int64(960), np.int64(375))",521,13
330,224.0,1532.0,1.0,12364.376349312912,612.1767578125,"(np.int64(1532), np.int64(224), np.int64(1533), np.int64(225))",43,115
330,1046.0,1729.0,1.0,12364.376349312912,642.21337890625,"(np.int64(1729), np.int64(1046), np.int64(1730), np.int64(1047))",60,64
330,1863.5238095238096,1900.1095238095236,25.0,309109.4087328228,735.92919921875,"(np.int64(1894), np.int64(1850), np.int64(1911), np.int64(1875))",257,79
331,537.0,465.0,1.0,12364.376349312912,612.224609375,"(np.int64(465), np.int64(537), np.int64(466), np.int64(538))",463,8
331,1371.0,465.0,1.0,12364.376349312912,642.0205078125,"(np.int64(465), np.int64(1371), np.int64(466), np.int64(1372))",523,2
331,1448.0,730.0,1.0,12364.376349312912,612.224609375,"(np.int64(730), np.int64(1448), np.int64(731), np.int64(1449))",512,15
331,373.25,960.0,4.0,49457.50539725165,802.00634765625,"(np.int64(959), np.int64(372), np.int64(962), np.int64(375))",521,13
331,1115.25,1629.25,4.0,49457.50539725165,642.0205078125,"(np.int64(1628), np.int64(1114), np.int64(1631), np.int64(1117))",412,93
331,1865.5454545454545,1898.1136363636365,23.0,284380.65603419696,735.97216796875,"(np.int64(1896), np.int64(1860), np.int64(1904), np.int64(1878))",257,79
332,1075.0,88.0,1.0,12364.376349312912,1134.87890625,"(np.int64(88), np.int64(1075), np.int64(89), np.int64(1076))",406,3
332,1448.142857142857,730.1428571428571,7.0,86550.63444519039,836.2421875,"(np.int64(728), np.int64(1447), np.int64(733), np.int64(1450))",512,15
332,374.0,959.3333333333334,3.0,37093.12904793874,672.7978515625,"(np.int64(959), np.int64(373), np.int64(961), np.int64(376))",521,13
332,1543.75,1048.25,3.0,37093.12904793874,642.2099609375,"(np.int64(1046), np.int64(1543), np.int64(1051), np.int64(1545))",76,62
332,1116.75,1628.25,4.0,49457.50539725165,612.3232421875,"(np.int64(1627), np.int64(1116), np.int64(1630), np.int64(1118))",412,93
332,1873.2380952380952,1900.4761904761904,21.0,259651.90333557114,736.07421875,"(np.int64(1898), np.int64(1868), np.int64(1904), np.int64(1880))",257,79
333,691.0,296.5,4.0,49457.50539725165,703.962158203125,"(np.int64(295), np.int64(691), np.int64(299), np.int64(692))",79,5
333,1448.2857142857142,729.2857142857143,7.0,86550.63444519039,735.9951171875,"(np.int64(727), np.int64(1448), np.int64(733), np.int64(1450))",512,15
333,373.5,959.6666666666667,4.0,49457.50539725165,672.734619140625,"(np.int64(959), np.int64(371), np.int64(962), np.int64(376))",521,13
333,1082.0,1030.0,1.0,12364.376349312912,642.13330078125,"(np.int64(1030), np.int64(1082), np.int64(1031), np.int64(1083))",527,9
333,939.0471014492753,1103.4420289855072,75.0,927328.2261984684,5870.93359375,"(np.int64(1100), np.int64(934), np.int64(1113), np.int64(945))",18,141
333,223.0,1536.0,1.0,12364.376349312912,612.247802734375,"(np.int64(1536), np.int64(223), np.int64(1537), np.int64(224))",43,115
333,1116.5,1629.5,2.0,24728.752698625824,612.247802734375,"(np.int64(1629), np.int64(1116), np.int64(1631), np.int64(1118))",412,93
333,1071.0,1684.0,1.0,12364.376349312912,612.247802734375,"(np.int64(1684), np.int64(1071), np.int64(1685), np.int64(1072))",412,93
333,1873.2272727272727,1900.590909090909,12.0,148372.51619175496,768.743896484375,"(np.int64(1898), np.int64(1868), np.int64(1903), np.int64(1877))",257,79
334,1447.6666666666667,729.0,3.0,37093.12904793874,672.68212890625,"(np.int64(728), np.int64(1447), np.int64(731), np.int64(1449))",512,15
334,372.8333333333333,960.1666666666666,6.0,74186.25809587748,768.712890625,"(np.int64(959), np.int64(371), np.int64(962), np.int64(376))",521,13
334,1508.0,1082.0,1.0,12364.376349312912,642.1597900390625,"(np.int64(1082), np.int64(1508), np.int64(1083), np.int64(1509))",458,5
334,939.2264150943397,1103.4716981132076,54.0,667676.3228628973,3957.33349609375,"(np.int64(1101), np.int64(935), np.int64(1111), np.int64(948))",18,141
334,1129.0,1650.0,1.0,12364.376349312912,612.2406005859375,"(np.int64(1650), np.int64(1129), np.int64(1651), np.int64(1130))",412,93
334,1099.4,1696.6,5.0,61821.881746564555,672.68212890625,"(np.int64(1695), np.int64(1099), np.int64(1699), np.int64(1101))",412,93
334,1870.5,1898.75,7.0,86550.63444519039,736.0189208984375,"(np.int64(1898), np.int64(1869), np.int64(1901), np.int64(1874))",257,79
335,372.6,960.6,5.0,61821.881746564555,836.2877197265625,"(np.int64(960), np.int64(371), np.int64(962), np.int64(375))",521,13
335,1083.0,1028.0,1.0,12364.376349312912,612.2967529296875,"(np.int64(1028), np.int64(1083), np.int64(1029), np.int64(1084))",527,9
335,1549.0,1047.0,1.0,12364.376349312912,612.2967529296875,"(np.int64(1047), np.int64(1549), np.int64(1048), np.int64(1550))",76,62
335,1506.0,1079.0,1.0,12364.376349312912,612.2967529296875,"(np.int64(1079), np.int64(1506), np.int64(1080), np.int64(1507))",458,5
335,940.8139534883721,1105.6046511627908,43.0,531668.1830204552,3957.33349609375,"(np.int64(1103), np.int64(936), np.int64(1110), np.int64(948))",18,141
335,1478.6666666666667,1605.6666666666667,3.0,37093.12904793874,612.2967529296875,"(np.int64(1605), np.int64(1478), np.int64(1607), np.int64(1480))",244,9
335,1115.5,1630.5,2.0,24728.752698625824,612.2967529296875,"(np.int64(1630), np.int64(1114), np.int64(1632), np.int64(1118))",412,93
335,1868.875,1898.875,5.0,61821.881746564555,672.6947021484375,"(np.int64(1898), np.int64(1867), np.int64(1901), np.int64(1873))",257,79
336,1396.6,473.2,5.0,61821.881746564555,736.012451171875,"(np.int64(472), np.int64(1396), np.int64(475), np.int64(1398))",153,58
336,1446.5,729.5,4.0,49457.50539725165,612.27587890625,"(np.int64(728), np.int64(1446), np.int64(732), np.int64(1448))",512,15
336,371.6,960.6,5.0,61821.881746564555,736.012451171875,"(np.int64(960), np.int64(370), np.int64(962), np.int64(374))",521,13
336,1082.25,1027.125,8.0,98915.0107945033,642.1228637695312,"(np.int64(1026), np.int64(1081), np.int64(1029), np.int64(1085))",527,9
336,1546.0,1049.0,1.0,12364.376349312912,612.27587890625,"(np.int64(1049), np.int64(1546), np.int64(1050), np.int64(1547))",76,62
336,1256.0,1068.0,1.0,12364.376349312912,612.27587890625,"(np.int64(1068), np.int64(1256), np.int64(1069), np.int64(1257))",537,3
336,943.1954022988506,1104.7471264367816,31.0,383295.6668287002,3242.66650390625,"(np.int64(1104), np.int64(937), np.int64(1110), np.int64(947))",18,141
336,1480.5,1606.0,4.0,49457.50539725165,703.9911499023438,"(np.int64(1606), np.int64(1479), np.int64(1607), np.int64(1483))",244,9
336,1120.6666666666665,1636.111111111111,10.0,123643.76349312911,768.7255859375,"(np.int64(1631), np.int64(1116), np.int64(1641), np.int64(1125))",412,93
336,1101.5,1698.0,2.0,24728.752698625824,612.27587890625,"(np.int64(1698), np.int64(1101), np.int64(1699), np.int64(1103))",412,93
336,1846.0,1838.0,1.0,12364.376349312912,612.27587890625,"(np.int64(1838), np.int64(1846), np.int64(1839), np.int64(1847))",233,21
336,1870.5,1899.8,10.0,123643.76349312911,836.2766723632812,"(np.int64(1899), np.int64(1869), np.int64(1902), np.int64(1873))",257,79
337,50.0,171.5,4.0,49457.50539725165,703.9778442382812,"(np.int64(171), np.int64(49), np.int64(173), np.int64(52))",156,129
337,1370.0,464.0,1.0,12364.376349312912,672.7102661132812,"(np.int64(464), np.int64(1370), np.int64(465), np.int64(1371))",523,2
337,1396.6666666666667,471.8333333333333,6.0,74186.25809587748,942.923095703125,"(np.int64(470), np.int64(1396), np.int64(474), np.int64(1398))",153,58
337,1446.75,727.625,8.0,98915.0107945033,1134.917724609375,"(np.int64(726), np.int64(1446), np.int64(730), np.int64(1449))",512,15
337,370.5,959.5,4.0,49457.50539725165,768.7322387695312,"(np.int64(959), np.int64(369), np.int64(961), np.int64(373))",521,13
337,1082.7777777777778,1025.3333333333333,9.0,111279.3871438162,703.9778442382812,"(np.int64(1024), np.int64(1081), np.int64(1028), np.int64(1085))",527,9
337,1548.0,1051.5,2.0,24728.752698625824,672.7102661132812,"(np.int64(1051), np.int64(1548), np.int64(1053), np.int64(1549))",76,62
337,1256.5,1066.0,2.0,24728.752698625824,642.1331787109375,"(np.int64(1066), np.int64(1256), np.int64(1067), np.int64(1258))",537,3
337,938.65,1102.975,21.0,259651.90333557114,2303.998779296875,"(np.int64(1101), np.int64(937), np.int64(1108), np.int64(943))",18,141
337,1117.6923076923076,1630.8461538461538,13.0,160736.89254106785,735.9851684570312,"(np.int64(1629), np.int64(1116), np.int64(1633), np.int64(1121))",412,93
337,1096.1414141414143,1666.651515151515,32.0,395660.0431780132,672.7102661132812,"(np.int64(1654), np.int64(1090), np.int64(1689), np.int64(1108))",412,93
337,1827.0,1885.0,1.0,12364.376349312912,612.2465209960938,"(np.int64(1885), np.int64(1827), np.int64(1886), np.int64(1828))",257,79
337,1870.2631578947369,1897.7368421052631,19.0,234923.15063694533,1056.009033203125,"(np.int64(1896), np.int64(1868), np.int64(1901), np.int64(1874))",257,79
337,1849.0,1912.0,1.0,12364.376349312912,612.2465209960938,"(np.int64(1912), np.int64(1849), np.int64(1913), np.int64(1850))",257,79
337,2043.5,1985.0,2.0,24728.752698625824,642.1331787109375,"(np.int64(1985), np.int64(2043), np.int64(1986), np.int64(2045))",151,37
338,51.333333333333336,171.33333333333334,3.0,37093.12904793874,768.7200927734375,"(np.int64(171), np.int64(51), np.int64(173), np.int64(53))",156,129
338,1845.0,370.0,1.0,12364.376349312912,612.257568359375,"(np.int64(370), np.int64(1845), np.int64(371), np.int64(1846))",96,86
338,1397.4,470.8,5.0,61821.881746564555,942.9244384765625,"(np.int64(470), np.int64(1397), np.int64(473), np.int64(1399))",153,58
338,729.0,525.0,1.0,12364.376349312912,1817.612060546875,"(np.int64(525), np.int64(729), np.int64(526), np.int64(730))",7,22
338,1447.5,727.0,2.0,24728.752698625824,871.097412109375,"(np.int64(727), np.int64(1447), np.int64(728), np.int64(1449))",512,15
338,371.0,959.4,5.0,61821.881746564555,802.1217041015625,"(np.int64(959), np.int64(369), np.int64(961), np.int64(374))",521,13
338,1083.25,1025.25,4.0,49457.50539725165,612.257568359375,"(np.int64(1024), np.int64(1083), np.int64(1027), np.int64(1085))",527,9
338,1547.0,1050.8333333333333,4.0,49457.50539725165,612.257568359375,"(np.int64(1048), np.int64(1544), np.int64(1054), np.int64(1551))",76,62
338,939.5357142857143,1104.2857142857142,28.0,346202.53778076154,2080.706298828125,"(np.int64(1102), np.int64(936), np.int64(1108), np.int64(944))",18,141
338,1121.6078431372548,1635.950980392157,20.0,247287.52698625825,768.7200927734375,"(np.int64(1629), np.int64(1116), np.int64(1642), np.int64(1127))",412,93
338,1094.8977272727273,1661.801948051948,31.0,383295.6668287003,642.12890625,"(np.int64(1657), np.int64(1087), np.int64(1669), np.int64(1104))",412,93
338,1827.0,1885.0,1.0,12364.376349312912,612.257568359375,"(np.int64(1885), np.int64(1827), np.int64(1886), np.int64(1828))",257,79
338,1869.95,1897.6,20.0,247287.52698625822,1216.699951171875,"(np.int64(1896), np.int64(1867), np.int64(1900), np.int64(1873))",257,79
338,1849.0,1912.0,1.0,12364.376349312912,612.257568359375,"(np.int64(1912), np.int64(1849), np.int64(1913), np.int64(1850))",257,79
338,2029.5,1994.0,2.0,24728.752698625824,612.257568359375,"(np.int64(1994), np.int64(2029), np.int64(1995), np.int64(2031))",151,37
339,1849.75,372.25,4.0,49457.50539725165,642.112060546875,"(np.int64(369), np.int64(1847), np.int64(376), np.int64(1854))",96,86
339,1397.0,471.0,1.0,12364.376349312912,612.2265625,"(np.int64(471), np.int64(1397), np.int64(472), np.int64(1398))",153,58
339,1446.6666666666667,727.3333333333334,3.0,37093.12904793874,768.777099609375,"(np.int64(727), np.int64(1446), np.int64(729), np.int64(1448))",512,15
339,929.0,858.0,1.0,12364.376349312912,612.2265625,"(np.int64(858), np.int64(929), np.int64(859), np.int64(930))",42,180
339,161.0,933.0,1.0,12364.376349312912,612.2265625,"(np.int64(933), np.int64(161), np.int64(934), np.int64(162))",507,3
339,370.0,960.0,1.0,12364.376349312912,612.2265625,"(np.int64(960), np.int64(370), np.int64(961), np.int64(371))",521,13
339,1082.25,1023.25,3.0,37093.12904793874,612.2265625,"(np.int64(1022), np.int64(1081), np.int64(1026), np.int64(1085))",527,9
339,1547.25,1048.5,3.0,37093.12904793874,612.2265625,"(np.int64(1044), np.int64(1545), np.int64(1054), np.int64(1550))",76,62
339,1257.0,1067.0,1.0,12364.376349312912,642.112060546875,"(np.int64(1067), np.int64(1257), np.int64(1068), np.int64(1258))",537,3
339,940.3243243243244,1104.054054054054,37.0,457481.92492457776,1668.2802734375,"(np.int64(1101), np.int64(937), np.int64(1108), np.int64(946))",18,141
339,1869.888888888889,1897.888888888889,18.0,222558.7742876324,802.154052734375,"(np.int64(1896), np.int64(1868), np.int64(1901), np.int64(1873))",257,79
339,2028.1666666666667,1994.3333333333333,6.0,74186.25809587748,642.112060546875,"(np.int64(1994), np.int64(2027), np.int64(1996), np.int64(2031))",151,37
340,1448.3333333333333,728.3333333333334,3.0,37093.12904793874,735.9797973632812,"(np.int64(728), np.int64(1448), np.int64(730), np.int64(1450))",512,15
340,1083.5,1024.5,2.0,24728.752698625824,612.2819213867188,"(np.int64(1024), np.int64(1083), np.int64(1026), np.int64(1085))",527,9
340,942.125,1104.85,40.0,494575.05397251644,1619.9212646484375,"(np.int64(1103), np.int64(938), np.int64(1109), np.int64(949))",18,141
340,1829.0,1887.0,1.0,12364.376349312912,642.1546630859375,"(np.int64(1887), np.int64(1829), np.int64(1888), np.int64(1830))",257,79
340,1852.0,1888.0,1.0,12364.376349312912,612.2819213867188,"(np.int64(1888), np.int64(1852), np.int64(1889), np.int64(1853))",257,79
340,1872.0,1898.6666666666667,9.0,111279.3871438162,672.689208984375,"(np.int64(1898), np.int64(1870), np.int64(1901), np.int64(1875))",257,79
340,2029.5,1996.0,2.0,24728.752698625824,612.2819213867188,"(np.int64(1996), np.int64(2029), np.int64(1997), np.int64(2031))",151,37
341,1855.5,374.25,3.0,37093.12904793874,612.2477416992188,"(np.int64(373), np.int64(1855), np.int64(377), np.int64(1857))",96,86
341,1088.0,1026.5,2.0,24728.752698625824,612.2477416992188,"(np.int64(1026), np.int64(1088), np.int64(1028), np.int64(1089))",527,9
341,1547.0,1048.5,2.0,24728.752698625824,612.2477416992188,"(np.int64(1045), np.int64(1546), np.int64(1053), np.int64(1549))",76,62
341,944.0,1104.5,20.0,247287.52698625822,1134.9140625,"(np.int64(1103), np.int64(940), np.int64(1108), np.int64(950))",18,141
341,1830.076923076923,1887.3076923076924,13.0,160736.89254106785,768.7285766601562,"(np.int64(1886), np.int64(1828), np.int64(1890), np.int64(1833))",257,79
341,1859.6746031746034,1892.6746031746034,18.0,222558.77428763243,736.00146484375,"(np.int64(1887), np.int64(1852), np.int64(1901), np.int64(1874))",257,79
342,1226.0,44.0,1.0,12364.376349312912,612.256103515625,"(np.int64(44), np.int64(1226), np.int64(45), np.int64(1227))",416,4
342,1854.625,368.625,7.0,86550.63444519037,672.7327880859375,"(np.int64(361), np.int64(1849), np.int64(376), np.int64(1863))",96,86
342,2040.0,684.0,1.0,12364.376349312912,736.0014038085938,"(np.int64(684), np.int64(2040), np.int64(685), np.int64(2041))",543,7
342,1448.0,728.0,1.0,12364.376349312912,642.1159057617188,"(np.int64(728), np.int64(1448), np.int64(729), np.int64(1449))",512,15
342,1087.0,1028.0,1.0,12364.376349312912,612.256103515625,"(np.int64(1028), np.int64(1087), np.int64(1029), np.int64(1088))",527,9
342,947.0,1103.75,8.0,98915.0107945033,802.1566162109375,"(np.int64(1103), np.int64(944), np.int64(1105), np.int64(950))",18,141
342,1123.7285353535356,1624.1502525252527,54.0,667676.3228628973,768.700439453125,"(np.int64(1613), np.int64(1114), np.int64(1644), np.int64(1130))",412,93
342,1830.9333333333334,1888.0,15.0,185465.64523969367,704.0121459960938,"(np.int64(1886), np.int64(1829), np.int64(1891), np.int64(1834))",257,79
342,1863.7636363636364,1895.909090909091,21.0,259651.90333557114,768.700439453125,"(np.int64(1890), np.int64(1855), np.int64(1901), np.int64(1874))",257,79
343,1852.6666666666665,363.58333333333337,5.0,61821.88174656456,642.1159057617188,"(np.int64(361), np.int64(1845), np.int64(367), np.int64(1861))",96,86
343,1445.4,727.8,5.0,61821.881746564555,704.0121459960938,"(np.int64(727), np.int64(1445), np.int64(730), np.int64(1447))",512,15
343,1506.0,1078.0,1.0,12364.376349312912,612.256103515625,"(np.int64(1078), np.int64(1506), np.int64(1079), np.int64(1507))",458,5
343,942.8823529411765,1104.5294117647059,17.0,210194.3979383195,942.9375610351562,"(np.int64(1103), np.int64(939), np.int64(1108), np.int64(949))",18,141
343,1117.5735294117646,1621.7058823529412,68.0,840777.591753278,802.1566162109375,"(np.int64(1612), np.int64(1112), np.int64(1630), np.int64(1125))",412,93
343,1124.8181818181818,1643.5454545454545,11.0,136008.13984244203,672.7327880859375,"(np.int64(1642), np.int64(1123), np.int64(1646), np.int64(1127))",412,93
343,1859.3398268398269,1893.6904761904761,26.0,321473.7850821357,736.0014038085938,"(np.int64(1888), np.int64(1853), np.int64(1901), np.int64(1873))",257,79
344,1851.25,368.5,4.0,49457.50539725165,612.2818603515625,"(np.int64(366), np.int64(1847), np.int64(374), np.int64(1855))",96,86
344,1446.3333333333333,726.3333333333334,3.0,37093.12904793874,703.98974609375,"(np.int64(726), np.int64(1446), np.int64(728), np.int64(1448))",512,15
344,942.0,1104.36,25.0,309109.4087328228,1388.7998046875,"(np.int64(1103), np.int64(937), np.int64(1107), np.int64(949))",18,141
344,1125.3846153846155,1641.6153846153845,13.0,160736.89254106785,802.1295166015625,"(np.int64(1640), np.int64(1124), np.int64(1644), np.int64(1128))",412,93
344,1096.497984496124,1661.5057364341083,66.0,816048.8390546521,672.69775390625,"(np.int64(1655), np.int64(1090), np.int64(1677), np.int64(1105))",412,93
344,1102.4,1691.4,5.0,61821.881746564555,672.69775390625,"(np.int64(1690), np.int64(1101), np.int64(1693), np.int64(1104))",412,93
344,1864.7207792207791,1894.8896103896107,34.0,420388.795876639,836.2398681640625,"(np.int64(1884), np.int64(1855), np.int64(1901), np.int64(1882))",257,79
345,1854.0,364.0,1.0,12364.376349312912,612.24169921875,"(np.int64(364), np.int64(1854), np.int64(365), np.int64(1855))",96,86
345,1552.0,1046.0,1.0,12364.376349312912,612.24169921875,"(np.int64(1046), np.int64(1552), np.int64(1047), np.int64(1553))",76,62
345,943.7586206896551,1103.8275862068965,29.0,358566.91413007444,1344.7147216796875,"(np.int64(1102), np.int64(939), np.int64(1107), np.int64(951))",18,141
345,1126.0833333333333,1641.0833333333333,12.0,148372.51619175496,768.7431640625,"(np.int64(1639), np.int64(1125), np.int64(1644), np.int64(1128))",412,93
345,332.5,1675.5,6.0,74186.25809587746,704.028076171875,"(np.int64(1670), np.int64(328), np.int64(1682), np.int64(340))",547,2
345,1877.1666666666667,1898.9444444444443,27.0,333838.1614314486,836.2867431640625,"(np.int64(1897), np.int64(1871), np.int64(1901), np.int64(1884))",257,79
346,1851.0,366.0,2.0,24728.752698625824,612.248291015625,"(np.int64(365), np.int64(1850), np.int64(368), np.int64(1853))",96,86
346,944.625,1104.78125,32.0,395660.0431780132,1479.1009521484375,"(np.int64(1103), np.int64(939), np.int64(1107), np.int64(952))",18,141
346,1288.0,1124.0,3.0,37093.12904793874,642.1397705078125,"(np.int64(1124), np.int64(1287), np.int64(1125), np.int64(1290))",316,6
346,1097.4822222222224,1666.2144444444446,25.0,309109.40873282275,672.7191162109375,"(np.int64(1655), np.int64(1091), np.int64(1677), np.int64(1111))",412,93
346,337.0,1671.2857142857142,7.0,86550.63444519039,703.986328125,"(np.int64(1671), np.int64(334), np.int64(1673), np.int64(341))",547,2
346,1875.0142857142857,1899.6571428571428,36.0,445117.5485752648,802.1029052734375,"(np.int64(1897), np.int64(1871), np.int64(1902), np.int64(1888))",257,79
347,1855.5,364.0,2.0,24728.752698625824,612.2589721679688,"(np.int64(361), np.int64(1850), np.int64(368), np.int64(1862))",96,86
347,944.92,1105.52,25.0,309109.4087328228,1095.0914306640625,"(np.int64(1104), np.int64(939), np.int64(1108), np.int64(951))",18,141
347,1288.5,1125.0,4.0,49457.50539725165,672.6995849609375,"(np.int64(1125), np.int64(1287), np.int64(1126), np.int64(1291))",316,6
347,1501.0,1223.0,1.0,12364.376349312912,642.1329345703125,"(np.int64(1223), np.int64(1501), np.int64(1224), np.int64(1502))",139,24
347,1089.404761904762,1676.3333333333333,23.0,284380.65603419696,672.6995849609375,"(np.int64(1666), np.int64(1072), np.int64(1687), np.int64(1113))",412,93
347,810.5,1684.5,2.0,24728.752698625824,642.1329345703125,"(np.int64(1684), np.int64(810), np.int64(1686), np.int64(812))",64,138
347,1046.0,1729.0,1.0,12364.376349312912,612.2589721679688,"(np.int64(1729), np.int64(1046), np.int64(1730), np.int64(1047))",60,64
347,1880.0,1878.0,1.0,12364.376349312912,612.2589721679688,"(np.int64(1878), np.int64(1880), np.int64(1879), np.int64(1881))",257,79
347,1876.325,1900.2,40.0,494575.05397251644,768.729248046875,"(np.int64(1897), np.int64(1868), np.int64(1903), np.int64(1885))",257,79
348,304.75,402.75,3.0,37093.12904793874,642.1393432617188,"(np.int64(402), np.int64(303), np.int64(405), np.int64(307))",89,139
348,945.9444444444445,1105.3333333333333,18.0,222558.7742876324,768.7076416015625,"(np.int64(1104), np.int64(941), np.int64(1108), np.int64(951))",18,141
348,1501.0,1222.5,2.0,24728.752698625824,642.1393432617188,"(np.int64(1222), np.int64(1501), np.int64(1224), np.int64(1502))",139,24
348,1955.5,1524.5,2.0,24728.752698625824,612.2526245117188,"(np.int64(1524), np.int64(1955), np.int64(1526), np.int64(1957))",550,6
348,1121.3368888888888,1622.0777777777778,60.0,741862.5809587747,736.003173828125,"(np.int64(1608), np.int64(1113), np.int64(1642), np.int64(1128))",412,93
348,812.1428571428571,1686.0,8.0,98915.0107945033,672.718994140625,"(np.int64(1683), np.int64(810), np.int64(1689), np.int64(814))",64,138
348,1073.0,1684.0,1.0,12364.376349312912,612.2526245117188,"(np.int64(1684), np.int64(1073), np.int64(1685), np.int64(1074))",412,93
349,1133.0,217.0,1.0,12364.376349312912,642.1159057617188,"(np.int64(217), np.int64(1133), np.int64(218), np.int64(1134))",551,9
349,1847.0,367.0,1.0,12364.376349312912,612.256103515625,"(np.int64(367), np.int64(1847), np.int64(368), np.int64(1848))",96,86
349,943.6315789473684,1105.3684210526317,19.0,234923.15063694533,906.6893920898438,"(np.int64(1104), np.int64(938), np.int64(1107), np.int64(949))",18,141
349,1953.0,1531.0,1.0,12364.376349312912,612.256103515625,"(np.int64(1531), np.int64(1953), np.int64(1532), np.int64(1954))",550,6
349,1120.5750360750362,1627.7092352092352,31.0,383295.6668287003,736.0014038085938,"(np.int64(1613), np.int64(1115), np.int64(1642), np.int64(1127))",412,93
349,810.7777777777778,1684.7777777777778,9.0,111279.3871438162,704.0121459960938,"(np.int64(1683), np.int64(809), np.int64(1688), np.int64(813))",64,138
349,1071.0,1684.0,1.0,12364.376349312912,612.256103515625,"(np.int64(1684), np.int64(1071), np.int64(1685), np.int64(1072))",412,93
349,1046.0,1729.0,1.0,12364.376349312912,612.256103515625,"(np.int64(1729), np.int64(1046), np.int64(1730), np.int64(1047))",60,64
350,1131.5,216.5,4.0,49457.50539725165,703.999267578125,"(np.int64(216), np.int64(1131), np.int64(218), np.int64(1133))",551,9
350,1851.6666666666667,365.3333333333333,3.0,37093.12904793874,612.2658081054688,"(np.int64(364), np.int64(1848), np.int64(369), np.int64(1855))",96,86
350,943.36,1104.64,25.0,309109.4087328228,802.151123046875,"(np.int64(1103), np.int64(937), np.int64(1107), np.int64(950))",18,141
350,1287.5,1125.0,2.0,24728.752698625824,612.2658081054688,"(np.int64(1125), np.int64(1287), np.int64(1126), np.int64(1289))",316,6
350,1116.85,1623.55,9.0,111279.38714381619,642.1359252929688,"(np.int64(1612), np.int64(1103), np.int64(1642), np.int64(1126))",412,93
350,1071.0,1683.0,3.0,37093.12904793874,612.2658081054688,"(np.int64(1682), np.int64(1071), np.int64(1685), np.int64(1072))",412,93
350,812.0,1683.5,4.0,49457.50539725165,612.2658081054688,"(np.int64(1683), np.int64(811), np.int64(1685), np.int64(814))",64,138
350,759.0,1881.0,1.0,12364.376349312912,612.2658081054688,"(np.int64(1881), np.int64(759), np.int64(1882), np.int64(760))",552,3
351,1134.2380952380952,216.26190476190473,10.0,123643.76349312912,672.7261962890625,"(np.int64(212), np.int64(1131), np.int64(222), np.int64(1136))",551,9
351,1854.75,366.75,4.0,49457.50539725165,642.1551513671875,"(np.int64(366), np.int64(1854), np.int64(369), np.int64(1857))",96,86
351,324.0,396.0,1.0,12364.376349312912,612.253173828125,"(np.int64(396), np.int64(324), np.int64(397), np.int64(325))",89,139
351,1846.0,400.0,1.0,12364.376349312912,612.253173828125,"(np.int64(400), np.int64(1846), np.int64(401), np.int64(1847))",96,86
351,945.4193548387096,1103.0967741935483,31.0,383295.6668287003,871.1292114257812,"(np.int64(1101), np.int64(939), np.int64(1106), np.int64(952))",18,141
351,1289.0,1124.0,1.0,12364.376349312912,672.7261962890625,"(np.int64(1124), np.int64(1289), np.int64(1125), np.int64(1290))",316,6
351,1957.0,1518.0,1.0,12364.376349312912,612.253173828125,"(np.int64(1518), np.int64(1957), np.int64(1519), np.int64(1958))",550,6
351,1119.0,1616.0,1.0,12364.376349312912,612.253173828125,"(np.int64(1616), np.int64(1119), np.int64(1617), np.int64(1120))",412,93
351,1078.5,1676.75,5.0,61821.881746564555,612.253173828125,"(np.int64(1672), np.int64(1071), np.int64(1683), np.int64(1086))",412,93
351,1731.0,1944.0,1.0,12364.376349312912,979.9292602539062,"(np.int64(1944), np.int64(1731), np.int64(1945), np.int64(1732))",288,3
352,1132.4285714285713,215.14285714285714,7.0,86550.63444519039,735.988037109375,"(np.int64(214), np.int64(1131), np.int64(217), np.int64(1135))",551,9
352,1855.5,364.5,14.0,173101.26889038077,672.7374267578125,"(np.int64(363), np.int64(1854), np.int64(368), np.int64(1859))",96,86
352,967.0,851.0,1.0,12364.376349312912,612.240234375,"(np.int64(851), np.int64(967), np.int64(852), np.int64(968))",42,180
352,946.0833333333334,1102.361111111111,36.0,445117.5485752648,906.701904296875,"(np.int64(1099), np.int64(939), np.int64(1105), np.int64(955))",18,141
352,812.6666666666666,1164.5,6.0,74186.25809587748,802.1495361328125,"(np.int64(1163), np.int64(812), np.int64(1167), np.int64(814))",555,8
352,573.0,1367.0,1.0,12364.376349312912,5162.6669921875,"(np.int64(1367), np.int64(573), np.int64(1368), np.int64(574))",438,2
352,1957.0,1519.0,6.0,74186.25809587748,672.7374267578125,"(np.int64(1517), np.int64(1956), np.int64(1522), np.int64(1959))",550,6
352,473.0,1592.0,1.0,12364.376349312912,672.7374267578125,"(np.int64(1592), np.int64(473), np.int64(1593), np.int64(474))",556,5
352,1071.375,1681.25,8.0,98915.0107945033,735.988037109375,"(np.int64(1679), np.int64(1070), np.int64(1684), np.int64(1073))",412,93
352,814.0,1681.5,2.0,24728.752698625824,642.1348876953125,"(np.int64(1681), np.int64(813), np.int64(1683), np.int64(816))",64,138
352,758.0,1880.5,2.0,24728.752698625824,612.240234375,"(np.int64(1880), np.int64(758), np.int64(1882), np.int64(759))",552,3
353,1133.8,215.4,5.0,61821.881746564555,642.139892578125,"(np.int64(215), np.int64(1133), np.int64(217), np.int64(1136))",551,9
353,1855.611111111111,368.66666666666663,10.0,123643.76349312911,703.9933471679688,"(np.int64(366), np.int64(1854), np.int64(371), np.int64(1859))",96,86
353,937.7712765957447,1097.872340425532,49.0,605854.4411163327,942.9334106445312,"(np.int64(1093), np.int64(930), np.int64(1106), np.int64(956))",18,141
353,813.1111111111111,1164.7777777777778,9.0,111279.3871438162,1095.097412109375,"(np.int64(1163), np.int64(812), np.int64(1168), np.int64(815))",555,8
353,1957.3333333333333,1520.1666666666667,4.0,49457.50539725165,612.2780151367188,"(np.int64(1517), np.int64(1956), np.int64(1525), np.int64(1960))",550,6
353,2010.0,1621.0,1.0,12364.376349312912,612.2780151367188,"(np.int64(1621), np.int64(2010), np.int64(1622), np.int64(2011))",343,4
353,1127.5,1638.0,2.0,24728.752698625824,612.2780151367188,"(np.int64(1638), np.int64(1127), np.int64(1639), np.int64(1129))",412,93
353,1071.6,1681.8,5.0,61821.881746564555,703.9933471679688,"(np.int64(1681), np.int64(1071), np.int64(1684), np.int64(1074))",412,93
353,1046.0,1729.0,1.0,12364.376349312912,612.2780151367188,"(np.int64(1729), np.int64(1046), np.int64(1730), np.int64(1047))",60,64
353,758.0,1881.5,2.0,24728.752698625824,672.7267456054688,"(np.int64(1881), np.int64(758), np.int64(1883), np.int64(759))",552,3
354,1134.0,215.5,4.0,49457.50539725165,672.7055053710938,"(np.int64(215), np.int64(1133), np.int64(217), np.int64(1136))",551,9
354,1855.857142857143,367.42857142857144,14.0,173101.26889038077,642.143310546875,"(np.int64(366), np.int64(1853), np.int64(371), np.int64(1860))",96,86
354,2038.5,681.5,2.0,24728.752698625824,612.2584228515625,"(np.int64(681), np.int64(2038), np.int64(683), np.int64(2040))",543,7
354,356.0,958.0,1.0,12364.376349312912,703.9872436523438,"(np.int64(958), np.int64(356), np.int64(959), np.int64(357))",521,13
354,942.1916666666666,1098.4666666666667,46.0,568761.3120683939,836.2680053710938,"(np.int64(1092), np.int64(929), np.int64(1106), np.int64(956))",18,141
354,813.1428571428571,1165.142857142857,14.0,173101.26889038077,1572.2572021484375,"(np.int64(1163), np.int64(811), np.int64(1168), np.int64(816))",555,8
354,1957.0,1520.0,1.0,12364.376349312912,612.2584228515625,"(np.int64(1520), np.int64(1957), np.int64(1521), np.int64(1958))",550,6
354,2009.0,1622.0,3.0,37093.12904793874,642.143310546875,"(np.int64(1621), np.int64(2009), np.int64(1624), np.int64(2010))",343,4
354,1126.0,1640.0,1.0,12364.376349312912,612.2584228515625,"(np.int64(1640), np.int64(1126), np.int64(1641), np.int64(1127))",412,93
354,1070.3333333333333,1682.3333333333333,3.0,37093.12904793874,672.7055053710938,"(np.int64(1682), np.int64(1070), np.int64(1684), np.int64(1072))",412,93
354,1046.0,1729.0,1.0,12364.376349312912,612.2584228515625,"(np.int64(1729), np.int64(1046), np.int64(1730), np.int64(1047))",60,64
354,1865.9166666666667,1889.361111111111,12.0,148372.51619175496,735.9885864257812,"(np.int64(1877), np.int64(1861), np.int64(1898), np.int64(1875))",257,79
355,1135.0,217.0,1.0,12364.376349312912,612.2780151367188,"(np.int64(217), np.int64(1135), np.int64(218), np.int64(1136))",551,9
355,1855.0555555555557,374.5,8.0,98915.0107945033,672.7267456054688,"(np.int64(369), np.int64(1853), np.int64(384), np.int64(1857))",96,86
355,2037.5,682.0,4.0,49457.50539725165,979.9095458984375,"(np.int64(681), np.int64(2037), np.int64(684), np.int64(2039))",543,7
355,942.6153846153846,1104.8653846153848,27.0,333838.1614314486,802.1431884765625,"(np.int64(1101), np.int64(938), np.int64(1107), np.int64(955))",18,141
355,812.7692307692307,1166.1538461538462,13.0,160736.89254106785,1433.5921630859375,"(np.int64(1165), np.int64(810), np.int64(1169), np.int64(816))",555,8
355,476.7692307692308,1591.1538461538462,13.0,160736.89254106785,942.9334106445312,"(np.int64(1590), np.int64(474), np.int64(1594), np.int64(481))",556,5
355,869.0,1737.0,1.0,12364.376349312912,612.2780151367188,"(np.int64(1737), np.int64(869), np.int64(1738), np.int64(870))",64,138
355,1861.5,1884.5,4.0,49457.50539725165,642.139892578125,"(np.int64(1877), np.int64(1861), np.int64(1892), np.int64(1863))",257,79
356,1134.3333333333333,215.66666666666666,3.0,37093.12904793874,642.1316528320312,"(np.int64(215), np.int64(1134), np.int64(217), np.int64(1136))",551,9
356,1855.25,367.8333333333333,7.0,86550.63444519037,642.1316528320312,"(np.int64(364), np.int64(1854), np.int64(373), np.int64(1857))",96,86
356,2037.0,681.0,7.0,86550.63444519039,1388.810546875,"(np.int64(680), np.int64(2036), np.int64(683), np.int64(2039))",543,7
356,356.0,958.0,1.0,12364.376349312912,642.1316528320312,"(np.int64(958), np.int64(356), np.int64(959), np.int64(357))",521,13
356,1535.25,1064.0,4.0,49457.50539725165,871.1220703125,"(np.int64(1063), np.int64(1535), np.int64(1066), np.int64(1537))",76,62
356,948.45,1104.2,11.0,136008.13984244203,768.7279663085938,"(np.int64(1103), np.int64(942), np.int64(1107), np.int64(952))",18,141
356,813.0,1165.375,16.0,197830.0215890066,1717.313720703125,"(np.int64(1163), np.int64(810), np.int64(1168), np.int64(816))",555,8
356,476.53846153846155,1591.0,13.0,160736.89254106785,871.1220703125,"(np.int64(1590), np.int64(474), np.int64(1594), np.int64(481))",556,5
356,1105.4,1623.2,5.0,61821.881746564555,704.0113525390625,"(np.int64(1622), np.int64(1104), np.int64(1625), np.int64(1108))",412,93
356,821.0,1682.0,1.0,12364.376349312912,612.2556762695312,"(np.int64(1682), np.int64(821), np.int64(1683), np.int64(822))",64,138
356,1046.0,1729.0,1.0,12364.376349312912,642.1316528320312,"(np.int64(1729), np.int64(1046), np.int64(1730), np.int64(1047))",60,64
356,872.0,1743.5,2.0,24728.752698625824,704.0113525390625,"(np.int64(1743), np.int64(872), np.int64(1745), np.int64(873))",64,138
356,1770.0,1836.0,1.0,12364.376349312912,612.2556762695312,"(np.int64(1836), np.int64(1770), np.int64(1837), np.int64(1771))",351,63
356,1871.0,1899.0,1.0,12364.376349312912,612.2556762695312,"(np.int64(1899), np.int64(1871), np.int64(1900), np.int64(1872))",257,79
357,1135.0,216.0,1.0,12364.376349312912,642.133544921875,"(np.int64(216), np.int64(1135), np.int64(217), np.int64(1136))",551,9
357,2036.875,679.75,8.0,98915.0107945033,1216.7032470703125,"(np.int64(678), np.int64(2036), np.int64(682), np.int64(2039))",543,7
357,408.0,810.0,1.0,12364.376349312912,906.6826171875,"(np.int64(810), np.int64(408), np.int64(811), np.int64(409))",268,2
357,968.625,852.5,5.0,61821.881746564555,768.6952514648438,"(np.int64(850), np.int64(967), np.int64(855), np.int64(972))",42,180
357,935.2777777777778,1100.5,13.0,160736.89254106785,735.9908447265625,"(np.int64(1092), np.int64(927), np.int64(1107), np.int64(947))",18,141
357,813.8235294117648,1164.8823529411766,17.0,210194.3979383195,2303.99560546875,"(np.int64(1162), np.int64(811), np.int64(1168), np.int64(817))",555,8
357,0.0,1314.5,2.0,24728.752698625824,735.9908447265625,"(np.int64(1314), np.int64(0), np.int64(1316), np.int64(1))",563,2
357,475.9,1591.0,10.0,123643.76349312911,871.1102905273438,"(np.int64(1589), np.int64(474), np.int64(1594), np.int64(479))",556,5
357,1105.8333333333335,1621.8333333333335,4.0,49457.50539725165,735.9908447265625,"(np.int64(1621), np.int64(1104), np.int64(1624), np.int64(1108))",412,93
357,873.8333333333333,1741.0,4.0,49457.50539725165,642.133544921875,"(np.int64(1739), np.int64(873), np.int64(1743), np.int64(876))",64,138
357,1821.0,1814.0,1.0,12364.376349312912,612.2509155273438,"(np.int64(1814), np.int64(1821), np.int64(1815), np.int64(1822))",351,63
357,1769.5,1834.0,4.0,49457.50539725165,612.2509155273438,"(np.int64(1834), np.int64(1767), np.int64(1835), np.int64(1772))",351,63
358,1856.722222222222,369.11111111111114,10.0,123643.76349312912,642.139892578125,"(np.int64(363), np.int64(1853), np.int64(377), np.int64(1863))",96,86
358,2037.0,679.0,1.0,12364.376349312912,612.2780151367188,"(np.int64(679), np.int64(2037), np.int64(680), np.int64(2038))",543,7
358,935.9722222222222,1101.4305555555557,13.0,160736.89254106785,836.2645263671875,"(np.int64(1092), np.int64(927), np.int64(1108), np.int64(947))",18,141
358,814.8260869565217,1164.6521739130435,23.0,284380.65603419696,2247.1123046875,"(np.int64(1162), np.int64(812), np.int64(1168), np.int64(818))",555,8
358,0.25,1314.0,4.0,49457.50539725165,836.2645263671875,"(np.int64(1313), np.int64(0), np.int64(1316), np.int64(2))",563,2
358,475.75,1591.0,3.0,37093.12904793874,642.139892578125,"(np.int64(1590), np.int64(475), np.int64(1593), np.int64(478))",556,5
358,1105.6666666666667,1622.6666666666667,3.0,37093.12904793874,672.7267456054688,"(np.int64(1622), np.int64(1105), np.int64(1624), np.int64(1107))",412,93
358,1107.0,1667.0,1.0,12364.376349312912,612.2780151367188,"(np.int64(1667), np.int64(1107), np.int64(1668), np.int64(1108))",412,93
358,816.0,1682.0,1.0,12364.376349312912,612.2780151367188,"(np.int64(1682), np.int64(816), np.int64(1683), np.int64(817))",64,138
358,870.0,1734.5,2.0,24728.752698625824,612.2780151367188,"(np.int64(1734), np.int64(869), np.int64(1736), np.int64(872))",64,138
358,1823.0,1814.642857142857,8.0,98915.0107945033,768.7015380859375,"(np.int64(1813), np.int64(1820), np.int64(1816), np.int64(1826))",351,63
358,1768.0,1840.0,1.0,12364.376349312912,612.2780151367188,"(np.int64(1840), np.int64(1768), np.int64(1841), np.int64(1769))",351,63
359,1221.0,21.0,1.0,12364.376349312912,612.2713623046875,"(np.int64(21), np.int64(1221), np.int64(22), np.int64(1222))",416,4
359,1853.4,371.75,8.0,98915.0107945033,703.9906005859375,"(np.int64(368), np.int64(1852), np.int64(377), np.int64(1856))",96,86
359,2047.0,682.0,1.0,12364.376349312912,642.1521606445312,"(np.int64(682), np.int64(2047), np.int64(683), np.int64(2048))",543,7
359,941.0,1107.375,8.0,98915.0107945033,703.9906005859375,"(np.int64(1107), np.int64(939), np.int64(1109), np.int64(944))",18,141
359,813.5,1166.3333333333333,6.0,74186.25809587748,735.9906005859375,"(np.int64(1166), np.int64(812), np.int64(1168), np.int64(816))",555,8
359,872.5,1735.25,3.0,37093.12904793874,642.1521606445312,"(np.int64(1734), np.int64(867), np.int64(1737), np.int64(879))",64,138
359,1818.0,1817.5,2.0,24728.752698625824,612.2713623046875,"(np.int64(1817), np.int64(1818), np.int64(1819), np.int64(1819))",351,63
359,1766.0,1838.0,1.0,12364.376349312912,612.2713623046875,"(np.int64(1838), np.int64(1766), np.int64(1839), np.int64(1767))",351,63
359,207.8409090909091,2031.5227272727273,17.0,210194.3979383195,672.7111206054688,"(np.int64(2018), np.int64(196), np.int64(2048), np.int64(220))",175,8
