frame,x,y,area_px,intensity,area_km2,bbox,cluster_id,occurrences
0,333.5,0.5,4.0,4679.8115234375,138606.49568582693,"(0, 333, 2, 335)",0,25
0,145.5,90.0,2.0,3741.8486328125,69303.24784291346,"(90, 145, 91, 147)",5,5
0,145.0,94.0,1.0,4013.16796875,34651.62392145673,"(94, 145, 95, 146)",5,5
0,1458.0,174.16666666666666,6.0,3741.8486328125,207909.7435287404,"(173, 1457, 177, 1461)",9,6
0,1453.0,186.0,1.0,3567.4951171875,34651.62392145673,"(186, 1453, 187, 1454)",9,6
0,1449.0,191.0,1.0,3567.4951171875,34651.62392145673,"(191, 1449, 192, 1450)",9,6
0,1747.0,332.0,1.0,3654.671875,34651.62392145673,"(332, 1747, 333, 1748)",14,37
0,107.57142857142857,838.2857142857143,7.0,4198.2431640625,242561.3674501971,"(837, 107, 841, 109)",30,16
0,1050.5,929.0,2.0,3567.4951171875,69303.24784291346,"(929, 1050, 930, 1052)",35,36
0,30.0,942.0,1.0,3831.822265625,34651.62392145673,"(942, 30, 943, 31)",36,7
0,31.333333333333332,1293.2133333333334,75.0,15595.990234375,2598871.794109255,"(1275, 29, 1316, 35)",43,18
0,1819.875,2026.75,8.0,4679.8115234375,277212.99137165386,"(2024, 1819, 2031, 1822)",46,47
1,333.6,0.8,5.0,6056.455078125,173258.11960728368,"(0, 333, 3, 335)",0,25
1,122.0,2.5,2.0,3567.4951171875,69303.24784291346,"(2, 122, 4, 123)",47,17
1,147.5,90.0,4.0,4881.203125,138606.49568582693,"(90, 146, 91, 150)",5,5
1,1457.0,176.0,1.0,3567.4951171875,34651.62392145673,"(176, 1457, 177, 1458)",9,6
1,1453.0,185.0,1.0,3741.8486328125,34651.62392145673,"(185, 1453, 186, 1454)",9,6
1,159.0909090909091,195.9090909090909,11.0,4881.203125,381167.86313602404,"(194, 157, 199, 162)",49,7
1,1733.0,334.0,1.0,3741.8486328125,34651.62392145673,"(334, 1733, 335, 1734)",14,37
1,1363.5,507.0,2.0,3567.4951171875,69303.24784291346,"(507, 1363, 508, 1365)",50,28
1,1300.0,824.0,1.0,3741.8486328125,34651.62392145673,"(824, 1300, 825, 1301)",51,58
1,1195.5,867.5,2.0,3741.8486328125,69303.24784291346,"(867, 1195, 869, 1197)",52,10
1,1173.0,878.0,1.0,3567.4951171875,34651.62392145673,"(878, 1173, 879, 1174)",53,17
1,1050.0,929.0,1.0,3567.4951171875,34651.62392145673,"(929, 1050, 930, 1051)",35,36
1,1406.0,952.0,1.0,3567.4951171875,34651.62392145673,"(952, 1406, 953, 1407)",54,40
1,31.417721518987342,1292.139240506329,79.0,13839.8720703125,2737478.289795082,"(1274, 29, 1315, 36)",43,18
1,1820.3529411764705,2026.235294117647,17.0,9764.953125,589077.6066647645,"(2023, 1819, 2031, 1823)",46,47
2,333.1111111111111,1.7777777777777777,9.0,9341.0048828125,311864.6152931106,"(0, 332, 6, 335)",0,25
2,122.0,3.0,1.0,3654.6591796875,34651.62392145673,"(3, 122, 4, 123)",47,17
2,1452.0,186.0,1.0,3654.6591796875,34651.62392145673,"(186, 1452, 187, 1453)",9,6
2,157.47058823529412,195.94117647058823,17.0,6633.490234375,589077.6066647645,"(194, 154, 200, 161)",49,7
2,1747.0,332.0,1.0,3567.6689453125,34651.62392145673,"(332, 1747, 333, 1748)",14,37
2,1363.5,507.0,2.0,3742.1201171875,69303.24784291346,"(507, 1363, 508, 1365)",50,28
2,627.0,686.0,1.0,3567.6689453125,34651.62392145673,"(686, 627, 687, 628)",55,28
2,125.5,807.5,4.0,5188.509765625,138606.49568582693,"(807, 125, 809, 127)",58,42
2,66.0,939.5,2.0,3567.6689453125,69303.24784291346,"(939, 66, 941, 67)",60,21
2,28.0,943.0,1.0,3654.6591796875,34651.62392145673,"(943, 28, 944, 29)",36,7
2,31.08955223880597,1288.6567164179105,67.0,18230.00390625,2321658.802737601,"(1276, 29, 1305, 35)",43,18
2,1819.909090909091,2026.909090909091,11.0,7864.99072265625,381167.86313602404,"(2024, 1819, 2030, 1823)",46,47
3,332.75,1.75,12.0,8255.447265625,415819.4870574808,"(0, 332, 5, 335)",0,25
3,121.0,3.0,1.0,3567.4951171875,34651.62392145673,"(3, 121, 4, 122)",47,17
3,119.0,4.0,1.0,3654.671875,34651.62392145673,"(4, 119, 5, 120)",47,17
3,156.5625,195.5625,16.0,6751.5361328125,554425.9827433077,"(194, 153, 199, 161)",49,7
3,915.0,669.0,1.0,3567.4951171875,34651.62392145673,"(669, 915, 670, 916)",61,34
3,1367.0,712.0,1.0,3921.7958984375,34651.62392145673,"(712, 1367, 713, 1368)",63,15
3,125.0,807.0,1.0,3831.822265625,34651.62392145673,"(807, 125, 808, 126)",58,42
3,107.4,839.0,5.0,4198.2431640625,173258.11960728368,"(837, 107, 842, 109)",30,16
3,124.0,841.5,2.0,3741.8486328125,69303.24784291346,"(841, 124, 843, 125)",30,16
3,1283.0,901.0,1.0,3567.4951171875,34651.62392145673,"(901, 1283, 902, 1284)",65,48
3,27.0,943.0,1.0,3654.671875,34651.62392145673,"(943, 27, 944, 28)",36,7
3,70.0,951.0,1.0,3567.4951171875,34651.62392145673,"(951, 70, 952, 71)",60,21
3,30.35185185185185,1288.7592592592594,54.0,16327.43359375,1871187.6917586636,"(1276, 29, 1305, 34)",43,18
3,1819.2,2026.9,10.0,6515.1806640625,346516.23921456735,"(2023, 1818, 2031, 1821)",46,47
4,332.3,1.6,10.0,6991.7958984375,346516.23921456735,"(0, 331, 6, 335)",0,25
4,338.0,6.5,4.0,4387.2587890625,138606.49568582693,"(5, 338, 9, 339)",0,25
4,155.16666666666666,194.83333333333334,12.0,4981.6142578125,415819.4870574808,"(194, 152, 198, 160)",49,7
4,1550.0,247.0,1.0,4679.734375,34651.62392145673,"(247, 1550, 248, 1551)",68,21
4,1837.0,356.0,1.0,3654.6591796875,34651.62392145673,"(356, 1837, 357, 1838)",69,26
4,1362.0,507.0,3.0,4012.9658203125,103954.8717643702,"(507, 1361, 508, 1364)",50,28
4,107.0,838.5,2.0,4198.2314453125,69303.24784291346,"(838, 107, 840, 108)",30,16
4,30.19148936170213,1285.9148936170213,47.0,18035.333984375,1628626.3243084664,"(1275, 28, 1298, 33)",43,18
4,682.0,1288.0,1.0,3567.6689453125,34651.62392145673,"(1288, 682, 1289, 683)",70,10
4,28.0,1299.0,1.0,3654.6591796875,34651.62392145673,"(1299, 28, 1300, 29)",43,18
4,28.0,1301.5,2.0,3654.6591796875,69303.24784291346,"(1301, 28, 1303, 29)",43,18
4,1818.0,2024.0,1.0,3654.6591796875,34651.62392145673,"(2024, 1818, 2025, 1819)",46,47
4,1818.5,2028.0,4.0,4981.6142578125,138606.49568582693,"(2027, 1818, 2030, 1820)",46,47
4,1825.5,2029.0,2.0,4105.5986328125,69303.24784291346,"(2029, 1825, 2030, 1827)",46,47
5,331.55555555555554,1.4444444444444444,9.0,5833.9404296875,311864.6152931106,"(0, 331, 5, 334)",0,25
5,155.35714285714286,193.42857142857142,14.0,4679.7587890625,485122.7349003942,"(192, 152, 197, 159)",49,7
5,1836.0,352.5,2.0,3567.4150390625,69303.24784291346,"(352, 1836, 354, 1837)",69,26
5,914.0,667.0,1.0,3567.4150390625,34651.62392145673,"(667, 914, 668, 915)",61,34
5,635.0,677.0,1.0,3567.4150390625,34651.62392145673,"(677, 635, 678, 636)",55,28
5,107.0,838.0,1.0,3742.04296875,34651.62392145673,"(838, 107, 839, 108)",30,16
5,1138.6666666666667,915.3333333333334,6.0,3832.0849609375,207909.7435287404,"(915, 1137, 917, 1141)",73,10
5,29.452830188679247,1286.5471698113208,53.0,16143.357421875,1836536.0678372069,"(1275, 28, 1301, 33)",43,18
5,1818.0,2027.5,2.0,5399.189453125,69303.24784291346,"(2027, 1818, 2029, 1819)",46,47
6,330.4,0.8,5.0,4387.62890625,173258.11960728368,"(0, 330, 3, 332)",0,25
6,334.0,0.0,1.0,3742.2060546875,34651.62392145673,"(0, 334, 1, 335)",0,25
6,329.0,4.5,2.0,4105.6650390625,69303.24784291346,"(4, 329, 6, 330)",0,25
6,152.8,192.2,5.0,4292.1875,173258.11960728368,"(192, 151, 194, 155)",49,7
6,156.0,194.0,1.0,3831.9814453125,34651.62392145673,"(194, 156, 195, 157)",49,7
6,911.0,666.0,1.0,3742.2060546875,34651.62392145673,"(666, 911, 667, 912)",61,34
6,625.6666666666666,672.8333333333334,6.0,4105.6650390625,207909.7435287404,"(671, 625, 675, 627)",55,28
6,1053.0,934.0,1.0,3742.2060546875,34651.62392145673,"(934, 1053, 935, 1054)",35,36
6,27.227272727272727,1288.090909090909,44.0,12836.08203125,1524671.4525440962,"(1279, 26, 1301, 30)",43,18
7,331.2857142857143,1.3571428571428572,14.0,8255.6376953125,485122.7349003942,"(0, 330, 4, 334)",0,25
7,336.5,1.5,2.0,3655.0458984375,69303.24784291346,"(1, 336, 3, 338)",0,25
7,152.0,193.0,1.0,3921.861328125,34651.62392145673,"(193, 152, 194, 153)",49,7
7,911.0,667.0,1.0,3567.6494140625,34651.62392145673,"(667, 911, 668, 912)",61,34
7,1377.0,713.0,1.0,3832.15234375,34651.62392145673,"(713, 1377, 714, 1378)",63,15
7,27.83783783783784,1290.7837837837837,37.0,10493.73828125,1282110.0850938992,"(1282, 27, 1302, 30)",43,18
8,110.0,0.0,3.0,4105.5556640625,103954.8717643702,"(0, 109, 1, 112)",47,17
8,332.26666666666665,2.4,15.0,6399.87890625,519774.35882185097,"(0, 331, 8, 335)",0,25
8,336.0,0.0,1.0,3742.05029296875,34651.62392145673,"(0, 336, 1, 337)",0,25
8,338.0,0.0,1.0,4387.39404296875,34651.62392145673,"(0, 338, 1, 339)",0,25
8,128.0,66.0,1.0,3567.595703125,34651.62392145673,"(66, 128, 67, 129)",76,23
8,1819.0,358.0,1.0,3742.05029296875,34651.62392145673,"(358, 1819, 359, 1820)",77,5
8,1361.0,506.0,1.0,3742.05029296875,34651.62392145673,"(506, 1361, 507, 1362)",50,28
8,64.0,938.5,2.0,3832.05810546875,69303.24784291346,"(938, 64, 940, 65)",60,21
8,29.36842105263158,1289.4736842105262,38.0,14881.0908203125,1316761.709015356,"(1281, 28, 1299, 32)",43,18
8,1818.0,2027.0,1.0,3742.05029296875,34651.62392145673,"(2027, 1818, 2028, 1819)",46,47
9,337.5151515151515,2.3333333333333335,33.0,8387.044921875,1143503.5894080722,"(0, 332, 9, 342)",0,25
9,352.4,3.4,5.0,4013.0947265625,173258.11960728368,"(2, 352, 6, 354)",0,25
9,121.0,3.0,1.0,3921.751953125,34651.62392145673,"(3, 121, 4, 122)",47,17
9,695.0,54.0,1.0,4013.0947265625,34651.62392145673,"(54, 695, 55, 696)",78,22
9,122.0,61.0,1.0,3567.6533203125,34651.62392145673,"(61, 122, 62, 123)",76,23
9,1361.5,507.0,2.0,3831.9638671875,69303.24784291346,"(507, 1361, 508, 1363)",50,28
9,1359.0,508.0,1.0,3654.720703125,34651.62392145673,"(508, 1359, 509, 1360)",50,28
9,107.0,838.0,1.0,3567.6533203125,34651.62392145673,"(838, 107, 839, 108)",30,16
9,30.032258064516128,1291.8709677419354,31.0,13501.8408203125,1074200.3415651587,"(1283, 29, 1301, 33)",43,18
9,682.0,1288.0,1.0,3567.6533203125,34651.62392145673,"(1288, 682, 1289, 683)",70,10
9,1819.0,2028.0,3.0,5399.169921875,103954.8717643702,"(2027, 1819, 2030, 1820)",46,47
10,338.3636363636364,1.5454545454545454,22.0,6400.0439453125,762335.7262720481,"(0, 332, 7, 342)",0,25
10,352.23809523809524,5.476190476190476,21.0,5615.2001953125,727684.1023505913,"(0, 351, 12, 355)",0,25
10,122.0,1.0,1.0,3567.72412109375,34651.62392145673,"(1, 122, 2, 123)",47,17
10,695.0,53.0,1.0,4198.22119140625,34651.62392145673,"(53, 695, 54, 696)",78,22
10,120.0,58.5,4.0,3921.96923828125,138606.49568582693,"(58, 119, 60, 122)",76,23
10,1456.0,177.0,1.0,3567.72412109375,34651.62392145673,"(177, 1456, 178, 1457)",9,6
10,86.25,189.5,4.0,4292.27099609375,138606.49568582693,"(188, 86, 192, 88)",80,17
10,1361.0,507.0,5.0,4198.22119140625,173258.11960728368,"(507, 1359, 508, 1364)",50,28
10,1210.0,913.0,1.0,3654.892578125,34651.62392145673,"(913, 1210, 914, 1211)",82,36
10,1055.0,936.0,1.0,3567.72412109375,34651.62392145673,"(936, 1055, 937, 1056)",35,36
10,30.161290322580644,1292.5806451612902,31.0,12349.126953125,1074200.3415651587,"(1284, 29, 1301, 33)",43,18
10,1819.0,2028.0,3.0,5293.06982421875,103954.8717643702,"(2027, 1819, 2030, 1820)",46,47
11,352.1818181818182,4.909090909090909,22.0,5615.06103515625,762335.7262720481,"(0, 350, 12, 355)",0,25
11,122.0,1.0,1.0,3567.6181640625,34651.62392145673,"(1, 122, 2, 123)",47,17
11,341.0,4.5,2.0,4198.2099609375,69303.24784291346,"(4, 341, 6, 342)",0,25
11,86.0,189.0,3.0,3921.9345703125,103954.8717643702,"(188, 86, 191, 87)",80,17
11,1361.375,506.625,8.0,4387.2626953125,277212.99137165386,"(506, 1359, 508, 1364)",50,28
11,1446.5,714.5,4.0,4012.9140625,138606.49568582693,"(714, 1446, 716, 1448)",83,12
11,65.0,939.0,1.0,3567.6181640625,34651.62392145673,"(939, 65, 940, 66)",60,21
11,30.06451612903226,1292.3870967741937,31.0,7993.86767578125,1074200.3415651587,"(1283, 29, 1302, 33)",43,18
11,682.0,1288.0,1.0,3567.6181640625,34651.62392145673,"(1288, 682, 1289, 683)",70,10
11,1819.0,2028.0,1.0,4484.083984375,34651.62392145673,"(2028, 1819, 2029, 1820)",46,47
12,352.25,1.5,4.0,4198.1669921875,138606.49568582693,"(0, 352, 4, 354)",0,25
12,121.0,1.0,1.0,3742.04296875,34651.62392145673,"(1, 121, 2, 122)",47,17
12,350.8,7.0,5.0,4387.34765625,173258.11960728368,"(5, 350, 10, 352)",0,25
12,120.0,59.0,1.0,3567.4150390625,34651.62392145673,"(59, 120, 60, 121)",76,23
12,1360.75,506.75,8.0,4387.34765625,277212.99137165386,"(506, 1358, 508, 1364)",50,28
12,1447.0,715.2,10.0,6870.7939453125,346516.23921456735,"(714, 1446, 718, 1449)",83,12
12,1131.5,882.5,2.0,4780.71484375,69303.24784291346,"(882, 1131, 884, 1133)",85,9
12,64.5,939.5,2.0,4013.080078125,69303.24784291346,"(939, 64, 941, 66)",60,21
12,29.736842105263158,1293.1052631578948,38.0,11403.390625,1316761.709015356,"(1283, 28, 1305, 32)",43,18
13,121.0,1.0,5.0,3654.85498046875,173258.11960728368,"(0, 120, 3, 123)",47,17
13,351.44444444444446,3.888888888888889,9.0,4198.181640625,311864.6152931106,"(1, 351, 8, 353)",0,25
13,1359.5,506.5,10.0,4679.98681640625,346516.23921456735,"(506, 1357, 508, 1363)",50,28
13,1446.5,714.875,8.0,6056.52587890625,277212.99137165386,"(714, 1445, 717, 1449)",83,12
13,1131.3333333333333,882.6666666666666,3.0,4387.42626953125,103954.8717643702,"(882, 1131, 884, 1133)",85,9
13,1056.3333333333333,916.8333333333334,6.0,3654.85498046875,207909.7435287404,"(916, 1055, 919, 1059)",35,36
13,28.91891891891892,1294.1891891891892,37.0,9765.1904296875,1282110.0850938992,"(1283, 28, 1307, 31)",43,18
14,331.2,1.2,5.0,5833.94287109375,173258.11960728368,"(0, 331, 4, 333)",0,25
14,351.0,3.7857142857142856,14.0,5188.38330078125,485122.7349003942,"(0, 350, 9, 353)",0,25
14,1360.0,506.0,11.0,7235.92138671875,381167.86313602404,"(505, 1357, 508, 1364)",50,28
14,934.0,655.0,1.0,3742.060546875,34651.62392145673,"(655, 934, 656, 935)",61,34
14,1447.0,715.0,1.0,3567.57666015625,34651.62392145673,"(715, 1447, 716, 1448)",83,12
14,1131.0,882.5,2.0,3742.060546875,69303.24784291346,"(882, 1131, 884, 1132)",85,9
14,1056.0,916.5,4.0,4292.18408203125,138606.49568582693,"(916, 1055, 918, 1058)",35,36
14,28.676470588235293,1291.4411764705883,34.0,7113.814453125,1178155.213329529,"(1282, 28, 1303, 31)",43,18
14,680.0,1287.0,1.0,3567.57666015625,34651.62392145673,"(1287, 680, 1288, 681)",70,10
15,330.5,2.25,12.0,5723.9873046875,415819.4870574808,"(0, 330, 7, 333)",0,25
15,337.0,0.0,3.0,4679.7412109375,103954.8717643702,"(0, 336, 1, 339)",0,25
15,350.6666666666667,3.111111111111111,9.0,4880.9814453125,311864.6152931106,"(0, 350, 8, 353)",0,25
15,1359.4,505.8,5.0,6056.3310546875,173258.11960728368,"(505, 1358, 507, 1362)",50,28
15,1055.5,916.5,2.0,3741.845703125,69303.24784291346,"(916, 1055, 918, 1057)",35,36
15,27.92,1292.8,25.0,7484.26123046875,866290.5980364183,"(1283, 27, 1302, 30)",43,18
15,680.0,1286.0,1.0,3654.7490234375,34651.62392145673,"(1286, 680, 1287, 681)",70,10
16,330.55555555555554,1.4444444444444444,9.0,5614.9296875,311864.6152931106,"(0, 330, 5, 333)",0,25
16,334.0,0.0,1.0,3741.9287109375,34651.62392145673,"(0, 334, 1, 335)",0,25
16,337.5,0.0,4.0,5293.05859375,138606.49568582693,"(0, 336, 1, 340)",0,25
16,350.0,5.5,4.0,4780.447265625,138606.49568582693,"(4, 350, 8, 351)",0,25
16,175.0,63.0,1.0,4105.525390625,34651.62392145673,"(63, 175, 64, 176)",88,6
16,1469.0,375.0,3.0,5084.8955078125,103954.8717643702,"(374, 1469, 377, 1470)",89,16
16,1359.1666666666667,505.8333333333333,6.0,5293.05859375,207909.7435287404,"(505, 1357, 507, 1362)",50,28
16,923.0,665.0,1.0,3567.6962890625,34651.62392145673,"(665, 923, 666, 924)",61,34
16,626.0,675.0,1.0,3567.6962890625,34651.62392145673,"(675, 626, 676, 627)",55,28
16,1056.0,916.0,1.0,3831.7958984375,34651.62392145673,"(916, 1056, 917, 1057)",35,36
16,27.65,1295.75,20.0,6170.640625,693032.4784291347,"(1288, 27, 1303, 29)",43,18
17,330.2857142857143,1.5714285714285714,7.0,5833.935546875,242561.3674501971,"(0, 330, 5, 332)",0,25
17,351.0,2.0,3.0,4013.1650390625,103954.8717643702,"(1, 351, 4, 352)",0,25
17,350.0,5.0,1.0,3921.77734375,34651.62392145673,"(5, 350, 6, 351)",0,25
17,695.0,57.0,1.0,3831.7880859375,34651.62392145673,"(57, 695, 58, 696)",78,22
17,1468.0,378.5,2.0,3567.4150390625,69303.24784291346,"(378, 1468, 380, 1469)",89,16
17,1357.4166666666667,505.75,12.0,4679.9267578125,415819.4870574808,"(505, 1354, 508, 1362)",50,28
17,1056.0,916.0,1.0,3567.4150390625,34651.62392145673,"(916, 1056, 917, 1057)",35,36
17,680.0,1286.0,1.0,3567.4150390625,34651.62392145673,"(1286, 680, 1287, 681)",70,10
17,28.0,1296.0,11.0,4013.1650390625,381167.86313602404,"(1291, 28, 1302, 29)",43,18
18,327.2857142857143,1.5714285714285714,7.0,5506.2470703125,242561.3674501971,"(0, 327, 5, 329)",0,25
18,173.0,61.5,2.0,4292.3193359375,69303.24784291346,"(61, 173, 63, 174)",88,6
18,61.0,148.0,1.0,3567.529296875,34651.62392145673,"(148, 61, 149, 62)",90,24
18,1204.6666666666667,698.6666666666666,3.0,3832.09765625,103954.8717643702,"(698, 1204, 700, 1206)",91,31
18,1345.0,712.0,1.0,3654.7548828125,34651.62392145673,"(712, 1345, 713, 1346)",92,14
18,1180.0,882.5,2.0,3832.09765625,69303.24784291346,"(882, 1180, 884, 1181)",53,17
19,328.53333333333336,2.8666666666666667,15.0,7993.849609375,519774.35882185097,"(0, 328, 8, 331)",0,25
19,693.6666666666666,57.333333333333336,3.0,4292.1201171875,103954.8717643702,"(57, 693, 59, 695)",78,22
19,174.0,62.5,2.0,5615.1484375,69303.24784291346,"(62, 174, 64, 175)",88,6
19,1441.0,157.0,1.0,3654.681640625,34651.62392145673,"(157, 1441, 158, 1442)",95,10
19,1357.5,505.0,4.0,4292.1201171875,138606.49568582693,"(505, 1356, 506, 1360)",50,28
19,1635.0,531.0,1.0,3567.5498046875,34651.62392145673,"(531, 1635, 532, 1636)",96,7
20,329.4117647058824,3.823529411764706,17.0,5945.0361328125,589077.6066647645,"(0, 329, 11, 332)",0,25
20,717.6666666666666,8.333333333333334,3.0,4013.16796875,103954.8717643702,"(8, 717, 10, 719)",100,8
20,694.0,58.0,1.0,3741.8486328125,34651.62392145673,"(58, 694, 59, 695)",78,22
20,1357.0,506.0,3.0,3741.8486328125,103954.8717643702,"(506, 1356, 507, 1359)",50,28
20,1636.6,534.0,5.0,3831.822265625,173258.11960728368,"(532, 1636, 537, 1638)",96,7
20,1634.5,539.5,2.0,3654.671875,69303.24784291346,"(539, 1634, 541, 1636)",96,7
20,922.0,666.0,1.0,3567.4951171875,34651.62392145673,"(666, 922, 667, 923)",61,34
20,680.0,1286.0,1.0,3567.4951171875,34651.62392145673,"(1286, 680, 1287, 681)",70,10
21,331.25,0.75,4.0,4292.302734375,138606.49568582693,"(0, 331, 3, 333)",0,25
21,352.0,4.5,2.0,3832.0849609375,69303.24784291346,"(4, 352, 6, 353)",0,25
21,718.6,8.8,5.0,5084.9501953125,173258.11960728368,"(8, 718, 11, 720)",100,8
21,177.0,65.0,3.0,4387.34765625,103954.8717643702,"(64, 177, 67, 178)",88,6
21,1359.0,506.2,5.0,4387.34765625,173258.11960728368,"(506, 1357, 508, 1362)",50,28
21,1637.0,539.0,1.0,3567.4150390625,34651.62392145673,"(539, 1637, 540, 1638)",96,7
21,1634.076923076923,551.3846153846154,13.0,4013.080078125,450471.11097893753,"(548, 1633, 556, 1637)",96,7
22,332.0,0.0,1.0,3567.4814453125,34651.62392145673,"(0, 332, 1, 333)",0,25
22,718.0,8.5,2.0,3654.6787109375,69303.24784291346,"(8, 718, 10, 719)",100,8
22,130.0,60.0,1.0,3567.4814453125,34651.62392145673,"(60, 130, 61, 131)",76,23
22,176.6,64.2,5.0,5945.0556640625,173258.11960728368,"(63, 176, 66, 178)",88,6
22,1358.0,506.0,1.0,3654.6787109375,34651.62392145673,"(506, 1358, 507, 1359)",50,28
22,1360.5,506.0,2.0,4105.8681640625,69303.24784291346,"(506, 1360, 507, 1362)",50,28
22,1636.0,547.0,1.0,3654.6787109375,34651.62392145673,"(547, 1636, 548, 1637)",96,7
22,1635.0,551.0,1.0,3654.6787109375,34651.62392145673,"(551, 1635, 552, 1636)",96,7
22,1634.0,554.0,1.0,3741.8759765625,34651.62392145673,"(554, 1634, 555, 1635)",96,7
22,1633.0,558.5,2.0,3654.6787109375,69303.24784291346,"(558, 1633, 560, 1634)",96,7
22,681.0,1287.0,1.0,3567.4814453125,34651.62392145673,"(1287, 681, 1288, 682)",70,10
22,928.0,1448.0,1.0,3921.6357421875,34651.62392145673,"(1448, 928, 1449, 929)",103,6
22,932.5,1449.0,2.0,4198.4306640625,69303.24784291346,"(1449, 932, 1450, 934)",103,6
23,351.0,6.5,2.0,3831.99609375,69303.24784291346,"(6, 351, 8, 352)",0,25
23,717.5,9.0,6.0,5188.5439453125,207909.7435287404,"(8, 717, 11, 719)",100,8
23,176.0,64.5,2.0,4981.9609375,69303.24784291346,"(64, 176, 66, 177)",88,6
23,57.5,152.0,2.0,3831.99609375,69303.24784291346,"(152, 57, 153, 59)",90,24
23,1360.0,506.0,1.0,3654.7919921875,34651.62392145673,"(506, 1360, 507, 1361)",50,28
23,1635.0,555.5,2.0,3741.9951171875,69303.24784291346,"(555, 1635, 557, 1636)",96,7
23,1633.1666666666667,559.8333333333334,6.0,4012.931640625,207909.7435287404,"(558, 1632, 563, 1635)",96,7
23,1636.0,562.0,1.0,3567.5888671875,34651.62392145673,"(562, 1636, 563, 1637)",96,7
23,1225.0,910.0,1.0,3921.998046875,34651.62392145673,"(910, 1225, 911, 1226)",104,14
23,930.5,1448.3333333333333,6.0,4881.234375,207909.7435287404,"(1448, 928, 1450, 934)",103,6
24,351.57142857142856,2.5714285714285716,7.0,4013.01953125,242561.3674501971,"(0, 351, 6, 353)",0,25
24,716.6666666666666,8.333333333333334,3.0,4484.052734375,103954.8717643702,"(8, 716, 10, 718)",100,8
24,1544.0,238.0,1.0,3654.8134765625,34651.62392145673,"(238, 1544, 239, 1545)",68,21
24,1635.0,561.5,2.0,3654.8134765625,69303.24784291346,"(561, 1635, 563, 1636)",96,7
24,1634.0,565.5,2.0,3567.669921875,69303.24784291346,"(565, 1634, 567, 1635)",96,7
24,1635.0,570.0,3.0,3831.8525390625,103954.8717643702,"(569, 1635, 572, 1636)",96,7
24,921.0,666.0,1.0,3567.669921875,34651.62392145673,"(666, 921, 667, 922)",61,34
24,133.0,820.0,1.0,4387.2783203125,34651.62392145673,"(820, 133, 821, 134)",58,42
24,930.8571428571429,1448.7142857142858,7.0,6399.8359375,242561.3674501971,"(1448, 928, 1451, 934)",103,6
25,716.25,7.25,4.0,5085.01953125,138606.49568582693,"(6, 716, 9, 718)",100,8
25,1294.0,822.0,1.0,3567.5888671875,34651.62392145673,"(822, 1294, 823, 1295)",51,58
25,928.5,1447.0,2.0,4105.73046875,69303.24784291346,"(1447, 928, 1448, 930)",103,6
25,931.5,1448.0,2.0,4198.0634765625,69303.24784291346,"(1448, 931, 1449, 933)",103,6
26,716.0,7.5,6.0,5615.2568359375,207909.7435287404,"(6, 715, 10, 718)",100,8
26,1635.0,572.0,3.0,3831.7880859375,103954.8717643702,"(571, 1635, 574, 1636)",96,7
26,1635.0,575.0,1.0,3742.2646484375,34651.62392145673,"(575, 1635, 576, 1636)",96,7
26,1634.0,577.0,1.0,3567.4150390625,34651.62392145673,"(577, 1634, 578, 1635)",96,7
26,924.0,1447.0,1.0,3655.072265625,34651.62392145673,"(1447, 924, 1448, 925)",103,6
26,931.0,1448.0,1.0,3567.4150390625,34651.62392145673,"(1448, 931, 1449, 932)",103,6
27,716.25,6.25,4.0,4387.5771484375,138606.49568582693,"(5, 716, 8, 718)",100,8
27,1295.0,823.0,1.0,3742.2646484375,34651.62392145673,"(823, 1295, 824, 1296)",51,58
27,924.5,1447.0,2.0,4582.0107421875,69303.24784291346,"(1447, 924, 1448, 926)",103,6
28,1295.0,823.0,1.0,3567.5947265625,34651.62392145673,"(823, 1295, 824, 1296)",51,58
30,126.0,57.5,2.0,3921.861328125,69303.24784291346,"(57, 126, 59, 127)",76,23
30,128.0,61.0,1.0,3567.6494140625,34651.62392145673,"(61, 128, 62, 129)",76,23
30,1591.0,248.0,1.0,3655.0458984375,34651.62392145673,"(248, 1591, 249, 1592)",107,24
30,1817.0,2027.3333333333333,3.0,4679.763671875,103954.8717643702,"(2027, 1816, 2029, 1819)",46,47
30,1816.0,2030.5,2.0,4981.7216796875,69303.24784291346,"(2030, 1816, 2032, 1817)",46,47
31,141.5,85.0,4.0,4387.416015625,138606.49568582693,"(85, 140, 86, 144)",5,5
31,1591.0,249.0,3.0,4679.890625,103954.8717643702,"(248, 1591, 251, 1592)",107,24
31,112.0,834.0,1.0,4012.935546875,34651.62392145673,"(834, 112, 835, 113)",30,16
31,1817.0,2028.0,3.0,4198.2802734375,103954.8717643702,"(2027, 1816, 2030, 1819)",46,47
32,142.5,85.0,2.0,4105.796875,69303.24784291346,"(85, 142, 86, 144)",5,5
32,1879.0,488.0,1.0,4013.1767578125,34651.62392145673,"(488, 1879, 489, 1880)",108,47
32,1338.5,699.0,2.0,3567.4677734375,69303.24784291346,"(699, 1338, 700, 1340)",92,14
32,900.0,722.0,1.0,3654.9169921875,34651.62392145673,"(722, 900, 723, 901)",109,59
32,118.5,808.0,2.0,3654.9169921875,69303.24784291346,"(808, 118, 809, 120)",58,42
32,1816.3333333333333,2029.3333333333333,6.0,5945.0498046875,207909.7435287404,"(2027, 1816, 2032, 1818)",46,47
33,142.0,85.0,1.0,3742.1201171875,34651.62392145673,"(85, 142, 86, 143)",5,5
33,1338.0,699.0,1.0,3654.6591796875,34651.62392145673,"(699, 1338, 700, 1339)",92,14
33,1816.4444444444443,2029.4444444444443,9.0,6284.587890625,311864.6152931106,"(2027, 1815, 2033, 1819)",46,47
34,974.0,731.0,1.0,3567.5888671875,34651.62392145673,"(731, 974, 732, 975)",113,6
34,680.0,1286.0,1.0,3567.5888671875,34651.62392145673,"(1286, 680, 1287, 681)",70,10
34,1817.1818181818182,2030.909090909091,11.0,9063.2626953125,381167.86313602404,"(2028, 1816, 2034, 1819)",46,47
35,1817.4615384615386,2030.3076923076924,13.0,9063.126953125,450471.11097893753,"(2028, 1816, 2034, 1820)",46,47
36,1459.3333333333333,372.3333333333333,3.0,4105.8447265625,103954.8717643702,"(372, 1459, 374, 1461)",89,16
36,1817.4,2029.2,10.0,8519.9755859375,346516.23921456735,"(2027, 1816, 2032, 1819)",46,47
37,974.0,729.0,1.0,3567.8251953125,34651.62392145673,"(729, 974, 730, 975)",113,6
37,1294.0,822.0,1.0,3567.8251953125,34651.62392145673,"(822, 1294, 823, 1295)",51,58
37,55.0,942.0,1.0,3655.0458984375,34651.62392145673,"(942, 55, 943, 56)",60,21
37,1817.5,2029.25,8.0,9765.2421875,277212.99137165386,"(2027, 1817, 2032, 1819)",46,47
38,122.0,61.0,1.0,3567.4677734375,34651.62392145673,"(61, 122, 62, 123)",76,23
38,596.0,660.5,2.0,3741.8955078125,69303.24784291346,"(660, 596, 662, 597)",117,40
38,901.1428571428571,719.8571428571429,7.0,3921.9658203125,242561.3674501971,"(718, 900, 722, 903)",109,59
38,897.5,726.0,2.0,3654.9169921875,69303.24784291346,"(726, 897, 727, 899)",109,59
38,1293.5,821.5,2.0,3654.9169921875,69303.24784291346,"(821, 1293, 823, 1295)",51,58
38,1023.0,879.0,1.0,3567.4677734375,34651.62392145673,"(879, 1023, 880, 1024)",118,12
38,1183.5,924.0,2.0,4013.1767578125,69303.24784291346,"(924, 1183, 925, 1185)",119,17
38,1397.0,937.0,1.0,3567.4677734375,34651.62392145673,"(937, 1397, 938, 1398)",54,40
38,1816.625,2028.0,8.0,6170.724609375,277212.99137165386,"(2026, 1816, 2031, 1818)",46,47
39,121.0,61.0,1.0,3567.8251953125,34651.62392145673,"(61, 121, 62, 122)",76,23
39,1547.0,244.0,1.0,3655.0458984375,34651.62392145673,"(244, 1547, 245, 1548)",68,21
39,592.0,669.0,1.0,3655.0458984375,34651.62392145673,"(669, 592, 670, 593)",117,40
39,900.0,720.0,9.0,4198.2802734375,311864.6152931106,"(718, 899, 723, 902)",109,59
39,897.0,725.5,4.0,3742.2666015625,138606.49568582693,"(724, 896, 728, 899)",109,59
39,973.0,728.0,1.0,3567.8251953125,34651.62392145673,"(728, 973, 729, 974)",113,6
39,1293.0,822.0,1.0,3655.0458984375,34651.62392145673,"(822, 1293, 823, 1294)",51,58
39,1183.0,924.0,1.0,3742.2666015625,34651.62392145673,"(924, 1183, 925, 1184)",119,17
39,1815.9,2028.1,10.0,10053.44921875,346516.23921456735,"(2026, 1815, 2031, 1818)",46,47
40,1546.5,243.5,4.0,4582.0654296875,138606.49568582693,"(243, 1546, 245, 1548)",68,21
40,1367.0,705.5,2.0,3654.9169921875,69303.24784291346,"(705, 1367, 707, 1368)",63,15
40,899.0,720.0909090909091,11.0,4013.1767578125,381167.86313602404,"(718, 897, 724, 902)",109,59
40,972.0,728.0,1.0,3741.8955078125,34651.62392145673,"(728, 972, 729, 973)",113,6
40,893.25,732.75,4.0,3832.166015625,138606.49568582693,"(732, 893, 735, 895)",109,59
40,892.0,738.0,1.0,3741.8955078125,34651.62392145673,"(738, 892, 739, 893)",109,59
40,1196.0,858.0,1.0,3567.4677734375,34651.62392145673,"(858, 1196, 859, 1197)",52,10
40,1180.25,882.25,4.0,4105.796875,138606.49568582693,"(881, 1180, 884, 1182)",53,17
40,1815.3333333333333,2027.5555555555557,9.0,7865.16845703125,311864.6152931106,"(2026, 1814, 2030, 1817)",46,47
41,595.0,660.0,1.0,3567.6689453125,34651.62392145673,"(660, 595, 661, 596)",117,40
41,1367.3333333333333,706.3333333333334,3.0,4012.9658203125,103954.8717643702,"(706, 1367, 708, 1369)",63,15
41,900.125,720.5,8.0,4105.5986328125,277212.99137165386,"(718, 899, 724, 903)",109,59
41,897.0,727.0,3.0,3742.1201171875,103954.8717643702,"(726, 897, 729, 898)",109,59
41,973.0,729.0,1.0,3742.1201171875,34651.62392145673,"(729, 973, 730, 974)",113,6
41,1293.0,822.0,1.0,3567.6689453125,34651.62392145673,"(822, 1293, 823, 1294)",51,58
41,1181.0,867.0,1.0,3567.6689453125,34651.62392145673,"(867, 1181, 868, 1182)",125,6
41,1815.75,2028.5,8.0,6870.9501953125,277212.99137165386,"(2027, 1815, 2031, 1818)",46,47
42,1600.0,248.0,1.0,3654.9482421875,34651.62392145673,"(248, 1600, 249, 1601)",107,24
42,1739.0,335.0,1.0,3567.5146484375,34651.62392145673,"(335, 1739, 336, 1740)",14,37
42,582.0,672.0,1.0,3567.5146484375,34651.62392145673,"(672, 582, 673, 583)",117,40
42,1340.5,683.5,2.0,3741.912109375,69303.24784291346,"(683, 1340, 685, 1342)",92,14
42,900.6,720.9,10.0,3921.951171875,346516.23921456735,"(718, 899, 724, 903)",109,59
42,974.0,729.0,1.0,3654.9482421875,34651.62392145673,"(729, 974, 730, 975)",113,6
42,1046.0,925.0,1.0,3654.9482421875,34651.62392145673,"(925, 1046, 926, 1047)",35,36
42,59.0,939.0,1.0,3567.5146484375,34651.62392145673,"(939, 59, 940, 60)",60,21
42,1816.5,2028.8,10.0,8654.1923828125,346516.23921456735,"(2027, 1815, 2032, 1819)",46,47
43,1341.0,684.0,1.0,3654.9169921875,34651.62392145673,"(684, 1341, 685, 1342)",92,14
43,899.5714285714286,722.5714285714286,7.0,3741.8955078125,242561.3674501971,"(721, 899, 726, 902)",109,59
43,870.0,762.5,2.0,3832.166015625,69303.24784291346,"(762, 870, 764, 871)",127,10
43,1181.0,867.0,1.0,3654.9169921875,34651.62392145673,"(867, 1181, 868, 1182)",125,6
43,73.0,936.0,1.0,3741.8955078125,34651.62392145673,"(936, 73, 937, 74)",60,21
43,55.0,941.0,1.0,3567.4677734375,34651.62392145673,"(941, 55, 942, 56)",60,21
43,1010.0,1119.0,1.0,3567.4677734375,34651.62392145673,"(1119, 1010, 1120, 1011)",128,46
43,1816.375,2029.0,8.0,5833.6220703125,277212.99137165386,"(2027, 1815, 2032, 1818)",46,47
44,1599.0,251.0,1.0,3567.8251953125,34651.62392145673,"(251, 1599, 252, 1600)",107,24
44,1456.0,374.0,1.0,3655.0458984375,34651.62392145673,"(374, 1456, 375, 1457)",89,16
44,580.0,672.0,1.0,3567.8251953125,34651.62392145673,"(672, 580, 673, 581)",117,40
44,901.25,718.0,4.0,3831.857421875,138606.49568582693,"(717, 900, 720, 903)",109,59
44,898.5,722.5,4.0,3921.9228515625,138606.49568582693,"(721, 898, 725, 900)",109,59
44,893.0,735.0,1.0,3655.0458984375,34651.62392145673,"(735, 893, 736, 894)",109,59
44,1180.0,867.0,1.0,3567.8251953125,34651.62392145673,"(867, 1180, 868, 1181)",125,6
44,71.0,935.5,6.0,6991.7158203125,207909.7435287404,"(935, 70, 937, 73)",60,21
44,1009.0,1119.0,1.0,3831.857421875,34651.62392145673,"(1119, 1009, 1120, 1010)",128,46
44,800.5,1170.0,2.0,3567.8251953125,69303.24784291346,"(1170, 800, 1171, 802)",130,8
44,1815.5,2028.0,4.0,5188.5205078125,138606.49568582693,"(2027, 1815, 2030, 1817)",46,47
45,0.0,13.0,1.0,3654.9482421875,34651.62392145673,"(13, 0, 14, 1)",131,14
45,581.0,671.0,1.0,3741.912109375,34651.62392145673,"(671, 581, 672, 582)",117,40
45,902.5,716.5,2.0,3567.5146484375,69303.24784291346,"(716, 902, 718, 904)",109,59
45,898.6666666666666,723.0,3.0,3741.912109375,103954.8717643702,"(722, 898, 725, 900)",109,59
45,1183.0,924.0,1.0,3654.9482421875,34651.62392145673,"(924, 1183, 925, 1184)",119,17
45,1054.0,934.0,1.0,3567.5146484375,34651.62392145673,"(934, 1054, 935, 1055)",35,36
45,71.0,935.0,3.0,5945.15234375,103954.8717643702,"(935, 70, 936, 73)",60,21
45,1009.5,1118.0,2.0,3654.9482421875,69303.24784291346,"(1118, 1009, 1119, 1011)",128,46
45,1816.5,2027.0,2.0,4484.16015625,69303.24784291346,"(2027, 1816, 2028, 1818)",46,47
46,121.5,60.5,2.0,3741.8955078125,69303.24784291346,"(60, 121, 62, 123)",76,23
46,1527.0,234.0,1.0,3567.4677734375,34651.62392145673,"(234, 1527, 235, 1528)",132,23
46,1600.0,248.0,1.0,3654.9169921875,34651.62392145673,"(248, 1600, 249, 1601)",107,24
46,118.0,812.0,1.0,3567.4677734375,34651.62392145673,"(812, 118, 813, 119)",58,42
46,1055.0,935.0,1.0,3654.9169921875,34651.62392145673,"(935, 1055, 936, 1056)",35,36
46,1013.0,1122.0,1.0,3741.8955078125,34651.62392145673,"(1122, 1013, 1123, 1014)",128,46
46,1818.0,2028.0,1.0,4291.9794921875,34651.62392145673,"(2028, 1818, 2029, 1819)",46,47
47,0.3333333333333333,13.666666666666666,3.0,3655.072265625,103954.8717643702,"(13, 0, 15, 2)",131,14
47,597.3333333333334,661.6666666666666,3.0,4013.1650390625,103954.8717643702,"(661, 597, 663, 599)",117,40
47,1340.0,684.0,3.0,4105.486328125,103954.8717643702,"(683, 1340, 686, 1341)",92,14
47,1204.0,694.0,1.0,3567.4150390625,34651.62392145673,"(694, 1204, 695, 1205)",91,31
47,1426.0,698.5,2.0,4013.1650390625,69303.24784291346,"(698, 1426, 700, 1427)",134,5
47,1194.6666666666667,704.6666666666666,3.0,3831.7880859375,103954.8717643702,"(704, 1194, 706, 1196)",91,31
47,1195.0,707.0,1.0,3567.4150390625,34651.62392145673,"(707, 1195, 708, 1196)",91,31
47,900.0,722.5,2.0,3655.072265625,69303.24784291346,"(722, 900, 724, 901)",109,59
47,1011.0,1119.0,1.0,3567.4150390625,34651.62392145673,"(1119, 1011, 1120, 1012)",128,46
47,1013.0,1122.0,1.0,3567.4150390625,34651.62392145673,"(1122, 1013, 1123, 1014)",128,46
47,1816.6666666666667,2028.0,3.0,4582.0107421875,103954.8717643702,"(2027, 1816, 2030, 1818)",46,47
48,597.0,661.0,3.0,3654.7919921875,103954.8717643702,"(660, 597, 663, 598)",117,40
48,1203.0,694.0,1.0,3567.5888671875,34651.62392145673,"(694, 1203, 695, 1204)",91,31
48,1426.0,698.0,3.0,4981.9609375,103954.8717643702,"(697, 1426, 700, 1427)",134,5
48,1195.5,705.0,2.0,3567.5888671875,69303.24784291346,"(705, 1195, 706, 1197)",91,31
48,1817.0,2028.0,3.0,4679.7802734375,103954.8717643702,"(2027, 1817, 2030, 1818)",46,47
49,1599.0,251.0,1.0,3567.5888671875,34651.62392145673,"(251, 1599, 252, 1600)",107,24
49,597.1666666666666,661.1666666666666,6.0,3831.99609375,207909.7435287404,"(659, 596, 664, 599)",117,40
49,1426.0,697.5,2.0,3921.998046875,69303.24784291346,"(697, 1426, 699, 1427)",134,5
49,897.5,725.5,2.0,3654.7919921875,69303.24784291346,"(725, 897, 727, 899)",109,59
49,1181.0,867.0,1.0,3741.9951171875,34651.62392145673,"(867, 1181, 868, 1182)",125,6
49,1054.0,935.0,1.0,3567.5888671875,34651.62392145673,"(935, 1054, 936, 1055)",35,36
49,39.0,940.0,1.0,3654.7919921875,34651.62392145673,"(940, 39, 941, 40)",36,7
49,50.0,951.0,1.0,3741.9951171875,34651.62392145673,"(951, 50, 952, 51)",60,21
49,377.5,1747.5,2.0,4012.931640625,69303.24784291346,"(1747, 377, 1749, 379)",136,8
50,26.0,40.5,2.0,3831.7880859375,69303.24784291346,"(40, 26, 42, 27)",137,9
50,1599.0,271.0,1.0,3831.7880859375,34651.62392145673,"(271, 1599, 272, 1600)",107,24
50,596.9,661.2,10.0,4105.486328125,346516.23921456735,"(658, 596, 665, 599)",117,40
50,1199.0,694.5,2.0,3655.072265625,69303.24784291346,"(694, 1199, 696, 1200)",91,31
50,899.0,721.5,2.0,3831.7880859375,69303.24784291346,"(721, 899, 723, 900)",109,59
50,1209.0,875.0,1.0,3567.4150390625,34651.62392145673,"(875, 1209, 876, 1210)",138,9
50,1294.5,885.5,2.0,3655.072265625,69303.24784291346,"(885, 1294, 887, 1296)",65,48
50,1054.0,933.0,1.0,3567.4150390625,34651.62392145673,"(933, 1054, 934, 1055)",35,36
50,49.5,950.0,2.0,3742.2646484375,69303.24784291346,"(950, 49, 951, 51)",60,21
50,376.5,1745.5,2.0,4582.0107421875,69303.24784291346,"(1745, 376, 1747, 378)",136,8
50,386.6,1750.8,5.0,6056.3447265625,173258.11960728368,"(1750, 386, 1753, 388)",136,8
50,391.0,1757.0,1.0,3742.2646484375,34651.62392145673,"(1757, 391, 1758, 392)",136,8
50,388.5,1760.5,6.0,5398.9091796875,207909.7435287404,"(1759, 388, 1763, 390)",136,8
51,26.0,41.0,1.0,4292.26171875,34651.62392145673,"(41, 26, 42, 27)",137,9
51,1453.0,351.0,1.0,3567.5888671875,34651.62392145673,"(351, 1453, 352, 1454)",139,6
51,1422.0,381.8,5.0,4292.26171875,173258.11960728368,"(381, 1420, 384, 1425)",140,9
51,595.4,659.6,5.0,4198.0634765625,173258.11960728368,"(658, 595, 662, 597)",117,40
51,596.0,663.5,2.0,3741.9951171875,69303.24784291346,"(663, 596, 665, 597)",117,40
51,1199.0,694.5,4.0,3741.9951171875,138606.49568582693,"(694, 1198, 696, 1201)",91,31
51,1199.0,697.0,1.0,3567.5888671875,34651.62392145673,"(697, 1199, 698, 1200)",91,31
51,899.0,721.0,3.0,3831.99609375,103954.8717643702,"(720, 899, 723, 900)",109,59
51,891.3333333333334,739.6666666666666,3.0,3741.9951171875,103954.8717643702,"(739, 891, 741, 893)",109,59
51,888.0,750.0,1.0,3567.5888671875,34651.62392145673,"(750, 888, 751, 889)",109,59
51,868.5,762.0,2.0,3654.7919921875,69303.24784291346,"(762, 868, 763, 870)",127,10
51,1208.0,876.6666666666666,3.0,3831.99609375,103954.8717643702,"(876, 1207, 878, 1210)",138,9
51,1180.25,882.25,4.0,4105.73046875,138606.49568582693,"(881, 1180, 884, 1182)",53,17
51,1294.0,885.5,2.0,3831.99609375,69303.24784291346,"(885, 1294, 887, 1295)",65,48
51,1055.0,934.0,1.0,3567.5888671875,34651.62392145673,"(934, 1055, 935, 1056)",35,36
51,50.0,949.0,1.0,3831.99609375,34651.62392145673,"(949, 50, 950, 51)",60,21
51,1046.0,955.0,1.0,3567.5888671875,34651.62392145673,"(955, 1046, 956, 1047)",141,9
51,1011.0,1120.0,1.0,3654.7919921875,34651.62392145673,"(1120, 1011, 1121, 1012)",128,46
51,801.0,1168.1666666666667,6.0,4105.73046875,207909.7435287404,"(1167, 800, 1170, 803)",130,8
51,376.57142857142856,1746.4285714285713,7.0,6400.064453125,242561.3674501971,"(1744, 375, 1750, 379)",136,8
51,390.0,1758.0,3.0,3921.998046875,103954.8717643702,"(1757, 390, 1760, 391)",136,8
51,1816.0,2027.0,1.0,3654.7919921875,34651.62392145673,"(2027, 1816, 2028, 1817)",46,47
52,26.333333333333332,40.666666666666664,3.0,4013.2978515625,103954.8717643702,"(40, 26, 42, 28)",137,9
52,692.0,57.0,1.0,3567.5498046875,34651.62392145673,"(57, 692, 58, 693)",78,22
52,122.0,61.0,1.0,3567.5498046875,34651.62392145673,"(61, 122, 62, 123)",76,23
52,116.0,71.0,1.0,3567.5498046875,34651.62392145673,"(71, 116, 72, 117)",142,12
52,1456.0,373.0,1.0,3742.271484375,34651.62392145673,"(373, 1456, 374, 1457)",89,16
52,1419.5,382.5,2.0,3654.681640625,69303.24784291346,"(382, 1419, 384, 1421)",140,9
52,595.4,660.0,5.0,4105.474609375,173258.11960728368,"(658, 595, 663, 597)",117,40
52,598.0,666.0,1.0,3654.681640625,34651.62392145673,"(666, 598, 667, 599)",117,40
52,625.6666666666666,671.0,3.0,4013.2978515625,103954.8717643702,"(670, 625, 673, 627)",55,28
52,573.0,677.0,1.0,3567.5498046875,34651.62392145673,"(677, 573, 678, 574)",117,40
52,899.0,721.0,1.0,3832.1552734375,34651.62392145673,"(721, 899, 722, 900)",109,59
52,891.0,739.5,2.0,3742.271484375,69303.24784291346,"(739, 891, 741, 892)",109,59
52,941.0,746.0,1.0,3567.5498046875,34651.62392145673,"(746, 941, 747, 942)",143,19
52,868.0,762.0,1.0,3567.5498046875,34651.62392145673,"(762, 868, 763, 869)",127,10
52,1294.0,821.0,1.0,3832.1552734375,34651.62392145673,"(821, 1294, 822, 1295)",51,58
52,1208.25,876.0,4.0,3832.1552734375,138606.49568582693,"(875, 1208, 878, 1210)",138,9
52,1180.25,882.25,4.0,4292.1201171875,138606.49568582693,"(881, 1180, 884, 1182)",53,17
52,1137.3636363636363,893.8181818181819,11.0,4198.109375,381167.86313602404,"(893, 1134, 895, 1143)",144,11
52,1054.0,933.0,1.0,3567.5498046875,34651.62392145673,"(933, 1054, 934, 1055)",35,36
52,1010.5,1120.0,2.0,3567.5498046875,69303.24784291346,"(1120, 1010, 1121, 1012)",128,46
52,376.6666666666667,1747.5555555555557,9.0,5723.8349609375,311864.6152931106,"(1745, 375, 1752, 379)",136,8
52,384.0,1748.5,2.0,4780.517578125,69303.24784291346,"(1748, 384, 1750, 385)",136,8
52,381.7142857142857,1750.2857142857142,7.0,5293.2197265625,242561.3674501971,"(1749, 380, 1753, 384)",136,8
52,389.375,1757.0,8.0,4780.517578125,277212.99137165386,"(1754, 388, 1761, 391)",136,8
52,388.2307692307692,1762.8461538461538,13.0,4292.1201171875,450471.11097893753,"(1759, 387, 1768, 390)",136,8
52,1815.0,2027.0,1.0,3922.0390625,34651.62392145673,"(2027, 1815, 2028, 1816)",46,47
53,693.0,58.0,1.0,3655.072265625,34651.62392145673,"(58, 693, 59, 694)",78,22
53,1599.0,271.0,1.0,3567.4150390625,34651.62392145673,"(271, 1599, 272, 1600)",107,24
53,1454.0,350.0,1.0,3567.4150390625,34651.62392145673,"(350, 1454, 351, 1455)",139,6
53,595.0,659.5,2.0,4198.2734375,69303.24784291346,"(659, 595, 661, 596)",117,40
53,891.0,739.0,1.0,3567.4150390625,34651.62392145673,"(739, 891, 740, 892)",109,59
53,891.6666666666666,741.6666666666666,3.0,3742.2646484375,103954.8717643702,"(741, 891, 743, 893)",109,59
53,1208.6,876.8,5.0,3921.77734375,173258.11960728368,"(876, 1208, 879, 1210)",138,9
53,1055.0,934.0,1.0,3567.4150390625,34651.62392145673,"(934, 1055, 935, 1056)",35,36
53,384.0,1749.0,1.0,3921.77734375,34651.62392145673,"(1749, 384, 1750, 385)",136,8
53,381.8,1751.2,5.0,6515.6171875,173258.11960728368,"(1750, 381, 1753, 384)",136,8
53,390.7142857142857,1759.0,7.0,4881.353515625,242561.3674501971,"(1756, 390, 1763, 393)",136,8
53,388.85714285714283,1767.0,14.0,8255.724609375,485122.7349003942,"(1763, 387, 1772, 391)",136,8
53,392.0,1764.0,1.0,3567.4150390625,34651.62392145673,"(1764, 392, 1765, 393)",136,8
53,1816.0,2027.5,2.0,4291.9931640625,69303.24784291346,"(2027, 1816, 2029, 1817)",46,47
54,693.0,57.0,1.0,3567.7626953125,34651.62392145673,"(57, 693, 58, 694)",78,22
54,121.5,60.5,2.0,3921.912109375,69303.24784291346,"(60, 121, 62, 123)",76,23
54,116.0,73.0,1.0,3567.7626953125,34651.62392145673,"(73, 116, 74, 117)",142,12
54,1455.0,350.0,1.0,3921.912109375,34651.62392145673,"(350, 1455, 351, 1456)",139,6
54,1355.5454545454545,504.1818181818182,11.0,5085.1484375,381167.86313602404,"(504, 1352, 506, 1361)",50,28
54,898.0,725.0,1.0,3654.681640625,34651.62392145673,"(725, 898, 726, 899)",109,59
54,892.0,739.0,1.0,3742.0634765625,34651.62392145673,"(739, 892, 740, 893)",109,59
54,1208.8,876.8,5.0,4012.9921875,173258.11960728368,"(876, 1208, 879, 1211)",138,9
54,1055.0,934.0,1.0,3567.7626953125,34651.62392145673,"(934, 1055, 935, 1056)",35,36
54,385.5,1750.0,2.0,4198.388671875,69303.24784291346,"(1750, 385, 1751, 387)",136,8
54,388.2,1752.8,5.0,5188.2490234375,173258.11960728368,"(1752, 387, 1755, 390)",136,8
54,389.26666666666665,1768.3333333333333,15.0,6991.8203125,519774.35882185097,"(1765, 388, 1772, 392)",136,8
54,393.0,1766.5,2.0,3742.0634765625,69303.24784291346,"(1766, 393, 1768, 394)",136,8
55,1456.0,350.0,1.0,3741.9130859375,34651.62392145673,"(350, 1456, 351, 1457)",139,6
55,1354.7058823529412,504.52941176470586,17.0,6284.83203125,589077.6066647645,"(504, 1350, 506, 1360)",50,28
55,897.5,726.0,2.0,4012.9345703125,69303.24784291346,"(726, 897, 727, 899)",109,59
55,924.3,760.0,20.0,5293.1884765625,693032.4784291347,"(757, 922, 764, 927)",146,11
55,1293.0,822.0,1.0,3654.87890625,34651.62392145673,"(822, 1293, 823, 1294)",51,58
55,1231.4583333333333,904.7083333333334,24.0,5085.298828125,831638.9741149616,"(901, 1227, 910, 1238)",104,14
55,1183.5,924.5,6.0,4012.9345703125,207909.7435287404,"(924, 1182, 926, 1186)",119,17
55,1402.0,936.5,2.0,3567.8447265625,69303.24784291346,"(936, 1402, 938, 1403)",54,40
55,802.0,1162.0,1.0,3654.87890625,34651.62392145673,"(1162, 802, 1163, 803)",130,8
55,390.09090909090907,1754.8181818181818,11.0,8255.4931640625,381167.86313602404,"(1752, 389, 1759, 392)",136,8
55,393.0,1763.0,3.0,3832.103515625,103954.8717643702,"(1762, 393, 1765, 394)",136,8
55,390.2,1769.7,10.0,4484.1796875,346516.23921456735,"(1768, 389, 1773, 392)",136,8
56,1747.0,332.5,2.0,3567.4150390625,69303.24784291346,"(332, 1747, 334, 1748)",14,37
56,1457.0,349.0,1.0,3655.072265625,34651.62392145673,"(349, 1457, 350, 1458)",139,6
56,1355.2666666666667,504.46666666666664,15.0,6170.580078125,519774.35882185097,"(504, 1352, 506, 1360)",50,28
56,1208.0,694.0,1.0,3655.072265625,34651.62392145673,"(694, 1208, 695, 1209)",91,31
56,1205.142857142857,696.5714285714286,7.0,3655.072265625,242561.3674501971,"(696, 1203, 698, 1208)",91,31
56,891.6666666666666,740.6666666666666,3.0,3567.4150390625,103954.8717643702,"(740, 891, 742, 893)",109,59
56,1144.0,894.5,2.0,3567.4150390625,69303.24784291346,"(894, 1144, 896, 1145)",144,11
56,1228.2857142857142,907.2857142857143,7.0,4387.5771484375,242561.3674501971,"(906, 1227, 910, 1231)",104,14
56,1183.6666666666667,924.1111111111111,9.0,4881.353515625,311864.6152931106,"(923, 1182, 926, 1186)",119,17
56,390.125,1755.375,8.0,5085.1123046875,277212.99137165386,"(1753, 389, 1759, 392)",136,8
57,119.0,78.0,1.0,3654.7919921875,34651.62392145673,"(78, 119, 79, 120)",142,12
57,1457.0,348.0,1.0,3741.9951171875,34651.62392145673,"(348, 1457, 349, 1458)",139,6
57,1354.0,503.5,10.0,5833.9423828125,346516.23921456735,"(503, 1352, 505, 1357)",50,28
57,1204.6666666666667,696.6666666666666,3.0,3654.7919921875,103954.8717643702,"(696, 1204, 698, 1206)",91,31
57,1345.0,708.0,1.0,3567.5888671875,34651.62392145673,"(708, 1345, 709, 1346)",92,14
57,891.8571428571429,739.2857142857143,7.0,3741.9951171875,242561.3674501971,"(738, 891, 742, 894)",109,59
57,1207.5,876.0,2.0,3741.9951171875,69303.24784291346,"(876, 1207, 877, 1209)",138,9
57,1298.5,904.0,2.0,4198.0634765625,69303.24784291346,"(904, 1298, 905, 1300)",65,48
57,1227.7142857142858,906.7142857142857,7.0,4198.0634765625,242561.3674501971,"(905, 1226, 909, 1230)",104,14
57,801.2,1168.8,5.0,3921.998046875,173258.11960728368,"(1168, 800, 1171, 803)",130,8
58,115.0,75.0,1.0,3742.2646484375,34651.62392145673,"(75, 115, 76, 116)",142,12
58,1423.0,386.0,1.0,3742.2646484375,34651.62392145673,"(386, 1423, 387, 1424)",140,9
58,1359.5,503.0,2.0,3921.77734375,69303.24784291346,"(503, 1359, 504, 1361)",50,28
58,1202.0,696.0,1.0,3567.4150390625,34651.62392145673,"(696, 1202, 697, 1203)",91,31
58,899.0,723.0,1.0,3567.4150390625,34651.62392145673,"(723, 899, 724, 900)",109,59
58,1208.5,876.0,2.0,3742.2646484375,69303.24784291346,"(876, 1208, 877, 1210)",138,9
58,1180.6,882.8,5.0,4582.0107421875,173258.11960728368,"(882, 1180, 885, 1182)",53,17
58,1144.0,894.0,1.0,3567.4150390625,34651.62392145673,"(894, 1144, 895, 1145)",144,11
58,1400.0,931.0,1.0,3567.4150390625,34651.62392145673,"(931, 1400, 932, 1401)",54,40
59,119.0,78.0,1.0,3567.4150390625,34651.62392145673,"(78, 119, 79, 120)",142,12
59,121.0,79.0,1.0,3567.4150390625,34651.62392145673,"(79, 121, 80, 122)",142,12
59,123.0,81.0,1.0,3655.072265625,34651.62392145673,"(81, 123, 82, 124)",142,12
59,1657.0,358.0,1.0,3655.072265625,34651.62392145673,"(358, 1657, 359, 1658)",149,6
59,1358.0,504.5,6.0,4013.1650390625,207909.7435287404,"(504, 1357, 506, 1360)",50,28
59,1206.0,697.0,1.0,3655.072265625,34651.62392145673,"(697, 1206, 698, 1207)",91,31
59,924.6818181818181,760.3181818181819,22.0,4981.6005859375,762335.7262720481,"(756, 922, 766, 928)",146,11
59,118.0,812.0,1.0,3831.7880859375,34651.62392145673,"(812, 118, 813, 119)",58,42
59,1401.0,931.5,2.0,3655.072265625,69303.24784291346,"(931, 1401, 933, 1402)",54,40
59,65.5,947.0,2.0,3831.7880859375,69303.24784291346,"(947, 65, 948, 67)",60,21
60,120.0,4.0,1.0,3742.2646484375,34651.62392145673,"(4, 120, 5, 121)",47,17
60,1454.0,386.0,1.0,4013.1650390625,34651.62392145673,"(386, 1454, 387, 1455)",89,16
60,1470.0,724.0,1.0,3567.4150390625,34651.62392145673,"(724, 1470, 725, 1471)",152,6
60,121.5,802.5,8.0,5506.6171875,277212.99137165386,"(801, 120, 805, 124)",58,42
61,1423.0,388.0,1.0,3567.6689453125,34651.62392145673,"(388, 1423, 389, 1424)",140,9
61,625.4,672.8,5.0,4012.9658203125,173258.11960728368,"(672, 625, 675, 627)",55,28
61,1440.0,713.0,1.0,3921.7431640625,34651.62392145673,"(713, 1440, 714, 1441)",83,12
61,121.5,801.5,2.0,3831.931640625,69303.24784291346,"(801, 121, 803, 123)",58,42
61,1399.0,929.0,1.0,4105.5986328125,34651.62392145673,"(929, 1399, 930, 1400)",54,40
62,687.0,64.0,1.0,3567.6494140625,34651.62392145673,"(64, 687, 65, 688)",78,22
62,625.0,672.0,5.0,3741.98046875,173258.11960728368,"(671, 624, 674, 627)",55,28
62,1440.0,711.0,1.0,4198.38671875,34651.62392145673,"(711, 1440, 712, 1441)",83,12
62,1180.857142857143,882.5714285714286,7.0,4582.193359375,242561.3674501971,"(881, 1180, 885, 1183)",53,17
63,61.666666666666664,147.33333333333334,3.0,3831.99609375,103954.8717643702,"(147, 61, 149, 63)",90,24
63,1585.0,256.0,1.0,3567.5888671875,34651.62392145673,"(256, 1585, 257, 1586)",107,24
63,625.0,605.0,1.0,3567.5888671875,34651.62392145673,"(605, 625, 606, 626)",156,25
63,597.0,665.0,1.0,3567.5888671875,34651.62392145673,"(665, 597, 666, 598)",117,40
63,589.3333333333334,669.6666666666666,3.0,3741.9951171875,103954.8717643702,"(669, 589, 671, 591)",117,40
63,574.0,680.0,1.0,3741.9951171875,34651.62392145673,"(680, 574, 681, 575)",117,40
63,1207.5,693.0,2.0,3654.7919921875,69303.24784291346,"(693, 1207, 694, 1209)",91,31
63,1204.5,694.5,2.0,3741.9951171875,69303.24784291346,"(694, 1204, 696, 1206)",91,31
63,1342.3333333333333,697.6666666666666,3.0,3921.998046875,103954.8717643702,"(697, 1342, 699, 1344)",92,14
63,1345.0,706.0,1.0,3567.5888671875,34651.62392145673,"(706, 1345, 707, 1346)",92,14
63,1439.6666666666667,710.3333333333334,3.0,4387.392578125,103954.8717643702,"(710, 1439, 712, 1441)",83,12
63,902.0,715.0,1.0,3567.5888671875,34651.62392145673,"(715, 902, 716, 903)",109,59
63,128.0,820.0,1.0,4292.26171875,34651.62392145673,"(820, 128, 821, 129)",58,42
63,1180.4285714285713,881.7142857142857,7.0,4483.9228515625,242561.3674501971,"(880, 1180, 884, 1182)",53,17
63,1294.0,885.0,1.0,3654.7919921875,34651.62392145673,"(885, 1294, 886, 1295)",65,48
63,1183.0,924.0,1.0,3921.998046875,34651.62392145673,"(924, 1183, 925, 1184)",119,17
63,802.0,1167.0,1.0,3567.5888671875,34651.62392145673,"(1167, 802, 1168, 803)",130,8
64,1435.0,377.0,1.0,3567.4150390625,34651.62392145673,"(377, 1435, 378, 1436)",140,9
64,1342.0,690.0,1.0,3567.4150390625,34651.62392145673,"(690, 1342, 691, 1343)",92,14
64,1208.0,692.5,4.0,3567.4150390625,138606.49568582693,"(691, 1207, 695, 1210)",91,31
64,1205.0,694.0,1.0,3567.4150390625,34651.62392145673,"(694, 1205, 695, 1206)",91,31
64,1440.6666666666667,708.6666666666666,3.0,4292.302734375,103954.8717643702,"(708, 1440, 710, 1442)",83,12
64,902.0,717.0,1.0,3567.4150390625,34651.62392145673,"(717, 902, 718, 903)",109,59
64,888.0,750.0,1.0,3567.4150390625,34651.62392145673,"(750, 888, 751, 889)",109,59
64,1180.5,881.5,6.0,4292.302734375,207909.7435287404,"(880, 1180, 884, 1182)",53,17
64,1143.3333333333333,883.3333333333334,3.0,4013.080078125,103954.8717643702,"(883, 1143, 885, 1145)",144,11
64,802.0,1167.0,1.0,3654.728515625,34651.62392145673,"(1167, 802, 1168, 803)",130,8
65,626.0,606.3333333333334,3.0,3654.681640625,103954.8717643702,"(606, 625, 608, 628)",156,25
65,645.0,678.6666666666666,3.0,3831.7568359375,103954.8717643702,"(678, 644, 680, 647)",159,6
65,1209.0,693.0,1.0,3742.0634765625,34651.62392145673,"(693, 1209, 694, 1210)",91,31
65,902.0,717.0,3.0,3567.7626953125,103954.8717643702,"(716, 901, 719, 904)",109,59
65,899.0,721.0,1.0,3567.7626953125,34651.62392145673,"(721, 899, 722, 900)",109,59
65,1180.7142857142858,882.8571428571429,7.0,4105.458984375,242561.3674501971,"(881, 1180, 886, 1183)",53,17
66,1206.3333333333333,697.5,6.0,3831.755859375,207909.7435287404,"(696, 1205, 700, 1208)",91,31
66,902.75,716.25,4.0,3742.00390625,138606.49568582693,"(715, 902, 718, 904)",109,59
66,1295.0,821.0,1.0,3567.4609375,34651.62392145673,"(821, 1295, 822, 1296)",51,58
66,801.6666666666666,1168.6666666666667,3.0,3654.9580078125,103954.8717643702,"(1168, 801, 1170, 803)",130,8
67,1526.6666666666667,245.33333333333334,3.0,3921.6728515625,103954.8717643702,"(245, 1526, 247, 1528)",132,23
67,625.0,630.0,1.0,3567.4150390625,34651.62392145673,"(630, 625, 631, 626)",161,19
67,624.3333333333334,673.3333333333334,3.0,3742.04296875,103954.8717643702,"(673, 624, 675, 626)",55,28
67,646.0,679.0,1.0,3742.04296875,34651.62392145673,"(679, 646, 680, 647)",159,6
67,1206.5,696.75,4.0,3832.0849609375,138606.49568582693,"(696, 1205, 698, 1209)",91,31
67,1296.0,821.0,1.0,3567.4150390625,34651.62392145673,"(821, 1296, 822, 1297)",51,58
68,1526.25,245.0,4.0,4387.392578125,138606.49568582693,"(244, 1526, 247, 1528)",132,23
68,1603.0,262.5,2.0,3831.99609375,69303.24784291346,"(262, 1603, 264, 1604)",107,24
68,1205.2,696.4,5.0,3921.998046875,173258.11960728368,"(696, 1204, 698, 1207)",91,31
68,902.2,717.2,5.0,3741.9951171875,173258.11960728368,"(716, 901, 719, 904)",109,59
68,120.0,792.5,2.0,4981.9609375,69303.24784291346,"(792, 120, 794, 121)",58,42
68,1293.5,820.75,4.0,3741.9951171875,138606.49568582693,"(820, 1292, 822, 1296)",51,58
69,123.0,82.0,1.0,3654.849609375,34651.62392145673,"(82, 123, 83, 124)",142,12
69,55.0,149.5,2.0,3831.7568359375,69303.24784291346,"(149, 55, 151, 56)",90,24
69,1525.0,247.0,1.0,3567.50390625,34651.62392145673,"(247, 1525, 248, 1526)",132,23
69,1360.0,503.0,3.0,4198.4296875,103954.8717643702,"(503, 1359, 504, 1362)",50,28
69,623.0,674.0,1.0,3567.50390625,34651.62392145673,"(674, 623, 675, 624)",55,28
69,901.8,717.6,5.0,4198.4296875,173258.11960728368,"(716, 901, 720, 904)",109,59
69,893.3181818181819,735.7121212121212,66.0,4387.30859375,2287007.1788161444,"(721, 888, 748, 900)",109,59
69,1292.6666666666667,821.3333333333334,3.0,4198.4296875,103954.8717643702,"(821, 1292, 823, 1294)",51,58
69,1180.4,882.8,5.0,4198.4296875,173258.11960728368,"(882, 1180, 885, 1182)",53,17
69,1140.0,915.0,1.0,3567.50390625,34651.62392145673,"(915, 1140, 916, 1141)",73,10
69,1142.0,915.0,1.0,3567.50390625,34651.62392145673,"(915, 1142, 916, 1143)",73,10
70,56.666666666666664,149.66666666666666,3.0,4292.26171875,103954.8717643702,"(149, 56, 151, 58)",90,24
70,1544.0,230.5,2.0,3831.99609375,69303.24784291346,"(230, 1544, 232, 1545)",68,21
70,1208.1818181818182,692.2727272727273,22.0,4105.73046875,762335.7262720481,"(689, 1205, 696, 1213)",91,31
70,1207.0,696.0,1.0,3741.9951171875,34651.62392145673,"(696, 1207, 697, 1208)",91,31
70,897.1666666666666,727.1666666666666,18.0,4198.0634765625,623729.2305862212,"(723, 896, 732, 901)",109,59
70,121.0,793.0,1.0,3654.7919921875,34651.62392145673,"(793, 121, 794, 122)",58,42
70,1293.5,821.5,2.0,3921.998046875,69303.24784291346,"(821, 1293, 823, 1295)",51,58
71,59.0,144.0,1.0,3831.822265625,34651.62392145673,"(144, 59, 145, 60)",90,24
71,56.9,150.1,10.0,6633.5908203125,346516.23921456735,"(148, 55, 153, 60)",90,24
71,624.0,675.0,1.0,3567.4951171875,34651.62392145673,"(675, 624, 676, 625)",55,28
71,930.0,746.0,1.0,3654.671875,34651.62392145673,"(746, 930, 747, 931)",143,19
71,122.0,793.0,1.0,3831.822265625,34651.62392145673,"(793, 122, 794, 123)",58,42
72,56.6,150.0,10.0,6515.46484375,346516.23921456735,"(148, 54, 152, 59)",90,24
72,1592.0,265.5,2.0,4780.361328125,69303.24784291346,"(265, 1592, 267, 1593)",107,24
72,645.0,678.0,1.0,3567.6689453125,34651.62392145673,"(678, 645, 679, 646)",159,6
72,1141.0,915.0,1.0,3654.6591796875,34651.62392145673,"(915, 1141, 916, 1142)",73,10
73,59.0,143.0,1.0,3741.98046875,34651.62392145673,"(143, 59, 144, 60)",90,24
73,55.84615384615385,150.07692307692307,13.0,10345.7646484375,450471.11097893753,"(148, 54, 153, 59)",90,24
73,1592.0,265.0,1.0,3921.861328125,34651.62392145673,"(265, 1592, 266, 1593)",107,24
73,901.6666666666666,719.1111111111111,9.0,4012.95703125,311864.6152931106,"(717, 900, 722, 904)",109,59
73,897.3333333333334,727.4444444444445,18.0,4105.4404296875,623729.2305862212,"(724, 896, 732, 900)",109,59
73,920.5,738.0,2.0,3567.6494140625,69303.24784291346,"(738, 920, 739, 922)",143,19
74,26.5,40.75,4.0,3654.681640625,138606.49568582693,"(40, 26, 43, 28)",137,9
74,56.333333333333336,148.88888888888889,9.0,5188.203125,311864.6152931106,"(146, 54, 152, 59)",90,24
74,1591.0,265.0,1.0,3742.271484375,34651.62392145673,"(265, 1591, 266, 1592)",107,24
74,1209.0,693.0,1.0,3654.681640625,34651.62392145673,"(693, 1209, 694, 1210)",91,31
74,900.375,719.75,8.0,4013.2978515625,277212.99137165386,"(717, 899, 723, 903)",109,59
74,896.0,728.3888888888889,18.0,4013.2978515625,623729.2305862212,"(725, 894, 734, 898)",109,59
74,919.5,738.0,2.0,3654.681640625,69303.24784291346,"(738, 919, 739, 921)",143,19
74,1142.0,914.0,1.0,3832.1552734375,34651.62392145673,"(914, 1142, 915, 1143)",73,10
75,121.0,79.0,1.0,3567.4150390625,34651.62392145673,"(79, 121, 80, 122)",142,12
75,57.42857142857143,146.28571428571428,7.0,7235.9990234375,242561.3674501971,"(145, 57, 149, 59)",90,24
75,1446.5,148.0,2.0,3742.2646484375,69303.24784291346,"(148, 1446, 149, 1448)",95,10
75,54.2,150.2,5.0,5615.2568359375,173258.11960728368,"(149, 53, 152, 56)",90,24
75,1742.0,335.0,1.0,3567.4150390625,34651.62392145673,"(335, 1742, 336, 1743)",14,37
75,626.5,605.75,4.0,3742.2646484375,138606.49568582693,"(605, 625, 607, 629)",156,25
75,572.0,679.0,1.0,3567.4150390625,34651.62392145673,"(679, 572, 680, 573)",117,40
75,1205.0,694.0,1.0,3567.4150390625,34651.62392145673,"(694, 1205, 695, 1206)",91,31
75,902.0,716.0,1.0,3655.072265625,34651.62392145673,"(716, 902, 717, 903)",109,59
75,900.0,719.3333333333334,9.0,3831.7880859375,311864.6152931106,"(718, 899, 722, 902)",109,59
75,895.7777777777778,727.1666666666666,18.0,4198.2734375,623729.2305862212,"(723, 894, 732, 899)",109,59
75,893.6666666666666,735.0,3.0,3655.072265625,103954.8717643702,"(734, 893, 737, 895)",109,59
75,104.0,856.0,1.0,5293.06640625,34651.62392145673,"(856, 104, 857, 105)",173,7
75,1180.6,881.8,5.0,4291.9931640625,173258.11960728368,"(881, 1180, 884, 1182)",53,17
75,1143.6666666666667,883.6666666666666,6.0,4291.9931640625,207909.7435287404,"(883, 1143, 886, 1146)",144,11
76,57.5,146.5,2.0,4483.802734375,69303.24784291346,"(146, 57, 148, 59)",90,24
76,1446.0,148.0,1.0,3654.9169921875,34651.62392145673,"(148, 1446, 149, 1447)",95,10
76,54.0,150.0,1.0,4582.0654296875,34651.62392145673,"(150, 54, 151, 55)",90,24
76,1436.6666666666667,155.33333333333334,3.0,3741.8955078125,103954.8717643702,"(155, 1436, 157, 1438)",95,10
76,1345.5,710.5,4.0,3832.166015625,138606.49568582693,"(710, 1345, 712, 1347)",92,14
76,902.0,715.0,1.0,3567.4677734375,34651.62392145673,"(715, 902, 716, 903)",109,59
76,899.8888888888889,718.7777777777778,9.0,3832.166015625,311864.6152931106,"(717, 898, 722, 903)",109,59
76,893.0,732.0,1.0,3567.4677734375,34651.62392145673,"(732, 893, 733, 894)",109,59
76,119.0,824.0,1.0,3567.4677734375,34651.62392145673,"(824, 119, 825, 120)",58,42
76,104.5,856.0,2.0,4105.796875,69303.24784291346,"(856, 104, 857, 106)",173,7
76,1180.0,881.6666666666666,6.0,4387.4208984375,207909.7435287404,"(880, 1179, 884, 1182)",53,17
76,1143.111111111111,883.7777777777778,9.0,4483.802734375,311864.6152931106,"(883, 1142, 886, 1146)",144,11
77,56.4,148.8,5.0,4105.8447265625,173258.11960728368,"(147, 55, 151, 58)",90,24
77,1446.0,148.0,1.0,3742.2666015625,34651.62392145673,"(148, 1446, 149, 1447)",95,10
77,1441.0,157.0,1.0,3567.8251953125,34651.62392145673,"(157, 1441, 158, 1442)",95,10
77,1603.0,262.0,1.0,3742.2666015625,34651.62392145673,"(262, 1603, 263, 1604)",107,24
77,1359.0,503.0,1.0,3655.0458984375,34651.62392145673,"(503, 1359, 504, 1360)",50,28
77,624.0,605.0,1.0,3567.8251953125,34651.62392145673,"(605, 624, 606, 625)",156,25
77,626.0,605.0,1.0,3655.0458984375,34651.62392145673,"(605, 626, 606, 627)",156,25
77,913.0,668.0,1.0,3567.8251953125,34651.62392145673,"(668, 913, 669, 914)",61,34
77,900.1428571428571,719.8571428571429,7.0,3831.857421875,242561.3674501971,"(718, 899, 723, 902)",109,59
77,896.1052631578947,728.0,19.0,3921.9228515625,658380.854507678,"(724, 894, 733, 899)",109,59
77,1180.6666666666667,882.5,6.0,4484.1171875,207909.7435287404,"(881, 1180, 885, 1182)",53,17
77,1284.0,905.0,1.0,3567.8251953125,34651.62392145673,"(905, 1284, 906, 1285)",65,48
77,1010.0,1130.0,1.0,3655.0458984375,34651.62392145673,"(1130, 1010, 1131, 1011)",128,46
78,55.2,151.0,5.0,5292.9287109375,173258.11960728368,"(150, 54, 153, 57)",90,24
78,1441.0,157.0,1.0,3832.15234375,34651.62392145673,"(157, 1441, 158, 1442)",95,10
78,1600.0,256.0,1.0,3567.6494140625,34651.62392145673,"(256, 1600, 257, 1601)",107,24
78,1603.0,262.0,1.0,3567.6494140625,34651.62392145673,"(262, 1603, 263, 1604)",107,24
78,627.5,605.5,2.0,3741.98046875,69303.24784291346,"(605, 627, 607, 629)",156,25
78,914.0,667.0,1.0,3655.0458984375,34651.62392145673,"(667, 914, 668, 915)",61,34
78,901.3333333333334,718.3333333333334,3.0,3832.15234375,103954.8717643702,"(718, 901, 720, 903)",109,59
78,896.8235294117648,727.4117647058823,17.0,4012.95703125,589077.6066647645,"(723, 895, 732, 899)",109,59
78,929.0,745.0,1.0,4105.4404296875,34651.62392145673,"(745, 929, 746, 930)",143,19
78,1024.3333333333333,879.3333333333334,3.0,3921.861328125,103954.8717643702,"(879, 1024, 881, 1026)",118,12
78,1285.0,905.0,1.0,3655.0458984375,34651.62392145673,"(905, 1285, 906, 1286)",65,48
78,1049.0,952.0,1.0,3567.6494140625,34651.62392145673,"(952, 1049, 953, 1050)",141,9
78,1006.5,1130.0,2.0,3567.6494140625,69303.24784291346,"(1130, 1006, 1131, 1008)",128,46
78,998.0,1131.0,1.0,3567.6494140625,34651.62392145673,"(1131, 998, 1132, 999)",128,46
78,1001.0,1131.0,1.0,3567.6494140625,34651.62392145673,"(1131, 1001, 1132, 1002)",128,46
79,54.0,140.0,1.0,3654.681640625,34651.62392145673,"(140, 54, 141, 55)",90,24
79,57.5,146.5,2.0,3654.681640625,69303.24784291346,"(146, 57, 148, 59)",90,24
79,55.5,152.0,2.0,3567.5498046875,69303.24784291346,"(152, 55, 153, 57)",90,24
79,1600.0,256.5,2.0,3654.681640625,69303.24784291346,"(256, 1600, 258, 1601)",107,24
79,896.8421052631579,728.8421052631579,19.0,4387.5068359375,658380.854507678,"(724, 895, 734, 899)",109,59
79,120.0,824.0,1.0,3654.681640625,34651.62392145673,"(824, 120, 825, 121)",58,42
79,1286.0,905.0,1.0,3742.271484375,34651.62392145673,"(905, 1286, 906, 1287)",65,48
79,1142.0,914.0,1.0,3567.5498046875,34651.62392145673,"(914, 1142, 915, 1143)",73,10
79,1049.0,952.0,1.0,3654.681640625,34651.62392145673,"(952, 1049, 953, 1050)",141,9
79,1001.0,1131.0,3.0,3567.5498046875,103954.8717643702,"(1131, 1000, 1132, 1003)",128,46
80,0.0,136.0,1.0,3742.1220703125,34651.62392145673,"(136, 0, 137, 1)",177,7
80,53.0,154.0,8.0,5084.998046875,277212.99137165386,"(153, 52, 157, 56)",90,24
80,901.8333333333334,718.8333333333334,6.0,3742.1220703125,207909.7435287404,"(718, 901, 721, 904)",109,59
80,896.7058823529412,728.0588235294117,17.0,4198.193359375,589077.6066647645,"(724, 896, 733, 899)",109,59
80,121.0,823.0,1.0,3567.7861328125,34651.62392145673,"(823, 121, 824, 122)",58,42
80,107.0,867.0,1.0,3742.1220703125,34651.62392145673,"(867, 107, 868, 108)",173,7
81,118.0,77.0,1.0,3567.669921875,34651.62392145673,"(77, 118, 78, 119)",142,12
81,1437.0,151.0,1.0,3567.669921875,34651.62392145673,"(151, 1437, 152, 1438)",95,10
81,51.76923076923077,156.8846153846154,26.0,6633.2880859375,900942.2219578751,"(153, 50, 163, 54)",90,24
81,1830.0,353.0,1.0,3567.669921875,34651.62392145673,"(353, 1830, 354, 1831)",69,26
81,625.0,605.0,1.0,3567.669921875,34651.62392145673,"(605, 625, 606, 626)",156,25
81,901.3333333333334,717.6666666666666,3.0,3741.95703125,103954.8717643702,"(717, 901, 719, 903)",109,59
81,901.0,720.0,1.0,3567.669921875,34651.62392145673,"(720, 901, 721, 902)",109,59
81,1384.5,721.0,4.0,5615.0849609375,138606.49568582693,"(720, 1384, 723, 1386)",63,15
81,1207.0,876.0,1.0,3567.669921875,34651.62392145673,"(876, 1207, 877, 1208)",138,9
81,17.0,942.0,1.0,3567.669921875,34651.62392145673,"(942, 17, 943, 18)",36,7
82,53.6,142.4,5.0,5188.623046875,173258.11960728368,"(141, 53, 145, 55)",90,24
82,1437.0,152.0,1.0,3567.4150390625,34651.62392145673,"(152, 1437, 153, 1438)",95,10
82,51.333333333333336,156.83333333333334,6.0,4198.2734375,207909.7435287404,"(155, 51, 159, 53)",90,24
82,1743.0,334.0,1.0,3655.072265625,34651.62392145673,"(334, 1743, 335, 1744)",14,37
82,615.5,635.0,2.0,3655.072265625,69303.24784291346,"(635, 615, 636, 617)",180,7
82,1429.0,696.0,1.0,3567.4150390625,34651.62392145673,"(696, 1429, 697, 1430)",134,5
82,901.25,718.5,4.0,3742.2646484375,138606.49568582693,"(717, 901, 721, 903)",109,59
82,1385.0,721.0,1.0,4105.486328125,34651.62392145673,"(721, 1385, 722, 1386)",63,15
82,896.2380952380952,728.1904761904761,21.0,4105.486328125,727684.1023505913,"(724, 895, 733, 899)",109,59
82,893.5,735.5,2.0,3655.072265625,69303.24784291346,"(735, 893, 737, 895)",109,59
82,1295.0,821.0,1.0,3742.2646484375,34651.62392145673,"(821, 1295, 822, 1296)",51,58
82,1206.0,875.0,1.0,3567.4150390625,34651.62392145673,"(875, 1206, 876, 1207)",138,9
82,1286.25,904.25,4.0,4105.486328125,138606.49568582693,"(903, 1286, 906, 1288)",65,48
82,17.5,942.0,2.0,3742.2646484375,69303.24784291346,"(942, 17, 943, 19)",36,7
83,54.75,143.0,4.0,6633.5830078125,138606.49568582693,"(142, 54, 145, 56)",90,24
83,1287.3333333333333,905.6666666666666,3.0,4291.9931640625,103954.8717643702,"(905, 1287, 907, 1289)",65,48
83,1183.0,925.0,1.0,3655.072265625,34651.62392145673,"(925, 1183, 926, 1184)",119,17
84,54.5,143.0,2.0,4198.2734375,69303.24784291346,"(143, 54, 144, 56)",90,24
84,55.0,146.0,1.0,3567.4150390625,34651.62392145673,"(146, 55, 147, 56)",90,24
84,1542.0,231.0,1.0,3655.072265625,34651.62392145673,"(231, 1542, 232, 1543)",68,21
84,913.0,669.0,1.0,3567.4150390625,34651.62392145673,"(669, 913, 670, 914)",61,34
84,117.66666666666667,736.6666666666666,3.0,3831.7880859375,103954.8717643702,"(736, 117, 738, 119)",182,20
84,956.0,750.0,1.0,3742.2646484375,34651.62392145673,"(750, 956, 751, 957)",183,7
84,1287.0,906.5,2.0,4198.2734375,69303.24784291346,"(906, 1287, 908, 1288)",65,48
84,1141.0,916.0,1.0,3567.4150390625,34651.62392145673,"(916, 1141, 917, 1142)",73,10
84,1183.0,925.0,1.0,3742.2646484375,34651.62392145673,"(925, 1183, 926, 1184)",119,17
84,169.0,1614.0,1.0,4291.9931640625,34651.62392145673,"(1614, 169, 1615, 170)",184,45
85,55.0,144.5,2.0,3654.728515625,69303.24784291346,"(144, 55, 146, 56)",90,24
85,1542.0,230.0,1.0,4292.302734375,34651.62392145673,"(230, 1542, 231, 1543)",68,21
85,1739.0,329.5,2.0,3742.04296875,69303.24784291346,"(329, 1739, 331, 1740)",14,37
85,1831.0,352.0,1.0,3742.04296875,34651.62392145673,"(352, 1831, 353, 1832)",69,26
85,1656.0,357.5,2.0,3832.0849609375,69303.24784291346,"(357, 1656, 359, 1657)",149,6
85,914.0,668.0,1.0,3832.0849609375,34651.62392145673,"(668, 914, 669, 915)",61,34
85,574.0,680.0,1.0,3654.728515625,34651.62392145673,"(680, 574, 681, 575)",117,40
85,956.0,748.75,4.0,4198.1669921875,138606.49568582693,"(748, 955, 750, 958)",183,7
85,121.0,817.0,1.0,3742.04296875,34651.62392145673,"(817, 121, 818, 122)",58,42
85,107.0,866.5,4.0,4198.1669921875,138606.49568582693,"(866, 106, 868, 109)",173,7
85,1286.0,906.0,1.0,3567.4150390625,34651.62392145673,"(906, 1286, 907, 1287)",65,48
85,1140.375,915.1875,16.0,4105.8505859375,554425.9827433077,"(914, 1136, 917, 1147)",73,10
86,55.0,144.0,3.0,4582.009765625,103954.8717643702,"(143, 55, 146, 56)",90,24
86,1541.6666666666667,230.33333333333334,3.0,3741.8759765625,103954.8717643702,"(230, 1541, 232, 1543)",68,21
86,1656.0,357.0,1.0,3741.8759765625,34651.62392145673,"(357, 1656, 358, 1657)",149,6
86,626.0,606.0,1.0,3654.8291015625,34651.62392145673,"(606, 626, 607, 627)",156,25
86,913.0,668.0,1.0,3654.8291015625,34651.62392145673,"(668, 913, 669, 914)",61,34
86,900.0,722.0,1.0,3654.8291015625,34651.62392145673,"(722, 900, 723, 901)",109,59
86,896.3888888888889,728.7777777777778,18.0,4680.046875,623729.2305862212,"(725, 895, 734, 898)",109,59
86,892.5,738.0,2.0,3567.7822265625,69303.24784291346,"(738, 892, 739, 894)",109,59
86,956.0,747.5,2.0,4387.25390625,69303.24784291346,"(747, 956, 749, 957)",183,7
86,106.0,866.5,6.0,4780.72265625,207909.7435287404,"(865, 105, 869, 108)",173,7
86,1181.0,867.0,1.0,3567.7822265625,34651.62392145673,"(867, 1181, 868, 1182)",125,6
86,1140.0,915.0,1.0,3567.7822265625,34651.62392145673,"(915, 1140, 916, 1141)",73,10
87,7.0,6.0,1.0,3567.7578125,34651.62392145673,"(6, 7, 7, 8)",131,14
87,133.0,10.0,1.0,4013.00830078125,34651.62392145673,"(10, 133, 11, 134)",47,17
87,117.5,76.5,2.0,3742.16455078125,69303.24784291346,"(76, 117, 78, 119)",142,12
87,1742.6666666666667,332.6666666666667,3.0,3742.16455078125,103954.8717643702,"(332, 1742, 334, 1744)",14,37
87,615.7692307692307,634.3846153846154,13.0,4981.7734375,450471.11097893753,"(633, 613, 637, 620)",180,7
87,597.0,656.0,1.0,3567.7578125,34651.62392145673,"(656, 597, 657, 598)",117,40
87,911.5,666.5,2.0,3831.85986328125,69303.24784291346,"(666, 911, 668, 913)",61,34
87,1344.625,706.25,8.0,4387.32373046875,277212.99137165386,"(704, 1344, 709, 1347)",92,14
87,917.0,706.0,1.0,3567.7578125,34651.62392145673,"(706, 917, 707, 918)",109,59
87,903.0,714.0,1.0,3567.7578125,34651.62392145673,"(714, 903, 715, 904)",109,59
87,892.5,734.5,2.0,3567.7578125,69303.24784291346,"(734, 892, 736, 894)",109,59
87,926.8333333333334,746.1666666666666,6.0,4013.00830078125,207909.7435287404,"(745, 926, 748, 929)",143,19
87,955.0,746.0,1.0,3921.84765625,34651.62392145673,"(746, 955, 747, 956)",183,7
87,1194.1666666666667,860.1666666666666,6.0,3921.84765625,207909.7435287404,"(859, 1193, 862, 1196)",52,10
87,105.0,865.0,1.0,3921.84765625,34651.62392145673,"(865, 105, 866, 106)",173,7
87,1180.875,882.375,8.0,4679.8583984375,277212.99137165386,"(881, 1180, 885, 1183)",53,17
87,1142.923076923077,883.6153846153846,13.0,4881.23291015625,450471.11097893753,"(882, 1140, 886, 1147)",144,11
87,1300.0,900.0,1.0,3567.7578125,34651.62392145673,"(900, 1300, 901, 1301)",65,48
87,1008.0,1118.0,1.0,3567.7578125,34651.62392145673,"(1118, 1008, 1119, 1009)",128,46
88,50.0,155.0,1.0,3921.751953125,34651.62392145673,"(155, 50, 156, 51)",90,24
88,1601.0,262.0,1.0,3742.1767578125,34651.62392145673,"(262, 1601, 263, 1602)",107,24
88,1742.0,332.0,1.0,3831.9638671875,34651.62392145673,"(332, 1742, 333, 1743)",14,37
88,615.2307692307693,634.0,13.0,4780.37255859375,450471.11097893753,"(633, 613, 636, 619)",180,7
88,603.0,654.0,1.0,3742.1767578125,34651.62392145673,"(654, 603, 655, 604)",117,40
88,1344.5,706.5,4.0,3921.751953125,138606.49568582693,"(706, 1344, 708, 1346)",92,14
88,902.3333333333334,713.6666666666666,3.0,3567.6533203125,103954.8717643702,"(713, 902, 715, 904)",109,59
88,891.5,735.5,2.0,3567.6533203125,69303.24784291346,"(735, 891, 737, 893)",109,59
88,890.0,739.8888888888889,9.0,3831.9638671875,311864.6152931106,"(738, 889, 743, 892)",109,59
88,926.0,745.75,4.0,3921.751953125,138606.49568582693,"(745, 925, 748, 928)",143,19
88,104.5,865.5,2.0,4292.17578125,69303.24784291346,"(865, 104, 867, 106)",173,7
88,1179.8333333333333,882.0,6.0,4582.1396484375,207909.7435287404,"(881, 1179, 884, 1182)",53,17
88,1144.8333333333333,892.6666666666666,6.0,4198.1123046875,207909.7435287404,"(892, 1143, 894, 1147)",144,11
88,1299.5,900.5,2.0,3567.6533203125,69303.24784291346,"(900, 1299, 902, 1301)",65,48
88,1055.0,922.0,1.0,3567.6533203125,34651.62392145673,"(922, 1055, 923, 1056)",35,36
88,50.0,948.0,1.0,4198.1123046875,34651.62392145673,"(948, 50, 949, 51)",60,21
88,812.0,1548.0,1.0,3567.6533203125,34651.62392145673,"(1548, 812, 1549, 813)",190,7
88,816.0,1549.0,3.0,4484.189453125,103954.8717643702,"(1549, 815, 1550, 818)",190,7
88,167.0,1612.0,1.0,3654.720703125,34651.62392145673,"(1612, 167, 1613, 168)",184,45
89,55.0,154.0,1.0,4198.09375,34651.62392145673,"(154, 55, 155, 56)",90,24
89,52.0,155.5,2.0,3832.04248046875,69303.24784291346,"(155, 52, 157, 53)",90,24
89,1743.0,334.0,1.0,3567.6162109375,34651.62392145673,"(334, 1743, 335, 1744)",14,37
89,624.0,605.0,1.0,3567.6162109375,34651.62392145673,"(605, 624, 606, 625)",156,25
89,646.0,679.0,1.0,3654.8671875,34651.62392145673,"(679, 646, 680, 647)",159,6
89,1340.0,681.5,2.0,3921.96728515625,69303.24784291346,"(681, 1340, 683, 1341)",92,14
89,896.6153846153846,727.5384615384615,13.0,4198.09375,450471.11097893753,"(725, 896, 732, 899)",109,59
89,957.0,746.0,1.0,3654.8671875,34651.62392145673,"(746, 957, 747, 958)",183,7
89,113.0,837.0,1.0,3567.6162109375,34651.62392145673,"(837, 113, 838, 114)",30,16
89,1181.0,867.0,1.0,3654.8671875,34651.62392145673,"(867, 1181, 868, 1182)",125,6
89,816.5,1550.0,4.0,4679.81103515625,138606.49568582693,"(1550, 815, 1551, 819)",190,7
90,0.0,13.0,1.0,3567.4619140625,34651.62392145673,"(13, 0, 14, 1)",131,14
90,625.5,605.5,2.0,3654.9091796875,69303.24784291346,"(605, 625, 607, 627)",156,25
90,646.3333333333334,679.3333333333334,3.0,3654.9091796875,103954.8717643702,"(679, 646, 681, 648)",159,6
90,1208.1935483870968,693.9677419354839,32.0,4387.5322265625,1074200.3415651587,"(688, 1206, 701, 1211)",91,31
90,896.5384615384615,727.8461538461538,13.0,4198.1298828125,450471.11097893753,"(725, 896, 732, 899)",109,59
90,957.0,745.5,2.0,3654.9091796875,69303.24784291346,"(745, 957, 747, 958)",183,7
90,113.0,836.0,1.0,3831.8193359375,34651.62392145673,"(836, 113, 837, 114)",30,16
90,1050.5,952.3333333333334,6.0,4292.0244140625,207909.7435287404,"(952, 1049, 954, 1053)",141,9
90,814.0,1550.0,3.0,4013.1611328125,103954.8717643702,"(1550, 813, 1551, 816)",190,7
91,119.5,59.5,2.0,3567.75439453125,69303.24784291346,"(59, 119, 61, 121)",76,23
91,55.0,154.0,1.0,3742.02783203125,34651.62392145673,"(154, 55, 155, 56)",90,24
91,54.0,156.0,1.0,3742.02783203125,34651.62392145673,"(156, 54, 157, 55)",90,24
91,60.0,156.5,2.0,4105.80615234375,69303.24784291346,"(156, 60, 158, 61)",90,24
91,646.6666666666666,679.3333333333334,3.0,4105.80615234375,103954.8717643702,"(679, 646, 681, 648)",159,6
91,1208.25,694.1071428571429,28.0,4581.8701171875,970245.4698007884,"(688, 1206, 701, 1211)",91,31
91,896.9090909090909,727.4545454545455,11.0,3831.99853515625,381167.86313602404,"(725, 896, 731, 900)",109,59
91,120.66666666666667,821.6666666666666,3.0,5399.04248046875,103954.8717643702,"(821, 120, 823, 122)",58,42
91,113.0,836.0,1.0,3742.02783203125,34651.62392145673,"(836, 113, 837, 114)",30,16
91,1050.5,952.0,2.0,3742.02783203125,69303.24784291346,"(952, 1050, 953, 1052)",141,9
92,0.0,13.5,2.0,3655.072265625,69303.24784291346,"(13, 0, 15, 1)",131,14
92,119.0,59.0,1.0,3567.4150390625,34651.62392145673,"(59, 119, 60, 120)",76,23
92,116.0,73.0,1.0,3655.072265625,34651.62392145673,"(73, 116, 74, 117)",142,12
92,1208.6153846153845,692.7307692307693,26.0,4198.2734375,900942.2219578751,"(687, 1206, 700, 1211)",91,31
92,897.25,727.25,8.0,3921.77734375,277212.99137165386,"(724, 897, 731, 899)",109,59
92,123.0,794.5,2.0,4013.1650390625,69303.24784291346,"(794, 123, 796, 124)",58,42
92,122.0,820.5,2.0,4105.486328125,69303.24784291346,"(820, 122, 822, 123)",58,42
92,1050.6666666666667,952.3333333333334,3.0,3921.77734375,103954.8717643702,"(952, 1050, 954, 1052)",141,9
93,0.0,13.0,1.0,3567.7626953125,34651.62392145673,"(13, 0, 14, 1)",131,14
93,626.0,605.0,1.0,3567.7626953125,34651.62392145673,"(605, 626, 606, 627)",156,25
93,1207.5,694.0,2.0,3831.7568359375,69303.24784291346,"(694, 1207, 695, 1209)",91,31
93,1206.5,696.0,2.0,3654.681640625,69303.24784291346,"(696, 1206, 697, 1208)",91,31
93,917.0,708.0,1.0,3567.7626953125,34651.62392145673,"(708, 917, 709, 918)",109,59
93,897.0,726.0,3.0,3742.0634765625,103954.8717643702,"(726, 896, 727, 899)",109,59
93,122.5,793.5,4.0,4198.388671875,138606.49568582693,"(793, 122, 795, 124)",58,42
93,121.0,820.0,1.0,3567.7626953125,34651.62392145673,"(820, 121, 821, 122)",58,42
93,818.5,1549.0,2.0,4198.388671875,69303.24784291346,"(1549, 818, 1550, 820)",190,7
93,163.5,1610.0,2.0,4387.484375,69303.24784291346,"(1610, 163, 1611, 165)",184,45
94,110.0,1.0,1.0,3832.041015625,34651.62392145673,"(1, 110, 2, 111)",47,17
94,1206.0,694.5,2.0,3742.2392578125,69303.24784291346,"(694, 1206, 696, 1207)",91,31
94,916.0,710.0,1.0,3567.689453125,34651.62392145673,"(710, 916, 711, 917)",109,59
94,915.0,712.0,1.0,3567.689453125,34651.62392145673,"(712, 915, 713, 916)",109,59
94,896.0,726.4285714285714,7.0,3832.041015625,242561.3674501971,"(725, 895, 729, 899)",109,59
94,892.8695652173913,739.0869565217391,23.0,4198.2470703125,796987.3501935048,"(734, 891, 745, 897)",109,59
94,122.33333333333333,794.3333333333334,3.0,4483.98046875,103954.8717643702,"(794, 122, 796, 124)",58,42
94,1023.0,879.0,1.0,3567.689453125,34651.62392145673,"(879, 1023, 880, 1024)",118,12
94,818.3333333333334,1549.6666666666667,3.0,4013.2001953125,103954.8717643702,"(1549, 818, 1551, 820)",190,7
94,151.0,1609.0,1.0,3567.689453125,34651.62392145673,"(1609, 151, 1610, 152)",184,45
95,1746.0,340.0,1.0,3654.9833984375,34651.62392145673,"(340, 1746, 341, 1747)",14,37
95,1362.0,713.0,1.0,3654.9833984375,34651.62392145673,"(713, 1362, 714, 1363)",63,15
95,123.0,795.5,2.0,3567.8134765625,69303.24784291346,"(795, 123, 797, 124)",58,42
95,1010.0,1119.0,1.0,3567.8134765625,34651.62392145673,"(1119, 1010, 1120, 1011)",128,46
95,151.0,1610.0,1.0,4013.2294921875,34651.62392145673,"(1610, 151, 1611, 152)",184,45
96,123.0,80.0,1.0,3567.6494140625,34651.62392145673,"(80, 123, 81, 124)",142,12
96,1879.5,497.0,2.0,3921.986328125,69303.24784291346,"(497, 1879, 498, 1881)",108,47
96,1200.0,701.0,1.0,3567.6494140625,34651.62392145673,"(701, 1200, 702, 1201)",91,31
96,897.0,726.0,1.0,3567.6494140625,34651.62392145673,"(726, 897, 727, 898)",109,59
96,1398.0,950.0,1.0,3567.6494140625,34651.62392145673,"(950, 1398, 951, 1399)",54,40
97,1445.0,159.0,1.0,3567.75830078125,34651.62392145673,"(159, 1445, 160, 1446)",95,10
97,1593.0,264.0,1.0,4105.75732421875,34651.62392145673,"(264, 1593, 265, 1594)",107,24
97,1880.0,496.0,1.0,4387.43505859375,34651.62392145673,"(496, 1880, 497, 1881)",108,47
97,583.0,672.0,1.0,3654.828125,34651.62392145673,"(672, 583, 673, 584)",117,40
97,920.0,738.0,1.0,3567.75830078125,34651.62392145673,"(738, 920, 739, 921)",143,19
97,1285.0,909.0,1.0,3567.75830078125,34651.62392145673,"(909, 1285, 910, 1286)",65,48
97,1183.0,925.0,1.0,3832.0224609375,34651.62392145673,"(925, 1183, 926, 1184)",119,17
97,1404.0,947.6666666666666,3.0,3742.203125,103954.8717643702,"(947, 1403, 949, 1406)",54,40
98,1444.0,159.0,1.0,3567.71875,34651.62392145673,"(159, 1444, 160, 1445)",95,10
98,1879.5,496.5,2.0,4105.58154296875,69303.24784291346,"(496, 1879, 498, 1881)",108,47
98,629.5,606.5,2.0,3567.71875,69303.24784291346,"(606, 629, 608, 631)",156,25
98,897.3,727.9,10.0,4012.95556640625,346516.23921456735,"(726, 896, 732, 900)",109,59
98,120.0,749.0,1.0,3742.09423828125,34651.62392145673,"(749, 120, 750, 121)",182,20
98,1183.0,925.0,1.0,4012.95556640625,34651.62392145673,"(925, 1183, 926, 1184)",119,17
98,1399.0,950.0,1.0,3567.71875,34651.62392145673,"(950, 1399, 951, 1400)",54,40
99,26.6,41.8,5.0,4292.154296875,173258.11960728368,"(41, 26, 44, 28)",137,9
99,1443.0,158.0,1.0,3654.88525390625,34651.62392145673,"(158, 1443, 159, 1444)",95,10
99,1878.0,494.5,2.0,4780.5185546875,69303.24784291346,"(494, 1878, 496, 1879)",108,47
99,1885.0,496.0,1.0,4013.0888671875,34651.62392145673,"(496, 1885, 497, 1886)",108,47
99,627.25,604.0,4.0,3742.09326171875,138606.49568582693,"(603, 626, 606, 629)",156,25
99,583.5,671.0,2.0,3654.88525390625,69303.24784291346,"(671, 583, 672, 585)",117,40
99,912.8,712.5,10.0,3831.90478515625,346516.23921456735,"(710, 910, 716, 916)",109,59
99,895.0588235294117,727.1176470588235,17.0,4013.0888671875,589077.6066647645,"(724, 894, 732, 897)",109,59
99,892.1538461538462,737.9230769230769,13.0,4105.763671875,450471.11097893753,"(734, 891, 743, 895)",109,59
99,890.0,736.0,1.0,3567.677734375,34651.62392145673,"(736, 890, 737, 891)",109,59
99,1195.6666666666667,860.3333333333334,3.0,4013.0888671875,103954.8717643702,"(860, 1195, 862, 1197)",52,10
99,1025.0,878.0,1.0,3654.88525390625,34651.62392145673,"(878, 1025, 879, 1026)",118,12
99,1302.0,897.0,1.0,3654.88525390625,34651.62392145673,"(897, 1302, 898, 1303)",65,48
99,1055.3333333333333,916.3333333333334,3.0,4292.154296875,103954.8717643702,"(916, 1055, 918, 1057)",35,36
99,1054.0,933.5,2.0,3831.90478515625,69303.24784291346,"(933, 1054, 935, 1055)",35,36
100,1884.0,497.0,1.0,3567.6494140625,34651.62392145673,"(497, 1884, 498, 1885)",108,47
100,627.0,605.6,5.0,3654.89501953125,173258.11960728368,"(604, 626, 608, 629)",156,25
100,581.0,671.0,1.0,3654.89501953125,34651.62392145673,"(671, 581, 672, 582)",117,40
100,1198.0,698.0,1.0,3831.90625,34651.62392145673,"(698, 1198, 699, 1199)",91,31
100,1345.9166666666667,706.1666666666666,12.0,3921.986328125,415819.4870574808,"(704, 1345, 709, 1348)",92,14
100,916.0,709.0,1.0,3567.6494140625,34651.62392145673,"(709, 916, 710, 917)",109,59
100,912.4545454545455,712.6363636363636,11.0,3831.90625,381167.86313602404,"(710, 911, 716, 915)",109,59
100,891.7619047619048,738.0952380952381,21.0,4013.01171875,727684.1023505913,"(735, 890, 743, 896)",109,59
100,119.0,843.0,1.0,3654.89501953125,34651.62392145673,"(843, 119, 844, 120)",30,16
100,1023.5,879.0,2.0,3831.90625,69303.24784291346,"(879, 1023, 880, 1025)",118,12
100,1180.5,882.0,6.0,4292.07177734375,207909.7435287404,"(881, 1180, 884, 1182)",53,17
100,1141.0,893.0,1.0,3921.986328125,34651.62392145673,"(893, 1141, 894, 1142)",144,11
100,1302.0,898.0,3.0,3654.89501953125,103954.8717643702,"(897, 1302, 900, 1303)",65,48
100,1055.0,917.0,1.0,3831.90625,34651.62392145673,"(917, 1055, 918, 1056)",35,36
100,1054.0,933.5,2.0,3654.89501953125,69303.24784291346,"(933, 1054, 935, 1055)",35,36
100,800.3333333333334,1169.6666666666667,3.0,3831.90625,103954.8717643702,"(1169, 800, 1171, 802)",130,8
101,0.5,13.5,4.0,4581.99267578125,138606.49568582693,"(13, 0, 15, 2)",131,14
101,693.5,63.0,2.0,3742.0625,69303.24784291346,"(63, 693, 64, 695)",78,22
101,912.0,670.0,1.0,3567.7802734375,34651.62392145673,"(670, 912, 671, 913)",61,34
101,1309.0,696.0,1.0,3567.7802734375,34651.62392145673,"(696, 1309, 697, 1310)",195,6
101,1200.0,699.0,1.0,4013.06005859375,34651.62392145673,"(699, 1200, 700, 1201)",91,31
101,1144.0,894.0,1.0,3742.0625,34651.62392145673,"(894, 1144, 895, 1145)",144,11
101,1057.5,918.0,2.0,3831.96240234375,69303.24784291346,"(918, 1057, 919, 1059)",35,36
101,1055.0,920.0,1.0,3654.75927734375,34651.62392145673,"(920, 1055, 921, 1056)",35,36
102,583.6666666666666,673.3333333333334,3.0,3832.0341796875,103954.8717643702,"(673, 583, 675, 585)",117,40
102,1056.5,919.0,2.0,3921.68603515625,69303.24784291346,"(919, 1056, 920, 1058)",35,36
102,78.0,937.0,1.0,3742.060546875,34651.62392145673,"(937, 78, 938, 79)",60,21
102,1010.0,1118.0,1.0,3567.57666015625,34651.62392145673,"(1118, 1010, 1119, 1011)",128,46
102,1146.0,1468.0,1.0,3742.060546875,34651.62392145673,"(1468, 1146, 1469, 1147)",200,32
103,0.5,13.5,4.0,4198.4326171875,138606.49568582693,"(13, 0, 15, 2)",131,14
103,119.0,59.5,2.0,4105.73046875,69303.24784291346,"(59, 119, 61, 120)",76,23
103,113.0,503.0,1.0,3654.931640625,34651.62392145673,"(503, 113, 504, 114)",201,10
103,630.3333333333334,606.6666666666666,3.0,3654.931640625,103954.8717643702,"(606, 630, 608, 632)",156,25
103,1057.0,919.0,1.0,3567.5615234375,34651.62392145673,"(919, 1057, 920, 1058)",35,36
103,78.0,937.0,1.0,3921.96484375,34651.62392145673,"(937, 78, 938, 79)",60,21
103,59.0,952.5,2.0,4013.02734375,69303.24784291346,"(952, 59, 954, 60)",60,21
103,1012.0,1118.0,1.0,3567.5615234375,34651.62392145673,"(1118, 1012, 1119, 1013)",128,46
103,1146.0,1468.0,1.0,3921.96484375,34651.62392145673,"(1468, 1146, 1469, 1147)",200,32
104,0.4,12.8,5.0,5085.298828125,173258.11960728368,"(12, 0, 15, 2)",131,14
104,118.0,58.5,2.0,3741.9130859375,69303.24784291346,"(58, 118, 60, 119)",76,23
104,630.5,606.5,2.0,3654.87890625,69303.24784291346,"(606, 630, 608, 632)",156,25
104,1314.5,702.0,2.0,3741.9130859375,69303.24784291346,"(702, 1314, 703, 1316)",195,6
104,914.5714285714286,712.8571428571429,7.0,3832.103515625,242561.3674501971,"(711, 914, 716, 916)",109,59
104,896.1764705882352,728.8823529411765,17.0,4387.2255859375,589077.6066647645,"(726, 895, 734, 899)",109,59
104,1057.0,917.0,1.0,3567.8447265625,34651.62392145673,"(917, 1057, 918, 1058)",35,36
104,75.5,936.5,2.0,3741.9130859375,69303.24784291346,"(936, 75, 938, 77)",60,21
104,1145.0,1467.0,1.0,5615.16796875,34651.62392145673,"(1467, 1145, 1468, 1146)",200,32
105,1486.0,163.0,1.0,3567.779296875,34651.62392145673,"(163, 1486, 164, 1487)",204,5
105,1655.0,356.5,2.0,3922.00390625,69303.24784291346,"(356, 1655, 358, 1656)",149,6
105,911.0,668.0,1.0,3567.779296875,34651.62392145673,"(668, 911, 669, 912)",61,34
105,631.0,674.5,2.0,4105.587890625,69303.24784291346,"(674, 631, 676, 632)",55,28
105,915.75,712.25,4.0,3654.8642578125,138606.49568582693,"(712, 915, 714, 918)",109,59
105,112.5,835.0,2.0,3654.8642578125,69303.24784291346,"(835, 112, 836, 114)",30,16
105,1057.0,919.0,1.0,3567.779296875,34651.62392145673,"(919, 1057, 920, 1058)",35,36
105,1055.75,936.0,4.0,4105.587890625,138606.49568582693,"(935, 1055, 938, 1057)",35,36
105,1397.0,937.0,1.0,3741.94921875,34651.62392145673,"(937, 1397, 938, 1398)",54,40
105,75.0,938.0,1.0,3567.779296875,34651.62392145673,"(938, 75, 939, 76)",60,21
105,1396.0,950.0,1.0,3567.779296875,34651.62392145673,"(950, 1396, 951, 1397)",54,40
105,219.0,1901.5,2.0,4581.8095703125,69303.24784291346,"(1901, 219, 1903, 220)",205,5
106,693.0,65.0,1.0,3831.80712890625,34651.62392145673,"(65, 693, 66, 694)",78,22
106,1572.0,248.5,2.0,3921.748046875,69303.24784291346,"(248, 1572, 250, 1573)",206,5
106,1850.0,415.0,1.0,3567.4970703125,34651.62392145673,"(415, 1850, 416, 1851)",207,12
106,1404.5,948.0,2.0,3567.4970703125,69303.24784291346,"(948, 1404, 949, 1406)",54,40
106,1398.3333333333333,950.3333333333334,3.0,3654.82666015625,103954.8717643702,"(950, 1398, 952, 1400)",54,40
106,1010.0,1118.0,1.0,3567.4970703125,34651.62392145673,"(1118, 1010, 1119, 1011)",128,46
107,692.0,64.5,2.0,4292.0595703125,69303.24784291346,"(64, 692, 66, 693)",78,22
107,1586.0,246.5,2.0,4105.755859375,69303.24784291346,"(246, 1586, 248, 1587)",107,24
107,630.0,606.5,2.0,3567.64013671875,69303.24784291346,"(606, 630, 608, 631)",156,25
107,614.5,637.5,2.0,3567.64013671875,69303.24784291346,"(637, 614, 639, 616)",180,7
107,114.0,836.0,1.0,3567.64013671875,34651.62392145673,"(836, 114, 837, 115)",30,16
107,1398.0,950.5,2.0,3742.14111328125,69303.24784291346,"(950, 1398, 952, 1399)",54,40
108,1572.0,248.0,1.0,3654.99609375,34651.62392145673,"(248, 1572, 249, 1573)",206,5
108,619.0,393.0,3.0,6871.09912109375,103954.8717643702,"(393, 618, 394, 621)",208,10
108,630.0,606.0,1.0,3654.99609375,34651.62392145673,"(606, 630, 607, 631)",156,25
108,614.5,637.5,2.0,3654.99609375,69303.24784291346,"(637, 614, 639, 616)",180,7
108,1404.75,947.75,4.0,3832.08935546875,138606.49568582693,"(947, 1404, 949, 1407)",54,40
108,1398.0,949.5,2.0,3654.99609375,69303.24784291346,"(949, 1398, 951, 1399)",54,40
109,1578.0,238.5,2.0,3654.75,69303.24784291346,"(238, 1578, 240, 1579)",206,5
109,1647.5,372.5,2.0,3567.64013671875,69303.24784291346,"(372, 1647, 374, 1649)",209,9
109,619.2,391.6,5.0,5506.5439453125,173258.11960728368,"(391, 618, 393, 621)",208,10
109,614.5,637.5,2.0,3567.64013671875,69303.24784291346,"(637, 614, 639, 616)",180,7
109,593.5,668.5,2.0,3654.75,69303.24784291346,"(668, 593, 670, 595)",117,40
109,588.6666666666666,670.3333333333334,3.0,3921.9814453125,103954.8717643702,"(670, 588, 672, 590)",117,40
109,1183.0,924.0,1.0,3567.64013671875,34651.62392145673,"(924, 1183, 925, 1184)",119,17
109,1013.0,1117.0,1.0,3567.64013671875,34651.62392145673,"(1117, 1013, 1118, 1014)",128,46
109,676.0,1285.0,1.0,3654.75,34651.62392145673,"(1285, 676, 1286, 677)",70,10
109,217.0,1896.0,1.0,3567.64013671875,34651.62392145673,"(1896, 217, 1897, 218)",205,5
109,218.0,1898.0,1.0,3567.64013671875,34651.62392145673,"(1898, 218, 1899, 219)",205,5
110,1549.4,226.2,5.0,4680.056640625,173258.11960728368,"(225, 1549, 228, 1551)",68,21
110,631.6666666666666,674.3333333333334,3.0,3567.62451171875,103954.8717643702,"(674, 631, 676, 633)",55,28
110,915.875,712.5,8.0,3831.81982421875,277212.99137165386,"(711, 914, 716, 919)",109,59
110,1396.4,949.2,5.0,3742.05908203125,173258.11960728368,"(948, 1396, 951, 1398)",54,40
110,1012.0,1118.0,1.0,3567.62451171875,34651.62392145673,"(1118, 1012, 1119, 1013)",128,46
110,1141.0,1470.0,1.0,4581.91845703125,34651.62392145673,"(1470, 1141, 1471, 1142)",200,32
111,933.0,665.0,1.0,3654.92724609375,34651.62392145673,"(665, 933, 666, 934)",61,34
111,588.6666666666666,670.3333333333334,3.0,3831.83642578125,103954.8717643702,"(670, 588, 672, 590)",117,40
111,1315.0,698.0,1.0,3654.92724609375,34651.62392145673,"(698, 1315, 699, 1316)",195,6
111,1397.75,950.0,4.0,3831.83642578125,138606.49568582693,"(949, 1397, 952, 1399)",54,40
111,1142.5,1469.5,2.0,4780.46533203125,69303.24784291346,"(1469, 1142, 1471, 1144)",200,32
112,933.0,654.0,1.0,3654.908203125,34651.62392145673,"(654, 933, 655, 934)",61,34
112,932.5,664.5,2.0,3567.6650390625,69303.24784291346,"(664, 932, 666, 934)",61,34
112,593.5,668.5,2.0,3567.6650390625,69303.24784291346,"(668, 593, 670, 595)",117,40
112,588.0,669.0,1.0,3742.1513671875,34651.62392145673,"(669, 588, 670, 589)",117,40
113,1398.0,949.1666666666666,6.0,3831.9912109375,207909.7435287404,"(948, 1397, 951, 1400)",54,40
113,818.0,1551.75,4.0,4292.1025390625,138606.49568582693,"(1551, 817, 1553, 820)",190,7
113,177.0,1616.6666666666667,3.0,3655.025390625,103954.8717643702,"(1616, 176, 1618, 179)",184,45
114,764.5,688.5,2.0,3832.1259765625,69303.24784291346,"(688, 764, 690, 766)",213,6
114,1398.0,950.5,2.0,3741.8984375,69303.24784291346,"(950, 1398, 952, 1399)",54,40
114,1144.0,1469.0,1.0,3654.7216796875,34651.62392145673,"(1469, 1144, 1470, 1145)",200,32
114,818.5,1551.0,2.0,4013.017578125,69303.24784291346,"(1551, 818, 1552, 820)",190,7
114,177.83333333333334,1617.0,6.0,6515.42578125,207909.7435287404,"(1616, 176, 1619, 181)",184,45
115,1879.3333333333333,495.3333333333333,3.0,3921.8759765625,103954.8717643702,"(495, 1879, 497, 1881)",108,47
115,588.0,669.0,1.0,3567.7861328125,34651.62392145673,"(669, 588, 670, 589)",117,40
115,762.0,690.0,5.0,4292.126953125,173258.11960728368,"(688, 760, 693, 765)",213,6
115,1142.0,1469.0,1.0,5188.369140625,34651.62392145673,"(1469, 1142, 1470, 1143)",200,32
115,173.0,1614.0,1.0,3567.7861328125,34651.62392145673,"(1614, 173, 1615, 174)",184,45
115,177.0,1616.0,7.0,6633.6201171875,242561.3674501971,"(1615, 175, 1618, 180)",184,45
115,181.0,1618.0,1.0,3831.76171875,34651.62392145673,"(1618, 181, 1619, 182)",184,45
115,220.0,1904.0,1.0,3567.7861328125,34651.62392145673,"(1904, 220, 1905, 221)",205,5
115,218.5,1906.5,2.0,4198.0947265625,69303.24784291346,"(1906, 218, 1908, 220)",205,5
116,1528.0,234.0,1.0,3654.822265625,34651.62392145673,"(234, 1528, 235, 1529)",132,23
116,1546.0,234.0,1.0,3567.6357421875,34651.62392145673,"(234, 1546, 235, 1547)",68,21
116,1879.6666666666667,496.6666666666667,3.0,4012.8740234375,103954.8717643702,"(496, 1879, 498, 1881)",108,47
116,588.5,669.5,2.0,3567.6357421875,69303.24784291346,"(669, 588, 671, 590)",117,40
116,763.0,690.0,5.0,4679.9970703125,173258.11960728368,"(688, 761, 693, 766)",213,6
116,1398.4285714285713,949.5714285714286,7.0,4012.8740234375,242561.3674501971,"(949, 1397, 952, 1401)",54,40
116,56.0,953.0,1.0,3654.822265625,34651.62392145673,"(953, 56, 954, 57)",60,21
116,1142.5,1470.0,4.0,5293.2412109375,138606.49568582693,"(1469, 1141, 1472, 1145)",200,32
116,178.30769230769232,1617.4615384615386,13.0,10493.56640625,450471.11097893753,"(1616, 175, 1620, 183)",184,45
116,218.0,1907.0,1.0,3567.6357421875,34651.62392145673,"(1907, 218, 1908, 219)",205,5
117,1528.0,237.0,1.0,3742.2666015625,34651.62392145673,"(237, 1528, 238, 1529)",132,23
117,915.0,669.0,1.0,3567.8251953125,34651.62392145673,"(669, 915, 670, 916)",61,34
117,1208.6666666666667,693.6666666666666,3.0,3921.9228515625,103954.8717643702,"(693, 1208, 695, 1210)",91,31
117,124.5,793.5,2.0,3921.9228515625,69303.24784291346,"(793, 124, 795, 126)",58,42
117,1399.875,950.625,8.0,3921.9228515625,277212.99137165386,"(950, 1398, 953, 1402)",54,40
117,1005.0,1119.0,1.0,3567.8251953125,34651.62392145673,"(1119, 1005, 1120, 1006)",128,46
117,1143.5,1471.0,2.0,3742.2666015625,69303.24784291346,"(1471, 1143, 1472, 1145)",200,32
117,179.125,1618.6666666666667,24.0,16512.529296875,831638.9741149616,"(1616, 174, 1622, 185)",184,45
118,116.0,73.0,1.0,3567.64013671875,34651.62392145673,"(73, 116, 74, 117)",142,12
118,121.0,78.0,1.0,3567.64013671875,34651.62392145673,"(78, 121, 79, 122)",142,12
118,123.0,79.0,1.0,3567.64013671875,34651.62392145673,"(79, 123, 80, 124)",142,12
118,1528.0,237.0,1.0,3567.64013671875,34651.62392145673,"(237, 1528, 238, 1529)",132,23
118,915.0,669.0,1.0,3567.64013671875,34651.62392145673,"(669, 915, 670, 916)",61,34
118,1208.5,693.5,2.0,3832.0615234375,69303.24784291346,"(693, 1208, 695, 1210)",91,31
118,1414.2857142857142,849.5714285714286,7.0,4780.4384765625,242561.3674501971,"(849, 1413, 851, 1417)",217,23
118,172.0,1615.0,1.0,3921.9814453125,34651.62392145673,"(1615, 172, 1616, 173)",184,45
118,179.04,1618.36,25.0,18229.970703125,866290.5980364183,"(1616, 174, 1622, 185)",184,45
119,1880.6666666666667,496.6666666666667,3.0,3832.009765625,103954.8717643702,"(496, 1880, 498, 1882)",108,47
119,1055.5,934.0,2.0,3654.8310546875,69303.24784291346,"(934, 1055, 935, 1057)",35,36
119,1008.0,1118.0,1.0,3567.783203125,34651.62392145673,"(1118, 1008, 1119, 1009)",128,46
119,179.83333333333334,1618.75,24.0,18821.6875,831638.9741149616,"(1616, 175, 1623, 186)",184,45
120,1398.6666666666667,949.1666666666666,12.0,4292.048828125,415819.4870574808,"(947, 1397, 952, 1401)",54,40
120,1147.0,1473.0,1.0,3654.697265625,34651.62392145673,"(1473, 1147, 1474, 1148)",200,32
120,174.6216216216216,1616.2972972972973,37.0,11248.8603515625,1282110.0850938992,"(1613, 167, 1622, 183)",184,45
121,1603.0,262.0,1.0,3567.533203125,34651.62392145673,"(262, 1603, 263, 1604)",107,24
121,1879.75,496.25,4.0,5188.41064453125,138606.49568582693,"(496, 1879, 498, 1882)",108,47
121,914.5,669.0,2.0,3654.78955078125,69303.24784291346,"(669, 914, 670, 916)",61,34
121,768.0,685.0,1.0,3567.533203125,34651.62392145673,"(685, 768, 686, 769)",213,6
121,766.3333333333334,687.3333333333334,3.0,3921.7666015625,103954.8717643702,"(687, 766, 689, 768)",213,6
121,1293.75,819.75,4.0,4105.6552734375,138606.49568582693,"(819, 1293, 822, 1295)",51,58
121,1147.0,1472.0,1.0,3567.533203125,34651.62392145673,"(1472, 1147, 1473, 1148)",200,32
121,173.6595744680851,1615.659574468085,47.0,15415.0703125,1628626.3243084664,"(1612, 164, 1622, 183)",184,45
122,1882.7777777777778,496.55555555555554,9.0,5945.31103515625,311864.6152931106,"(496, 1881, 498, 1886)",108,47
122,770.1111111111111,685.1111111111111,9.0,4581.8427734375,311864.6152931106,"(682, 767, 689, 774)",213,6
122,1294.6,820.2,5.0,4780.50244140625,173258.11960728368,"(819, 1294, 823, 1296)",51,58
122,1131.0,882.0,1.0,3567.68505859375,34651.62392145673,"(882, 1131, 883, 1132)",85,9
122,1150.0,1471.0,1.0,3654.76416015625,34651.62392145673,"(1471, 1150, 1472, 1151)",200,32
122,175.2156862745098,1615.7058823529412,51.0,20859.69140625,1767232.8199942934,"(1612, 166, 1622, 186)",184,45
123,1882.5,497.6,10.0,6515.2685546875,346516.23921456735,"(497, 1880, 499, 1886)",108,47
123,611.0,613.0,1.0,3654.87890625,34651.62392145673,"(613, 611, 614, 612)",161,19
123,768.6666666666666,686.7777777777778,9.0,4105.8310546875,311864.6152931106,"(685, 766, 690, 772)",213,6
123,118.0,810.0,1.0,3921.8427734375,34651.62392145673,"(810, 118, 811, 119)",58,42
123,1295.0,822.5,2.0,3741.9130859375,69303.24784291346,"(822, 1295, 824, 1296)",51,58
123,1143.0,1471.5,4.0,6751.56787109375,138606.49568582693,"(1471, 1142, 1473, 1145)",200,32
123,173.49295774647888,1615.3661971830986,71.0,29563.435546875,2460265.298423428,"(1611, 162, 1621, 184)",184,45
123,155.5,1614.0,2.0,3921.8427734375,69303.24784291346,"(1614, 155, 1615, 157)",184,45
124,0.0,13.0,1.0,3567.728515625,34651.62392145673,"(13, 0, 14, 1)",131,14
124,1812.0,357.0,1.0,3567.728515625,34651.62392145673,"(357, 1812, 358, 1813)",77,5
124,1880.0,495.5,6.0,4780.537109375,207909.7435287404,"(495, 1879, 497, 1882)",108,47
124,623.3333333333334,677.0,3.0,3742.15625,103954.8717643702,"(676, 623, 679, 625)",55,28
124,870.0,760.0,1.0,3567.728515625,34651.62392145673,"(760, 870, 761, 871)",127,10
124,1292.0,818.0,1.0,3567.728515625,34651.62392145673,"(818, 1292, 819, 1293)",51,58
124,1294.0,820.0,1.0,3654.9423828125,34651.62392145673,"(820, 1294, 821, 1295)",51,58
124,1057.25,918.5,4.0,4012.955078125,138606.49568582693,"(917, 1056, 921, 1059)",35,36
124,1140.8,1470.4,5.0,8926.34765625,173258.11960728368,"(1470, 1140, 1472, 1143)",200,32
124,171.93023255813952,1613.9186046511627,86.0,31588.09375,2980039.657245279,"(1609, 157, 1621, 186)",184,45
124,153.66666666666666,1612.3333333333333,3.0,5399.228515625,103954.8717643702,"(1612, 153, 1614, 155)",184,45
124,162.0,1614.0,1.0,3831.7802734375,34651.62392145673,"(1614, 162, 1615, 163)",184,45
125,7.0,0.0,1.0,3567.5390625,34651.62392145673,"(0, 7, 1, 8)",131,14
125,0.0,13.0,1.0,3567.5390625,34651.62392145673,"(13, 0, 14, 1)",131,14
125,1647.0,372.5,2.0,3654.779296875,69303.24784291346,"(372, 1647, 374, 1648)",209,9
125,1878.8,495.4,5.0,4780.5517578125,173258.11960728368,"(495, 1878, 497, 1881)",108,47
125,623.0,676.5,4.0,3742.01953125,138606.49568582693,"(676, 622, 678, 625)",55,28
125,1292.0,818.0,1.0,3921.92578125,34651.62392145673,"(818, 1292, 819, 1293)",51,58
125,1195.6,860.2,5.0,4198.255859375,173258.11960728368,"(859, 1195, 862, 1197)",52,10
125,1056.857142857143,918.2857142857143,7.0,4387.3447265625,242561.3674501971,"(917, 1055, 921, 1059)",35,36
125,1053.0,933.0,1.0,3742.01953125,34651.62392145673,"(933, 1053, 934, 1054)",35,36
125,1142.5,1468.0,2.0,4679.9541015625,69303.24784291346,"(1468, 1142, 1469, 1144)",200,32
125,1139.8,1470.4,5.0,9341.2431640625,173258.11960728368,"(1470, 1139, 1472, 1142)",200,32
125,153.55555555555554,1608.4444444444443,9.0,5188.3671875,311864.6152931106,"(1608, 150, 1610, 158)",184,45
125,173.26666666666668,1615.095238095238,105.0,27365.703125,3638420.511752957,"(1610, 160, 1624, 190)",184,45
125,153.5,1612.75,8.0,5293.138671875,277212.99137165386,"(1612, 152, 1615, 156)",184,45
125,160.0,1613.6,5.0,4780.5517578125,173258.11960728368,"(1613, 158, 1615, 163)",184,45
126,0.0,13.0,1.0,3831.7900390625,34651.62392145673,"(13, 0, 14, 1)",131,14
126,1743.0,339.0,1.0,3567.6181640625,34651.62392145673,"(339, 1743, 340, 1744)",14,37
126,1879.875,495.875,8.0,7113.708984375,277212.99137165386,"(495, 1879, 498, 1882)",108,47
126,623.6,676.2,5.0,3831.7900390625,173258.11960728368,"(675, 623, 678, 625)",55,28
126,1194.0,859.0,1.0,3567.6181640625,34651.62392145673,"(859, 1194, 860, 1195)",52,10
126,1057.2,919.2,5.0,4105.5615234375,173258.11960728368,"(918, 1056, 921, 1059)",35,36
126,1143.0,1469.0,1.0,3742.0634765625,34651.62392145673,"(1469, 1143, 1470, 1144)",200,32
126,1153.5,1469.0,6.0,5188.544921875,207909.7435287404,"(1469, 1151, 1470, 1157)",200,32
126,1140.0,1471.5,6.0,10642.689453125,207909.7435287404,"(1471, 1139, 1473, 1142)",200,32
126,157.0,1610.0,1.0,3654.8408203125,34651.62392145673,"(1610, 157, 1611, 158)",184,45
126,173.89908256880733,1616.0091743119267,109.0,27365.703125,3777027.007438784,"(1611, 161, 1625, 190)",184,45
126,153.66666666666666,1613.3333333333333,9.0,4981.96484375,311864.6152931106,"(1613, 151, 1615, 157)",184,45
126,162.5,1615.0,2.0,4105.5615234375,69303.24784291346,"(1615, 162, 1616, 164)",184,45
127,7.0,0.0,1.0,3567.70703125,34651.62392145673,"(0, 7, 1, 8)",131,14
127,1880.8333333333333,497.1666666666667,6.0,5506.392578125,207909.7435287404,"(496, 1880, 499, 1883)",108,47
127,625.75,676.125,8.0,3831.82275390625,277212.99137165386,"(674, 625, 679, 628)",55,28
127,1369.0,708.0,1.0,3654.98876953125,34651.62392145673,"(708, 1369, 709, 1370)",63,15
127,925.0,761.0,1.0,3567.70703125,34651.62392145673,"(761, 925, 762, 926)",146,11
127,871.0,764.0,1.0,3567.70703125,34651.62392145673,"(764, 871, 765, 872)",127,10
127,1144.5,1469.5,2.0,4881.14599609375,69303.24784291346,"(1469, 1144, 1471, 1146)",200,32
127,1156.142857142857,1469.5714285714287,7.0,5945.07080078125,242561.3674501971,"(1469, 1154, 1471, 1159)",200,32
127,1141.5,1472.6666666666667,6.0,16512.609375,207909.7435287404,"(1472, 1140, 1474, 1144)",200,32
127,161.5,1610.0,2.0,3831.82275390625,69303.24784291346,"(1610, 161, 1611, 163)",184,45
127,162.5,1612.5,4.0,3654.98876953125,138606.49568582693,"(1612, 161, 1614, 165)",184,45
127,172.39285714285714,1617.125,112.0,20237.15625,3880981.879203154,"(1613, 152, 1625, 189)",184,45
128,1531.0,235.0,1.0,3567.501953125,34651.62392145673,"(235, 1531, 236, 1532)",132,23
128,1745.5,340.0,2.0,3567.501953125,69303.24784291346,"(340, 1745, 341, 1747)",14,37
128,1440.0,378.0,1.0,3654.9677734375,34651.62392145673,"(378, 1440, 379, 1441)",140,9
128,1881.75,497.25,4.0,4981.7587890625,138606.49568582693,"(497, 1881, 499, 1884)",108,47
128,1374.0,684.0,1.0,3832.052734375,34651.62392145673,"(684, 1374, 685, 1375)",222,10
128,1208.3157894736842,692.2105263157895,19.0,4881.10546875,658380.854507678,"(690, 1206, 696, 1211)",91,31
128,872.0,764.0,1.0,3567.501953125,34651.62392145673,"(764, 872, 765, 873)",127,10
128,1198.0,921.0,1.0,3567.501953125,34651.62392145673,"(921, 1198, 922, 1199)",82,36
128,1010.0,1118.0,1.0,3742.16455078125,34651.62392145673,"(1118, 1010, 1119, 1011)",128,46
128,1145.0,1470.0,1.0,3832.052734375,34651.62392145673,"(1470, 1145, 1471, 1146)",200,32
128,1157.0,1470.0,3.0,4881.10546875,103954.8717643702,"(1470, 1156, 1471, 1159)",200,32
128,1142.6,1472.6,5.0,8387.0087890625,173258.11960728368,"(1472, 1141, 1474, 1145)",200,32
128,154.0,1614.6666666666667,3.0,3921.94091796875,103954.8717643702,"(1614, 153, 1616, 156)",184,45
128,178.8421052631579,1618.4561403508771,57.0,17647.630859375,1975142.5635230336,"(1614, 171, 1624, 189)",184,45
128,157.0,1616.0,1.0,3742.16455078125,34651.62392145673,"(1616, 157, 1617, 158)",184,45
128,159.0,1616.0,1.0,3567.501953125,34651.62392145673,"(1616, 159, 1617, 160)",184,45
128,165.5,1616.125,8.0,4105.75390625,277212.99137165386,"(1616, 162, 1618, 170)",184,45
129,99.0,192.0,1.0,3654.91064453125,34651.62392145673,"(192, 99, 193, 100)",80,17
129,99.0,195.0,1.0,3654.91064453125,34651.62392145673,"(195, 99, 196, 100)",80,17
129,1745.0,340.0,1.0,3654.91064453125,34651.62392145673,"(340, 1745, 341, 1746)",14,37
129,1882.0,497.0,1.0,4387.3076171875,34651.62392145673,"(497, 1882, 498, 1883)",108,47
129,872.0,766.0,1.0,3567.6318359375,34651.62392145673,"(766, 872, 767, 873)",127,10
129,1294.0,823.0,1.0,4105.66064453125,34651.62392145673,"(823, 1294, 824, 1295)",51,58
129,1229.6666666666667,902.0,3.0,3921.91552734375,103954.8717643702,"(901, 1229, 904, 1231)",104,14
129,1009.0,1118.0,1.0,3567.6318359375,34651.62392145673,"(1118, 1009, 1119, 1010)",128,46
129,1153.0,1470.0,1.0,3567.6318359375,34651.62392145673,"(1470, 1153, 1471, 1154)",200,32
129,1142.6666666666667,1472.6666666666667,3.0,5399.0537109375,103954.8717643702,"(1472, 1142, 1474, 1144)",200,32
129,170.0,1613.0,1.0,3832.052734375,34651.62392145673,"(1613, 170, 1614, 171)",184,45
129,178.89473684210526,1617.921052631579,38.0,15236.595703125,1316761.709015356,"(1614, 172, 1623, 188)",184,45
130,99.0,195.25,4.0,6399.9287109375,138606.49568582693,"(195, 98, 197, 101)",80,17
130,1549.0,235.0,1.0,3742.1357421875,34651.62392145673,"(235, 1549, 236, 1550)",68,21
130,906.0,678.0,1.0,3567.69970703125,34651.62392145673,"(678, 906, 679, 907)",61,34
130,872.0,762.0,1.0,3567.69970703125,34651.62392145673,"(762, 872, 763, 873)",127,10
130,1294.0,822.0,1.0,4581.974609375,34651.62392145673,"(822, 1294, 823, 1295)",51,58
130,1228.9565217391305,903.2173913043479,23.0,4881.18994140625,796987.3501935048,"(899, 1226, 909, 1233)",104,14
130,1000.5,1125.0,2.0,3654.79052734375,69303.24784291346,"(1125, 1000, 1126, 1002)",128,46
130,1145.0,1469.0,1.0,4780.6025390625,34651.62392145673,"(1469, 1145, 1470, 1146)",200,32
130,1154.0,1469.0,5.0,4780.6025390625,173258.11960728368,"(1469, 1152, 1470, 1157)",200,32
130,1142.0,1472.5,4.0,6170.48828125,138606.49568582693,"(1472, 1141, 1474, 1144)",200,32
130,153.5,1613.5,4.0,4387.421875,138606.49568582693,"(1613, 153, 1615, 155)",184,45
130,177.10344827586206,1616.0689655172414,29.0,9765.142578125,1004897.0937222452,"(1613, 171, 1620, 185)",184,45
130,160.5,1614.0,2.0,4483.9345703125,69303.24784291346,"(1614, 160, 1615, 162)",184,45
131,8.0,143.0,1.0,3567.49560546875,34651.62392145673,"(143, 8, 144, 9)",177,7
131,97.75,193.75,8.0,8789.552734375,277212.99137165386,"(191, 97, 197, 99)",80,17
131,1548.0,234.5,2.0,4387.42919921875,69303.24784291346,"(234, 1548, 236, 1549)",68,21
131,929.0,669.0,1.0,3567.49560546875,34651.62392145673,"(669, 929, 670, 930)",61,34
131,626.0,675.0,1.0,3567.49560546875,34651.62392145673,"(675, 626, 676, 627)",55,28
131,905.0,678.0,1.0,3567.49560546875,34651.62392145673,"(678, 905, 679, 906)",61,34
131,574.6666666666666,680.0,3.0,3742.09619140625,103954.8717643702,"(679, 574, 682, 576)",117,40
131,1475.0,722.0,1.0,3654.93359375,34651.62392145673,"(722, 1475, 723, 1476)",152,6
131,1293.3333333333333,821.6666666666666,3.0,4013.20751953125,103954.8717643702,"(821, 1293, 823, 1295)",51,58
131,1131.0,882.0,1.0,3654.93359375,34651.62392145673,"(882, 1131, 883, 1132)",85,9
131,1055.6666666666667,920.6666666666666,3.0,3921.92041015625,103954.8717643702,"(920, 1055, 922, 1057)",35,36
131,1153.5,1468.0,4.0,4198.255859375,138606.49568582693,"(1468, 1152, 1469, 1156)",200,32
131,152.7,1612.6,10.0,5399.01025390625,346516.23921456735,"(1612, 150, 1614, 157)",184,45
131,174.76923076923077,1614.7692307692307,39.0,18035.38671875,1351413.3329368127,"(1612, 167, 1620, 184)",184,45
131,1819.0,2022.0,1.0,3742.09619140625,34651.62392145673,"(2022, 1819, 2023, 1820)",46,47
132,8.0,143.0,1.0,3567.64599609375,34651.62392145673,"(143, 8, 144, 9)",177,7
132,97.72727272727273,193.27272727272728,11.0,8387.134765625,381167.86313602404,"(191, 97, 197, 100)",80,17
132,96.0,196.0,1.0,3654.7021484375,34651.62392145673,"(196, 96, 197, 97)",80,17
132,96.4,202.0,5.0,4780.51318359375,173258.11960728368,"(200, 96, 205, 98)",80,17
132,1529.0,233.0,1.0,3567.64599609375,34651.62392145673,"(233, 1529, 234, 1530)",132,23
132,1548.0,235.0,1.0,4581.8232421875,34651.62392145673,"(235, 1548, 236, 1549)",68,21
132,1590.0,270.5,2.0,3742.0546875,69303.24784291346,"(270, 1590, 272, 1591)",107,24
132,1885.0,494.0,1.0,3742.0546875,34651.62392145673,"(494, 1885, 495, 1886)",108,47
132,915.0,668.0,1.0,3567.64599609375,34651.62392145673,"(668, 915, 669, 916)",61,34
132,930.0,669.0,1.0,3567.64599609375,34651.62392145673,"(669, 930, 670, 931)",61,34
132,906.0,677.5,2.0,3567.64599609375,69303.24784291346,"(677, 906, 679, 907)",61,34
132,574.0,679.0,1.0,3567.64599609375,34651.62392145673,"(679, 574, 680, 575)",117,40
132,871.0,764.0,1.0,3567.64599609375,34651.62392145673,"(764, 871, 765, 872)",127,10
132,1294.5,821.5,2.0,4581.8232421875,69303.24784291346,"(821, 1294, 823, 1296)",51,58
132,1000.0,1125.0,1.0,3742.0546875,34651.62392145673,"(1125, 1000, 1126, 1001)",128,46
132,1143.0,1470.0,1.0,4012.99560546875,34651.62392145673,"(1470, 1143, 1471, 1144)",200,32
132,174.5,1615.2037037037037,54.0,16512.3984375,1871187.6917586636,"(1612, 165, 1621, 185)",184,45
133,97.125,196.0625,16.0,5188.28564453125,554425.9827433077,"(191, 95, 201, 99)",80,17
133,1548.6666666666667,236.33333333333334,3.0,4105.72802734375,103954.8717643702,"(236, 1548, 238, 1550)",68,21
133,1771.0,312.0,1.0,3567.5927734375,34651.62392145673,"(312, 1771, 313, 1772)",229,5
133,1884.4,496.4,5.0,5188.28564453125,173258.11960728368,"(496, 1883, 498, 1887)",108,47
133,1208.9411764705883,692.9411764705883,17.0,4981.76904296875,589077.6066647645,"(691, 1206, 696, 1213)",91,31
133,1431.0,699.0,1.0,4013.06005859375,34651.62392145673,"(699, 1431, 700, 1432)",134,5
133,1384.2,716.4,5.0,4387.37158203125,173258.11960728368,"(715, 1384, 719, 1386)",63,15
133,1294.5,823.5,2.0,3921.71630859375,69303.24784291346,"(823, 1294, 825, 1296)",51,58
133,1013.5,1116.5,2.0,3567.5927734375,69303.24784291346,"(1116, 1013, 1118, 1015)",128,46
133,989.0,1128.0,1.0,3567.5927734375,34651.62392145673,"(1128, 989, 1129, 990)",128,46
133,1155.5,1469.0,4.0,4105.72802734375,138606.49568582693,"(1469, 1154, 1470, 1158)",200,32
133,1142.2,1473.4,5.0,5615.21923828125,173258.11960728368,"(1472, 1141, 1475, 1144)",200,32
133,160.0,1613.0,1.0,3654.96533203125,34651.62392145673,"(1613, 160, 1614, 161)",184,45
133,173.67924528301887,1616.4905660377358,53.0,10493.5146484375,1836536.0678372069,"(1613, 162, 1622, 186)",184,45
134,10.0,142.0,1.0,3567.4951171875,34651.62392145673,"(142, 10, 143, 11)",177,7
134,98.0,191.0,3.0,5506.3564453125,103954.8717643702,"(190, 98, 193, 99)",80,17
134,97.0,196.5,2.0,3741.8486328125,69303.24784291346,"(196, 97, 198, 98)",80,17
134,1550.0,235.0,1.0,3654.671875,34651.62392145673,"(235, 1550, 236, 1551)",68,21
134,1770.0,311.5,2.0,3741.8486328125,69303.24784291346,"(311, 1770, 313, 1771)",229,5
134,1439.0,379.0,1.0,3567.4951171875,34651.62392145673,"(379, 1439, 380, 1440)",140,9
134,1885.0,495.25,8.0,5188.4189453125,277212.99137165386,"(494, 1883, 497, 1888)",108,47
134,916.0,668.0,1.0,3654.671875,34651.62392145673,"(668, 916, 669, 917)",61,34
134,1385.0,714.5,2.0,4198.2431640625,69303.24784291346,"(714, 1385, 716, 1386)",63,15
134,119.0,795.0,1.0,3567.4951171875,34651.62392145673,"(795, 119, 796, 120)",58,42
134,1295.5,822.5,2.0,3831.822265625,69303.24784291346,"(822, 1295, 824, 1297)",51,58
134,1228.0,905.0,1.0,3567.4951171875,34651.62392145673,"(905, 1228, 906, 1229)",104,14
134,1015.0,1114.0,1.0,3567.4951171875,34651.62392145673,"(1114, 1015, 1115, 1016)",128,46
134,1154.0,1467.5,6.0,5614.9775390625,207909.7435287404,"(1467, 1152, 1469, 1157)",200,32
134,1160.0,1467.0,1.0,3654.671875,34651.62392145673,"(1467, 1160, 1468, 1161)",200,32
134,1146.0,1468.0,1.0,3741.8486328125,34651.62392145673,"(1468, 1146, 1469, 1147)",200,32
134,1142.5,1471.8333333333333,6.0,4679.8115234375,207909.7435287404,"(1470, 1141, 1474, 1145)",200,32
134,172.02272727272728,1614.3636363636363,44.0,7993.91796875,1524671.4525440962,"(1611, 159, 1620, 186)",184,45
135,97.0,189.0,3.0,6170.669921875,103954.8717643702,"(188, 97, 191, 98)",80,17
135,1770.0,310.0,1.0,3654.671875,34651.62392145673,"(310, 1770, 311, 1771)",229,5
135,1884.0,495.5,2.0,4105.4716796875,69303.24784291346,"(495, 1884, 497, 1885)",108,47
135,1887.0,495.0,1.0,3741.8486328125,34651.62392145673,"(495, 1887, 496, 1888)",108,47
135,915.5,668.0,2.0,3831.822265625,69303.24784291346,"(668, 915, 669, 917)",61,34
135,1374.0,683.5,2.0,3654.671875,69303.24784291346,"(683, 1374, 685, 1375)",222,10
135,872.0,764.0,1.0,3567.4951171875,34651.62392145673,"(764, 872, 765, 873)",127,10
135,1295.3333333333333,822.6666666666666,3.0,4198.2431640625,103954.8717643702,"(822, 1295, 824, 1297)",51,58
135,1227.0,906.5,2.0,4387.513671875,69303.24784291346,"(906, 1227, 908, 1228)",104,14
135,1209.0,917.0,1.0,3567.4951171875,34651.62392145673,"(917, 1209, 918, 1210)",82,36
135,1015.0,1114.0,1.0,3567.4951171875,34651.62392145673,"(1114, 1015, 1115, 1016)",128,46
135,1002.0,1123.0,1.0,3567.4951171875,34651.62392145673,"(1123, 1002, 1124, 1003)",128,46
135,1154.2222222222222,1467.5555555555557,9.0,6751.5361328125,311864.6152931106,"(1467, 1152, 1469, 1157)",200,32
135,1142.0,1472.0,3.0,3831.822265625,103954.8717643702,"(1471, 1141, 1474, 1144)",200,32
135,171.33333333333334,1614.6153846153845,39.0,6400.0322265625,1351413.3329368127,"(1611, 157, 1620, 185)",184,45
135,170.0,1612.0,1.0,3831.822265625,34651.62392145673,"(1612, 170, 1613, 171)",184,45
136,96.25,189.25,4.0,5614.923828125,138606.49568582693,"(188, 96, 191, 98)",80,17
136,1531.0,243.0,1.0,3567.5224609375,34651.62392145673,"(243, 1531, 244, 1532)",132,23
136,1588.0,286.0,1.0,3741.9404296875,34651.62392145673,"(286, 1588, 287, 1589)",231,9
136,1884.5,495.0,2.0,4198.111328125,69303.24784291346,"(495, 1884, 496, 1886)",108,47
136,598.0,655.0,1.0,3567.5224609375,34651.62392145673,"(655, 598, 656, 599)",117,40
136,915.0,668.0,1.0,3654.7314453125,34651.62392145673,"(668, 915, 669, 916)",61,34
136,1384.5,716.0,2.0,3921.7255859375,69303.24784291346,"(716, 1384, 717, 1386)",63,15
136,1294.5,822.5,2.0,3921.7255859375,69303.24784291346,"(822, 1294, 824, 1296)",51,58
136,1227.3636363636363,904.6363636363636,11.0,4292.029296875,381167.86313602404,"(901, 1226, 909, 1230)",104,14
136,1141.75,909.75,40.0,4483.888671875,1386064.9568582694,"(908, 1131, 912, 1152)",73,10
136,1001.5,1123.0,2.0,3567.5224609375,69303.24784291346,"(1123, 1001, 1124, 1003)",128,46
136,1153.888888888889,1467.5555555555557,9.0,7359.55224609375,311864.6152931106,"(1467, 1151, 1469, 1157)",200,32
136,1141.6,1472.2,5.0,5506.248046875,173258.11960728368,"(1471, 1141, 1474, 1143)",200,32
136,160.5,1612.0,2.0,3831.8330078125,69303.24784291346,"(1612, 160, 1613, 162)",184,45
136,168.5,1614.0,2.0,3831.8330078125,69303.24784291346,"(1614, 168, 1615, 170)",184,45
136,178.7,1617.5,20.0,7484.32861328125,693032.4784291347,"(1615, 171, 1621, 186)",184,45
137,94.25,187.25,4.0,4387.2978515625,138606.49568582693,"(186, 94, 189, 96)",80,17
137,1529.0,241.0,1.0,3567.673828125,34651.62392145673,"(241, 1529, 242, 1530)",132,23
137,1648.0,371.3333333333333,3.0,3921.71728515625,103954.8717643702,"(371, 1647, 373, 1650)",209,9
137,1881.0,493.0,1.0,3567.673828125,34651.62392145673,"(493, 1881, 494, 1882)",108,47
137,1883.5,493.0,2.0,3742.03369140625,69303.24784291346,"(493, 1883, 494, 1885)",108,47
137,912.0,667.0,1.0,3567.673828125,34651.62392145673,"(667, 912, 668, 913)",61,34
137,623.0,675.0,1.0,3567.673828125,34651.62392145673,"(675, 623, 676, 624)",55,28
137,1383.0,714.0,1.0,3567.673828125,34651.62392145673,"(714, 1383, 715, 1384)",63,15
137,893.8,735.8,5.0,3742.03369140625,173258.11960728368,"(735, 893, 738, 896)",109,59
137,1292.6666666666667,821.0,3.0,4105.66015625,103954.8717643702,"(820, 1292, 823, 1294)",51,58
137,1195.5,859.6666666666666,6.0,3742.03369140625,207909.7435287404,"(858, 1194, 862, 1198)",52,10
137,1294.0,885.0,1.0,3567.673828125,34651.62392145673,"(885, 1294, 886, 1295)",65,48
137,1286.0,901.0,1.0,3567.673828125,34651.62392145673,"(901, 1286, 902, 1287)",65,48
137,1049.0,934.0,1.0,3567.673828125,34651.62392145673,"(934, 1049, 935, 1050)",35,36
137,1154.125,1465.125,8.0,6400.0224609375,277212.99137165386,"(1465, 1151, 1467, 1158)",200,32
137,1139.0,1470.6666666666667,3.0,4483.927734375,103954.8717643702,"(1470, 1138, 1472, 1141)",200,32
137,151.0,1609.0,1.0,3654.720703125,34651.62392145673,"(1609, 151, 1610, 152)",184,45
137,176.76,1615.64,25.0,8926.5087890625,866290.5980364183,"(1613, 170, 1620, 184)",184,45
138,95.0,189.0,3.0,4780.54052734375,103954.8717643702,"(188, 95, 191, 96)",80,17
138,1882.0,494.0,1.0,3567.55224609375,34651.62392145673,"(494, 1882, 495, 1883)",108,47
138,608.5,611.0,2.0,3654.911376953125,69303.24784291346,"(611, 608, 612, 610)",161,19
138,911.0,668.0,1.0,3567.55224609375,34651.62392145673,"(668, 911, 669, 912)",61,34
138,930.0,669.0,1.0,3567.55224609375,34651.62392145673,"(669, 930, 670, 931)",61,34
138,1293.0,821.5,2.0,3742.06982421875,69303.24784291346,"(821, 1293, 823, 1294)",51,58
138,1131.0,909.0,1.0,3567.55224609375,34651.62392145673,"(909, 1131, 910, 1132)",73,10
138,1153.8333333333333,1465.8333333333333,6.0,5833.8720703125,207909.7435287404,"(1465, 1152, 1467, 1157)",200,32
138,1158.0,1466.0,1.0,3921.80908203125,34651.62392145673,"(1466, 1158, 1467, 1159)",200,32
138,1145.5,1467.0,2.0,4105.564453125,69303.24784291346,"(1467, 1145, 1468, 1147)",200,32
138,1141.5,1470.0,4.0,4981.76806640625,138606.49568582693,"(1469, 1141, 1472, 1143)",200,32
138,177.9,1616.75,20.0,7865.2255859375,693032.4784291347,"(1614, 172, 1620, 184)",184,45
139,96.4,189.6,5.0,5293.0478515625,173258.11960728368,"(188, 96, 192, 98)",80,17
139,611.0,613.0,1.0,3567.55224609375,34651.62392145673,"(613, 611, 614, 612)",161,19
139,915.0,669.5,2.0,3567.55224609375,69303.24784291346,"(669, 915, 671, 916)",61,34
139,114.0,838.0,1.0,3654.911376953125,34651.62392145673,"(838, 114, 839, 115)",30,16
139,1208.4,916.0,10.0,4292.1318359375,346516.23921456735,"(915, 1207, 918, 1211)",82,36
139,1052.5,960.0,2.0,3921.80908203125,69303.24784291346,"(960, 1052, 961, 1054)",141,9
139,1014.0,1115.0,3.0,3654.911376953125,103954.8717643702,"(1114, 1013, 1117, 1016)",128,46
139,1157.5,1467.0,8.0,5506.3251953125,277212.99137165386,"(1467, 1154, 1468, 1162)",200,32
139,1146.75,1468.25,4.0,4105.564453125,138606.49568582693,"(1468, 1146, 1470, 1149)",200,32
139,1142.5,1471.5,2.0,3742.06982421875,69303.24784291346,"(1471, 1142, 1473, 1144)",200,32
139,180.58333333333334,1618.6666666666667,12.0,6056.587890625,415819.4870574808,"(1617, 177, 1621, 185)",184,45
140,696.0,61.0,1.0,3742.16455078125,34651.62392145673,"(61, 696, 62, 697)",78,22
140,96.4,189.6,5.0,5188.42333984375,173258.11960728368,"(188, 96, 192, 98)",80,17
140,1460.75,381.25,4.0,4387.32373046875,138606.49568582693,"(380, 1460, 383, 1462)",89,16
140,1893.4,500.2,5.0,4387.32373046875,173258.11960728368,"(499, 1893, 502, 1895)",108,47
140,114.0,506.0,1.0,3742.16455078125,34651.62392145673,"(506, 114, 507, 115)",201,10
140,915.0,669.5,2.0,3654.814453125,69303.24784291346,"(669, 915, 671, 916)",61,34
140,1208.5,917.0,12.0,4484.0537109375,415819.4870574808,"(916, 1207, 919, 1211)",82,36
140,1014.6666666666666,1116.6666666666667,3.0,3654.814453125,103954.8717643702,"(1116, 1014, 1118, 1016)",128,46
140,1140.0,1467.0,1.0,3921.84765625,34651.62392145673,"(1467, 1140, 1468, 1141)",200,32
140,1142.5,1471.5,4.0,4881.23291015625,138606.49568582693,"(1471, 1142, 1473, 1144)",200,32
140,180.66666666666666,1619.3333333333333,9.0,5615.2080078125,311864.6152931106,"(1618, 178, 1622, 184)",184,45
141,696.5,60.0,2.0,3832.002685546875,69303.24784291346,"(60, 696, 61, 698)",78,22
141,0.0,139.0,1.0,3567.690185546875,34651.62392145673,"(139, 0, 140, 1)",177,7
141,96.66666666666667,189.0,3.0,4484.03173828125,103954.8717643702,"(188, 96, 191, 98)",80,17
141,1460.0,382.5,2.0,3832.002685546875,69303.24784291346,"(382, 1460, 384, 1461)",89,16
141,1885.5,494.0,2.0,4292.142578125,69303.24784291346,"(494, 1885, 495, 1887)",108,47
141,1890.6,496.4,5.0,4105.7236328125,173258.11960728368,"(495, 1889, 499, 1893)",108,47
141,114.0,505.0,1.0,3567.690185546875,34651.62392145673,"(505, 114, 506, 115)",201,10
141,915.0,668.0,1.0,3567.690185546875,34651.62392145673,"(668, 915, 669, 916)",61,34
141,893.0,735.0,1.0,3832.002685546875,34651.62392145673,"(735, 893, 736, 894)",109,59
141,935.0,742.0,1.0,3567.690185546875,34651.62392145673,"(742, 935, 743, 936)",143,19
141,1208.3333333333333,916.1111111111111,9.0,4105.7236328125,311864.6152931106,"(915, 1207, 918, 1211)",82,36
141,1014.75,1115.0,4.0,3742.0751953125,138606.49568582693,"(1114, 1014, 1117, 1016)",128,46
141,1002.0,1121.0,1.0,3567.690185546875,34651.62392145673,"(1121, 1002, 1122, 1003)",128,46
141,1148.0,1468.0,1.0,3567.690185546875,34651.62392145673,"(1468, 1148, 1469, 1149)",200,32
141,159.57142857142858,1611.857142857143,7.0,4292.142578125,242561.3674501971,"(1611, 157, 1613, 163)",184,45
141,178.92307692307693,1617.076923076923,13.0,4981.8056640625,450471.11097893753,"(1615, 175, 1620, 184)",184,45
142,0.0,139.0,1.0,3654.927001953125,34651.62392145673,"(139, 0, 140, 1)",177,7
142,96.0,188.5,2.0,4105.6083984375,69303.24784291346,"(188, 96, 190, 97)",80,17
142,1588.0,286.0,1.0,3742.04248046875,34651.62392145673,"(286, 1588, 287, 1589)",231,9
142,1742.5625,325.375,16.0,4881.11328125,554425.9827433077,"(323, 1740, 329, 1746)",14,37
142,1461.0,378.5,2.0,3832.003662109375,69303.24784291346,"(378, 1461, 380, 1462)",89,16
142,1460.0,382.5,2.0,3832.003662109375,69303.24784291346,"(382, 1460, 384, 1461)",89,16
142,1884.0,487.0,1.0,3567.59228515625,34651.62392145673,"(487, 1884, 488, 1885)",108,47
142,113.5,504.5,2.0,3654.927001953125,69303.24784291346,"(504, 113, 506, 115)",201,10
142,892.3333333333334,734.6666666666666,3.0,3654.927001953125,103954.8717643702,"(734, 892, 736, 894)",109,59
142,1292.5,821.5,6.0,4981.79931640625,207909.7435287404,"(821, 1291, 823, 1295)",51,58
142,1208.1,915.8,10.0,4387.5302734375,346516.23921456735,"(914, 1207, 918, 1210)",82,36
142,1404.6666666666667,947.3333333333334,3.0,3832.003662109375,103954.8717643702,"(947, 1404, 949, 1406)",54,40
142,625.0,1065.0,1.0,3567.59228515625,34651.62392145673,"(1065, 625, 1066, 626)",237,29
142,1014.1666666666666,1114.1666666666667,6.0,3921.74609375,207909.7435287404,"(1113, 1013, 1116, 1016)",128,46
142,1156.0,1466.0,1.0,3654.927001953125,34651.62392145673,"(1466, 1156, 1467, 1157)",200,32
142,155.0,1610.0,1.0,3567.59228515625,34651.62392145673,"(1610, 155, 1611, 156)",184,45
142,161.75,1612.0625,16.0,5085.1123046875,554425.9827433077,"(1611, 157, 1614, 167)",184,45
142,173.0,1614.0,1.0,3654.927001953125,34651.62392145673,"(1614, 173, 1615, 174)",184,45
142,175.0,1615.0,1.0,3742.04248046875,34651.62392145673,"(1615, 175, 1616, 176)",184,45
142,179.0,1617.0,7.0,4484.05810546875,242561.3674501971,"(1616, 177, 1619, 182)",184,45
143,96.0,189.0,1.0,4013.1123046875,34651.62392145673,"(189, 96, 190, 97)",80,17
143,1461.0,379.75,4.0,4780.6298828125,138606.49568582693,"(379, 1460, 382, 1463)",89,16
143,1374.3333333333333,683.6666666666666,3.0,3831.884033203125,103954.8717643702,"(683, 1374, 685, 1376)",222,10
143,892.2,735.6,5.0,3921.849365234375,173258.11960728368,"(735, 891, 737, 894)",109,59
143,924.0,762.0,1.0,3742.134765625,34651.62392145673,"(762, 924, 763, 925)",146,11
143,1286.0,910.0,1.0,3654.7646484375,34651.62392145673,"(910, 1286, 911, 1287)",65,48
143,1207.875,916.75,8.0,4483.9169921875,277212.99137165386,"(915, 1207, 919, 1210)",82,36
143,1014.0,1115.5,2.0,3567.610595703125,69303.24784291346,"(1115, 1014, 1117, 1015)",128,46
143,1012.0,1118.0,1.0,3742.134765625,34651.62392145673,"(1118, 1012, 1119, 1013)",128,46
143,166.0,1613.5,4.0,5399.1416015625,138606.49568582693,"(1613, 165, 1615, 168)",184,45
143,174.9,1615.7,10.0,4387.4638671875,346516.23921456735,"(1614, 172, 1619, 180)",184,45
143,181.0,1619.0,1.0,3654.7646484375,34651.62392145673,"(1619, 181, 1620, 182)",184,45
144,696.0,60.5,2.0,3831.90576171875,69303.24784291346,"(60, 696, 62, 697)",78,22
144,1742.0,325.0,7.0,4105.6552734375,242561.3674501971,"(324, 1741, 327, 1744)",14,37
144,114.5,505.5,4.0,4679.98193359375,138606.49568582693,"(505, 114, 507, 116)",201,10
144,631.0,607.0,1.0,3742.04541015625,34651.62392145673,"(607, 631, 608, 632)",156,25
144,1374.75,684.0,4.0,3921.7666015625,138606.49568582693,"(683, 1374, 686, 1376)",222,10
144,893.0,735.5,4.0,4198.12060546875,138606.49568582693,"(735, 892, 737, 895)",109,59
144,122.0,815.0,1.0,3742.04541015625,34651.62392145673,"(815, 122, 816, 123)",58,42
144,147.0,819.5,2.0,4013.18994140625,69303.24784291346,"(819, 147, 821, 148)",238,5
144,1207.875,917.125,8.0,4292.1484375,277212.99137165386,"(916, 1207, 919, 1210)",82,36
144,1211.0,918.0,1.0,3654.78955078125,34651.62392145673,"(918, 1211, 919, 1212)",82,36
144,1014.0,1116.0,1.0,3567.533203125,34651.62392145673,"(1116, 1014, 1117, 1015)",128,46
144,1012.5,1118.0,2.0,3742.04541015625,69303.24784291346,"(1118, 1012, 1119, 1014)",128,46
144,157.5,1612.0,4.0,4105.6552734375,138606.49568582693,"(1612, 156, 1613, 160)",184,45
144,173.21621621621622,1615.837837837838,37.0,5833.84423828125,1282110.0850938992,"(1613, 164, 1621, 185)",184,45
144,223.0,1901.0,1.0,3831.90576171875,34651.62392145673,"(1901, 223, 1902, 224)",205,5
145,696.0,61.0,1.0,3567.536376953125,34651.62392145673,"(61, 696, 62, 697)",78,22
145,0.0,139.0,1.0,3567.536376953125,34651.62392145673,"(139, 0, 140, 1)",177,7
145,1468.0,389.0,1.0,3567.536376953125,34651.62392145673,"(389, 1468, 390, 1469)",89,16
145,114.4,506.4,5.0,4881.1142578125,173258.11960728368,"(505, 113, 508, 116)",201,10
145,1376.0,681.0,1.0,3567.536376953125,34651.62392145673,"(681, 1376, 682, 1377)",222,10
145,1375.0,684.5,2.0,3831.8857421875,69303.24784291346,"(684, 1375, 686, 1376)",222,10
145,121.0,803.0,1.0,3567.536376953125,34651.62392145673,"(803, 121, 804, 122)",58,42
145,122.5,816.0,2.0,3654.896484375,69303.24784291346,"(816, 122, 817, 124)",58,42
145,1298.0,824.5,2.0,3654.896484375,69303.24784291346,"(824, 1298, 826, 1299)",51,58
145,1280.0,893.0,1.0,3567.536376953125,34651.62392145673,"(893, 1280, 894, 1281)",65,48
145,1208.6666666666667,918.1111111111111,9.0,4387.359375,311864.6152931106,"(917, 1207, 920, 1211)",82,36
145,627.0,1066.0,1.0,3654.896484375,34651.62392145673,"(1066, 627, 1067, 628)",237,29
145,1015.5,1117.0,2.0,3654.896484375,69303.24784291346,"(1117, 1015, 1118, 1017)",128,46
145,1005.0,1126.0,1.0,3567.536376953125,34651.62392145673,"(1126, 1005, 1127, 1006)",128,46
145,164.23333333333332,1615.0,30.0,7113.9013671875,1039548.7176437019,"(1613, 155, 1619, 176)",184,45
145,168.0,1613.0,1.0,4013.186279296875,34651.62392145673,"(1613, 168, 1614, 169)",184,45
145,170.0,1614.0,1.0,3567.536376953125,34651.62392145673,"(1614, 170, 1615, 171)",184,45
145,182.5,1620.375,8.0,4582.0478515625,277212.99137165386,"(1619, 179, 1623, 187)",184,45
146,1449.0,196.0,1.0,3567.51953125,34651.62392145673,"(196, 1449, 197, 1450)",9,6
146,1742.5,325.5,4.0,4292.0341796875,138606.49568582693,"(325, 1742, 327, 1744)",14,37
146,1468.0,387.5,2.0,3742.130859375,69303.24784291346,"(387, 1468, 389, 1469)",89,16
146,114.2,505.6,5.0,4981.79296875,173258.11960728368,"(505, 113, 507, 116)",201,10
146,914.5,670.5,2.0,3654.8251953125,69303.24784291346,"(670, 914, 672, 916)",61,34
146,1375.0,683.0,1.0,3567.51953125,34651.62392145673,"(683, 1375, 684, 1376)",222,10
146,893.0,735.0,1.0,3567.51953125,34651.62392145673,"(735, 893, 736, 894)",109,59
146,925.0,761.0,1.0,3567.51953125,34651.62392145673,"(761, 925, 762, 926)",146,11
146,121.0,803.0,3.0,4013.15234375,103954.8717643702,"(802, 121, 805, 122)",58,42
146,122.0,815.0,1.0,3742.130859375,34651.62392145673,"(815, 122, 816, 123)",58,42
146,1297.6666666666667,823.3333333333334,3.0,3831.919921875,103954.8717643702,"(823, 1297, 825, 1299)",51,58
146,1280.0,892.0,1.0,3654.8251953125,34651.62392145673,"(892, 1280, 893, 1281)",65,48
146,1208.2857142857142,917.7142857142857,7.0,4582.0888671875,242561.3674501971,"(917, 1207, 920, 1211)",82,36
146,627.0,1065.5,2.0,3654.8251953125,69303.24784291346,"(1065, 627, 1067, 628)",237,29
146,158.0,1613.0,3.0,3654.8251953125,103954.8717643702,"(1613, 157, 1614, 160)",184,45
146,162.0,1614.0,3.0,4198.1083984375,103954.8717643702,"(1614, 161, 1615, 164)",184,45
146,165.0,1615.0,1.0,3567.51953125,34651.62392145673,"(1615, 165, 1616, 166)",184,45
147,1449.0,195.0,1.0,3567.57763671875,34651.62392145673,"(195, 1449, 196, 1450)",9,6
147,1588.0,286.0,1.0,3567.57763671875,34651.62392145673,"(286, 1588, 287, 1589)",231,9
147,1742.4,325.2,5.0,4105.65869140625,173258.11960728368,"(324, 1742, 327, 1744)",14,37
147,1467.6,389.0,5.0,3921.75390625,173258.11960728368,"(387, 1467, 392, 1469)",89,16
147,1882.3333333333333,498.6666666666667,3.0,4105.65869140625,103954.8717643702,"(498, 1882, 500, 1884)",108,47
147,114.2,504.4,5.0,4483.91015625,173258.11960728368,"(503, 113, 506, 116)",201,10
147,915.0,669.0,1.0,3567.57763671875,34651.62392145673,"(669, 915, 670, 916)",61,34
147,1438.0,716.0,1.0,4198.19091796875,34651.62392145673,"(716, 1438, 717, 1439)",83,12
147,121.0,802.75,8.0,4881.306640625,277212.99137165386,"(801, 120, 805, 123)",58,42
147,124.0,815.0,1.0,3567.57763671875,34651.62392145673,"(815, 124, 816, 125)",58,42
147,1294.5,819.0,2.0,3741.91015625,69303.24784291346,"(819, 1294, 820, 1296)",51,58
147,1297.4,823.2,5.0,4292.173828125,173258.11960728368,"(822, 1297, 825, 1299)",51,58
147,1280.0,892.0,1.0,3567.57763671875,34651.62392145673,"(892, 1280, 893, 1281)",65,48
147,1288.0,907.0,1.0,3567.57763671875,34651.62392145673,"(907, 1288, 908, 1289)",65,48
147,1207.8,917.1,10.0,4780.65234375,346516.23921456735,"(916, 1206, 919, 1210)",82,36
147,1208.0,921.0,1.0,3741.91015625,34651.62392145673,"(921, 1208, 922, 1209)",82,36
147,628.0,1064.0,1.0,3654.88916015625,34651.62392145673,"(1064, 628, 1065, 629)",237,29
148,693.5,57.5,2.0,3741.9521484375,69303.24784291346,"(57, 693, 59, 695)",78,22
148,1467.0,389.0,1.0,3831.86083984375,34651.62392145673,"(389, 1467, 390, 1468)",89,16
148,114.2,503.6,5.0,3831.86083984375,173258.11960728368,"(503, 113, 505, 116)",201,10
148,630.0,605.5,2.0,3567.5185546875,69303.24784291346,"(605, 630, 607, 631)",156,25
148,1438.3333333333333,715.6666666666666,3.0,4981.8291015625,103954.8717643702,"(715, 1438, 717, 1440)",83,12
148,925.1666666666666,760.8333333333334,6.0,3921.76904296875,207909.7435287404,"(760, 924, 763, 927)",146,11
148,120.5,802.0,8.0,4881.15283203125,277212.99137165386,"(800, 120, 805, 122)",58,42
148,1297.5,822.5,4.0,4582.0859375,138606.49568582693,"(822, 1297, 824, 1299)",51,58
148,1287.5,906.5,2.0,3654.7353515625,69303.24784291346,"(906, 1287, 908, 1289)",65,48
148,1207.888888888889,916.2222222222222,9.0,4582.0859375,311864.6152931106,"(915, 1206, 918, 1210)",82,36
148,628.5,1063.0,2.0,3921.76904296875,69303.24784291346,"(1063, 628, 1064, 630)",237,29
148,165.0,1618.0,1.0,3567.5185546875,34651.62392145673,"(1618, 165, 1619, 166)",184,45
149,27.0,40.0,1.0,3567.75,34651.62392145673,"(40, 27, 41, 28)",137,9
149,691.0,56.0,1.0,3654.91455078125,34651.62392145673,"(56, 691, 57, 692)",78,22
149,1648.5,371.25,8.0,3831.98291015625,277212.99137165386,"(370, 1647, 373, 1651)",209,9
149,113.0,501.0,1.0,3567.75,34651.62392145673,"(501, 113, 502, 114)",201,10
149,628.0,604.0,1.0,3567.75,34651.62392145673,"(604, 628, 605, 629)",156,25
149,1436.0,713.0,1.0,3742.07861328125,34651.62392145673,"(713, 1436, 714, 1437)",83,12
149,120.0,812.0,1.0,3921.88671875,34651.62392145673,"(812, 120, 813, 121)",58,42
149,1294.75,821.0,4.0,4198.322265625,138606.49568582693,"(820, 1294, 823, 1296)",51,58
149,131.5,827.5,2.0,3654.91455078125,69303.24784291346,"(827, 131, 829, 133)",58,42
149,1195.6,859.8,5.0,3831.98291015625,173258.11960728368,"(859, 1194, 862, 1198)",52,10
149,1143.0,883.7142857142857,7.0,4198.322265625,242561.3674501971,"(883, 1142, 886, 1145)",144,11
149,1285.0,905.0,1.0,3654.91455078125,34651.62392145673,"(905, 1285, 906, 1286)",65,48
149,1047.0,936.0,1.0,3567.75,34651.62392145673,"(936, 1047, 937, 1048)",35,36
149,18.0,940.0,1.0,3831.98291015625,34651.62392145673,"(940, 18, 941, 19)",36,7
149,158.0,1614.0,1.0,3742.07861328125,34651.62392145673,"(1614, 158, 1615, 159)",184,45
149,160.0,1615.0,1.0,4292.2109375,34651.62392145673,"(1615, 160, 1616, 161)",184,45
149,163.5,1617.0,4.0,4780.5810546875,138606.49568582693,"(1616, 162, 1619, 166)",184,45
150,0.0,11.0,1.0,3654.74853515625,34651.62392145673,"(11, 0, 12, 1)",131,14
150,692.0,57.0,1.0,4012.98974609375,34651.62392145673,"(57, 692, 58, 693)",78,22
150,1486.0,163.0,1.0,3567.68212890625,34651.62392145673,"(163, 1486, 164, 1487)",204,5
150,1649.4,371.4,5.0,3921.99365234375,173258.11960728368,"(371, 1648, 373, 1652)",209,9
150,1295.0,821.5,2.0,3831.904296875,69303.24784291346,"(821, 1295, 823, 1296)",51,58
150,1195.0,858.0,1.0,3567.68212890625,34651.62392145673,"(858, 1195, 859, 1196)",52,10
150,1284.0,896.0,1.0,3567.68212890625,34651.62392145673,"(896, 1284, 897, 1285)",65,48
150,1286.0,905.0,1.0,3742.1171875,34651.62392145673,"(905, 1286, 906, 1287)",65,48
150,1208.0,919.0,1.0,3567.68212890625,34651.62392145673,"(919, 1208, 920, 1209)",82,36
150,626.0,1062.0,1.0,3567.68212890625,34651.62392145673,"(1062, 626, 1063, 627)",237,29
150,624.5,1064.0,2.0,3567.68212890625,69303.24784291346,"(1064, 624, 1065, 626)",237,29
150,1002.0,1126.0,1.0,3567.68212890625,34651.62392145673,"(1126, 1002, 1127, 1003)",128,46
150,160.8181818181818,1616.0,11.0,5945.07666015625,381167.86313602404,"(1614, 157, 1620, 166)",184,45
151,1588.0,284.0,1.0,3567.740234375,34651.62392145673,"(284, 1588, 285, 1589)",231,9
151,1879.0,498.0,1.0,3742.1201171875,34651.62392145673,"(498, 1879, 499, 1880)",108,47
151,607.5,609.5,2.0,3654.7158203125,69303.24784291346,"(609, 607, 611, 609)",161,19
151,119.0,795.0,1.0,3567.740234375,34651.62392145673,"(795, 119, 796, 120)",58,42
151,1293.5,818.5,2.0,3832.0947265625,69303.24784291346,"(818, 1293, 820, 1295)",51,58
151,1295.5,823.0,2.0,3832.0947265625,69303.24784291346,"(823, 1295, 824, 1297)",51,58
151,1286.25,907.0,4.0,4105.447265625,138606.49568582693,"(906, 1286, 909, 1288)",65,48
151,1206.0,917.0,9.0,4981.630859375,311864.6152931106,"(916, 1205, 919, 1208)",82,36
151,1197.0,920.0,1.0,3832.0947265625,34651.62392145673,"(920, 1197, 921, 1198)",82,36
151,1206.5,921.0,2.0,3832.0947265625,69303.24784291346,"(921, 1206, 922, 1208)",82,36
151,1183.842105263158,924.6842105263158,19.0,4484.1982421875,658380.854507678,"(922, 1181, 927, 1188)",119,17
151,625.0,1065.0,1.0,3654.7158203125,34651.62392145673,"(1065, 625, 1066, 626)",237,29
152,1594.0,241.0,1.0,3921.9345703125,34651.62392145673,"(241, 1594, 242, 1595)",107,24
152,1850.0,415.0,1.0,3654.88427734375,34651.62392145673,"(415, 1850, 416, 1851)",207,12
152,924.0,761.0,1.0,3654.88427734375,34651.62392145673,"(761, 924, 762, 925)",146,11
152,1294.6666666666667,818.6666666666666,3.0,4013.116455078125,103954.8717643702,"(818, 1294, 820, 1296)",51,58
152,1296.0,823.5,2.0,3921.9345703125,69303.24784291346,"(823, 1296, 825, 1297)",51,58
152,1285.0,898.0,1.0,3741.9765625,34651.62392145673,"(898, 1285, 899, 1286)",65,48
152,1286.6666666666667,907.3333333333334,3.0,3831.95556640625,103954.8717643702,"(907, 1286, 909, 1288)",65,48
152,1206.7777777777778,917.3333333333334,9.0,4680.01953125,311864.6152931106,"(916, 1205, 920, 1209)",82,36
152,1207.5,921.5,2.0,3741.9765625,69303.24784291346,"(921, 1207, 923, 1209)",82,36
152,1404.0,948.0,1.0,3567.5517578125,34651.62392145673,"(948, 1404, 949, 1405)",54,40
152,1068.0,991.0,1.0,3567.5517578125,34651.62392145673,"(991, 1068, 992, 1069)",247,14
152,627.0,1065.0,1.0,3567.5517578125,34651.62392145673,"(1065, 627, 1066, 628)",237,29
152,624.5,1066.5,2.0,3567.5517578125,69303.24784291346,"(1066, 624, 1068, 626)",237,29
152,157.0,1615.0,1.0,3567.5517578125,34651.62392145673,"(1615, 157, 1616, 158)",184,45
152,159.0,1616.0,1.0,3654.88427734375,34651.62392145673,"(1616, 159, 1617, 160)",184,45
152,164.0,1619.0,1.0,3921.9345703125,34651.62392145673,"(1619, 164, 1620, 165)",184,45
153,1595.3333333333333,241.33333333333334,3.0,4582.0546875,103954.8717643702,"(241, 1595, 243, 1597)",107,24
153,1851.0,416.0,1.0,3832.002685546875,34651.62392145673,"(416, 1851, 417, 1852)",207,12
153,631.0,607.0,1.0,3567.690185546875,34651.62392145673,"(607, 631, 608, 632)",156,25
153,609.0,613.0,1.0,3567.690185546875,34651.62392145673,"(613, 609, 614, 610)",161,19
153,624.5,677.5,2.0,3654.773193359375,69303.24784291346,"(677, 624, 679, 626)",55,28
153,117.33333333333333,739.3333333333334,3.0,4013.17041015625,103954.8717643702,"(739, 117, 741, 119)",182,20
153,120.5,802.5,2.0,3832.002685546875,69303.24784291346,"(802, 120, 804, 122)",58,42
153,1295.3333333333333,819.3333333333334,3.0,4292.142578125,103954.8717643702,"(819, 1295, 821, 1297)",51,58
153,1297.0,824.0,1.0,3567.690185546875,34651.62392145673,"(824, 1297, 825, 1298)",51,58
153,1288.0,908.5,2.0,3654.773193359375,69303.24784291346,"(908, 1288, 910, 1289)",65,48
153,1207.5454545454545,918.0,11.0,4292.142578125,381167.86313602404,"(916, 1206, 921, 1210)",82,36
153,1207.5,923.0,2.0,3832.002685546875,69303.24784291346,"(923, 1207, 924, 1209)",82,36
153,1067.0,984.0,1.0,3567.690185546875,34651.62392145673,"(984, 1067, 985, 1068)",247,14
153,1068.25,988.5,4.0,3654.773193359375,138606.49568582693,"(987, 1068, 991, 1070)",247,14
153,160.15384615384616,1617.1538461538462,13.0,4881.1572265625,450471.11097893753,"(1615, 156, 1621, 166)",184,45
153,167.0,1621.0,1.0,3654.773193359375,34651.62392145673,"(1621, 167, 1622, 168)",184,45
154,1549.0,227.0,1.0,3567.523193359375,34651.62392145673,"(227, 1549, 228, 1550)",68,21
154,1460.0,386.0,1.0,3567.523193359375,34651.62392145673,"(386, 1460, 387, 1461)",89,16
154,1851.3333333333333,415.6666666666667,3.0,4292.162109375,103954.8717643702,"(415, 1851, 417, 1853)",207,12
154,1552.0,573.0,1.0,3567.523193359375,34651.62392145673,"(573, 1552, 574, 1553)",248,17
154,609.0,613.0,1.0,3567.523193359375,34651.62392145673,"(613, 609, 614, 610)",161,19
154,610.5,615.0,2.0,3567.523193359375,69303.24784291346,"(615, 610, 616, 612)",161,19
154,1455.0,711.0,1.0,3567.523193359375,34651.62392145673,"(711, 1455, 712, 1456)",83,12
154,117.4,739.8,5.0,4013.072509765625,173258.11960728368,"(739, 117, 742, 119)",182,20
154,123.0,796.0,1.0,3741.9814453125,34651.62392145673,"(796, 123, 797, 124)",58,42
154,121.0,807.0,5.0,4582.06103515625,173258.11960728368,"(806, 120, 809, 123)",58,42
154,1295.5,819.5,4.0,3921.843994140625,138606.49568582693,"(819, 1295, 821, 1297)",51,58
154,1298.0,824.0,1.0,3567.523193359375,34651.62392145673,"(824, 1298, 825, 1299)",51,58
154,116.0,839.0,1.0,3654.8603515625,34651.62392145673,"(839, 116, 840, 117)",30,16
154,1208.142857142857,918.0,7.0,4105.59814453125,242561.3674501971,"(917, 1206, 920, 1211)",82,36
154,1207.5,923.0,2.0,3741.9814453125,69303.24784291346,"(923, 1207, 924, 1209)",82,36
154,1399.0,933.0,1.0,3567.523193359375,34651.62392145673,"(933, 1399, 934, 1400)",54,40
154,63.0,952.0,1.0,3654.8603515625,34651.62392145673,"(952, 63, 953, 64)",60,21
154,1069.0,989.0,3.0,3654.8603515625,103954.8717643702,"(988, 1069, 991, 1070)",247,14
154,627.5,1065.5,2.0,3741.9814453125,69303.24784291346,"(1065, 627, 1067, 629)",237,29
154,159.53846153846155,1616.3846153846155,13.0,5723.71337890625,450471.11097893753,"(1615, 156, 1620, 165)",184,45
155,1458.6666666666667,387.6666666666667,3.0,3742.0625,103954.8717643702,"(387, 1458, 389, 1460)",89,16
155,1851.0,415.5,2.0,4013.06005859375,69303.24784291346,"(415, 1851, 417, 1852)",207,12
155,1551.5,572.0,4.0,3654.75927734375,138606.49568582693,"(571, 1551, 574, 1553)",248,17
155,1550.4285714285713,582.5714285714286,7.0,3831.96240234375,242561.3674501971,"(580, 1550, 586, 1552)",248,17
155,1549.0,589.0,1.0,3567.7802734375,34651.62392145673,"(589, 1549, 590, 1550)",248,17
155,1548.0,594.0,1.0,3567.7802734375,34651.62392145673,"(594, 1548, 595, 1549)",248,17
155,120.0,796.5,2.0,3831.96240234375,69303.24784291346,"(796, 120, 798, 121)",58,42
155,121.0,806.2,5.0,3921.8623046875,173258.11960728368,"(805, 120, 808, 123)",58,42
155,1295.5,819.0,2.0,4198.376953125,69303.24784291346,"(819, 1295, 820, 1297)",51,58
155,1207.5,917.25,4.0,4013.06005859375,138606.49568582693,"(917, 1206, 919, 1210)",82,36
155,1207.0,922.0,1.0,3567.7802734375,34651.62392145673,"(922, 1207, 923, 1208)",82,36
155,627.0,1066.0,1.0,3654.75927734375,34651.62392145673,"(1066, 627, 1067, 628)",237,29
156,1487.0,166.0,1.0,3654.73974609375,34651.62392145673,"(166, 1487, 167, 1488)",204,5
156,1851.25,415.0,4.0,4981.86328125,138606.49568582693,"(414, 1851, 417, 1853)",207,12
156,1552.0,585.0,1.0,3567.62548828125,34651.62392145673,"(585, 1552, 586, 1553)",248,17
156,1550.0,586.0,1.0,3567.62548828125,34651.62392145673,"(586, 1550, 587, 1551)",248,17
156,1549.0,589.0,1.0,3567.62548828125,34651.62392145673,"(589, 1549, 590, 1550)",248,17
156,1523.0,618.0,1.0,3567.62548828125,34651.62392145673,"(618, 1523, 619, 1524)",251,27
156,116.0,740.1666666666666,6.0,3921.80712890625,207909.7435287404,"(739, 115, 742, 118)",182,20
156,120.33333333333333,805.0,3.0,4013.15283203125,103954.8717643702,"(804, 120, 807, 122)",58,42
156,1295.0,818.5,2.0,3831.955078125,69303.24784291346,"(818, 1295, 820, 1296)",51,58
156,1421.5,856.0,2.0,4292.1669921875,69303.24784291346,"(856, 1421, 857, 1423)",217,23
156,1288.0,907.0,1.0,3654.73974609375,34651.62392145673,"(907, 1288, 908, 1289)",65,48
156,1207.5,917.0,2.0,3654.73974609375,69303.24784291346,"(917, 1207, 918, 1209)",82,36
156,1399.0,933.5,2.0,3921.80712890625,69303.24784291346,"(933, 1399, 935, 1400)",54,40
156,627.0,1065.0,1.0,3654.73974609375,34651.62392145673,"(1065, 627, 1066, 628)",237,29
156,625.0,1066.0,1.0,3567.62548828125,34651.62392145673,"(1066, 625, 1067, 626)",237,29
156,1004.0,1123.0,1.0,3742.10302734375,34651.62392145673,"(1123, 1004, 1124, 1005)",128,46
157,1579.0,237.0,1.0,3832.08935546875,34651.62392145673,"(237, 1579, 238, 1580)",206,5
157,1572.0,250.0,1.0,3567.5419921875,34651.62392145673,"(250, 1572, 251, 1573)",206,5
157,1832.0,349.0,1.0,3742.0849609375,34651.62392145673,"(349, 1832, 350, 1833)",69,26
157,1850.5,415.5,4.0,4483.982421875,138606.49568582693,"(415, 1850, 417, 1852)",207,12
157,1551.3333333333333,571.6666666666666,3.0,3832.08935546875,103954.8717643702,"(571, 1551, 573, 1553)",248,17
157,1551.0,574.0,1.0,3742.0849609375,34651.62392145673,"(574, 1551, 575, 1552)",248,17
157,1548.0,594.0,1.0,3567.5419921875,34651.62392145673,"(594, 1548, 595, 1549)",248,17
157,1548.0,596.0,1.0,3654.99609375,34651.62392145673,"(596, 1548, 597, 1549)",248,17
157,631.6666666666666,607.3333333333334,3.0,3654.99609375,103954.8717643702,"(607, 631, 609, 633)",156,25
157,608.0,612.0,1.0,3742.0849609375,34651.62392145673,"(612, 608, 613, 609)",161,19
157,614.0,637.0,1.0,3654.99609375,34651.62392145673,"(637, 614, 638, 615)",180,7
157,115.57142857142857,739.4285714285714,7.0,4198.30078125,242561.3674501971,"(738, 114, 742, 118)",182,20
157,925.0,761.0,1.0,3567.5419921875,34651.62392145673,"(761, 925, 762, 926)",146,11
157,119.5,803.375,8.0,4013.19091796875,277212.99137165386,"(801, 119, 807, 121)",58,42
157,1295.0,819.0,1.0,3654.99609375,34651.62392145673,"(819, 1295, 820, 1296)",51,58
157,113.0,820.0,1.0,4387.4189453125,34651.62392145673,"(820, 113, 821, 114)",58,42
157,112.0,835.0,1.0,3654.99609375,34651.62392145673,"(835, 112, 836, 113)",30,16
157,1423.0,856.6363636363636,11.0,6633.51708984375,381167.86313602404,"(856, 1421, 859, 1426)",217,23
157,1288.0,907.0,1.0,3567.5419921875,34651.62392145673,"(907, 1288, 908, 1289)",65,48
157,1207.0,918.0,1.0,3742.0849609375,34651.62392145673,"(918, 1207, 919, 1208)",82,36
157,1183.0,925.2857142857143,7.0,4105.74560546875,242561.3674501971,"(924, 1182, 927, 1185)",119,17
157,1067.0,988.0,1.0,3654.99609375,34651.62392145673,"(988, 1067, 989, 1068)",247,14
158,1487.0,166.0,1.0,3567.69970703125,34651.62392145673,"(166, 1487, 167, 1488)",204,5
158,1831.0,348.0,1.0,3567.69970703125,34651.62392145673,"(348, 1831, 349, 1832)",69,26
158,1879.0,497.0,1.0,3742.1357421875,34651.62392145673,"(497, 1879, 498, 1880)",108,47
158,1550.0,572.0,1.0,3832.02783203125,34651.62392145673,"(572, 1550, 573, 1551)",248,17
158,606.0,611.0,1.0,3742.1357421875,34651.62392145673,"(611, 606, 612, 607)",161,19
158,116.0,738.0,1.0,3921.91943359375,34651.62392145673,"(738, 116, 739, 117)",182,20
158,114.0,740.0,1.0,3654.79052734375,34651.62392145673,"(740, 114, 741, 115)",182,20
158,113.0,820.5,2.0,3921.91943359375,69303.24784291346,"(820, 113, 822, 114)",58,42
158,1422.4,855.8,10.0,6399.9287109375,346516.23921456735,"(855, 1420, 858, 1425)",217,23
158,1426.0,856.0,1.0,4013.08447265625,34651.62392145673,"(856, 1426, 857, 1427)",217,23
158,1131.5,882.0,2.0,3742.1357421875,69303.24784291346,"(882, 1131, 883, 1133)",85,9
158,1206.0,918.0,1.0,3654.79052734375,34651.62392145673,"(918, 1206, 919, 1207)",82,36
158,1398.0,933.5,2.0,3921.91943359375,69303.24784291346,"(933, 1398, 935, 1399)",54,40
158,624.5,1065.0,2.0,3567.69970703125,69303.24784291346,"(1065, 624, 1066, 626)",237,29
159,314.4,22.6,5.0,6284.75390625,173258.11960728368,"(21, 314, 25, 316)",254,27
159,1487.0,166.0,1.0,3567.6162109375,34651.62392145673,"(166, 1487, 167, 1488)",204,5
159,1557.0,234.0,1.0,3654.8671875,34651.62392145673,"(234, 1557, 235, 1558)",68,21
159,1591.0,261.0,1.0,3654.8671875,34651.62392145673,"(261, 1591, 262, 1592)",107,24
159,1649.375,371.625,8.0,4013.2294921875,277212.99137165386,"(371, 1647, 374, 1652)",209,9
159,1878.0,497.0,1.0,3921.96728515625,34651.62392145673,"(497, 1878, 498, 1879)",108,47
159,1550.0,574.0,1.0,3567.6162109375,34651.62392145673,"(574, 1550, 575, 1551)",248,17
159,605.0,610.0,1.0,3654.8671875,34651.62392145673,"(610, 605, 611, 606)",161,19
159,606.0,612.0,1.0,3742.11767578125,34651.62392145673,"(612, 606, 613, 607)",161,19
159,116.0,738.0,1.0,3567.6162109375,34651.62392145673,"(738, 116, 739, 117)",182,20
159,920.0,738.0,1.0,3567.6162109375,34651.62392145673,"(738, 920, 739, 921)",143,19
159,114.0,741.0,1.0,3832.04248046875,34651.62392145673,"(741, 114, 742, 115)",182,20
159,113.0,821.0,1.0,3567.6162109375,34651.62392145673,"(821, 113, 822, 114)",58,42
159,1421.5,856.5,4.0,4981.677734375,138606.49568582693,"(856, 1421, 858, 1423)",217,23
159,1199.0,919.0,1.0,3654.8671875,34651.62392145673,"(919, 1199, 920, 1200)",82,36
159,1397.6666666666667,933.3333333333334,3.0,3742.11767578125,103954.8717643702,"(933, 1397, 935, 1399)",54,40
159,623.0,1066.0,1.0,3654.8671875,34651.62392145673,"(1066, 623, 1067, 624)",237,29
160,314.3333333333333,22.666666666666668,3.0,5293.1865234375,103954.8717643702,"(22, 314, 24, 316)",254,27
160,1525.0,236.0,1.0,3567.6279296875,34651.62392145673,"(236, 1525, 237, 1526)",132,23
160,1831.0,348.0,1.0,3567.6279296875,34651.62392145673,"(348, 1831, 349, 1832)",69,26
160,1877.5,495.5,4.0,4780.52587890625,138606.49568582693,"(495, 1877, 497, 1879)",108,47
160,1548.6666666666667,570.6666666666666,3.0,3654.834228515625,103954.8717643702,"(570, 1548, 572, 1550)",248,17
160,1549.0,573.0,1.0,3567.6279296875,34651.62392145673,"(573, 1549, 574, 1550)",248,17
160,1532.0,575.0,1.0,3567.6279296875,34651.62392145673,"(575, 1532, 576, 1533)",248,17
160,1516.0,620.0,1.0,3567.6279296875,34651.62392145673,"(620, 1516, 621, 1517)",251,27
160,115.0,737.0,1.0,3742.040771484375,34651.62392145673,"(737, 115, 738, 116)",182,20
160,937.0,750.0,1.0,3831.832763671875,34651.62392145673,"(750, 937, 751, 938)",143,19
160,112.0,820.0,1.0,3567.6279296875,34651.62392145673,"(820, 112, 821, 113)",58,42
160,116.5,824.0,2.0,3742.040771484375,69303.24784291346,"(824, 116, 825, 118)",58,42
160,136.0,826.0,1.0,4484.1181640625,34651.62392145673,"(826, 136, 827, 137)",58,42
160,1421.5,855.5,8.0,8124.22265625,277212.99137165386,"(855, 1420, 857, 1424)",217,23
160,1397.0,933.5,2.0,3831.832763671875,69303.24784291346,"(933, 1397, 935, 1398)",54,40
160,1050.0,953.0,1.0,3567.6279296875,34651.62392145673,"(953, 1050, 954, 1051)",141,9
160,1009.0,1108.0,1.0,3567.6279296875,34651.62392145673,"(1108, 1009, 1109, 1010)",128,46
161,686.6666666666666,48.333333333333336,3.0,4780.603515625,103954.8717643702,"(48, 686, 50, 688)",78,22
161,1842.0,357.0,1.0,3654.70703125,34651.62392145673,"(357, 1842, 358, 1843)",69,26
161,1876.6666666666667,495.3333333333333,3.0,4387.3828125,103954.8717643702,"(495, 1876, 497, 1878)",108,47
161,1547.0,571.0,1.0,3567.53662109375,34651.62392145673,"(571, 1547, 572, 1548)",248,17
161,1548.6666666666667,573.6666666666666,3.0,3742.1953125,103954.8717643702,"(573, 1548, 575, 1550)",248,17
161,1548.0,576.5,2.0,3742.1953125,69303.24784291346,"(576, 1548, 578, 1549)",248,17
161,605.5,610.0,2.0,3567.53662109375,69303.24784291346,"(610, 605, 611, 607)",161,19
161,608.0,612.5,2.0,3567.53662109375,69303.24784291346,"(612, 608, 614, 609)",161,19
161,1517.0,618.0,1.0,3654.70703125,34651.62392145673,"(618, 1517, 619, 1518)",251,27
161,1516.0,620.5,2.0,3654.70703125,69303.24784291346,"(620, 1516, 622, 1517)",251,27
161,937.0,750.0,1.0,3567.53662109375,34651.62392145673,"(750, 937, 751, 938)",143,19
161,121.0,800.0,1.0,3742.1953125,34651.62392145673,"(800, 121, 801, 122)",58,42
161,117.25,824.25,4.0,3831.91064453125,138606.49568582693,"(824, 116, 826, 119)",58,42
161,136.0,826.0,1.0,3567.53662109375,34651.62392145673,"(826, 136, 827, 137)",58,42
161,1131.0,882.0,1.0,3831.91064453125,34651.62392145673,"(882, 1131, 883, 1132)",85,9
161,1057.5,917.5,2.0,3654.70703125,69303.24784291346,"(917, 1057, 919, 1059)",35,36
161,1199.0,923.0,1.0,3654.70703125,34651.62392145673,"(923, 1199, 924, 1200)",82,36
161,1050.0,953.0,1.0,3921.9443359375,34651.62392145673,"(953, 1050, 954, 1051)",141,9
161,624.0,1064.0,1.0,3742.1953125,34651.62392145673,"(1064, 624, 1065, 625)",237,29
162,313.8333333333333,22.0,6.0,7359.3447265625,207909.7435287404,"(21, 313, 24, 316)",254,27
162,312.0,25.0,1.0,3921.85986328125,34651.62392145673,"(25, 312, 26, 313)",254,27
162,686.6,47.8,5.0,6400.07421875,173258.11960728368,"(47, 686, 50, 688)",78,22
162,1744.0,337.0,1.0,3567.6279296875,34651.62392145673,"(337, 1744, 338, 1745)",14,37
162,1842.0,357.0,1.0,3654.834228515625,34651.62392145673,"(357, 1842, 358, 1843)",69,26
162,1877.1666666666667,495.8333333333333,6.0,5506.38427734375,207909.7435287404,"(495, 1876, 498, 1880)",108,47
162,1548.2,576.4,5.0,3921.85986328125,173258.11960728368,"(575, 1548, 579, 1550)",248,17
162,606.0,610.0,1.0,3567.6279296875,34651.62392145673,"(610, 606, 611, 607)",161,19
162,1516.4,616.6,5.0,3742.040771484375,173258.11960728368,"(615, 1516, 619, 1518)",251,27
162,920.0,734.0,1.0,3567.6279296875,34651.62392145673,"(734, 920, 735, 921)",143,19
162,115.0,737.5,4.0,4387.50927734375,138606.49568582693,"(737, 114, 739, 117)",182,20
162,117.66666666666667,824.3333333333334,3.0,3921.85986328125,103954.8717643702,"(824, 117, 826, 119)",58,42
162,1421.0,855.0,1.0,3921.85986328125,34651.62392145673,"(855, 1421, 856, 1422)",217,23
162,1425.5,855.5,2.0,3654.834228515625,69303.24784291346,"(855, 1425, 857, 1427)",217,23
162,1066.0,989.0,1.0,3567.6279296875,34651.62392145673,"(989, 1066, 990, 1067)",247,14
162,624.0,1063.0,1.0,3567.6279296875,34651.62392145673,"(1063, 624, 1064, 625)",237,29
163,110.0,1.0,1.0,3567.6279296875,34651.62392145673,"(1, 110, 2, 111)",47,17
163,314.53846153846155,25.53846153846154,13.0,7737.78759765625,450471.11097893753,"(23, 313, 29, 317)",254,27
163,687.0,49.5,2.0,4105.6748046875,69303.24784291346,"(49, 687, 51, 688)",78,22
163,1877.8333333333333,498.0,6.0,6400.07421875,207909.7435287404,"(497, 1877, 500, 1880)",108,47
163,1515.5,620.5,2.0,3654.834228515625,69303.24784291346,"(620, 1515, 622, 1517)",251,27
163,116.0,739.5,2.0,3654.834228515625,69303.24784291346,"(739, 116, 741, 117)",182,20
163,1294.5,820.0,2.0,3654.834228515625,69303.24784291346,"(820, 1294, 821, 1296)",51,58
163,1295.0,824.0,1.0,3921.85986328125,34651.62392145673,"(824, 1295, 825, 1296)",51,58
163,1421.8333333333333,857.6666666666666,6.0,4484.1181640625,207909.7435287404,"(857, 1420, 859, 1425)",217,23
164,316.1666666666667,25.5,6.0,4484.1220703125,207909.7435287404,"(24, 315, 28, 318)",254,27
164,1587.0,285.0,1.0,3567.7041015625,34651.62392145673,"(285, 1587, 286, 1588)",231,9
164,600.0,390.0,1.0,3567.7041015625,34651.62392145673,"(390, 600, 391, 601)",256,5
164,1878.2,497.6,5.0,5945.2373046875,173258.11960728368,"(497, 1877, 499, 1880)",108,47
164,1549.0,580.0,1.0,3654.78466796875,34651.62392145673,"(580, 1549, 581, 1550)",248,17
164,609.0,613.0,1.0,3567.7041015625,34651.62392145673,"(613, 609, 614, 610)",161,19
164,1515.5,623.0,2.0,3567.7041015625,69303.24784291346,"(623, 1515, 624, 1517)",251,27
164,922.0,736.0,1.0,3567.7041015625,34651.62392145673,"(736, 922, 737, 923)",143,19
164,118.0,739.0,1.0,3831.9072265625,34651.62392145673,"(739, 118, 740, 119)",182,20
164,117.0,741.5,2.0,3567.7041015625,69303.24784291346,"(741, 117, 743, 118)",182,20
164,1295.0,820.0,1.0,3567.7041015625,34651.62392145673,"(820, 1295, 821, 1296)",51,58
164,1423.4444444444443,857.3333333333334,9.0,5614.9833984375,311864.6152931106,"(856, 1422, 859, 1426)",217,23
164,1068.0,991.0,1.0,3742.1611328125,34651.62392145673,"(991, 1068, 992, 1069)",247,14
164,627.0,1066.0,1.0,3567.7041015625,34651.62392145673,"(1066, 627, 1067, 628)",237,29
164,1012.0,1117.0,1.0,3567.7041015625,34651.62392145673,"(1117, 1012, 1118, 1013)",128,46
164,1004.0,1124.0,1.0,3567.7041015625,34651.62392145673,"(1124, 1004, 1125, 1005)",128,46
165,313.0,23.5,2.0,5506.4599609375,69303.24784291346,"(23, 313, 25, 314)",254,27
165,315.5,23.5,2.0,4292.24609375,69303.24784291346,"(23, 315, 25, 317)",254,27
165,1748.0,341.0,1.0,3567.5888671875,34651.62392145673,"(341, 1748, 342, 1749)",14,37
165,1850.0,416.0,1.0,3742.06689453125,34651.62392145673,"(416, 1850, 417, 1851)",207,12
165,1878.0,496.75,4.0,6056.63916015625,138606.49568582693,"(496, 1877, 498, 1880)",108,47
165,1550.0,576.0,1.0,3567.5888671875,34651.62392145673,"(576, 1550, 577, 1551)",248,17
165,1516.0,621.0,1.0,3654.95556640625,34651.62392145673,"(621, 1516, 622, 1517)",251,27
165,922.0,735.0,1.0,3567.5888671875,34651.62392145673,"(735, 922, 736, 923)",143,19
165,117.6,740.2,5.0,4198.25732421875,173258.11960728368,"(739, 117, 742, 119)",182,20
165,152.8,817.4,5.0,4292.24609375,173258.11960728368,"(817, 152, 819, 155)",238,5
165,1297.0,823.0,1.0,3654.95556640625,34651.62392145673,"(823, 1297, 824, 1298)",51,58
165,1422.75,856.75,4.0,3921.89404296875,138606.49568582693,"(856, 1422, 858, 1425)",217,23
165,1426.0,857.0,1.0,4105.5419921875,34651.62392145673,"(857, 1426, 858, 1427)",217,23
165,1284.0,889.0,1.0,3654.95556640625,34651.62392145673,"(889, 1284, 890, 1285)",65,48
165,1404.5,940.5,10.0,4292.24609375,346516.23921456735,"(939, 1403, 943, 1407)",54,40
165,1069.0,992.0,1.0,3567.5888671875,34651.62392145673,"(992, 1069, 993, 1070)",247,14
165,628.0,1064.0,1.0,3567.5888671875,34651.62392145673,"(1064, 628, 1065, 629)",237,29
165,1013.0,1117.0,1.0,3567.5888671875,34651.62392145673,"(1117, 1013, 1118, 1014)",128,46
166,316.1666666666667,23.333333333333332,6.0,5615.0068359375,207909.7435287404,"(22, 315, 26, 318)",254,27
166,316.0,27.0,1.0,3831.863037109375,34651.62392145673,"(27, 316, 28, 317)",254,27
166,1588.0,284.0,1.0,3567.5888671875,34651.62392145673,"(284, 1588, 285, 1589)",231,9
166,1747.0,341.0,1.0,3567.5888671875,34651.62392145673,"(341, 1747, 342, 1748)",14,37
166,1877.6666666666667,497.3333333333333,3.0,4484.08349609375,103954.8717643702,"(497, 1877, 499, 1879)",108,47
166,1515.0,621.0,1.0,3567.5888671875,34651.62392145673,"(621, 1515, 622, 1516)",251,27
166,117.42857142857143,740.7142857142857,7.0,5723.8671875,242561.3674501971,"(739, 117, 743, 119)",182,20
166,152.5,818.0,4.0,4780.56884765625,138606.49568582693,"(817, 152, 820, 154)",238,5
166,112.0,834.0,1.0,3742.04736328125,34651.62392145673,"(834, 112, 835, 113)",30,16
166,1424.5,857.25,4.0,4679.9375,138606.49568582693,"(857, 1423, 859, 1427)",217,23
166,1068.0,991.0,1.0,3654.818115234375,34651.62392145673,"(991, 1068, 992, 1069)",247,14
166,1012.0,1118.0,1.0,3654.818115234375,34651.62392145673,"(1118, 1012, 1119, 1013)",128,46
167,315.8076923076923,26.846153846153847,26.0,8654.009765625,900942.2219578751,"(23, 313, 31, 319)",254,27
167,1877.0,497.0,3.0,4387.36376953125,103954.8717643702,"(496, 1877, 499, 1878)",108,47
167,608.0,612.0,1.0,3567.649658203125,34651.62392145673,"(612, 608, 613, 609)",161,19
167,1514.0,620.0,1.0,3567.649658203125,34651.62392145673,"(620, 1514, 621, 1515)",251,27
167,623.0,677.0,1.0,3567.649658203125,34651.62392145673,"(677, 623, 678, 624)",55,28
167,1365.0,711.0,1.0,4292.0751953125,34651.62392145673,"(711, 1365, 712, 1366)",63,15
167,117.33333333333333,740.6666666666666,3.0,3742.154541015625,103954.8717643702,"(740, 117, 742, 119)",182,20
167,151.0,818.0,1.0,3742.154541015625,34651.62392145673,"(818, 151, 819, 152)",238,5
167,1426.2857142857142,856.5714285714286,7.0,5615.09765625,242561.3674501971,"(856, 1425, 858, 1429)",217,23
167,1025.0,879.0,1.0,3567.649658203125,34651.62392145673,"(879, 1025, 880, 1026)",118,12
167,1183.0,925.3157894736842,19.0,4013.096435546875,658380.854507678,"(922, 1178, 928, 1190)",119,17
167,1066.0,989.0,1.0,3742.154541015625,34651.62392145673,"(989, 1066, 990, 1067)",247,14
167,627.0,1064.0,1.0,3742.154541015625,34651.62392145673,"(1064, 627, 1065, 628)",237,29
167,1012.0,1118.0,1.0,3567.649658203125,34651.62392145673,"(1118, 1012, 1119, 1013)",128,46
168,314.29411764705884,26.529411764705884,17.0,7484.2412109375,589077.6066647645,"(24, 313, 30, 318)",254,27
168,1876.25,497.0,4.0,5188.37890625,138606.49568582693,"(496, 1876, 499, 1878)",108,47
168,630.0,606.0,1.0,3654.9833984375,34651.62392145673,"(606, 630, 607, 631)",156,25
168,1512.0,622.0,1.0,3654.9833984375,34651.62392145673,"(622, 1512, 623, 1513)",251,27
168,624.0,677.6666666666666,3.0,3654.9833984375,103954.8717643702,"(677, 623, 679, 626)",55,28
168,148.0,822.0,1.0,3567.8134765625,34651.62392145673,"(822, 148, 823, 149)",238,5
168,1423.1666666666667,855.5,18.0,7994.0244140625,623729.2305862212,"(854, 1420, 858, 1428)",217,23
168,1066.0,989.0,1.0,3567.8134765625,34651.62392145673,"(989, 1066, 990, 1067)",247,14
168,1068.0,991.0,1.0,3567.8134765625,34651.62392145673,"(991, 1068, 992, 1069)",247,14
168,627.0,1064.0,1.0,3567.8134765625,34651.62392145673,"(1064, 627, 1065, 628)",237,29
169,312.7857142857143,24.928571428571427,14.0,7113.7978515625,485122.7349003942,"(20, 312, 30, 315)",254,27
169,317.0,25.0,1.0,5188.41552734375,34651.62392145673,"(25, 317, 26, 318)",254,27
169,1747.0,341.0,1.0,3654.98876953125,34651.62392145673,"(341, 1747, 342, 1748)",14,37
169,1875.5,496.0,2.0,4881.14599609375,69303.24784291346,"(496, 1875, 497, 1877)",108,47
169,1541.0,582.0,1.0,3567.70703125,34651.62392145673,"(582, 1541, 583, 1542)",248,17
169,1422.5882352941176,854.7647058823529,17.0,9340.93359375,589077.6066647645,"(854, 1419, 857, 1427)",217,23
169,1023.0,876.0,1.0,3567.70703125,34651.62392145673,"(876, 1023, 877, 1024)",118,12
169,1025.0,879.0,1.0,3567.70703125,34651.62392145673,"(879, 1025, 880, 1026)",118,12
169,1065.0,987.0,1.0,3654.98876953125,34651.62392145673,"(987, 1065, 988, 1066)",247,14
169,626.5,1062.5,2.0,3921.69970703125,69303.24784291346,"(1062, 626, 1064, 628)",237,29
169,1005.0,1119.0,1.0,3567.70703125,34651.62392145673,"(1119, 1005, 1120, 1006)",128,46
170,315.7391304347826,26.08695652173913,23.0,8789.580078125,796987.3501935048,"(23, 313, 30, 320)",254,27
170,1528.0,233.0,1.0,3567.4970703125,34651.62392145673,"(233, 1528, 234, 1529)",132,23
170,1423.0,387.0,1.0,3831.80712890625,34651.62392145673,"(387, 1423, 388, 1424)",140,9
170,604.0,389.3333333333333,3.0,3742.15625,103954.8717643702,"(389, 603, 391, 606)",256,5
170,1355.5,496.0,2.0,3567.4970703125,69303.24784291346,"(496, 1355, 497, 1357)",50,28
170,1876.0,496.5,2.0,4387.40966796875,69303.24784291346,"(496, 1876, 498, 1877)",108,47
170,1552.0,567.0,1.0,3742.15625,34651.62392145673,"(567, 1552, 568, 1553)",248,17
170,611.5,613.0,2.0,3567.4970703125,69303.24784291346,"(613, 611, 614, 613)",161,19
170,1513.0,622.0,1.0,3567.4970703125,34651.62392145673,"(622, 1513, 623, 1514)",251,27
170,1209.0,693.0,1.0,3567.4970703125,34651.62392145673,"(693, 1209, 694, 1210)",91,31
170,114.0,745.5,2.0,3831.80712890625,69303.24784291346,"(745, 114, 747, 115)",182,20
170,1423.909090909091,855.7727272727273,22.0,9341.12109375,762335.7262720481,"(854, 1420, 858, 1430)",217,23
170,1068.5,991.5,2.0,3654.82666015625,69303.24784291346,"(991, 1068, 993, 1070)",247,14
170,627.5,1064.5,2.0,3654.82666015625,69303.24784291346,"(1064, 627, 1066, 629)",237,29
170,232.0,1887.0,1.0,3567.4970703125,34651.62392145673,"(1887, 232, 1888, 233)",262,5
170,233.0,1889.0,1.0,4582.08837890625,34651.62392145673,"(1889, 233, 1890, 234)",262,5
171,315.6666666666667,28.333333333333332,6.0,5723.73291015625,207909.7435287404,"(27, 315, 30, 318)",254,27
171,619.2857142857143,383.42857142857144,7.0,9481.7587890625,242561.3674501971,"(383, 618, 385, 622)",208,10
171,602.5,390.0,4.0,4780.6298828125,138606.49568582693,"(390, 601, 391, 605)",256,5
171,1876.3333333333333,497.3333333333333,3.0,4679.93408203125,103954.8717643702,"(497, 1876, 499, 1878)",108,47
171,1513.857142857143,621.8571428571429,7.0,3921.73291015625,242561.3674501971,"(620, 1513, 625, 1516)",251,27
171,114.5,745.5,2.0,3654.73095703125,69303.24784291346,"(745, 114, 747, 116)",182,20
171,1424.2666666666667,856.0666666666667,15.0,6170.72412109375,519774.35882185097,"(855, 1421, 858, 1429)",217,23
171,1285.0,909.0,1.0,3567.71875,34651.62392145673,"(909, 1285, 910, 1286)",65,48
171,1410.0,949.0,1.0,3567.71875,34651.62392145673,"(949, 1410, 950, 1411)",54,40
171,627.5,1064.5,2.0,3654.73095703125,69303.24784291346,"(1064, 627, 1066, 629)",237,29
171,233.0,1887.0,3.0,4679.93408203125,103954.8717643702,"(1886, 233, 1889, 234)",262,5
172,316.5,24.5,6.0,7993.87744140625,207909.7435287404,"(23, 316, 27, 318)",254,27
172,314.1,26.7,10.0,7113.744140625,346516.23921456735,"(25, 313, 29, 317)",254,27
172,1648.0,371.0,1.0,3567.70263671875,34651.62392145673,"(371, 1648, 372, 1649)",209,9
172,617.9230769230769,382.2307692307692,13.0,9063.4072265625,450471.11097893753,"(381, 616, 385, 621)",208,10
172,1874.5,496.0,2.0,4198.337890625,69303.24784291346,"(496, 1874, 497, 1876)",108,47
172,1510.0,620.7142857142857,7.0,3921.8671875,242561.3674501971,"(619, 1509, 623, 1512)",251,27
172,1422.5,854.6875,16.0,7737.6357421875,554425.9827433077,"(854, 1419, 857, 1427)",217,23
172,1398.0,934.5,2.0,3742.14599609375,69303.24784291346,"(934, 1398, 936, 1399)",54,40
172,624.8,1063.0,5.0,3831.85986328125,173258.11960728368,"(1062, 623, 1065, 627)",237,29
173,313.0,27.0,1.0,3832.052734375,34651.62392145673,"(27, 313, 28, 314)",254,27
173,1740.0,335.0,1.0,3654.87548828125,34651.62392145673,"(335, 1740, 336, 1741)",14,37
173,1743.5,338.0,2.0,3567.5947265625,69303.24784291346,"(338, 1743, 339, 1745)",14,37
173,1841.5,357.0,2.0,3654.87548828125,69303.24784291346,"(357, 1841, 358, 1843)",69,26
173,618.4545454545455,382.54545454545456,11.0,7737.798828125,381167.86313602404,"(381, 616, 385, 622)",208,10
173,1355.0,495.0,1.0,3567.5947265625,34651.62392145673,"(495, 1355, 496, 1356)",50,28
173,631.0,606.0,1.0,3742.156005859375,34651.62392145673,"(606, 631, 607, 632)",156,25
173,1508.0,622.0,1.0,3742.156005859375,34651.62392145673,"(622, 1508, 623, 1509)",251,27
173,120.0,754.0,1.0,3567.5947265625,34651.62392145673,"(754, 120, 755, 121)",182,20
173,1420.3333333333333,854.6666666666666,3.0,4105.5478515625,103954.8717643702,"(854, 1420, 856, 1422)",217,23
173,1023.5,879.0,2.0,3654.87548828125,69303.24784291346,"(879, 1023, 880, 1025)",118,12
173,1131.0,882.0,1.0,3654.87548828125,34651.62392145673,"(882, 1131, 883, 1132)",85,9
173,1063.0,987.0,1.0,3654.87548828125,34651.62392145673,"(987, 1063, 988, 1064)",247,14
173,623.5,1063.0,2.0,3921.94921875,69303.24784291346,"(1063, 623, 1064, 625)",237,29
174,112.0,3.0,1.0,3654.9140625,34651.62392145673,"(3, 112, 4, 113)",47,17
174,1542.0,242.0,1.0,3567.51171875,34651.62392145673,"(242, 1542, 243, 1543)",68,21
174,1740.0,335.0,1.0,3567.51171875,34651.62392145673,"(335, 1740, 336, 1741)",14,37
174,1742.0,339.0,1.0,3567.51171875,34651.62392145673,"(339, 1742, 340, 1743)",14,37
174,1841.0,358.0,3.0,3567.51171875,103954.8717643702,"(357, 1841, 360, 1842)",69,26
174,617.8,383.4,5.0,5506.392578125,173258.11960728368,"(383, 617, 385, 620)",208,10
174,1873.0,497.0,1.0,3654.9140625,34651.62392145673,"(497, 1873, 498, 1874)",108,47
174,1530.0,575.0,1.0,3567.51171875,34651.62392145673,"(575, 1530, 576, 1531)",248,17
174,1530.0,577.0,1.0,3567.51171875,34651.62392145673,"(577, 1530, 578, 1531)",248,17
174,1544.0,580.25,4.0,3741.9345703125,138606.49568582693,"(579, 1543, 582, 1546)",248,17
174,1507.75,622.25,4.0,3832.0087890625,138606.49568582693,"(621, 1507, 624, 1509)",251,27
174,121.66666666666667,812.6666666666666,3.0,5615.16796875,103954.8717643702,"(812, 121, 814, 123)",58,42
174,1421.3333333333333,855.6666666666666,3.0,4483.89990234375,103954.8717643702,"(855, 1421, 857, 1423)",217,23
174,79.0,1162.0,1.0,4680.078125,34651.62392145673,"(1162, 79, 1163, 80)",264,6
175,112.0,3.25,4.0,3831.9130859375,138606.49568582693,"(3, 111, 5, 114)",47,17
175,124.0,3.0,1.0,3567.70751953125,34651.62392145673,"(3, 124, 4, 125)",47,17
175,314.5,27.5,4.0,4881.2060546875,138606.49568582693,"(27, 314, 29, 316)",254,27
175,116.2,48.4,5.0,3831.9130859375,173258.11960728368,"(48, 115, 50, 118)",76,23
175,129.0,66.0,1.0,3567.70751953125,34651.62392145673,"(66, 129, 67, 130)",76,23
175,1543.0,243.0,1.0,3567.70751953125,34651.62392145673,"(243, 1543, 244, 1544)",68,21
175,1744.0,339.0,3.0,3831.9130859375,103954.8717643702,"(339, 1743, 340, 1746)",14,37
175,618.5,384.5,4.0,6056.51220703125,138606.49568582693,"(384, 618, 386, 620)",208,10
175,1875.0,497.0,1.0,3567.70751953125,34651.62392145673,"(497, 1875, 498, 1876)",108,47
175,1551.0,567.0,1.0,3567.70751953125,34651.62392145673,"(567, 1551, 568, 1552)",248,17
175,1535.0,577.0,1.0,3654.742431640625,34651.62392145673,"(577, 1535, 578, 1536)",248,17
175,1545.2,580.8,5.0,3741.9990234375,173258.11960728368,"(580, 1544, 583, 1547)",248,17
175,1511.0,610.0,1.0,3741.9990234375,34651.62392145673,"(610, 1511, 611, 1512)",251,27
175,1513.0,623.0,1.0,3567.70751953125,34651.62392145673,"(623, 1513, 624, 1514)",251,27
175,1378.0,680.0,1.0,3741.9990234375,34651.62392145673,"(680, 1378, 681, 1379)",222,10
175,1422.5,856.0,2.0,5188.3759765625,69303.24784291346,"(856, 1422, 857, 1424)",217,23
175,1023.0,879.0,1.0,3654.742431640625,34651.62392145673,"(879, 1023, 880, 1024)",118,12
175,1403.0,948.0,1.0,3654.742431640625,34651.62392145673,"(948, 1403, 949, 1404)",54,40
175,1063.0,987.0,1.0,3567.70751953125,34651.62392145673,"(987, 1063, 988, 1064)",247,14
176,126.0,4.0,1.0,3832.002685546875,34651.62392145673,"(4, 126, 5, 127)",47,17
176,319.0,27.0,1.0,3742.0751953125,34651.62392145673,"(27, 319, 28, 320)",254,27
176,315.8333333333333,29.333333333333332,6.0,4780.5078125,207909.7435287404,"(28, 315, 32, 318)",254,27
176,1647.0,356.5,2.0,4013.17041015625,69303.24784291346,"(356, 1647, 358, 1648)",149,6
176,619.5,385.0,2.0,5399.060546875,69303.24784291346,"(385, 619, 386, 621)",208,10
176,1548.0,579.0,1.0,3742.0751953125,34651.62392145673,"(579, 1548, 580, 1549)",248,17
176,1547.2,582.0,5.0,3832.002685546875,173258.11960728368,"(581, 1546, 584, 1549)",248,17
176,1519.6,608.0,5.0,3742.0751953125,173258.11960728368,"(606, 1519, 611, 1522)",251,27
176,634.0,608.0,1.0,3567.690185546875,34651.62392145673,"(608, 634, 609, 635)",156,25
176,1518.0,612.75,4.0,4013.17041015625,138606.49568582693,"(612, 1517, 615, 1520)",251,27
176,1515.6666666666667,617.0,3.0,3654.773193359375,103954.8717643702,"(616, 1515, 619, 1517)",251,27
176,1511.0,626.5,2.0,3832.002685546875,69303.24784291346,"(626, 1511, 628, 1512)",251,27
176,1423.75,857.0,8.0,8926.36328125,277212.99137165386,"(856, 1422, 859, 1426)",217,23
176,1228.75,904.25,4.0,3832.002685546875,138606.49568582693,"(903, 1228, 906, 1230)",104,14
176,1227.0,909.0,1.0,3567.690185546875,34651.62392145673,"(909, 1227, 910, 1228)",104,14
176,1211.0,912.0,1.0,3567.690185546875,34651.62392145673,"(912, 1211, 913, 1212)",82,36
176,1183.0,924.0,1.0,3567.690185546875,34651.62392145673,"(924, 1183, 925, 1184)",119,17
176,1403.0,937.0,1.0,3832.002685546875,34651.62392145673,"(937, 1403, 938, 1404)",54,40
176,1404.5,947.5,2.0,3567.690185546875,69303.24784291346,"(947, 1404, 949, 1406)",54,40
177,316.6666666666667,28.333333333333332,9.0,6515.4189453125,311864.6152931106,"(27, 315, 31, 319)",254,27
177,116.0,50.0,1.0,3567.68359375,34651.62392145673,"(50, 116, 51, 117)",76,23
177,617.0,383.5,2.0,4387.3828125,69303.24784291346,"(383, 617, 385, 618)",208,10
177,604.1428571428571,387.57142857142856,7.0,5188.478515625,242561.3674501971,"(387, 602, 389, 607)",256,5
177,1614.0,405.0,1.0,3567.68359375,34651.62392145673,"(405, 1614, 406, 1615)",266,8
177,1516.0,610.0,1.0,3567.68359375,34651.62392145673,"(610, 1516, 611, 1517)",251,27
177,612.0,614.0,1.0,3567.68359375,34651.62392145673,"(614, 612, 615, 613)",161,19
177,1512.0,621.0,1.0,3567.68359375,34651.62392145673,"(621, 1512, 622, 1513)",251,27
177,1509.142857142857,625.6428571428571,14.0,4387.3828125,485122.7349003942,"(623, 1507, 629, 1512)",251,27
177,1380.0,683.0,1.0,3567.68359375,34651.62392145673,"(683, 1380, 684, 1381)",222,10
177,1297.0,824.0,1.0,3742.068603515625,34651.62392145673,"(824, 1297, 825, 1298)",51,58
177,1423.0,857.0,3.0,4981.81640625,103954.8717643702,"(857, 1422, 858, 1425)",217,23
177,1284.0,889.5,2.0,4013.060302734375,69303.24784291346,"(889, 1284, 891, 1285)",65,48
177,1229.0,904.0,5.0,4013.060302734375,173258.11960728368,"(903, 1228, 906, 1231)",104,14
177,1227.0,907.75,4.0,3654.8759765625,138606.49568582693,"(907, 1226, 910, 1229)",104,14
177,1211.0,912.5,2.0,3654.8759765625,69303.24784291346,"(912, 1211, 914, 1212)",82,36
177,1183.0,925.0,1.0,3567.68359375,34651.62392145673,"(925, 1183, 926, 1184)",119,17
177,624.0,1065.0,1.0,3654.8759765625,34651.62392145673,"(1065, 624, 1066, 625)",237,29
178,616.0,382.0,1.0,3654.9658203125,34651.62392145673,"(382, 616, 383, 617)",208,10
178,604.5,387.0,2.0,3921.85986328125,69303.24784291346,"(387, 604, 388, 606)",256,5
178,1507.3333333333333,626.1666666666666,6.0,3921.85986328125,207909.7435287404,"(625, 1506, 628, 1509)",251,27
178,624.7692307692307,677.7692307692307,13.0,3831.84228515625,450471.11097893753,"(676, 623, 681, 628)",55,28
178,1379.0,680.5,2.0,3921.85986328125,69303.24784291346,"(680, 1379, 682, 1380)",222,10
178,1023.5,879.0,2.0,3567.58056640625,69303.24784291346,"(879, 1023, 880, 1025)",118,12
178,1232.0,900.0,1.0,3567.58056640625,34651.62392145673,"(900, 1232, 901, 1233)",104,14
178,1210.0,912.5,2.0,4105.57958984375,69303.24784291346,"(912, 1210, 914, 1211)",82,36
178,1398.0,934.0,1.0,3654.9658203125,34651.62392145673,"(934, 1398, 935, 1399)",54,40
178,1402.0,936.0,1.0,3831.84228515625,34651.62392145673,"(936, 1402, 937, 1403)",54,40
179,1842.75,357.75,8.0,4105.5791015625,277212.99137165386,"(356, 1842, 360, 1845)",69,26
179,1511.0,614.0,1.0,3567.630859375,34651.62392145673,"(614, 1511, 615, 1512)",251,27
179,1507.8,623.3,10.0,3921.884033203125,346516.23921456735,"(619, 1506, 628, 1511)",251,27
179,624.0,676.0,1.0,3567.630859375,34651.62392145673,"(676, 624, 677, 625)",55,28
179,959.0,748.0,1.0,3567.630859375,34651.62392145673,"(748, 959, 749, 960)",183,7
179,924.0,760.0,1.0,3742.130126953125,34651.62392145673,"(760, 924, 761, 925)",146,11
179,1281.5,899.0,2.0,3567.630859375,69303.24784291346,"(899, 1281, 900, 1283)",65,48
179,1210.0,912.5,2.0,3921.884033203125,69303.24784291346,"(912, 1210, 914, 1211)",82,36
179,1398.0,933.0,1.0,3654.77099609375,34651.62392145673,"(933, 1398, 934, 1399)",54,40
179,1402.2,935.4,5.0,3921.884033203125,173258.11960728368,"(935, 1401, 937, 1404)",54,40
180,314.0,25.5,2.0,4780.6298828125,69303.24784291346,"(25, 314, 27, 315)",254,27
180,116.5,47.5,4.0,3831.884033203125,138606.49568582693,"(47, 115, 49, 119)",76,23
180,1744.5,337.0,2.0,3654.7646484375,69303.24784291346,"(337, 1744, 338, 1746)",14,37
180,1842.3333333333333,357.5,6.0,3921.849365234375,207909.7435287404,"(356, 1842, 360, 1844)",69,26
180,1508.0,618.0,1.0,3567.610595703125,34651.62392145673,"(618, 1508, 619, 1509)",251,27
180,1506.5,623.5,2.0,3831.884033203125,69303.24784291346,"(623, 1506, 625, 1508)",251,27
180,1506.0,626.0,1.0,3654.7646484375,34651.62392145673,"(626, 1506, 627, 1507)",251,27
180,623.9285714285714,676.0714285714286,14.0,3921.849365234375,485122.7349003942,"(674, 622, 679, 627)",55,28
180,1373.0,699.5,2.0,4292.091796875,69303.24784291346,"(699, 1373, 701, 1374)",63,15
180,1292.6666666666667,817.3333333333334,3.0,4105.6728515625,103954.8717643702,"(817, 1292, 819, 1294)",51,58
180,1281.0,898.5,2.0,3654.7646484375,69303.24784291346,"(898, 1281, 900, 1282)",65,48
180,1401.25,935.0,4.0,3831.884033203125,138606.49568582693,"(934, 1400, 937, 1403)",54,40
180,74.33333333333333,1166.0,3.0,3831.884033203125,103954.8717643702,"(1165, 74, 1168, 76)",264,6
180,1829.5,2026.0,2.0,5293.1728515625,69303.24784291346,"(2026, 1829, 2027, 1831)",46,47
181,314.0,25.5,2.0,4483.9755859375,69303.24784291346,"(25, 314, 27, 315)",254,27
181,116.71428571428571,48.0,7.0,3742.067138671875,242561.3674501971,"(47, 115, 50, 119)",76,23
181,1842.142857142857,357.57142857142856,7.0,3921.936767578125,242561.3674501971,"(356, 1841, 360, 1844)",69,26
181,1506.0,626.0,1.0,3567.5380859375,34651.62392145673,"(626, 1506, 627, 1507)",251,27
181,594.0,667.0,1.0,3567.5380859375,34651.62392145673,"(667, 594, 668, 595)",117,40
181,1316.0,696.5,2.0,4387.4189453125,69303.24784291346,"(696, 1316, 698, 1317)",195,6
181,1473.0,719.0,1.0,3742.067138671875,34651.62392145673,"(719, 1473, 720, 1474)",152,6
181,1293.5,817.5,4.0,4198.14990234375,138606.49568582693,"(817, 1293, 819, 1295)",51,58
181,1023.0,879.0,1.0,3567.5380859375,34651.62392145673,"(879, 1023, 880, 1024)",118,12
181,1281.0,898.5,2.0,3832.001953125,69303.24784291346,"(898, 1281, 900, 1282)",65,48
181,1401.75,935.75,4.0,4013.1533203125,138606.49568582693,"(935, 1401, 938, 1403)",54,40
181,1829.0,2026.0,1.0,3567.5380859375,34651.62392145673,"(2026, 1829, 2027, 1830)",46,47
182,116.0,50.0,1.0,3567.69970703125,34651.62392145673,"(50, 116, 51, 117)",76,23
182,1550.0,231.0,1.0,3567.69970703125,34651.62392145673,"(231, 1550, 232, 1551)",68,21
182,629.0,680.0,1.0,3567.69970703125,34651.62392145673,"(680, 629, 681, 630)",55,28
182,1317.0,697.0,1.0,3654.79052734375,34651.62392145673,"(697, 1317, 698, 1318)",195,6
182,1474.8,720.4,5.0,4981.77734375,173258.11960728368,"(720, 1474, 722, 1477)",152,6
182,924.6666666666666,760.0,3.0,3654.79052734375,103954.8717643702,"(759, 924, 762, 926)",146,11
182,1294.0,819.2,5.0,4483.9345703125,173258.11960728368,"(818, 1293, 821, 1296)",51,58
182,1282.0,899.5,2.0,3832.02783203125,69303.24784291346,"(899, 1282, 901, 1283)",65,48
182,1210.0,913.5,2.0,4198.2158203125,69303.24784291346,"(913, 1210, 915, 1211)",82,36
182,1398.0,933.3333333333334,3.0,3832.02783203125,103954.8717643702,"(933, 1397, 935, 1400)",54,40
182,1402.2,936.4,5.0,3654.79052734375,173258.11960728368,"(936, 1401, 938, 1404)",54,40
182,1404.0,948.0,1.0,3567.69970703125,34651.62392145673,"(948, 1404, 949, 1405)",54,40
182,1006.0,1121.0,1.0,3567.69970703125,34651.62392145673,"(1121, 1006, 1122, 1007)",128,46
182,1830.2857142857142,2027.2857142857142,7.0,14183.337890625,242561.3674501971,"(2026, 1829, 2029, 1833)",46,47
183,315.4,29.8,5.0,4387.4248046875,173258.11960728368,"(29, 315, 32, 317)",254,27
183,116.0,49.0,1.0,3567.650146484375,34651.62392145673,"(49, 116, 50, 117)",76,23
183,1850.0,415.0,1.0,3654.87451171875,34651.62392145673,"(415, 1850, 416, 1851)",207,12
183,595.0,668.0,1.0,3654.87451171875,34651.62392145673,"(668, 595, 669, 596)",117,40
183,624.9230769230769,677.0769230769231,13.0,3742.098876953125,450471.11097893753,"(675, 623, 680, 628)",55,28
183,1375.0,698.5,2.0,3654.87451171875,69303.24784291346,"(698, 1375, 700, 1376)",63,15
183,1293.75,819.0,4.0,3742.098876953125,138606.49568582693,"(818, 1293, 821, 1295)",51,58
183,1281.0,899.0,1.0,3742.098876953125,34651.62392145673,"(899, 1281, 900, 1282)",65,48
183,1398.6666666666667,934.3333333333334,3.0,3567.650146484375,103954.8717643702,"(934, 1398, 936, 1400)",54,40
183,624.0,1065.0,1.0,3654.87451171875,34651.62392145673,"(1065, 624, 1066, 625)",237,29
183,1830.090909090909,2027.090909090909,11.0,14705.2412109375,381167.86313602404,"(2026, 1828, 2029, 1833)",46,47
184,314.73333333333335,26.8,15.0,9063.275390625,519774.35882185097,"(25, 312, 29, 319)",254,27
184,1841.0,358.5,6.0,3921.859375,207909.7435287404,"(357, 1840, 361, 1843)",69,26
184,623.9411764705883,676.5882352941177,17.0,3921.859375,589077.6066647645,"(674, 622, 680, 628)",55,28
184,1398.0,934.5,2.0,3742.16015625,69303.24784291346,"(934, 1398, 936, 1399)",54,40
184,1400.0,934.0,1.0,3742.16015625,34651.62392145673,"(934, 1400, 935, 1401)",54,40
184,77.0,1165.0,1.0,3921.859375,34651.62392145673,"(1165, 77, 1166, 78)",264,6
184,1827.8,2026.2,5.0,5188.4443359375,173258.11960728368,"(2025, 1827, 2028, 1830)",46,47
185,313.1666666666667,28.0,6.0,5085.03515625,207909.7435287404,"(27, 312, 30, 315)",254,27
185,116.0,49.0,1.0,3654.909423828125,34651.62392145673,"(49, 116, 50, 117)",76,23
185,1525.5,231.5,2.0,3654.909423828125,69303.24784291346,"(231, 1525, 233, 1527)",132,23
185,1840.6666666666667,358.3333333333333,6.0,4013.10986328125,207909.7435287404,"(357, 1840, 361, 1842)",69,26
185,1838.0,359.0,1.0,3567.623779296875,34651.62392145673,"(359, 1838, 360, 1839)",69,26
185,1648.6666666666667,370.6666666666667,3.0,3831.951171875,103954.8717643702,"(370, 1648, 372, 1650)",209,9
185,623.6086956521739,676.6086956521739,23.0,3831.951171875,796987.3501935048,"(673, 621, 680, 627)",55,28
185,1471.0,720.0,1.0,3831.951171875,34651.62392145673,"(720, 1471, 721, 1472)",152,6
185,1292.0,818.0,1.0,3567.623779296875,34651.62392145673,"(818, 1292, 819, 1293)",51,58
185,1419.5,853.75,4.0,5085.03515625,138606.49568582693,"(853, 1418, 855, 1422)",217,23
185,1194.0,858.0,1.0,3654.909423828125,34651.62392145673,"(858, 1194, 859, 1195)",52,10
185,1285.0,905.0,1.0,3567.623779296875,34651.62392145673,"(905, 1285, 906, 1286)",65,48
185,1011.0,1109.0,1.0,3654.909423828125,34651.62392145673,"(1109, 1011, 1110, 1012)",128,46
185,76.33333333333333,1165.3333333333333,3.0,7610.14306640625,103954.8717643702,"(1165, 76, 1167, 78)",264,6
185,1828.0,2026.5,4.0,5833.7568359375,138606.49568582693,"(2026, 1827, 2028, 1830)",46,47
186,313.0,27.0,3.0,3654.9306640625,103954.8717643702,"(26, 313, 29, 314)",254,27
186,317.0,27.0,1.0,3567.641845703125,34651.62392145673,"(27, 317, 28, 318)",254,27
186,109.0,50.0,1.0,3567.641845703125,34651.62392145673,"(50, 109, 51, 110)",76,23
186,1526.5,232.0,2.0,4292.0947265625,69303.24784291346,"(232, 1526, 233, 1528)",132,23
186,1526.5,235.0,2.0,3654.9306640625,69303.24784291346,"(235, 1526, 236, 1528)",132,23
186,1757.0,344.7142857142857,7.0,5506.3837890625,242561.3674501971,"(343, 1756, 347, 1759)",14,37
186,1841.0,358.57142857142856,7.0,4105.5537109375,242561.3674501971,"(357, 1840, 361, 1843)",69,26
186,623.0,622.0,1.0,3567.641845703125,34651.62392145673,"(622, 623, 623, 624)",161,19
186,1281.0,899.0,1.0,3567.641845703125,34651.62392145673,"(899, 1281, 900, 1282)",65,48
186,1183.0,924.0,1.0,3567.641845703125,34651.62392145673,"(924, 1183, 925, 1184)",119,17
186,77.0,1165.5,2.0,4780.6015625,69303.24784291346,"(1165, 77, 1167, 78)",264,6
186,1828.5,2026.5,6.0,6751.4677734375,207909.7435287404,"(2026, 1827, 2028, 1831)",46,47
187,317.6666666666667,27.333333333333332,3.0,4679.85107421875,103954.8717643702,"(27, 317, 29, 319)",254,27
187,1526.857142857143,233.42857142857142,7.0,4292.091796875,242561.3674501971,"(232, 1526, 236, 1529)",132,23
187,1842.5,357.5,8.0,3921.849365234375,277212.99137165386,"(356, 1841, 360, 1845)",69,26
187,1850.0,416.0,3.0,4198.2333984375,103954.8717643702,"(415, 1850, 418, 1851)",207,12
187,591.0,668.5,2.0,3742.134765625,69303.24784291346,"(668, 591, 670, 592)",117,40
187,1294.0,819.0,1.0,3742.134765625,34651.62392145673,"(819, 1294, 820, 1295)",51,58
187,1024.0,879.0,1.0,3567.610595703125,34651.62392145673,"(879, 1024, 880, 1025)",118,12
187,1281.0,899.0,1.0,3567.610595703125,34651.62392145673,"(899, 1281, 900, 1282)",65,48
187,72.0,1170.0,1.0,3567.610595703125,34651.62392145673,"(1170, 72, 1171, 73)",264,6
187,1829.5,2027.0,4.0,8926.390625,138606.49568582693,"(2026, 1829, 2029, 1831)",46,47
188,117.0,9.0,1.0,3567.62109375,34651.62392145673,"(9, 117, 10, 118)",47,17
188,1527.6666666666667,232.66666666666666,3.0,4105.7744140625,103954.8717643702,"(232, 1527, 234, 1529)",132,23
188,1527.5,235.5,2.0,4013.081787109375,69303.24784291346,"(235, 1527, 237, 1529)",132,23
188,1572.0,243.0,1.0,3654.9619140625,34651.62392145673,"(243, 1572, 244, 1573)",206,5
188,1647.0,356.0,1.0,3654.9619140625,34651.62392145673,"(356, 1647, 357, 1648)",149,6
188,1851.0,416.0,1.0,3654.9619140625,34651.62392145673,"(416, 1851, 417, 1852)",207,12
188,592.0,669.0,1.0,3921.848876953125,34651.62392145673,"(669, 592, 670, 593)",117,40
188,925.5,759.5,2.0,3742.05908203125,69303.24784291346,"(759, 925, 761, 927)",146,11
188,1288.0,884.0,1.0,3567.62109375,34651.62392145673,"(884, 1288, 885, 1289)",65,48
188,1282.0,899.0,1.0,3742.05908203125,34651.62392145673,"(899, 1282, 900, 1283)",65,48
188,1209.3333333333333,915.3333333333334,3.0,3921.848876953125,103954.8717643702,"(915, 1209, 917, 1211)",82,36
188,1831.4,2027.6,5.0,7359.26708984375,173258.11960728368,"(2027, 1830, 2029, 1834)",46,47
189,314.5,28.0,6.0,7484.19482421875,207909.7435287404,"(27, 314, 30, 316)",254,27
189,318.2,27.8,5.0,6284.7529296875,173258.11960728368,"(27, 317, 30, 320)",254,27
189,1527.0,232.25,4.0,4387.3798828125,138606.49568582693,"(232, 1526, 234, 1529)",132,23
189,1760.5079365079366,345.2063492063492,63.0,15236.4619140625,2183052.307051774,"(343, 1754, 349, 1768)",14,37
189,1842.9285714285713,357.85714285714283,14.0,4105.4794921875,485122.7349003942,"(356, 1841, 360, 1846)",69,26
189,1613.6666666666667,404.0,3.0,3654.892578125,103954.8717643702,"(403, 1613, 406, 1615)",266,8
189,1514.0,617.0,1.0,3567.5947265625,34651.62392145673,"(617, 1514, 618, 1515)",251,27
189,1512.0,621.4,5.0,3831.7626953125,173258.11960728368,"(620, 1511, 624, 1514)",251,27
189,1281.0,899.0,1.0,3567.5947265625,34651.62392145673,"(899, 1281, 900, 1282)",65,48
189,1208.6666666666667,915.6666666666666,3.0,4013.1796875,103954.8717643702,"(915, 1208, 917, 1210)",82,36
189,988.0,1129.0,1.0,3567.5947265625,34651.62392145673,"(1129, 988, 1130, 989)",128,46
189,228.5,1890.0,4.0,6170.62890625,138606.49568582693,"(1889, 228, 1892, 230)",262,5
189,1830.8,2028.0,10.0,11871.38671875,346516.23921456735,"(2027, 1829, 2030, 1834)",46,47
190,318.0,29.0,1.0,3654.92724609375,34651.62392145673,"(29, 318, 30, 319)",254,27
190,1526.5,232.0,2.0,3831.83642578125,69303.24784291346,"(232, 1526, 233, 1528)",132,23
190,1526.0,235.0,1.0,3654.92724609375,34651.62392145673,"(235, 1526, 236, 1527)",132,23
190,1758.8695652173913,344.5507246376812,69.0,22349.013671875,2390962.0505805146,"(341, 1751, 349, 1766)",14,37
190,1811.0,357.0,1.0,3567.666015625,34651.62392145673,"(357, 1811, 358, 1812)",77,5
190,1614.0,405.0,3.0,3654.92724609375,103954.8717643702,"(404, 1614, 407, 1615)",266,8
190,1850.0,415.5,2.0,3742.18896484375,69303.24784291346,"(415, 1850, 417, 1851)",207,12
190,1509.6666666666667,623.0,3.0,3654.92724609375,103954.8717643702,"(622, 1509, 625, 1511)",251,27
190,1376.5,680.5,2.0,3654.92724609375,69303.24784291346,"(680, 1376, 682, 1378)",222,10
190,117.33333333333333,739.3333333333334,3.0,3921.8251953125,103954.8717643702,"(739, 117, 741, 119)",182,20
190,925.0,743.0,1.0,3567.666015625,34651.62392145673,"(743, 925, 744, 926)",143,19
190,1298.0,895.0,1.0,3567.666015625,34651.62392145673,"(895, 1298, 896, 1299)",65,48
190,1208.3333333333333,915.3333333333334,3.0,3921.8251953125,103954.8717643702,"(915, 1208, 917, 1210)",82,36
190,1830.5555555555557,2027.888888888889,9.0,7865.2978515625,311864.6152931106,"(2027, 1829, 2030, 1833)",46,47
191,318.0,28.0,1.0,4292.341796875,34651.62392145673,"(28, 318, 29, 319)",254,27
191,1525.0,230.0,1.0,3831.994140625,34651.62392145673,"(230, 1525, 231, 1526)",132,23
191,1525.0,234.0,1.0,3654.908203125,34651.62392145673,"(234, 1525, 235, 1526)",132,23
191,1586.0,287.0,1.0,3654.908203125,34651.62392145673,"(287, 1586, 288, 1587)",231,9
191,1743.0,335.0,1.0,3654.908203125,34651.62392145673,"(335, 1743, 336, 1744)",14,37
191,1758.888888888889,343.93650793650795,63.0,24340.125,2183052.307051774,"(341, 1753, 348, 1765)",14,37
191,1810.0,356.5,2.0,3742.1513671875,69303.24784291346,"(356, 1810, 358, 1811)",77,5
191,1842.0,357.3636363636364,11.0,4105.60400390625,381167.86313602404,"(356, 1840, 360, 1845)",69,26
191,1613.0,405.0,1.0,3742.1513671875,34651.62392145673,"(405, 1613, 406, 1614)",266,8
191,1532.0,579.0,1.0,3567.6650390625,34651.62392145673,"(579, 1532, 580, 1533)",248,17
191,1510.0,622.0,1.0,3567.6650390625,34651.62392145673,"(622, 1510, 623, 1511)",251,27
191,1503.0,644.0,1.0,3567.6650390625,34651.62392145673,"(644, 1503, 645, 1504)",279,7
191,589.0,668.0,1.0,3654.908203125,34651.62392145673,"(668, 589, 669, 590)",117,40
191,116.0,739.0,1.0,3742.1513671875,34651.62392145673,"(739, 116, 740, 117)",182,20
191,925.0,745.0,1.0,3567.6650390625,34651.62392145673,"(745, 925, 746, 926)",143,19
191,1404.0,947.0,1.0,3742.1513671875,34651.62392145673,"(947, 1404, 948, 1405)",54,40
191,226.5,1887.5,2.0,4013.1630859375,69303.24784291346,"(1887, 226, 1889, 228)",262,5
191,1829.2,2026.4,5.0,6751.4912109375,173258.11960728368,"(2026, 1828, 2028, 1831)",46,47
192,1770.0,313.0,1.0,3567.7607421875,34651.62392145673,"(313, 1770, 314, 1771)",229,5
192,1758.2,343.975,80.0,23890.6484375,2772129.913716539,"(341, 1751, 349, 1765)",14,37
192,1840.7142857142858,357.0,7.0,4387.41162109375,242561.3674501971,"(356, 1840, 359, 1843)",69,26
192,1838.0,359.0,1.0,3567.7607421875,34651.62392145673,"(359, 1838, 360, 1839)",69,26
192,1615.0,406.0,1.0,3567.7607421875,34651.62392145673,"(406, 1615, 407, 1616)",266,8
192,1508.0,622.0,1.0,3567.7607421875,34651.62392145673,"(622, 1508, 623, 1509)",251,27
192,1508.0,624.0,1.0,3567.7607421875,34651.62392145673,"(624, 1508, 625, 1509)",251,27
192,1503.3333333333333,643.3333333333334,3.0,3741.96875,103954.8717643702,"(643, 1503, 645, 1505)",279,7
192,589.0,668.0,1.0,3831.98779296875,34651.62392145673,"(668, 589, 669, 590)",117,40
192,1131.0,882.0,1.0,3741.96875,34651.62392145673,"(882, 1131, 883, 1132)",85,9
192,1054.7777777777778,933.7777777777778,9.0,4013.1201171875,311864.6152931106,"(932, 1053, 936, 1058)",35,36
192,631.0,1058.0,1.0,3567.7607421875,34651.62392145673,"(1058, 631, 1059, 632)",237,29
192,1828.8,2026.6,5.0,5723.853515625,173258.11960728368,"(2026, 1828, 2028, 1831)",46,47
193,26.5,40.0,2.0,3921.8623046875,69303.24784291346,"(40, 26, 41, 28)",137,9
193,1525.0,231.0,1.0,3567.7802734375,34651.62392145673,"(231, 1525, 232, 1526)",132,23
193,1525.0,234.5,2.0,3654.75927734375,69303.24784291346,"(234, 1525, 236, 1526)",132,23
193,1758.9066666666668,345.1066666666667,75.0,21279.6640625,2598871.794109255,"(341, 1752, 350, 1765)",14,37
193,1841.8,357.6,5.0,3831.96240234375,173258.11960728368,"(357, 1841, 359, 1844)",69,26
193,1613.0,405.0,1.0,3654.75927734375,34651.62392145673,"(405, 1613, 406, 1614)",266,8
193,1504.2,645.4,5.0,3831.96240234375,173258.11960728368,"(644, 1503, 648, 1506)",279,7
193,1321.0,699.0,1.0,3742.0625,34651.62392145673,"(699, 1321, 700, 1322)",195,6
193,1473.0,719.0,1.0,3654.75927734375,34651.62392145673,"(719, 1473, 720, 1474)",152,6
193,1232.5,899.5,2.0,3921.8623046875,69303.24784291346,"(899, 1232, 901, 1234)",104,14
193,1282.0,899.0,1.0,3567.7802734375,34651.62392145673,"(899, 1282, 900, 1283)",65,48
193,1207.5,916.0,4.0,3654.75927734375,138606.49568582693,"(915, 1207, 918, 1209)",82,36
193,632.0,1060.0,1.0,3654.75927734375,34651.62392145673,"(1060, 632, 1061, 633)",237,29
193,1829.5,2028.5,2.0,3567.7802734375,69303.24784291346,"(2028, 1829, 2030, 1831)",46,47
194,27.5,40.0,2.0,4292.03857421875,69303.24784291346,"(40, 27, 41, 29)",137,9
194,1525.0,234.5,2.0,3654.82958984375,69303.24784291346,"(234, 1525, 236, 1526)",132,23
194,1591.0,283.0,1.0,3567.59423828125,34651.62392145673,"(283, 1591, 284, 1592)",231,9
194,1760.1384615384616,345.2769230769231,65.0,17076.05859375,2252355.5548946876,"(342, 1755, 350, 1766)",14,37
194,1842.0,357.5,4.0,3742.06494140625,138606.49568582693,"(357, 1841, 359, 1844)",69,26
194,1613.0,404.5,2.0,3567.59423828125,69303.24784291346,"(404, 1613, 406, 1614)",266,8
194,623.0,622.0,1.0,3567.59423828125,34651.62392145673,"(622, 623, 623, 624)",161,19
194,1509.0,626.0,1.0,3567.59423828125,34651.62392145673,"(626, 1509, 627, 1510)",251,27
194,1504.8333333333333,647.6666666666666,6.0,4013.1455078125,207909.7435287404,"(646, 1504, 650, 1507)",279,7
194,591.0,668.0,1.0,3654.82958984375,34651.62392145673,"(668, 591, 669, 592)",117,40
194,926.0,743.0,1.0,3567.59423828125,34651.62392145673,"(743, 926, 744, 927)",143,19
194,926.0,746.0,1.0,3567.59423828125,34651.62392145673,"(746, 926, 747, 927)",143,19
194,1231.5714285714287,902.0,7.0,3921.74365234375,242561.3674501971,"(899, 1229, 906, 1235)",104,14
194,1208.0,916.0,1.0,3567.59423828125,34651.62392145673,"(916, 1208, 917, 1209)",82,36
194,631.0,1061.0,1.0,3567.59423828125,34651.62392145673,"(1061, 631, 1062, 632)",237,29
195,25.333333333333332,39.666666666666664,3.0,4013.1533203125,103954.8717643702,"(39, 25, 41, 27)",137,9
195,1523.0,233.0,1.0,3654.909423828125,34651.62392145673,"(233, 1523, 234, 1524)",132,23
195,1758.15,345.1166666666667,60.0,9622.8642578125,2079097.4352874039,"(342, 1752, 349, 1765)",14,37
195,1840.5,357.5,4.0,4198.14990234375,138606.49568582693,"(357, 1840, 359, 1842)",69,26
195,1614.0,406.0,1.0,3567.5380859375,34651.62392145673,"(406, 1614, 407, 1615)",266,8
195,619.0,618.0,1.0,3654.909423828125,34651.62392145673,"(618, 619, 619, 620)",161,19
195,1502.0,644.0,1.0,3742.067138671875,34651.62392145673,"(644, 1502, 645, 1503)",279,7
195,1502.625,648.25,8.0,3921.936767578125,277212.99137165386,"(646, 1502, 652, 1504)",279,7
195,596.0,663.0,1.0,3567.5380859375,34651.62392145673,"(663, 596, 664, 597)",117,40
195,588.0,668.0,1.0,3567.5380859375,34651.62392145673,"(668, 588, 669, 589)",117,40
195,1294.0,823.0,1.0,3567.5380859375,34651.62392145673,"(823, 1294, 824, 1295)",51,58
195,1291.5,891.0,2.0,3567.5380859375,69303.24784291346,"(891, 1291, 892, 1293)",65,48
195,1200.0,919.0,1.0,3654.909423828125,34651.62392145673,"(919, 1200, 920, 1201)",82,36
195,1196.0,921.0,1.0,3654.909423828125,34651.62392145673,"(921, 1196, 922, 1197)",82,36
195,226.0,1888.0,1.0,3742.067138671875,34651.62392145673,"(1888, 226, 1889, 227)",262,5
196,1585.0,289.0,1.0,3567.70556640625,34651.62392145673,"(289, 1585, 290, 1586)",231,9
196,1752.0,344.42857142857144,7.0,4484.048828125,242561.3674501971,"(343, 1751, 347, 1754)",14,37
196,1839.0,357.5,4.0,4292.1376953125,138606.49568582693,"(357, 1838, 359, 1841)",69,26
196,1648.5,370.5,4.0,3742.10986328125,138606.49568582693,"(370, 1648, 372, 1650)",209,9
196,1501.0,645.5,4.0,3742.10986328125,138606.49568582693,"(644, 1500, 648, 1503)",279,7
196,1502.0,650.0,1.0,3567.70556640625,34651.62392145673,"(650, 1502, 651, 1503)",279,7
196,588.0,667.0,1.0,3567.70556640625,34651.62392145673,"(667, 588, 668, 589)",117,40
196,930.0,741.0,1.0,3567.70556640625,34651.62392145673,"(741, 930, 742, 931)",143,19
196,1292.0,818.0,1.0,3654.796875,34651.62392145673,"(818, 1292, 819, 1293)",51,58
196,1290.0,892.0,1.0,3567.70556640625,34651.62392145673,"(892, 1290, 893, 1291)",65,48
196,1288.0,896.0,1.0,3567.70556640625,34651.62392145673,"(896, 1288, 897, 1289)",65,48
196,1197.0,920.0,1.0,3567.70556640625,34651.62392145673,"(920, 1197, 921, 1198)",82,36
196,1054.5555555555557,932.8888888888889,18.0,4105.7666015625,623729.2305862212,"(930, 1051, 937, 1059)",35,36
197,1544.5,231.5,2.0,3742.068603515625,69303.24784291346,"(231, 1544, 233, 1546)",68,21
197,1770.0,313.0,3.0,3654.8759765625,103954.8717643702,"(312, 1769, 315, 1772)",229,5
197,1753.375,344.125,8.0,4387.3828125,277212.99137165386,"(342, 1753, 347, 1755)",14,37
197,1809.3333333333333,355.6666666666667,3.0,3742.068603515625,103954.8717643702,"(355, 1809, 357, 1811)",77,5
197,1839.5,355.5,2.0,3654.8759765625,69303.24784291346,"(355, 1839, 357, 1841)",69,26
197,1427.0,383.0,1.0,3567.68359375,34651.62392145673,"(383, 1427, 384, 1428)",140,9
197,1502.5,643.75,4.0,3567.68359375,138606.49568582693,"(643, 1502, 646, 1504)",279,7
197,596.0,663.0,1.0,3654.8759765625,34651.62392145673,"(663, 596, 664, 597)",117,40
197,597.0,665.0,1.0,3567.68359375,34651.62392145673,"(665, 597, 666, 598)",117,40
197,589.0,666.0,1.0,3567.68359375,34651.62392145673,"(666, 589, 667, 590)",117,40
197,1293.0,817.0,1.0,3654.8759765625,34651.62392145673,"(817, 1293, 818, 1294)",51,58
197,1294.0,885.0,1.0,3567.68359375,34651.62392145673,"(885, 1294, 886, 1295)",65,48
197,1007.0,1105.5,2.0,3567.68359375,69303.24784291346,"(1105, 1007, 1107, 1008)",128,46
