frame,x,y,area_px,intensity,area_km2,cluster_id,occurrences
0,1174.2,25.0,5.0,3312.4921875,173258.11960728368,4,2
0,1197.0,63.0,3.0,2908.7763671875,103954.8717643702,8,2
0,144.2,93.8,5.0,4013.16796875,173258.11960728368,13,3
0,1544.75,93.75,4.0,2830.923828125,138606.49568582693,14,3
0,147.0,107.25,4.0,3567.4951171875,138606.49568582693,16,1
0,1576.0,176.0,5.0,2988.02734375,173258.11960728368,22,13
0,1727.5,247.0,4.0,3067.279296875,138606.49568582693,25,1
0,1605.2,260.0,5.0,2988.02734375,173258.11960728368,26,20
0,1591.5,285.5,4.0,3229.51171875,138606.49568582693,28,18
0,1571.6666666666667,330.6666666666667,3.0,2908.7763671875,103954.8717643702,31,5
0,1501.0,344.0,3.0,2908.7763671875,103954.8717643702,32,13
0,130.0,435.25,4.0,2908.7763671875,138606.49568582693,39,2
0,1348.0,512.0,5.0,2988.02734375,173258.11960728368,42,1
0,1358.6666666666667,559.6666666666666,3.0,2908.7763671875,103954.8717643702,45,2
0,0.3333333333333333,675.0,3.0,2908.7763671875,103954.8717643702,51,18
0,1454.3333333333333,688.0,3.0,2988.02734375,103954.8717643702,55,22
0,1284.5,711.0,4.0,3229.51171875,138606.49568582693,57,22
0,1309.0,786.0,3.0,3067.279296875,103954.8717643702,65,2
0,102.33333333333333,853.6666666666666,3.0,3312.4921875,103954.8717643702,73,11
0,268.3333333333333,876.0,3.0,2908.7763671875,103954.8717643702,76,16
0,851.2,911.8,5.0,3921.7958984375,173258.11960728368,82,2
0,666.5,976.5,4.0,3067.279296875,138606.49568582693,86,4
0,997.0,998.0,3.0,3067.279296875,103954.8717643702,88,1
0,1010.25,1010.0,4.0,3921.7958984375,138606.49568582693,89,2
0,297.6666666666667,1286.6666666666667,3.0,3067.279296875,103954.8717643702,95,1
0,1831.0,2032.0,3.0,3147.462890625,103954.8717643702,96,20
1,1174.3333333333333,24.0,3.0,3229.51171875,103954.8717643702,4,2
1,1198.0,62.0,3.0,2830.923828125,103954.8717643702,8,2
1,1600.0,181.0,3.0,2988.02734375,103954.8717643702,104,1
1,1571.3333333333333,329.6666666666667,3.0,2988.02734375,103954.8717643702,31,5
1,1688.0,368.5,4.0,2830.923828125,138606.49568582693,105,4
1,129.33333333333334,433.6666666666667,3.0,2988.02734375,103954.8717643702,39,2
1,1691.3333333333333,458.1666666666667,6.0,3067.279296875,207909.7435287404,106,1
1,703.8,568.0,5.0,2908.7763671875,173258.11960728368,109,23
1,626.6666666666666,618.3333333333334,3.0,2908.7763671875,103954.8717643702,111,3
1,1470.6666666666667,675.3333333333334,3.0,2908.7763671875,103954.8717643702,113,1
1,1454.6666666666667,686.6666666666666,3.0,3067.279296875,103954.8717643702,55,22
1,1470.6666666666667,710.6666666666666,3.0,3395.939453125,103954.8717643702,115,1
1,895.8,714.8,5.0,3067.279296875,173258.11960728368,116,10
1,1301.6666666666667,729.6666666666666,3.0,2988.02734375,103954.8717643702,117,22
1,1148.0,836.6666666666666,3.0,3067.279296875,103954.8717643702,124,12
1,1371.0,855.6666666666666,3.0,2908.7763671875,103954.8717643702,125,12
1,1058.3333333333333,889.6666666666666,3.0,3067.279296875,103954.8717643702,127,2
1,956.5,899.5,4.0,2988.02734375,138606.49568582693,128,2
1,300.3333333333333,1297.6666666666667,3.0,3067.279296875,103954.8717643702,132,11
2,704.0,59.5,4.0,2987.890625,138606.49568582693,133,1
2,144.5,93.0,4.0,3229.58203125,138606.49568582693,13,3
2,1508.0,189.33333333333334,3.0,2987.890625,103954.8717643702,137,2
2,1711.3333333333333,245.66666666666666,3.0,2830.837890625,103954.8717643702,138,1
2,1591.1666666666667,285.1666666666667,6.0,3229.58203125,207909.7435287404,28,18
2,1570.6,330.2,5.0,2987.890625,173258.11960728368,31,5
2,702.3333333333334,567.0,3.0,2987.890625,103954.8717643702,109,23
2,650.3333333333334,580.6666666666666,3.0,2908.8935546875,103954.8717643702,140,2
2,627.3333333333334,619.0,3.0,3067.357421875,103954.8717643702,111,3
2,1.0,673.6666666666666,3.0,2908.8935546875,103954.8717643702,51,18
2,895.0,714.6666666666666,6.0,3067.357421875,207909.7435287404,116,10
2,912.6666666666666,720.3333333333334,3.0,2908.8935546875,103954.8717643702,144,2
2,1408.5,725.5,4.0,3654.6591796875,138606.49568582693,145,3
2,129.0,767.5,4.0,3147.7646484375,138606.49568582693,147,1
2,1147.1666666666667,836.3333333333334,6.0,3229.58203125,207909.7435287404,124,12
2,852.0,911.0,3.0,4679.734375,103954.8717643702,82,2
2,70.33333333333333,951.3333333333334,3.0,3067.357421875,103954.8717643702,151,18
2,35.5,1262.5,4.0,3229.58203125,138606.49568582693,152,1
3,338.0,6.0,3.0,3312.4921875,103954.8717643702,154,1
3,143.0,93.0,3.0,3229.51171875,103954.8717643702,13,3
3,188.5,147.0,4.0,3654.671875,138606.49568582693,155,11
3,1432.6666666666667,192.33333333333334,3.0,2988.02734375,103954.8717643702,156,1
3,1685.6666666666667,462.6666666666667,3.0,3067.279296875,103954.8717643702,158,7
3,649.5,580.5,4.0,2988.02734375,138606.49568582693,140,2
3,626.0,618.5,6.0,2908.7763671875,207909.7435287404,111,3
3,1395.4,705.8,5.0,3741.8486328125,173258.11960728368,159,2
3,911.6666666666666,721.6666666666666,3.0,2830.923828125,103954.8717643702,144,2
3,1018.0,737.0,3.0,3067.279296875,103954.8717643702,160,2
3,926.3333333333334,768.3333333333334,3.0,2988.02734375,103954.8717643702,161,1
3,1088.0,825.25,4.0,3229.51171875,138606.49568582693,162,4
3,1351.6666666666667,834.0,3.0,2830.923828125,103954.8717643702,164,6
3,91.5,875.0,4.0,3312.4921875,138606.49568582693,165,21
3,1057.0,889.25,4.0,2988.02734375,138606.49568582693,127,2
3,955.0,900.25,4.0,2988.02734375,138606.49568582693,128,2
3,69.5,951.5,4.0,3567.4951171875,138606.49568582693,151,18
3,845.0,1202.3333333333333,3.0,2830.923828125,103954.8717643702,166,22
4,339.3333333333333,0.3333333333333333,3.0,3147.7646484375,103954.8717643702,167,1
4,1576.6,181.4,5.0,3067.357421875,173258.11960728368,22,13
4,1685.2,460.4,5.0,2908.8935546875,173258.11960728368,158,7
4,1354.2,509.6,5.0,3147.7646484375,173258.11960728368,170,2
4,1357.3333333333333,561.3333333333334,3.0,2908.8935546875,103954.8717643702,45,2
4,1111.6,797.4,5.0,3831.931640625,173258.11960728368,174,8
4,1146.0,836.0,5.0,3396.0390625,173258.11960728368,124,12
4,1175.5,950.0,4.0,3147.7646484375,138606.49568582693,176,9
4,69.0,951.0,3.0,3481.619140625,103954.8717643702,151,18
4,33.333333333333336,966.3333333333334,3.0,3312.810546875,103954.8717643702,177,3
4,1824.4,2028.6,5.0,4105.5986328125,173258.11960728368,96,20
5,750.75,3.0,4.0,3832.0849609375,138606.49568582693,180,1
5,1270.25,65.5,4.0,2908.921875,138606.49568582693,182,4
5,1576.2,179.8,5.0,2908.921875,173258.11960728368,22,13
5,1568.0,304.0,3.0,2908.921875,103954.8717643702,185,3
5,1586.3333333333333,370.6666666666667,3.0,2988.0498046875,103954.8717643702,186,1
5,1682.4,462.2,5.0,2988.0498046875,173258.11960728368,158,7
5,1352.3333333333333,509.0,3.0,2831.1572265625,103954.8717643702,170,2
5,893.6666666666666,712.0,3.0,2908.921875,103954.8717643702,116,10
5,1312.5,733.0,4.0,3067.1787109375,138606.49568582693,189,19
5,1111.5,795.5,4.0,3395.9697265625,138606.49568582693,174,8
5,1416.0,822.0,3.0,2988.0498046875,103954.8717643702,190,12
5,1088.0,825.1666666666666,6.0,3067.1787109375,207909.7435287404,162,4
5,1352.3333333333333,830.6666666666666,3.0,3067.1787109375,103954.8717643702,164,6
5,1201.6666666666667,909.3333333333334,3.0,2908.921875,103954.8717643702,191,3
5,69.5,949.0,4.0,3147.6708984375,138606.49568582693,151,18
5,31.8,966.2,5.0,3832.0849609375,173258.11960728368,177,3
5,1120.25,1021.0,4.0,2988.0498046875,138606.49568582693,192,7
5,888.0,1121.3333333333333,3.0,2908.921875,103954.8717643702,193,1
5,801.3333333333334,1191.6666666666667,3.0,3147.6708984375,103954.8717643702,194,2
5,850.0,1198.5,4.0,2908.921875,138606.49568582693,166,22
6,278.0,40.0,3.0,2987.8330078125,103954.8717643702,195,8
6,1273.8,62.2,5.0,2908.953125,173258.11960728368,182,4
6,1571.6666666666667,330.0,3.0,2908.953125,103954.8717643702,31,5
6,1340.3333333333333,672.1666666666666,6.0,3067.1494140625,207909.7435287404,197,23
6,1331.0,687.5,4.0,3147.7724609375,138606.49568582693,198,1
6,913.5,732.5,4.0,2908.953125,138606.49568582693,199,1
6,1305.0,781.0,3.0,2987.8330078125,103954.8717643702,200,7
6,1110.0,794.5,6.0,4387.62890625,207909.7435287404,174,8
6,1348.3333333333333,830.3333333333334,3.0,3067.1494140625,103954.8717643702,164,6
6,1215.0,902.5,6.0,3147.7724609375,207909.7435287404,201,1
6,943.5,905.0,4.0,2987.8330078125,138606.49568582693,202,8
6,68.33333333333333,948.3333333333334,3.0,2987.8330078125,103954.8717643702,151,18
6,1174.5,948.0,4.0,3067.1494140625,138606.49568582693,176,9
6,30.166666666666668,965.1666666666666,6.0,3567.44921875,207909.7435287404,177,3
6,1816.0,2026.0,3.0,3395.7431640625,103954.8717643702,96,20
7,1667.0,207.0,3.0,2831.0185546875,103954.8717643702,204,25
7,1713.5,331.3333333333333,6.0,3567.6494140625,207909.7435287404,205,1
7,1836.6,494.0,5.0,2987.77734375,173258.11960728368,206,25
7,714.3333333333334,501.6666666666667,3.0,3067.3134765625,103954.8717643702,207,12
7,1411.25,617.5,4.0,2908.7041015625,138606.49568582693,208,12
7,154.66666666666666,648.6666666666666,3.0,2831.0185546875,103954.8717643702,209,11
7,1341.5,673.1666666666666,6.0,3067.3134765625,207909.7435287404,197,23
7,1377.0,713.0,3.0,3832.15234375,103954.8717643702,210,1
7,944.5,906.25,4.0,3147.7744140625,138606.49568582693,202,8
8,1575.6666666666667,181.33333333333334,3.0,2908.69921875,103954.8717643702,22,13
8,1352.3333333333333,453.3333333333333,3.0,2987.93359375,103954.8717643702,211,1
8,716.2,501.8,5.0,2987.93359375,173258.11960728368,207,12
8,703.0,568.0,3.0,2908.69921875,103954.8717643702,109,23
8,1539.6666666666667,611.6666666666666,3.0,2830.8544921875,103954.8717643702,212,7
8,1372.3333333333333,655.6666666666666,6.0,3067.16796875,207909.7435287404,213,18
8,660.5,663.5,4.0,3067.16796875,138606.49568582693,214,20
8,1110.0,796.0,5.0,2987.93359375,173258.11960728368,174,8
8,1250.5,807.0,6.0,3832.05810546875,207909.7435287404,215,2
8,1144.5,833.5,4.0,3481.75830078125,138606.49568582693,124,12
8,1387.5,868.0,4.0,3147.7919921875,138606.49568582693,216,7
8,1269.75,884.25,4.0,2830.8544921875,138606.49568582693,217,1
8,946.0,906.0,3.0,3229.458984375,103954.8717643702,202,8
8,1168.1666666666667,946.1666666666666,6.0,3921.7177734375,207909.7435287404,218,2
8,850.3333333333334,1199.3333333333333,3.0,2987.93359375,103954.8717643702,166,22
8,258.1666666666667,1985.8333333333333,6.0,3395.9208984375,207909.7435287404,220,3
9,1678.4,223.8,5.0,2908.8212890625,173258.11960728368,204,25
9,1713.0,420.0,3.0,3742.1767578125,103954.8717643702,222,5
9,1581.3333333333333,431.0,3.0,2831.0830078125,103954.8717643702,223,2
9,1590.6,477.8,5.0,2908.8212890625,173258.11960728368,224,1
9,716.3333333333334,502.6666666666667,3.0,2908.8212890625,103954.8717643702,207,12
9,703.6666666666666,569.6666666666666,3.0,2908.8212890625,103954.8717643702,109,23
9,622.4,613.8,5.0,2908.8212890625,173258.11960728368,225,3
9,661.3333333333334,664.3333333333334,3.0,3067.0185546875,103954.8717643702,214,20
9,1456.3333333333333,679.3333333333334,3.0,2908.8212890625,103954.8717643702,55,22
9,1372.0,726.0,3.0,3229.4921875,103954.8717643702,226,1
9,1110.3333333333333,796.3333333333334,3.0,2908.8212890625,103954.8717643702,174,8
9,1145.4,834.2,5.0,3567.6533203125,173258.11960728368,124,12
9,1385.3333333333333,866.6666666666666,3.0,3067.0185546875,103954.8717643702,216,7
9,947.2,907.0,5.0,3147.8662109375,173258.11960728368,202,8
9,1819.0,2028.5,6.0,5399.169921875,207909.7435287404,96,20
10,110.33333333333333,18.666666666666668,3.0,2908.7177734375,103954.8717643702,227,15
10,1677.2,223.2,5.0,2988.021484375,173258.11960728368,204,25
10,1928.6666666666667,279.0,3.0,2908.7177734375,103954.8717643702,229,1
10,1698.5,338.0,4.0,2908.7177734375,138606.49568582693,230,1
10,1835.8333333333333,498.0,6.0,2908.7177734375,207909.7435287404,206,25
10,661.25,663.75,4.0,2908.7177734375,138606.49568582693,214,20
10,1456.75,679.25,4.0,3229.537109375,138606.49568582693,55,22
10,1314.0,736.3333333333334,3.0,2908.7177734375,103954.8717643702,189,19
10,1145.3333333333333,833.6666666666666,3.0,3481.86669921875,103954.8717643702,124,12
10,947.0,906.5,6.0,3396.0087890625,207909.7435287404,202,8
10,258.75,1985.75,4.0,3229.537109375,138606.49568582693,220,3
10,1819.5,2028.5,6.0,5293.06982421875,207909.7435287404,96,20
11,1254.25,164.5,4.0,3229.5771484375,138606.49568582693,233,18
11,86.0,188.5,4.0,3921.9345703125,138606.49568582693,234,1
11,1536.0,201.0,3.0,2831.0224609375,103954.8717643702,235,1
11,1678.0,224.0,4.0,2831.0224609375,138606.49568582693,204,25
11,1593.5,287.0,4.0,3147.779296875,138606.49568582693,28,18
11,1779.0,368.0,3.0,2908.646484375,103954.8717643702,236,1
11,1309.0,458.3333333333333,3.0,2831.0224609375,103954.8717643702,237,2
11,1540.25,611.0,4.0,2831.0224609375,138606.49568582693,212,7
11,611.0,639.25,4.0,2908.646484375,138606.49568582693,238,6
11,1457.25,677.75,4.0,3396.0927734375,138606.49568582693,55,22
11,1313.0,736.0,3.0,3312.6259765625,103954.8717643702,189,19
11,1224.0,809.0,3.0,3147.779296875,103954.8717643702,240,1
11,1145.3333333333333,833.6666666666666,3.0,3481.646484375,103954.8717643702,124,12
11,1387.5,868.0,4.0,3067.2333984375,138606.49568582693,216,7
11,1055.8,877.4,5.0,2831.0224609375,173258.11960728368,241,4
11,947.0,906.5,6.0,3312.6259765625,207909.7435287404,202,8
11,1314.6666666666667,919.3333333333334,3.0,2987.9404296875,103954.8717643702,242,1
11,1105.3333333333333,973.6666666666666,3.0,3147.779296875,103954.8717643702,243,3
11,258.5,1985.0,4.0,3396.0927734375,138606.49568582693,220,3
12,33.666666666666664,36.666666666666664,3.0,3147.6708984375,103954.8717643702,245,24
12,1270.25,70.0,4.0,2908.921875,138606.49568582693,182,4
12,1668.6666666666667,215.0,3.0,3067.1787109375,103954.8717643702,204,25
12,1598.2,252.6,5.0,3312.7490234375,173258.11960728368,26,20
12,1593.2,288.4,5.0,2988.0498046875,173258.11960728368,28,18
12,1747.0,368.0,3.0,3067.1787109375,103954.8717643702,246,8
12,1765.6666666666667,389.6666666666667,3.0,3067.1787109375,103954.8717643702,247,6
12,1710.6666666666667,422.6666666666667,3.0,3229.52734375,103954.8717643702,222,5
12,1654.0,506.0,3.0,2908.921875,103954.8717643702,248,3
12,620.5,612.8333333333334,6.0,3067.1787109375,207909.7435287404,225,3
12,1539.2,612.6,5.0,2988.0498046875,173258.11960728368,212,7
12,1415.6,616.2,5.0,2908.921875,173258.11960728368,208,12
12,159.33333333333334,643.0,6.0,2988.0498046875,207909.7435287404,209,11
12,894.4,712.8,5.0,3147.6708984375,173258.11960728368,116,10
12,1312.0,736.5,4.0,3067.1787109375,138606.49568582693,189,19
12,1144.5,833.5,4.0,3312.7490234375,138606.49568582693,124,12
12,1104.5,973.5,4.0,3147.6708984375,138606.49568582693,243,3
13,109.33333333333333,18.333333333333332,3.0,2908.9091796875,103954.8717643702,227,15
13,1231.6666666666667,150.33333333333334,3.0,3395.7294921875,103954.8717643702,250,1
13,1679.0,222.0,3.0,2908.9091796875,103954.8717643702,204,25
13,1714.3333333333333,365.3333333333333,3.0,2908.9091796875,103954.8717643702,251,2
13,1765.5,389.5,4.0,3067.05908203125,138606.49568582693,247,6
13,1697.5,441.0,4.0,3395.7294921875,138606.49568582693,252,2
13,1680.8,464.6,5.0,3312.8095703125,173258.11960728368,158,7
13,1651.0,510.0,5.0,2988.15087890625,173258.11960728368,248,3
13,620.8,613.4,5.0,2908.9091796875,173258.11960728368,225,3
13,1287.5,722.0,4.0,3067.05908203125,138606.49568582693,57,22
13,1017.6666666666666,736.3333333333334,3.0,3147.63818359375,103954.8717643702,160,2
13,1310.6666666666667,736.6666666666666,3.0,3312.8095703125,103954.8717643702,189,19
13,590.0,744.5,4.0,2908.9091796875,138606.49568582693,253,8
13,119.5,752.5,4.0,3229.55517578125,138606.49568582693,254,2
13,1311.6,802.8,5.0,6991.716796875,173258.11960728368,255,5
13,1144.3333333333333,833.3333333333334,3.0,3567.58837890625,103954.8717643702,124,12
13,1054.25,876.5,4.0,2988.15087890625,138606.49568582693,241,4
13,1104.2,973.2,5.0,3067.05908203125,173258.11960728368,243,3
13,892.3333333333334,1197.3333333333333,3.0,2988.15087890625,103954.8717643702,256,9
14,109.25,18.0,4.0,3067.26025390625,138606.49568582693,227,15
14,193.0,141.0,3.0,2987.890625,103954.8717643702,155,11
14,1677.0,222.75,4.0,2908.8427734375,138606.49568582693,204,25
14,1684.3333333333333,367.3333333333333,3.0,3067.26025390625,103954.8717643702,105,4
14,1608.5,402.0,4.0,2908.8427734375,138606.49568582693,257,9
14,1709.6666666666667,423.6666666666667,3.0,3567.57666015625,103954.8717643702,222,5
14,1309.3333333333333,459.0,3.0,2908.8427734375,103954.8717643702,237,2
14,701.2,566.2,5.0,2908.8427734375,173258.11960728368,109,23
14,1457.6666666666667,571.0,3.0,2831.080078125,103954.8717643702,258,4
14,687.1666666666666,580.5,6.0,3147.59326171875,207909.7435287404,259,20
14,893.6666666666666,711.5,6.0,3067.26025390625,207909.7435287404,116,10
14,1446.1666666666667,715.0,6.0,3567.57666015625,207909.7435287404,260,1
14,1311.75,734.0,4.0,3229.53369140625,138606.49568582693,189,19
14,1306.3333333333333,778.0,3.0,2908.8427734375,103954.8717643702,200,7
14,99.66666666666667,846.6666666666666,3.0,3147.59326171875,103954.8717643702,73,11
14,1054.25,876.5,4.0,2987.890625,138606.49568582693,241,4
14,844.0,1198.3333333333333,3.0,3147.59326171875,103954.8717643702,166,22
15,716.6666666666666,8.0,3.0,3312.779296875,103954.8717643702,262,1
15,108.5,18.25,4.0,2988.228515625,138606.49568582693,227,15
15,1469.6666666666667,379.1666666666667,6.0,3312.779296875,207909.7435287404,264,6
15,1583.6666666666667,437.6666666666667,3.0,2908.9248046875,103954.8717643702,265,2
15,1837.0,494.0,3.0,2830.99609375,103954.8717643702,206,25
15,1636.0,521.8,5.0,2988.228515625,173258.11960728368,266,1
15,651.6666666666666,541.6666666666666,3.0,2908.9248046875,103954.8717643702,267,1
15,0.3333333333333333,661.3333333333334,3.0,2988.228515625,103954.8717643702,51,18
15,1466.5,670.0,4.0,3147.7529296875,138606.49568582693,268,3
15,127.75,692.0,4.0,2988.228515625,138606.49568582693,269,22
15,892.6666666666666,712.3333333333334,3.0,2908.9248046875,103954.8717643702,116,10
15,556.3333333333334,718.6666666666666,3.0,3481.9306640625,103954.8717643702,270,15
15,1299.6666666666667,731.3333333333334,3.0,2830.99609375,103954.8717643702,117,22
15,946.0,906.5,6.0,3229.349609375,207909.7435287404,202,8
15,1323.3333333333333,984.6666666666666,3.0,3067.07421875,103954.8717643702,271,1
15,851.25,1110.0,4.0,2908.9248046875,138606.49568582693,272,2
16,1677.2,222.4,5.0,2988.1435546875,173258.11960728368,204,25
16,1592.0,288.0,3.0,2830.8759765625,103954.8717643702,28,18
16,701.5,567.0,4.0,3067.0068359375,138606.49568582693,109,23
16,1414.0,615.0,4.0,3147.7041015625,138606.49568582693,208,12
16,892.6666666666666,713.0,3.0,3067.0068359375,103954.8717643702,116,10
16,589.6666666666666,744.0,3.0,2908.8212890625,103954.8717643702,253,8
16,265.6666666666667,881.6666666666666,3.0,3229.318359375,103954.8717643702,76,16
16,69.0,949.0,3.0,3312.7666015625,103954.8717643702,151,18
16,826.5,1199.5,4.0,2908.8212890625,138606.49568582693,273,8
17,1257.6666666666667,145.33333333333334,3.0,2909.0458984375,103954.8717643702,274,1
17,1592.0,288.0,3.0,2909.0458984375,103954.8717643702,28,18
17,1782.6666666666667,331.3333333333333,3.0,3067.1103515625,103954.8717643702,275,25
17,1706.0,345.6666666666667,3.0,3147.7744140625,103954.8717643702,276,2
17,1627.6666666666667,377.3333333333333,3.0,2831.1796875,103954.8717643702,277,1
17,1592.25,438.5,4.0,2909.0458984375,138606.49568582693,278,6
17,701.0,566.25,4.0,2987.845703125,138606.49568582693,109,23
17,686.75,580.75,4.0,2987.845703125,138606.49568582693,259,20
17,1414.0,614.25,4.0,2987.845703125,138606.49568582693,208,12
17,1467.0,669.0,3.0,2987.845703125,103954.8717643702,268,3
17,589.75,744.0,4.0,2909.0458984375,138606.49568582693,253,8
17,1143.3333333333333,832.6666666666666,3.0,2987.845703125,103954.8717643702,124,12
17,423.4,871.8,5.0,3312.8330078125,173258.11960728368,279,1
17,710.3333333333334,1085.6666666666667,3.0,2987.845703125,103954.8717643702,280,1
18,348.2,2.0,5.0,3481.75,173258.11960728368,281,1
18,173.0,62.0,3.0,4292.3193359375,103954.8717643702,282,5
18,1690.8,336.2,5.0,3921.732421875,173258.11960728368,284,2
18,698.3333333333334,565.0,3.0,2987.7939453125,103954.8717643702,109,23
18,1452.5,571.0,4.0,2831.173828125,138606.49568582693,258,4
18,684.0,579.8,5.0,3312.599609375,173258.11960728368,259,20
18,1411.6666666666667,613.0,3.0,2987.7939453125,103954.8717643702,208,12
18,1531.3333333333333,624.6666666666666,3.0,2908.7607421875,103954.8717643702,285,1
18,1464.5,668.25,4.0,2987.7939453125,138606.49568582693,268,3
18,890.0,711.0,3.0,2987.7939453125,103954.8717643702,116,10
18,950.6666666666666,734.0,3.0,2908.7607421875,103954.8717643702,286,1
18,922.0,753.0,3.0,3067.30859375,103954.8717643702,287,2
18,1038.6666666666667,763.3333333333334,3.0,2908.7607421875,103954.8717643702,288,2
18,25.0,1298.5,6.0,3229.7119140625,207909.7435287404,290,1
19,1199.75,52.0,4.0,2987.8935546875,138606.49568582693,291,2
19,174.5,63.0,6.0,5615.1484375,207909.7435287404,282,5
19,1677.3333333333333,221.83333333333334,6.0,2909.015625,207909.7435287404,204,25
19,1591.0,287.0,5.0,2987.8935546875,173258.11960728368,28,18
19,700.8,567.2,5.0,2987.8935546875,173258.11960728368,109,23
19,689.0,587.0,3.0,3229.5693359375,103954.8717643702,259,20
19,153.66666666666666,648.3333333333334,3.0,2831.0556640625,103954.8717643702,209,11
19,562.2,706.8,5.0,3312.57421875,173258.11960728368,270,15
19,1315.6666666666667,731.3333333333334,3.0,2909.015625,103954.8717643702,189,19
19,1026.0,753.0,3.0,2909.015625,103954.8717643702,292,2
19,1040.3333333333333,764.6666666666666,3.0,3067.228515625,103954.8717643702,288,2
19,996.3333333333334,1111.6666666666667,3.0,2987.8935546875,103954.8717643702,294,1
19,915.3333333333334,1192.6666666666667,3.0,2831.0556640625,103954.8717643702,295,1
19,263.75,2004.75,4.0,2909.015625,138606.49568582693,296,5
20,1185.8,57.4,5.0,3067.279296875,173258.11960728368,297,4
20,1353.5,69.5,4.0,3067.279296875,138606.49568582693,298,2
20,116.0,120.75,4.0,2988.02734375,138606.49568582693,299,12
20,1677.0,222.8,5.0,2988.02734375,173258.11960728368,204,25
20,1470.0,379.5,4.0,2988.02734375,138606.49568582693,264,6
20,701.8,568.2,5.0,2908.7763671875,173258.11960728368,109,23
20,687.2,581.6,5.0,2908.7763671875,173258.11960728368,259,20
20,669.25,605.0,4.0,2988.02734375,138606.49568582693,300,2
20,1414.6666666666667,613.6666666666666,6.0,3067.279296875,207909.7435287404,208,12
20,422.0,878.0,3.0,3147.462890625,103954.8717643702,301,1
20,265.0,881.25,4.0,2988.02734375,138606.49568582693,76,16
21,1187.0,58.6,5.0,3229.52734375,173258.11960728368,297,4
21,177.0,65.0,3.0,4387.34765625,103954.8717643702,282,5
21,1355.6666666666667,69.66666666666667,3.0,3229.52734375,103954.8717643702,298,2
21,1592.3333333333333,288.3333333333333,3.0,3067.1787109375,103954.8717643702,28,18
21,1782.8,331.2,5.0,2908.921875,173258.11960728368,275,25
21,1470.0,376.5,4.0,3481.919921875,138606.49568582693,264,6
21,1694.8,462.4,5.0,3229.52734375,173258.11960728368,302,1
21,704.5,569.5,4.0,2988.0498046875,138606.49568582693,109,23
21,691.6666666666666,589.3333333333334,3.0,3067.1787109375,103954.8717643702,259,20
21,670.25,604.75,4.0,2988.0498046875,138606.49568582693,300,2
21,1539.3333333333333,615.3333333333334,3.0,2908.921875,103954.8717643702,212,7
21,1209.6666666666667,689.3333333333334,3.0,2908.921875,103954.8717643702,303,1
21,564.0,708.25,4.0,2908.921875,138606.49568582693,270,15
21,893.4,1197.4,5.0,3067.1787109375,173258.11960728368,256,9
22,332.0,0.0,3.0,3567.4814453125,103954.8717643702,305,1
22,176.66666666666666,64.5,6.0,5945.0556640625,207909.7435287404,282,5
22,1257.8,153.8,5.0,3067.1044921875,173258.11960728368,233,18
22,1707.0,343.5,4.0,4881.2509765625,138606.49568582693,276,2
22,1765.5,389.0,4.0,3147.59375,138606.49568582693,247,6
22,1585.0,435.0,3.0,2831.001953125,103954.8717643702,265,2
22,1691.5,472.8333333333333,6.0,3067.1044921875,207909.7435287404,306,1
22,704.3333333333334,569.6666666666666,3.0,2908.80859375,103954.8717643702,109,23
22,688.0,582.25,4.0,2908.80859375,138606.49568582693,259,20
22,1411.3333333333333,618.6666666666666,3.0,2831.001953125,103954.8717643702,208,12
22,1318.6666666666667,706.6666666666666,3.0,3147.59375,103954.8717643702,307,21
22,1287.6666666666667,721.0,3.0,2908.80859375,103954.8717643702,57,22
22,1294.6666666666667,880.3333333333334,3.0,2908.80859375,103954.8717643702,308,8
22,768.0,1166.0,3.0,3067.1044921875,103954.8717643702,309,2
23,351.0,6.5,4.0,3831.99609375,138606.49568582693,310,1
23,176.0,64.0,3.0,4981.9609375,103954.8717643702,282,5
23,57.5,152.0,4.0,3831.99609375,138606.49568582693,311,2
23,1564.0,307.0,3.0,2908.6669921875,103954.8717643702,185,3
23,1690.6,335.2,5.0,3067.21875,173258.11960728368,284,2
23,1784.0,334.6666666666667,3.0,2908.6669921875,103954.8717643702,275,25
23,1704.0,339.0,5.0,2908.6669921875,173258.11960728368,312,4
23,1730.25,425.5,4.0,3067.21875,138606.49568582693,313,1
23,1700.5,458.0,4.0,2987.9423828125,138606.49568582693,314,2
23,1538.3333333333333,615.3333333333334,3.0,2831.2568359375,103954.8717643702,212,7
23,1526.3333333333333,653.3333333333334,3.0,2987.9423828125,103954.8717643702,315,1
23,1397.0,699.0,3.0,3229.5009765625,103954.8717643702,316,2
23,1318.6,706.2,5.0,3229.5009765625,173258.11960728368,307,21
23,1302.6666666666667,731.6666666666666,3.0,2987.9423828125,103954.8717643702,117,22
23,1317.5,732.25,4.0,3147.8935546875,138606.49568582693,189,19
23,1385.0,825.25,4.0,2908.6669921875,138606.49568582693,317,8
23,664.6666666666666,974.6666666666666,3.0,2908.6669921875,103954.8717643702,86,4
23,1112.1666666666667,1017.6666666666666,6.0,2908.6669921875,207909.7435287404,318,2
23,768.0,1166.5,4.0,3147.8935546875,138606.49568582693,309,2
23,892.6666666666666,1197.3333333333333,3.0,2987.9423828125,103954.8717643702,256,9
24,57.0,152.5,4.0,3481.90234375,138606.49568582693,311,2
24,1508.6666666666667,190.0,3.0,2987.935546875,103954.8717643702,137,2
24,1754.6666666666667,314.0,3.0,2987.935546875,103954.8717643702,320,1
24,1703.5,339.0,4.0,3654.8134765625,138606.49568582693,312,4
24,1709.25,363.25,4.0,3741.95703125,138606.49568582693,321,2
24,1764.6666666666667,388.3333333333333,3.0,3067.2822265625,103954.8717643702,247,6
24,1694.8,446.8,5.0,3067.2822265625,173258.11960728368,322,2
24,1685.8333333333333,473.0,6.0,3147.5458984375,207909.7435287404,323,1
24,1415.3333333333333,615.3333333333334,3.0,3067.2822265625,103954.8717643702,208,12
24,654.25,686.75,4.0,2909.0478515625,138606.49568582693,324,17
24,1396.75,698.5,4.0,3147.5458984375,138606.49568582693,316,2
24,1317.6666666666667,706.6666666666666,3.0,3147.5458984375,103954.8717643702,307,21
24,1348.6666666666667,717.3333333333334,3.0,2909.0478515625,103954.8717643702,325,7
24,1300.0,731.0,3.0,2987.935546875,103954.8717643702,117,22
24,1317.5,732.75,4.0,3654.8134765625,138606.49568582693,189,19
24,241.66666666666666,1999.6666666666667,3.0,3067.2822265625,103954.8717643702,326,2
25,1260.3333333333333,163.0,3.0,2831.2568359375,103954.8717643702,233,18
25,1595.6666666666667,174.66666666666666,3.0,2987.9423828125,103954.8717643702,327,3
25,1678.0,221.4,5.0,2987.9423828125,173258.11960728368,204,25
25,1571.3333333333333,329.3333333333333,3.0,2987.9423828125,103954.8717643702,31,5
25,1786.25,334.75,4.0,3067.21875,138606.49568582693,275,25
25,1709.3333333333333,362.6666666666667,3.0,2987.9423828125,103954.8717643702,321,2
25,1687.8333333333333,481.0,6.0,2987.9423828125,207909.7435287404,328,2
25,1145.3333333333333,838.6666666666666,3.0,2908.6669921875,103954.8717643702,124,12
26,1200.0,52.0,3.0,3147.7744140625,103954.8717643702,291,2
26,1901.0,319.25,4.0,3395.828125,138606.49568582693,329,2
26,1688.8,483.2,5.0,3147.7744140625,173258.11960728368,328,2
26,1285.4,720.6,5.0,3067.1103515625,173258.11960728368,57,22
26,1272.5,765.5,6.0,3229.37109375,207909.7435287404,333,13
26,662.5,974.5,4.0,3312.8330078125,138606.49568582693,86,4
26,1112.6,1018.2,5.0,2909.0458984375,173258.11960728368,318,2
26,852.0,1108.6666666666667,3.0,2909.0458984375,103954.8717643702,272,2
26,931.0,1448.3333333333333,3.0,3567.4150390625,103954.8717643702,334,1
27,60.333333333333336,186.0,3.0,2987.845703125,103954.8717643702,335,21
27,1572.75,302.75,4.0,2909.0458984375,138606.49568582693,185,3
27,1901.6666666666667,319.6666666666667,3.0,3147.7744140625,103954.8717643702,329,2
27,1685.2,367.6,5.0,2831.1796875,173258.11960728368,105,4
27,1836.0,495.0,3.0,2909.0458984375,103954.8717643702,206,25
27,687.0,581.25,4.0,2987.845703125,138606.49568582693,259,20
27,1414.0,616.5,6.0,2987.845703125,207909.7435287404,208,12
27,608.0,635.0,3.0,2909.0458984375,103954.8717643702,238,6
27,654.0,687.0,3.0,2831.1796875,103954.8717643702,324,17
27,1280.2,710.8,5.0,2987.845703125,173258.11960728368,57,22
27,560.3333333333334,711.3333333333334,3.0,2909.0458984375,103954.8717643702,270,15
27,1273.3333333333333,766.8333333333334,6.0,4198.2734375,207909.7435287404,333,13
27,1415.2,821.4,5.0,2909.0458984375,173258.11960728368,190,12
27,861.6666666666666,912.6666666666666,3.0,3312.8330078125,103954.8717643702,336,3
27,793.0,1186.6,5.0,2987.845703125,173258.11960728368,337,3
27,925.0,1447.0,3.0,4582.0107421875,103954.8717643702,338,1
28,36.0,58.0,3.0,2908.765625,103954.8717643702,339,3
28,194.33333333333334,144.0,3.0,3567.5947265625,103954.8717643702,155,11
28,718.6666666666666,506.3333333333333,3.0,2987.8798828125,103954.8717643702,207,12
28,1632.0,580.0,3.0,2908.765625,103954.8717643702,340,1
28,1.0,673.0,3.0,2908.765625,103954.8717643702,51,18
28,1281.1666666666667,711.3333333333334,6.0,3567.5947265625,207909.7435287404,57,22
28,1307.0,722.5,6.0,3312.51953125,207909.7435287404,117,22
28,1274.25,768.25,4.0,3229.3134765625,138606.49568582693,333,13
28,1104.3333333333333,878.6666666666666,3.0,2987.8798828125,103954.8717643702,341,15
28,862.6666666666666,912.6666666666666,3.0,3481.66015625,103954.8717643702,336,3
28,793.5,1187.5,4.0,2831.015625,138606.49568582693,337,3
29,1206.5,121.5,4.0,2908.763671875,138606.49568582693,342,2
29,113.4,127.8,5.0,3481.775390625,173258.11960728368,299,12
29,61.666666666666664,147.66666666666666,3.0,3147.865234375,103954.8717643702,343,11
29,1260.3333333333333,163.0,3.0,3067.3935546875,103954.8717643702,233,18
29,59.25,184.5,4.0,3147.865234375,138606.49568582693,335,21
29,1674.25,219.5,4.0,2987.84765625,138606.49568582693,204,25
29,1715.2,356.4,5.0,4013.1630859375,173258.11960728368,344,2
29,1704.4,357.8,5.0,3229.7236328125,173258.11960728368,345,4
29,1609.0,403.0,3.0,2908.763671875,103954.8717643702,257,9
29,1322.3333333333333,588.6666666666666,3.0,2831.0673828125,103954.8717643702,346,19
29,1629.75,593.0,4.0,2908.763671875,138606.49568582693,347,1
29,625.25,606.0,4.0,2908.763671875,138606.49568582693,348,12
29,1409.5,612.0,6.0,3067.3935546875,207909.7435287404,208,12
29,0.0,676.0,3.0,3067.3935546875,103954.8717643702,51,18
29,1280.0,710.5,4.0,3067.3935546875,138606.49568582693,57,22
29,559.3333333333334,710.3333333333334,3.0,2908.763671875,103954.8717643702,270,15
29,1314.6,729.8,5.0,3395.75390625,173258.11960728368,189,19
29,838.6666666666666,1196.3333333333333,3.0,2908.763671875,103954.8717643702,166,22
30,189.33333333333334,142.33333333333334,3.0,3655.0458984375,103954.8717643702,155,11
30,59.75,185.5,4.0,3147.7744140625,138606.49568582693,335,21
30,1457.6,206.8,5.0,2987.77734375,173258.11960728368,349,4
30,1614.3333333333333,274.0,3.0,3147.7744140625,103954.8717643702,350,3
30,1703.0,358.0,5.0,3481.6396484375,173258.11960728368,345,4
30,1714.5,356.5,4.0,3229.6220703125,138606.49568582693,344,2
30,1469.3333333333333,381.0,3.0,2987.77734375,103954.8717643702,264,6
30,1835.3333333333333,495.3333333333333,3.0,3067.3134765625,103954.8717643702,206,25
30,654.6666666666666,638.6666666666666,3.0,3067.3134765625,103954.8717643702,351,7
30,1457.8,676.4,5.0,3229.6220703125,173258.11960728368,55,22
30,653.5,686.5,4.0,2831.0185546875,138606.49568582693,324,17
30,1305.5,721.5,4.0,3067.3134765625,138606.49568582693,117,22
30,839.6666666666666,1200.3333333333333,6.0,3229.6220703125,207909.7435287404,166,22
30,245.66666666666666,1989.6666666666667,3.0,3067.3134765625,103954.8717643702,353,2
31,1595.0,177.66666666666666,3.0,2908.9287109375,103954.8717643702,327,3
31,1459.75,206.0,4.0,2908.9287109375,138606.49568582693,349,4
31,1786.0,334.0,6.0,2908.9287109375,207909.7435287404,275,25
31,1703.25,359.5,4.0,3655.0458984375,138606.49568582693,345,4
31,1744.6,368.8,5.0,3312.798828125,173258.11960728368,246,8
31,1715.6666666666667,377.6666666666667,3.0,2908.9287109375,103954.8717643702,354,1
31,1880.5,487.5,4.0,3067.25390625,138606.49568582693,355,2
31,1684.2,489.4,5.0,3067.25390625,173258.11960728368,356,1
31,1627.6666666666667,599.8333333333334,6.0,3229.37109375,207909.7435287404,357,1
31,1281.0,712.0,3.0,2988.091796875,103954.8717643702,57,22
31,110.66666666666667,753.0,3.0,2988.091796875,103954.8717643702,358,4
31,1415.6666666666667,821.3333333333334,3.0,2908.9287109375,103954.8717643702,190,12
31,1374.5,861.5,6.0,3067.25390625,207909.7435287404,125,12
31,840.8333333333334,1199.8333333333333,6.0,3067.25390625,207909.7435287404,166,22
31,245.66666666666666,1990.3333333333333,3.0,2908.9287109375,103954.8717643702,353,2
32,1269.6666666666667,74.0,3.0,2988.2353515625,103954.8717643702,182,4
32,1206.4,122.0,5.0,2908.7783203125,173258.11960728368,342,2
32,49.0,152.0,3.0,3229.42578125,103954.8717643702,359,1
32,1257.75,161.0,4.0,3067.2216796875,138606.49568582693,233,18
32,59.25,184.25,4.0,2908.7783203125,138606.49568582693,335,21
32,1457.3333333333333,207.0,3.0,2831.203125,103954.8717643702,349,4
32,1590.5,248.5,6.0,3481.8994140625,207909.7435287404,360,4
32,1714.6666666666667,362.6666666666667,3.0,3147.6181640625,103954.8717643702,251,2
32,1880.0,487.0,3.0,4013.1767578125,103954.8717643702,355,2
32,1625.0,606.0,3.0,3229.42578125,103954.8717643702,361,1
32,655.3333333333334,638.3333333333334,3.0,3067.2216796875,103954.8717643702,351,7
32,154.0,645.5,4.0,2988.2353515625,138606.49568582693,209,11
32,1458.0,676.5,4.0,3067.2216796875,138606.49568582693,55,22
32,619.5,677.5,6.0,3067.2216796875,207909.7435287404,362,1
32,1341.5,687.8333333333334,6.0,3147.6181640625,207909.7435287404,197,23
32,1546.0,688.0,3.0,2908.7783203125,103954.8717643702,363,3
32,1305.5,732.5,4.0,2988.2353515625,138606.49568582693,117,22
32,1347.0,830.0,3.0,2908.7783203125,103954.8717643702,164,6
32,1144.0,879.0,3.0,2988.2353515625,103954.8717643702,364,1
32,840.0,1199.8333333333333,6.0,2988.2353515625,207909.7435287404,166,22
32,1324.0,1335.75,4.0,4198.41796875,138606.49568582693,365,1
33,738.25,13.25,4.0,4105.5986328125,138606.49568582693,366,3
33,277.3333333333333,35.0,3.0,2987.890625,103954.8717643702,195,8
33,37.666666666666664,54.666666666666664,3.0,2908.8935546875,103954.8717643702,339,3
33,1460.3333333333333,90.66666666666667,3.0,2987.890625,103954.8717643702,367,12
33,59.666666666666664,184.16666666666666,6.0,3147.7646484375,207909.7435287404,335,21
33,1590.8,249.2,5.0,2908.8935546875,173258.11960728368,360,4
33,1786.6666666666667,334.3333333333333,3.0,2987.890625,103954.8717643702,275,25
33,1687.75,371.5,4.0,2908.8935546875,138606.49568582693,105,4
33,1597.5,422.0,4.0,2830.837890625,138606.49568582693,368,2
33,1697.4,447.4,5.0,3147.7646484375,173258.11960728368,322,2
33,1338.5,698.6666666666666,6.0,3654.6591796875,207909.7435287404,197,23
33,839.6666666666666,1201.0,3.0,2987.890625,103954.8717643702,166,22
34,60.2,185.6,5.0,3147.8935546875,173258.11960728368,335,21
34,1786.5,335.0,6.0,2908.6669921875,207909.7435287404,275,25
34,1697.6666666666667,350.5,6.0,4012.931640625,207909.7435287404,370,2
34,1704.3333333333333,360.0,3.0,3067.21875,103954.8717643702,345,4
34,1839.3333333333333,500.6666666666667,3.0,2987.9423828125,103954.8717643702,206,25
34,1410.6666666666667,619.0,6.0,2987.9423828125,207909.7435287404,208,12
34,656.0,639.3333333333334,3.0,2987.9423828125,103954.8717643702,351,7
34,1545.8,689.2,5.0,3312.5068359375,173258.11960728368,363,3
34,1338.6666666666667,699.6666666666666,3.0,2987.9423828125,103954.8717643702,197,23
34,113.66666666666667,737.6666666666666,3.0,2831.2568359375,103954.8717643702,371,17
34,1374.0,861.5,4.0,2908.6669921875,138606.49568582693,125,12
34,915.0,900.75,4.0,3312.5068359375,138606.49568582693,372,1
34,894.0,1198.0,3.0,2908.6669921875,103954.8717643702,256,9
35,738.0,13.0,3.0,3229.42578125,103954.8717643702,366,3
35,114.2,128.8,5.0,4881.0849609375,173258.11960728368,299,12
35,1596.0,174.0,3.0,2831.203125,103954.8717643702,327,3
35,1458.0,207.5,4.0,2831.203125,138606.49568582693,349,4
35,1697.5,349.25,4.0,3229.42578125,138606.49568582693,370,2
35,1496.3333333333333,363.6666666666667,3.0,2831.203125,103954.8717643702,373,2
35,1702.0,439.0,3.0,2908.7783203125,103954.8717643702,252,2
35,1710.6,458.2,5.0,3395.8603515625,173258.11960728368,374,1
35,1688.5,463.0,4.0,3067.2216796875,138606.49568582693,158,7
35,1459.3333333333333,676.6666666666666,3.0,2908.7783203125,103954.8717643702,55,22
35,1544.6666666666667,689.6666666666666,3.0,2908.7783203125,103954.8717643702,363,3
35,1346.0,719.0,3.0,3147.6181640625,103954.8717643702,325,7
35,1001.0,770.5,6.0,3147.6181640625,207909.7435287404,375,4
35,1261.0,890.6666666666666,3.0,3067.2216796875,103954.8717643702,376,5
35,915.6666666666666,909.6666666666666,3.0,3395.8603515625,103954.8717643702,377,1
35,792.3333333333334,1185.3333333333333,3.0,2831.203125,103954.8717643702,337,3
36,736.3333333333334,11.666666666666666,3.0,3229.37109375,103954.8717643702,366,3
36,114.0,128.0,3.0,4387.416015625,103954.8717643702,299,12
36,59.833333333333336,183.66666666666666,6.0,3147.837890625,207909.7435287404,335,21
36,1590.3333333333333,284.6666666666667,3.0,2908.9287109375,103954.8717643702,28,18
36,1478.8,523.0,5.0,3229.37109375,173258.11960728368,379,6
36,1536.0,611.5,4.0,2908.9287109375,138606.49568582693,212,7
36,1409.75,617.75,4.0,2908.9287109375,138606.49568582693,208,12
36,1374.3333333333333,654.6666666666666,3.0,2908.9287109375,103954.8717643702,213,18
36,653.25,686.25,4.0,2831.1884765625,138606.49568582693,324,17
36,110.0,753.5,4.0,2831.1884765625,138606.49568582693,358,4
36,1001.6666666666666,769.6666666666666,3.0,2988.091796875,103954.8717643702,375,4
36,877.6666666666666,836.3333333333334,3.0,3481.552734375,103954.8717643702,380,1
36,1188.8,887.6,5.0,3229.37109375,173258.11960728368,381,6
37,113.83333333333333,127.33333333333333,6.0,4387.416015625,207909.7435287404,299,12
37,59.75,184.0,4.0,3229.37109375,138606.49568582693,335,21
37,1836.3333333333333,494.3333333333333,3.0,2988.091796875,103954.8717643702,206,25
37,1657.2,502.6,5.0,2908.9287109375,173258.11960728368,248,3
37,1481.6666666666667,519.3333333333334,3.0,2988.091796875,103954.8717643702,379,6
37,1538.0,610.3333333333334,6.0,2988.091796875,207909.7435287404,212,7
37,653.6,686.2,5.0,3067.25390625,173258.11960728368,324,17
37,1298.3333333333333,728.6666666666666,3.0,3229.37109375,103954.8717643702,117,22
37,842.5,1199.25,4.0,2908.9287109375,138606.49568582693,166,22
37,294.3333333333333,1296.0,3.0,3067.25390625,103954.8717643702,132,11
38,1260.6,161.8,5.0,2988.2353515625,173258.11960728368,233,18
38,58.833333333333336,182.83333333333334,6.0,3067.2216796875,207909.7435287404,335,21
38,1491.3333333333333,345.6666666666667,3.0,2988.2353515625,103954.8717643702,382,4
38,1734.0,380.5,4.0,2908.7783203125,138606.49568582693,383,1
38,1755.3333333333333,435.6666666666667,3.0,3147.6181640625,103954.8717643702,384,3
38,1713.25,442.5,4.0,3147.6181640625,138606.49568582693,385,2
38,1475.5,520.5,6.0,3312.6435546875,207909.7435287404,379,6
38,1458.3333333333333,674.0,3.0,2831.203125,103954.8717643702,55,22
38,653.25,685.75,4.0,3067.2216796875,138606.49568582693,324,17
38,900.6666666666666,690.6666666666666,3.0,2988.2353515625,103954.8717643702,386,11
38,1286.4,719.6,5.0,2908.7783203125,173258.11960728368,57,22
38,1260.6666666666667,888.6666666666666,3.0,3147.6181640625,103954.8717643702,376,5
38,995.6666666666666,1116.6666666666667,3.0,2908.7783203125,103954.8717643702,387,1
38,820.0,1200.0,3.0,2908.7783203125,103954.8717643702,273,8
38,267.5,2005.5,4.0,3832.166015625,138606.49568582693,296,5
39,1259.6,162.8,5.0,3067.25390625,173258.11960728368,233,18
39,58.166666666666664,182.16666666666666,6.0,3067.25390625,207909.7435287404,335,21
39,1490.6666666666667,344.6666666666667,3.0,3481.552734375,103954.8717643702,382,4
39,1713.0,434.0,3.0,2988.091796875,103954.8717643702,388,6
39,1683.1666666666667,464.5,6.0,3229.37109375,207909.7435287404,158,7
39,154.0,644.0,3.0,2908.9287109375,103954.8717643702,209,11
39,1457.8,673.8,5.0,2988.091796875,173258.11960728368,55,22
39,1297.3333333333333,727.6666666666666,3.0,2988.091796875,103954.8717643702,117,22
39,1000.0,769.0,3.0,2908.9287109375,103954.8717643702,375,4
39,1305.0,781.0,3.0,2908.9287109375,103954.8717643702,200,7
39,1371.5,859.5,4.0,2988.091796875,138606.49568582693,125,12
39,1259.6666666666667,888.6666666666666,3.0,2988.091796875,103954.8717643702,376,5
39,266.3333333333333,2005.3333333333333,3.0,3742.2666015625,103954.8717643702,296,5
40,109.25,88.0,4.0,2908.7783203125,138606.49568582693,390,9
40,110.5,124.5,6.0,6633.3583984375,207909.7435287404,299,12
40,57.5,181.5,4.0,3147.6181640625,138606.49568582693,335,21
40,1786.6666666666667,334.3333333333333,3.0,2988.2353515625,103954.8717643702,275,25
40,1740.6666666666667,370.0,3.0,3067.2216796875,103954.8717643702,246,8
40,1702.6,431.0,5.0,2988.2353515625,173258.11960728368,388,6
40,1680.0,465.8333333333333,6.0,3481.8994140625,207909.7435287404,158,7
40,1476.3333333333333,521.1666666666666,6.0,3067.2216796875,207909.7435287404,379,6
40,1652.2,528.4,5.0,2988.2353515625,173258.11960728368,391,1
40,654.0,635.0,3.0,2988.2353515625,103954.8717643702,351,7
40,1458.0,673.6666666666666,3.0,3067.2216796875,103954.8717643702,55,22
40,651.0,684.3333333333334,3.0,2908.7783203125,103954.8717643702,324,17
40,1285.0,719.5,4.0,2988.2353515625,138606.49568582693,57,22
40,1296.0,727.0,3.0,3147.6181640625,103954.8717643702,117,22
40,1272.0,761.0,3.0,2908.7783203125,103954.8717643702,333,13
40,1260.0,887.6666666666666,3.0,2908.7783203125,103954.8717643702,376,5
41,111.33333333333333,124.66666666666667,3.0,3067.357421875,103954.8717643702,299,12
41,1260.0,163.0,4.0,3147.7646484375,138606.49568582693,233,18
41,1707.3333333333333,431.8333333333333,6.0,3067.357421875,207909.7435287404,388,6
41,1705.0,458.0,3.0,2987.890625,103954.8717643702,314,2
41,1837.6666666666667,498.3333333333333,3.0,2908.8935546875,103954.8717643702,206,25
41,657.5,663.5,4.0,3229.58203125,138606.49568582693,214,20
41,1285.3333333333333,719.5,6.0,2987.890625,207909.7435287404,57,22
41,109.33333333333333,758.0,3.0,2987.890625,103954.8717643702,358,4
41,1073.0,797.6,5.0,3067.357421875,173258.11960728368,392,1
41,1004.4,924.8,5.0,3147.7646484375,173258.11960728368,393,3
41,971.5,1133.5,4.0,3229.58203125,138606.49568582693,394,17
42,1260.1666666666667,163.0,6.0,2987.9130859375,207909.7435287404,233,18
42,1597.25,424.5,4.0,2908.9404296875,138606.49568582693,368,2
42,1703.4,433.4,5.0,3067.35546875,173258.11960728368,388,6
42,1836.0,494.0,5.0,2908.9404296875,173258.11960728368,206,25
42,1650.0,541.0,3.0,2908.9404296875,103954.8717643702,395,4
42,1285.0,718.5,4.0,3067.35546875,138606.49568582693,57,22
42,1297.75,728.75,4.0,3067.35546875,138606.49568582693,117,22
42,1310.5,806.0,4.0,3395.9375,138606.49568582693,255,5
42,1416.0,820.6666666666666,3.0,3067.35546875,103954.8717643702,190,12
42,1145.5,840.5,4.0,2987.9130859375,138606.49568582693,124,12
42,102.0,850.0,3.0,3481.9609375,103954.8717643702,73,11
42,1414.5,909.0,6.0,3921.951171875,207909.7435287404,396,3
42,1020.6666666666666,977.6666666666666,3.0,2908.9404296875,103954.8717643702,397,4
42,1322.0,979.0,4.0,3067.35546875,138606.49568582693,398,2
43,132.66666666666666,33.333333333333336,3.0,3312.6435546875,103954.8717643702,399,16
43,23.0,76.0,3.0,3229.42578125,103954.8717643702,400,1
43,1615.75,267.0,4.0,3067.2216796875,138606.49568582693,350,3
43,1454.3333333333333,352.0,3.0,3312.6435546875,103954.8717643702,401,9
43,1714.0,434.1666666666667,6.0,3067.2216796875,207909.7435287404,388,6
43,1757.8,438.2,5.0,3481.8994140625,173258.11960728368,384,3
43,1835.0,494.0,3.0,2988.2353515625,103954.8717643702,206,25
43,1847.0,494.3333333333333,3.0,3312.6435546875,103954.8717643702,206,25
43,642.5,573.5,4.0,2908.7783203125,138606.49568582693,402,4
43,655.0,636.75,4.0,2908.7783203125,138606.49568582693,351,7
43,0.25,678.5,4.0,3067.2216796875,138606.49568582693,51,18
43,102.0,850.0,3.0,3147.6181640625,103954.8717643702,73,11
43,1415.5,911.0,4.0,3229.42578125,138606.49568582693,396,3
43,1021.0,977.5,4.0,3481.8994140625,138606.49568582693,397,4
44,131.75,34.0,4.0,3067.25390625,138606.49568582693,399,16
44,188.0,139.0,5.0,2908.9287109375,173258.11960728368,155,11
44,1593.5,430.5,4.0,2908.9287109375,138606.49568582693,403,2
44,1845.4,494.6,5.0,3312.798828125,173258.11960728368,206,25
44,1475.0,522.6666666666666,3.0,2831.1884765625,103954.8717643702,379,6
44,657.3333333333334,664.1666666666666,6.0,3395.75390625,207909.7435287404,214,20
44,1458.6666666666667,674.0,3.0,3067.25390625,103954.8717643702,55,22
44,1297.2,728.6,5.0,3395.75390625,173258.11960728368,117,22
44,1202.0,736.5,4.0,4012.935546875,138606.49568582693,404,3
44,1265.0,816.0,3.0,3147.837890625,103954.8717643702,405,1
44,244.5,834.25,4.0,2831.1884765625,138606.49568582693,406,2
44,269.6666666666667,875.6666666666666,3.0,3312.798828125,103954.8717643702,76,16
44,1097.6666666666667,875.3333333333334,3.0,3147.837890625,103954.8717643702,341,15
44,804.25,1194.5,4.0,2988.091796875,138606.49568582693,194,2
44,1815.6666666666667,2027.8333333333333,6.0,5188.5205078125,207909.7435287404,96,20
45,132.6,33.2,5.0,2987.9130859375,173258.11960728368,399,16
45,1598.3333333333333,264.3333333333333,3.0,2987.9130859375,103954.8717643702,26,20
45,1454.0,351.0,3.0,3147.73828125,103954.8717643702,401,9
45,1801.5,403.5,4.0,2987.9130859375,138606.49568582693,407,6
45,1755.0,425.6666666666667,3.0,3147.73828125,103954.8717643702,408,3
45,1673.3333333333333,475.3333333333333,3.0,3067.35546875,103954.8717643702,409,1
45,1846.0,494.1666666666667,6.0,3481.9609375,207909.7435287404,206,25
45,1425.75,696.75,4.0,3067.35546875,138606.49568582693,410,8
45,1297.8,728.4,5.0,3312.734375,173258.11960728368,117,22
45,1203.0,736.5,4.0,4013.1455078125,138606.49568582693,404,3
45,1310.6666666666667,807.3333333333334,3.0,7235.97705078125,103954.8717643702,255,5
45,101.66666666666667,850.6666666666666,3.0,3481.9609375,103954.8717643702,73,11
45,1186.1666666666667,888.6666666666666,6.0,2987.9130859375,207909.7435287404,381,6
45,1320.3333333333333,976.0,3.0,2908.9404296875,103954.8717643702,398,2
45,1023.0,983.3333333333334,3.0,3067.35546875,103954.8717643702,411,16
45,837.3333333333334,1118.3333333333333,3.0,2830.908203125,103954.8717643702,412,2
45,1816.25,2027.0,4.0,4484.16015625,138606.49568582693,96,20
46,108.66666666666667,20.666666666666668,3.0,3312.6435546875,103954.8717643702,227,15
46,133.66666666666666,34.333333333333336,3.0,2831.203125,103954.8717643702,399,16
46,1672.0,218.33333333333334,3.0,2908.7783203125,103954.8717643702,204,25
46,1786.0,334.75,4.0,2908.7783203125,138606.49568582693,275,25
46,1756.0,426.5,4.0,3229.42578125,138606.49568582693,408,3
46,1557.0,429.0,3.0,2908.7783203125,103954.8717643702,413,3
46,1846.8333333333333,495.3333333333333,6.0,3229.42578125,207909.7435287404,206,25
46,1662.4,526.8,5.0,2988.2353515625,173258.11960728368,414,1
46,1651.0,537.6666666666666,3.0,2831.203125,103954.8717643702,395,4
46,642.4,573.6,5.0,2908.7783203125,173258.11960728368,402,4
46,659.0,665.0,5.0,3229.42578125,173258.11960728368,214,20
46,1426.6,697.8,5.0,3312.6435546875,173258.11960728368,410,8
46,1286.5,720.5,6.0,2908.7783203125,207909.7435287404,57,22
46,1203.6,737.2,5.0,3921.9658203125,173258.11960728368,404,3
46,1296.3333333333333,876.3333333333334,3.0,2908.7783203125,103954.8717643702,308,8
46,1817.4,2028.4,5.0,4291.9794921875,173258.11960728368,96,20
47,132.33333333333334,35.333333333333336,3.0,3067.1103515625,103954.8717643702,399,16
47,1598.6666666666667,265.3333333333333,3.0,3229.37109375,103954.8717643702,26,20
47,1801.0,404.6666666666667,3.0,2909.0458984375,103954.8717643702,407,6
47,1713.75,424.25,4.0,2987.845703125,138606.49568582693,222,5
47,1758.4,439.6,5.0,3312.8330078125,173258.11960728368,384,3
47,1708.5,442.0,4.0,3067.1103515625,138606.49568582693,385,2
47,1846.3333333333333,495.3333333333333,3.0,3067.1103515625,103954.8717643702,206,25
47,1647.75,540.75,4.0,2987.845703125,138606.49568582693,395,4
47,658.0,664.5,4.0,3067.1103515625,138606.49568582693,214,20
47,1426.0,698.5,4.0,4013.1650390625,138606.49568582693,410,8
47,1460.6666666666667,699.6666666666666,3.0,2909.0458984375,103954.8717643702,415,1
47,570.0,703.3333333333334,3.0,3067.1103515625,103954.8717643702,416,2
47,1317.0,731.5,4.0,3312.8330078125,138606.49568582693,189,19
47,587.25,744.25,4.0,2909.0458984375,138606.49568582693,253,8
47,246.0,833.8333333333334,6.0,2909.0458984375,207909.7435287404,406,2
47,1816.75,2028.25,4.0,4582.0107421875,138606.49568582693,96,20
48,132.16666666666666,34.5,6.0,2908.6669921875,207909.7435287404,399,16
48,25.333333333333332,90.66666666666667,3.0,3067.21875,103954.8717643702,418,5
48,1742.5,373.5,4.0,3067.21875,138606.49568582693,246,8
48,1800.4,404.4,5.0,2831.2568359375,173258.11960728368,407,6
48,1713.8333333333333,428.3333333333333,6.0,3147.8935546875,207909.7435287404,222,5
48,1846.6666666666667,495.3333333333333,3.0,2908.6669921875,103954.8717643702,206,25
48,1587.0,661.0,3.0,2987.9423828125,103954.8717643702,419,3
48,1374.2,662.6,5.0,2987.9423828125,173258.11960728368,213,18
48,657.5,664.5,4.0,2908.6669921875,138606.49568582693,214,20
48,1426.1666666666667,697.8333333333334,6.0,4981.9609375,207909.7435287404,410,8
48,1414.6666666666667,821.3333333333334,3.0,2987.9423828125,103954.8717643702,190,12
48,868.0,836.0,3.0,3067.21875,103954.8717643702,420,2
48,1817.25,2028.0,4.0,4679.7802734375,138606.49568582693,96,20
49,1598.6666666666667,264.0,3.0,2987.9423828125,103954.8717643702,26,20
49,1709.0,434.3333333333333,3.0,3229.5009765625,103954.8717643702,388,6
49,1846.3333333333333,495.6666666666667,3.0,2987.9423828125,103954.8717643702,206,25
49,655.0,637.0,3.0,3067.21875,103954.8717643702,351,7
49,658.5,664.0,4.0,3067.21875,138606.49568582693,214,20
49,1460.3333333333333,674.0,3.0,3229.5009765625,103954.8717643702,55,22
49,1426.0,697.5,4.0,3921.998046875,138606.49568582693,410,8
49,1316.5,731.5,4.0,3831.99609375,138606.49568582693,189,19
49,1022.5,977.6666666666666,6.0,3395.9794921875,207909.7435287404,397,4
49,377.5,1747.5,4.0,4012.931640625,138606.49568582693,422,1
49,1816.5,2028.5,4.0,3395.9794921875,138606.49568582693,96,20
50,84.6,127.6,5.0,3067.1103515625,173258.11960728368,423,5
50,1598.0,262.0,3.0,2831.1796875,103954.8717643702,26,20
50,1614.6666666666667,270.3333333333333,3.0,2987.845703125,103954.8717643702,350,3
50,1705.8,336.6,5.0,4013.1650390625,173258.11960728368,312,4
50,1647.0,544.6666666666666,3.0,2909.0458984375,103954.8717643702,395,4
50,1372.0,658.5,6.0,3147.7744140625,207909.7435287404,213,18
50,1584.6,663.2,5.0,3147.7744140625,173258.11960728368,419,3
50,657.6666666666666,663.6666666666666,3.0,2909.0458984375,103954.8717643702,214,20
50,1.0,674.0,3.0,2831.1796875,103954.8717643702,51,18
50,1459.0,675.0,3.0,3147.7744140625,103954.8717643702,55,22
50,1283.3333333333333,715.6666666666666,3.0,3147.7744140625,103954.8717643702,57,22
50,587.0,742.3333333333334,3.0,2831.1796875,103954.8717643702,253,8
50,1217.5,874.5,4.0,3067.1103515625,138606.49568582693,424,7
50,49.5,950.0,4.0,3742.2646484375,138606.49568582693,425,6
50,1021.0,977.25,4.0,3567.4150390625,138606.49568582693,397,4
51,85.0,127.6,5.0,3067.21875,173258.11960728368,423,5
51,1706.0,337.0,3.0,2908.6669921875,103954.8717643702,312,4
51,1452.8,350.8,5.0,3567.5888671875,173258.11960728368,401,9
51,1740.5,370.5,4.0,3229.5009765625,138606.49568582693,246,8
51,1800.5,403.5,4.0,3067.21875,138606.49568582693,407,6
51,1843.0,493.6666666666667,3.0,2987.9423828125,103954.8717643702,206,25
51,633.3333333333334,602.6666666666666,3.0,3067.21875,103954.8717643702,426,1
51,659.0,663.0,3.0,2908.6669921875,103954.8717643702,214,20
51,1458.75,674.5,4.0,3147.8935546875,138606.49568582693,55,22
51,119.0,697.0,3.0,2831.2568359375,103954.8717643702,269,22
51,1284.8,718.2,5.0,3067.21875,173258.11960728368,57,22
51,49.2,949.6,5.0,3831.99609375,173258.11960728368,425,6
51,382.3333333333333,1753.0,3.0,2987.9423828125,103954.8717643702,427,1
51,388.25,1762.5,4.0,3147.8935546875,138606.49568582693,428,1
52,736.6666666666666,5.0,3.0,3481.79296875,103954.8717643702,429,1
52,108.6,18.0,5.0,3312.57421875,173258.11960728368,227,15
52,85.0,127.5,6.0,3147.482421875,207909.7435287404,423,5
52,1453.25,350.0,4.0,3312.57421875,138606.49568582693,401,9
52,1578.6666666666667,428.3333333333333,3.0,2909.015625,103954.8717643702,223,2
52,1592.0,437.0,3.0,2987.8935546875,103954.8717643702,278,6
52,1838.6666666666667,494.6666666666667,3.0,2831.0556640625,103954.8717643702,206,25
52,1315.6666666666667,580.6666666666666,3.0,2831.0556640625,103954.8717643702,346,19
52,1482.5,628.0,4.0,3312.57421875,138606.49568582693,430,2
52,1414.0,818.6666666666666,3.0,2909.015625,103954.8717643702,190,12
52,263.6666666666667,879.6666666666666,3.0,3229.5693359375,103954.8717643702,76,16
52,49.0,949.5,4.0,3229.5693359375,138606.49568582693,425,6
52,1173.0,950.0,3.0,2987.8935546875,103954.8717643702,176,9
52,1815.6666666666667,2027.3333333333333,3.0,3922.0390625,103954.8717643702,96,20
53,109.66666666666667,18.666666666666668,3.0,2909.0458984375,103954.8717643702,227,15
53,1454.5,350.0,6.0,3567.4150390625,207909.7435287404,401,9
53,1736.5,361.0,4.0,3229.37109375,138606.49568582693,431,1
53,132.5,513.0,4.0,3067.1103515625,138606.49568582693,433,2
53,659.25,663.75,4.0,3229.37109375,138606.49568582693,214,20
53,1458.6666666666667,675.5,6.0,3147.7744140625,207909.7435287404,55,22
53,1302.5,722.5,4.0,2987.845703125,138606.49568582693,117,22
53,1091.8333333333333,828.3333333333334,6.0,3655.072265625,207909.7435287404,162,4
53,1212.3333333333333,874.6666666666666,3.0,2909.0458984375,103954.8717643702,434,3
53,837.0,1119.25,4.0,3147.7744140625,138606.49568582693,412,2
53,584.0,1282.8,5.0,2987.845703125,173258.11960728368,435,1
53,251.66666666666666,2010.3333333333333,3.0,3312.8330078125,103954.8717643702,436,2
54,32.4,59.6,5.0,3312.5537109375,173258.11960728368,339,3
54,59.5,185.0,4.0,3067.0537109375,138606.49568582693,335,21
54,1454.8333333333333,350.0,6.0,3921.912109375,207909.7435287404,401,9
54,1536.0,585.0,3.0,2908.9345703125,103954.8717643702,437,17
54,1483.6666666666667,628.0,3.0,2908.9345703125,103954.8717643702,430,2
54,1372.25,658.25,4.0,3067.0537109375,138606.49568582693,213,18
54,1459.0,675.0,3.0,3229.3330078125,103954.8717643702,55,22
54,1285.0,718.1666666666666,6.0,2987.994140625,207909.7435287404,57,22
54,1081.0,805.6666666666666,3.0,2987.994140625,103954.8717643702,438,4
54,1007.0,1012.0,3.0,4387.484375,103954.8717643702,89,2
54,1816.3333333333333,2027.6666666666667,3.0,3067.0537109375,103954.8717643702,96,20
55,114.66666666666667,131.33333333333334,3.0,3654.87890625,103954.8717643702,299,12
55,59.8,184.4,5.0,2987.9208984375,173258.11960728368,335,21
55,1669.6666666666667,213.33333333333334,3.0,2909.00390625,103954.8717643702,204,25
55,1455.6666666666667,350.0,3.0,3741.9130859375,103954.8717643702,401,9
55,1592.0,439.0,3.0,2830.9892578125,103954.8717643702,278,6
55,656.0,486.0,3.0,2909.00390625,103954.8717643702,439,5
55,134.0,511.0,3.0,2987.9208984375,103954.8717643702,433,2
55,120.25,694.75,4.0,2987.9208984375,138606.49568582693,269,22
55,1346.6666666666667,717.3333333333334,3.0,2987.9208984375,103954.8717643702,325,7
55,1305.4,719.2,5.0,4292.07421875,173258.11960728368,117,22
55,1091.5,824.5,4.0,3067.2880859375,138606.49568582693,162,4
55,1102.4,880.8,5.0,3147.5576171875,173258.11960728368,341,15
55,51.333333333333336,950.3333333333334,3.0,2987.9208984375,103954.8717643702,425,6
56,238.0,143.25,4.0,3147.7744140625,138606.49568582693,440,1
56,226.5,158.5,4.0,3312.8330078125,138606.49568582693,441,2
56,59.333333333333336,183.66666666666666,3.0,2987.845703125,103954.8717643702,335,21
56,1456.8,349.8,5.0,3655.072265625,173258.11960728368,401,9
56,1466.0,380.0,3.0,3067.1103515625,103954.8717643702,264,6
56,1593.1666666666667,438.0,6.0,3067.1103515625,207909.7435287404,278,6
56,1315.3333333333333,457.6666666666667,3.0,2909.0458984375,103954.8717643702,442,2
56,655.6666666666666,486.6666666666667,3.0,2987.845703125,103954.8717643702,439,5
56,1379.0,557.0,4.0,2909.0458984375,138606.49568582693,443,5
56,658.0,664.2,5.0,2909.0458984375,173258.11960728368,214,20
56,558.0,708.0,3.0,3147.7744140625,103954.8717643702,270,15
56,1305.5,719.0,4.0,3742.2646484375,138606.49568582693,117,22
56,1163.6666666666667,886.6666666666666,3.0,3067.1103515625,103954.8717643702,444,1
56,1220.3333333333333,926.3333333333334,3.0,3067.1103515625,103954.8717643702,445,7
56,299.6666666666667,1291.6666666666667,3.0,2987.845703125,103954.8717643702,132,11
56,276.6666666666667,2009.3333333333333,3.0,3229.37109375,103954.8717643702,446,2
57,88.0,28.666666666666668,3.0,3067.21875,103954.8717643702,447,2
57,58.5,182.5,4.0,3147.8935546875,138606.49568582693,335,21
57,1732.0,270.0,5.0,3067.21875,173258.11960728368,448,8
57,1624.75,299.75,4.0,3147.8935546875,138606.49568582693,449,8
57,1456.5,348.5,4.0,3741.9951171875,138606.49568582693,401,9
57,1740.25,370.5,4.0,3481.7841796875,138606.49568582693,246,8
57,1314.0,457.0,3.0,2908.6669921875,103954.8717643702,442,2
57,1838.25,494.25,4.0,2987.9423828125,138606.49568582693,206,25
57,1478.3333333333333,519.6666666666666,3.0,2831.2568359375,103954.8717643702,379,6
57,883.8,798.8,5.0,3067.21875,173258.11960728368,450,2
57,1355.3333333333333,828.3333333333334,3.0,2908.6669921875,103954.8717643702,164,6
57,779.75,1157.5,4.0,2908.6669921875,138606.49568582693,451,5
58,58.75,182.5,4.0,2909.0458984375,138606.49568582693,335,21
58,1625.5,300.0,4.0,2987.845703125,138606.49568582693,449,8
58,1607.8,403.0,5.0,2831.1796875,173258.11960728368,257,9
58,1592.6666666666667,437.6666666666667,3.0,2831.1796875,103954.8717643702,278,6
58,1371.5,655.0,4.0,2909.0458984375,138606.49568582693,213,18
58,652.6666666666666,685.3333333333334,6.0,3067.1103515625,207909.7435287404,324,17
58,557.8,707.6,5.0,2987.845703125,173258.11960728368,270,15
58,1285.5,719.5,6.0,3229.37109375,207909.7435287404,57,22
58,64.33333333333333,946.3333333333334,3.0,2987.845703125,103954.8717643702,151,18
58,888.25,1197.5,4.0,2987.845703125,138606.49568582693,256,9
59,108.66666666666667,88.0,3.0,2987.845703125,103954.8717643702,390,9
59,60.666666666666664,183.33333333333334,3.0,3067.1103515625,103954.8717643702,335,21
59,1677.25,220.75,4.0,2987.845703125,138606.49568582693,204,25
59,1600.6666666666667,255.66666666666666,3.0,2909.0458984375,103954.8717643702,26,20
59,1735.0,271.0,5.0,3229.37109375,173258.11960728368,448,8
59,1588.75,286.0,4.0,2987.845703125,138606.49568582693,28,18
59,1455.0,571.0,3.0,2909.0458984375,103954.8717643702,258,4
59,653.4,686.2,5.0,2909.0458984375,173258.11960728368,324,17
59,559.5,709.5,4.0,2909.0458984375,138606.49568582693,270,15
59,1286.3333333333333,719.6666666666666,3.0,2987.845703125,103954.8717643702,57,22
59,574.3333333333334,741.3333333333334,6.0,3147.7744140625,207909.7435287404,452,9
59,66.0,946.75,4.0,3831.7880859375,138606.49568582693,151,18
60,108.6,88.8,5.0,2909.0458984375,173258.11960728368,390,9
60,26.0,91.0,3.0,2909.0458984375,103954.8717643702,418,5
60,187.5,141.0,4.0,3921.77734375,138606.49568582693,155,11
60,1494.4,360.6,5.0,3395.828125,173258.11960728368,373,2
60,1594.0,437.5,4.0,2987.845703125,138606.49568582693,278,6
60,1457.0,568.0,3.0,2831.1796875,103954.8717643702,258,4
60,574.3333333333334,740.3333333333334,3.0,2909.0458984375,103954.8717643702,452,9
60,446.25,761.25,4.0,3147.7744140625,138606.49568582693,453,2
60,66.0,946.5,4.0,2987.845703125,138606.49568582693,151,18
60,290.25,1293.0,4.0,2909.0458984375,138606.49568582693,454,1
61,108.5,88.5,4.0,2987.890625,138606.49568582693,390,9
61,224.33333333333334,161.33333333333334,3.0,3831.931640625,103954.8717643702,441,2
61,1561.2,251.4,5.0,4198.2314453125,173258.11960728368,455,5
61,1671.0,265.0,3.0,2987.890625,103954.8717643702,456,1
61,1783.3333333333333,332.6666666666667,3.0,2987.890625,103954.8717643702,275,25
61,1377.3333333333333,521.0,3.0,2908.8935546875,103954.8717643702,457,3
61,1585.8,662.0,5.0,3147.7646484375,173258.11960728368,419,3
61,574.1666666666666,739.5,6.0,2987.890625,207909.7435287404,452,9
61,250.66666666666666,818.0,3.0,2908.8935546875,103954.8717643702,459,13
61,1385.0,825.3333333333334,3.0,2830.837890625,103954.8717643702,317,8
61,1368.0,856.3333333333334,3.0,3147.7646484375,103954.8717643702,125,12
62,214.25,102.25,4.0,3741.98046875,138606.49568582693,460,1
62,112.0,120.16666666666667,6.0,3229.6220703125,207909.7435287404,299,12
62,1560.6666666666667,250.33333333333334,3.0,3567.6494140625,103954.8717643702,455,5
62,1586.5,267.5,4.0,3312.857421875,138606.49568582693,26,20
62,1.0,491.0,3.0,2987.77734375,103954.8717643702,461,1
62,1843.0,494.3333333333333,3.0,2908.7041015625,103954.8717643702,206,25
62,1380.0,558.5,4.0,2987.77734375,138606.49568582693,443,5
62,1459.25,560.75,4.0,2908.7041015625,138606.49568582693,462,2
62,0.25,674.0,4.0,2987.77734375,138606.49568582693,51,18
62,892.6666666666666,710.3333333333334,3.0,2908.7041015625,103954.8717643702,116,10
62,1284.5,716.5,4.0,3396.0927734375,138606.49568582693,57,22
62,445.4,759.2,5.0,3067.3134765625,173258.11960728368,453,2
62,778.75,1154.0,4.0,2831.0185546875,138606.49568582693,451,5
62,312.6666666666667,1269.3333333333333,3.0,3229.6220703125,103954.8717643702,463,2
63,1264.3333333333333,3.6666666666666665,3.0,2908.6669921875,103954.8717643702,464,2
63,1676.6666666666667,219.66666666666666,3.0,2831.2568359375,103954.8717643702,204,25
63,1584.0,256.25,4.0,3567.5888671875,138606.49568582693,465,1
63,1585.5,267.5,4.0,3481.7841796875,138606.49568582693,26,20
63,1586.0,285.0,3.0,2831.2568359375,103954.8717643702,28,18
63,1439.0,377.8,5.0,3147.8935546875,173258.11960728368,466,2
63,1594.75,431.25,4.0,2987.9423828125,138606.49568582693,403,2
63,1376.0,525.3333333333334,3.0,2908.6669921875,103954.8717643702,457,3
63,1459.6666666666667,559.0,3.0,2987.9423828125,103954.8717643702,462,2
63,1376.2,560.4,5.0,2908.6669921875,173258.11960728368,443,5
63,1368.3333333333333,651.3333333333334,3.0,2908.6669921875,103954.8717643702,213,18
63,0.6,676.4,5.0,2908.6669921875,173258.11960728368,51,18
63,13.0,687.3333333333334,3.0,2831.2568359375,103954.8717643702,467,3
63,124.0,690.0,3.0,2908.6669921875,103954.8717643702,269,22
63,565.6666666666666,698.6666666666666,3.0,2908.6669921875,103954.8717643702,468,1
63,1439.5,710.5,4.0,4387.392578125,138606.49568582693,469,2
63,1380.3333333333333,822.3333333333334,3.0,2908.6669921875,103954.8717643702,317,8
63,242.0,846.0,3.0,2908.6669921875,103954.8717643702,470,3
64,1587.0,283.0,3.0,2908.921875,103954.8717643702,28,18
64,1614.0,582.25,4.0,2988.0498046875,138606.49568582693,471,1
64,0.0,676.0,3.0,2988.0498046875,103954.8717643702,51,18
64,1455.0,685.0,3.0,3147.6708984375,103954.8717643702,55,22
64,892.0,709.5,4.0,3067.1787109375,138606.49568582693,116,10
64,1440.6666666666667,708.6666666666666,3.0,4292.302734375,103954.8717643702,469,2
64,1282.5,714.0,4.0,3147.6708984375,138606.49568582693,57,22
64,1429.0,894.6,5.0,3067.1787109375,173258.11960728368,472,1
64,1017.6666666666666,983.6666666666666,3.0,3312.7490234375,103954.8717643702,411,16
64,974.3333333333334,1132.6666666666667,3.0,2988.0498046875,103954.8717643702,394,17
65,1596.6666666666667,266.3333333333333,3.0,3147.5,103954.8717643702,26,20
65,1624.3333333333333,300.0,3.0,2908.9345703125,103954.8717643702,449,8
65,1577.0,458.0,3.0,2987.994140625,103954.8717643702,473,11
65,1379.25,557.75,4.0,2908.9345703125,138606.49568582693,443,5
65,652.5,686.5,4.0,2987.994140625,138606.49568582693,324,17
65,1282.6666666666667,715.0,3.0,3067.0537109375,103954.8717643702,57,22
65,589.3333333333334,743.6666666666666,3.0,2908.9345703125,103954.8717643702,253,8
65,1219.75,870.75,4.0,2908.9345703125,138606.49568582693,424,7
66,730.4,2.2,5.0,3229.65234375,173258.11960728368,474,1
66,1599.25,259.25,4.0,2908.9814453125,138606.49568582693,26,20
66,1378.0,563.6666666666666,3.0,2830.9560546875,103954.8717643702,443,5
66,1619.3333333333333,573.3333333333334,3.0,2987.9091796875,103954.8717643702,475,1
66,1368.3333333333333,654.3333333333334,3.0,3067.287109375,103954.8717643702,213,18
67,115.25,131.0,4.0,3567.4150390625,138606.49568582693,299,12
67,53.333333333333336,148.66666666666666,3.0,3067.1787109375,103954.8717643702,343,11
67,1608.2,402.8,5.0,2908.921875,173258.11960728368,257,9
67,1379.6666666666667,526.0,3.0,2908.921875,103954.8717643702,457,3
67,1317.3333333333333,691.6666666666666,3.0,3067.1787109375,103954.8717643702,307,21
67,1063.0,752.5,4.0,3229.52734375,138606.49568582693,477,3
67,465.3333333333333,762.6666666666666,3.0,3067.1787109375,103954.8717643702,478,1
67,964.25,775.25,4.0,3147.6708984375,138606.49568582693,479,2
67,1220.3333333333333,870.3333333333334,3.0,2831.1572265625,103954.8717643702,424,7
67,1178.5,948.0,6.0,3742.04296875,207909.7435287404,176,9
67,775.75,1154.25,4.0,2988.0498046875,138606.49568582693,451,5
68,115.0,130.5,4.0,3312.5068359375,138606.49568582693,299,12
68,52.8,148.4,5.0,3481.7841796875,173258.11960728368,343,11
68,1609.0,402.5,4.0,2987.9423828125,138606.49568582693,257,9
68,1378.0,540.0,3.0,2831.2568359375,103954.8717643702,480,1
68,1065.2,754.0,5.0,3741.9951171875,173258.11960728368,477,3
69,151.8,117.8,5.0,3567.50390625,173258.11960728368,482,1
69,56.0,140.5,4.0,2988.0107421875,138606.49568582693,343,11
69,1846.0,497.0,3.0,2908.646484375,103954.8717643702,206,25
69,1065.5,756.0,4.0,3229.6513671875,138606.49568582693,477,3
69,1414.5,820.25,4.0,2908.646484375,138606.49568582693,190,12
69,1212.0,875.3333333333334,3.0,3147.6259765625,103954.8717643702,434,3
69,1172.5,890.5,4.0,3312.5625,138606.49568582693,483,23
69,1308.3333333333333,974.3333333333334,3.0,2908.646484375,103954.8717643702,484,5
70,1574.0,181.0,3.0,2987.9423828125,103954.8717643702,22,13
70,1609.6666666666667,402.3333333333333,3.0,3067.21875,103954.8717643702,257,9
70,13.666666666666666,687.6666666666666,3.0,2987.9423828125,103954.8717643702,467,3
70,556.3333333333334,714.6666666666666,3.0,3067.21875,103954.8717643702,270,15
70,113.66666666666667,719.3333333333334,3.0,2987.9423828125,103954.8717643702,485,1
70,973.0,1133.0,3.0,2987.9423828125,103954.8717643702,394,17
70,300.0,1292.3333333333333,3.0,2987.9423828125,103954.8717643702,132,11
71,27.333333333333332,0.6666666666666666,3.0,3067.279296875,103954.8717643702,486,21
71,56.6,185.6,5.0,3067.279296875,173258.11960728368,335,21
71,1610.75,403.0,4.0,3067.279296875,138606.49568582693,257,9
71,618.0,622.0,3.0,2908.7763671875,103954.8717643702,487,5
71,1045.0,630.5,6.0,4013.16796875,207909.7435287404,488,1
71,557.25,715.25,4.0,3395.939453125,138606.49568582693,270,15
71,1310.6666666666667,804.3333333333334,3.0,3067.279296875,103954.8717643702,255,5
71,978.5,861.25,4.0,2908.7763671875,138606.49568582693,489,6
71,1175.8333333333333,950.1666666666666,6.0,3147.462890625,207909.7435287404,176,9
71,973.6666666666666,1133.3333333333333,3.0,2908.7763671875,103954.8717643702,394,17
71,299.4,1293.6,5.0,2988.02734375,173258.11960728368,132,11
71,254.66666666666666,1993.3333333333333,3.0,3147.462890625,103954.8717643702,491,11
72,35.25,93.75,4.0,2987.890625,138606.49568582693,492,1
72,57.5,141.0,4.0,3067.357421875,138606.49568582693,343,11
72,56.666666666666664,184.66666666666666,3.0,2908.8935546875,103954.8717643702,335,21
72,1591.6666666666667,265.3333333333333,3.0,4780.361328125,103954.8717643702,26,20
72,1003.6666666666666,766.6666666666666,3.0,2908.8935546875,103954.8717643702,375,4
72,264.0,876.6666666666666,3.0,3396.0390625,103954.8717643702,76,16
72,301.3333333333333,1293.0,3.0,2908.8935546875,103954.8717643702,132,11
73,275.0,35.75,4.0,3312.857421875,138606.49568582693,195,8
73,1275.3333333333333,117.66666666666667,3.0,2987.77734375,103954.8717643702,493,3
73,59.0,143.0,3.0,3741.98046875,103954.8717643702,343,11
73,65.75,163.5,4.0,3567.6494140625,138606.49568582693,494,1
73,1679.0,221.66666666666666,3.0,2908.7041015625,103954.8717643702,204,25
73,1591.6,264.8,5.0,3921.861328125,173258.11960728368,26,20
73,1826.0,488.0,3.0,2831.0185546875,103954.8717643702,495,3
73,615.0,619.5,4.0,2908.7041015625,138606.49568582693,487,5
73,1298.6666666666667,727.6666666666666,3.0,2987.77734375,103954.8717643702,117,22
73,1310.3333333333333,804.0,3.0,3312.857421875,103954.8717643702,255,5
73,1359.0,828.0,3.0,2831.0185546875,103954.8717643702,164,6
73,263.6666666666667,876.0,6.0,3832.15234375,207909.7435287404,76,16
73,942.3333333333334,882.0,3.0,3147.7744140625,103954.8717643702,496,2
73,967.5,1137.8333333333333,6.0,2908.7041015625,207909.7435287404,497,2
73,274.6666666666667,1994.0,3.0,3067.3134765625,103954.8717643702,498,5
74,274.4,36.2,5.0,3067.228515625,173258.11960728368,195,8
74,54.25,134.25,4.0,3229.5693359375,138606.49568582693,499,6
74,55.666666666666664,183.66666666666666,3.0,2987.8935546875,103954.8717643702,335,21
74,1497.5,338.75,4.0,2909.015625,138606.49568582693,32,13
74,1372.6666666666667,658.6666666666666,3.0,2831.0556640625,103954.8717643702,213,18
74,1.0,675.5,4.0,2831.0556640625,138606.49568582693,51,18
74,919.0,752.8,5.0,3067.228515625,173258.11960728368,287,2
74,965.0,775.0,3.0,3147.482421875,103954.8717643702,479,2
74,1221.0,870.8333333333334,6.0,3067.228515625,207909.7435287404,424,7
74,942.0,883.0,3.0,3312.57421875,103954.8717643702,496,2
74,1308.0,975.0,3.0,2909.015625,103954.8717643702,484,5
75,274.25,36.25,4.0,3067.1103515625,138606.49568582693,195,8
75,72.0,122.0,3.0,2987.845703125,103954.8717643702,501,1
75,53.75,132.5,4.0,2987.845703125,138606.49568582693,499,6
75,55.4,182.8,5.0,2831.1796875,173258.11960728368,335,21
75,1497.0,337.75,4.0,3067.1103515625,138606.49568582693,32,13
75,1608.0,402.0,6.0,2987.845703125,207909.7435287404,257,9
75,1364.25,489.0,4.0,2909.0458984375,138606.49568582693,502,3
75,660.75,661.0,4.0,2987.845703125,138606.49568582693,214,20
75,557.5,708.3333333333334,6.0,3229.37109375,207909.7435287404,270,15
75,114.33333333333333,752.0,3.0,2987.845703125,103954.8717643702,358,4
75,1199.6666666666667,767.3333333333334,3.0,3312.8330078125,103954.8717643702,503,2
75,104.5,856.5,4.0,5293.06640625,138606.49568582693,73,11
75,1220.8,870.0,5.0,3067.1103515625,173258.11960728368,424,7
75,263.0,876.0,3.0,4881.353515625,103954.8717643702,76,16
75,85.0,918.0,4.0,2831.1796875,138606.49568582693,504,10
76,273.3333333333333,35.666666666666664,3.0,2908.7783203125,103954.8717643702,195,8
76,57.5,146.0,6.0,4483.802734375,207909.7435287404,343,11
76,1458.0,151.5,4.0,2831.203125,138606.49568582693,505,1
76,1572.0,180.0,3.0,2988.2353515625,103954.8717643702,22,13
76,1496.3333333333333,337.3333333333333,3.0,3147.6181640625,103954.8717643702,32,13
76,1607.5,400.0,4.0,3067.2216796875,138606.49568582693,257,9
76,104.5,856.5,4.0,4105.796875,138606.49568582693,73,11
76,1219.8333333333333,869.8333333333334,6.0,2988.2353515625,207909.7435287404,424,7
76,1007.0,1130.0,3.0,3229.42578125,103954.8717643702,506,1
76,844.8,1195.8,5.0,2988.2353515625,173258.11960728368,166,22
76,332.0,2044.0,5.0,4105.796875,173258.11960728368,507,1
77,274.0,36.0,3.0,3147.837890625,103954.8717643702,195,8
77,1572.6666666666667,181.0,3.0,3067.25390625,103954.8717643702,22,13
77,1901.0,266.0,3.0,2908.9287109375,103954.8717643702,508,1
77,1576.5,458.5,4.0,2988.091796875,138606.49568582693,473,11
77,662.1666666666666,661.0,6.0,3147.837890625,207909.7435287404,214,20
77,123.33333333333333,690.0,3.0,2908.9287109375,103954.8717643702,269,22
77,1528.3333333333333,692.6666666666666,3.0,3067.25390625,103954.8717643702,509,1
77,1306.3333333333333,693.6666666666666,3.0,3147.837890625,103954.8717643702,510,1
77,1253.6666666666667,694.3333333333334,3.0,2988.091796875,103954.8717643702,511,1
78,1573.6666666666667,180.66666666666666,3.0,2987.77734375,103954.8717643702,22,13
78,1497.0,338.6,5.0,3067.3134765625,173258.11960728368,32,13
78,1365.2,487.6,5.0,2987.77734375,173258.11960728368,502,3
78,1826.2,490.0,5.0,2908.7041015625,173258.11960728368,495,3
78,1844.6666666666667,499.0,3.0,2831.0185546875,103954.8717643702,206,25
78,110.25,742.75,4.0,2908.7041015625,138606.49568582693,371,17
78,264.0,881.5,4.0,3396.0927734375,138606.49568582693,76,16
78,1003.25,926.5,4.0,2908.7041015625,138606.49568582693,393,3
78,777.75,1154.0,4.0,2908.7041015625,138606.49568582693,451,5
79,84.5,128.0,6.0,3567.5498046875,207909.7435287404,423,5
79,54.666666666666664,135.33333333333334,3.0,2909.015625,103954.8717643702,499,6
79,1255.3333333333333,159.0,3.0,2909.015625,103954.8717643702,233,18
79,1573.6666666666667,180.66666666666666,3.0,2987.8935546875,103954.8717643702,22,13
79,1674.6666666666667,221.33333333333334,3.0,2909.015625,103954.8717643702,204,25
79,1576.0,461.0,3.0,3067.228515625,103954.8717643702,473,11
79,1826.0,489.75,4.0,2987.8935546875,138606.49568582693,495,3
79,710.3333333333334,502.6666666666667,3.0,2987.8935546875,103954.8717643702,207,12
79,663.5,660.5,6.0,3067.228515625,207909.7435287404,214,20
79,110.25,743.75,4.0,3147.482421875,138606.49568582693,371,17
79,1203.2,769.4,5.0,4105.474609375,173258.11960728368,503,2
79,264.6666666666667,881.6666666666666,3.0,3147.482421875,103954.8717643702,76,16
79,1003.3333333333334,927.3333333333334,3.0,2831.0556640625,103954.8717643702,393,3
79,1307.6666666666667,975.3333333333334,3.0,2831.0556640625,103954.8717643702,484,5
79,978.0,1138.25,4.0,3147.482421875,138606.49568582693,394,17
79,604.6666666666666,1309.0,6.0,3067.228515625,207909.7435287404,512,2
80,54.333333333333336,134.66666666666666,3.0,2988.0537109375,103954.8717643702,499,6
80,57.4,146.2,5.0,3312.5224609375,173258.11960728368,343,11
80,53.5,159.0,4.0,3312.5224609375,138606.49568582693,513,1
80,1255.5,159.75,4.0,3067.0908203125,138606.49568582693,233,18
80,1574.0,180.0,3.0,2988.0537109375,103954.8717643702,22,13
80,1669.4,197.4,5.0,2831.1142578125,173258.11960728368,514,2
80,1847.8,496.4,5.0,2909.0166015625,173258.11960728368,206,25
80,710.6666666666666,502.6666666666667,3.0,3312.5224609375,103954.8717643702,207,12
80,125.16666666666667,693.8333333333334,6.0,3147.640625,207909.7435287404,269,22
80,247.66666666666666,822.6666666666666,3.0,2909.0166015625,103954.8717643702,459,13
80,107.0,867.5,4.0,3742.1220703125,138606.49568582693,515,4
80,265.25,881.0,4.0,4105.5419921875,138606.49568582693,76,16
80,979.0,1138.6666666666667,3.0,2909.0166015625,103954.8717643702,394,17
80,604.0,1308.6666666666667,3.0,2831.1142578125,103954.8717643702,512,2
81,1181.3333333333333,57.666666666666664,3.0,3067.2822265625,103954.8717643702,297,4
81,53.0,133.5,4.0,2987.935546875,138606.49568582693,499,6
81,55.333333333333336,146.66666666666666,3.0,2987.935546875,103954.8717643702,343,11
81,1575.75,461.0,4.0,2909.0478515625,138606.49568582693,473,11
81,1364.6666666666667,485.0,3.0,2831.0771484375,103954.8717643702,502,3
81,709.8333333333334,502.6666666666667,6.0,3395.67578125,207909.7435287404,207,12
81,124.0,693.6666666666666,3.0,2987.935546875,103954.8717643702,269,22
81,1391.3333333333333,701.0,3.0,2909.0478515625,103954.8717643702,516,1
81,263.6666666666667,881.6666666666666,3.0,3395.67578125,103954.8717643702,76,16
81,1307.6666666666667,973.3333333333334,3.0,2909.0478515625,103954.8717643702,484,5
82,30.0,1.0,6.0,3312.8330078125,207909.7435287404,486,21
82,1182.0,57.666666666666664,3.0,2909.0458984375,103954.8717643702,297,4
82,1844.0,500.0,3.0,3229.37109375,103954.8717643702,206,25
82,710.0,502.0,3.0,2987.845703125,103954.8717643702,207,12
82,688.4,580.2,5.0,2987.845703125,173258.11960728368,259,20
82,649.3333333333334,684.6666666666666,3.0,2987.845703125,103954.8717643702,324,17
82,123.5,693.25,4.0,2909.0458984375,138606.49568582693,269,22
82,1429.5,696.0,4.0,3567.4150390625,138606.49568582693,410,8
82,1385.0,721.0,3.0,4105.486328125,103954.8717643702,517,1
82,249.0,819.3333333333334,3.0,2909.0458984375,103954.8717643702,459,13
82,265.0,881.5,6.0,3567.4150390625,207909.7435287404,76,16
82,944.6,905.8,5.0,3567.4150390625,173258.11960728368,202,8
82,1307.75,973.25,4.0,2909.0458984375,138606.49568582693,484,5
83,32.0,118.5,4.0,4105.486328125,138606.49568582693,518,2
83,54.666666666666664,134.33333333333334,3.0,3067.1103515625,103954.8717643702,499,6
83,1587.5,286.5,4.0,2987.845703125,138606.49568582693,28,18
83,1568.3333333333333,389.6666666666667,3.0,2909.0458984375,103954.8717643702,519,1
83,1576.2,464.2,5.0,2987.845703125,173258.11960728368,473,11
83,711.3333333333334,503.6666666666667,3.0,2987.845703125,103954.8717643702,207,12
83,619.0,624.0,3.0,2831.1796875,103954.8717643702,487,5
83,152.33333333333334,652.0,3.0,2909.0458984375,103954.8717643702,209,11
83,4.666666666666667,674.0,3.0,2831.1796875,103954.8717643702,51,18
83,127.5,689.5,4.0,2987.845703125,138606.49568582693,269,22
84,107.0,22.5,4.0,3067.1103515625,138606.49568582693,227,15
84,214.5,109.0,4.0,3312.8330078125,138606.49568582693,520,3
84,31.5,118.5,4.0,4105.486328125,138606.49568582693,518,2
84,1498.2,339.2,5.0,2987.845703125,173258.11960728368,32,13
84,1858.6666666666667,456.0,3.0,2909.0458984375,103954.8717643702,521,14
84,689.6666666666666,581.3333333333334,3.0,2987.845703125,103954.8717643702,259,20
84,1452.6666666666667,682.0,3.0,3067.1103515625,103954.8717643702,55,22
84,123.5,694.5,4.0,2831.1796875,138606.49568582693,269,22
84,558.0,721.6666666666666,3.0,2987.845703125,103954.8717643702,270,15
84,1315.3333333333333,729.6666666666666,3.0,3567.4150390625,103954.8717643702,189,19
84,117.66666666666667,736.5,6.0,3831.7880859375,207909.7435287404,371,17
84,1258.0,818.0,5.0,3312.8330078125,173258.11960728368,522,2
84,249.0,821.4,5.0,2909.0458984375,173258.11960728368,459,13
84,1188.3333333333333,884.6666666666666,3.0,2831.1796875,103954.8717643702,381,6
84,1131.6666666666667,957.6666666666666,3.0,2987.845703125,103954.8717643702,523,1
84,169.0,1614.0,3.0,4291.9931640625,103954.8717643702,524,10
85,107.0,22.0,3.0,3312.7490234375,103954.8717643702,227,15
85,215.0,111.0,3.0,3567.4150390625,103954.8717643702,520,3
85,1587.75,285.25,4.0,2988.0498046875,138606.49568582693,28,18
85,1786.3333333333333,338.0,3.0,2908.921875,103954.8717643702,275,25
85,711.3333333333334,503.0,3.0,3067.1787109375,103954.8717643702,207,12
85,689.6666666666666,581.3333333333334,3.0,2908.921875,103954.8717643702,259,20
85,1452.5,682.0,4.0,3147.6708984375,138606.49568582693,55,22
85,557.5,720.5,4.0,3481.919921875,138606.49568582693,270,15
85,1315.3333333333333,728.6666666666666,3.0,3742.04296875,103954.8717643702,189,19
85,117.75,736.0,4.0,3312.7490234375,138606.49568582693,371,17
86,29.0,0.0,3.0,3229.70703125,103954.8717643702,486,21
86,132.66666666666666,30.666666666666668,3.0,2987.91015625,103954.8717643702,399,16
86,1573.6666666666667,180.66666666666666,3.0,2908.7763671875,103954.8717643702,22,13
86,1644.4,328.0,5.0,3067.0439453125,173258.11960728368,525,1
86,1496.5,339.0,4.0,2908.7763671875,138606.49568582693,32,13
86,1772.0,414.3333333333333,3.0,3067.0439453125,103954.8717643702,526,2
86,710.5,502.5,4.0,3229.70703125,138606.49568582693,207,12
86,124.66666666666667,693.0,3.0,2830.9619140625,103954.8717643702,269,22
86,556.5,719.5,4.0,3229.70703125,138606.49568582693,270,15
86,1315.0,728.5,4.0,3067.0439453125,138606.49568582693,189,19
86,1176.5,948.0,6.0,3395.88671875,207909.7435287404,176,9
86,50.5,950.0,4.0,3147.49609375,138606.49568582693,425,6
87,29.166666666666668,2.1666666666666665,6.0,3067.10693359375,207909.7435287404,486,21
87,130.25,31.0,4.0,3067.10693359375,138606.49568582693,399,16
87,119.33333333333333,117.66666666666667,3.0,2908.82177734375,103954.8717643702,299,12
87,81.0,124.0,3.0,2831.14453125,103954.8717643702,527,1
87,1487.75,201.25,4.0,2831.14453125,138606.49568582693,528,6
87,1550.3333333333333,306.6666666666667,3.0,2908.82177734375,103954.8717643702,529,2
87,1576.0,462.0,3.0,2908.82177734375,103954.8717643702,473,11
87,709.3333333333334,501.6666666666667,3.0,3067.10693359375,103954.8717643702,207,12
87,688.0,580.25,4.0,2908.82177734375,138606.49568582693,259,20
87,95.66666666666667,840.6666666666666,3.0,3654.814453125,103954.8717643702,530,3
87,105.2,865.8,5.0,3921.84765625,173258.11960728368,515,4
87,93.2,875.4,5.0,3481.873046875,173258.11960728368,165,21
87,838.0,1199.75,4.0,2908.82177734375,138606.49568582693,166,22
88,134.8,90.6,5.0,5399.169921875,173258.11960728368,532,11
88,1253.0,159.75,4.0,2908.8212890625,138606.49568582693,233,18
88,1487.5,201.0,4.0,2988.1142578125,138606.49568582693,528,6
88,1751.0,396.5,4.0,4105.603515625,138606.49568582693,533,3
88,687.8,580.0,5.0,2908.8212890625,173258.11960728368,259,20
88,606.3333333333334,632.6666666666666,3.0,2908.8212890625,103954.8717643702,238,6
88,1386.6666666666667,659.3333333333334,6.0,3147.8662109375,207909.7435287404,534,1
88,1250.0,808.0,5.0,3567.6533203125,173258.11960728368,215,2
88,104.4,865.2,5.0,4292.17578125,173258.11960728368,515,4
88,1220.3333333333333,926.3333333333334,3.0,2908.8212890625,103954.8717643702,445,7
88,1352.8333333333333,946.6666666666666,6.0,3067.0185546875,207909.7435287404,535,3
88,49.5,948.5,4.0,4198.1123046875,138606.49568582693,425,6
88,1012.6666666666666,958.6666666666666,3.0,2831.0830078125,103954.8717643702,536,1
88,836.3333333333334,1201.3333333333333,3.0,2988.1142578125,103954.8717643702,166,22
88,275.5,2010.0,4.0,3654.720703125,138606.49568582693,446,2
89,106.0,23.166666666666668,6.0,3067.17919921875,207909.7435287404,227,15
89,131.4,32.8,5.0,2987.95166015625,173258.11960728368,399,16
89,213.66666666666666,110.66666666666667,3.0,3067.17919921875,103954.8717643702,520,3
89,55.75,147.25,4.0,3067.17919921875,138606.49568582693,343,11
89,1488.3333333333333,201.83333333333334,6.0,2908.72412109375,207909.7435287404,528,6
89,1669.0,207.5,4.0,2987.95166015625,138606.49568582693,204,25
89,1496.6666666666667,339.6666666666667,3.0,3229.6455078125,103954.8717643702,32,13
89,1516.6666666666667,381.6666666666667,3.0,2908.72412109375,103954.8717643702,537,3
89,1754.0,398.0,3.0,3395.78955078125,103954.8717643702,533,3
89,725.3333333333334,533.0,3.0,3067.17919921875,103954.8717643702,538,3
89,1253.5,812.0,6.0,3147.74365234375,207909.7435287404,539,1
89,106.0,867.0,3.0,3395.78955078125,103954.8717643702,515,4
89,1174.5,887.0,4.0,3229.6455078125,138606.49568582693,483,23
89,1253.6666666666667,891.3333333333334,3.0,2987.95166015625,103954.8717643702,540,2
89,867.3333333333334,912.6666666666666,3.0,2987.95166015625,103954.8717643702,336,3
89,1353.0,947.0,4.0,2987.95166015625,138606.49568582693,535,3
89,839.25,1200.75,4.0,2987.95166015625,138606.49568582693,166,22
89,323.3333333333333,1262.6666666666667,3.0,4387.30419921875,103954.8717643702,541,1
90,1478.2,210.2,5.0,2908.9892578125,173258.11960728368,542,2
90,1756.0,399.0,3.0,3567.4619140625,103954.8717643702,533,3
90,1577.6666666666667,464.3333333333333,3.0,3067.361328125,103954.8717643702,473,11
90,656.5,488.5,4.0,3229.3603515625,138606.49568582693,439,5
90,725.6666666666666,533.3333333333334,3.0,3147.5546875,103954.8717643702,538,3
90,689.6,581.2,5.0,3312.77734375,173258.11960728368,259,20
90,113.33333333333333,724.3333333333334,3.0,2987.9736328125,103954.8717643702,543,2
90,1297.6666666666667,728.6666666666666,3.0,2987.9736328125,103954.8717643702,117,22
90,839.6,1201.0,5.0,2908.9892578125,173258.11960728368,166,22
90,814.5,1550.0,6.0,4013.1611328125,207909.7435287404,544,4
91,131.66666666666666,33.666666666666664,3.0,3067.25,103954.8717643702,399,16
91,1575.0,181.0,3.0,2987.9052734375,103954.8717643702,22,13
91,1478.0,209.75,4.0,2908.916015625,138606.49568582693,542,2
91,1517.0,381.6,5.0,2987.9052734375,173258.11960728368,537,3
91,1859.75,451.25,4.0,2908.916015625,138606.49568582693,521,14
91,657.3333333333334,483.3333333333333,3.0,2987.9052734375,103954.8717643702,439,5
91,689.6,581.2,5.0,3147.65625,173258.11960728368,259,20
91,1335.25,682.25,4.0,2987.9052734375,138606.49568582693,197,23
91,244.75,845.5,4.0,2908.916015625,138606.49568582693,470,3
91,1174.1666666666667,886.8333333333334,6.0,3147.65625,207909.7435287404,483,23
91,1253.75,891.5,4.0,2987.9052734375,138606.49568582693,540,2
92,97.33333333333333,16.666666666666668,3.0,2987.845703125,103954.8717643702,545,1
92,108.0,21.75,4.0,3067.1103515625,138606.49568582693,227,15
92,132.66666666666666,32.666666666666664,3.0,2909.0458984375,103954.8717643702,399,16
92,86.75,126.25,4.0,2909.0458984375,138606.49568582693,423,5
92,55.8,146.6,5.0,2909.0458984375,173258.11960728368,343,11
92,1575.0,181.5,4.0,2987.845703125,138606.49568582693,22,13
92,1488.6666666666667,201.33333333333334,3.0,2909.0458984375,103954.8717643702,528,6
92,699.5,564.25,4.0,2909.0458984375,138606.49568582693,109,23
92,690.3333333333334,580.6666666666666,6.0,3312.8330078125,207909.7435287404,259,20
92,1336.0,681.0,3.0,3229.37109375,103954.8717643702,197,23
92,1298.75,728.0,4.0,3229.37109375,138606.49568582693,117,22
92,117.0,848.5,4.0,3481.62109375,138606.49568582693,546,1
92,1105.2,882.2,5.0,3067.1103515625,173258.11960728368,341,15
93,1487.6666666666667,201.33333333333334,3.0,2987.994140625,103954.8717643702,528,6
93,1469.0,207.5,4.0,3067.0537109375,138606.49568582693,547,2
93,1585.3333333333333,283.6666666666667,3.0,2908.9345703125,103954.8717643702,28,18
93,1499.8333333333333,337.5,6.0,3229.3330078125,207909.7435287404,32,13
93,689.75,580.25,4.0,3147.5,138606.49568582693,259,20
93,659.6666666666666,660.6666666666666,3.0,3312.5537109375,103954.8717643702,214,20
93,1299.5,727.25,4.0,3229.3330078125,138606.49568582693,117,22
93,1110.3333333333333,795.6666666666666,3.0,3312.5537109375,103954.8717643702,174,8
93,1176.0,947.6666666666666,3.0,2908.9345703125,103954.8717643702,176,9
93,818.0,1549.0,5.0,4198.388671875,173258.11960728368,544,4
94,1467.5,207.5,4.0,2988.0576171875,138606.49568582693,547,2
94,1490.3333333333333,364.3333333333333,3.0,3742.2392578125,103954.8717643702,549,1
94,1797.5,402.5,4.0,2908.751953125,138606.49568582693,407,6
94,689.6666666666666,580.6666666666666,3.0,3147.8359375,103954.8717643702,259,20
94,1426.0,698.0,3.0,3395.8603515625,103954.8717643702,410,8
94,1297.6666666666667,727.3333333333334,3.0,2988.0576171875,103954.8717643702,117,22
94,458.6666666666667,766.3333333333334,3.0,2831.001953125,103954.8717643702,550,1
94,1354.0,945.0,3.0,3229.4736328125,103954.8717643702,535,3
94,151.0,1609.0,3.0,3567.689453125,103954.8717643702,551,8
94,163.5,1610.75,4.0,3481.7744140625,138606.49568582693,524,10
95,1747.4,367.4,5.0,3396.046875,173258.11960728368,246,8
95,1797.6666666666667,404.0,3.0,2908.69921875,103954.8717643702,407,6
95,1836.0,484.0,3.0,3147.775390625,103954.8717643702,552,1
95,690.5,582.0,4.0,2988.146484375,138606.49568582693,259,20
95,1427.0,700.0,3.0,3147.775390625,103954.8717643702,410,8
95,1349.5,722.0,6.0,3147.775390625,207909.7435287404,325,7
95,1222.6666666666667,928.6666666666666,3.0,2908.69921875,103954.8717643702,445,7
95,1177.0,949.0,3.0,2988.146484375,103954.8717643702,176,9
95,829.0,1126.3333333333333,3.0,2908.69921875,103954.8717643702,553,12
95,978.3333333333334,1140.6666666666667,3.0,3067.2255859375,103954.8717643702,394,17
95,150.6,1610.4,5.0,4013.2294921875,173258.11960728368,551,8
95,165.0,1612.5,4.0,3396.046875,138606.49568582693,524,10
95,251.66666666666666,1988.6666666666667,3.0,3067.2255859375,103954.8717643702,491,11
96,1275.6666666666667,116.66666666666667,3.0,3147.798828125,103954.8717643702,493,3
96,1517.8,202.6,5.0,2908.73974609375,173258.11960728368,554,3
96,1490.0,203.0,3.0,2908.73974609375,103954.8717643702,528,6
96,1589.0,285.0,3.0,2988.111328125,103954.8717643702,28,18
96,1387.0,688.0,3.0,2908.73974609375,103954.8717643702,556,3
96,1507.0,694.0,3.0,2908.73974609375,103954.8717643702,557,2
96,1349.5,720.3333333333334,6.0,3147.798828125,207909.7435287404,325,7
96,1427.0,725.0,3.0,3147.798828125,103954.8717643702,558,1
96,1113.6666666666667,798.3333333333334,3.0,3312.84130859375,103954.8717643702,174,8
96,101.33333333333333,842.6666666666666,3.0,3067.16748046875,103954.8717643702,73,11
96,896.0,1197.0,3.0,2830.94287109375,103954.8717643702,256,9
96,151.66666666666666,1609.6666666666667,3.0,3312.84130859375,103954.8717643702,551,8
96,162.5,1610.75,4.0,3312.84130859375,138606.49568582693,524,10
96,232.0,1886.0,3.0,3481.66357421875,103954.8717643702,559,5
97,1275.3333333333333,116.0,3.0,2908.77880859375,103954.8717643702,493,3
97,1593.0,264.0,3.0,4105.75732421875,103954.8717643702,26,20
97,1577.6666666666667,465.3333333333333,6.0,2908.77880859375,207909.7435287404,473,11
97,1087.6666666666667,806.3333333333334,3.0,2908.77880859375,103954.8717643702,560,1
97,1212.5,875.5,4.0,3395.7578125,138606.49568582693,434,3
97,1260.0,888.1666666666666,6.0,2987.9052734375,207909.7435287404,376,5
98,1592.6666666666667,263.6666666666667,3.0,2988.103515625,103954.8717643702,26,20
98,1577.5,466.1666666666667,6.0,2908.8095703125,207909.7435287404,473,11
98,119.66666666666667,748.6666666666666,3.0,3742.09423828125,103954.8717643702,254,2
98,1081.3333333333333,803.6666666666666,3.0,3229.4931640625,103954.8717643702,438,4
98,1175.75,890.0,4.0,2908.8095703125,138606.49568582693,483,23
98,828.0,1125.3333333333333,3.0,2908.8095703125,103954.8717643702,553,12
98,979.3333333333334,1139.6666666666667,3.0,2988.103515625,103954.8717643702,394,17
98,572.0,1288.0,3.0,2908.8095703125,103954.8717643702,561,3
98,160.0,1610.0,3.0,3481.7587890625,103954.8717643702,524,10
99,1690.0,288.5,6.0,3067.07763671875,207909.7435287404,562,1
99,1857.0,389.6666666666667,3.0,2908.8017578125,103954.8717643702,563,1
99,1316.0,577.6666666666666,3.0,2908.8017578125,103954.8717643702,346,19
99,1080.8333333333333,803.6666666666666,6.0,3147.77783203125,207909.7435287404,438,4
99,1102.0,876.0,3.0,2908.8017578125,103954.8717643702,341,15
99,663.1666666666666,973.6666666666666,6.0,3481.77099609375,207909.7435287404,86,4
100,1264.5,8.0,4.0,2908.73974609375,138606.49568582693,464,2
100,1574.0,469.3333333333333,3.0,2908.73974609375,103954.8717643702,473,11
100,624.75,679.75,4.0,2908.73974609375,138606.49568582693,564,1
100,1218.3333333333333,683.3333333333334,3.0,2988.111328125,103954.8717643702,565,8
100,1504.3333333333333,691.3333333333334,3.0,2908.73974609375,103954.8717643702,557,2
100,1346.6,717.8,5.0,3395.99267578125,173258.11960728368,325,7
100,1080.75,805.5,4.0,2908.73974609375,138606.49568582693,438,4
100,824.2,1197.6,5.0,3147.798828125,173258.11960728368,273,8
100,569.0,1286.6666666666667,3.0,2908.73974609375,103954.8717643702,561,3
101,29.25,37.75,4.0,3229.60107421875,138606.49568582693,245,24
101,1436.75,132.0,4.0,2908.94775390625,138606.49568582693,566,1
101,1238.3333333333333,150.33333333333334,3.0,2908.94775390625,103954.8717643702,567,1
101,1670.3333333333333,209.33333333333334,3.0,2908.94775390625,103954.8717643702,204,25
101,725.6666666666666,531.3333333333334,3.0,2908.94775390625,103954.8717643702,538,3
101,1217.3333333333333,682.5,6.0,3395.76953125,207909.7435287404,565,8
101,1315.3333333333333,703.6666666666666,3.0,2988.13720703125,103954.8717643702,307,21
101,1348.75,717.75,4.0,3229.60107421875,138606.49568582693,325,7
101,573.0,1285.6666666666667,3.0,2908.94775390625,103954.8717643702,561,3
101,1336.0,1316.5,4.0,4387.26416015625,138606.49568582693,568,2
102,28.5,38.5,4.0,3312.7587890625,138606.49568582693,245,24
102,190.0,164.0,3.0,3481.7802734375,103954.8717643702,569,6
102,1516.0,202.66666666666666,3.0,2987.890625,103954.8717643702,554,3
102,657.3333333333334,489.6666666666667,3.0,3067.26025390625,103954.8717643702,439,5
102,1315.0,704.0,3.0,3312.7587890625,103954.8717643702,307,21
102,1422.0,821.6666666666666,3.0,2987.890625,103954.8717643702,190,12
102,1190.0,885.0,3.0,2908.8427734375,103954.8717643702,381,6
102,57.5,954.0,4.0,3481.7802734375,138606.49568582693,151,18
102,43.5,988.0,4.0,3742.060546875,138606.49568582693,570,2
102,827.0,1200.0,3.0,3067.26025390625,103954.8717643702,273,8
102,1337.3333333333333,1317.6666666666667,3.0,3832.0341796875,103954.8717643702,568,2
102,1145.6666666666667,1468.6666666666667,3.0,3742.060546875,103954.8717643702,571,19
103,28.5,37.5,4.0,3067.130859375,138606.49568582693,245,24
103,336.25,147.25,4.0,2987.96484375,138606.49568582693,572,2
103,1517.25,201.0,4.0,3067.130859375,138606.49568582693,554,3
103,1576.6666666666667,468.6666666666667,3.0,2987.96484375,103954.8717643702,473,11
103,1311.0,511.0,3.0,2987.96484375,103954.8717643702,573,1
103,153.2,655.8,5.0,3067.130859375,173258.11960728368,209,11
103,1221.3333333333333,682.6666666666666,3.0,2987.96484375,103954.8717643702,565,8
103,1342.0,695.5,4.0,3067.130859375,138606.49568582693,197,23
103,1315.5,702.5,4.0,3481.83203125,138606.49568582693,307,21
103,1366.3333333333333,732.3333333333334,3.0,3067.130859375,103954.8717643702,574,4
103,1307.0,778.0,3.0,2830.8623046875,103954.8717643702,200,7
103,1259.0,821.0,3.0,2908.7978515625,103954.8717643702,522,2
103,97.6,877.8,5.0,5085.26171875,173258.11960728368,165,21
103,102.25,903.75,4.0,2987.96484375,138606.49568582693,575,5
103,58.5,953.0,6.0,4013.02734375,207909.7435287404,151,18
103,44.0,987.5,4.0,3067.130859375,138606.49568582693,570,2
103,827.0,1199.6666666666667,3.0,2987.96484375,103954.8717643702,273,8
103,579.8,1279.8,5.0,2908.7978515625,173258.11960728368,576,7
103,274.5,1994.0,4.0,2908.7978515625,138606.49568582693,498,5
104,28.166666666666668,0.16666666666666666,6.0,3229.630859375,207909.7435287404,486,21
104,1574.5,474.5,4.0,2909.00390625,138606.49568582693,577,2
104,663.6666666666666,649.8333333333334,6.0,2987.9208984375,207909.7435287404,578,25
104,780.5,669.5,4.0,3567.8447265625,138606.49568582693,579,1
104,1314.8,701.6,5.0,3741.9130859375,173258.11960728368,307,21
104,1289.5,721.5,4.0,3312.6064453125,138606.49568582693,57,22
104,1365.6,731.2,5.0,5506.48828125,173258.11960728368,574,4
104,1298.0,741.0,3.0,2987.9208984375,103954.8717643702,580,12
104,1272.6666666666667,758.6666666666666,3.0,2909.00390625,103954.8717643702,333,13
104,1233.3333333333333,810.0,3.0,3147.5576171875,103954.8717643702,581,2
104,864.3333333333334,838.6666666666666,3.0,3481.712890625,103954.8717643702,420,2
104,1294.3333333333333,875.0,3.0,2909.00390625,103954.8717643702,308,8
104,96.66666666666667,876.3333333333334,3.0,3654.87890625,103954.8717643702,165,21
104,21.666666666666668,1021.0,3.0,2909.00390625,103954.8717643702,582,1
104,777.6666666666666,1170.3333333333333,3.0,2987.9208984375,103954.8717643702,583,15
104,1145.0,1467.5,4.0,5615.16796875,138606.49568582693,571,19
105,1574.4,475.4,5.0,2987.9970703125,173258.11960728368,577,2
105,663.5,650.75,4.0,3067.2373046875,138606.49568582693,578,25
105,1341.6,691.0,5.0,2908.7578125,173258.11960728368,197,23
105,1314.5,702.5,4.0,3481.87109375,138606.49568582693,307,21
105,1366.0,732.5,4.0,5188.26708984375,138606.49568582693,574,4
105,1105.0,879.0,3.0,3067.2373046875,103954.8717643702,341,15
105,826.8,1200.6,5.0,3741.94921875,173258.11960728368,273,8
105,218.8,1901.2,5.0,4581.8095703125,173258.11960728368,584,5
106,28.4,0.2,5.0,2988.10400390625,173258.11960728368,486,21
106,665.0,651.0,3.0,2988.10400390625,103954.8717643702,578,25
106,1343.2,692.6,5.0,2988.10400390625,173258.11960728368,197,23
106,1316.5,701.5,4.0,3229.49365234375,138606.49568582693,307,21
106,1367.5,732.5,4.0,5833.716796875,138606.49568582693,574,4
106,1104.0,877.6666666666666,3.0,3067.31005859375,103954.8717643702,341,15
106,26.4,1047.2,5.0,2908.89794921875,173258.11960728368,585,3
106,828.5,1200.5,4.0,3147.67626953125,138606.49568582693,273,8
106,579.6666666666666,1277.3333333333333,3.0,3067.31005859375,103954.8717643702,576,7
107,27.5,0.0,4.0,3147.5439453125,138606.49568582693,486,21
107,134.33333333333334,94.66666666666667,3.0,3567.64013671875,103954.8717643702,532,11
107,1671.8333333333333,213.83333333333334,6.0,2987.935546875,207909.7435287404,204,25
107,1586.2,246.2,5.0,4105.755859375,173258.11960728368,360,4
107,1817.5,320.5,6.0,3067.177734375,207909.7435287404,586,1
107,1788.0,334.3333333333333,3.0,2908.974609375,103954.8717643702,275,25
107,664.2,650.2,5.0,3067.177734375,173258.11960728368,578,25
107,1342.0,674.0,3.0,2831.13720703125,103954.8717643702,197,23
107,1342.8333333333333,693.1666666666666,6.0,2908.974609375,207909.7435287404,197,23
107,876.3333333333334,721.6666666666666,3.0,2831.13720703125,103954.8717643702,587,3
107,246.75,846.0,4.0,2987.935546875,138606.49568582693,470,3
107,1105.0,881.5,4.0,2987.935546875,138606.49568582693,341,15
107,828.0,1201.0,3.0,3229.59619140625,103954.8717643702,273,8
107,579.6666666666666,1277.6666666666667,3.0,2987.935546875,103954.8717643702,576,7
108,132.66666666666666,30.333333333333332,3.0,2988.1630859375,103954.8717643702,399,16
108,29.333333333333332,37.666666666666664,3.0,3067.2353515625,103954.8717643702,245,24
108,101.66666666666667,136.66666666666666,3.0,2988.1630859375,103954.8717643702,588,1
108,1588.4,251.2,5.0,2988.1630859375,173258.11960728368,360,4
108,1495.6666666666667,350.3333333333333,3.0,2988.1630859375,103954.8717643702,589,5
108,619.2,392.6,5.0,6871.09912109375,173258.11960728368,590,2
108,1861.0,453.0,3.0,2831.1103515625,103954.8717643702,521,14
108,665.0,650.3333333333334,3.0,2908.7255859375,103954.8717643702,578,25
108,1343.0,690.0,6.0,2908.7255859375,207909.7435287404,197,23
108,1315.5,699.5,4.0,3395.9150390625,138606.49568582693,307,21
108,561.0,707.0,3.0,3312.833984375,103954.8717643702,270,15
108,591.0,744.0,3.0,2908.7255859375,103954.8717643702,253,8
108,1279.6666666666667,768.6666666666666,3.0,2908.7255859375,103954.8717643702,333,13
108,1150.6666666666667,796.6666666666666,3.0,3147.765625,103954.8717643702,591,2
108,1102.4,879.4,5.0,2988.1630859375,173258.11960728368,341,15
108,779.0,1171.3333333333333,3.0,2908.7255859375,103954.8717643702,583,15
108,905.5,1194.25,4.0,2831.1103515625,138606.49568582693,592,2
108,218.5,1898.0,4.0,3229.388671875,138606.49568582693,584,5
109,1259.3333333333333,164.33333333333334,3.0,2908.974609375,103954.8717643702,233,18
109,1494.5,350.5,4.0,2987.935546875,138606.49568582693,589,5
109,619.5,391.5,6.0,5506.5439453125,207909.7435287404,590,2
109,623.5,602.0,6.0,2908.974609375,207909.7435287404,348,12
109,663.0,649.6666666666666,3.0,3067.177734375,103954.8717643702,578,25
109,117.0,697.6666666666666,3.0,2987.935546875,103954.8717643702,269,22
109,1149.3333333333333,795.3333333333334,3.0,2831.13720703125,103954.8717643702,591,2
109,1383.6666666666667,822.6666666666666,3.0,2908.974609375,103954.8717643702,317,8
109,95.33333333333333,841.3333333333334,3.0,3229.59619140625,103954.8717643702,530,3
109,1374.6666666666667,860.0,3.0,2987.935546875,103954.8717643702,125,12
109,1176.0,889.6,5.0,2987.935546875,173258.11960728368,483,23
109,25.4,1045.8,5.0,3067.177734375,173258.11960728368,585,3
109,217.33333333333334,1897.0,3.0,3567.64013671875,103954.8717643702,584,5
110,27.666666666666668,38.166666666666664,6.0,3831.81982421875,207909.7435287404,245,24
110,1259.0,164.0,3.0,2908.78271484375,103954.8717643702,233,18
110,1784.6666666666667,332.3333333333333,3.0,2908.78271484375,103954.8717643702,275,25
110,1493.6666666666667,350.6666666666667,3.0,2988.0712890625,103954.8717643702,589,5
110,663.0,650.25,4.0,2988.0712890625,138606.49568582693,578,25
110,1313.6666666666667,698.3333333333334,3.0,3229.52685546875,103954.8717643702,307,21
110,589.6666666666666,744.3333333333334,3.0,3067.060546875,103954.8717643702,253,8
110,1379.6666666666667,822.6666666666666,3.0,2830.990234375,103954.8717643702,317,8
110,1294.0,877.0,3.0,2988.0712890625,103954.8717643702,308,8
110,93.66666666666667,881.3333333333334,3.0,2988.0712890625,103954.8717643702,165,21
110,1175.5,889.75,4.0,2908.78271484375,138606.49568582693,483,23
110,842.3333333333334,1194.0,3.0,2908.78271484375,103954.8717643702,166,22
110,1141.0,1469.6666666666667,3.0,4581.91845703125,103954.8717643702,571,19
110,274.0,1994.3333333333333,3.0,2988.0712890625,103954.8717643702,498,5
111,86.0,27.0,3.0,2908.7724609375,103954.8717643702,447,2
111,1560.3333333333333,131.0,3.0,2831.0556640625,103954.8717643702,593,4
111,1786.6666666666667,334.3333333333333,3.0,3067.275390625,103954.8717643702,275,25
111,1494.6666666666667,350.0,3.0,3067.275390625,103954.8717643702,589,5
111,663.8,650.4,5.0,3067.275390625,173258.11960728368,578,25
111,1314.5,697.5,4.0,3654.92724609375,138606.49568582693,307,21
111,876.0,720.0,3.0,2908.7724609375,103954.8717643702,587,3
111,1001.6,866.2,5.0,3395.86962890625,173258.11960728368,594,2
111,1293.6666666666667,878.3333333333334,3.0,2908.7724609375,103954.8717643702,308,8
111,25.8,1047.8,5.0,3067.275390625,173258.11960728368,585,3
111,779.6666666666666,1153.6666666666667,3.0,2908.7724609375,103954.8717643702,451,5
111,778.6666666666666,1172.0,3.0,2831.0556640625,103954.8717643702,583,15
111,1142.8,1469.4,5.0,4780.46533203125,173258.11960728368,571,19
112,21.0,4.333333333333333,3.0,3067.22265625,103954.8717643702,486,21
112,1711.5,271.0,4.0,2988.146484375,138606.49568582693,595,5
112,1567.3333333333333,430.6666666666667,3.0,2908.69921875,103954.8717643702,596,1
112,610.5,632.5,4.0,2988.146484375,138606.49568582693,238,6
112,663.0,649.6666666666666,3.0,3147.783203125,103954.8717643702,578,25
112,1338.75,665.75,4.0,2831.1083984375,138606.49568582693,597,8
112,1001.4,865.8,5.0,3654.908203125,173258.11960728368,594,2
112,1294.0,877.0,3.0,2908.69921875,103954.8717643702,308,8
112,94.2,881.4,5.0,2988.146484375,173258.11960728368,165,21
112,506.6666666666667,1170.0,3.0,2831.1083984375,103954.8717643702,598,1
112,817.3333333333334,1551.0,6.0,3395.77734375,207909.7435287404,544,4
113,19.333333333333332,3.6666666666666665,3.0,2908.7353515625,103954.8717643702,486,21
113,1259.6666666666667,164.33333333333334,3.0,2908.7353515625,103954.8717643702,233,18
113,1789.3333333333333,337.6666666666667,3.0,2830.8701171875,103954.8717643702,275,25
113,1573.0,484.3333333333333,3.0,2988.1171875,103954.8717643702,599,1
113,1311.6666666666667,566.0,3.0,2830.8701171875,103954.8717643702,600,4
113,663.0,650.3333333333334,6.0,3066.9931640625,207909.7435287404,578,25
113,763.0,689.5,4.0,3147.8916015625,138606.49568582693,601,1
113,90.33333333333333,917.3333333333334,3.0,2988.1171875,103954.8717643702,504,10
113,1404.25,929.0,4.0,2908.7353515625,138606.49568582693,602,3
113,906.0,1195.3333333333333,3.0,2908.7353515625,103954.8717643702,592,2
113,177.5,1617.0,4.0,3655.025390625,138606.49568582693,603,1
113,1693.3333333333333,1958.3333333333333,3.0,3481.5986328125,103954.8717643702,604,6
114,31.75,26.0,4.0,3147.7880859375,138606.49568582693,605,1
114,1600.6666666666667,260.3333333333333,3.0,3147.7880859375,103954.8717643702,26,20
114,1833.0,326.5,4.0,3147.7880859375,138606.49568582693,606,1
114,645.3333333333334,573.3333333333334,3.0,3067.150390625,103954.8717643702,402,4
114,690.6666666666666,582.0,3.0,2987.8193359375,103954.8717643702,259,20
114,664.0,650.6,5.0,3067.150390625,173258.11960728368,578,25
114,1315.0,695.6666666666666,3.0,3147.7880859375,103954.8717643702,307,21
114,1114.6666666666667,799.3333333333334,3.0,3147.7880859375,103954.8717643702,174,8
114,100.33333333333333,851.3333333333334,3.0,2987.8193359375,103954.8717643702,73,11
114,41.0,947.5,4.0,2908.923828125,138606.49568582693,607,2
114,252.2,1990.8,5.0,2908.923828125,173258.11960728368,491,11
115,1193.3333333333333,56.0,3.0,2987.9228515625,103954.8717643702,608,1
115,1787.0,335.0,3.0,2987.9228515625,103954.8717643702,275,25
115,645.3333333333334,573.3333333333334,3.0,2909.0732421875,103954.8717643702,402,4
115,1339.3333333333333,665.3333333333334,3.0,3067.2626953125,103954.8717643702,597,8
115,127.33333333333333,690.6666666666666,3.0,2909.0732421875,103954.8717643702,269,22
115,95.2,840.4,5.0,4012.96875,173258.11960728368,530,3
115,40.0,947.75,4.0,3395.884765625,138606.49568582693,607,2
115,1142.0,1469.3333333333333,3.0,5188.369140625,103954.8717643702,571,19
115,817.0,1550.0,3.0,2987.9228515625,103954.8717643702,544,4
115,219.0,1903.5,4.0,3567.7861328125,138606.49568582693,584,5
116,25.0,6.333333333333333,3.0,2988.189453125,103954.8717643702,486,21
116,1765.0,391.0,3.0,3067.048828125,103954.8717643702,247,6
116,1563.6666666666667,420.6666666666667,3.0,2908.83984375,103954.8717643702,609,3
116,664.5,650.3333333333334,6.0,2908.83984375,207909.7435287404,578,25
116,1233.25,809.0,4.0,2908.83984375,138606.49568582693,581,2
116,100.33333333333333,851.3333333333334,3.0,3067.048828125,103954.8717643702,73,11
116,56.0,953.8333333333334,6.0,3654.822265625,207909.7435287404,151,18
116,1142.8,1470.0,5.0,5293.2412109375,173258.11960728368,571,19
117,27.0,8.25,4.0,2988.091796875,138606.49568582693,486,21
117,1563.0,137.33333333333334,3.0,2831.1884765625,103954.8717643702,593,4
117,1681.5,401.5,4.0,3655.0458984375,138606.49568582693,610,1
117,1848.3333333333333,497.6666666666667,3.0,2908.9287109375,103954.8717643702,206,25
117,665.5,652.0,4.0,3147.837890625,138606.49568582693,578,25
117,1339.0,665.1666666666666,6.0,2908.9287109375,207909.7435287404,597,8
117,878.6666666666666,717.0,3.0,2831.1884765625,103954.8717643702,587,3
117,1143.3333333333333,1471.3333333333333,3.0,3742.2666015625,103954.8717643702,571,19
118,28.0,0.25,4.0,3067.177734375,138606.49568582693,486,21
118,186.0,181.0,3.0,2987.935546875,103954.8717643702,611,6
118,1788.8333333333333,336.0,6.0,2987.935546875,207909.7435287404,275,25
118,1767.25,391.75,4.0,2908.974609375,138606.49568582693,247,6
118,17.333333333333332,688.6666666666666,3.0,2987.935546875,103954.8717643702,467,3
118,1319.0,693.0,3.0,3312.7724609375,103954.8717643702,307,21
118,1273.3333333333333,757.6666666666666,3.0,2987.935546875,103954.8717643702,333,13
118,103.0,902.6666666666666,6.0,3147.5439453125,207909.7435287404,575,5
118,1228.0,929.6666666666666,3.0,2908.974609375,103954.8717643702,445,7
118,850.0,1198.6666666666667,3.0,2831.13720703125,103954.8717643702,166,22
119,185.0,181.4,5.0,3147.5625,173258.11960728368,611,6
119,665.6666666666666,651.3333333333334,3.0,3147.5625,103954.8717643702,578,25
119,1340.0,665.0,3.0,2908.755859375,103954.8717643702,597,8
119,1023.6666666666666,726.6666666666666,3.0,3312.7998046875,103954.8717643702,612,1
119,1272.5,756.5,4.0,2908.755859375,138606.49568582693,333,13
119,1416.0,849.0,3.0,3481.8896484375,103954.8717643702,613,1
119,1185.0,890.0,3.0,2908.755859375,103954.8717643702,381,6
119,1227.25,929.75,4.0,2908.755859375,138606.49568582693,445,7
119,1693.2,1961.4,5.0,4581.93701171875,173258.11960728368,604,6
120,1458.0,87.0,3.0,2908.794921875,103954.8717643702,367,12
120,1786.0,334.0,3.0,2988.13671875,103954.8717643702,275,25
120,1316.3333333333333,580.6666666666666,3.0,2988.13671875,103954.8717643702,346,19
120,663.6666666666666,651.3333333333334,3.0,3147.6923828125,103954.8717643702,578,25
120,1388.6,692.2,5.0,3147.6923828125,173258.11960728368,556,3
120,1506.6666666666667,699.3333333333334,3.0,2988.13671875,103954.8717643702,614,1
120,1321.0,729.6666666666666,3.0,2908.794921875,103954.8717643702,189,19
120,101.33333333333333,851.3333333333334,3.0,3481.626953125,103954.8717643702,73,11
120,93.66666666666667,882.3333333333334,3.0,3067.04296875,103954.8717643702,165,21
120,264.0,882.0,3.0,3395.7451171875,103954.8717643702,76,16
120,1225.6666666666667,930.0,3.0,2988.13671875,103954.8717643702,445,7
120,1147.0,1472.5,4.0,3654.697265625,138606.49568582693,571,19
120,252.66666666666666,1991.3333333333333,3.0,2908.794921875,103954.8717643702,491,11
121,184.0,181.0,3.0,2987.99755859375,103954.8717643702,611,6
121,1598.6666666666667,284.3333333333333,3.0,2987.99755859375,103954.8717643702,615,1
121,1786.25,334.75,4.0,2908.81591796875,138606.49568582693,275,25
121,88.75,408.0,4.0,2908.81591796875,138606.49568582693,616,1
121,1561.6,430.2,5.0,2987.99755859375,173258.11960728368,413,3
121,1569.3333333333333,489.3333333333333,3.0,2987.99755859375,103954.8717643702,617,1
121,127.5,691.5,4.0,2830.93701171875,138606.49568582693,269,22
121,1322.0,729.4,5.0,3067.17919921875,173258.11960728368,189,19
121,1103.5,885.5,4.0,2908.81591796875,138606.49568582693,341,15
121,778.6666666666666,1167.0,3.0,2908.81591796875,103954.8717643702,583,15
121,1147.6666666666667,1471.6666666666667,3.0,3567.533203125,103954.8717643702,571,19
121,250.4,1984.8,5.0,2987.99755859375,173258.11960728368,491,11
122,278.0,38.0,3.0,2830.98828125,103954.8717643702,195,8
122,129.5,97.5,6.0,5945.31103515625,207909.7435287404,618,7
122,1674.0,215.33333333333334,3.0,2908.796875,103954.8717643702,204,25
122,1499.0,235.5,4.0,2908.796875,138606.49568582693,619,1
122,1789.25,335.5,4.0,2908.796875,138606.49568582693,275,25
122,1323.8,729.6,5.0,3654.76416015625,173258.11960728368,189,19
122,1150.3333333333333,1471.3333333333333,3.0,3654.76416015625,103954.8717643702,571,19
122,1694.4,1964.2,5.0,3147.51953125,173258.11960728368,604,6
123,16.0,0.0,3.0,3396.0322265625,103954.8717643702,486,21
123,1790.3333333333333,338.6666666666667,3.0,2830.9892578125,103954.8717643702,275,25
123,1756.0,428.0,3.0,3229.630859375,103954.8717643702,408,3
123,1570.2,495.8,5.0,2909.00390625,173258.11960728368,620,1
123,1303.0,545.0,3.0,2987.9208984375,103954.8717643702,621,3
123,666.3333333333334,651.6666666666666,3.0,2909.00390625,103954.8717643702,578,25
123,1323.4,730.4,5.0,3229.630859375,173258.11960728368,189,19
123,906.0,1131.0,3.0,2909.00390625,103954.8717643702,622,5
123,1142.8,1471.4,5.0,6751.56787109375,173258.11960728368,571,19
123,155.66666666666666,1613.6666666666667,6.0,3921.8427734375,207909.7435287404,623,4
124,21.5,0.25,4.0,2909.04296875,138606.49568582693,486,21
124,1456.5,87.5,6.0,2909.04296875,207909.7435287404,367,12
124,1671.0,198.66666666666666,3.0,2909.04296875,103954.8717643702,514,2
124,1789.5,337.0,4.0,2909.04296875,138606.49568582693,275,25
124,1484.3333333333333,348.6666666666667,3.0,2909.04296875,103954.8717643702,382,4
124,1495.0,350.5,4.0,2988.06640625,138606.49568582693,589,5
124,1317.6666666666667,451.3333333333333,3.0,3067.0888671875,103954.8717643702,624,4
124,1568.8,509.6,5.0,2909.04296875,173258.11960728368,625,5
124,1338.1666666666667,658.5,6.0,2830.984375,207909.7435287404,597,8
124,123.75,692.75,4.0,2909.04296875,138606.49568582693,269,22
124,110.33333333333333,737.6666666666666,3.0,2909.04296875,103954.8717643702,371,17
124,250.33333333333334,1983.6666666666667,3.0,2988.06640625,103954.8717643702,491,11
124,274.6,1993.8,5.0,3395.708984375,173258.11960728368,498,5
125,20.666666666666668,0.3333333333333333,3.0,3067.056640625,103954.8717643702,486,21
125,1789.0,338.0,3.0,2908.8564453125,103954.8717643702,275,25
125,154.0,643.5,4.0,2908.8564453125,138606.49568582693,209,11
125,93.75,882.0,4.0,3147.6181640625,138606.49568582693,165,21
125,100.5,900.5,4.0,2988.1650390625,138606.49568582693,575,5
125,1201.6666666666667,909.6666666666666,3.0,3147.6181640625,103954.8717643702,191,3
125,0.3333333333333333,945.6666666666666,3.0,2988.1650390625,103954.8717643702,626,1
125,749.0,1267.5,6.0,3147.6181640625,207909.7435287404,627,1
125,1150.6,1468.6,5.0,3481.96875,173258.11960728368,571,19
125,250.66666666666666,1989.3333333333333,3.0,2988.1650390625,103954.8717643702,491,11
126,29.666666666666668,39.333333333333336,3.0,2908.646484375,103954.8717643702,245,24
126,1570.0,421.0,4.0,2908.646484375,138606.49568582693,628,2
126,1561.2,430.6,5.0,2987.9404296875,173258.11960728368,413,3
126,1316.25,452.25,4.0,2908.646484375,138606.49568582693,624,4
126,153.33333333333334,645.0,3.0,2908.646484375,103954.8717643702,209,11
126,1337.3333333333333,662.0,3.0,2831.0224609375,103954.8717643702,597,8
126,1202.6666666666667,910.3333333333334,3.0,2987.9404296875,103954.8717643702,191,3
127,205.0,138.66666666666666,3.0,3229.61328125,103954.8717643702,629,1
127,1571.4,506.6,5.0,2908.71630859375,173258.11960728368,625,5
127,1339.0,660.3333333333334,3.0,2908.71630859375,103954.8717643702,597,8
127,1379.3333333333333,823.6666666666666,3.0,2831.1689453125,103954.8717643702,317,8
127,1370.3333333333333,856.0,3.0,2831.1689453125,103954.8717643702,125,12
127,1106.5,883.25,4.0,3067.05615234375,138606.49568582693,341,15
127,1693.3333333333333,1972.0,3.0,3312.6767578125,103954.8717643702,630,3
128,1456.6666666666667,88.0,3.0,2830.904296875,103954.8717643702,367,12
128,1512.6666666666667,212.66666666666666,3.0,2908.95068359375,103954.8717643702,631,1
128,1574.0,504.0,3.0,2908.95068359375,103954.8717643702,625,5
128,902.6666666666666,704.6666666666666,3.0,2908.95068359375,103954.8717643702,632,7
128,1108.5,884.0,4.0,2908.95068359375,138606.49568582693,341,15
128,298.5,1295.5,4.0,3481.65087890625,138606.49568582693,132,11
128,1693.6,1973.6,5.0,4013.17431640625,173258.11960728368,630,3
129,1541.25,92.0,4.0,2830.9287109375,138606.49568582693,14,3
129,130.33333333333334,99.66666666666667,3.0,3921.91552734375,103954.8717643702,618,7
129,1441.0,378.0,3.0,3312.685546875,103954.8717643702,466,2
129,75.0,403.5,4.0,2908.7333984375,138606.49568582693,633,1
129,1370.6666666666667,483.6666666666667,3.0,2908.7333984375,103954.8717643702,634,1
129,151.66666666666666,659.3333333333334,3.0,2908.7333984375,103954.8717643702,209,11
129,95.75,884.75,4.0,3067.21337890625,138606.49568582693,165,21
129,1142.2,1472.6,5.0,5399.0537109375,173258.11960728368,571,19
129,154.0,1614.5,4.0,3395.9453125,138606.49568582693,623,4
129,164.0,1616.0,3.0,2987.9736328125,103954.8717643702,524,10
129,1693.6666666666667,1973.6666666666667,3.0,3229.42626953125,103954.8717643702,630,3
130,337.6666666666667,47.666666666666664,3.0,3742.1357421875,103954.8717643702,635,1
130,98.66666666666667,190.33333333333334,3.0,3147.7802734375,103954.8717643702,636,5
130,1707.5,272.5,6.0,3067.05615234375,207909.7435287404,595,5
130,1321.3333333333333,589.0,3.0,2830.99462890625,103954.8717643702,346,19
130,625.25,604.75,4.0,3067.05615234375,138606.49568582693,348,12
130,0.25,667.0,4.0,3067.05615234375,138606.49568582693,51,18
130,1106.5,882.0,4.0,2908.91748046875,138606.49568582693,341,15
130,97.0,884.0,3.0,2908.91748046875,103954.8717643702,165,21
131,93.5,174.5,4.0,4292.29248046875,138606.49568582693,637,5
131,1570.0,419.2,5.0,2908.96435546875,173258.11960728368,628,2
131,901.5,703.0,4.0,3147.63037109375,138606.49568582693,632,7
131,1382.5,822.75,4.0,2987.87841796875,138606.49568582693,317,8
131,1294.6666666666667,878.3333333333334,3.0,2908.96435546875,103954.8717643702,308,8
131,1106.0,881.6666666666666,3.0,2831.150390625,103954.8717643702,341,15
131,97.0,884.0,3.0,2908.96435546875,103954.8717643702,165,21
131,1175.5,885.6666666666666,6.0,2987.87841796875,207909.7435287404,483,23
131,856.5,899.5,4.0,4198.255859375,138606.49568582693,638,1
131,1694.6,1963.0,5.0,3832.00830078125,173258.11960728368,604,6
131,248.5,2012.5,4.0,4483.9404296875,138606.49568582693,436,2
131,1818.5,2022.0,4.0,3742.09619140625,138606.49568582693,96,20
132,95.33333333333333,174.0,3.0,3229.48828125,103954.8717643702,637,5
132,1590.5,270.0,4.0,3742.0546875,138606.49568582693,26,20
132,1708.0,272.6,5.0,2987.8623046875,173258.11960728368,595,5
132,1570.0,510.0,3.0,2908.80078125,103954.8717643702,625,5
132,1175.6666666666667,886.1666666666666,6.0,3229.48828125,207909.7435287404,483,23
132,779.6666666666666,1171.0,3.0,3067.2197265625,103954.8717643702,583,15
132,299.6666666666667,1294.3333333333333,3.0,2987.8623046875,103954.8717643702,132,11
132,1155.5,1468.0,4.0,3067.2197265625,138606.49568582693,571,19
133,27.0,93.0,3.0,3067.18701171875,103954.8717643702,418,5
133,198.5,143.25,4.0,2988.08837890625,138606.49568582693,155,11
133,94.66666666666667,173.16666666666666,6.0,4105.72802734375,207909.7435287404,637,5
133,1572.0,413.3333333333333,3.0,2988.08837890625,103954.8717643702,639,2
133,1.2,670.4,5.0,2908.990234375,173258.11960728368,51,18
133,1288.3333333333333,788.6666666666666,3.0,3067.18701171875,103954.8717643702,640,6
133,1418.2,821.8,5.0,3067.18701171875,173258.11960728368,190,12
133,755.75,1272.75,4.0,3067.18701171875,138606.49568582693,641,1
134,93.66666666666667,172.33333333333334,3.0,3229.51171875,103954.8717643702,637,5
134,97.8,190.4,5.0,5506.3564453125,173258.11960728368,636,5
134,1789.3333333333333,334.3333333333333,3.0,2908.7763671875,103954.8717643702,275,25
134,1776.0,415.5,4.0,3067.279296875,138606.49568582693,526,2
134,701.6666666666666,564.0,3.0,2988.02734375,103954.8717643702,109,23
134,608.0,638.0,3.0,2908.7763671875,103954.8717643702,238,6
134,903.5,703.0,4.0,2908.7763671875,138606.49568582693,632,7
134,1385.5,715.0,6.0,4198.2431640625,207909.7435287404,642,6
134,97.0,884.0,3.0,2830.923828125,103954.8717643702,165,21
135,55.75,18.75,4.0,2830.923828125,138606.49568582693,643,2
135,1200.0,119.0,3.0,2830.923828125,103954.8717643702,644,1
135,190.33333333333334,164.66666666666666,3.0,3147.462890625,103954.8717643702,569,6
135,93.75,172.0,4.0,3741.8486328125,138606.49568582693,637,5
135,1562.0,250.5,4.0,3481.716796875,138606.49568582693,455,5
135,701.3333333333334,564.3333333333334,3.0,2908.7763671875,103954.8717643702,109,23
135,904.4,702.6,5.0,2988.02734375,173258.11960728368,632,7
135,1385.4,715.2,5.0,3395.939453125,173258.11960728368,642,6
135,97.0,884.3333333333334,3.0,3067.279296875,103954.8717643702,165,21
135,151.5,1609.5,4.0,3147.462890625,138606.49568582693,551,8
136,26.0,91.5,4.0,3067.0771484375,138606.49568582693,418,5
136,199.5,153.0,4.0,3067.0771484375,138606.49568582693,645,2
136,189.5,164.0,6.0,4105.5361328125,207909.7435287404,569,6
136,1561.8333333333333,250.66666666666666,6.0,3395.7880859375,207909.7435287404,455,5
136,1567.0,507.5,4.0,2908.7587890625,138606.49568582693,625,5
136,922.6666666666666,612.6666666666666,3.0,3147.5771484375,103954.8717643702,646,1
136,1384.4,715.2,5.0,3921.7255859375,173258.11960728368,642,6
136,1415.0,820.6666666666666,3.0,2908.7587890625,103954.8717643702,190,12
136,104.0,902.0,3.0,2908.7587890625,103954.8717643702,575,5
136,1146.3333333333333,1467.3333333333333,3.0,3067.0771484375,103954.8717643702,571,19
137,193.5,142.0,4.0,3147.61328125,138606.49568582693,155,11
137,94.4,187.6,5.0,4387.2978515625,173258.11960728368,636,5
137,1560.0,248.83333333333334,6.0,3567.673828125,207909.7435287404,455,5
137,1562.6666666666667,346.3333333333333,3.0,2831.103515625,103954.8717643702,647,1
137,1562.3333333333333,512.0,3.0,2831.103515625,103954.8717643702,648,2
137,1502.4,652.0,5.0,2987.89404296875,173258.11960728368,649,1
137,1383.2,713.8,5.0,3567.673828125,173258.11960728368,642,6
137,1300.3333333333333,750.0,3.0,2987.89404296875,103954.8717643702,580,12
137,143.66666666666666,815.6666666666666,3.0,3147.61328125,103954.8717643702,650,1
137,1373.0,858.0,4.0,2908.83349609375,138606.49568582693,125,12
137,90.0,918.0,3.0,2908.83349609375,103954.8717643702,504,10
137,778.25,1171.5,4.0,3147.61328125,138606.49568582693,583,15
137,1143.0,1466.3333333333333,3.0,3229.60205078125,103954.8717643702,571,19
137,150.0,1609.0,5.0,3654.720703125,173258.11960728368,551,8
137,1693.8333333333333,1957.6666666666667,6.0,3395.97607421875,207909.7435287404,604,6
138,53.666666666666664,19.0,3.0,2908.84326171875,103954.8717643702,643,2
138,332.5,51.0,4.0,4105.564453125,138606.49568582693,651,1
138,1456.5,86.5,4.0,2908.84326171875,138606.49568582693,367,12
138,198.33333333333334,140.5,6.0,3229.562255859375,207909.7435287404,155,11
138,1522.25,568.75,4.0,2987.96875,138606.49568582693,652,1
138,1311.2,569.6,5.0,2987.96875,173258.11960728368,600,4
138,1340.6666666666667,689.3333333333334,3.0,3312.7041015625,103954.8717643702,197,23
138,1394.6,706.2,5.0,3654.911376953125,173258.11960728368,159,2
139,200.0,141.5,4.0,3395.845947265625,138606.49568582693,155,11
139,1700.5,282.0,4.0,3067.093994140625,138606.49568582693,653,1
139,1457.75,691.5,4.0,3481.799560546875,138606.49568582693,55,22
139,117.33333333333333,701.0,3.0,2908.84326171875,103954.8717643702,269,22
139,1302.5,749.5,4.0,3067.093994140625,138606.49568582693,580,12
139,1195.6666666666667,763.6666666666666,3.0,2987.96875,103954.8717643702,654,1
139,1142.5,1471.5,4.0,3742.06982421875,138606.49568582693,571,19
140,14.8,0.4,5.0,3481.873046875,173258.11960728368,486,21
140,1555.8333333333333,114.16666666666667,6.0,2908.82177734375,207909.7435287404,655,1
140,200.8,142.4,5.0,3147.71533203125,173258.11960728368,155,11
140,1750.3333333333333,341.1666666666667,6.0,2987.96435546875,207909.7435287404,656,1
140,1312.6,571.2,5.0,2908.82177734375,173258.11960728368,600,4
140,0.0,657.0,3.0,3067.10693359375,103954.8717643702,51,18
140,1516.5,695.0,6.0,3654.814453125,207909.7435287404,657,4
140,906.6666666666666,1131.3333333333333,3.0,2908.82177734375,103954.8717643702,622,5
140,975.3333333333334,1140.0,3.0,2908.82177734375,103954.8717643702,394,17
140,258.6666666666667,1998.3333333333333,3.0,3654.814453125,103954.8717643702,491,11
141,29.833333333333332,40.0,6.0,2988.08447265625,207909.7435287404,245,24
141,135.5,93.5,4.0,4679.859375,138606.49568582693,532,11
141,1570.6666666666667,517.6666666666666,3.0,2908.87841796875,103954.8717643702,658,4
141,695.6666666666666,571.6666666666666,3.0,3067.07177734375,103954.8717643702,659,1
141,1338.6666666666667,682.6666666666666,3.0,3067.07177734375,103954.8717643702,197,23
141,1458.25,691.5,4.0,2830.98486328125,138606.49568582693,55,22
141,1517.0,693.0,5.0,3312.7861328125,173258.11960728368,657,4
141,1492.3333333333333,701.6666666666666,3.0,2988.08447265625,103954.8717643702,660,2
141,1289.0,788.0,3.0,3067.07177734375,103954.8717643702,640,6
141,1417.0,907.0,3.0,2988.08447265625,103954.8717643702,396,3
141,91.0,918.0,3.0,2908.87841796875,103954.8717643702,504,10
141,1019.0,987.0,3.0,3067.07177734375,103954.8717643702,411,16
141,74.16666666666667,1017.8333333333334,6.0,3567.690185546875,207909.7435287404,661,1
141,906.6666666666666,1131.0,3.0,2908.87841796875,103954.8717643702,622,5
141,1154.5,1467.0,4.0,3481.701171875,138606.49568582693,571,19
141,269.6666666666667,2002.3333333333333,3.0,2908.87841796875,103954.8717643702,296,5
142,46.333333333333336,28.333333333333332,3.0,3067.224609375,103954.8717643702,662,1
142,1261.6666666666667,158.0,3.0,2908.75244140625,103954.8717643702,233,18
142,96.5,189.0,6.0,4105.6083984375,207909.7435287404,636,5
142,1613.3333333333333,410.0,3.0,2908.75244140625,103954.8717643702,663,1
142,1570.6666666666667,515.6666666666666,3.0,2908.75244140625,103954.8717643702,658,4
142,1312.75,570.0,4.0,2908.75244140625,138606.49568582693,600,4
142,1517.25,692.0,4.0,2987.98828125,138606.49568582693,657,4
142,1492.3333333333333,700.6666666666666,3.0,2987.98828125,103954.8717643702,660,2
142,1387.5,867.5,4.0,3067.224609375,138606.49568582693,216,7
142,894.0,895.0,3.0,3481.7900390625,103954.8717643702,664,4
142,1127.75,982.75,4.0,2987.98828125,138606.49568582693,665,2
142,975.1666666666666,1137.1666666666667,6.0,2987.98828125,207909.7435287404,394,17
142,1156.5,1466.0,4.0,3654.927001953125,138606.49568582693,571,19
143,1213.6,123.6,5.0,2908.87353515625,173258.11960728368,666,1
143,96.16666666666667,189.16666666666666,6.0,4013.1123046875,207909.7435287404,636,5
143,1791.8,339.6,5.0,3067.177978515625,173258.11960728368,275,25
143,1320.25,449.0,4.0,3067.177978515625,138606.49568582693,624,4
143,1523.75,592.75,4.0,2988.02587890625,138606.49568582693,437,17
143,1517.6666666666667,693.0,3.0,2988.02587890625,103954.8717643702,657,4
143,1411.3333333333333,854.6666666666666,3.0,2908.87353515625,103954.8717643702,667,3
143,906.3333333333334,1131.0,3.0,2908.87353515625,103954.8717643702,622,5
143,1162.0,1465.0,3.0,3229.591552734375,103954.8717643702,668,1
144,202.0,152.0,5.0,3229.44921875,173258.11960728368,645,2
144,191.2,161.0,5.0,3147.6630859375,173258.11960728368,569,6
144,1570.3333333333333,517.3333333333334,3.0,2830.93701171875,103954.8717643702,658,4
144,1309.75,651.75,4.0,3312.7978515625,138606.49568582693,669,1
144,1415.0,821.25,4.0,2908.81591796875,138606.49568582693,190,12
144,1411.0,854.6666666666666,3.0,2987.99755859375,103954.8717643702,667,3
144,1179.0,887.0,3.0,2908.81591796875,103954.8717643702,483,23
144,1157.6,931.4,5.0,3395.88671875,173258.11960728368,670,4
144,783.6666666666666,1174.3333333333333,3.0,3067.17919921875,103954.8717643702,583,15
144,896.3333333333334,1196.3333333333333,3.0,3147.6630859375,103954.8717643702,256,9
144,164.0,1617.5,4.0,3147.6630859375,138606.49568582693,524,10
144,222.83333333333334,1900.3333333333333,6.0,3831.90576171875,207909.7435287404,584,5
145,1468.2,388.2,5.0,3567.536376953125,173258.11960728368,671,2
145,1611.0,421.0,3.0,2830.98876953125,103954.8717643702,672,2
145,1566.6666666666667,517.0,3.0,2908.81884765625,103954.8717643702,658,4
145,1508.6666666666667,656.6666666666666,3.0,2988.01025390625,103954.8717643702,673,1
145,253.66666666666666,828.0,3.0,2830.98876953125,103954.8717643702,459,13
145,148.66666666666666,837.3333333333334,3.0,3229.44189453125,103954.8717643702,674,3
145,1412.0,857.6666666666666,3.0,2908.81884765625,103954.8717643702,667,3
145,1178.5,888.1666666666666,6.0,2988.01025390625,207909.7435287404,483,23
146,135.16666666666666,80.0,6.0,3654.8251953125,207909.7435287404,532,11
146,1468.0,387.5,4.0,3742.130859375,138606.49568582693,671,2
146,1342.0,689.0,3.0,2831.0048828125,103954.8717643702,197,23
146,256.0,825.6666666666666,3.0,2908.7939453125,103954.8717643702,459,13
146,1105.25,885.0,4.0,3067.2685546875,138606.49568582693,341,15
146,907.0,1131.2,5.0,2987.82421875,173258.11960728368,622,5
146,182.0,1619.5,4.0,3395.8037109375,138606.49568582693,675,1
147,132.16666666666666,90.16666666666667,6.0,5399.08251953125,207909.7435287404,532,11
147,1574.0,409.0,3.0,2831.0888671875,103954.8717643702,639,2
147,1344.0,437.0,4.0,2831.0888671875,138606.49568582693,676,11
147,1527.3333333333333,588.3333333333334,3.0,2908.828125,103954.8717643702,437,17
147,1.0,673.3333333333334,3.0,3067.20654296875,103954.8717643702,51,18
147,1438.5,715.5,4.0,4198.19091796875,138606.49568582693,677,2
147,114.33333333333333,742.3333333333334,3.0,2831.0888671875,103954.8717643702,371,17
147,1310.3333333333333,789.6666666666666,3.0,3481.716796875,103954.8717643702,65,2
147,1060.3333333333333,793.6666666666666,3.0,2988.01708984375,103954.8717643702,678,2
147,253.25,826.25,4.0,2908.828125,138606.49568582693,459,13
147,148.6,836.0,5.0,3229.64599609375,173258.11960728368,674,3
147,1179.6666666666667,887.3333333333334,3.0,2988.01708984375,103954.8717643702,483,23
147,1445.3333333333333,907.0,3.0,2988.01708984375,103954.8717643702,679,1
147,93.0,920.75,4.0,2908.828125,138606.49568582693,504,10
147,1091.5,1028.5,4.0,2908.828125,138606.49568582693,680,8
147,977.5,1137.5,4.0,3147.5556640625,138606.49568582693,394,17
147,174.5,1624.0,4.0,3229.64599609375,138606.49568582693,681,1
148,1458.0,83.0,3.0,2987.95849609375,103954.8717643702,367,12
148,1257.0,160.33333333333334,3.0,2987.95849609375,103954.8717643702,233,18
148,1713.0,274.5,6.0,3067.099609375,207909.7435287404,595,5
148,1807.0,347.0,3.0,2908.8173828125,103954.8717643702,682,1
148,133.33333333333334,467.0,3.0,2987.95849609375,103954.8717643702,683,1
148,0.3333333333333333,682.6666666666666,3.0,2987.95849609375,103954.8717643702,51,18
148,113.83333333333333,742.3333333333334,6.0,3147.58642578125,207909.7435287404,371,17
148,1060.3333333333333,792.6666666666666,3.0,3147.58642578125,103954.8717643702,678,2
148,93.5,920.5,4.0,3067.099609375,138606.49568582693,504,10
148,1128.0,983.3333333333334,3.0,2908.8173828125,103954.8717643702,665,2
148,1019.3333333333334,986.3333333333334,3.0,3067.099609375,103954.8717643702,411,16
148,166.5,1618.5,6.0,3567.5185546875,207909.7435287404,524,10
149,1455.0,82.66666666666667,3.0,2987.98193359375,103954.8717643702,367,12
149,1243.0,88.0,3.0,2987.98193359375,103954.8717643702,684,7
149,1318.3333333333333,448.6666666666667,3.0,2831.0859375,103954.8717643702,624,4
149,154.33333333333334,643.0,3.0,2831.0859375,103954.8717643702,209,11
149,1435.5,714.0,6.0,3742.07861328125,207909.7435287404,677,2
149,1383.0,864.6666666666666,3.0,3229.5517578125,103954.8717643702,216,7
149,90.33333333333333,918.3333333333334,3.0,2987.98193359375,103954.8717643702,504,10
149,25.5,1271.0,4.0,3654.91455078125,138606.49568582693,685,1
150,106.5,13.5,4.0,2830.943359375,138606.49568582693,227,15
150,1460.5,61.0,4.0,2908.9404296875,138606.49568582693,686,5
150,110.0,89.0,3.0,2908.9404296875,103954.8717643702,390,9
150,1243.4,89.8,5.0,3147.76806640625,173258.11960728368,684,7
150,1593.3333333333333,258.3333333333333,3.0,3067.05078125,103954.8717643702,26,20
150,1725.0,271.0,3.0,2908.9404296875,103954.8717643702,448,8
150,1710.0,273.6666666666667,3.0,2988.146484375,103954.8717643702,595,5
150,1340.6666666666667,435.0,3.0,2830.943359375,103954.8717643702,676,11
150,661.5,646.0,4.0,2988.146484375,138606.49568582693,578,25
150,572.3333333333334,679.6666666666666,3.0,3067.05078125,103954.8717643702,687,4
150,1382.4,865.0,5.0,3147.76806640625,173258.11960728368,216,7
150,89.66666666666667,918.3333333333334,3.0,2988.146484375,103954.8717643702,504,10
150,147.0,1613.6666666666667,3.0,3481.82470703125,103954.8717643702,551,8
150,169.0,1615.0,5.0,3229.39306640625,173258.11960728368,524,10
150,1696.1666666666667,1959.3333333333333,6.0,3312.83154296875,207909.7435287404,604,6
151,37.8,33.8,5.0,2988.044921875,173258.11960728368,245,24
151,1455.6666666666667,86.0,3.0,2831.2314453125,103954.8717643702,367,12
151,1243.75,89.0,4.0,2988.044921875,138606.49568582693,684,7
151,1676.3333333333333,215.66666666666666,3.0,2831.2314453125,103954.8717643702,204,25
151,1590.0,263.0,3.0,3481.62109375,103954.8717643702,26,20
151,1564.3333333333333,420.3333333333333,3.0,3067.30859375,103954.8717643702,609,3
151,127.0,422.0,3.0,2908.78125,103954.8717643702,688,1
151,1535.1666666666667,524.0,6.0,3395.9306640625,207909.7435287404,689,1
151,617.0,619.6666666666666,3.0,2908.78125,103954.8717643702,487,5
151,660.8,646.8,5.0,3147.857421875,173258.11960728368,578,25
151,1450.25,710.25,4.0,3481.62109375,138606.49568582693,690,1
151,146.6,831.8,5.0,4012.9013671875,173258.11960728368,674,3
151,96.4,887.4,5.0,3067.30859375,173258.11960728368,165,21
151,156.33333333333334,1614.6666666666667,3.0,3312.8115234375,103954.8717643702,623,4
151,172.5,1616.1666666666667,6.0,3229.69140625,207909.7435287404,524,10
152,24.0,1.1666666666666667,6.0,3312.771484375,207909.7435287404,486,21
152,110.75,90.5,4.0,2987.98095703125,138606.49568582693,390,9
152,1728.6666666666667,271.3333333333333,3.0,2831.119140625,103954.8717643702,448,8
152,1789.2,383.4,5.0,2831.119140625,173258.11960728368,691,1
152,1522.0,601.0,3.0,2908.82861328125,103954.8717643702,437,17
152,661.3333333333334,647.6666666666666,3.0,2987.98095703125,103954.8717643702,578,25
152,125.5,693.25,4.0,2908.82861328125,138606.49568582693,269,22
152,120.5,721.5,4.0,3067.1337890625,138606.49568582693,692,1
152,252.0,825.25,4.0,2908.82861328125,138606.49568582693,459,13
152,98.0,888.6666666666666,3.0,3067.1337890625,103954.8717643702,165,21
152,1154.8,930.8,5.0,3147.72998046875,173258.11960728368,670,4
152,62.166666666666664,950.5,6.0,3481.66259765625,207909.7435287404,151,18
152,1088.0,1034.0,6.0,2987.98095703125,207909.7435287404,693,3
152,977.6666666666666,1137.3333333333333,3.0,2987.98095703125,103954.8717643702,394,17
153,1261.2,155.4,5.0,3067.07177734375,173258.11960728368,233,18
153,1584.6666666666667,290.0,3.0,2908.87841796875,103954.8717643702,28,18
153,1890.3333333333333,290.3333333333333,3.0,2908.87841796875,103954.8717643702,694,1
153,658.3333333333334,669.3333333333334,3.0,2908.87841796875,103954.8717643702,214,20
153,255.0,826.5,4.0,2908.87841796875,138606.49568582693,459,13
153,1156.6666666666667,931.3333333333334,3.0,3147.5908203125,103954.8717643702,670,4
153,62.4,951.8,5.0,3481.701171875,173258.11960728368,151,18
153,781.8333333333334,1171.6666666666667,6.0,3147.5908203125,207909.7435287404,583,15
153,148.0,1616.0,3.0,2908.87841796875,103954.8717643702,551,8
153,251.0,1987.3333333333333,3.0,3147.5908203125,103954.8717643702,491,11
153,256.6666666666667,1997.3333333333333,3.0,3067.07177734375,103954.8717643702,491,11
154,39.666666666666664,35.666666666666664,3.0,3067.064208984375,103954.8717643702,245,24
154,1729.5,271.75,4.0,2908.8193359375,138606.49568582693,448,8
154,1344.6666666666667,437.3333333333333,3.0,3067.064208984375,103954.8717643702,676,11
154,1320.6666666666667,513.0,3.0,2987.94189453125,103954.8717643702,695,3
154,1521.3333333333333,586.3333333333334,3.0,2987.94189453125,103954.8717643702,437,17
154,1343.8,684.4,5.0,2987.94189453125,173258.11960728368,197,23
154,1392.0,715.0,3.0,3147.69970703125,103954.8717643702,642,6
154,62.75,952.0,4.0,3654.8603515625,138606.49568582693,151,18
154,977.3333333333334,1137.6666666666667,3.0,3147.69970703125,103954.8717643702,394,17
154,782.0,1171.0,4.0,2908.8193359375,138606.49568582693,583,15
154,147.5,1616.0,4.0,3229.416015625,138606.49568582693,551,8
154,257.0,1998.6666666666667,3.0,3067.064208984375,103954.8717643702,491,11
154,268.0,2029.0,3.0,4013.072509765625,103954.8717643702,696,1
155,1459.6,69.4,5.0,2908.94775390625,173258.11960728368,686,5
155,1245.8,69.8,5.0,3067.3271484375,173258.11960728368,697,11
155,1460.3333333333333,85.33333333333333,3.0,2831.05615234375,103954.8717643702,367,12
155,112.5,90.25,4.0,2831.05615234375,138606.49568582693,390,9
155,1725.0,272.3333333333333,3.0,2908.94775390625,103954.8717643702,448,8
155,1584.0,288.0,4.0,3067.3271484375,138606.49568582693,28,18
155,1344.0,437.1666666666667,6.0,2988.13720703125,207909.7435287404,676,11
155,1320.6666666666667,580.6666666666666,3.0,2908.94775390625,103954.8717643702,346,19
155,665.0,648.6666666666666,3.0,2908.94775390625,103954.8717643702,578,25
155,1343.6,683.2,5.0,3067.3271484375,173258.11960728368,197,23
155,1309.3333333333333,780.3333333333334,6.0,2988.13720703125,207909.7435287404,200,7
155,99.75,887.75,4.0,2988.13720703125,138606.49568582693,165,21
155,1406.3333333333333,931.0,3.0,2988.13720703125,103954.8717643702,602,3
155,62.8,951.2,5.0,3229.60107421875,173258.11960728368,151,18
155,782.0,1170.75,4.0,2988.13720703125,138606.49568582693,583,15
155,156.6,1614.2,5.0,3229.60107421875,173258.11960728368,623,4
155,255.75,1997.0,4.0,3229.60107421875,138606.49568582693,491,11
156,1828.5,94.5,6.0,3567.62548828125,207909.7435287404,698,2
156,1343.8,437.0,5.0,2987.94189453125,173258.11960728368,676,11
156,1560.6,503.6,5.0,2987.94189453125,173258.11960728368,699,3
156,1536.0,519.0,3.0,3312.75390625,103954.8717643702,700,2
156,632.5,524.8333333333334,6.0,3067.091796875,207909.7435287404,701,2
156,1518.5,585.0,6.0,2987.94189453125,207909.7435287404,437,17
156,664.3333333333334,647.6666666666666,3.0,3067.091796875,103954.8717643702,578,25
156,1343.3333333333333,683.0,6.0,3312.75390625,207909.7435287404,197,23
156,1422.0,856.5,4.0,4292.1669921875,138606.49568582693,702,7
156,1406.6666666666667,931.3333333333334,3.0,3147.734375,103954.8717643702,602,3
156,65.0,949.3333333333334,3.0,3395.8857421875,103954.8717643702,151,18
156,1090.6666666666667,1036.0,3.0,2831.13623046875,103954.8717643702,693,3
156,978.8,1137.6,5.0,3229.6220703125,173258.11960728368,394,17
156,781.1666666666666,1170.5,6.0,3147.734375,207909.7435287404,583,15
157,1458.5,68.75,4.0,2831.1103515625,138606.49568582693,686,5
157,1828.0,95.0,5.0,3921.72900390625,173258.11960728368,698,2
157,1592.6,260.0,5.0,3067.2353515625,173258.11960728368,26,20
157,1728.0,271.3333333333333,3.0,2831.1103515625,103954.8717643702,448,8
157,1818.75,486.75,4.0,3229.388671875,138606.49568582693,703,2
157,631.8333333333334,524.8333333333334,6.0,2988.1630859375,207909.7435287404,701,2
157,1299.6666666666667,545.0,3.0,2908.7255859375,103954.8717643702,621,3
157,1369.25,654.25,4.0,2908.7255859375,138606.49568582693,213,18
157,117.2,702.0,5.0,2908.7255859375,173258.11960728368,269,22
157,1463.0,718.25,4.0,3229.388671875,138606.49568582693,704,1
157,1179.0,887.3333333333334,3.0,2908.7255859375,103954.8717643702,483,23
157,1154.5,930.5,6.0,3921.72900390625,207909.7435287404,670,4
157,64.66666666666667,949.6666666666666,3.0,3481.9111328125,103954.8717643702,151,18
158,1459.3333333333333,65.33333333333333,6.0,2908.91748046875,207909.7435287404,686,5
158,1457.25,87.75,4.0,2988.1142578125,138606.49568582693,367,12
158,129.66666666666666,98.33333333333333,3.0,4013.08447265625,103954.8717643702,618,7
158,99.66666666666667,104.66666666666667,3.0,2830.99462890625,103954.8717643702,705,4
158,1500.6666666666667,349.6666666666667,3.0,3312.7939453125,103954.8717643702,32,13
158,1538.5,420.5,4.0,2908.91748046875,138606.49568582693,706,1
158,1343.6666666666667,436.3333333333333,3.0,2908.91748046875,103954.8717643702,676,11
158,1534.5,516.5,6.0,3567.69970703125,207909.7435287404,700,2
158,698.6666666666666,565.3333333333334,3.0,2908.91748046875,103954.8717643702,109,23
158,1515.0,616.0,5.0,2908.91748046875,173258.11960728368,707,6
158,663.6666666666666,647.3333333333334,3.0,2908.91748046875,103954.8717643702,578,25
158,1368.5,653.5,4.0,2988.1142578125,138606.49568582693,213,18
158,1342.0,680.5,4.0,3147.7802734375,138606.49568582693,197,23
158,124.0,691.0,3.0,2908.91748046875,103954.8717643702,269,22
158,1288.8,787.6,5.0,2908.91748046875,173258.11960728368,640,6
158,869.25,812.5,4.0,3229.5234375,138606.49568582693,708,1
158,98.0,888.5,4.0,3067.05615234375,138606.49568582693,165,21
158,780.0,1170.25,4.0,3229.5234375,138606.49568582693,583,15
159,110.0,27.5,4.0,2987.95166015625,138606.49568582693,227,15
159,1457.6666666666667,68.0,3.0,2908.72412109375,103954.8717643702,686,5
159,1362.3333333333333,69.66666666666667,3.0,3147.74365234375,103954.8717643702,709,1
159,1243.2,71.2,5.0,3067.17919921875,173258.11960728368,697,11
159,1245.3333333333333,86.33333333333333,3.0,3067.17919921875,103954.8717643702,684,7
159,31.75,98.25,4.0,3481.703125,138606.49568582693,710,1
159,129.0,98.5,4.0,4483.9150390625,138606.49568582693,618,7
159,1342.3333333333333,435.6666666666667,3.0,2987.95166015625,103954.8717643702,676,11
159,1835.0,459.0,3.0,2987.95166015625,103954.8717643702,711,5
159,1298.75,544.25,4.0,2987.95166015625,138606.49568582693,621,3
159,698.75,563.75,4.0,2908.72412109375,138606.49568582693,109,23
159,1526.6666666666667,588.0,3.0,2987.95166015625,103954.8717643702,437,17
159,624.5,604.8333333333334,6.0,2908.72412109375,207909.7435287404,348,12
159,1518.6666666666667,610.6666666666666,3.0,2908.72412109375,103954.8717643702,707,6
159,651.3333333333334,635.6666666666666,3.0,2987.95166015625,103954.8717643702,351,7
159,1341.6666666666667,680.3333333333334,3.0,2987.95166015625,103954.8717643702,197,23
159,126.0,691.6666666666666,3.0,2908.72412109375,103954.8717643702,269,22
159,1422.0,856.5,6.0,4981.677734375,207909.7435287404,702,7
159,1177.6,886.6,5.0,2908.72412109375,173258.11960728368,483,23
159,1421.8,912.2,5.0,3567.6162109375,173258.11960728368,712,4
159,1097.3333333333333,1038.6666666666667,3.0,3067.17919921875,103954.8717643702,713,16
159,300.75,1291.25,4.0,3229.6455078125,138606.49568582693,132,11
160,314.5,22.5,6.0,5293.1865234375,207909.7435287404,714,10
160,109.33333333333333,26.333333333333332,3.0,3147.57958984375,103954.8717643702,227,15
160,40.5,31.5,4.0,2987.97509765625,138606.49568582693,245,24
160,1322.0,586.0,3.0,2830.95654296875,103954.8717643702,346,19
160,1525.4,620.8,5.0,3312.59033203125,173258.11960728368,715,1
160,1288.8,787.2,5.0,3147.57958984375,173258.11960728368,640,6
160,1421.25,911.25,4.0,3229.61474609375,138606.49568582693,712,4
160,1097.75,1038.75,4.0,2987.97509765625,138606.49568582693,713,16
160,778.3333333333334,1168.3333333333333,3.0,2830.95654296875,103954.8717643702,583,15
161,30.0,0.5,4.0,3395.7412109375,138606.49568582693,486,21
161,686.6666666666666,48.333333333333336,6.0,4780.603515625,207909.7435287404,716,1
161,1625.6666666666667,302.0,3.0,2831.04296875,103954.8717643702,449,8
161,27.0,473.75,4.0,2831.04296875,138606.49568582693,717,1
161,1522.8,593.6,5.0,2908.9873046875,173258.11960728368,437,17
161,608.4,631.2,5.0,2987.88623046875,173258.11960728368,238,6
161,1368.3333333333333,654.6666666666666,3.0,2908.9873046875,103954.8717643702,213,18
161,658.3333333333334,658.3333333333334,3.0,2908.9873046875,103954.8717643702,214,20
161,124.25,693.0,4.0,2987.88623046875,138606.49568582693,269,22
161,1409.6666666666667,722.6666666666666,3.0,2987.88623046875,103954.8717643702,145,3
161,93.66666666666667,881.0,3.0,3147.59228515625,103954.8717643702,165,21
161,1421.3333333333333,911.6666666666666,3.0,3229.67236328125,103954.8717643702,712,4
161,1088.6,1033.2,5.0,2908.9873046875,173258.11960728368,693,3
161,1100.3333333333333,1041.0,3.0,3067.10302734375,103954.8717643702,713,16
161,778.3333333333334,1168.3333333333333,3.0,2908.9873046875,103954.8717643702,583,15
162,1193.0,10.5,4.0,3147.57958984375,138606.49568582693,718,1
162,41.0,31.166666666666668,6.0,3067.18994140625,207909.7435287404,245,24
162,16.5,78.5,4.0,3395.80078125,138606.49568582693,719,5
162,1815.3333333333333,483.3333333333333,3.0,3067.18994140625,103954.8717643702,703,2
162,1301.0,749.0,3.0,2830.95654296875,103954.8717643702,580,12
162,1288.25,786.0,4.0,2987.97509765625,138606.49568582693,640,6
162,1177.1666666666667,885.6666666666666,6.0,3395.80078125,207909.7435287404,483,23
162,1421.3333333333333,911.0,3.0,3067.18994140625,103954.8717643702,712,4
163,41.2,34.8,5.0,3147.57958984375,173258.11960728368,245,24
163,1245.1666666666667,70.16666666666667,6.0,2908.7607421875,207909.7435287404,697,11
163,17.8,81.4,5.0,3147.57958984375,173258.11960728368,719,5
163,101.66666666666667,106.0,3.0,2908.7607421875,103954.8717643702,705,4
163,1561.6666666666667,351.6666666666667,3.0,2830.95654296875,103954.8717643702,720,1
163,656.0,498.5,4.0,3067.18994140625,138606.49568582693,721,8
163,1526.0,590.0,3.0,2830.95654296875,103954.8717643702,437,17
163,1518.6666666666667,612.0,3.0,2830.95654296875,103954.8717643702,707,6
163,1410.2,725.6,5.0,3147.57958984375,173258.11960728368,145,3
163,1134.0,987.0,3.0,2830.95654296875,103954.8717643702,722,11
163,845.75,1196.25,4.0,2908.7607421875,138606.49568582693,166,22
164,1246.0,69.0,3.0,2988.05615234375,103954.8717643702,697,11
164,19.0,81.0,3.0,3312.6826171875,103954.8717643702,719,5
164,102.33333333333333,105.33333333333333,3.0,2908.97314453125,103954.8717643702,705,4
164,1541.3333333333333,521.6666666666666,3.0,2988.05615234375,103954.8717643702,723,1
164,1519.0,611.0,3.0,2988.05615234375,103954.8717643702,707,6
164,663.0,660.0,3.0,2908.97314453125,103954.8717643702,214,20
164,1221.0,690.3333333333334,3.0,3229.45263671875,103954.8717643702,724,1
164,1302.5,749.5,4.0,2988.05615234375,138606.49568582693,580,12
164,1278.0,760.0,3.0,3067.1396484375,103954.8717643702,333,13
164,1308.6666666666667,779.6666666666666,3.0,2908.97314453125,103954.8717643702,200,7
164,93.66666666666667,883.6666666666666,3.0,2908.97314453125,103954.8717643702,165,21
164,1083.6666666666667,1030.0,3.0,2908.97314453125,103954.8717643702,725,1
164,1102.6666666666667,1048.0,3.0,2831.07421875,103954.8717643702,713,16
164,780.6666666666666,1169.6666666666667,3.0,2908.97314453125,103954.8717643702,583,15
165,35.75,32.75,4.0,2988.1181640625,138606.49568582693,245,24
165,1246.3333333333333,69.66666666666667,3.0,2908.90283203125,103954.8717643702,697,11
165,19.333333333333332,80.33333333333333,3.0,3312.6220703125,103954.8717643702,719,5
165,1469.3333333333333,380.3333333333333,3.0,3229.58544921875,103954.8717643702,264,6
165,1532.8,404.4,5.0,2908.90283203125,173258.11960728368,726,3
165,1862.3333333333333,455.3333333333333,3.0,2908.90283203125,103954.8717643702,521,14
165,1560.6666666666667,510.6666666666667,3.0,2830.96044921875,103954.8717643702,648,2
165,898.6666666666666,704.6666666666666,3.0,2908.90283203125,103954.8717643702,632,7
165,1299.75,726.0,4.0,3067.0791015625,138606.49568582693,117,22
165,1375.3333333333333,860.0,6.0,2988.1181640625,207909.7435287404,125,12
165,1190.3333333333333,888.0,3.0,2908.90283203125,103954.8717643702,381,6
165,1025.25,987.25,4.0,3067.0791015625,138606.49568582693,411,16
165,1107.6666666666667,1045.0,3.0,2908.90283203125,103954.8717643702,713,16
165,896.75,1195.75,4.0,2908.90283203125,138606.49568582693,256,9
166,312.75,23.0,4.0,3229.4873046875,138606.49568582693,714,10
166,1460.25,86.25,4.0,2830.96044921875,138606.49568582693,367,12
166,1244.3333333333333,87.0,3.0,2988.02001953125,103954.8717643702,684,7
166,1533.8333333333333,405.1666666666667,6.0,2988.02001953125,207909.7435287404,726,3
166,657.3333333333334,496.3333333333333,3.0,2908.78515625,103954.8717643702,721,8
166,575.3333333333334,678.3333333333334,3.0,2988.02001953125,103954.8717643702,687,4
166,898.75,704.25,4.0,2988.02001953125,138606.49568582693,632,7
166,1308.5,778.5,4.0,2988.02001953125,138606.49568582693,200,7
166,1179.25,887.25,4.0,2988.02001953125,138606.49568582693,483,23
166,1025.6666666666667,987.3333333333334,3.0,2908.78515625,103954.8717643702,411,16
166,892.0,1198.0,3.0,2988.02001953125,103954.8717643702,256,9
167,20.2,37.6,5.0,3067.09619140625,173258.11960728368,727,1
167,130.66666666666666,90.66666666666667,3.0,3229.431640625,103954.8717643702,532,11
167,1739.6666666666667,365.3333333333333,3.0,3481.77490234375,103954.8717643702,246,8
167,617.6666666666666,524.0,3.0,2908.8935546875,103954.8717643702,728,4
167,1529.6666666666667,585.3333333333334,3.0,2831.05517578125,103954.8717643702,437,17
167,1323.5,589.0,4.0,2831.05517578125,138606.49568582693,346,19
167,1342.6666666666667,679.0,3.0,2908.8935546875,103954.8717643702,197,23
167,570.0,703.6666666666666,3.0,2908.8935546875,103954.8717643702,416,2
167,898.5,704.5,4.0,3067.09619140625,138606.49568582693,632,7
167,152.0,817.5,6.0,3742.154541015625,207909.7435287404,729,2
167,1400.3333333333333,950.0,3.0,3067.09619140625,103954.8717643702,730,1
167,816.6666666666666,1195.3333333333333,3.0,2831.05517578125,103954.8717643702,731,3
167,574.8,1278.6,5.0,2988.109375,173258.11960728368,576,7
168,103.0,76.0,3.0,2831.091796875,103954.8717643702,732,1
168,17.666666666666668,80.66666666666667,3.0,3654.9833984375,103954.8717643702,719,5
168,129.33333333333334,98.66666666666667,3.0,3312.5537109375,103954.8717643702,618,7
168,1552.0,307.0,3.0,2908.69921875,103954.8717643702,529,2
168,1532.8333333333333,404.5,6.0,2988.146484375,207909.7435287404,726,3
168,615.0,520.5,4.0,3229.4287109375,138606.49568582693,728,4
168,1.25,662.75,4.0,2908.69921875,138606.49568582693,51,18
168,1342.3333333333333,677.6666666666666,3.0,2831.091796875,103954.8717643702,197,23
168,150.66666666666666,817.6666666666666,3.0,3229.4287109375,103954.8717643702,729,2
168,1179.0,886.6666666666666,3.0,3067.2255859375,103954.8717643702,483,23
168,1092.5,1040.6666666666667,6.0,3067.2255859375,207909.7435287404,733,1
169,316.5,25.0,4.0,5188.41552734375,138606.49568582693,714,10
169,160.0,112.0,3.0,2987.88623046875,103954.8717643702,734,2
169,1562.25,424.0,4.0,2908.71630859375,138606.49568582693,609,3
169,1859.3333333333333,454.3333333333333,3.0,2831.1689453125,103954.8717643702,521,14
169,656.1666666666666,495.8333333333333,6.0,2908.71630859375,207909.7435287404,721,8
169,1320.1666666666667,582.0,6.0,2908.71630859375,207909.7435287404,346,19
169,618.6666666666666,601.3333333333334,3.0,2831.1689453125,103954.8717643702,348,12
169,1375.3333333333333,661.6666666666666,3.0,2831.1689453125,103954.8717643702,213,18
169,574.5,740.0,4.0,2987.88623046875,138606.49568582693,452,9
169,251.66666666666666,825.0,3.0,3067.05615234375,103954.8717643702,459,13
169,1385.5,866.0,6.0,3567.70703125,207909.7435287404,216,7
169,1178.0,886.25,4.0,3067.05615234375,138606.49568582693,483,23
169,1105.0,1045.2,5.0,2908.71630859375,173258.11960728368,713,16
169,815.5,1194.0,6.0,3481.7236328125,207909.7435287404,731,3
169,842.3333333333334,1194.0,3.0,2908.71630859375,103954.8717643702,166,22
170,34.4,33.2,5.0,3147.67626953125,173258.11960728368,245,24
170,61.25,111.75,4.0,2988.10400390625,138606.49568582693,735,2
170,604.0,389.5,4.0,3742.15625,138606.49568582693,736,4
170,615.75,521.0,4.0,2988.10400390625,138606.49568582693,728,4
170,1342.6666666666667,678.0,3.0,3312.76123046875,103954.8717643702,197,23
170,1239.6666666666667,814.0,3.0,3481.6181640625,103954.8717643702,737,1
170,1285.0,844.3333333333334,3.0,2908.89794921875,103954.8717643702,738,1
170,99.6,906.6,5.0,2908.89794921875,173258.11960728368,575,5
170,1023.0,987.25,4.0,2988.10400390625,138606.49568582693,411,16
170,1100.3333333333333,1033.3333333333333,3.0,3067.31005859375,103954.8717643702,680,8
170,816.5,1195.0,4.0,3396.029296875,138606.49568582693,731,3
170,574.25,1278.0,4.0,2988.10400390625,138606.49568582693,576,7
170,232.4,1887.6,5.0,4582.08837890625,173258.11960728368,559,5
171,1175.5,8.833333333333334,6.0,3312.6455078125,207909.7435287404,739,2
171,317.6666666666667,25.333333333333332,3.0,3395.798828125,103954.8717643702,714,10
171,35.0,33.75,4.0,3229.4931640625,138606.49568582693,245,24
171,1775.5,316.5,4.0,3067.0458984375,138606.49568582693,740,1
171,617.3333333333334,522.0,3.0,2908.8095703125,103954.8717643702,728,4
171,1523.5,597.5,4.0,2908.8095703125,138606.49568582693,437,17
171,1219.3333333333333,875.3333333333334,3.0,2830.919921875,103954.8717643702,424,7
171,1179.25,887.25,4.0,2988.103515625,138606.49568582693,483,23
171,1023.3333333333334,987.6666666666666,3.0,3312.6455078125,103954.8717643702,411,16
171,573.8,1278.2,5.0,3067.0458984375,173258.11960728368,576,7
171,233.0,1887.5,4.0,4679.93408203125,138606.49568582693,559,5
172,758.5,3.5,4.0,3742.14599609375,138606.49568582693,741,2
172,1174.0,7.5,6.0,3147.572265625,207909.7435287404,739,2
172,33.0,32.75,4.0,3147.572265625,138606.49568582693,245,24
172,1556.6666666666667,120.0,3.0,2830.93505859375,103954.8717643702,742,2
172,1625.25,301.75,4.0,2908.921875,138606.49568582693,449,8
172,600.5,388.3333333333333,6.0,3481.80029296875,207909.7435287404,736,4
172,1859.6666666666667,455.0,3.0,2908.921875,103954.8717643702,521,14
172,1559.5,503.25,4.0,3067.240234375,138606.49568582693,699,3
172,574.0,740.8333333333334,6.0,3067.240234375,207909.7435287404,452,9
172,1314.25,982.0,4.0,2988.0810546875,138606.49568582693,743,6
172,1021.75,985.75,4.0,3147.572265625,138606.49568582693,411,16
172,1098.8333333333333,1045.6666666666667,6.0,2908.921875,207909.7435287404,713,16
172,242.0,2000.5,4.0,3312.6337890625,138606.49568582693,326,2
173,313.3333333333333,27.0,3.0,3832.052734375,103954.8717643702,714,10
173,32.4,32.6,5.0,3229.41259765625,173258.11960728368,245,24
173,1239.8333333333333,78.0,6.0,3067.21826171875,207909.7435287404,697,11
173,130.33333333333334,87.33333333333333,3.0,3567.5947265625,103954.8717643702,532,11
173,156.0,113.0,5.0,3229.41259765625,173258.11960728368,734,2
173,904.1666666666666,688.1666666666666,6.0,2988.0234375,207909.7435287404,386,11
173,1390.0,713.0,3.0,3067.21826171875,103954.8717643702,642,6
173,115.0,734.0,3.0,2988.0234375,103954.8717643702,371,17
173,1298.3333333333333,741.6666666666666,3.0,2831.06103515625,103954.8717643702,580,12
173,1420.2,854.4,5.0,4105.5478515625,173258.11960728368,702,7
173,93.75,882.0,4.0,2831.06103515625,138606.49568582693,165,21
173,825.3333333333334,1131.0,3.0,2908.82861328125,103954.8717643702,553,12
173,1720.0,1933.0,3.0,3654.87548828125,103954.8717643702,744,3
174,17.0,31.5,4.0,3067.142578125,138606.49568582693,745,1
174,32.2,32.4,5.0,3229.3525390625,173258.11960728368,245,24
174,127.25,45.5,4.0,2988.1376953125,138606.49568582693,746,8
174,57.333333333333336,50.333333333333336,3.0,2830.8896484375,103954.8717643702,747,1
174,1239.4,78.8,5.0,2988.1376953125,173258.11960728368,697,11
174,1269.6666666666667,122.33333333333333,3.0,3067.142578125,103954.8717643702,748,1
174,655.0,496.0,3.0,2908.75,103954.8717643702,721,8
174,1274.5,500.0,4.0,2908.75,138606.49568582693,749,1
174,1320.5,589.25,4.0,2988.1376953125,138606.49568582693,346,19
174,622.4,602.8,5.0,2908.75,173258.11960728368,348,12
174,901.6666666666666,692.6666666666666,3.0,2908.75,103954.8717643702,386,11
174,573.6666666666666,741.0,3.0,2908.75,103954.8717643702,452,9
174,1421.2,855.4,5.0,4483.89990234375,173258.11960728368,702,7
174,1378.0,860.8333333333334,6.0,3147.6748046875,207909.7435287404,125,12
174,1260.3333333333333,931.6666666666666,3.0,2830.8896484375,103954.8717643702,750,3
174,1168.0,949.0,5.0,3067.142578125,173258.11960728368,218,2
174,685.0,986.0,3.0,2988.1376953125,103954.8717643702,751,2
174,1021.0,986.3333333333334,3.0,3067.142578125,103954.8717643702,411,16
174,1103.3333333333333,1040.0,3.0,2908.75,103954.8717643702,713,16
174,79.33333333333333,1162.3333333333333,3.0,4680.078125,103954.8717643702,752,6
174,1719.5,1933.0,4.0,4680.078125,138606.49568582693,744,3
175,758.3333333333334,4.666666666666667,3.0,2987.91650390625,103954.8717643702,741,2
175,314.6,27.8,5.0,4881.2060546875,173258.11960728368,714,10
175,34.0,31.5,4.0,2987.91650390625,138606.49568582693,245,24
175,128.2,46.4,5.0,2987.91650390625,173258.11960728368,746,8
175,1241.0,79.5,6.0,3229.532958984375,207909.7435287404,697,11
175,1557.3333333333333,122.0,3.0,3067.2001953125,103954.8717643702,742,2
175,1625.5,303.75,4.0,2831.12060546875,138606.49568582693,449,8
175,618.2,384.4,5.0,6056.51220703125,173258.11960728368,753,3
175,603.3333333333334,388.3333333333333,3.0,3395.851806640625,103954.8717643702,736,4
175,1857.25,456.25,4.0,2908.85400390625,138606.49568582693,521,14
175,656.3333333333334,497.3333333333333,3.0,2908.85400390625,103954.8717643702,721,8
175,622.0,624.75,4.0,2987.91650390625,138606.49568582693,487,5
175,1298.3333333333333,776.6666666666666,3.0,2908.85400390625,103954.8717643702,754,3
175,1422.2,856.0,5.0,5188.3759765625,173258.11960728368,702,7
175,1313.4,985.8,5.0,2908.85400390625,173258.11960728368,743,6
175,1022.2,986.6,5.0,3567.70751953125,173258.11960728368,411,16
175,1135.0,989.0,3.0,2987.91650390625,103954.8717643702,722,11
175,1104.0,1029.0,5.0,3067.2001953125,173258.11960728368,680,8
175,1109.25,1047.25,4.0,2908.85400390625,138606.49568582693,713,16
175,299.3333333333333,1293.3333333333333,3.0,3067.2001953125,103954.8717643702,132,11
175,1721.0,1933.3333333333333,3.0,3067.2001953125,103954.8717643702,744,3
176,21.8,0.4,5.0,3395.930908203125,173258.11960728368,486,21
176,34.2,33.6,5.0,3067.07177734375,173258.11960728368,245,24
176,129.5,46.5,4.0,3147.5908203125,138606.49568582693,746,8
176,109.75,89.5,4.0,2908.87841796875,138606.49568582693,390,9
176,620.3333333333334,384.8333333333333,6.0,5399.060546875,207909.7435287404,753,3
176,1862.0,452.5,6.0,2908.87841796875,207909.7435287404,521,14
176,660.6666666666666,501.6666666666667,6.0,3395.930908203125,207909.7435287404,721,8
176,700.0,564.3333333333334,3.0,2908.87841796875,103954.8717643702,109,23
176,1529.75,587.0,4.0,2988.08447265625,138606.49568582693,437,17
176,1318.0,588.25,4.0,2988.08447265625,138606.49568582693,346,19
176,1515.6666666666667,603.6666666666666,3.0,2988.08447265625,103954.8717643702,755,1
176,1388.5,634.5,6.0,3312.7861328125,207909.7435287404,756,1
176,1363.6666666666667,656.3333333333334,3.0,2988.08447265625,103954.8717643702,213,18
176,1276.25,763.25,4.0,3654.773193359375,138606.49568582693,333,13
176,950.3333333333334,844.0,3.0,3067.07177734375,103954.8717643702,757,2
176,678.3333333333334,995.0,3.0,3067.07177734375,103954.8717643702,758,1
176,1115.3333333333333,1023.0,3.0,2908.87841796875,103954.8717643702,192,7
176,1103.5,1028.0,4.0,2988.08447265625,138606.49568582693,680,8
176,1108.75,1049.25,4.0,2830.98486328125,138606.49568582693,713,16
176,301.0,1294.0,3.0,3147.5908203125,103954.8717643702,132,11
176,276.25,1998.25,4.0,2988.08447265625,138606.49568582693,498,5
177,128.5,46.5,4.0,2830.91796875,138606.49568582693,746,8
177,109.83333333333333,90.0,6.0,2988.04345703125,207909.7435287404,390,9
177,133.0,88.5,4.0,6991.7275390625,138606.49568582693,532,11
177,193.33333333333334,164.0,3.0,3067.1669921875,103954.8717643702,569,6
177,1542.5,346.5,6.0,2908.92041015625,207909.7435287404,759,2
177,1501.3333333333333,346.3333333333333,3.0,2830.91796875,103954.8717643702,32,13
177,617.5,383.5,4.0,4387.3828125,138606.49568582693,753,3
177,700.0,564.5,4.0,2908.92041015625,138606.49568582693,109,23
177,1531.0,585.0,5.0,2908.92041015625,173258.11960728368,437,17
177,906.2,689.6,5.0,3067.1669921875,173258.11960728368,386,11
177,1276.3333333333333,763.8333333333334,6.0,3831.950927734375,207909.7435287404,333,13
177,252.66666666666666,821.6666666666666,3.0,2830.91796875,103954.8717643702,459,13
177,284.75,885.75,4.0,3481.8359375,138606.49568582693,760,1
177,1315.0,983.0,3.0,2908.92041015625,103954.8717643702,743,6
177,1109.6666666666667,1052.0,3.0,2988.04345703125,103954.8717643702,713,16
177,745.3333333333334,1131.3333333333333,3.0,2908.92041015625,103954.8717643702,761,8
178,26.666666666666668,93.5,6.0,3312.7939453125,207909.7435287404,418,5
178,136.0,111.0,3.0,2908.76806640625,103954.8717643702,762,1
178,1501.0,346.0,3.0,3147.76171875,103954.8717643702,32,13
178,1523.0,352.3333333333333,3.0,2987.994140625,103954.8717643702,763,3
178,604.6,386.6,5.0,3921.85986328125,173258.11960728368,736,4
178,1858.0,456.0,5.0,2987.994140625,173258.11960728368,521,14
178,656.75,499.25,4.0,2908.76806640625,138606.49568582693,721,8
178,698.8,564.2,5.0,3312.7939453125,173258.11960728368,109,23
178,1317.6666666666667,589.3333333333334,3.0,2987.994140625,103954.8717643702,346,19
178,575.25,741.25,4.0,2987.994140625,138606.49568582693,452,9
178,1420.6666666666667,820.6666666666666,3.0,2908.76806640625,103954.8717643702,190,12
178,950.6666666666666,844.3333333333334,3.0,2987.994140625,103954.8717643702,757,2
178,1423.3333333333333,856.6666666666666,3.0,3147.76171875,103954.8717643702,702,7
178,1269.6666666666667,924.6666666666666,3.0,3229.6201171875,103954.8717643702,764,1
178,1022.6666666666666,987.5,6.0,3312.7939453125,207909.7435287404,411,16
178,743.2,1130.2,5.0,2987.994140625,173258.11960728368,761,8
178,901.6666666666666,1134.5,6.0,3147.76171875,207909.7435287404,765,1
179,315.0,27.2,5.0,3481.804443359375,173258.11960728368,714,10
179,1523.0,350.6666666666667,3.0,2908.8251953125,103954.8717643702,763,3
179,1517.3333333333333,386.0,3.0,3067.12255859375,103954.8717643702,537,3
179,1522.75,594.5,4.0,2908.8251953125,138606.49568582693,437,17
179,624.0,602.6666666666666,3.0,2908.8251953125,103954.8717643702,348,12
179,1301.5,745.0,4.0,3147.6943359375,138606.49568582693,580,12
179,1275.75,763.25,4.0,3147.6943359375,138606.49568582693,333,13
179,1313.75,985.75,4.0,2908.8251953125,138606.49568582693,743,6
179,1021.6666666666666,986.3333333333334,3.0,3067.12255859375,103954.8717643702,411,16
179,1139.3333333333333,986.6666666666666,3.0,2988.08349609375,103954.8717643702,722,11
179,74.2,1166.6,5.0,3481.804443359375,173258.11960728368,752,6
179,564.3333333333334,1294.6666666666667,3.0,2908.8251953125,103954.8717643702,766,5
180,314.2,26.0,5.0,4780.6298828125,173258.11960728368,714,10
180,129.5,97.5,4.0,4780.6298828125,138606.49568582693,618,7
180,1840.3333333333333,459.3333333333333,3.0,2908.87353515625,103954.8717643702,711,5
180,698.25,562.25,4.0,2908.87353515625,138606.49568582693,109,23
180,1362.5,650.5,6.0,2988.02587890625,207909.7435287404,213,18
180,1315.6666666666667,695.0,3.0,3147.6279296875,103954.8717643702,307,21
180,1346.0,711.0,3.0,2988.02587890625,103954.8717643702,767,2
180,115.33333333333333,734.1666666666666,6.0,2988.02587890625,207909.7435287404,371,17
180,1397.3333333333333,875.1666666666666,6.0,3395.897705078125,207909.7435287404,768,1
180,1174.5,885.5,4.0,3312.636474609375,138606.49568582693,483,23
180,1135.3333333333333,991.6666666666666,3.0,2908.87353515625,103954.8717643702,722,11
180,1105.8,1050.6,5.0,2908.87353515625,173258.11960728368,713,16
180,745.4,1129.2,5.0,2988.02587890625,173258.11960728368,761,8
180,565.5,1293.5,6.0,2988.02587890625,207909.7435287404,766,5
180,1829.2,2026.4,5.0,5293.1728515625,173258.11960728368,96,20
181,126.66666666666667,44.333333333333336,3.0,2830.9697265625,103954.8717643702,746,8
181,131.66666666666666,87.0,3.0,3654.909423828125,103954.8717643702,532,11
181,1562.3333333333333,133.0,3.0,2908.94189453125,103954.8717643702,593,4
181,197.5,135.5,4.0,3067.235595703125,138606.49568582693,769,1
181,1522.0,349.3333333333333,3.0,3067.235595703125,103954.8717643702,763,3
181,1560.0,558.5,4.0,2908.94189453125,138606.49568582693,770,1
181,698.0,563.0,3.0,2987.98193359375,103954.8717643702,109,23
181,624.6666666666666,602.6666666666666,6.0,2987.98193359375,207909.7435287404,348,12
181,1518.6666666666667,610.3333333333334,3.0,2908.94189453125,103954.8717643702,707,6
181,1316.1666666666667,696.1666666666666,6.0,4387.4189453125,207909.7435287404,307,21
181,115.4,734.0,5.0,2908.94189453125,173258.11960728368,371,17
181,1299.6666666666667,780.5,6.0,2987.98193359375,207909.7435287404,754,3
181,90.6,916.8,5.0,2987.98193359375,173258.11960728368,504,10
181,1221.0,928.0,3.0,2908.94189453125,103954.8717643702,445,7
181,1137.75,985.5,4.0,2830.9697265625,138606.49568582693,722,11
181,1105.25,1041.25,4.0,2987.98193359375,138606.49568582693,713,16
181,746.0,1129.5,6.0,3067.235595703125,207909.7435287404,761,8
181,867.0,1197.6666666666667,3.0,2908.94189453125,103954.8717643702,771,1
181,565.0,1293.75,4.0,2987.98193359375,138606.49568582693,766,5
182,130.66666666666666,98.66666666666667,3.0,4013.08447265625,103954.8717643702,618,7
182,1564.0,137.33333333333334,3.0,3067.05615234375,103954.8717643702,593,4
182,1556.6666666666667,355.3333333333333,3.0,2830.99462890625,103954.8717643702,772,1
182,1860.3333333333333,395.3333333333333,3.0,3147.7802734375,103954.8717643702,773,1
182,1537.5,397.5,4.0,3067.05615234375,138606.49568582693,774,2
182,1611.6666666666667,419.3333333333333,3.0,2830.99462890625,103954.8717643702,672,2
182,1320.0,513.0,3.0,2830.99462890625,103954.8717643702,695,3
182,698.25,563.5,4.0,2908.91748046875,138606.49568582693,109,23
182,625.25,603.25,4.0,2988.1142578125,138606.49568582693,348,12
182,1518.2,614.0,5.0,2908.91748046875,173258.11960728368,707,6
182,1432.0,661.0,3.0,3229.5234375,103954.8717643702,775,1
182,1317.0,697.0,3.0,3654.79052734375,103954.8717643702,307,21
182,1346.0,707.0,3.0,3312.7939453125,103954.8717643702,767,2
182,117.0,734.3333333333334,3.0,2830.99462890625,103954.8717643702,371,17
182,1301.6666666666667,746.3333333333334,3.0,3067.05615234375,103954.8717643702,580,12
182,253.0,821.0,3.0,2908.91748046875,103954.8717643702,459,13
182,1175.75,886.75,4.0,3481.88232421875,138606.49568582693,483,23
182,1143.0,990.3333333333334,3.0,2830.99462890625,103954.8717643702,722,11
182,850.75,1199.75,4.0,3067.05615234375,138606.49568582693,166,22
183,315.3333333333333,29.5,6.0,4387.4248046875,207909.7435287404,714,10
183,1333.0,77.0,3.0,2988.02294921875,103954.8717643702,776,4
183,1536.25,397.25,4.0,3067.1748046875,138606.49568582693,774,2
183,1858.0,456.6666666666667,3.0,2908.87060546875,103954.8717643702,521,14
183,1317.0,512.0,3.0,2831.0634765625,103954.8717643702,695,3
183,623.0,602.75,4.0,2988.02294921875,138606.49568582693,348,12
183,1362.3333333333333,653.3333333333334,3.0,2988.02294921875,103954.8717643702,213,18
183,653.6666666666666,684.3333333333334,3.0,3229.515625,103954.8717643702,324,17
183,1316.3333333333333,696.3333333333334,3.0,3147.67236328125,103954.8717643702,307,21
183,1300.3333333333333,743.6666666666666,3.0,2908.87060546875,103954.8717643702,580,12
183,1278.0,778.0,3.0,3229.515625,103954.8717643702,777,1
183,880.6666666666666,801.3333333333334,3.0,3312.703857421875,103954.8717643702,450,2
183,252.0,820.0,3.0,2908.87060546875,103954.8717643702,459,13
183,1293.0,882.0,3.0,2831.0634765625,103954.8717643702,308,8
183,865.3333333333334,1117.3333333333333,3.0,2908.87060546875,103954.8717643702,778,1
183,849.8333333333334,1200.1666666666667,6.0,3067.1748046875,207909.7435287404,166,22
183,564.3333333333334,1294.6666666666667,3.0,2988.02294921875,103954.8717643702,766,5
183,271.0,2002.0,3.0,3229.515625,103954.8717643702,296,5
184,98.83333333333333,68.83333333333333,6.0,3312.55029296875,207909.7435287404,779,1
184,1331.2,76.6,5.0,3229.478515625,173258.11960728368,776,4
184,1463.0,83.33333333333333,3.0,2831.1513671875,103954.8717643702,367,12
184,1501.6666666666667,339.6666666666667,3.0,2909.0087890625,103954.8717643702,32,13
184,1316.6,585.2,5.0,2987.91015625,173258.11960728368,346,19
184,622.6666666666666,602.6666666666666,3.0,2909.0087890625,103954.8717643702,348,12
184,661.3333333333334,647.6666666666666,3.0,3147.796875,103954.8717643702,578,25
184,653.6666666666666,685.0,3.0,3067.158203125,103954.8717643702,324,17
184,574.0,741.75,4.0,2831.1513671875,138606.49568582693,452,9
184,1300.0,745.0,3.0,2987.91015625,103954.8717643702,580,12
184,1298.6,781.4,5.0,2909.0087890625,173258.11960728368,754,3
184,976.3333333333334,863.3333333333334,3.0,2987.91015625,103954.8717643702,489,6
184,1100.25,1030.0,4.0,2909.0087890625,138606.49568582693,680,8
184,77.8,1163.8,5.0,3921.859375,173258.11960728368,752,6
184,848.0,1199.6666666666667,3.0,2909.0087890625,103954.8717643702,166,22
184,1828.1666666666667,2026.5,6.0,5188.4443359375,207909.7435287404,96,20
185,26.5,0.0,4.0,3147.66455078125,138606.49568582693,486,21
185,1330.2,77.4,5.0,3229.59765625,173258.11960728368,776,4
185,1538.3333333333333,345.0,3.0,2908.8642578125,103954.8717643702,759,2
185,653.6666666666666,497.3333333333333,3.0,2908.8642578125,103954.8717643702,721,8
185,657.0,585.5,4.0,2987.915283203125,138606.49568582693,780,6
185,661.0,648.25,4.0,2987.915283203125,138606.49568582693,578,25
185,1360.0,651.0,3.0,2908.8642578125,103954.8717643702,213,18
185,1391.3333333333333,687.6666666666666,3.0,3147.66455078125,103954.8717643702,556,3
185,1470.25,719.25,4.0,3831.951171875,138606.49568582693,781,2
185,1297.5,741.5,4.0,2908.8642578125,138606.49568582693,580,12
185,1075.6666666666667,843.0,3.0,2987.915283203125,103954.8717643702,782,1
185,90.33333333333333,917.3333333333334,3.0,2987.915283203125,103954.8717643702,504,10
185,1135.5,987.5,4.0,3067.17236328125,138606.49568582693,722,11
185,1116.0,1023.3333333333334,3.0,2908.8642578125,103954.8717643702,192,7
185,968.2,1139.4,5.0,3067.17236328125,173258.11960728368,497,2
185,76.8,1165.2,5.0,7610.14306640625,173258.11960728368,752,6
185,561.6666666666666,1294.6666666666667,3.0,2987.915283203125,103954.8717643702,766,5
185,1828.0,2026.5,4.0,5833.7568359375,138606.49568582693,96,20
186,1330.8,77.4,5.0,3147.59228515625,173258.11960728368,776,4
186,1240.0,81.0,3.0,3229.563720703125,103954.8717643702,697,11
186,131.75,87.75,4.0,3654.9306640625,138606.49568582693,532,11
186,1545.6666666666667,94.0,3.0,2908.7666015625,103954.8717643702,14,3
186,60.5,112.75,4.0,2908.7666015625,138606.49568582693,735,2
186,341.0,148.75,4.0,3067.17138671875,138606.49568582693,572,2
186,1342.6666666666667,439.0,3.0,2908.7666015625,103954.8717643702,676,11
186,1858.6666666666667,451.3333333333333,3.0,2908.7666015625,103954.8717643702,521,14
186,1515.0,595.6666666666666,3.0,2988.07958984375,103954.8717643702,783,1
186,661.3333333333334,648.6666666666666,3.0,2988.07958984375,103954.8717643702,578,25
186,571.75,678.25,4.0,3147.59228515625,138606.49568582693,687,4
186,1218.3333333333333,682.6666666666666,3.0,2908.7666015625,103954.8717643702,565,8
186,653.5,685.5,4.0,3147.59228515625,138606.49568582693,324,17
186,579.0,742.6666666666666,3.0,2908.7666015625,103954.8717643702,452,9
186,1299.6,744.4,5.0,2908.7666015625,173258.11960728368,580,12
186,1421.0,854.5,6.0,3147.59228515625,207909.7435287404,702,7
186,1173.6666666666667,886.3333333333334,3.0,3229.563720703125,103954.8717643702,483,23
186,1311.6666666666667,986.0,3.0,2831.00390625,103954.8717643702,743,6
186,1018.25,989.25,4.0,3312.643310546875,138606.49568582693,411,16
186,1118.5,1057.25,4.0,2908.7666015625,138606.49568582693,784,2
186,745.2,1129.2,5.0,3147.59228515625,173258.11960728368,761,8
186,76.66666666666667,1165.6666666666667,3.0,4780.6015625,103954.8717643702,752,6
186,317.25,1268.0,4.0,3921.892578125,138606.49568582693,463,2
187,41.333333333333336,34.333333333333336,3.0,3067.177978515625,103954.8717643702,245,24
187,1241.3333333333333,74.5,6.0,3067.177978515625,207909.7435287404,697,11
187,194.75,158.25,4.0,3147.6279296875,138606.49568582693,569,6
187,1625.0,304.5,4.0,3067.177978515625,138606.49568582693,449,8
187,1344.25,438.0,4.0,2988.02587890625,138606.49568582693,676,11
187,1858.3333333333333,455.0,3.0,2988.02587890625,103954.8717643702,521,14
187,1842.0,461.3333333333333,3.0,2908.87353515625,103954.8717643702,711,5
187,1561.25,500.5,4.0,2908.87353515625,138606.49568582693,699,3
187,658.3333333333334,585.0,3.0,2908.87353515625,103954.8717643702,780,6
187,1526.6666666666667,590.0,3.0,2908.87353515625,103954.8717643702,437,17
187,1511.6,609.6,5.0,2908.87353515625,173258.11960728368,785,1
187,573.3333333333334,678.6666666666666,3.0,3067.177978515625,103954.8717643702,687,4
187,1219.5,683.5,4.0,3229.591552734375,138606.49568582693,565,8
187,906.25,686.5,4.0,2908.87353515625,138606.49568582693,386,11
187,654.6666666666666,686.3333333333334,3.0,3229.591552734375,103954.8717643702,324,17
187,1317.6666666666667,697.3333333333334,3.0,2908.87353515625,103954.8717643702,307,21
187,117.4,734.8,5.0,2988.02587890625,173258.11960728368,371,17
187,1165.5,866.0,4.0,4387.4638671875,138606.49568582693,786,5
187,267.0,882.25,4.0,4981.75390625,138606.49568582693,76,16
187,1017.5,989.75,4.0,3654.7646484375,138606.49568582693,411,16
187,1105.0,1044.3333333333333,6.0,2908.87353515625,207909.7435287404,713,16
187,842.0,1126.0,3.0,2908.87353515625,103954.8717643702,787,1
187,747.0,1130.0,5.0,3229.591552734375,173258.11960728368,761,8
187,75.0,1169.0,3.0,3312.636474609375,103954.8717643702,752,6
187,902.0,1171.25,4.0,2988.02587890625,138606.49568582693,788,1
187,1830.0,2027.1666666666667,6.0,8926.390625,207909.7435287404,96,20
188,22.666666666666668,1.3333333333333333,3.0,2988.10888671875,103954.8717643702,486,21
188,31.333333333333332,39.666666666666664,3.0,2908.796875,103954.8717643702,245,24
188,1626.5,304.75,4.0,3067.177734375,138606.49568582693,449,8
188,1331.3333333333333,454.0,3.0,2830.94482421875,103954.8717643702,789,1
188,1861.0,453.3333333333333,3.0,2908.796875,103954.8717643702,521,14
188,1324.0,588.3333333333334,3.0,2908.796875,103954.8717643702,346,19
188,608.6,611.4,5.0,3067.177734375,173258.11960728368,790,2
188,1337.6666666666667,654.6666666666666,3.0,2908.796875,103954.8717643702,597,8
188,1220.4,684.2,5.0,3147.7060546875,173258.11960728368,565,8
188,655.3333333333334,686.6666666666666,3.0,2908.796875,103954.8717643702,324,17
188,1068.0,798.0,3.0,2908.796875,103954.8717643702,791,1
188,1166.6666666666667,866.3333333333334,3.0,4013.081787109375,103954.8717643702,786,5
188,267.6666666666667,882.6666666666666,3.0,3229.45068359375,103954.8717643702,76,16
188,1139.75,986.75,4.0,2988.10888671875,138606.49568582693,722,11
188,1019.2,990.4,5.0,4387.50244140625,173258.11960728368,411,16
188,1095.3333333333333,1027.0,3.0,2988.10888671875,103954.8717643702,680,8
188,749.0,1130.5,4.0,3147.7060546875,138606.49568582693,761,8
188,829.5,1134.3333333333333,6.0,2908.796875,207909.7435287404,553,12
188,228.66666666666666,1889.0,3.0,3312.6552734375,103954.8717643702,559,5
189,134.6,83.8,5.0,5085.3115234375,173258.11960728368,532,11
189,186.33333333333334,183.66666666666666,3.0,4013.1796875,103954.8717643702,611,6
189,659.6666666666666,585.3333333333334,3.0,2987.8798828125,103954.8717643702,780,6
189,1320.6666666666667,590.3333333333334,3.0,2908.765625,103954.8717643702,346,19
189,1276.0,768.0,3.0,2987.8798828125,103954.8717643702,333,13
189,974.3333333333334,862.0,6.0,3147.4716796875,207909.7435287404,489,6
189,1166.5,867.0,4.0,3312.51953125,138606.49568582693,786,5
189,1175.5,887.0,4.0,3066.9931640625,138606.49568582693,483,23
189,101.0,892.5,4.0,2987.8798828125,138606.49568582693,165,21
189,979.6666666666666,1138.6666666666667,3.0,3147.4716796875,103954.8717643702,394,17
189,1714.25,1933.5,4.0,3312.51953125,138606.49568582693,792,1
190,317.6,28.8,5.0,3654.92724609375,173258.11960728368,714,10
190,125.33333333333333,44.0,3.0,2831.0556640625,103954.8717643702,746,8
190,186.0,183.5,4.0,4198.26708984375,138606.49568582693,611,6
190,1858.3333333333333,455.6666666666667,3.0,2831.0556640625,103954.8717643702,521,14
190,659.3333333333334,584.6666666666666,3.0,2987.853515625,103954.8717643702,780,6
190,1320.4,586.0,5.0,2908.7724609375,173258.11960728368,346,19
190,607.0,612.0,3.0,2908.7724609375,103954.8717643702,790,2
190,654.0,655.0,3.0,2908.7724609375,103954.8717643702,793,2
190,1220.25,685.0,4.0,3229.52734375,138606.49568582693,565,8
190,117.0,735.1666666666666,6.0,3312.6982421875,207909.7435287404,371,17
190,1076.3333333333333,854.3333333333334,3.0,2908.7724609375,103954.8717643702,794,1
190,1166.0,866.5,4.0,3567.666015625,138606.49568582693,786,5
190,1314.5,982.5,4.0,2987.853515625,138606.49568582693,743,6
190,1099.6666666666667,1026.3333333333333,3.0,2987.853515625,103954.8717643702,680,8
190,1105.3333333333333,1044.3333333333333,3.0,2908.7724609375,103954.8717643702,713,16
190,828.4,1133.6,5.0,3067.275390625,173258.11960728368,553,12
190,979.3333333333334,1138.6666666666667,3.0,3067.275390625,103954.8717643702,394,17
190,911.6666666666666,1189.0,3.0,2908.7724609375,103954.8717643702,795,2
191,37.333333333333336,33.666666666666664,3.0,3147.783203125,103954.8717643702,245,24
191,130.66666666666666,36.333333333333336,3.0,2988.146484375,103954.8717643702,399,16
191,1244.8,89.8,5.0,2988.146484375,173258.11960728368,684,7
191,184.66666666666666,182.33333333333334,3.0,4581.91552734375,103954.8717643702,611,6
191,1837.6666666666667,460.0,3.0,2831.1083984375,103954.8717643702,711,5
191,1321.3333333333333,585.0,3.0,2908.69921875,103954.8717643702,346,19
191,1533.5,587.0,4.0,2908.69921875,138606.49568582693,437,17
191,1523.75,592.75,4.0,3067.22265625,138606.49568582693,437,17
191,652.6666666666666,653.6666666666666,3.0,2908.69921875,103954.8717643702,793,2
191,1219.6,684.4,5.0,3312.6171875,173258.11960728368,565,8
191,905.2,686.0,5.0,3067.22265625,173258.11960728368,386,11
191,116.83333333333333,738.1666666666666,6.0,3742.1513671875,207909.7435287404,371,17
191,976.0,862.0,3.0,2988.146484375,103954.8717643702,489,6
191,1165.3333333333333,865.6666666666666,3.0,3921.8359375,103954.8717643702,786,5
191,1120.25,1021.0,4.0,2908.69921875,138606.49568582693,192,7
191,1111.6,1026.4,5.0,2988.146484375,173258.11960728368,796,1
191,827.5,1132.75,4.0,2988.146484375,138606.49568582693,553,12
191,280.8,1284.4,5.0,3147.783203125,173258.11960728368,797,1
191,226.5,1888.0,4.0,4013.1630859375,138606.49568582693,559,5
192,125.16666666666667,43.333333333333336,6.0,3067.0048828125,207909.7435287404,746,8
192,1566.3333333333333,148.33333333333334,3.0,2908.8330078125,103954.8717643702,798,1
192,1676.0,213.33333333333334,3.0,2908.8330078125,103954.8717643702,204,25
192,905.0,687.0,3.0,3067.0048828125,103954.8717643702,386,11
192,562.6666666666666,717.3333333333334,3.0,3229.55078125,103954.8717643702,799,1
192,115.6,734.0,5.0,3067.0048828125,173258.11960728368,371,17
192,1288.0,789.0,3.0,3067.0048828125,103954.8717643702,640,6
192,1199.3333333333333,795.3333333333334,3.0,2987.9189453125,103954.8717643702,800,2
192,859.0,851.6,5.0,2908.8330078125,173258.11960728368,801,3
192,890.8,898.4,5.0,4680.06591796875,173258.11960728368,664,4
192,1171.0,955.6666666666666,3.0,2987.9189453125,103954.8717643702,802,1
192,1117.6666666666667,1042.3333333333333,3.0,2908.8330078125,103954.8717643702,803,1
192,828.4,1132.4,5.0,2987.9189453125,173258.11960728368,553,12
192,1828.8333333333333,2026.8333333333333,6.0,5723.853515625,207909.7435287404,96,20
193,131.66666666666666,36.666666666666664,3.0,3067.3271484375,103954.8717643702,399,16
193,1243.1666666666667,91.5,6.0,3067.3271484375,207909.7435287404,684,7
193,101.33333333333333,105.66666666666667,3.0,2988.13720703125,103954.8717643702,705,4
193,1730.6666666666667,274.0,3.0,2908.94775390625,103954.8717643702,448,8
193,1317.75,583.5,4.0,2988.13720703125,138606.49568582693,346,19
193,659.0,584.75,4.0,2988.13720703125,138606.49568582693,780,6
193,908.6666666666666,685.6666666666666,3.0,3067.3271484375,103954.8717643702,386,11
193,1320.75,698.0,4.0,3742.0625,138606.49568582693,307,21
193,1472.6666666666667,718.3333333333334,3.0,3654.75927734375,103954.8717643702,781,2
193,116.0,734.0,4.0,3067.3271484375,138606.49568582693,371,17
193,1246.3333333333333,837.6666666666666,3.0,2988.13720703125,103954.8717643702,804,1
193,1374.6666666666667,860.3333333333334,3.0,2908.94775390625,103954.8717643702,125,12
193,891.8,899.4,5.0,5293.07763671875,173258.11960728368,664,4
193,1159.75,903.0,4.0,3067.3271484375,138606.49568582693,805,1
193,64.0,922.6666666666666,3.0,2988.13720703125,103954.8717643702,806,1
193,682.0,982.0,3.0,3067.3271484375,103954.8717643702,751,2
193,1100.3333333333333,1027.0,3.0,2908.94775390625,103954.8717643702,680,8
193,829.0,1133.0,4.0,3067.3271484375,138606.49568582693,553,12
193,977.0,1141.3333333333333,3.0,3229.60107421875,103954.8717643702,394,17
193,1829.4,2028.2,5.0,3567.7802734375,173258.11960728368,96,20
194,105.0,21.5,4.0,3229.58984375,138606.49568582693,227,15
194,131.66666666666666,36.666666666666664,3.0,3067.09765625,103954.8717643702,399,16
194,1240.5,68.5,4.0,2908.771484375,138606.49568582693,697,11
194,659.8,584.8,5.0,2908.771484375,173258.11960728368,780,6
194,844.3333333333334,840.3333333333334,3.0,2908.771484375,103954.8717643702,807,4
194,858.0,851.6666666666666,3.0,3067.09765625,103954.8717643702,801,3
194,972.6666666666666,858.6666666666666,3.0,2908.771484375,103954.8717643702,489,6
194,1214.5,868.5,4.0,2987.9345703125,138606.49568582693,808,1
194,1175.4,887.2,5.0,3067.09765625,173258.11960728368,483,23
194,1221.6666666666667,916.6666666666666,3.0,2908.771484375,103954.8717643702,809,1
194,829.75,1133.0,4.0,3067.09765625,138606.49568582693,553,12
194,911.3333333333334,1187.6666666666667,3.0,2908.771484375,103954.8717643702,795,2
194,1446.0,1608.5,4.0,5399.0166015625,138606.49568582693,810,1
195,129.33333333333334,36.333333333333336,3.0,2908.94189453125,103954.8717643702,399,16
195,1676.0,215.0,3.0,2830.9697265625,103954.8717643702,204,25
195,1318.3333333333333,581.3333333333334,3.0,2987.98193359375,103954.8717643702,346,19
195,903.25,687.75,4.0,3067.235595703125,138606.49568582693,386,11
195,1199.0,796.75,4.0,3147.77099609375,138606.49568582693,800,2
195,842.25,840.25,4.0,2908.94189453125,138606.49568582693,807,4
195,1376.75,864.5,4.0,2908.94189453125,138606.49568582693,125,12
195,1059.4,875.8,5.0,2908.94189453125,173258.11960728368,241,4
195,890.2,898.6,5.0,4013.1533203125,173258.11960728368,664,4
195,1135.6666666666667,994.6666666666666,3.0,2908.94189453125,103954.8717643702,722,11
195,1122.0,1025.2,5.0,2908.94189453125,173258.11960728368,192,7
195,746.8,1130.4,5.0,3067.235595703125,173258.11960728368,761,8
195,828.1666666666666,1132.0,6.0,3147.77099609375,207909.7435287404,553,12
195,572.4,1279.4,5.0,2987.98193359375,173258.11960728368,576,7
196,122.33333333333333,42.5,6.0,3147.76123046875,207909.7435287404,746,8
196,128.66666666666666,81.66666666666667,3.0,3921.8330078125,103954.8717643702,811,1
196,1338.5,434.5,4.0,2987.982421875,138606.49568582693,676,11
196,1526.0,587.75,4.0,2908.869140625,138606.49568582693,437,17
196,1520.8,596.4,5.0,2908.869140625,173258.11960728368,437,17
196,623.3333333333334,603.6666666666666,3.0,2908.869140625,103954.8717643702,348,12
196,1373.5,653.75,4.0,2908.869140625,138606.49568582693,213,18
196,905.75,685.25,4.0,2908.869140625,138606.49568582693,386,11
196,124.0,692.3333333333334,3.0,2908.869140625,103954.8717643702,269,22
196,1327.6666666666667,700.3333333333334,3.0,3147.76123046875,103954.8717643702,812,2
196,842.3333333333334,840.0,3.0,2908.869140625,103954.8717643702,807,4
196,857.0,851.6666666666666,3.0,3067.09619140625,103954.8717643702,801,3
196,976.0,860.6666666666666,3.0,3147.76123046875,103954.8717643702,489,6
196,1258.0,932.6666666666666,3.0,2908.869140625,103954.8717643702,750,3
196,1175.0,948.0,3.0,2987.982421875,103954.8717643702,176,9
196,1144.0,990.3333333333334,3.0,2987.982421875,103954.8717643702,722,11
196,1122.75,1023.75,4.0,3229.533935546875,138606.49568582693,192,7
196,1108.5,1038.25,4.0,2987.982421875,138606.49568582693,713,16
196,1117.25,1057.25,4.0,2908.869140625,138606.49568582693,784,2
196,827.25,1131.75,4.0,3067.09619140625,138606.49568582693,553,12
197,1488.3333333333333,346.0,3.0,2988.04345703125,103954.8717643702,382,4
197,1339.75,434.0,4.0,2908.92041015625,138606.49568582693,676,11
197,1837.75,458.75,4.0,3067.1669921875,138606.49568582693,711,5
197,906.0,684.5,6.0,3067.1669921875,207909.7435287404,386,11
197,653.6666666666666,685.6666666666666,3.0,2988.04345703125,103954.8717643702,324,17
197,1328.6666666666667,698.6666666666666,3.0,3147.63525390625,103954.8717643702,812,2
197,114.75,724.5,4.0,2988.04345703125,138606.49568582693,543,2
197,1025.6666666666667,755.6666666666666,3.0,3229.4482421875,103954.8717643702,292,2
197,1383.6666666666667,822.6666666666666,3.0,2908.92041015625,103954.8717643702,317,8
197,843.3333333333334,839.0,3.0,2988.04345703125,103954.8717643702,807,4
197,1258.5,931.5,4.0,3067.1669921875,138606.49568582693,750,3
197,1134.6,991.4,5.0,3067.1669921875,173258.11960728368,722,11
197,1123.6,1023.8,5.0,2988.04345703125,173258.11960728368,192,7
197,827.6666666666666,1130.6666666666667,3.0,2988.04345703125,103954.8717643702,553,12
