frame,x,y,area_px,intensity,area_km2
0,1138.857142857143,395.7142857142857,7.0,15415.177734375,77556.85366416567
0,1776.0,433.0,1.0,11871.6826171875,11079.550523452239
0,1649.5,463.0,2.0,19827.841796875,22159.101046904478
0,1282.0,484.5,2.0,14183.50390625,22159.101046904478
0,1923.5,510.0,2.0,12189.4658203125,22159.101046904478
0,1113.3333333333333,576.3333333333334,3.0,13333.8017578125,33238.65157035671
0,1531.7083333333333,666.875,24.0,13167.5439453125,265909.2125628537
0,1591.0,774.0,1.0,11871.6826171875,11079.550523452239
0,435.74419835877524,843.8549369099092,11333.0,32106.169921875,125564546.08228423
0,791.5454545454545,825.6363636363636,11.0,27365.7265625,121875.05575797462
0,601.6666666666666,1048.3333333333333,3.0,14529.6982421875,33238.65157035671
0,1249.0,1175.0,3.0,13839.939453125,33238.65157035671
1,1776.5,434.0,2.0,12029.888671875,22159.101046904478
1,1651.0,463.1666666666667,6.0,28331.8671875,66477.30314071343
1,1282.0,485.0,1.0,14881.103515625,11079.550523452239
1,1233.0,501.0,1.0,11714.65234375,11079.550523452239
1,1295.0,564.0,1.0,11557.556640625,11079.550523452239
1,1112.6666666666667,576.6666666666666,3.0,15415.021484375,33238.65157035671
1,1895.95,638.95,20.0,25252.57421875,221591.0104690448
1,1124.2115384615386,648.6730769230769,52.0,21279.767578125,576136.6272195164
1,1531.5185185185185,667.3333333333334,27.0,13670.78515625,299147.86413321045
1,747.0,704.0,3.0,15959.8994140625,33238.65157035671
1,1248.0,760.0,1.0,11557.556640625,11079.550523452239
1,1590.5,774.0,2.0,11557.556640625,22159.101046904478
1,435.7526055467232,844.3268857092387,11322.0,31588.0859375,125442671.02652624
1,1390.6666666666667,804.5833333333334,12.0,19220.294921875,132954.60628142685
1,454.5,882.0,2.0,11714.65234375,22159.101046904478
1,1250.5,957.0,6.0,12510.048828125,66477.30314071343
1,602.5,1049.5,4.0,14881.103515625,44318.202093808955
1,1165.5344827586207,1342.6724137931035,58.0,18425.94140625,642613.9303602298
2,1132.5,400.0,2.0,12029.888671875,22159.101046904478
2,1776.0,434.0,1.0,11871.748046875,11079.550523452239
2,1650.6666666666667,463.3333333333333,9.0,23666.478515625,99715.95471107015
2,1293.0,565.0,1.0,11871.748046875,11079.550523452239
2,1895.6666666666667,639.1333333333333,30.0,29315.15234375,332386.5157035672
2,1531.3214285714287,667.5357142857143,28.0,14355.0146484375,310227.4146566627
2,1247.0,761.0,1.0,11403.0703125,11079.550523452239
2,1590.6666666666667,773.6666666666666,3.0,12349.2998046875,33238.65157035671
2,435.12029820399863,844.2209420535412,11804.0,31846.95703125,130783014.37883022
2,1338.5,812.5,2.0,13839.8857421875,22159.101046904478
2,787.1052631578947,825.2105263157895,19.0,32364.6953125,210511.45994559253
2,690.0,909.0,1.0,11557.556640625,11079.550523452239
2,1324.0,1030.0,1.0,11403.0703125,11079.550523452239
2,1160.0,1352.1363636363637,22.0,14355.0146484375,243750.11151594925
3,1775.0,434.0,1.0,12029.888671875,11079.550523452239
3,1649.4,463.8,5.0,19623.734375,55397.7526172612
3,1233.0,502.0,1.0,11714.65234375,11079.550523452239
3,532.0,517.0,1.0,11249.10546875,11079.550523452239
3,1402.0,530.0,1.0,11249.10546875,11079.550523452239
3,1293.5,565.0,2.0,12510.048828125,22159.101046904478
3,507.0,612.0,1.0,11714.65234375,11079.550523452239
3,1247.0,761.0,1.0,11557.556640625,11079.550523452239
3,1590.0,774.5,2.0,11871.748046875,22159.101046904478
3,433.9319677525502,844.4781178019085,12156.0,31846.95703125,134683016.1630854
3,1417.0,900.0,1.0,11557.556640625,11079.550523452239
3,690.0,910.0,1.0,11714.65234375,11079.550523452239
3,6.0,933.0,1.0,11249.10546875,11079.550523452239
4,1650.0,464.0,1.0,12673.865234375,11079.550523452239
4,1292.0,487.0,1.0,11403.0283203125,11079.550523452239
4,1402.0,531.0,1.0,11557.6748046875,11079.550523452239
4,1293.5,565.0,2.0,12349.3173828125,22159.101046904478
4,1896.121212121212,640.3333333333334,33.0,26180.7109375,365625.1672739239
4,1120.258064516129,649.6129032258065,31.0,17076.029296875,343466.0662270194
4,1247.0,761.0,1.0,11557.6748046875,11079.550523452239
4,1346.0,781.0,1.0,11403.0283203125,11079.550523452239
4,434.18638907175773,844.5687129690585,12152.0,31846.875,134638697.96099162
4,690.0,910.0,1.0,11248.908203125,11079.550523452239
5,1775.5,434.0,2.0,12029.716796875,22159.101046904478
5,1734.5,438.5,8.0,21068.888671875,88636.40418761791
5,1601.0,459.0,3.0,30314.70703125,33238.65157035671
5,1403.0,530.5,2.0,11557.458984375,22159.101046904478
5,1531.95,667.85,40.0,14705.1484375,443182.0209380896
5,1245.0,765.0,1.0,11249.056640625,11079.550523452239
5,432.95433899115466,844.1212845645072,12549.0,32106.15625,139037279.51880214
5,421.0,889.0,1.0,11096.1591796875,11079.550523452239
5,1194.5,983.9,10.0,12510.32421875,110795.5052345224
5,1324.0,1021.0,3.0,11403.517578125,33238.65157035671
6,1076.0,308.0,1.0,11096.17578125,11079.550523452239
6,1775.5,434.0,2.0,11871.478515625,22159.101046904478
6,1733.5,438.8,10.0,23003.67578125,110795.5052345224
6,1648.0,463.5,8.0,20031.939453125,88636.40418761791
6,1896.28125,640.34375,32.0,30567.1171875,354545.61675047164
6,1123.0,648.4285714285714,7.0,13501.7216796875,77556.85366416567
6,1532.4186046511627,667.5116279069767,43.0,14183.515625,476420.67250844627
6,433.37186529734896,844.0593105644455,12561.0,31846.95703125,139170234.12508357
6,7.6,930.8,5.0,11557.556640625,55397.7526172612
7,1076.0,308.0,1.0,12189.41015625,11079.550523452239
7,1774.6666666666667,434.3333333333333,3.0,11557.6748046875,33238.65157035671
7,1732.0,439.5,6.0,15236.578125,66477.30314071343
7,1648.8181818181818,463.6363636363636,11.0,23444.94140625,121875.05575797462
7,1403.5,531.0,6.0,12349.3173828125,66477.30314071343
7,1295.0,565.0,3.0,13001.0419921875,33238.65157035671
7,681.0,610.0,1.0,11403.0283203125,11079.550523452239
7,1896.037037037037,641.1851851851852,27.0,31331.9140625,299147.86413321045
7,1135.0,644.0,1.0,11095.8388671875,11079.550523452239
7,1532.3095238095239,668.1190476190476,42.0,14183.509765625,465341.12198499404
7,1245.5,765.0,2.0,11871.701171875,22159.101046904478
7,7.0,930.5,2.0,11403.0283203125,22159.101046904478
8,1076.0,307.5,2.0,11714.65234375,22159.101046904478
8,1774.5,434.0,2.0,12189.59375,22159.101046904478
8,1730.5,439.5,4.0,19020.40234375,44318.202093808955
8,1650.0,463.0,5.0,16327.3271484375,55397.7526172612
8,1323.0,484.0,1.0,11249.10546875,11079.550523452239
8,1269.0,497.0,1.0,11249.10546875,11079.550523452239
8,531.0,518.0,1.0,11096.1845703125,11079.550523452239
8,1403.6,530.4,5.0,12510.048828125,55397.7526172612
8,1295.2,564.6,5.0,12189.59375,55397.7526172612
8,1112.5,579.0,2.0,13670.78515625,22159.101046904478
8,681.0,610.0,1.0,13839.8857421875,11079.550523452239
8,1245.0,765.0,1.0,11249.10546875,11079.550523452239
8,1577.5,799.0,2.0,11714.65234375,22159.101046904478
8,0.0,878.0,1.0,11096.1845703125,11079.550523452239
8,6.5,931.0,4.0,12349.2998046875,44318.202093808955
9,1076.0,307.0,1.0,11403.0380859375,11079.550523452239
9,1774.6666666666667,434.3333333333333,3.0,12029.716796875,33238.65157035671
9,1729.5,439.5,4.0,15058.134765625,44318.202093808955
9,1404.0,530.0,1.0,12189.302734375,11079.550523452239
9,1295.2,564.6,5.0,15058.134765625,55397.7526172612
9,1113.5,579.0,2.0,12029.716796875,22159.101046904478
9,1897.142857142857,642.1428571428571,35.0,31846.9765625,387784.2683208284
9,903.0,704.0,1.0,11403.0380859375,11079.550523452239
9,1245.0,765.0,1.0,11403.0380859375,11079.550523452239
9,434.00078277886496,843.8807045009785,12775.0,31846.9765625,141541257.93710235
9,0.0,877.0,3.0,11557.322265625,33238.65157035671
9,691.0,911.0,1.0,11248.75390625,11079.550523452239
9,7.166666666666667,931.0,6.0,11403.0380859375,66477.30314071343
9,1255.75,938.5,4.0,12189.302734375,44318.202093808955
10,1774.5,434.0,2.0,12029.791015625,22159.101046904478
10,1729.0,439.0,1.0,12029.791015625,11079.550523452239
10,1602.5454545454545,458.8181818181818,11.0,21069.197265625,121875.05575797462
10,1678.5,492.5,2.0,12349.2978515625,22159.101046904478
10,531.0,518.0,1.0,11096.1259765625,11079.550523452239
10,1114.0,579.0,1.0,11096.1259765625,11079.550523452239
10,1897.5588235294117,642.4705882352941,34.0,32105.912109375,376704.7177973761
10,1532.85,667.775,40.0,13334.228515625,443182.0209380896
10,903.0,704.0,1.0,11403.205078125,11079.550523452239
10,1245.5,765.0,2.0,11714.42578125,22159.101046904478
10,0.0,877.5,2.0,11403.205078125,22159.101046904478
10,691.0,911.0,1.0,11248.888671875,11079.550523452239
10,7.0,930.6666666666666,6.0,11714.42578125,66477.30314071343
10,1338.75,1020.5,4.0,13001.2578125,44318.202093808955
11,1774.5,435.0,2.0,11714.65234375,22159.101046904478
11,1603.0,459.0,1.0,12189.59375,11079.550523452239
11,1308.0,481.0,1.0,11714.65234375,11079.550523452239
11,1404.0,535.5,2.0,12349.2998046875,22159.101046904478
11,1295.3333333333333,565.3333333333334,3.0,14010.029296875,33238.65157035671
11,1897.90625,644.09375,32.0,32888.17578125,354545.61675047164
11,1533.2285714285715,668.4285714285714,35.0,13167.66015625,387784.2683208284
11,1245.5,766.0,2.0,11403.0703125,22159.101046904478
11,435.27917355371903,845.4218181818181,12100.0,32105.82421875,134062561.3337721
11,0.0,878.0,1.0,11403.0703125,11079.550523452239
11,7.5,932.0,6.0,12510.048828125,66477.30314071343
11,1339.0,1020.5,2.0,11557.556640625,22159.101046904478
11,598.0,1051.0,1.0,11714.65234375,11079.550523452239
12,1076.0,307.0,1.0,11403.205078125,11079.550523452239
12,1813.0,401.0,1.0,12029.791015625,11079.550523452239
12,1403.5,535.0,4.0,12836.06640625,44318.202093808955
12,1295.0,565.0,1.0,13001.2578125,11079.550523452239
12,1897.6,643.8,20.0,31588.072265625,221591.0104690448
12,1532.3103448275863,668.1724137931035,29.0,12836.06640625,321306.9651801149
12,1244.5,765.0,2.0,11714.42578125,22159.101046904478
12,434.55904894617663,845.6470127155548,11482.0,31846.9921875,127215399.1102786
12,1286.2670595533498,907.8356079404466,3224.0,33415.53125,35720470.88761002
12,6.888888888888889,931.5555555555555,9.0,12189.28515625,99715.95471107015
12,1179.4,1037.4,5.0,12836.06640625,55397.7526172612
12,1290.5,1090.0,4.0,13001.2578125,44318.202093808955
13,1134.5,400.0,2.0,12673.72265625,22159.101046904478
13,1601.0,459.25,4.0,19828.09765625,44318.202093808955
13,1308.0,480.0,1.0,12189.619140625,11079.550523452239
13,1268.0,498.0,1.0,11871.716796875,11079.550523452239
13,1211.0,525.0,1.0,12510.111328125,11079.550523452239
13,1403.0,535.0,1.0,12673.72265625,11079.550523452239
13,1532.2916666666667,668.2916666666666,24.0,13001.4638671875,265909.2125628537
13,1244.5,765.0,4.0,12510.111328125,44318.202093808955
13,435.8681764865109,845.7726247405938,11083.0,31846.806640625,122794658.45142116
13,1250.5,883.5,2.0,12836.298828125,22159.101046904478
13,477.0,901.0,1.0,13001.4638671875,11079.550523452239
13,1344.2857142857142,1001.0,7.0,13167.6640625,77556.85366416567
13,1176.9166666666667,1043.5833333333333,12.0,15777.162109375,132954.60628142685
13,1291.0,1090.0,1.0,13501.6171875,11079.550523452239
14,1774.0,435.0,1.0,11714.42578125,11079.550523452239
14,1600.9411764705883,458.8235294117647,17.0,31075.748046875,188352.35889868805
14,1327.0,483.0,1.0,11714.42578125,11079.550523452239
14,1268.0,498.0,1.0,12030.0302734375,11079.550523452239
14,1403.0,535.0,1.0,12349.3173828125,11079.550523452239
14,1294.0,566.0,1.0,13167.787109375,11079.550523452239
14,1532.388888888889,668.4444444444445,18.0,12673.865234375,199431.9094221403
14,1421.5555555555557,759.5555555555555,9.0,17647.80078125,99715.95471107015
14,1340.4,761.2,5.0,13840.025390625,55397.7526172612
14,1244.0,764.5,2.0,13167.787109375,22159.101046904478
14,1395.5,795.5,4.0,18623.021484375,44318.202093808955
14,437.1229592312716,846.0160462729732,10719.0,31846.875,118761702.06088455
14,477.5,902.0,2.0,12510.275390625,22159.101046904478
14,26.0,1159.0,1.0,11714.42578125,11079.550523452239
15,1727.5,438.5,2.0,12510.048828125,22159.101046904478
15,1268.0,497.0,1.0,12189.59375,11079.550523452239
15,1403.0,534.0,1.0,11871.748046875,11079.550523452239
15,1294.0,565.0,1.0,12029.888671875,11079.550523452239
15,1896.9655172413793,641.9310344827586,29.0,31588.0859375,321306.9651801149
15,1532.5,667.0,14.0,13001.169921875,155113.70732833134
15,1343.6,757.6,15.0,20651.904296875,166193.2578517836
15,1421.8333333333333,758.3333333333334,6.0,14705.21875,66477.30314071343
15,1244.6666666666667,763.3333333333334,6.0,13334.150390625,66477.30314071343
15,1508.0,797.0,1.0,14881.103515625,11079.550523452239
15,1111.6666666666667,875.3333333333334,3.0,12349.2998046875,33238.65157035671
15,477.5,901.0,2.0,11871.748046875,22159.101046904478
16,1870.2727272727273,430.3636363636364,11.0,22348.779296875,121875.05575797462
16,1728.3333333333333,438.6666666666667,3.0,14529.40234375,33238.65157035671
16,1598.4444444444443,454.94444444444446,18.0,30822.1875,199431.9094221403
16,1327.0,481.0,1.0,11714.42578125,11079.550523452239
16,1403.0,533.5,2.0,11871.33203125,22159.101046904478
16,1293.0,564.5,2.0,14529.40234375,22159.101046904478
16,1897.103448275862,641.448275862069,29.0,32105.912109375,321306.9651801149
16,1532.3076923076924,666.6153846153846,13.0,12673.982421875,144034.1568048791
16,1421.8125,756.6875,16.0,23223.927734375,177272.80837523582
16,1244.8333333333333,763.0,6.0,12836.06640625,66477.30314071343
16,439.02967032967035,843.9846153846154,10920.0,32105.912109375,120988691.71609844
16,1508.0,797.0,1.0,13670.82421875,11079.550523452239
16,1286.0,854.0,1.0,12029.791015625,11079.550523452239
16,107.0,859.0,1.0,14183.4853515625,11079.550523452239
16,1299.0,1051.0,1.0,11714.42578125,11079.550523452239
16,1286.0,1091.5,4.0,14183.4853515625,44318.202093808955
17,1137.25,397.75,8.0,15415.021484375,88636.40418761791
17,1871.6666666666667,431.3333333333333,3.0,16512.60546875,33238.65157035671
17,1726.8,438.2,5.0,14705.21875,55397.7526172612
17,1292.5,565.0,2.0,13167.66015625,22159.101046904478
17,1148.3333333333333,608.6666666666666,3.0,15596.125,33238.65157035671
17,1109.8461538461538,620.9615384615385,208.0,32364.6953125,2304546.5088780657
17,507.0,612.0,1.0,11714.65234375,11079.550523452239
17,1896.7096774193549,641.741935483871,31.0,32888.17578125,343466.0662270194
17,1531.8,667.0,10.0,12673.9296875,110795.5052345224
17,1244.0,763.2857142857143,7.0,12673.9296875,77556.85366416567
17,1508.0,784.0,1.0,12189.59375,11079.550523452239
18,1725.4,437.5,10.0,18229.8828125,110795.5052345224
18,1402.0,533.5,2.0,12029.791015625,22159.101046904478
18,1292.0,565.0,1.0,12189.28515625,11079.550523452239
18,1111.4509090909091,619.829090909091,275.0,32364.83203125,3046876.3939493657
18,1896.3076923076924,641.9615384615385,26.0,30822.1875,288068.3136097582
18,1531.0714285714287,666.7142857142857,14.0,12673.982421875,155113.70732833134
18,1243.7142857142858,763.1428571428571,7.0,12836.06640625,77556.85366416567
19,1724.5,437.0,2.0,12189.76171875,22159.101046904478
19,1401.0,533.0,1.0,11403.244140625,11079.550523452239
19,1895.8620689655172,641.0,29.0,32364.953125,321306.9651801149
19,1531.1052631578948,666.2105263157895,19.0,12510.3828125,210511.45994559253
19,1243.2,762.6,5.0,13167.427734375,55397.7526172612
19,1561.0,773.0,1.0,11403.244140625,11079.550523452239
19,436.23457847840984,843.0215044551062,11672.0,32106.009765625,129320513.70973453
19,0.0,881.5,2.0,12189.76171875,22159.101046904478
19,462.5,901.0,2.0,11714.69140625,22159.101046904478
19,716.0,931.0,1.0,11403.244140625,11079.550523452239
19,1350.2,1060.4,5.0,17455.802734375,55397.7526172612
20,1078.0,342.0,1.0,11557.556640625,11079.550523452239
20,1599.4,455.6666666666667,15.0,28331.6328125,166193.2578517836
20,1754.0,453.0,1.0,11403.419921875,11079.550523452239
20,1401.0,533.0,1.0,11714.7744140625,11079.550523452239
20,1531.1052631578948,666.421052631579,19.0,13001.2939453125,210511.45994559253
20,1243.2,762.6,5.0,12674.0126953125,55397.7526172612
20,1591.0,773.0,1.0,11403.419921875,11079.550523452239
20,434.65141521249063,843.3434916924105,11977.0,31846.95703125,132699776.61938746
20,1228.0,856.0,1.0,12029.724609375,11079.550523452239
20,0.0,882.5,2.0,12189.5126953125,22159.101046904478
20,1419.5,893.5,2.0,11871.478515625,22159.101046904478
20,1198.0,899.0,1.0,11714.7744140625,11079.550523452239
20,461.5,900.5,6.0,11871.478515625,66477.30314071343
21,1078.0,343.0,1.0,13001.2548828125,11079.550523452239
21,1599.4814814814815,457.25925925925924,27.0,32106.009765625,299147.86413321045
21,1754.0,453.5,2.0,11871.6884765625,22159.101046904478
21,1205.0,634.0,1.0,12510.3828125,11079.550523452239
21,1530.55,667.2,20.0,13001.2548828125,221591.0104690448
21,1242.8333333333333,763.6666666666666,6.0,12674.0068359375,66477.30314071343
21,434.3422762872855,843.7707882019663,12002.0,31847.06640625,132976765.38247377
21,1491.0,795.0,1.0,11248.7958984375,11079.550523452239
21,1570.0,835.5,2.0,12349.306640625,22159.101046904478
21,1420.5,893.5,2.0,12189.76171875,22159.101046904478
21,462.0,901.1666666666666,6.0,11871.6884765625,66477.30314071343
21,1199.0,901.0,1.0,11248.7958984375,11079.550523452239
21,690.0,909.0,1.0,11248.7958984375,11079.550523452239
22,1078.6666666666667,343.3333333333333,3.0,18230.091796875,33238.65157035671
22,1600.8461538461538,456.6923076923077,13.0,29563.1796875,144034.1568048791
22,2002.5,487.5,2.0,15057.978515625,22159.101046904478
22,1402.0,533.0,1.0,12189.5126953125,11079.550523452239
22,1205.0,633.0,1.0,13334.2275390625,11079.550523452239
22,1531.421052631579,666.5263157894736,19.0,13001.2939453125,210511.45994559253
22,1620.0,722.0,1.0,11714.7744140625,11079.550523452239
22,1243.0,763.5,6.0,13334.2275390625,66477.30314071343
22,400.0,794.0,1.0,11403.419921875,11079.550523452239
22,435.43127248389527,843.2470509495524,11953.0,31846.95703125,132433867.4068246
22,791.0,809.0,1.0,11248.771484375,11079.550523452239
22,1570.0,835.0,1.0,14881.236328125,11079.550523452239
22,1421.3333333333333,892.3333333333334,3.0,13670.7568359375,33238.65157035671
22,462.3333333333333,901.3333333333334,3.0,11557.556640625,33238.65157035671
22,690.0,909.0,1.0,11248.771484375,11079.550523452239
22,417.5,965.0,2.0,12029.724609375,22159.101046904478
23,1078.5,344.5,4.0,17265.1484375,44318.202093808955
23,1600.4666666666667,456.53333333333336,15.0,25252.3046875,166193.2578517836
23,1402.0,533.0,1.0,12673.982421875,11079.550523452239
23,1205.0,633.5,2.0,11557.521484375,22159.101046904478
23,1531.5238095238096,666.8095238095239,21.0,12836.06640625,232670.56099249702
23,1620.0,722.0,1.0,11871.33203125,11079.550523452239
23,1243.2,763.6,5.0,13501.490234375,55397.7526172612
23,435.7448604379074,843.4461808457296,11966.0,31588.072265625,132577901.5636295
23,1570.0,836.0,1.0,11248.888671875,11079.550523452239
23,1421.75,892.25,4.0,14705.4677734375,44318.202093808955
23,1200.0,900.0,1.0,11403.205078125,11079.550523452239
23,416.75,965.25,4.0,18425.626953125,44318.202093808955
24,1078.0,344.0,1.0,12836.06640625,11079.550523452239
24,1776.0,434.0,1.0,11403.205078125,11079.550523452239
24,1601.142857142857,457.07142857142856,14.0,24114.61328125,155113.70732833134
24,1402.5,533.0,4.0,12836.06640625,44318.202093808955
24,1205.0,634.0,1.0,11248.888671875,11079.550523452239
24,1532.0526315789473,666.578947368421,19.0,12673.982421875,210511.45994559253
24,1620.0,722.0,1.0,11871.33203125,11079.550523452239
24,1243.0,763.5,4.0,13334.228515625,44318.202093808955
24,436.70234058390537,843.053510875858,12091.0,31588.072265625,133962845.37906101
24,473.0,897.5,6.0,14354.890625,66477.30314071343
24,1200.0,900.0,1.0,11248.888671875,11079.550523452239
24,416.1666666666667,965.3333333333334,6.0,16512.728515625,66477.30314071343
25,1601.8666666666666,457.8666666666667,15.0,26652.14453125,166193.2578517836
25,1402.25,533.75,4.0,13001.4638671875,44318.202093808955
25,1894.9333333333334,641.4333333333333,30.0,32626.55078125,332386.5157035672
25,1531.7272727272727,667.2272727272727,22.0,12836.298828125,243750.11151594925
25,1914.0,698.0,1.0,11248.853515625,11079.550523452239
25,1243.2,763.6,5.0,13001.4638671875,55397.7526172612
25,1594.0,775.5,2.0,12189.619140625,22159.101046904478
25,436.7168734491315,843.2968569065343,12090.0,31587.927734375,133951765.82853757
25,1422.5,892.0,2.0,13001.4638671875,22159.101046904478
25,473.0,897.5,4.0,12349.0888671875,44318.202093808955
25,415.0,965.5,6.0,17076.216796875,66477.30314071343
26,1776.5,434.0,2.0,11403.205078125,22159.101046904478
26,1601.4736842105262,457.6842105263158,19.0,27605.88671875,210511.45994559253
26,1283.5,485.0,2.0,13167.484375,22159.101046904478
26,1211.0,511.0,1.0,11871.33203125,11079.550523452239
26,1402.3333333333333,533.3333333333334,3.0,13501.490234375,33238.65157035671
26,1895.5588235294117,641.3529411764706,34.0,32364.83203125,376704.7177973761
26,1531.8095238095239,666.952380952381,21.0,12510.345703125,232670.56099249702
26,1913.0,698.0,1.0,11714.42578125,11079.550523452239
26,1620.0,722.0,1.0,11248.888671875,11079.550523452239
26,1243.0,763.5,4.0,13001.2578125,44318.202093808955
26,1594.0,775.5,2.0,12189.28515625,22159.101046904478
26,436.64586972797605,843.5617669079112,12021.0,31588.072265625,133187276.84241936
26,473.0,896.0,1.0,11403.205078125,11079.550523452239
26,720.0,931.0,1.0,11248.888671875,11079.550523452239
26,7.0,934.0,1.0,11403.205078125,11079.550523452239
26,415.2,965.6,5.0,15414.908203125,55397.7526172612
27,1140.0,396.0,1.0,11248.853515625,11079.550523452239
27,1603.25,458.0,24.0,31075.34765625,265909.2125628537
27,1403.25,533.0,4.0,12673.72265625,44318.202093808955
27,1534.0,569.0,1.0,11871.716796875,11079.550523452239
27,1895.9032258064517,641.1612903225806,31.0,32626.55078125,343466.0662270194
27,1532.111111111111,667.0,18.0,12510.111328125,199431.9094221403
27,1243.0,763.5,4.0,13333.8642578125,44318.202093808955
27,1594.0,775.0,1.0,12029.6328125,11079.550523452239
27,436.5902604944417,843.2089762734362,12054.0,31587.927734375,133552902.00969328
27,0.0,883.0,1.0,11403.146484375,11079.550523452239
27,1422.0,892.0,1.0,11248.853515625,11079.550523452239
27,721.0,930.0,1.0,11714.318359375,11079.550523452239
27,7.0,934.5,2.0,12189.619140625,22159.101046904478
27,414.5,966.0,2.0,11557.4375,22159.101046904478
27,1195.968253968254,1057.8412698412699,63.0,17840.9453125,698011.6829774911
28,1081.0,346.0,1.0,12189.5126953125,11079.550523452239
28,1602.8181818181818,457.45454545454544,11.0,21279.41015625,121875.05575797462
28,1211.0,502.0,1.0,11557.556640625,11079.550523452239
28,1290.0,560.0,1.0,11096.17578125,11079.550523452239
28,1896.4324324324325,641.5405405405405,37.0,32888.3984375,409943.36936773284
28,1532.6190476190477,667.047619047619,21.0,12674.0126953125,232670.56099249702
28,1154.0,752.0,1.0,11096.17578125,11079.550523452239
28,1243.6666666666667,763.6666666666666,3.0,12836.369140625,33238.65157035671
28,436.3264393515931,843.1816657350475,12523.0,31331.62890625,138749211.2051924
28,0.0,883.0,1.0,11096.17578125,11079.550523452239
28,721.0,930.5,2.0,11096.17578125,22159.101046904478
28,7.0,935.0,5.0,13167.7607421875,55397.7526172612
28,22.0,1185.0,1.0,11403.419921875,11079.550523452239
29,1080.5,347.5,2.0,12349.2998046875,22159.101046904478
29,1602.2142857142858,458.35714285714283,14.0,21704.82421875,155113.70732833134
29,1283.4285714285713,488.42857142857144,7.0,13001.2939453125,77556.85366416567
29,1223.5,505.5,2.0,15777.2783203125,22159.101046904478
29,1895.611111111111,642.4444444444445,36.0,32364.8515625,398863.8188442806
29,1103.5,738.0,4.0,11403.419921875,44318.202093808955
29,1243.0,764.5,6.0,13334.2275390625,66477.30314071343
29,1593.5,776.0,2.0,11403.419921875,22159.101046904478
29,1430.0,888.0,1.0,11403.419921875,11079.550523452239
29,505.0,899.0,1.0,11096.17578125,11079.550523452239
29,1201.5,900.0,2.0,11871.478515625,22159.101046904478
29,721.0,931.0,1.0,11403.419921875,11079.550523452239
29,425.0,933.0,1.0,11871.478515625,11079.550523452239
29,7.0,935.5,2.0,11248.771484375,22159.101046904478
30,1080.4,347.2,5.0,27126.806640625,55397.7526172612
30,1778.0,435.0,1.0,11403.419921875,11079.550523452239
30,1999.3333333333333,489.8333333333333,6.0,31075.763671875,66477.30314071343
30,1404.0,532.5,2.0,12029.724609375,22159.101046904478
30,1895.974358974359,642.1282051282051,39.0,32364.8515625,432102.4704146373
30,1532.0,667.5263157894736,19.0,12510.115234375,210511.45994559253
30,1243.0,763.7142857142857,7.0,12510.115234375,77556.85366416567
30,462.0,883.0,1.0,11871.478515625,11079.550523452239
30,504.0,899.0,1.0,11403.419921875,11079.550523452239
30,719.0,930.0,1.0,11714.7744140625,11079.550523452239
30,6.333333333333333,934.6666666666666,3.0,11248.771484375,33238.65157035671
30,1234.0,1028.5,2.0,12029.724609375,22159.101046904478
31,1081.111111111111,346.44444444444446,9.0,24793.509765625,99715.95471107015
31,1755.0,454.0,1.0,11557.3515625,11079.550523452239
31,1602.8181818181818,457.54545454545456,11.0,17076.041015625,121875.05575797462
31,1999.1666666666667,489.0,6.0,26181.146484375,66477.30314071343
31,1293.5,563.5,2.0,11871.390625,22159.101046904478
31,1896.6153846153845,641.2564102564103,39.0,32105.912109375,432102.4704146373
31,1243.375,762.875,8.0,13840.076171875,88636.40418761791
31,1600.0,774.0,1.0,11096.154296875,11079.550523452239
31,436.1658060351783,842.9208487978054,12394.0,31588.078125,137319949.18766704
31,1492.0,793.0,1.0,11096.154296875,11079.550523452239
31,721.0,930.0,1.0,11096.154296875,11079.550523452239
32,1081.0,345.5,10.0,30567.1171875,110795.5052345224
32,1999.5,488.5,4.0,22566.443359375,44318.202093808955
32,1293.8,563.2,5.0,13501.7216796875,55397.7526172612
32,1896.7941176470588,641.1176470588235,34.0,31075.763671875,376704.7177973761
32,768.5,714.0,2.0,11403.419921875,22159.101046904478
32,1105.5,733.0,4.0,13167.7607421875,44318.202093808955
32,1153.0,752.0,3.0,11871.478515625,33238.65157035671
32,398.6,788.2,5.0,11403.419921875,55397.7526172612
32,1493.0,792.5,2.0,11557.556640625,22159.101046904478
32,435.08976675427067,843.4503120893561,12176.0,31588.0078125,134904607.17355445
32,540.7222222222222,866.6666666666666,18.0,16143.6083984375,199431.9094221403
32,691.0,909.0,1.0,11403.419921875,11079.550523452239
33,1080.6666666666667,344.55555555555554,9.0,25947.66796875,99715.95471107015
33,1135.0,396.0,1.0,11403.419921875,11079.550523452239
33,1762.0,435.0,1.0,11096.17578125,11079.550523452239
33,1603.3333333333333,457.3333333333333,3.0,15777.2783203125,33238.65157035671
33,1999.5,488.5,4.0,19827.96484375,44318.202093808955
33,1896.8,641.1714285714286,35.0,31846.95703125,387784.2683208284
33,1533.12,666.76,25.0,13001.2939453125,276988.763086306
33,768.0,714.0,1.0,11248.771484375,11079.550523452239
33,816.5,755.0,6.0,15057.978515625,66477.30314071343
33,1569.6666666666667,788.3333333333334,3.0,13334.2275390625,33238.65157035671
33,464.0,888.0,1.0,11248.771484375,11079.550523452239
33,504.0,897.0,1.0,11248.771484375,11079.550523452239
34,1080.0,343.5,2.0,17076.2734375,22159.101046904478
34,1755.0,454.0,1.0,11096.1845703125,11079.550523452239
34,1608.0,460.0,1.0,11403.0703125,11079.550523452239
34,1939.2,467.8,5.0,18821.552734375,55397.7526172612
34,1998.6666666666667,489.3333333333333,3.0,19623.734375,33238.65157035671
34,1282.5,563.0,2.0,11249.10546875,22159.101046904478
34,1896.4473684210527,641.578947368421,38.0,32364.6953125,421022.91989118507
34,1532.3181818181818,667.3181818181819,22.0,13334.150390625,243750.11151594925
34,1492.5,793.0,4.0,12189.59375,44318.202093808955
34,468.5,888.0,2.0,11249.10546875,22159.101046904478
35,1820.0,411.0,1.0,11714.318359375,11079.550523452239
35,1755.0,455.0,1.0,11248.853515625,11079.550523452239
35,1609.6,462.2,5.0,13670.923828125,55397.7526172612
35,1939.6666666666667,468.3333333333333,3.0,13670.923828125,33238.65157035671
35,1896.7105263157894,642.3421052631579,38.0,32106.203125,421022.91989118507
35,1147.0,642.0,1.0,11557.4375,11079.550523452239
35,1532.5263157894738,668.0,19.0,12836.298828125,210511.45994559253
35,1096.5,738.0,2.0,12673.72265625,22159.101046904478
35,1492.0,793.5,2.0,12189.619140625,22159.101046904478
35,437.45564482029596,844.0383932346723,11825.0,31587.927734375,131015684.93982272
35,1114.5,874.0,2.0,12510.111328125,22159.101046904478
36,1608.8333333333333,461.8333333333333,6.0,23224.0546875,66477.30314071343
36,1247.0,507.0,1.0,12189.396484375,11079.550523452239
36,1147.0,642.0,1.0,11403.517578125,11079.550523452239
36,1533.095238095238,667.8571428571429,21.0,13001.3671875,232670.56099249702
36,1492.0,794.0,1.0,11871.6015625,11079.550523452239
36,1158.3333333333333,1098.3333333333333,3.0,12029.716796875,33238.65157035671
37,1291.0,565.0,1.0,12673.6572265625,11079.550523452239
37,1897.1515151515152,642.1515151515151,33.0,31587.9765625,365625.1672739239
37,1533.0,667.55,20.0,12836.46875,221591.0104690448
37,1214.0,682.0,1.0,11871.6015625,11079.550523452239
37,1164.2666666666667,752.4,15.0,25252.416015625,166193.2578517836
37,1492.0,793.0,1.0,11403.517578125,11079.550523452239
37,438.6503551696922,844.0038586336929,11403.0,31331.7578125,126340114.61892588
37,408.0,811.0,1.0,11403.517578125,11079.550523452239
37,1178.0,885.5,2.0,11714.5302734375,22159.101046904478
38,1756.0,455.0,1.0,11557.556640625,11079.550523452239
38,1609.0,461.8,5.0,19020.40234375,55397.7526172612
38,1998.0,489.0,1.0,14529.333984375,11079.550523452239
38,1533.0555555555557,667.3888888888889,18.0,12510.048828125,199431.9094221403
38,1214.0,682.0,1.0,11871.748046875,11079.550523452239
38,1095.0,739.0,1.0,11714.65234375,11079.550523452239
38,1170.8,750.0,10.0,22349.16796875,110795.5052345224
38,400.0,794.0,1.0,11403.0703125,11079.550523452239
38,438.4230124119423,843.300654142905,11924.0,31846.95703125,132112560.44164449
39,1693.0,387.5,2.0,13167.66015625,22159.101046904478
39,1756.0,456.0,1.0,11557.556640625,11079.550523452239
39,1609.0,462.5,2.0,14529.333984375,22159.101046904478
39,1344.0,470.0,1.0,11403.0703125,11079.550523452239
39,1156.0,615.0,1.0,12029.888671875,11079.550523452239
39,1533.5,667.5,16.0,12836.2451171875,177272.80837523582
39,1214.0,683.0,1.0,12189.59375,11079.550523452239
39,1214.0,887.0,1.0,11403.0703125,11079.550523452239
39,465.0,897.0,1.0,11871.748046875,11079.550523452239
40,1693.6666666666667,387.3333333333333,3.0,14010.4521484375,33238.65157035671
40,1609.0,462.5,2.0,13001.0419921875,22159.101046904478
40,1344.5,469.0,2.0,13334.005859375,22159.101046904478
40,1533.0714285714287,667.1428571428571,14.0,12510.275390625,155113.70732833134
40,1446.5,725.0,2.0,13501.802734375,22159.101046904478
40,1099.0,737.0,3.0,11714.42578125,33238.65157035671
40,1214.0,887.0,1.0,11557.6748046875,11079.550523452239
41,1608.0,461.0,1.0,11403.0703125,11079.550523452239
41,1533.1333333333334,666.6666666666666,15.0,12510.048828125,166193.2578517836
41,1109.5,736.0,6.0,16886.818359375,66477.30314071343
41,1561.0,773.0,1.0,11403.0703125,11079.550523452239
41,438.71697797135437,842.7782896389982,11939.0,31846.95703125,132278753.69949628
41,1156.0,884.0,1.0,12510.048828125,11079.550523452239
41,714.0,930.0,1.0,11249.10546875,11079.550523452239
42,1608.0,461.5,2.0,12673.865234375,22159.101046904478
42,1533.0588235294117,667.1176470588235,17.0,13001.0419921875,188352.35889868805
42,1136.55,669.05,40.0,31588.080078125,443182.0209380896
42,1110.0,736.0,1.0,11248.908203125,11079.550523452239
42,437.66347324835596,842.7614678899082,12317.0,32106.19921875,136466823.79736122
42,505.0,876.0,1.0,11095.8388671875,11079.550523452239
42,1214.0,886.0,1.0,11095.8388671875,11079.550523452239
43,1760.0,454.5,2.0,13670.849609375,22159.101046904478
43,1305.0,488.0,1.0,11714.3955078125,11079.550523452239
43,1647.3333333333333,523.6666666666666,3.0,14880.810546875,33238.65157035671
43,1532.8,667.1333333333333,15.0,12349.361328125,166193.2578517836
43,1113.5,736.0,8.0,15414.771484375,88636.40418761791
43,1492.0,795.0,1.0,12030.037109375,11079.550523452239
43,437.46597921403054,843.14339071127,12316.0,31847.09375,136455744.24683776
43,1214.0,887.0,1.0,11248.82421875,11079.550523452239
44,1647.0,529.5,2.0,12189.396484375,22159.101046904478
44,1532.0714285714287,668.0,14.0,12510.32421875,155113.70732833134
44,1244.1818181818182,761.0,11.0,14705.1484375,121875.05575797462
44,437.30421343744916,843.7532129494062,12294.0,31846.8046875,136211994.13532183
44,1493.0,798.0,1.0,11871.6015625,11079.550523452239
44,1115.5,879.0,2.0,12673.6572265625,22159.101046904478
44,1158.0,884.0,1.0,11096.1591796875,11079.550523452239
44,1213.5,887.0,2.0,11557.458984375,22159.101046904478
44,484.25,900.75,4.0,11557.458984375,44318.202093808955
45,1387.3333333333333,524.6666666666666,3.0,13501.802734375,33238.65157035671
45,1646.0,526.0,1.0,11248.908203125,11079.550523452239
45,1531.8666666666666,667.6,15.0,12189.41015625,166193.2578517836
45,1243.7857142857142,761.2142857142857,14.0,14529.623046875,155113.70732833134
45,436.77156405853975,843.6337176028126,12231.0,32106.19921875,135513982.45234433
45,452.0,883.0,3.0,11403.0283203125,33238.65157035671
45,1213.5,887.0,2.0,11714.42578125,22159.101046904478
45,7.0,922.5,2.0,11248.908203125,22159.101046904478
46,1886.0,471.0,1.0,11096.263671875,11079.550523452239
46,1342.4,473.2,5.0,15414.771484375,55397.7526172612
46,1387.6666666666667,523.6666666666666,3.0,14010.1650390625,33238.65157035671
46,1531.4545454545455,666.8181818181819,11.0,12189.4365234375,121875.05575797462
46,436.6606527800558,842.8296703296703,12194.0,31847.09375,135104039.0829766
46,1492.0,797.0,1.0,11096.263671875,11079.550523452239
46,1213.0,886.0,1.0,11871.6904296875,11079.550523452239
46,6.5,921.5,4.0,11248.82421875,44318.202093808955
47,1123.0,200.5,2.0,12673.865234375,22159.101046904478
47,1344.0,471.3333333333333,3.0,15058.26171875,33238.65157035671
47,1388.3333333333333,523.3333333333334,3.0,12836.4013671875,33238.65157035671
47,504.0,619.0,1.0,10943.296875,11079.550523452239
47,1531.6666666666667,666.0,12.0,12189.41015625,132954.60628142685
47,773.0,685.0,1.0,11714.42578125,11079.550523452239
47,1616.3333333333333,717.6666666666666,3.0,11403.0283203125,33238.65157035671
47,1243.7058823529412,760.2352941176471,17.0,14010.4521484375,188352.35889868805
47,1589.0,773.0,1.0,11095.8388671875,11079.550523452239
47,435.7315852205006,841.9151370679381,12585.0,32106.19921875,139436143.33764642
47,1213.0,885.5,2.0,11557.6748046875,22159.101046904478
48,1123.0,199.0,1.0,12349.3173828125,11079.550523452239
48,1389.0,523.0,1.0,11403.0283203125,11079.550523452239
48,1648.0,528.5,2.0,12510.275390625,22159.101046904478
48,504.0,617.0,1.0,10943.296875,11079.550523452239
48,1192.0,639.0,1.0,11557.6748046875,11079.550523452239
48,1140.1632653061224,666.1428571428571,49.0,32106.19921875,542897.9756491598
48,1532.090909090909,665.6363636363636,11.0,12030.0302734375,121875.05575797462
48,1617.25,718.0,4.0,11248.908203125,44318.202093808955
48,436.4539374153993,841.4708973644398,12559.0,32364.99609375,139148075.02403668
48,1213.0,885.0,1.0,11095.8388671875,11079.550523452239
49,1572.7222222222222,439.5,18.0,14010.265625,199431.9094221403
49,1340.0,463.0,1.0,11403.51953125,11079.550523452239
49,1389.0,522.0,1.0,11248.748046875,11079.550523452239
49,1648.0,528.5,2.0,10942.9140625,22159.101046904478
49,1282.0,562.0,1.0,10942.9140625,11079.550523452239
49,1894.8235294117646,640.0294117647059,34.0,32888.23828125,376704.7177973761
49,1532.1538461538462,665.4615384615385,13.0,12189.572265625,144034.1568048791
49,1617.75,718.0,4.0,11248.748046875,44318.202093808955
49,1627.5,773.0,2.0,15058.158203125,22159.101046904478
49,437.0908005729747,841.2081012255292,12566.0,32626.396484375,139225631.87770084
49,1659.0,852.5,4.0,16512.59375,44318.202093808955
49,1165.0,882.0,1.0,11403.51953125,11079.550523452239
49,1214.0,885.0,1.0,11403.51953125,11079.550523452239
49,6.0,932.0,1.0,10942.9140625,11079.550523452239
50,943.5,417.5,4.0,13501.802734375,44318.202093808955
50,1563.0,431.0,1.0,11095.8388671875,11079.550523452239
50,505.5,618.0,2.0,11095.8388671875,22159.101046904478
50,1618.0,718.5,4.0,11871.701171875,44318.202093808955
50,1245.4615384615386,760.0,13.0,14010.4521484375,144034.1568048791
50,1626.8,772.6,5.0,20237.341796875,55397.7526172612
50,438.21915087312755,841.7662004469089,12083.0,32106.19921875,133874208.97487341
50,1659.6666666666667,852.6666666666666,6.0,29315.197265625,66477.30314071343
50,0.0,883.0,1.0,11557.6748046875,11079.550523452239
50,6.0,932.0,1.0,11248.908203125,11079.550523452239
51,505.0,618.5,2.0,10943.279296875,22159.101046904478
51,1192.0,640.0,1.0,11248.8427734375,11079.550523452239
51,1532.0,666.25,12.0,12189.7255859375,132954.60628142685
51,1618.0,719.5,6.0,11714.2880859375,66477.30314071343
51,1523.0,777.0,1.0,10943.279296875,11079.550523452239
51,437.1395386094201,841.8492470362063,12484.0,31588.0078125,138317108.73477775
51,1292.0,810.0,1.0,11714.2880859375,11079.550523452239
51,1659.0,853.0,7.0,30821.73046875,77556.85366416567
52,1824.0,419.0,1.0,10943.296875,11079.550523452239
52,1289.0,490.0,1.0,11871.701171875,11079.550523452239
52,1531.8461538461538,666.5384615384615,13.0,12673.865234375,144034.1568048791
52,1212.0,667.0,1.0,11095.8388671875,11079.550523452239
52,1617.8333333333333,720.1666666666666,6.0,11403.0283203125,66477.30314071343
52,1440.0,725.0,1.0,11095.8388671875,11079.550523452239
52,1153.0,745.6666666666666,3.0,11557.6748046875,33238.65157035671
52,1244.6,760.5,10.0,13001.0419921875,110795.5052345224
52,1523.0,777.5,2.0,15959.83984375,22159.101046904478
52,436.63680834001605,842.2537289494787,12470.0,31846.875,138161995.02744943
52,1658.8,853.4,5.0,22133.076171875,55397.7526172612
52,500.0,1061.0,1.0,12030.0302734375,11079.550523452239
53,1820.0,412.0,1.0,12349.2998046875,11079.550523452239
53,956.5,442.0,2.0,11557.556640625,22159.101046904478
53,1204.0,524.0,1.0,11403.0703125,11079.550523452239
53,1438.5,526.0,2.0,11249.10546875,22159.101046904478
53,1893.7826086956522,640.6086956521739,23.0,32626.6953125,254829.6620394015
53,1531.5384615384614,666.4615384615385,13.0,12510.048828125,144034.1568048791
53,1211.75,667.75,4.0,12029.888671875,44318.202093808955
53,1095.5,733.0,4.0,11557.556640625,44318.202093808955
53,1522.5,777.0,2.0,12029.888671875,22159.101046904478
53,1595.5,779.0,2.0,11871.748046875,22159.101046904478
53,436.8625917264737,842.4523022336908,12401.0,31588.0859375,137397506.0413312
53,1659.8,853.4,5.0,23890.90234375,55397.7526172612
53,1113.6,877.2,5.0,13001.169921875,55397.7526172612
53,450.0,884.5,2.0,11714.65234375,22159.101046904478
53,500.0,1061.0,1.0,11096.1845703125,11079.550523452239
54,1433.0,524.0,1.0,10943.296875,11079.550523452239
54,1894.1875,639.8125,16.0,32364.99609375,177272.80837523582
54,1531.5714285714287,666.1428571428571,14.0,12349.3173828125,155113.70732833134
54,1211.75,667.25,4.0,11557.6748046875,44318.202093808955
54,1246.0,760.0,1.0,11095.8388671875,11079.550523452239
54,1577.0,779.0,1.0,11871.701171875,11079.550523452239
54,1660.125,852.625,8.0,27846.0546875,88636.40418761791
55,1926.0,480.0,1.0,12189.4365234375,11079.550523452239
55,1439.5,526.0,2.0,11403.48828125,22159.101046904478
55,1894.5625,640.6875,16.0,32105.921875,177272.80837523582
55,1531.642857142857,667.0,14.0,12189.4365234375,155113.70732833134
55,1618.3333333333333,720.8333333333334,6.0,11403.48828125,66477.30314071343
55,1292.0,765.0,1.0,11248.82421875,11079.550523452239
55,1591.0,773.0,1.0,11096.263671875,11079.550523452239
55,435.981056437667,842.3407483100142,12722.0,31847.09375,140954041.7593594
55,1492.0,794.5,2.0,11557.626953125,22159.101046904478
55,1660.0,853.4444444444445,9.0,27605.91796875,99715.95471107015
55,714.0,934.0,1.0,11096.263671875,11079.550523452239
55,5.333333333333333,935.3333333333334,3.0,11403.48828125,33238.65157035671
55,368.0,940.0,1.0,11248.82421875,11079.550523452239
55,497.0,1072.0,1.0,11714.3955078125,11079.550523452239
56,1925.8,480.4,5.0,17840.84765625,55397.7526172612
56,446.5,531.5,2.0,10943.296875,22159.101046904478
56,1138.0,634.0,1.0,12030.0302734375,11079.550523452239
56,768.0,668.0,3.0,11714.42578125,33238.65157035671
56,1209.3333333333333,668.6666666666666,3.0,11403.0283203125,33238.65157035671
56,1618.8333333333333,721.8333333333334,6.0,11557.6748046875,66477.30314071343
56,436.089486514115,842.6246756310451,12717.0,31331.9140625,140898644.00674212
56,1491.5,794.0,2.0,11095.8388671875,22159.101046904478
56,1660.2857142857142,853.7142857142857,7.0,18425.767578125,77556.85366416567
56,368.0,940.0,3.0,13167.787109375,33238.65157035671
57,1605.0,458.0,1.0,11403.0703125,11079.550523452239
57,1392.0,526.0,1.0,11249.10546875,11079.550523452239
57,447.0,532.0,1.0,10792.953125,11079.550523452239
57,855.0,649.0,1.0,11403.0703125,11079.550523452239
57,1209.0,669.0,1.0,12510.048828125,11079.550523452239
57,1078.5,705.0,4.0,11714.65234375,44318.202093808955
57,1619.1666666666667,722.0,6.0,11403.0703125,66477.30314071343
57,824.0,757.5,4.0,12673.9296875,44318.202093808955
57,1592.0,773.5,2.0,11096.1845703125,22159.101046904478
57,1492.0,794.0,1.0,12349.2998046875,11079.550523452239
57,436.62375847390825,842.7941825634558,12686.0,31331.828125,140555177.9405151
57,1661.2,853.6,5.0,16886.818359375,55397.7526172612
57,714.0,934.5,2.0,11249.10546875,22159.101046904478
57,5.0,936.5,2.0,11096.1845703125,22159.101046904478
57,367.0,940.0,3.0,11871.748046875,33238.65157035671
57,759.0,1216.0,1.0,10943.263671875,11079.550523452239
57,907.0,1228.0,1.0,11557.556640625,11079.550523452239
58,1433.0,525.0,1.0,11249.056640625,11079.550523452239
58,1392.0,527.0,1.0,11557.458984375,11079.550523452239
58,1440.75,726.0,4.0,12510.32421875,44318.202093808955
58,1868.0,751.0,1.0,10792.974609375,11079.550523452239
58,1592.0,774.5,2.0,11557.458984375,22159.101046904478
58,436.1417148285963,843.1925421581823,12631.0,31331.7578125,139945802.66172522
58,1661.0,854.0,3.0,18230.123046875,33238.65157035671
58,714.0,935.0,1.0,10943.2626953125,11079.550523452239
59,1754.0,458.0,1.0,10792.8046875,11079.550523452239
59,506.0,613.0,1.0,11096.072265625,11079.550523452239
59,1618.6666666666667,722.3333333333334,3.0,11403.515625,33238.65157035671
59,1868.0,751.0,1.0,10792.8046875,11079.550523452239
59,435.3947784810127,843.2166930379747,12640.0,31588.30078125,140045518.6164363
59,1660.3333333333333,854.3333333333334,3.0,18425.6484375,33238.65157035671
59,1471.0,871.0,1.0,13001.2822265625,11079.550523452239
59,714.0,935.0,1.0,11249.01171875,11079.550523452239
59,835.0,975.0,1.0,10792.8046875,11079.550523452239
60,1754.0,454.0,1.0,10943.00390625,11079.550523452239
60,1605.5,457.75,4.0,17075.919921875,44318.202093808955
60,1433.0,524.0,1.0,11096.0576171875,11079.550523452239
60,507.0,611.5,2.0,10793.033203125,22159.101046904478
60,1531.111111111111,666.9444444444445,18.0,12673.841796875,199431.9094221403
60,1523.5,776.0,2.0,12349.24609375,22159.101046904478
60,435.647082366125,842.3394701032578,12493.0,31588.24609375,138416824.68948883
60,1661.0,853.25,4.0,20651.615234375,44318.202093808955
60,714.0,934.0,1.0,10943.00390625,11079.550523452239
60,603.0,965.0,1.0,10793.033203125,11079.550523452239
60,910.5,1227.0,8.0,18821.65234375,88636.40418761791
61,1607.1666666666667,458.8333333333333,6.0,21704.9296875,66477.30314071343
61,443.0,528.0,1.0,10792.5859375,11079.550523452239
61,1531.5263157894738,667.1052631578947,19.0,12836.1015625,210511.45994559253
61,897.5,681.0,2.0,13001.2548828125,22159.101046904478
61,1079.2307692307693,704.8461538461538,13.0,17076.052734375,144034.1568048791
61,435.92825615921674,842.6664794157772,12461.0,31331.7265625,138062279.07273835
61,603.0,965.0,1.0,10792.5859375,11079.550523452239
62,1606.909090909091,459.54545454545456,11.0,22349.23046875,121875.05575797462
62,1391.3333333333333,526.6666666666666,3.0,11714.69140625,33238.65157035671
62,449.0,534.0,1.0,10792.5859375,11079.550523452239
62,507.0,612.0,1.0,10942.95703125,11079.550523452239
62,1209.0,658.0,1.0,11095.876953125,11079.550523452239
62,1531.9,667.45,20.0,12836.1015625,221591.0104690448
62,1080.6153846153845,705.6923076923077,13.0,13167.427734375,144034.1568048791
62,435.3511967120638,843.3579659924249,12409.0,31588.12109375,137486142.44551882
62,714.0,935.0,1.0,10942.95703125,11079.550523452239
62,604.0,965.5,2.0,14183.3232421875,22159.101046904478
63,1754.5,455.5,2.0,10792.736328125,22159.101046904478
63,1391.5,526.5,4.0,12349.2763671875,44318.202093808955
63,447.0,531.5,2.0,10942.927734375,22159.101046904478
63,507.0,612.0,1.0,10942.927734375,11079.550523452239
63,1158.0,614.0,1.0,12029.6748046875,11079.550523452239
63,714.5,627.0,6.0,13670.6669921875,66477.30314071343
63,1531.5,667.4545454545455,22.0,12510.0888671875,243750.11151594925
63,1080.1666666666667,705.5833333333334,12.0,12673.9345703125,132954.60628142685
63,803.5,721.0,2.0,11871.390625,22159.101046904478
63,435.34667747163695,843.2724473257698,12340.0,31846.99609375,136721653.45940062
64,1196.0,423.0,1.0,10792.5625,11079.550523452239
64,1755.0,456.0,1.0,10943.04296875,11079.550523452239
64,1391.5714285714287,526.2857142857143,7.0,13167.6572265625,77556.85366416567
64,714.8181818181819,626.7272727272727,11.0,14529.51171875,121875.05575797462
64,1532.142857142857,667.4285714285714,21.0,13334.189453125,232670.56099249702
64,1082.0,706.0,3.0,11557.5078125,33238.65157035671
64,1616.3333333333333,717.6666666666666,3.0,11249.021484375,33238.65157035671
64,816.5,719.0,6.0,13501.7255859375,66477.30314071343
64,825.5,758.0,2.0,11249.021484375,22159.101046904478
64,435.4737823162331,843.640813680201,12339.0,31331.7421875,136710573.90887716
64,464.0,890.0,1.0,10943.04296875,11079.550523452239
64,603.3333333333334,966.3333333333334,3.0,11096.0322265625,33238.65157035671
65,1195.0,423.0,1.0,11557.7626953125,11079.550523452239
65,1834.0,438.0,1.0,10943.263671875,11079.550523452239
65,1754.0,456.0,1.0,11248.7431640625,11079.550523452239
65,1391.25,526.625,8.0,13001.2021484375,88636.40418761791
65,505.5,612.0,2.0,10943.263671875,22159.101046904478
65,1191.0,642.0,1.0,11248.7431640625,11079.550523452239
65,1531.6363636363637,668.0,22.0,13001.2021484375,243750.11151594925
65,1080.0,706.0,1.0,10943.263671875,11079.550523452239
65,1616.0,718.0,1.0,10792.546875,11079.550523452239
65,434.91959100204497,844.2453169734151,12225.0,31587.88671875,135447505.14920363
66,1195.0,422.0,1.0,11096.154296875,11079.550523452239
66,1754.0,455.0,1.0,10792.736328125,11079.550523452239
66,1391.3333333333333,525.6666666666666,3.0,11714.625,33238.65157035671
66,506.0,611.0,1.0,11096.154296875,11079.550523452239
66,1531.7619047619048,667.047619047619,21.0,13167.4970703125,232670.56099249702
66,1616.0,716.0,1.0,10792.736328125,11079.550523452239
66,435.3250958323138,843.1694804665199,12261.0,31331.6875,135846368.9680479
66,450.0,885.0,1.0,10792.736328125,11079.550523452239
66,714.5,934.0,2.0,11871.390625,22159.101046904478
67,1716.0,484.0,1.0,10642.306640625,11079.550523452239
67,1289.0,564.0,1.0,12349.125,11079.550523452239
67,506.3333333333333,610.6666666666666,3.0,11248.7900390625,33238.65157035671
67,1192.0,640.0,1.0,10943.0,11079.550523452239
67,1532.125,666.5416666666666,24.0,13333.7685546875,265909.2125628537
67,1079.0,704.0,1.0,10792.65234375,11079.550523452239
67,1617.0,716.0,1.0,10943.0,11079.550523452239
67,1864.0,751.0,1.0,10792.65234375,11079.550523452239
67,435.58391580931436,842.2442472316029,12733.0,31846.80859375,141075916.81511736
67,1496.0,792.0,1.0,10792.65234375,11079.550523452239
67,1292.0,811.0,1.0,10792.65234375,11079.550523452239
68,446.0,529.5,2.0,10642.54296875,22159.101046904478
68,1166.0,598.0,1.0,10792.736328125,11079.550523452239
68,1531.607142857143,666.4285714285714,28.0,13333.87109375,310227.4146566627
68,863.0,667.0,1.0,10642.54296875,11079.550523452239
68,1616.0,715.0,1.0,10642.54296875,11079.550523452239
68,1864.0,752.0,1.0,10642.54296875,11079.550523452239
68,435.27418210484825,842.172487189594,12685.0,31846.99609375,140544098.38999164
68,450.0,884.0,1.0,10942.927734375,11079.550523452239
68,1132.4333333333334,1083.2833333333333,60.0,16698.791015625,664773.0314071344
69,1110.0,407.0,1.0,11557.3515625,11079.550523452239
69,1166.0,599.5,2.0,11403.1142578125,22159.101046904478
69,505.2,610.6,5.0,11714.625,55397.7526172612
69,1531.3333333333333,666.7407407407408,27.0,13167.4970703125,299147.86413321045
69,833.5,728.0,4.0,11096.154296875,44318.202093808955
69,1344.8,753.8,5.0,14529.34375,55397.7526172612
69,435.4223912526741,842.5858489818556,12621.0,31331.6875,139835007.1564907
69,1.0,882.5,6.0,13333.87109375,66477.30314071343
69,394.6666666666667,944.6666666666666,3.0,11403.1142578125,33238.65157035671
69,1132.2051282051282,1087.051282051282,39.0,13670.6669921875,432102.4704146373
70,445.0,530.0,1.0,10642.50390625,11079.550523452239
70,1290.0,564.0,1.0,11403.419921875,11079.550523452239
70,1894.642857142857,640.9285714285714,14.0,30567.1171875,155113.70732833134
70,1530.8461538461538,667.4230769230769,26.0,13334.2275390625,288068.3136097582
70,862.0,668.0,1.0,11557.556640625,11079.550523452239
70,836.0,729.0,1.0,10793.04296875,11079.550523452239
70,1570.3333333333333,766.3333333333334,3.0,11557.556640625,33238.65157035671
70,434.95996186844616,843.3079122974261,12588.0,32105.904296875,139469381.98921677
70,1265.4473684210527,929.3157894736842,38.0,12189.5126953125,421022.91989118507
70,394.0,946.0,1.0,10642.50390625,11079.550523452239
71,1604.3076923076924,457.2307692307692,13.0,19827.953125,144034.1568048791
71,1290.5,563.5,2.0,11557.7626953125,22159.101046904478
71,1165.0,600.0,1.0,10792.546875,11079.550523452239
71,504.0,610.5,2.0,10792.546875,22159.101046904478
71,1193.0,639.0,1.0,10792.546875,11079.550523452239
71,1894.6875,640.8125,16.0,31846.8359375,177272.80837523582
71,1530.923076923077,667.1538461538462,26.0,13001.2021484375,288068.3136097582
71,862.0,667.5,2.0,11248.7431640625,22159.101046904478
71,435.1046816628249,842.7882521262221,12581.0,32105.78515625,139391825.13555261
71,1646.0,855.0,1.0,10792.546875,11079.550523452239
71,1266.7777777777778,926.3611111111111,36.0,12189.45703125,398863.8188442806
71,393.0,945.0,1.0,10642.3369140625,11079.550523452239
71,1132.5,1089.5,4.0,11403.505859375,44318.202093808955
72,1602.4583333333333,455.0833333333333,24.0,26651.9453125,265909.2125628537
72,1290.5,563.0,2.0,12836.349609375,22159.101046904478
72,1193.0,638.0,1.0,10943.0,11079.550523452239
72,1894.0625,639.8125,16.0,32106.220703125,177272.80837523582
72,1530.56,666.32,25.0,13501.953125,276988.763086306
72,862.0,667.0,1.0,10792.65234375,11079.550523452239
72,435.2897509578544,842.1388090676884,12528.0,31846.80859375,138804608.95780966
72,1494.5,792.0,2.0,11403.2138671875,22159.101046904478
72,1645.5,854.0,2.0,14010.07421875,22159.101046904478
72,1201.0,897.0,1.0,10642.306640625,11079.550523452239
72,1214.6923076923076,938.7692307692307,13.0,15236.8017578125,144034.1568048791
72,1309.0,967.5,2.0,10792.65234375,22159.101046904478
73,1601.6875,454.375,16.0,24566.73828125,177272.80837523582
73,446.0,530.0,1.0,10642.748046875,11079.550523452239
73,1290.5,562.5,2.0,11714.48046875,22159.101046904478
73,1193.0,637.0,1.0,11095.826171875,11079.550523452239
73,1893.8947368421052,639.2631578947369,19.0,32626.806640625,210511.45994559253
73,1530.7272727272727,665.7272727272727,22.0,12836.3876953125,243750.11151594925
73,1863.0,752.0,1.0,10642.748046875,11079.550523452239
73,1243.5,758.5,2.0,13001.462890625,22159.101046904478
73,1493.0,792.0,3.0,11248.859375,33238.65157035671
73,1646.0,853.0,1.0,10642.748046875,11079.550523452239
73,1201.0,897.0,1.0,11557.43359375,11079.550523452239
73,1308.5,969.5,6.0,13839.8818359375,66477.30314071343
74,1290.0,563.5,2.0,13501.763671875,22159.101046904478
74,1893.9473684210527,640.3157894736842,19.0,32105.912109375,210511.45994559253
74,1529.9615384615386,666.3076923076923,26.0,13167.4970703125,288068.3136097582
74,1570.1666666666667,765.1666666666666,6.0,11557.3515625,66477.30314071343
74,1493.0,792.5,6.0,10942.927734375,66477.30314071343
74,1646.0,854.0,1.0,14354.876953125,11079.550523452239
74,0.5,881.5,4.0,12510.0888671875,44318.202093808955
74,1314.0,902.0,1.0,10942.927734375,11079.550523452239
74,23.0,1188.5,2.0,10792.736328125,22159.101046904478
75,1603.5625,456.125,16.0,29563.51171875,177272.80837523582
75,1289.6666666666667,562.3333333333334,3.0,13501.958984375,33238.65157035671
75,1893.7777777777778,639.6111111111111,18.0,31331.984375,199431.9094221403
75,1530.5714285714287,665.9047619047619,21.0,13001.341796875,232670.56099249702
75,1335.5,757.0,6.0,17265.25390625,66477.30314071343
75,1242.4,760.8,5.0,12349.31640625,55397.7526172612
75,1646.0,854.0,1.0,17265.25390625,11079.550523452239
75,0.0,881.5,2.0,11714.623046875,22159.101046904478
75,1314.5,901.5,4.0,11871.640625,44318.202093808955
75,1272.5,918.0,2.0,10792.9169921875,22159.101046904478
75,1227.65625,924.03125,32.0,15777.16796875,354545.61675047164
75,714.0,932.0,1.0,10792.9169921875,11079.550523452239
75,1316.5714285714287,973.1428571428571,7.0,12029.67578125,77556.85366416567
75,23.0,1188.5,2.0,10792.9169921875,22159.101046904478
75,1176.5454545454545,1316.3636363636363,11.0,13501.958984375,121875.05575797462
76,1134.5,399.5,8.0,15058.1162109375,88636.40418761791
76,1834.0,434.0,1.0,10642.498046875,11079.550523452239
76,1605.125,457.0,16.0,19827.9375,177272.80837523582
76,1289.6666666666667,562.3333333333334,3.0,13670.82421875,33238.65157035671
76,1157.0,612.0,1.0,10792.671875,11079.550523452239
76,1894.0,639.5882352941177,17.0,31846.9921875,188352.35889868805
76,1192.0,639.0,1.0,11248.888671875,11079.550523452239
76,1530.5714285714287,665.6190476190476,21.0,12673.982421875,232670.56099249702
76,775.5,672.0,2.0,10942.845703125,22159.101046904478
76,1338.5,754.5,2.0,11714.42578125,22159.101046904478
76,435.83449336354806,842.1701197798641,12356.0,31846.9921875,136898926.26777586
76,1315.5,901.6666666666666,6.0,16327.3408203125,66477.30314071343
76,1232.7,919.1333333333333,30.0,15058.1162109375,332386.5157035672
76,1319.8333333333333,969.8333333333334,6.0,13501.490234375,66477.30314071343
76,1176.076923076923,1316.6923076923076,13.0,14354.890625,144034.1568048791
77,1105.5,344.0,2.0,12510.0888671875,22159.101046904478
77,1605.5,457.2857142857143,14.0,18622.974609375,155113.70732833134
77,1424.0,541.0,1.0,10942.927734375,11079.550523452239
77,1289.75,563.5,4.0,13333.87109375,44318.202093808955
77,1894.125,640.0,16.0,32105.912109375,177272.80837523582
77,1530.5714285714287,666.4285714285714,21.0,12510.0888671875,232670.56099249702
77,1108.0,769.0,1.0,10642.54296875,11079.550523452239
77,1494.0,793.0,1.0,10642.54296875,11079.550523452239
77,1665.5,851.0,2.0,15414.822265625,22159.101046904478
77,1320.2727272727273,969.4545454545455,11.0,14880.8037109375,121875.05575797462
77,1176.047619047619,1319.142857142857,21.0,13501.763671875,232670.56099249702
78,1107.5,343.0,2.0,14010.35546875,22159.101046904478
78,1601.904761904762,455.0952380952381,21.0,19623.841796875,232670.56099249702
78,1212.0,513.0,1.0,10943.0703125,11079.550523452239
78,1290.0,564.25,4.0,11714.4951171875,44318.202093808955
78,1894.0,640.2272727272727,22.0,29315.427734375,243750.11151594925
78,1531.0,666.65,20.0,12349.0546875,221591.0104690448
78,1433.5,725.0,2.0,11095.8623046875,22159.101046904478
78,1509.0,789.0,1.0,10943.0703125,11079.550523452239
78,1574.0,805.0,1.0,10792.7666015625,11079.550523452239
79,1108.0,342.0,1.0,10642.736328125,11079.550523452239
79,1131.967741935484,400.258064516129,31.0,19020.451171875,343466.0662270194
79,1212.0,513.0,1.0,10792.560546875,11079.550523452239
79,1291.0,565.0,1.0,10792.560546875,11079.550523452239
79,1142.5,633.0,2.0,13167.84765625,22159.101046904478
79,1893.9166666666667,640.25,12.0,23223.9921875,132954.60628142685
79,1530.7368421052631,666.7894736842105,19.0,12189.759765625,210511.45994559253
79,1242.0,762.0,5.0,12029.98046875,55397.7526172612
79,1509.0,789.0,1.0,13334.09765625,11079.550523452239
79,437.26900632193224,843.0355811314638,12338.0,32105.9296875,136699494.35835373
79,1740.0,862.0,1.0,10792.560546875,11079.550523452239
79,1215.5,886.0,2.0,12029.98046875,22159.101046904478
79,1420.3333333333333,890.6666666666666,3.0,13501.841796875,33238.65157035671
79,1247.5,911.0,4.0,11557.6103515625,44318.202093808955
79,1248.2857142857142,967.8571428571429,21.0,12836.3427734375,232670.56099249702
79,1319.0,971.4285714285714,7.0,13839.81640625,77556.85366416567
79,1176.6190476190477,1319.7619047619048,21.0,14529.705078125,232670.56099249702
80,1173.5,320.0,2.0,10792.673828125,22159.101046904478
80,1131.111111111111,400.9259259259259,54.0,31331.62890625,598295.7282664209
80,1812.3333333333333,399.6666666666667,3.0,13501.611328125,33238.65157035671
80,1190.0,418.0,1.0,10642.587890625,11079.550523452239
80,1604.6666666666667,457.5,12.0,21704.94921875,132954.60628142685
80,1431.0,539.0,1.0,11871.41015625,11079.550523452239
80,1195.0,638.0,1.0,10642.587890625,11079.550523452239
80,1894.2,640.4,10.0,16886.919921875,110795.5052345224
80,1530.6,667.3,20.0,12189.3544921875,221591.0104690448
80,1911.8,697.2,5.0,12189.3544921875,55397.7526172612
80,1241.8,762.4,5.0,11557.416015625,55397.7526172612
80,1739.0,862.0,1.0,10642.587890625,11079.550523452239
80,1420.8,890.6,5.0,19827.8984375,55397.7526172612
80,1321.5,902.0,4.0,10943.251953125,44318.202093808955
80,390.5,936.5,2.0,10943.251953125,22159.101046904478
80,1176.6666666666667,1320.4761904761904,21.0,15058.251953125,232670.56099249702
81,1134.0408163265306,400.0204081632653,49.0,31331.982421875,542897.9756491598
81,1812.0,399.0,1.0,11871.2978515625,11079.550523452239
81,1190.0,418.0,1.0,11096.1875,11079.550523452239
81,1752.0,460.0,1.0,10642.6494140625,11079.550523452239
81,449.0,531.0,1.0,10642.6494140625,11079.550523452239
81,1656.0,535.0,1.0,10642.6494140625,11079.550523452239
81,1430.3333333333333,539.3333333333334,3.0,11871.2978515625,33238.65157035671
81,1290.0,565.0,1.0,11557.8154296875,11079.550523452239
81,1081.5,597.0,2.0,11557.8154296875,22159.101046904478
81,502.0,609.0,1.0,10642.6494140625,11079.550523452239
81,1104.0,651.0,3.0,11403.0966796875,33238.65157035671
81,1530.9411764705883,667.2941176470588,17.0,12030.0615234375,188352.35889868805
81,1207.0,670.0,1.0,10942.986328125,11079.550523452239
81,1241.3333333333333,761.3333333333334,3.0,11248.8837890625,33238.65157035671
81,1510.0,789.0,1.0,13670.7880859375,11079.550523452239
81,439.5236508994004,844.0508827448368,12008.0,32364.95703125,133043242.68561448
81,1215.3333333333333,886.3333333333334,3.0,11403.0966796875,33238.65157035671
81,1422.4615384615386,890.2307692307693,13.0,22785.03515625,144034.1568048791
81,391.0,937.0,1.0,10942.986328125,11079.550523452239
81,1315.3529411764705,976.1176470588235,17.0,25714.07421875,188352.35889868805
81,1176.4583333333333,1321.0833333333333,24.0,16143.759765625,265909.2125628537
82,1190.3333333333333,417.6666666666667,3.0,11095.876953125,33238.65157035671
82,1603.7142857142858,455.7142857142857,21.0,20651.822265625,232670.56099249702
82,1752.0,459.0,1.0,10942.95703125,11079.550523452239
82,1431.0,538.0,1.0,10642.724609375,11079.550523452239
82,502.0,609.0,1.0,10942.95703125,11079.550523452239
82,1207.0,669.0,1.0,11248.7958984375,11079.550523452239
82,1241.5,760.5,2.0,11095.876953125,22159.101046904478
82,440.10444407456725,843.2485019973369,12016.0,32626.4453125,133131879.0898021
82,91.0,843.0,1.0,12349.306640625,11079.550523452239
82,1422.5555555555557,889.7777777777778,9.0,21491.861328125,99715.95471107015
82,1315.25,975.75,8.0,14705.2890625,88636.40418761791
82,1176.695652173913,1320.9130434782608,23.0,16886.94140625,254829.6620394015
83,1191.0,417.5,2.0,11557.478515625,22159.101046904478
83,1604.5238095238096,456.04761904761904,21.0,24339.943359375,232670.56099249702
83,447.5,530.5,2.0,10642.3173828125,22159.101046904478
83,1531.1764705882354,666.4705882352941,17.0,12189.51171875,188352.35889868805
83,1209.0,673.0,1.0,10642.3173828125,11079.550523452239
83,1242.0,760.0,1.0,11249.1708984375,11079.550523452239
83,440.45879917184266,843.4021532091098,12075.0,32364.6953125,133785572.57068579
83,1336.0,799.0,3.0,11096.044921875,33238.65157035671
83,92.0,843.0,1.0,11871.439453125,11079.550523452239
83,389.0,887.0,1.0,10792.875,11079.550523452239
83,1423.375,889.625,8.0,22566.142578125,88636.40418761791
83,715.0,955.5,2.0,11403.3251953125,22159.101046904478
83,1316.6666666666667,974.0,3.0,12349.318359375,33238.65157035671
83,881.5,1005.0,2.0,13839.98828125,22159.101046904478
83,1176.7692307692307,1321.1923076923076,26.0,15959.6083984375,288068.3136097582
84,1191.0,417.0,1.0,12029.724609375,11079.550523452239
84,1603.3333333333333,455.06666666666666,15.0,19020.294921875,166193.2578517836
84,1752.0,458.0,1.0,10943.068359375,11079.550523452239
84,447.0,530.5,2.0,10642.50390625,22159.101046904478
84,1134.0,611.0,1.0,10642.50390625,11079.550523452239
84,1197.0,636.0,1.0,10793.04296875,11079.550523452239
84,1531.4666666666667,666.6,15.0,11871.478515625,166193.2578517836
84,1304.6666666666667,724.3333333333334,3.0,11871.478515625,33238.65157035671
84,1242.0,760.0,1.0,11096.17578125,11079.550523452239
84,1409.0,773.0,1.0,10642.50390625,11079.550523452239
84,1512.0,786.5,4.0,16143.6083984375,44318.202093808955
84,440.80850886687205,843.4586628923487,12011.0,32364.8515625,133076481.33718485
84,1423.375,889.625,8.0,17076.12890625,88636.40418761791
84,716.0,955.0,1.0,10943.068359375,11079.550523452239
84,1317.0833333333333,974.0,12.0,15959.6728515625,132954.60628142685
84,1177.142857142857,1321.047619047619,21.0,15595.912109375,232670.56099249702
85,1603.5714285714287,455.14285714285717,7.0,14881.2060546875,77556.85366416567
85,1289.0,562.0,1.0,10642.4619140625,11079.550523452239
85,1242.0,760.0,1.0,10942.97265625,11079.550523452239
85,1511.6666666666667,786.6666666666666,3.0,15058.3017578125,33238.65157035671
85,717.0,955.0,1.0,10942.97265625,11079.550523452239
85,1177.2631578947369,1321.2631578947369,19.0,15415.0,210511.45994559253
86,1131.8333333333333,398.5833333333333,24.0,24339.94921875,265909.2125628537
86,1600.7272727272727,452.90909090909093,11.0,25483.4296875,121875.05575797462
86,1752.0,458.0,1.0,11403.396484375,11079.550523452239
86,1242.5,760.0,2.0,10792.7705078125,22159.101046904478
86,1511.5,787.0,2.0,12510.251953125,22159.101046904478
86,1569.0,789.0,1.0,10642.748046875,11079.550523452239
86,391.0,887.0,1.0,10642.748046875,11079.550523452239
86,463.5,899.0,2.0,11871.52734375,22159.101046904478
86,706.0,934.0,1.0,10943.294921875,11079.550523452239
86,1316.6923076923076,974.7692307692307,13.0,16512.689453125,144034.1568048791
86,899.5,1009.0,2.0,11403.396484375,22159.101046904478
86,1177.388888888889,1321.1666666666667,18.0,15414.8671875,199431.9094221403
87,1131.7894736842106,399.36842105263156,19.0,17456.009765625,210511.45994559253
87,1599.5,453.0,6.0,18623.00390625,66477.30314071343
87,1292.0,566.0,1.0,10792.556640625,11079.550523452239
87,1453.6666666666667,610.3333333333334,3.0,13670.6748046875,33238.65157035671
87,1142.0,632.0,1.0,11557.3466796875,11079.550523452239
87,1530.6842105263158,667.2631578947369,19.0,11871.287109375,210511.45994559253
87,1242.0,761.0,1.0,10792.556640625,11079.550523452239
87,1599.0,773.0,1.0,10642.607421875,11079.550523452239
87,1401.0,776.5,2.0,11248.923828125,22159.101046904478
87,326.0,801.0,1.0,10642.607421875,11079.550523452239
87,1646.0,854.0,1.0,14355.224609375,11079.550523452239
87,401.0,876.0,1.0,10642.607421875,11079.550523452239
87,463.0,900.0,1.0,11095.96484375,11079.550523452239
87,705.0,935.0,1.0,10642.607421875,11079.550523452239
87,1315.8,976.2,10.0,16886.8046875,110795.5052345224
87,898.5,1009.0,2.0,12189.740234375,22159.101046904478
87,1177.0,1321.0714285714287,14.0,14355.224609375,155113.70732833134
88,1601.888888888889,454.22222222222223,9.0,14354.876953125,99715.95471107015
88,447.7,532.7,10.0,10792.736328125,110795.5052345224
88,1293.0,566.0,1.0,11096.154296875,11079.550523452239
88,1142.0,631.0,1.0,12510.0888671875,11079.550523452239
88,1894.0,639.0,1.0,11714.625,11079.550523452239
88,439.4035212943136,842.9634388135458,12609.0,32364.830078125,139702052.55020928
88,1494.5,793.0,2.0,10642.54296875,22159.101046904478
88,418.5,886.0,2.0,10493.3623046875,22159.101046904478
88,1315.8333333333333,976.0,6.0,13840.076171875,66477.30314071343
88,898.0,1009.0,3.0,15058.3046875,33238.65157035671
88,1177.1666666666667,1320.9166666666667,12.0,14529.34375,132954.60628142685
89,1602.6,455.2,5.0,14183.4130859375,55397.7526172612
89,1287.5,488.5,2.0,10943.251953125,22159.101046904478
89,447.55555555555554,533.1111111111111,9.0,10792.673828125,99715.95471107015
89,1292.6666666666667,566.3333333333334,3.0,11871.41015625,33238.65157035671
89,1894.0,638.5,2.0,15959.75,22159.101046904478
89,859.0,644.0,1.0,11403.3818359375,11079.550523452239
89,1493.0,793.0,1.0,10642.587890625,11079.550523452239
89,321.0,799.0,1.0,10493.490234375,11079.550523452239
89,1646.5,854.0,2.0,10943.251953125,22159.101046904478
89,476.6666666666667,879.6666666666666,3.0,10642.587890625,33238.65157035671
89,1418.75,893.25,4.0,17265.095703125,44318.202093808955
89,391.0,934.0,1.0,10493.490234375,11079.550523452239
89,716.0,954.0,1.0,10642.587890625,11079.550523452239
89,896.5,1009.0,2.0,12189.3544921875,22159.101046904478
89,1400.0,1058.0,1.0,10792.673828125,11079.550523452239
89,1177.2,1321.1,10.0,13001.4921875,110795.5052345224
90,1125.2857142857142,348.7142857142857,7.0,14705.033203125,77556.85366416567
90,1746.0,421.0,1.0,10642.3544921875,11079.550523452239
90,1752.0,462.5,2.0,10943.056640625,22159.101046904478
90,1292.6666666666667,566.3333333333334,3.0,11871.330078125,33238.65157035671
90,1893.8,639.6,5.0,20443.54296875,55397.7526172612
90,858.5,644.0,2.0,11871.330078125,22159.101046904478
90,1234.3333333333333,769.0,3.0,10943.056640625,33238.65157035671
90,1612.5,772.0,2.0,10792.9521484375,22159.101046904478
90,440.28948847667226,843.6953344575604,12453.0,32364.9453125,137973642.66855073
90,1405.3333333333333,800.3333333333334,3.0,12029.828125,33238.65157035671
90,1468.0,835.0,1.0,11557.791015625,11079.550523452239
90,1646.0,854.0,1.0,10943.056640625,11079.550523452239
90,483.0,877.0,1.0,10493.732421875,11079.550523452239
90,1417.5,894.0,2.0,13333.8544921875,22159.101046904478
90,722.0,956.0,1.0,10642.3544921875,11079.550523452239
90,896.0,1009.0,1.0,11403.2421875,11079.550523452239
91,1127.0,347.3333333333333,3.0,11557.416015625,33238.65157035671
91,1746.0,421.0,1.0,11248.853515625,11079.550523452239
91,1752.0,462.0,1.0,10792.673828125,11079.550523452239
91,1292.6666666666667,566.3333333333334,3.0,12029.888671875,33238.65157035671
91,1500.0,576.0,1.0,12189.3544921875,11079.550523452239
91,1210.0,582.0,1.0,10642.587890625,11079.550523452239
91,1893.6,638.6,5.0,29067.0234375,55397.7526172612
91,1570.0,763.5,2.0,11095.806640625,22159.101046904478
91,1491.5,793.5,2.0,10943.251953125,22159.101046904478
91,1405.0,800.5,4.0,13334.2470703125,44318.202093808955
91,1646.0,854.0,1.0,11248.853515625,11079.550523452239
91,1417.0,894.0,1.0,10943.251953125,11079.550523452239
91,927.8,957.2,5.0,13670.951171875,55397.7526172612
91,483.0,1103.0,1.0,12189.3544921875,11079.550523452239
91,532.5,1104.0,2.0,10943.251953125,22159.101046904478
91,1176.8,1321.5,10.0,11871.41015625,110795.5052345224
92,1127.0,347.0,1.0,11095.806640625,11079.550523452239
92,1689.5,497.5,2.0,11403.3818359375,22159.101046904478
92,1292.3333333333333,565.6666666666666,3.0,13501.611328125,33238.65157035671
92,1892.8,638.4,5.0,16143.40625,55397.7526172612
92,1097.0,651.0,1.0,10792.673828125,11079.550523452239
92,1588.0,777.0,1.0,10493.490234375,11079.550523452239
92,1491.6666666666667,792.6666666666666,3.0,10943.251953125,33238.65157035671
92,1404.5,800.5,2.0,14529.498046875,22159.101046904478
92,723.0,955.0,1.0,10493.490234375,11079.550523452239
92,934.0909090909091,957.4545454545455,11.0,13839.796875,121875.05575797462
93,1685.0,493.6666666666667,3.0,11871.41015625,33238.65157035671
93,1636.0,514.0,1.0,12029.888671875,11079.550523452239
93,1292.5,565.5,2.0,13670.951171875,22159.101046904478
93,1101.0,649.9090909090909,11.0,15058.251953125,121875.05575797462
93,1620.0,722.0,1.0,10642.587890625,11079.550523452239
93,1233.4,768.8,5.0,12349.3134765625,55397.7526172612
93,1595.0,779.0,1.0,11095.806640625,11079.550523452239
93,1491.5,793.0,2.0,11248.853515625,22159.101046904478
93,1468.0,833.0,3.0,17265.095703125,33238.65157035671
93,450.0,883.0,1.0,10493.490234375,11079.550523452239
93,390.0,933.0,1.0,10493.490234375,11079.550523452239
93,723.0,955.0,1.0,10493.490234375,11079.550523452239
93,926.5,957.0,2.0,11095.806640625,22159.101046904478
93,1372.0,1071.0,9.0,17840.751953125,99715.95471107015
93,1219.8,1146.2,5.0,11557.416015625,55397.7526172612
94,1118.5,404.5,2.0,11714.3837890625,22159.101046904478
94,1630.5,456.0,2.0,11714.3837890625,22159.101046904478
94,1636.7142857142858,516.2857142857143,7.0,15959.509765625,77556.85366416567
94,439.6,719.8,5.0,12349.177734375,55397.7526172612
94,1135.0,731.4285714285714,7.0,12189.7392578125,77556.85366416567
94,1491.3333333333333,793.6666666666666,3.0,11403.404296875,33238.65157035671
94,1467.0,835.0,3.0,11714.3837890625,33238.65157035671
94,1399.7272727272727,851.2727272727273,11.0,21068.962890625,121875.05575797462
94,1007.5,946.5,2.0,11248.900390625,22159.101046904478
94,722.0,956.0,1.0,10493.6640625,11079.550523452239
94,425.0,960.0,1.0,11714.3837890625,11079.550523452239
94,1317.5,973.0,8.0,15959.509765625,88636.40418761791
94,390.0,1040.5,2.0,12029.806640625,22159.101046904478
94,1376.5,1070.0,2.0,11248.900390625,22159.101046904478
94,1219.0,1147.0,1.0,11095.87890625,11079.550523452239
95,1636.0,455.0,1.0,10942.8828125,11079.550523452239
95,1637.5,516.5,4.0,12029.98046875,44318.202093808955
95,978.0,592.0,1.0,10942.8828125,11079.550523452239
95,527.0,608.0,1.0,10493.41015625,11079.550523452239
95,1108.1818181818182,648.2727272727273,11.0,15058.3212890625,121875.05575797462
95,513.0,655.0,1.0,10493.41015625,11079.550523452239
95,439.84592833876223,842.7629478827362,12280.0,32626.58203125,136056880.4279935
95,1491.0,793.25,4.0,13001.099609375,44318.202093808955
95,1467.0,835.0,1.0,10642.736328125,11079.550523452239
95,1402.5,849.5,6.0,14705.4130859375,66477.30314071343
95,417.0,886.5,4.0,10792.560546875,44318.202093808955
95,388.5,933.0,2.0,10642.736328125,22159.101046904478
95,1009.0,943.0,1.0,10493.41015625,11079.550523452239
95,930.4285714285714,956.2857142857143,7.0,12029.98046875,77556.85366416567
95,1318.8,970.8,5.0,11871.693359375,55397.7526172612
95,390.0,1040.0,1.0,11096.19140625,11079.550523452239
95,533.0,1075.0,1.0,12189.759765625,11079.550523452239
95,1269.4,1101.2,5.0,11557.6103515625,55397.7526172612
96,1642.0,520.3333333333334,3.0,11557.416015625,33238.65157035671
96,978.5,592.5,2.0,10792.673828125,22159.101046904478
96,1113.5714285714287,645.8571428571429,7.0,13501.611328125,77556.85366416567
96,845.0,655.0,1.0,10943.251953125,11079.550523452239
96,1305.2,724.8,5.0,11095.806640625,55397.7526172612
96,1589.0,785.0,1.0,11248.853515625,11079.550523452239
96,440.01515027434283,842.4847268855949,12211.0,32364.9453125,135292391.44187528
96,1491.2,793.4,5.0,13167.8701171875,55397.7526172612
96,1416.8333333333333,807.1666666666666,6.0,20859.734375,66477.30314071343
96,1467.0,835.0,1.0,11095.806640625,11079.550523452239
96,1215.0,886.0,3.0,11557.416015625,33238.65157035671
96,1403.0,889.5,2.0,11248.853515625,22159.101046904478
96,450.5,909.0,2.0,11871.41015625,22159.101046904478
96,718.0,934.0,1.0,11248.853515625,11079.550523452239
96,932.5,956.0,2.0,11095.806640625,22159.101046904478
96,1371.5,1071.0,2.0,11248.853515625,22159.101046904478
96,1223.0,1101.5,2.0,11714.4140625,22159.101046904478
96,1270.0,1102.0,3.0,10792.673828125,33238.65157035671
96,24.0,1152.0,1.0,10493.490234375,11079.550523452239
97,1393.0,522.0,1.0,11095.8623046875,11079.550523452239
97,1194.0,588.0,1.0,10642.462890625,11079.550523452239
97,1892.5,636.5,2.0,11249.15234375,22159.101046904478
97,846.0,655.0,1.0,10943.0703125,11079.550523452239
97,439.94709953856295,841.8314106789717,12136.0,32626.58203125,134461425.15261638
97,776.0,836.0,1.0,10493.65234375,11079.550523452239
97,417.0,886.0,3.0,10493.65234375,33238.65157035671
97,718.0,934.0,1.0,10792.7666015625,11079.550523452239
98,1393.5,522.0,2.0,10792.673828125,22159.101046904478
98,1123.0,577.0,1.0,11557.416015625,11079.550523452239
98,497.0,602.0,1.0,10642.587890625,11079.550523452239
98,1893.0,637.0,1.0,12836.1025390625,11079.550523452239
98,1122.5,642.0,2.0,11095.806640625,22159.101046904478
98,439.52849226697543,840.9372260358945,12091.0,32364.9453125,133962845.37906101
98,1491.2857142857142,792.8571428571429,7.0,12029.888671875,77556.85366416567
98,718.5,935.0,2.0,10493.490234375,22159.101046904478
98,889.0,951.0,1.0,11095.806640625,11079.550523452239
98,1222.875,1075.875,16.0,22785.16796875,177272.80837523582
98,1176.1818181818182,1320.2727272727273,11.0,15058.251953125,121875.05575797462
99,1759.5714285714287,446.57142857142856,7.0,12510.259765625,77556.85366416567
99,437.0,525.0,1.0,10792.673828125,11079.550523452239
99,1491.125,792.625,8.0,12189.3544921875,88636.40418761791
99,439.0185477834151,840.6505032021958,12023.0,32364.9453125,133209435.94346626
99,1402.0,888.0,1.0,10642.587890625,11079.550523452239
99,886.4,950.6,5.0,12029.888671875,55397.7526172612
99,931.75,953.8888888888889,36.0,18425.787109375,398863.8188442806
99,1223.2222222222222,1073.4074074074074,27.0,25947.32421875,299147.86413321045
99,1271.0,1095.0,1.0,10943.251953125,11079.550523452239
99,474.0,1102.0,1.0,10943.251953125,11079.550523452239
99,1176.125,1320.25,8.0,13839.796875,88636.40418761791
100,1759.5,447.5,4.0,11403.3818359375,44318.202093808955
100,438.0,526.0,1.0,10493.490234375,11079.550523452239
100,1209.0,579.0,1.0,10493.490234375,11079.550523452239
100,1120.5714285714287,643.0,7.0,15236.4775390625,77556.85366416567
100,1229.6666666666667,768.3333333333334,3.0,11557.416015625,33238.65157035671
100,439.02302302302303,840.8568568568569,11988.0,32364.9453125,132821651.67514543
100,1346.076923076923,803.1538461538462,13.0,13501.611328125,144034.1568048791
100,1403.121212121212,848.1515151515151,33.0,21279.873046875,365625.1672739239
100,718.0,935.0,1.0,10792.673828125,11079.550523452239
100,474.0,1103.5,4.0,12189.3544921875,44318.202093808955
100,1176.0,1320.8,5.0,12673.6748046875,55397.7526172612
101,1128.0,402.0,1.0,11403.306640625,11079.550523452239
101,437.5,524.0,2.0,10493.41015625,22159.101046904478
101,1209.0,579.0,1.0,10493.41015625,11079.550523452239
101,1892.7142857142858,637.0,7.0,14354.9931640625,77556.85366416567
101,1123.0,642.3333333333334,3.0,12349.041015625,33238.65157035671
101,1491.0,793.0,4.0,11249.001953125,44318.202093808955
101,438.7328795899504,840.9959667254852,11901.0,32626.58203125,131857730.77960509
101,323.3333333333333,797.3333333333334,3.0,10642.736328125,33238.65157035671
101,1342.0,803.5,10.0,14705.4130859375,110795.5052345224
101,1466.0,832.5,2.0,12510.3134765625,22159.101046904478
101,470.0,876.0,1.0,10493.41015625,11079.550523452239
101,418.0,885.0,1.0,10792.560546875,11079.550523452239
101,704.0,943.0,1.0,10642.736328125,11079.550523452239
101,937.75,954.375,8.0,11403.306640625,88636.40418761791
101,1223.8285714285714,1067.3142857142857,35.0,28821.24609375,387784.2683208284
101,473.0,1104.0,1.0,10493.41015625,11079.550523452239
102,1189.0,418.0,1.0,11403.3818359375,11079.550523452239
102,1620.0,478.5,6.0,12510.259765625,66477.30314071343
102,1280.0,484.5,2.0,12189.3544921875,22159.101046904478
102,1892.5,637.5,12.0,28821.65234375,132954.60628142685
102,1491.0,793.0,3.0,10792.673828125,33238.65157035671
102,438.6385613207547,841.5386623989218,11872.0,32364.9453125,131536423.81442498
102,1335.258064516129,809.741935483871,31.0,22349.23046875,343466.0662270194
102,472.0,875.0,1.0,10493.490234375,11079.550523452239
103,1188.5,418.0,2.0,12510.15234375,22159.101046904478
103,1752.6666666666667,449.6666666666667,3.0,11096.044921875,33238.65157035671
103,1651.0,527.0,1.0,10942.91796875,11079.550523452239
103,1892.5,637.5,12.0,29812.9296875,132954.60628142685
103,438.4211641108193,841.6310260103363,11803.0,32626.7578125,130771934.82830678
103,1385.4,1066.4,5.0,14010.072265625,55397.7526172612
103,1248.0,1114.0,1.0,10493.8154296875,11079.550523452239
104,1121.1521739130435,403.44565217391306,92.0,24114.736328125,1019318.648157606
104,1188.5,418.0,2.0,12510.23828125,22159.101046904478
104,1836.0,420.0,3.0,14183.361328125,33238.65157035671
104,1408.8,592.2,5.0,21069.0,55397.7526172612
104,1892.5,637.6666666666666,12.0,28331.90625,132954.60628142685
104,1241.0,761.0,3.0,10942.97265625,33238.65157035671
104,438.0349970341496,841.827726463859,11801.0,32626.33984375,130749775.72725987
104,1276.0,902.0,1.0,10792.9677734375,11079.550523452239
104,475.0,1105.0,1.0,11403.51953125,11079.550523452239
104,1247.0,1114.0,1.0,10493.4609375,11079.550523452239
105,1188.0,418.5,2.0,11871.7666015625,22159.101046904478
105,1835.0,422.0,3.0,13670.9287109375,33238.65157035671
105,1280.0,485.0,1.0,10493.65234375,11079.550523452239
105,1391.0,526.0,1.0,10943.0703125,11079.550523452239
105,1431.0,527.0,1.0,10943.0703125,11079.550523452239
105,1122.0,579.0,1.0,10642.462890625,11079.550523452239
105,495.0,601.0,1.0,11403.4375,11079.550523452239
105,1892.4545454545455,638.8181818181819,11.0,31075.76953125,121875.05575797462
105,842.0,687.0,1.0,10792.7666015625,11079.550523452239
105,1241.0,762.0,3.0,11403.4375,33238.65157035671
105,1592.6666666666667,775.3333333333334,3.0,10943.0703125,33238.65157035671
105,1491.0,794.0,1.0,10642.462890625,11079.550523452239
105,437.5828049708344,841.901513230197,11829.0,32626.58203125,131060003.14191653
105,714.0,931.0,1.0,10642.462890625,11079.550523452239
105,27.5,954.8,10.0,11095.8623046875,110795.5052345224
105,1234.0,998.5,2.0,10792.7666015625,22159.101046904478
105,1263.0,1029.0,1.0,10642.462890625,11079.550523452239
105,1128.0,1044.0,1.0,12030.033203125,11079.550523452239
105,1224.3260869565217,1059.3695652173913,46.0,31331.583984375,509659.324078803
105,473.0,1106.0,1.0,10493.65234375,11079.550523452239
105,1239.0,1131.0,1.0,10642.462890625,11079.550523452239
106,1118.2788461538462,404.7019230769231,104.0,30566.87109375,1152273.2544390329
106,1188.0,418.0,1.0,11557.6103515625,11079.550523452239
106,1835.0,422.5,2.0,12349.041015625,22159.101046904478
106,1281.0,484.0,1.0,10493.41015625,11079.550523452239
106,445.5,533.0,2.0,10642.736328125,22159.101046904478
106,495.0,601.0,1.0,11871.693359375,11079.550523452239
106,1892.55,639.1,20.0,25022.87890625,221591.0104690448
106,1241.0,762.0,3.0,11714.4033203125,33238.65157035671
106,1592.5,775.75,4.0,11096.19140625,44318.202093808955
106,1350.7407407407406,863.0185185185185,54.0,31847.09765625,598295.7282664209
106,1223.2307692307693,1055.076923076923,13.0,16143.4267578125,144034.1568048791
106,1375.6666666666667,1069.6666666666667,3.0,11557.6103515625,33238.65157035671
107,1189.0,418.5,2.0,11249.189453125,22159.101046904478
107,1835.5,422.5,2.0,11871.330078125,22159.101046904478
107,486.6666666666667,516.6666666666666,3.0,11249.189453125,33238.65157035671
107,1431.8,527.2,5.0,11403.2421875,55397.7526172612
107,494.6666666666667,600.3333333333334,3.0,11249.189453125,33238.65157035671
107,1892.9411764705883,639.0588235294117,17.0,24340.31640625,188352.35889868805
107,437.5489679775758,842.0894419434298,11773.0,32364.9453125,130439548.3126032
107,569.5,1043.0,2.0,11871.330078125,22159.101046904478
107,1375.0,1070.0,1.0,11557.791015625,11079.550523452239
108,1125.7521367521367,402.94017094017096,117.0,31075.748046875,1296307.4112439118
108,1189.0,419.0,1.0,10493.55859375,11079.550523452239
108,1835.0,424.0,1.0,10792.8583984375,11079.550523452239
108,486.3333333333333,517.6666666666666,3.0,11557.6748046875,33238.65157035671
108,447.5,533.5,2.0,10642.419921875,22159.101046904478
108,849.5,653.0,2.0,10943.296875,22159.101046904478
108,799.5,663.0,4.0,12349.3173828125,44318.202093808955
108,840.0,694.0,1.0,10493.55859375,11079.550523452239
108,436.8931180968564,842.885471537808,11770.0,32626.421875,130406309.66103286
108,1379.5,808.0,2.0,13670.650390625,22159.101046904478
108,1284.0,919.0,1.0,11095.8388671875,11079.550523452239
108,749.5,1017.5,2.0,10642.419921875,22159.101046904478
108,492.0,1085.0,1.0,10943.296875,11079.550523452239
108,449.0,1999.0,1.0,34482.1796875,11079.550523452239
109,1416.0,326.0,1.0,10792.7666015625,11079.550523452239
109,1835.0,422.0,1.0,10792.7666015625,11079.550523452239
109,1606.8484848484848,462.6363636363636,33.0,15058.0,365625.1672739239
109,1068.0,471.0,1.0,13001.033203125,11079.550523452239
109,1463.0,597.0,1.0,11714.4951171875,11079.550523452239
109,494.0,600.5,2.0,12349.0546875,22159.101046904478
109,850.0,652.5,2.0,10792.7666015625,22159.101046904478
109,799.0,662.0,3.0,12189.294921875,33238.65157035671
109,840.0,693.0,1.0,10792.7666015625,11079.550523452239
110,1123.25,402.6875,128.0,29563.28515625,1418182.4670018866
110,1432.0,526.5,4.0,12673.8486328125,44318.202093808955
110,1532.0,570.0,1.0,11249.1865234375,11079.550523452239
110,1191.0,593.0,1.0,11095.921875,11079.550523452239
110,1892.0,638.2173913043479,23.0,30821.74609375,254829.6620394015
110,850.0,652.0,1.0,10943.1552734375,11079.550523452239
110,799.6666666666666,661.6666666666666,9.0,18623.29296875,99715.95471107015
110,840.0,693.0,1.0,10642.59765625,11079.550523452239
110,1669.0,785.0,1.0,11557.705078125,11079.550523452239
110,705.0,937.0,1.0,10493.8125,11079.550523452239
110,1228.2173913043478,1035.8478260869565,46.0,17455.896484375,509659.324078803
110,1376.2857142857142,1068.7142857142858,7.0,13670.564453125,77556.85366416567
110,1173.044776119403,1324.9850746268658,67.0,19623.990234375,742329.8850713
111,1190.0,419.0,1.0,10642.54296875,11079.550523452239
111,1753.0,456.0,1.0,10493.3623046875,11079.550523452239
111,1069.0,472.0,1.0,12510.0888671875,11079.550523452239
111,1641.6875,511.75,16.0,13333.87109375,177272.80837523582
111,1432.5,525.5,4.0,12189.4755859375,44318.202093808955
111,509.0,532.0,1.0,10642.54296875,11079.550523452239
111,1192.0,593.0,1.0,10493.3623046875,11079.550523452239
111,1123.8727272727272,622.9454545454546,55.0,23666.8125,609375.2787898731
111,801.7142857142857,661.7857142857143,14.0,17647.48046875,155113.70732833134
111,437.3357539513029,841.0305852199915,11705.0,32626.78125,129686138.87700845
111,466.0,884.0,1.0,11096.154296875,11079.550523452239
111,705.0,936.0,1.0,10792.736328125,11079.550523452239
111,1229.2524271844661,1029.873786407767,103.0,26651.953125,1141193.7039155806
111,1378.0,1067.5,10.0,12349.2763671875,110795.5052345224
112,1432.5,525.0,2.0,11248.8759765625,22159.101046904478
112,509.0,531.0,1.0,10642.54296875,11079.550523452239
112,1292.5,563.75,4.0,13670.6669921875,44318.202093808955
112,900.0,705.0,1.0,10642.54296875,11079.550523452239
112,1617.0,722.5,2.0,11096.154296875,22159.101046904478
112,705.0,936.0,1.0,10493.3623046875,11079.550523452239
112,1229.9785714285715,1025.7571428571428,140.0,23003.841796875,1551137.0732833135
112,1380.5,1065.5,2.0,10642.54296875,22159.101046904478
113,1644.0,515.0,1.0,12349.40625,11079.550523452239
113,1432.0,525.0,1.0,10642.59765625,11079.550523452239
113,509.0,531.0,1.0,10642.59765625,11079.550523452239
113,1893.3333333333333,639.0333333333333,30.0,29314.9765625,332386.5157035672
113,845.0,654.0,1.0,10493.8125,11079.550523452239
113,794.5,661.0,2.0,10642.59765625,22159.101046904478
113,900.0,706.0,1.0,11403.4453125,11079.550523452239
113,1112.5,732.0,2.0,11095.921875,22159.101046904478
113,1491.0,791.0,1.0,10493.8125,11079.550523452239
113,1348.5,799.5,4.0,14355.2783203125,44318.202093808955
113,1644.0,854.0,1.0,11403.4453125,11079.550523452239
113,1426.0,893.0,1.0,11249.1865234375,11079.550523452239
114,1110.5,406.0,6.0,13167.7607421875,66477.30314071343
114,1590.0,447.0,1.0,10943.0703125,11079.550523452239
114,1433.0,522.0,1.0,10493.65234375,11079.550523452239
114,509.0,531.0,1.0,10792.7666015625,11079.550523452239
114,494.0,600.0,3.0,10792.7666015625,33238.65157035671
114,1892.888888888889,638.6296296296297,27.0,30314.796875,299147.86413321045
114,845.0,654.0,1.0,10642.462890625,11079.550523452239
114,1431.0,797.0,1.0,10642.462890625,11079.550523452239
114,1347.0,800.3636363636364,11.0,16887.0234375,121875.05575797462
114,1644.0,854.0,1.0,11557.7216796875,11079.550523452239
114,466.0,883.0,1.0,10642.462890625,11079.550523452239
114,491.0,1098.0,1.0,10493.65234375,11079.550523452239
114,4.0,1178.5,2.0,10642.462890625,22159.101046904478
115,1112.9,405.1,10.0,15596.2744140625,110795.5052345224
115,1190.0,417.0,3.0,11714.3125,33238.65157035671
115,1592.0,448.3,20.0,15596.2744140625,221591.0104690448
115,1207.0,453.5,2.0,12673.693359375,22159.101046904478
115,509.0,531.0,1.0,10792.9521484375,11079.550523452239
115,1099.7241379310344,637.5862068965517,29.0,25947.513671875,321306.9651801149
115,1892.7142857142858,638.0,21.0,31075.73046875,232670.56099249702
115,900.0,705.0,1.0,10493.732421875,11079.550523452239
115,1491.0,791.0,1.0,10642.3544921875,11079.550523452239
115,437.7143351500995,841.1226749718834,11559.0,32364.9453125,128068524.50058442
115,1430.5,796.5,4.0,13670.6005859375,44318.202093808955
115,1644.0,855.0,1.0,10792.9521484375,11079.550523452239
115,28.0,957.0,1.0,10493.732421875,11079.550523452239
115,1242.5862068965516,970.3103448275862,29.0,12189.3125,321306.9651801149
115,1222.342995169082,1085.5990338164252,207.0,32364.9453125,2293466.9583546133
115,4.0,1178.0,1.0,10493.732421875,11079.550523452239
116,1774.0,381.0,1.0,11403.4375,11079.550523452239
116,1190.0,417.5,2.0,10943.0703125,22159.101046904478
116,1591.28125,449.0625,64.0,25252.2578125,709091.2335009433
116,1207.0,454.0,1.0,10642.462890625,11079.550523452239
116,1647.875,522.875,8.0,24114.529296875,88636.40418761791
116,1433.0,523.0,1.0,10493.65234375,11079.550523452239
116,509.0,532.0,1.0,10493.65234375,11079.550523452239
116,1116.0,575.0,1.0,10642.462890625,11079.550523452239
116,1892.4761904761904,638.7142857142857,21.0,29563.27734375,232670.56099249702
116,1098.2,638.4,15.0,17455.888671875,166193.2578517836
116,857.0,651.0,1.0,10493.65234375,11079.550523452239
116,1114.0,732.0,1.0,10493.65234375,11079.550523452239
116,1430.5,797.5,4.0,12510.306640625,44318.202093808955
116,1643.5,855.0,2.0,12030.033203125,22159.101046904478
116,687.0,905.0,1.0,10642.462890625,11079.550523452239
116,1221.9252669039147,1084.8505338078292,281.0,32105.99609375,3113353.697090079
117,1774.5,381.5,2.0,12673.693359375,22159.101046904478
117,1127.5,402.0,2.0,13670.6005859375,22159.101046904478
117,1190.0,416.0,1.0,10493.732421875,11079.550523452239
117,1647.4117647058824,522.9411764705883,17.0,29314.974609375,188352.35889868805
117,1291.0,563.0,1.0,11403.2421875,11079.550523452239
117,1116.0,575.0,1.0,10642.3544921875,11079.550523452239
117,1892.35,638.6,20.0,28088.9609375,221591.0104690448
117,857.0,651.0,1.0,10943.056640625,11079.550523452239
117,844.0,692.0,1.0,10943.056640625,11079.550523452239
117,1112.5,733.0,4.0,12349.2919921875,44318.202093808955
117,437.1914856945881,841.2109617373319,11604.0,32364.9453125,128567104.27413978
117,1430.5,797.0,2.0,11403.2421875,22159.101046904478
117,1643.0,855.0,1.0,13670.6005859375,11079.550523452239
117,1246.25,958.5,4.0,10943.056640625,44318.202093808955
117,1226.2343434343434,1056.448484848485,495.0,32106.21484375,5484377.509108858
117,6.2,1172.2,5.0,15058.0732421875,55397.7526172612
118,1773.0,381.0,1.0,11248.853515625,11079.550523452239
118,1125.5,403.0,2.0,13167.8701171875,22159.101046904478
118,1190.0,416.0,1.0,10493.490234375,11079.550523452239
118,1983.0,445.0,1.0,10493.490234375,11079.550523452239
118,1647.5333333333333,524.2666666666667,15.0,30314.60546875,166193.2578517836
118,510.0,532.0,1.0,10493.490234375,11079.550523452239
118,1291.0,564.0,1.0,10493.490234375,11079.550523452239
118,1116.0,575.0,1.0,10943.251953125,11079.550523452239
118,1892.7692307692307,639.8076923076923,26.0,29563.19140625,288068.3136097582
118,1212.0,669.0,1.0,10493.490234375,11079.550523452239
118,844.0,692.0,1.0,11248.853515625,11079.550523452239
118,1114.0,733.0,1.0,10792.673828125,11079.550523452239
118,1377.268156424581,859.4469273743017,179.0,31587.859375,1983239.5436979507
118,1426.0,894.0,1.0,10493.490234375,11079.550523452239
118,6.0,925.0,1.0,11095.806640625,11079.550523452239
118,721.0,925.0,1.0,10943.251953125,11079.550523452239
118,1224.8886597938144,1063.863917525773,485.0,32364.9453125,5373582.003874335
118,5.555555555555555,1175.111111111111,9.0,12836.1025390625,99715.95471107015
119,1413.0,329.5,4.0,14355.220703125,44318.202093808955
119,1774.0,381.0,1.0,10493.490234375,11079.550523452239
119,1291.0,563.0,1.0,10642.587890625,11079.550523452239
119,1192.0,594.0,1.0,11248.853515625,11079.550523452239
119,1892.5151515151515,639.7272727272727,33.0,29067.0234375,365625.1672739239
119,1212.0,668.0,1.0,10493.490234375,11079.550523452239
119,452.0,880.0,1.0,10493.490234375,11079.550523452239
119,1208.0,895.0,1.0,11248.853515625,11079.550523452239
119,1166.0,902.0,1.0,10642.587890625,11079.550523452239
119,721.0,924.0,1.0,10493.490234375,11079.550523452239
119,1224.6314741035856,1063.414342629482,502.0,32364.9453125,5561934.362773024
119,4.9,1175.3,10.0,15058.251953125,110795.5052345224
120,1417.5,331.875,8.0,13334.189453125,88636.40418761791
120,1837.0,431.0,1.0,10493.60546875,11079.550523452239
120,1646.9,523.9,10.0,19020.373046875,110795.5052345224
120,1891.967741935484,639.0,31.0,28088.87109375,343466.0662270194
120,451.0,879.5,2.0,10642.58203125,22159.101046904478
120,405.5,887.0,2.0,10642.58203125,22159.101046904478
120,1425.0,893.0,1.0,10642.58203125,11079.550523452239
120,1224.2227848101265,1067.0860759493671,395.0,31075.421875,4376422.456763634
120,4.444444444444445,1175.888888888889,9.0,15777.5029296875,99715.95471107015
121,1127.5,402.0,2.0,11096.123046875,22159.101046904478
121,1752.0,461.0,1.0,11096.123046875,11079.550523452239
121,1400.0,522.0,1.0,11249.189453125,11079.550523452239
121,1647.0,523.5,2.0,11096.123046875,22159.101046904478
121,1291.0,563.0,1.0,10642.3544921875,11079.550523452239
121,1140.6666666666667,632.6666666666666,3.0,12189.3125,33238.65157035671
121,1891.5217391304348,639.304347826087,23.0,30567.15625,254829.6620394015
121,436.1169180100537,841.3456404922864,11538.0,32364.9453125,127835853.93959193
121,1424.5,894.0,2.0,11714.3125,22159.101046904478
121,1166.0,902.0,1.0,10493.732421875,11079.550523452239
121,715.0,931.0,1.0,10493.732421875,11079.550523452239
121,748.625,1016.25,8.0,11557.791015625,88636.40418761791
121,4.0,1177.0,9.0,12673.693359375,99715.95471107015
122,1128.5,402.0,2.0,12349.3134765625,22159.101046904478
122,1751.0,461.0,1.0,10792.673828125,11079.550523452239
122,1637.0,510.0,1.0,10493.490234375,11079.550523452239
122,495.0,512.0,1.0,10642.587890625,11079.550523452239
122,1400.0,523.0,1.0,10792.673828125,11079.550523452239
122,1196.0,586.0,1.0,10493.490234375,11079.550523452239
122,1891.0869565217392,639.4782608695652,23.0,30566.88671875,254829.6620394015
122,840.0,694.0,1.0,10493.490234375,11079.550523452239
122,1424.0,894.5,2.0,11248.853515625,22159.101046904478
122,466.0,897.0,1.0,10792.673828125,11079.550523452239
122,720.0,925.0,1.0,10792.673828125,11079.550523452239
122,3.0,936.5,2.0,10943.251953125,22159.101046904478
122,748.125,1016.25,8.0,11095.806640625,88636.40418761791
122,3.4285714285714284,1179.2857142857142,7.0,11871.41015625,77556.85366416567
123,1761.8,367.2,5.0,12673.9794921875,55397.7526172612
123,1911.0,467.0,1.0,12673.9794921875,11079.550523452239
123,1400.0,522.0,1.0,10792.796875,11079.550523452239
123,1891.0833333333333,638.4583333333334,24.0,31075.61328125,265909.2125628537
123,1232.0,740.0,1.0,11248.900390625,11079.550523452239
123,498.0,878.0,1.0,10493.6640625,11079.550523452239
123,1424.0,894.0,1.0,11095.87890625,11079.550523452239
123,461.09090909090907,896.0909090909091,11.0,11557.4130859375,121875.05575797462
123,720.0,924.0,1.0,10642.736328125,11079.550523452239
123,3.0,936.0,3.0,11403.404296875,33238.65157035671
123,748.75,1015.75,8.0,11248.900390625,88636.40418761791
123,1227.142857142857,1043.9285714285713,14.0,15236.357421875,155113.70732833134
123,3.0,1178.0,5.0,11871.35546875,55397.7526172612
124,1910.0,466.0,1.0,10642.587890625,11079.550523452239
124,1394.0,502.5,2.0,11557.416015625,22159.101046904478
124,1458.0,603.0,1.0,11095.806640625,11079.550523452239
124,1890.8636363636363,637.7727272727273,22.0,32105.75390625,243750.11151594925
124,1386.1666666666667,780.3333333333334,6.0,13501.611328125,66477.30314071343
124,1645.0,854.0,3.0,11714.4140625,33238.65157035671
124,15.0,890.0,1.0,10493.490234375,11079.550523452239
124,1386.0,919.0,1.0,10493.490234375,11079.550523452239
124,748.3333333333334,1015.1111111111111,9.0,11095.806640625,99715.95471107015
125,501.0,611.0,1.0,10642.587890625,11079.550523452239
125,1891.0357142857142,637.8571428571429,28.0,31331.62890625,310227.4146566627
125,1386.3076923076924,780.7692307692307,13.0,20443.54296875,144034.1568048791
125,1645.0,854.0,1.0,13334.2470703125,11079.550523452239
125,1212.3333333333333,887.3333333333334,3.0,11248.853515625,33238.65157035671
126,1760.5,368.5,2.0,11403.2421875,22159.101046904478
126,1128.0,401.0,1.0,10943.056640625,11079.550523452239
126,1607.5,461.0,4.0,14354.955078125,44318.202093808955
126,1067.5,473.0,2.0,12029.828125,22159.101046904478
126,493.5,514.0,2.0,10493.732421875,22159.101046904478
126,498.0,612.0,1.0,10346.09765625,11079.550523452239
126,1105.1379310344828,635.1034482758621,29.0,21491.80078125,321306.9651801149
126,1890.7368421052631,638.2631578947369,19.0,29813.1796875,210511.45994559253
126,1431.0,804.0,1.0,10493.732421875,11079.550523452239
126,1394.0,851.5833333333334,12.0,13001.05859375,132954.60628142685
126,1348.9545454545455,863.6363636363636,22.0,21705.10546875,243750.11151594925
126,1421.0,893.0,1.0,11557.791015625,11079.550523452239
126,1247.0,954.0,1.0,10346.09765625,11079.550523452239
126,1219.928,1093.448,125.0,21279.482421875,1384943.81543153
127,1608.75,463.5,16.0,15415.1767578125,177272.80837523582
127,1068.0,473.5,2.0,11403.328125,22159.101046904478
127,494.3333333333333,513.0,3.0,10642.3837890625,33238.65157035671
127,507.0,612.0,1.0,10493.525390625,11079.550523452239
127,1891.2142857142858,638.8571428571429,14.0,23003.560546875,155113.70732833134
127,1212.5,667.0,2.0,11249.08203125,22159.101046904478
127,1231.5,740.0,2.0,12674.015625,22159.101046904478
127,1381.857142857143,782.4285714285714,7.0,20859.79296875,77556.85366416567
127,1432.0,805.0,1.0,11095.81640625,11079.550523452239
127,1644.2,855.2,5.0,13001.1142578125,55397.7526172612
127,1421.3333333333333,893.6666666666666,3.0,12349.3662109375,33238.65157035671
127,1248.4,952.4,5.0,12189.734375,55397.7526172612
128,1765.0,372.0,1.0,10346.09765625,11079.550523452239
128,1128.4,401.4,5.0,16512.697265625,55397.7526172612
128,1609.4166666666667,464.0,24.0,16886.970703125,265909.2125628537
128,1068.0,473.5,2.0,14354.955078125,22159.101046904478
128,493.25,512.25,4.0,10642.3544921875,44318.202093808955
128,1116.0,574.0,1.0,11557.791015625,11079.550523452239
128,507.0,611.0,1.0,10493.732421875,11079.550523452239
128,1891.8,638.95,20.0,21491.80078125,221591.0104690448
128,1432.0,804.5,2.0,10642.3544921875,22159.101046904478
128,1644.7142857142858,854.7142857142857,7.0,17840.919921875,77556.85366416567
128,1421.0,893.5,2.0,11096.123046875,22159.101046904478
128,719.0,953.0,1.0,10346.09765625,11079.550523452239
128,28.0,955.0,1.0,10346.09765625,11079.550523452239
129,1128.0,401.5,6.0,17455.669921875,66477.30314071343
129,1610.03125,464.65625,32.0,17647.6875,354545.61675047164
129,1068.0,473.0,1.0,12673.9794921875,11079.550523452239
129,493.6,511.8,5.0,10493.6640625,55397.7526172612
129,1401.5,532.0,4.0,10942.857421875,44318.202093808955
129,1116.0,574.0,1.0,10346.0712890625,11079.550523452239
129,506.0,611.0,3.0,10792.796875,33238.65157035671
129,1212.0,667.5,2.0,11248.900390625,22159.101046904478
129,491.0,681.0,1.0,10493.6640625,11079.550523452239
129,1231.8333333333333,739.8333333333334,6.0,31075.61328125,66477.30314071343
129,1376.2857142857142,785.0,7.0,15959.509765625,77556.85366416567
129,1490.0,790.0,1.0,10346.0712890625,11079.550523452239
129,1432.0,804.0,1.0,10493.6640625,11079.550523452239
129,1645.2727272727273,853.8181818181819,11.0,30567.18359375,121875.05575797462
129,1353.0833333333333,863.4583333333334,24.0,21918.48046875,265909.2125628537
129,455.0,882.0,1.0,10642.736328125,11079.550523452239
129,28.0,954.0,1.0,10346.0712890625,11079.550523452239
130,1771.0,377.0,1.0,10493.490234375,11079.550523452239
130,1129.142857142857,401.14285714285717,7.0,14529.498046875,77556.85366416567
130,1610.9117647058824,465.44117647058823,34.0,17647.71484375,376704.7177973761
130,494.0,511.6666666666667,3.0,10345.8740234375,33238.65157035671
130,1212.6,667.2,5.0,12510.259765625,55397.7526172612
130,491.0,681.0,1.0,10493.490234375,11079.550523452239
130,1232.0,739.8333333333334,6.0,28331.90234375,66477.30314071343
130,1645.3636363636363,854.1818181818181,11.0,24793.544921875,121875.05575797462
130,27.0,912.5,4.0,11403.3818359375,44318.202093808955
130,706.5,942.0,2.0,10943.251953125,22159.101046904478
131,1611.2727272727273,465.93939393939394,33.0,17265.095703125,365625.1672739239
131,1068.0,472.0,1.0,11095.806640625,11079.550523452239
131,493.2,511.4,5.0,10493.490234375,55397.7526172612
131,1212.8,667.6,5.0,16512.6953125,55397.7526172612
131,1232.125,739.875,8.0,31587.859375,88636.40418761791
131,1645.909090909091,853.7272727272727,11.0,31075.3984375,121875.05575797462
131,1420.0,894.0,1.0,10493.490234375,11079.550523452239
131,563.0,1013.0,1.0,10493.490234375,11079.550523452239
131,368.0,1084.0,1.0,10792.673828125,11079.550523452239
132,1068.5,473.5,4.0,16512.36328125,44318.202093808955
132,493.0,511.0,1.0,10493.828125,11079.550523452239
132,1468.5,585.5,4.0,16887.021484375,44318.202093808955
132,1444.0,714.75,4.0,14010.2314453125,44318.202093808955
132,1617.0,722.0,1.0,10642.7119140625,11079.550523452239
132,1232.0,740.0,7.0,31331.703125,77556.85366416567
132,1402.0,807.0,1.0,11096.220703125,11079.550523452239
132,1645.6666666666667,854.4444444444445,9.0,25252.4375,99715.95471107015
132,1412.0,913.0,1.0,10642.7119140625,11079.550523452239
132,708.0,942.0,1.0,11096.220703125,11079.550523452239
132,561.0,1015.0,1.0,10493.828125,11079.550523452239
133,1773.0,378.5,4.0,15414.833984375,44318.202093808955
133,1612.0,467.6666666666667,24.0,15596.041015625,265909.2125628537
133,1906.0,466.0,1.0,11249.0224609375,11079.550523452239
133,1069.0,473.5,2.0,12349.0,22159.101046904478
133,494.0,512.5,2.0,10493.828125,22159.101046904478
133,1646.0,520.0,3.0,12349.0,33238.65157035671
133,1468.5,586.0,2.0,13167.8623046875,22159.101046904478
133,496.5,602.0,2.0,11403.29296875,22159.101046904478
133,1617.0,722.0,1.0,10792.576171875,11079.550523452239
133,1232.3333333333333,740.6666666666666,3.0,19623.744140625,33238.65157035671
133,1554.0,797.0,1.0,11096.220703125,11079.550523452239
133,1646.0,854.0,7.0,26181.00390625,77556.85366416567
133,2.0,935.0,1.0,10642.7119140625,11079.550523452239
133,711.0,936.0,1.0,11249.0224609375,11079.550523452239
134,1612.1363636363637,468.1363636363636,22.0,14010.2314453125,243750.11151594925
134,1720.0,464.0,1.0,11096.220703125,11079.550523452239
134,493.6,512.4,5.0,10792.576171875,55397.7526172612
134,496.5,602.5,6.0,12029.68359375,66477.30314071343
134,1617.5,722.5,4.0,10493.828125,44318.202093808955
134,1645.857142857143,854.4285714285714,7.0,19421.4765625,77556.85366416567
134,711.0,936.0,1.0,11557.564453125,11079.550523452239
135,1891.8333333333333,640.1666666666666,12.0,29315.01953125,132954.60628142685
135,1617.0,724.5,2.0,10493.41015625,22159.101046904478
135,1490.2,790.6,5.0,17265.3671875,55397.7526172612
135,1645.0,855.5,4.0,14010.048828125,44318.202093808955
135,432.0,882.0,1.0,10346.07421875,11079.550523452239
135,712.0,938.0,1.0,10493.41015625,11079.550523452239
135,394.3333333333333,944.0,3.0,10792.560546875,33238.65157035671
135,1315.0,960.1666666666666,6.0,12189.759765625,66477.30314071343
136,1295.0,562.0,1.0,10642.462890625,11079.550523452239
136,848.0,647.0,1.0,10493.65234375,11079.550523452239
136,1572.75,762.25,4.0,10792.7666015625,44318.202093808955
136,1097.0,764.0,1.0,10493.65234375,11079.550523452239
136,1490.5,790.5,4.0,12189.294921875,44318.202093808955
136,436.9566646994351,841.1223336986764,11861.0,32105.99609375,131414548.758667
136,1645.5,855.0,4.0,18425.892578125,44318.202093808955
136,1214.6666666666667,882.6666666666666,3.0,11095.8623046875,33238.65157035671
136,711.5,937.0,2.0,12349.0546875,22159.101046904478
136,1192.0,1304.0,1.0,10792.7666015625,11079.550523452239
137,1612.3,468.0,10.0,11871.640625,110795.5052345224
137,493.2857142857143,511.14285714285717,7.0,10792.9169921875,77556.85366416567
137,849.0,646.0,1.0,10345.828125,11079.550523452239
137,1573.5,760.5,2.0,10943.306640625,22159.101046904478
137,1490.6666666666667,789.6666666666666,3.0,12349.31640625,33238.65157035671
137,1215.3333333333333,881.6666666666666,3.0,10792.9169921875,33238.65157035671
137,712.8,936.6,5.0,10943.306640625,55397.7526172612
137,399.25,942.5,4.0,11871.640625,44318.202093808955
137,1252.0,949.0,1.0,10345.828125,11079.550523452239
137,1315.4545454545455,959.9090909090909,11.0,14529.703125,121875.05575797462
138,494.3333333333333,511.6666666666667,6.0,10642.54296875,66477.30314071343
138,849.0,646.0,1.0,10642.54296875,11079.550523452239
138,1180.0,746.0,1.0,10346.203125,11079.550523452239
138,1491.6666666666667,789.6666666666666,3.0,10942.927734375,33238.65157035671
138,431.0,880.0,1.0,10346.203125,11079.550523452239
138,1216.0,881.5,2.0,11096.154296875,22159.101046904478
138,376.0,882.0,1.0,10493.3623046875,11079.550523452239
138,1026.0,884.0,1.0,17265.173828125,11079.550523452239
138,714.0,937.0,1.0,10493.3623046875,11079.550523452239
138,399.0,943.0,1.0,10642.54296875,11079.550523452239
138,1314.5,961.5,2.0,11557.3515625,22159.101046904478
139,1409.904761904762,441.5238095238095,21.0,15777.2548828125,232670.56099249702
139,494.1666666666667,511.0,6.0,10642.724609375,66477.30314071343
139,1469.5,578.5,2.0,11557.693359375,22159.101046904478
139,1491.6666666666667,789.6666666666666,3.0,12189.76171875,33238.65157035671
139,438.45409029192126,840.3837406653089,11784.0,32106.009765625,130561423.36836119
139,1647.0,854.0,1.0,14010.013671875,11079.550523452239
139,398.6666666666667,942.6666666666666,3.0,11403.244140625,33238.65157035671
140,1188.0,423.0,1.0,10345.9658203125,11079.550523452239
140,1412.5,441.625,8.0,12673.7880859375,88636.40418761791
140,493.85714285714283,511.57142857142856,7.0,10792.9677734375,77556.85366416567
140,1296.0,562.0,1.0,11557.537109375,11079.550523452239
140,1212.25,672.75,4.0,13839.7060546875,44318.202093808955
140,1491.5,790.0,2.0,11557.537109375,22159.101046904478
140,403.0,876.0,1.0,10642.4619140625,11079.550523452239
140,397.5,943.0,8.0,12836.333984375,88636.40418761791
141,1204.0,426.0,1.0,10792.736328125,11079.550523452239
141,1409.5,442.3333333333333,6.0,12029.6748046875,66477.30314071343
141,1296.0,562.0,1.0,10346.203125,11079.550523452239
141,2012.0,626.0,3.0,17647.48046875,33238.65157035671
141,1238.0,748.0,1.0,10346.203125,11079.550523452239
141,1573.5,760.0,2.0,10942.927734375,22159.101046904478
141,1491.0,790.0,1.0,11557.3515625,11079.550523452239
141,438.2259271861177,841.0448281728479,11756.0,32105.912109375,130251195.95370452
141,431.0,881.0,1.0,10493.3623046875,11079.550523452239
141,1214.6666666666667,882.6666666666666,3.0,11248.8759765625,33238.65157035671
141,396.6,943.2,5.0,11714.625,55397.7526172612
142,1472.0,589.0,1.0,12510.0888671875,11079.550523452239
142,507.0,613.0,1.0,10493.3623046875,11079.550523452239
142,1212.0,673.0,1.0,12189.4755859375,11079.550523452239
142,1238.3333333333333,748.3333333333334,3.0,22348.9609375,33238.65157035671
142,1491.0,790.0,1.0,11403.1142578125,11079.550523452239
142,438.98900443232185,841.1212921922946,11732.0,32105.912109375,129985286.74114166
142,398.0,874.0,1.0,10493.3623046875,11079.550523452239
142,1215.5,882.5,4.0,11248.8759765625,44318.202093808955
143,1129.111111111111,402.44444444444446,9.0,13167.8701171875,99715.95471107015
143,507.0,614.0,1.0,11095.806640625,11079.550523452239
143,1212.0,673.0,1.0,12029.888671875,11079.550523452239
143,1238.3333333333333,748.6666666666666,3.0,27126.77734375,33238.65157035671
143,438.8429511840643,841.5413353851415,11697.0,31847.0546875,129597502.47282083
143,1647.0,855.5,2.0,10943.251953125,22159.101046904478
143,403.0,876.0,1.0,10345.8740234375,11079.550523452239
143,453.0,882.0,3.0,11403.3818359375,33238.65157035671
144,1988.0,435.5,2.0,10943.1396484375,22159.101046904478
144,1334.4166666666667,487.5833333333333,12.0,13839.955078125,132954.60628142685
144,492.84615384615387,510.0769230769231,13.0,10943.1396484375,144034.1568048791
144,507.0,614.0,1.0,10346.09375,11079.550523452239
144,842.0,651.0,1.0,10346.09375,11079.550523452239
144,1212.0,673.0,1.0,10793.02734375,11079.550523452239
144,1238.0,748.5,2.0,20651.818359375,22159.101046904478
144,438.78696956708103,841.3964852121732,11665.0,31847.04296875,129242956.85607037
144,1451.5,803.5,4.0,12674.0390625,44318.202093808955
144,1672.0,850.0,1.0,14881.0205078125,11079.550523452239
144,1215.0,882.75,4.0,10793.02734375,44318.202093808955
144,591.0,971.0,1.0,10642.4296875,11079.550523452239
145,1765.0,451.0,1.0,11557.4130859375,11079.550523452239
145,507.0,614.0,1.0,10346.0712890625,11079.550523452239
145,438.37492506636977,841.8133938511604,11677.0,31847.140625,129375911.4623518
145,1451.4,804.2,5.0,26415.84765625,55397.7526172612
145,1672.0,850.0,1.0,12510.09765625,11079.550523452239
145,1214.3333333333333,883.3333333333334,3.0,10642.736328125,33238.65157035671
145,713.0,930.0,1.0,10493.6640625,11079.550523452239
145,749.0769230769231,1016.8461538461538,13.0,11714.3837890625,144034.1568048791
146,1470.5,265.0,2.0,10493.3623046875,22159.101046904478
146,1187.6666666666667,422.3333333333333,3.0,12029.6748046875,33238.65157035671
146,1765.0,450.5,2.0,12189.4755859375,22159.101046904478
146,987.0,594.0,1.0,11096.154296875,11079.550523452239
146,1127.0,653.0,1.0,10642.54296875,11079.550523452239
146,1451.0,804.5,10.0,24339.8984375,110795.5052345224
146,1646.0,856.0,1.0,10642.54296875,11079.550523452239
146,27.714285714285715,957.0,14.0,10792.736328125,155113.70732833134
146,748.8333333333334,1016.8333333333334,12.0,11714.625,132954.60628142685
146,621.0,1117.0,1.0,10346.203125,11079.550523452239
147,1123.0,201.0,1.0,10493.8125,11079.550523452239
147,1608.5483870967741,455.1290322580645,31.0,19828.01171875,343466.0662270194
147,1071.0,476.0,1.0,10346.021484375,11079.550523452239
147,1450.5,803.5,4.0,18623.29296875,44318.202093808955
147,542.0,974.0,1.0,10346.021484375,11079.550523452239
147,1223.0,1078.0,1.0,10346.021484375,11079.550523452239
148,1189.3333333333333,421.0,3.0,11871.41015625,33238.65157035671
148,1295.0,562.0,1.0,10345.8740234375,11079.550523452239
148,1189.0,592.5,2.0,10943.251953125,22159.101046904478
148,987.5,593.0,2.0,11557.416015625,22159.101046904478
148,1149.0,642.0,1.0,10792.673828125,11079.550523452239
148,1220.0,660.0,1.0,11557.416015625,11079.550523452239
148,1336.0,782.9565217391304,23.0,17647.71484375,254829.6620394015
148,398.0,808.0,1.0,10493.490234375,11079.550523452239
148,1495.0,814.0,1.0,10642.587890625,11079.550523452239
148,1680.0,844.5,2.0,14705.2548828125,22159.101046904478
148,560.0,1015.0,1.0,10493.490234375,11079.550523452239
149,1188.6666666666667,419.3333333333333,3.0,11871.5,33238.65157035671
149,1660.0,519.5,2.0,12349.0400390625,22159.101046904478
149,1436.0,524.0,1.0,10346.09375,11079.550523452239
149,987.5,593.0,2.0,10493.775390625,22159.101046904478
149,1155.0,605.0,1.0,10793.02734375,11079.550523452239
149,1889.0526315789473,635.6315789473684,38.0,31331.609375,421022.91989118507
149,1220.0,659.5,2.0,10793.02734375,22159.101046904478
149,1106.0,769.0,1.0,11557.673828125,11079.550523452239
149,1337.578947368421,780.3157894736842,19.0,16886.8828125,210511.45994559253
149,1450.6666666666667,803.3333333333334,3.0,14705.162109375,33238.65157035671
149,1679.0,845.0,1.0,11871.5,11079.550523452239
149,462.7142857142857,900.4285714285714,7.0,12510.3251953125,77556.85366416567
149,712.0,929.0,1.0,10346.09375,11079.550523452239
149,1227.5,1049.5,12.0,13167.6103515625,132954.60628142685
150,1189.0,419.5,2.0,12349.306640625,22159.101046904478
150,500.0,615.0,1.0,11557.693359375,11079.550523452239
150,1220.0,659.0,1.0,10942.95703125,11079.550523452239
150,437.45071660951373,839.7254022685307,11373.0,31847.06640625,126007728.10322231
150,1215.0,886.0,3.0,11871.6884765625,33238.65157035671
150,749.5,1015.375,8.0,11095.876953125,88636.40418761791
150,1471.0,1039.5,2.0,11871.6884765625,22159.101046904478
150,1226.5555555555557,1053.5555555555557,9.0,12836.1015625,99715.95471107015
150,1978.0,1156.0,1.0,13670.533203125,11079.550523452239
151,1770.0,374.0,1.0,10493.48828125,11079.550523452239
151,438.25,528.5,4.0,10346.19921875,44318.202093808955
151,1295.5,561.5,2.0,12030.083984375,22159.101046904478
151,500.0,615.0,1.0,12030.083984375,11079.550523452239
151,1215.0,667.0,1.0,10943.0,11079.550523452239
151,437.5312143296163,839.052155588726,11389.0,31587.90625,126185000.91159755
151,711.5,928.0,2.0,11095.89453125,22159.101046904478
151,1227.0,1051.5,4.0,13001.4765625,44318.202093808955
151,1959.0,1144.0,1.0,10792.65234375,11079.550523452239
152,1770.0,375.0,1.0,10943.263671875,11079.550523452239
152,1989.0,437.5,2.0,11403.505859375,22159.101046904478
152,1295.6666666666667,562.3333333333334,3.0,12029.63671875,33238.65157035671
152,499.0,614.5,2.0,10943.263671875,22159.101046904478
152,1214.3333333333333,667.6666666666666,3.0,10943.263671875,33238.65157035671
152,1308.5,724.0,2.0,10943.263671875,22159.101046904478
152,1333.590909090909,784.5909090909091,22.0,15415.1953125,243750.11151594925
152,1462.0,838.0,1.0,11403.505859375,11079.550523452239
152,1214.6666666666667,886.3333333333334,3.0,11714.548828125,33238.65157035671
152,711.5,929.0,2.0,10792.546875,22159.101046904478
152,28.357142857142858,954.0,28.0,11096.00390625,310227.4146566627
152,1227.0,1050.0,5.0,11714.548828125,55397.7526172612
152,586.0,1088.5,4.0,13167.59765625,44318.202093808955
153,1464.5,262.0,6.0,13501.94921875,66477.30314071343
153,1738.0,463.0,1.0,10345.8046875,11079.550523452239
153,1655.125,509.125,8.0,14355.119140625,88636.40418761791
153,1295.0,562.5,2.0,13839.62109375,22159.101046904478
153,498.6666666666667,615.1666666666666,6.0,12510.3095703125,66477.30314071343
153,1136.0,637.0,1.0,12510.3095703125,11079.550523452239
153,1214.0,668.5,2.0,10792.794921875,22159.101046904478
153,1462.0,838.0,1.0,10345.8046875,11079.550523452239
153,1214.0,887.0,3.0,12510.3095703125,33238.65157035671
153,714.0,929.0,1.0,10642.6640625,11079.550523452239
153,1449.625,1087.138888888889,72.0,15777.23046875,797727.6376885612
153,409.0,1072.0,1.0,10642.6640625,11079.550523452239
153,585.0,1090.5,2.0,10792.794921875,22159.101046904478
154,1768.0,373.0,1.0,12510.0888671875,11079.550523452239
154,1295.3333333333333,562.6666666666666,3.0,13001.1220703125,33238.65157035671
154,498.5,614.5,6.0,12510.0888671875,66477.30314071343
154,1136.5,637.0,2.0,11557.3515625,22159.101046904478
154,1214.0,668.5,2.0,10493.3623046875,22159.101046904478
154,1214.5,887.0,2.0,12029.6748046875,22159.101046904478
154,714.0,929.0,1.0,10642.54296875,11079.550523452239
154,28.541666666666668,954.25,24.0,10942.927734375,265909.2125628537
154,1448.8720930232557,1089.2674418604652,86.0,20031.8515625,952841.3450168925
155,1761.0,453.5,2.0,11248.8505859375,22159.101046904478
155,1295.0,563.5,2.0,13501.484375,22159.101046904478
155,498.3333333333333,616.0,3.0,12029.923828125,33238.65157035671
155,1137.0,637.5,2.0,10642.6875,22159.101046904478
155,1424.0,736.0,1.0,12029.923828125,11079.550523452239
155,440.1770911127707,838.5325802837939,10712.0,31588.09375,118684145.20722038
155,1213.5,887.0,2.0,11096.10546875,22159.101046904478
155,714.0,929.0,1.0,10345.869140625,11079.550523452239
155,1447.1363636363637,1093.9431818181818,88.0,19020.078125,975000.446063797
156,1467.5,263.0,4.0,12029.6962890625,44318.202093808955
156,1189.0,419.0,1.0,10642.5078125,11079.550523452239
156,1761.0,453.0,1.0,10943.0654296875,11079.550523452239
156,1295.3333333333333,563.3333333333334,3.0,11871.7109375,33238.65157035671
156,498.0,615.5,2.0,10792.787109375,22159.101046904478
156,830.3333333333334,645.3333333333334,3.0,11248.9208984375,33238.65157035671
156,1620.0,723.0,1.0,10345.8037109375,11079.550523452239
156,439.7258546609378,838.3529796375864,10706.0,31588.091796875,118617667.90407968
156,1677.0,847.0,1.0,12189.6083984375,11079.550523452239
156,1214.0,888.0,1.0,10345.8037109375,11079.550523452239
156,28.041666666666668,955.2083333333334,24.0,10943.0654296875,265909.2125628537
156,1828.0,976.0,1.0,10792.787109375,11079.550523452239
156,1477.5,1019.5,10.0,14705.3330078125,110795.5052345224
156,1445.886075949367,1097.392405063291,79.0,18035.548828125,875284.4913527268
157,1189.0,418.0,1.0,10345.923828125,11079.550523452239
157,1761.0,452.0,1.0,10493.828125,11079.550523452239
157,1659.7,518.5,10.0,19623.744140625,110795.5052345224
157,1296.0,562.5,2.0,11714.7744140625,22159.101046904478
157,498.6666666666667,615.0,3.0,10792.576171875,33238.65157035671
157,830.6666666666666,645.3333333333334,3.0,12836.30078125,33238.65157035671
157,1649.0,854.0,1.0,10942.9287109375,11079.550523452239
157,1338.1538461538462,866.2307692307693,13.0,19623.744140625,144034.1568048791
157,1214.5,887.0,2.0,10493.828125,22159.101046904478
157,714.0,930.0,1.0,10642.7119140625,11079.550523452239
157,28.433333333333334,955.1333333333333,30.0,10942.9287109375,332386.5157035672
157,749.2,1016.6,5.0,10792.576171875,55397.7526172612
157,32.0,1156.0,1.0,10493.828125,11079.550523452239
158,1807.0,401.5,2.0,10792.703125,22159.101046904478
158,1605.2,455.4,5.0,16887.03125,55397.7526172612
158,1660.0,520.5,4.0,13001.1142578125,44318.202093808955
158,498.0,614.0,1.0,10346.107421875,11079.550523452239
158,749.3333333333334,1016.8888888888889,9.0,11096.21484375,99715.95471107015
159,1923.0,489.0,1.0,10943.13671875,11079.550523452239
159,492.6885245901639,510.0655737704918,61.0,11714.6728515625,675852.5819305866
159,498.0,615.0,1.0,10346.052734375,11079.550523452239
159,1648.5,854.0,2.0,11095.90234375,22159.101046904478
159,711.0,929.0,1.0,10493.5166015625,11079.550523452239
160,1605.5,455.0,2.0,16886.783203125,22159.101046904478
160,1923.0,488.0,1.0,13001.2099609375,11079.550523452239
160,493.19117647058823,510.11764705882354,68.0,11714.689453125,753409.4355947522
160,1661.0,522.5,2.0,11871.7109375,22159.101046904478
160,1281.0,562.0,1.0,10345.8037109375,11079.550523452239
160,1154.0,604.5,2.0,10642.5078125,22159.101046904478
160,830.5,645.0,2.0,11248.9208984375,22159.101046904478
160,511.0,678.0,1.0,10642.5078125,11079.550523452239
160,1650.0,854.0,1.0,11714.689453125,11079.550523452239
160,749.6666666666666,1016.8888888888889,9.0,10943.0654296875,99715.95471107015
160,1223.0,1084.5,4.0,10943.0654296875,44318.202093808955
160,1449.35,1095.95,20.0,14010.29296875,221591.0104690448
161,1133.0,399.6666666666667,3.0,11871.396484375,33238.65157035671
161,1923.5,488.0,2.0,13670.61328125,22159.101046904478
161,493.4096385542169,509.7710843373494,83.0,11871.396484375,919602.6934465358
161,1079.0,592.5,2.0,11096.10546875,22159.101046904478
161,1154.0,607.0,1.0,10345.869140625,11079.550523452239
161,432.12910222557525,839.2834779328555,10604.0,31331.75,117487553.75068754
161,711.0,928.0,1.0,10345.869140625,11079.550523452239
161,28.653846153846153,955.4230769230769,26.0,11403.041015625,288068.3136097582
161,750.0,1017.0,9.0,11557.71484375,99715.95471107015
162,1126.0,404.5,4.0,13334.087890625,44318.202093808955
162,1992.0,441.0,1.0,10346.134765625,11079.550523452239
162,1923.0,487.75,4.0,18035.390625,44318.202093808955
162,493.6666666666667,508.7011494252874,87.0,11871.4501953125,963920.8955403448
162,1660.8333333333333,522.8333333333334,6.0,17647.572265625,66477.30314071343
162,440.8095238095238,532.4761904761905,21.0,11095.81640625,232670.56099249702
162,1154.5,603.0,2.0,10943.0400390625,22159.101046904478
162,846.0,651.0,1.0,10346.134765625,11079.550523452239
162,1670.6666666666667,850.6666666666666,3.0,26415.56640625,33238.65157035671
162,715.0,931.0,1.0,11403.328125,11079.550523452239
162,750.2,1016.3,10.0,11249.08203125,110795.5052345224
163,1922.8,487.6,5.0,17075.93359375,55397.7526172612
163,493.7448979591837,508.7244897959184,98.0,12029.7939453125,1085795.9512983195
163,1661.0,522.5,2.0,14183.1240234375,22159.101046904478
163,441.3157894736842,532.421052631579,19.0,11095.9716796875,210511.45994559253
163,1293.0,565.0,1.0,10942.92578125,11079.550523452239
163,1155.5,603.0,2.0,13001.02734375,22159.101046904478
163,1192.0,634.0,1.0,10942.92578125,11079.550523452239
163,1891.7142857142858,638.0,14.0,23445.068359375,155113.70732833134
163,432.76481780991344,838.9365426695842,10511.0,31847.041015625,116457155.55200648
163,1420.0,801.0,1.0,11714.470703125,11079.550523452239
163,1293.0,837.5,2.0,12029.7939453125,22159.101046904478
163,1671.2,850.6,5.0,25252.466796875,55397.7526172612
163,421.0,887.0,3.0,11095.9716796875,33238.65157035671
163,715.0,931.0,1.0,10642.6640625,11079.550523452239
163,394.3333333333333,1038.3333333333333,3.0,11871.4033203125,33238.65157035671
163,480.0,1045.0,1.0,10493.505859375,11079.550523452239
163,19.0,1183.5,2.0,11095.9716796875,22159.101046904478
164,1467.4,262.8,5.0,15236.6162109375,55397.7526172612
164,1764.4,442.2,5.0,12673.671875,55397.7526172612
164,1922.142857142857,487.7142857142857,7.0,20651.611328125,77556.85366416567
164,493.9904761904762,509.3047619047619,105.0,12189.416015625,1163352.804962485
164,1385.0,497.0,1.0,10345.869140625,11079.550523452239
164,1660.5,520.5,6.0,13501.484375,66477.30314071343
164,1412.0,529.5,2.0,10642.6875,22159.101046904478
164,1292.0,564.5,2.0,13839.7412109375,22159.101046904478
164,1080.0,595.0,1.0,10942.876953125,11079.550523452239
164,847.0,651.0,1.0,10493.796875,11079.550523452239
164,1419.5,802.0,2.0,11248.8505859375,22159.101046904478
164,422.22222222222223,886.4444444444445,9.0,11714.314453125,99715.95471107015
164,394.42857142857144,1037.7142857142858,7.0,12673.671875,77556.85366416567
164,481.0,1045.0,1.0,12510.326171875,11079.550523452239
164,1225.0,1074.0,5.0,10942.876953125,55397.7526172612
165,1787.0,390.0,1.0,10346.052734375,11079.550523452239
165,1764.0,442.5,2.0,15415.2470703125,22159.101046904478
165,1654.0,471.8,5.0,12029.8408203125,55397.7526172612
165,1921.7142857142858,488.0,7.0,28088.955078125,77556.85366416567
165,1384.0,497.0,1.0,12029.8408203125,11079.550523452239
165,1412.0,530.0,1.0,10642.42578125,11079.550523452239
165,1292.0,565.0,1.0,12189.3525390625,11079.550523452239
165,1116.0,576.0,1.0,10346.052734375,11079.550523452239
165,1157.0,603.75,4.0,12349.345703125,44318.202093808955
165,847.0,651.5,2.0,10493.5166015625,22159.101046904478
165,1419.0,802.5,2.0,10642.42578125,22159.101046904478
165,1293.857142857143,838.0,7.0,12189.3525390625,77556.85366416567
165,1671.25,850.75,4.0,23445.287109375,44318.202093808955
165,466.6666666666667,942.6666666666666,3.0,11403.359375,33238.65157035671
165,394.85714285714283,1037.7142857142858,7.0,13001.3681640625,77556.85366416567
166,1764.0,443.0,1.0,10642.4296875,11079.550523452239
166,1656.0,473.6666666666667,3.0,11096.166015625,33238.65157035671
166,1920.75,488.625,8.0,28821.48828125,88636.40418761791
166,1157.6,604.2,5.0,11557.673828125,55397.7526172612
166,498.0,612.0,1.0,10493.775390625,11079.550523452239
166,1891.3333333333333,637.3333333333334,3.0,10943.1396484375,33238.65157035671
166,774.5,658.0,2.0,10793.02734375,22159.101046904478
166,1418.5,803.5,2.0,11403.1904296875,22159.101046904478
166,372.0,881.0,1.0,10346.09375,11079.550523452239
166,683.0,903.0,1.0,10346.09375,11079.550523452239
166,467.0,943.0,1.0,10943.1396484375,11079.550523452239
166,395.2,1037.2,5.0,11714.587890625,55397.7526172612
166,479.0,1046.0,1.0,10943.1396484375,11079.550523452239
166,809.0,1097.0,1.0,11096.166015625,11079.550523452239
167,1127.0,402.0,3.0,13334.23828125,33238.65157035671
167,1919.5,488.5,8.0,23223.634765625,88636.40418761791
167,1281.0,562.0,1.0,10793.02734375,11079.550523452239
167,1116.0,576.0,1.0,10642.4296875,11079.550523452239
167,994.0,581.0,1.0,11871.5,11079.550523452239
167,1157.6666666666667,604.1666666666666,6.0,13670.896484375,66477.30314071343
167,1894.0,641.0,9.0,13839.955078125,99715.95471107015
167,379.5113402061856,877.6268041237114,485.0,12674.0390625,5373582.003874335
167,422.2857142857143,886.5714285714286,7.0,12029.8701171875,77556.85366416567
167,395.3333333333333,1037.3333333333333,3.0,11249.1923828125,33238.65157035671
168,1919.5555555555557,487.8888888888889,9.0,17076.138671875,99715.95471107015
168,493.94214876033055,508.58677685950414,121.0,13333.982421875,1340625.613337721
168,1291.0,565.0,1.0,10346.1328125,11079.550523452239
168,994.0,580.5,2.0,10792.841796875,22159.101046904478
168,1157.5,603.0,4.0,12510.119140625,44318.202093808955
168,847.0,649.0,1.0,10346.1328125,11079.550523452239
168,1493.0,787.0,1.0,10642.46875,11079.550523452239
168,378.0,882.0,1.0,10346.1328125,11079.550523452239
168,396.0,1037.0,1.0,10493.56640625,11079.550523452239
169,1917.8,487.6,5.0,13839.62109375,55397.7526172612
169,493.7142857142857,508.5079365079365,126.0,13167.677734375,1396023.3659549821
169,1671.7272727272727,522.6818181818181,22.0,16143.568359375,243750.11151594925
169,1409.5,531.5,2.0,10642.6640625,22159.101046904478
169,1281.0,562.0,1.0,12674.0439453125,11079.550523452239
169,994.0,581.0,1.0,11095.9716796875,11079.550523452239
169,1157.5,604.0,4.0,13839.62109375,44318.202093808955
169,1234.0,648.5,2.0,11871.4033203125,22159.101046904478
169,847.0,649.0,1.0,10642.6640625,11079.550523452239
169,1492.6666666666667,787.3333333333334,3.0,10942.92578125,33238.65157035671
169,1329.25,794.625,8.0,14183.1240234375,88636.40418761791
169,714.0,936.0,1.0,10942.92578125,11079.550523452239
169,581.2727272727273,983.5454545454545,11.0,17075.93359375,121875.05575797462
170,1916.0,488.0,1.0,10792.7666015625,11079.550523452239
170,1289.0,566.0,1.0,10345.837890625,11079.550523452239
170,1157.5,605.0,2.0,13501.712890625,22159.101046904478
170,1222.6666666666667,685.6666666666666,3.0,12510.306640625,33238.65157035671
170,1492.3333333333333,788.6666666666666,3.0,12189.294921875,33238.65157035671
170,1329.0,794.8181818181819,11.0,15236.6728515625,121875.05575797462
170,381.0,884.0,1.0,10345.837890625,11079.550523452239
170,713.5,937.0,2.0,10792.7666015625,22159.101046904478
170,1177.0,994.0,1.0,10493.65234375,11079.550523452239
170,1370.0,995.0,3.0,10792.7666015625,33238.65157035671
170,410.0,1048.0,1.0,10943.0703125,11079.550523452239
171,1763.0,443.0,1.0,10493.4609375,11079.550523452239
171,493.1803278688525,508.94262295081967,122.0,13167.447265625,1351705.1638611732
171,1671.175,524.45,40.0,21279.708984375,443182.0209380896
171,1281.0,562.0,1.0,10493.4609375,11079.550523452239
171,1531.0,570.0,1.0,10792.9677734375,11079.550523452239
171,1157.3333333333333,604.6666666666666,3.0,11557.537109375,33238.65157035671
171,828.0,650.0,1.0,10642.4619140625,11079.550523452239
171,1492.0,788.0,1.0,11249.0,11079.550523452239
171,378.7142857142857,878.148051948052,385.0,12673.7880859375,4265626.951529112
171,29.166666666666668,956.25,12.0,10642.4619140625,132954.60628142685
171,581.8461538461538,984.0769230769231,13.0,18229.958984375,144034.1568048791
171,1182.3333333333333,988.3333333333334,3.0,12029.623046875,33238.65157035671
171,1370.0,995.0,1.0,10642.4619140625,11079.550523452239
171,1230.0,1041.5,4.0,12510.23828125,44318.202093808955
171,632.0,1095.0,1.0,11095.986328125,11079.550523452239
172,1752.0,398.0,1.0,10942.97265625,11079.550523452239
172,1205.0,427.0,1.0,10642.4619140625,11079.550523452239
172,1531.6666666666667,569.3333333333334,3.0,11249.0,33238.65157035671
172,1154.0,607.0,1.0,10642.4619140625,11079.550523452239
172,829.0,649.0,1.0,10493.4609375,11079.550523452239
172,378.2328431372549,877.3602941176471,408.0,12673.7880859375,4520456.613568514
172,437.0,879.0,3.0,10792.9677734375,33238.65157035671
172,28.916666666666668,956.25,12.0,10942.97265625,132954.60628142685
172,581.625,983.625,8.0,15415.0,88636.40418761791
172,1230.0,1041.0,1.0,10942.97265625,11079.550523452239
173,1752.0,397.0,1.0,10346.09375,11079.550523452239
173,1128.5,400.5,12.0,19827.904296875,132954.60628142685
173,1203.5,426.0,2.0,12836.294921875,22159.101046904478
173,1765.0,438.0,1.0,10346.09375,11079.550523452239
173,1915.0,485.0,1.0,10793.02734375,11079.550523452239
173,493.14074074074074,507.54814814814813,135.0,13001.466796875,1495739.3206660522
173,1153.0,598.0,1.0,10346.09375,11079.550523452239
173,1891.3333333333333,636.6666666666666,3.0,14183.4140625,33238.65157035671
173,828.0,649.0,1.0,10642.4296875,11079.550523452239
173,1914.0,694.0,1.0,11249.1923828125,11079.550523452239
173,1242.0,763.5,2.0,11096.166015625,22159.101046904478
173,377.26206896551724,876.8965517241379,435.0,12349.0400390625,4819604.477701724
173,29.214285714285715,955.4285714285714,14.0,10642.4296875,155113.70732833134
173,582.0,983.5,6.0,12029.8701171875,66477.30314071343
174,1752.0,397.0,1.0,10493.5166015625,11079.550523452239
174,1127.7083333333333,401.0833333333333,24.0,22785.072265625,265909.2125628537
174,1203.6666666666667,426.3333333333333,3.0,11714.6728515625,33238.65157035671
174,1437.5,433.0,2.0,10642.42578125,22159.101046904478
174,1614.0,452.0,3.0,15058.1533203125,33238.65157035671
174,1915.0,486.0,1.0,10493.5166015625,11079.550523452239
174,492.9259259259259,508.27407407407406,135.0,12836.0732421875,1495739.3206660522
174,1891.0,637.0,1.0,10346.052734375,11079.550523452239
174,1136.0,640.5,2.0,10642.42578125,22159.101046904478
174,1913.5,694.5,2.0,12189.3525390625,22159.101046904478
174,1242.0,764.0,1.0,10642.42578125,11079.550523452239
174,1455.0,805.0,1.0,10493.5166015625,11079.550523452239
174,377.77830188679246,877.8938679245283,424.0,12673.669921875,4697729.421943749
174,773.0,877.0,1.0,10346.052734375,11079.550523452239
174,29.083333333333332,955.8333333333334,12.0,10792.78125,132954.60628142685
174,582.0,984.0,1.0,10493.5166015625,11079.550523452239
174,750.5,1018.0,14.0,11095.90234375,155113.70732833134
175,1549.0,306.0,1.0,10642.462890625,11079.550523452239
175,1751.0,397.0,1.0,12510.306640625,11079.550523452239
175,1204.0,427.0,1.0,10642.462890625,11079.550523452239
175,1612.5,453.0,2.0,11714.4951171875,22159.101046904478
175,492.91269841269843,508.3015873015873,126.0,13001.033203125,1396023.3659549821
175,1153.0,599.0,1.0,10943.0703125,11079.550523452239
175,1913.5,694.5,2.0,13501.712890625,22159.101046904478
175,773.0,877.0,1.0,10642.462890625,11079.550523452239
175,13.5,894.0,2.0,12349.0546875,22159.101046904478
175,1393.3333333333333,951.3333333333334,3.0,13167.7607421875,33238.65157035671
175,750.7142857142857,1018.5714285714286,7.0,11403.4375,77556.85366416567
176,1751.0,396.0,1.0,11248.8759765625,11079.550523452239
176,1204.0,425.5,2.0,11248.8759765625,22159.101046904478
176,1613.5,452.0,2.0,11403.1142578125,22159.101046904478
176,995.0,597.0,1.0,10493.3623046875,11079.550523452239
176,1136.0,639.5,2.0,12189.4755859375,22159.101046904478
176,1914.0,695.0,1.0,11557.3515625,11079.550523452239
176,1651.0,854.0,1.0,11248.8759765625,11079.550523452239
176,29.5,954.5,2.0,10792.736328125,22159.101046904478
176,750.3333333333334,1017.4444444444445,9.0,11248.8759765625,99715.95471107015
177,1126.5357142857142,399.82142857142856,28.0,26180.76953125,310227.4146566627
177,1204.5,424.0,2.0,12030.01953125,22159.101046904478
177,1614.0,451.0,3.0,15414.8427734375,33238.65157035671
177,1915.0,488.0,1.0,11403.515625,11079.550523452239
177,492.9047619047619,506.08730158730157,126.0,12674.078125,1396023.3659549821
177,995.0,596.0,1.0,10493.60546875,11079.550523452239
177,1136.0,639.0,1.0,10493.60546875,11079.550523452239
177,433.0,883.0,1.0,10493.60546875,11079.550523452239
177,750.8333333333334,1016.8333333333334,6.0,11403.515625,66477.30314071343
177,1226.0,1060.0,1.0,10792.5625,11079.550523452239
178,1204.3333333333333,423.6666666666667,3.0,11248.8759765625,33238.65157035671
178,492.57377049180326,505.76229508196724,122.0,12673.9345703125,1351705.1638611732
178,995.0,596.0,1.0,10792.736328125,11079.550523452239
178,1156.0,603.0,1.0,10642.54296875,11079.550523452239
178,539.0,627.0,1.0,10642.54296875,11079.550523452239
178,1135.0,638.0,1.0,10493.3623046875,11079.550523452239
178,833.5,646.0,2.0,10642.54296875,22159.101046904478
178,1650.0,854.0,1.0,11714.625,11079.550523452239
178,773.6666666666666,874.3333333333334,3.0,14705.326171875,33238.65157035671
179,1204.5,424.0,2.0,11249.1923828125,22159.101046904478
179,376.25581395348837,876.8501291989664,387.0,12189.6982421875,4287786.052576017
179,773.5,875.0,2.0,12349.0400390625,22159.101046904478
179,417.0,883.0,1.0,10346.09375,11079.550523452239
179,11.0,892.5,2.0,12029.8701171875,22159.101046904478
179,28.571428571428573,956.1428571428571,7.0,10642.4296875,77556.85366416567
179,750.6666666666666,1017.6666666666666,9.0,11249.1923828125,99715.95471107015
179,1226.0,1058.5,4.0,11249.1923828125,44318.202093808955
180,1204.5,424.0,2.0,10346.107421875,22159.101046904478
180,1156.25,604.0,4.0,11096.21484375,44318.202093808955
180,1135.5,639.5,4.0,14183.3662109375,44318.202093808955
180,833.25,647.25,4.0,12189.3408203125,44318.202093808955
180,1213.0,666.0,1.0,10493.52734375,11079.550523452239
180,774.0,875.5,2.0,13670.767578125,22159.101046904478
180,421.0,881.0,1.0,10346.107421875,11079.550523452239
180,405.0,945.0,1.0,11403.099609375,11079.550523452239
180,28.5,957.0,4.0,10346.107421875,44318.202093808955
181,729.0,581.0,1.0,10346.052734375,11079.550523452239
181,1156.4,604.2,5.0,12029.8408203125,55397.7526172612
181,1135.0,639.75,4.0,13167.626953125,44318.202093808955
181,1893.0,642.0,1.0,11714.6728515625,11079.550523452239
181,833.75,647.75,4.0,12189.3525390625,44318.202093808955
181,433.55762455963765,836.8565676899849,9935.0,31588.09375,110075334.450498
181,402.0,802.5,2.0,10642.42578125,22159.101046904478
181,774.0,876.5,2.0,14880.810546875,22159.101046904478
181,10.5,893.0,2.0,13839.888671875,22159.101046904478
181,405.0,945.0,1.0,10493.5166015625,11079.550523452239
181,28.75,957.0,4.0,10642.42578125,44318.202093808955
182,1127.6,400.66,50.0,29813.22265625,553977.526172612
182,1112.0,583.0,1.0,10493.5166015625,11079.550523452239
182,498.0,603.0,1.0,10346.052734375,11079.550523452239
182,1156.4,604.2,5.0,13501.5888671875,55397.7526172612
182,1894.1818181818182,640.8181818181819,11.0,20237.22265625,121875.05575797462
182,834.0,648.0,3.0,11557.5703125,33238.65157035671
182,433.68669571385146,836.9186341067991,9869.0,31331.716796875,109344084.11595015
182,1328.3333333333333,793.8888888888889,9.0,15777.16015625,99715.95471107015
182,774.5,876.5,2.0,12029.8408203125,22159.101046904478
182,436.0,878.0,1.0,10493.5166015625,11079.550523452239
183,1667.0,553.0,1.0,10642.42578125,11079.550523452239
183,498.0,604.0,1.0,10642.42578125,11079.550523452239
183,1156.1666666666667,605.3333333333334,6.0,16512.552734375,66477.30314071343
183,1894.0,642.3333333333334,6.0,16699.05078125,66477.30314071343
183,833.3333333333334,648.6666666666666,3.0,11249.1484375,33238.65157035671
183,1327.5,795.5,2.0,10493.5166015625,22159.101046904478
183,780.0,836.5,2.0,11557.5703125,22159.101046904478
183,775.0,877.0,1.0,11403.359375,11079.550523452239
183,419.0,881.0,1.0,10346.052734375,11079.550523452239
183,28.0,958.5,2.0,10493.5166015625,22159.101046904478
183,964.0,973.0,1.0,10943.13671875,11079.550523452239
183,750.125,1018.25,8.0,11249.1484375,88636.40418761791
184,877.0,388.0,3.0,11557.6953125,33238.65157035671
184,1131.5238095238096,399.85714285714283,21.0,31331.6953125,232670.56099249702
184,982.0,588.5,2.0,12029.8115234375,22159.101046904478
184,498.5,604.0,4.0,10792.69140625,44318.202093808955
184,1156.0,604.2857142857143,7.0,15777.11328125,77556.85366416567
184,1894.5,642.0,8.0,21279.794921875,88636.40418761791
184,834.5,648.5,2.0,11095.7783203125,22159.101046904478
184,1433.0,761.0,1.0,10792.69140625,11079.550523452239
184,1116.5,769.75,4.0,13501.5322265625,44318.202093808955
184,1453.0,804.0,1.0,10642.60546875,11079.550523452239
184,95.0,864.0,1.0,10345.83203125,11079.550523452239
184,750.3333333333334,1017.4444444444445,9.0,11248.779296875,99715.95471107015
185,878.0,387.0,3.0,12189.529296875,33238.65157035671
185,1132.2,399.3,20.0,31331.7421875,221591.0104690448
185,983.0,588.0,1.0,15058.203125,11079.550523452239
185,499.0,603.0,3.0,11249.021484375,33238.65157035671
185,1115.5,769.0,2.0,11714.509765625,22159.101046904478
185,1328.5555555555557,794.7777777777778,9.0,15414.8427734375,99715.95471107015
185,1454.0,804.0,1.0,11714.509765625,11079.550523452239
185,1668.0,850.0,1.0,12189.529296875,11079.550523452239
185,751.3,1017.2,10.0,11096.0322265625,110795.5052345224
186,1385.0,301.0,1.0,10346.07421875,11079.550523452239
186,1133.8666666666666,399.06666666666666,15.0,29315.01953125,166193.2578517836
186,930.0,514.0,1.0,11403.306640625,11079.550523452239
186,1918.0,514.0,1.0,11403.306640625,11079.550523452239
186,983.3333333333334,587.6666666666666,3.0,13167.84765625,33238.65157035671
186,499.5,603.75,4.0,10942.8828125,44318.202093808955
186,1156.4,604.2,5.0,15415.2109375,55397.7526172612
186,1895.125,640.875,8.0,18821.845703125,88636.40418761791
186,1120.5,770.0,4.0,14881.1201171875,44318.202093808955
186,1433.0,774.0,1.0,11557.6103515625,11079.550523452239
186,439.2573026125518,837.233490793406,10373.0,30315.0078125,114928177.57977007
186,1667.5,850.0,2.0,17456.005859375,22159.101046904478
186,1367.3,862.725,40.0,29067.13671875,443182.0209380896
187,1135.2222222222222,398.55555555555554,9.0,18623.28125,99715.95471107015
187,1764.0,439.5,2.0,10642.4619140625,22159.101046904478
187,1614.5,452.0,2.0,11714.564453125,22159.101046904478
187,983.0,588.5,2.0,11714.564453125,22159.101046904478
187,499.3333333333333,604.0,3.0,11095.986328125,33238.65157035671
187,1156.5,604.5,4.0,13501.5703125,44318.202093808955
187,835.5,649.0,2.0,12189.662109375,22159.101046904478
187,1242.0,765.0,1.0,10345.9658203125,11079.550523452239
187,1330.8823529411766,791.8823529411765,17.0,19220.287109375,188352.35889868805
187,1667.5,850.5,4.0,32626.33984375,44318.202093808955
187,1367.6666666666667,863.1111111111111,36.0,22566.533203125,398863.8188442806
187,30.5,939.0,2.0,11095.986328125,22159.101046904478
187,73.0,973.0,1.0,11557.537109375,11079.550523452239
188,1615.0,452.0,1.0,10942.95703125,11079.550523452239
188,1156.0,604.75,4.0,13334.109375,44318.202093808955
188,1894.8666666666666,641.6666666666666,15.0,25713.970703125,166193.2578517836
188,835.3333333333334,649.3333333333334,3.0,11095.876953125,33238.65157035671
188,434.88452609266176,837.2908044816796,9907.0,30821.99609375,109765107.03584133
188,1452.0,804.0,1.0,10346.060546875,11079.550523452239
188,1667.5,851.0,6.0,32364.953125,66477.30314071343
188,1365.7837837837837,863.6756756756756,37.0,25947.427734375,409943.36936773284
188,781.0,875.0,1.0,11714.69140625,11079.550523452239
189,1132.3333333333333,399.8333333333333,6.0,16327.607421875,66477.30314071343
189,1155.5,605.0,4.0,11403.1142578125,44318.202093808955
189,710.0,617.0,1.0,12029.6748046875,11079.550523452239
189,1895.0,641.5384615384615,13.0,19020.453125,144034.1568048791
189,1235.1666666666667,646.8333333333334,6.0,20031.8515625,66477.30314071343
189,1330.25,792.8333333333334,12.0,15596.3671875,132954.60628142685
189,1667.5,851.5,4.0,20651.837890625,44318.202093808955
189,1362.0,864.4615384615385,13.0,16143.533203125,144034.1568048791
189,35.0,946.0,1.0,10346.203125,11079.550523452239
189,751.4,1018.2,5.0,10942.927734375,55397.7526172612
190,1748.5714285714287,393.14285714285717,7.0,11871.5927734375,77556.85366416567
190,1797.0,392.0,1.0,10642.4619140625,11079.550523452239
190,1136.6666666666667,397.8333333333333,6.0,12836.333984375,66477.30314071343
190,1616.5,452.0,2.0,12189.662109375,22159.101046904478
190,1155.5,604.0,2.0,11871.5927734375,22159.101046904478
190,713.0,616.5,2.0,14881.2060546875,22159.101046904478
190,1894.75,641.1875,16.0,22566.533203125,177272.80837523582
190,1234.9,646.3,10.0,21705.138671875,110795.5052345224
190,440.20419202163623,837.4963778614895,10353.0,30063.7265625,114706586.56930102
190,1329.0,795.0,1.0,10642.4619140625,11079.550523452239
190,1667.0,851.0,1.0,14705.1142578125,11079.550523452239
191,1797.0,392.0,1.0,11096.0322265625,11079.550523452239
191,1748.0,393.5,6.0,12349.0390625,66477.30314071343
191,1134.0,399.25,12.0,13167.6572265625,132954.60628142685
191,500.0,605.0,3.0,11249.021484375,33238.65157035671
191,1155.0,605.0,1.0,11871.51171875,11079.550523452239
191,1894.75,641.625,16.0,31075.421875,177272.80837523582
191,1234.8235294117646,646.6470588235294,17.0,30822.11328125,188352.35889868805
191,846.5,647.0,2.0,11403.515625,22159.101046904478
191,435.44556962025314,837.4094177215189,9875.0,30063.6875,109410561.41909085
191,1329.0,795.0,1.0,10792.5625,11079.550523452239
191,1666.5,852.0,2.0,15777.5029296875,22159.101046904478
191,35.0,947.5,2.0,10346.134765625,22159.101046904478
191,1177.0,989.0,1.0,10493.60546875,11079.550523452239
192,1796.0,392.0,1.0,11248.8837890625,11079.550523452239
192,1747.75,394.0,4.0,12189.3310546875,44318.202093808955
192,1755.0,461.0,1.0,10345.8515625,11079.550523452239
192,1155.0,605.0,1.0,12510.3974609375,11079.550523452239
192,500.0,607.0,1.0,10345.8515625,11079.550523452239
192,1894.55,642.15,20.0,30821.81640625,221591.0104690448
192,1340.0,814.0,1.0,10345.8515625,11079.550523452239
192,1666.5,852.5,4.0,19623.919921875,44318.202093808955
192,1362.5,865.0,4.0,13001.3515625,44318.202093808955
192,956.6666666666666,978.625,24.0,17076.1171875,265909.2125628537
193,1133.0,400.0,11.0,13167.4970703125,121875.05575797462
193,1827.0,418.0,1.0,10792.736328125,11079.550523452239
193,1755.0,461.0,1.0,10346.203125,11079.550523452239
193,1155.0,628.0,1.0,11096.154296875,11079.550523452239
193,1894.8666666666666,642.8666666666667,15.0,30821.943359375,166193.2578517836
193,1340.3333333333333,813.0,3.0,10792.736328125,33238.65157035671
193,1666.0,852.75,4.0,28331.8828125,44318.202093808955
193,1446.0,889.5,2.0,13840.076171875,22159.101046904478
193,733.0,940.0,1.0,10493.3623046875,11079.550523452239
194,1133.5714285714287,400.2857142857143,28.0,21491.5,310227.4146566627
194,1756.0,461.0,1.0,10493.6640625,11079.550523452239
194,992.5,592.0,2.0,11557.4130859375,22159.101046904478
194,500.0,606.0,1.0,10346.0712890625,11079.550523452239
194,1894.8,642.7333333333333,15.0,21918.48046875,166193.2578517836
194,1345.695652173913,809.4782608695652,46.0,26888.240234375,509659.324078803
194,1665.3333333333333,853.3333333333334,3.0,14010.20703125,33238.65157035671
194,1355.0454545454545,858.1818181818181,22.0,12673.9794921875,243750.11151594925
194,1446.0,889.5,2.0,12836.380859375,22159.101046904478
194,9.0,923.5,2.0,12029.806640625,22159.101046904478
194,733.0,940.0,1.0,11095.87890625,11079.550523452239
194,21.0,1179.0,1.0,10346.0712890625,11079.550523452239
195,493.92134831460675,503.87640449438203,89.0,12348.9716796875,986079.9965872492
195,1532.0,578.5,2.0,11714.666015625,22159.101046904478
195,993.0,591.0,1.0,11714.666015625,11079.550523452239
195,505.0,620.0,1.0,10642.46875,11079.550523452239
195,1894.84,641.56,25.0,29563.38671875,276988.763086306
195,1347.2692307692307,808.9615384615385,78.0,24340.0390625,864204.9408292746
195,1665.5,853.0,2.0,12836.333984375,22159.101046904478
195,432.0,882.0,1.0,10642.46875,11079.550523452239
195,1447.0,887.5,2.0,13333.982421875,22159.101046904478
195,718.0,939.0,1.0,10642.46875,11079.550523452239
195,753.0,1018.0,1.0,10792.841796875,11079.550523452239
196,1831.0,419.0,1.0,11248.85546875,11079.550523452239
196,1532.0,578.0,1.0,11557.4365234375,11079.550523452239
196,993.5,591.5,2.0,12029.6142578125,22159.101046904478
196,505.0,620.0,1.0,10642.46875,11079.550523452239
196,1637.0,632.0,3.0,12189.29296875,33238.65157035671
196,1894.3076923076924,641.5,26.0,29813.19140625,288068.3136097582
196,1312.0,725.0,3.0,11557.4365234375,33238.65157035671
196,718.0,939.0,1.0,10792.841796875,11079.550523452239
197,1386.0,302.0,1.0,10642.58203125,11079.550523452239
197,1132.7088607594937,400.63291139240505,79.0,28821.71484375,875284.4913527268
197,1831.0,419.0,1.0,12674.078125,11079.550523452239
197,494.0813953488372,503.8139534883721,86.0,12674.078125,952841.3450168925
197,1532.0,578.0,1.0,11871.51171875,11079.550523452239
197,993.0,591.0,1.0,11871.51171875,11079.550523452239
197,1637.6666666666667,630.6666666666666,3.0,11557.5078125,33238.65157035671
197,1893.7575757575758,641.8484848484849,33.0,32888.21875,365625.1672739239
197,838.0,651.0,1.0,10493.60546875,11079.550523452239
197,1348.71875,808.4166666666666,96.0,32106.21875,1063636.8502514148
197,718.0,939.0,1.0,11557.5078125,11079.550523452239
197,22.0,1178.0,1.0,10493.60546875,11079.550523452239
197,1563.0,1299.0,1.0,15058.203125,11079.550523452239
198,1377.0,296.0,1.0,10792.7666015625,11079.550523452239
198,1131.6631578947367,400.9578947368421,95.0,31587.89453125,1052557.2997279626
198,1830.5,419.0,4.0,14880.8212890625,44318.202093808955
198,1616.5,455.0,2.0,11403.4375,22159.101046904478
198,1638.5,629.5,2.0,11557.7216796875,22159.101046904478
198,1347.6825396825398,809.047619047619,63.0,24339.984375,698011.6829774911
198,718.0,939.0,1.0,10493.65234375,11079.550523452239
198,21.0,1179.0,3.0,11403.4375,33238.65157035671
199,1378.0,296.0,1.0,10642.587890625,11079.550523452239
199,1830.5,419.5,4.0,16698.8203125,44318.202093808955
199,1616.5,455.0,2.0,11557.416015625,22159.101046904478
199,1893.6470588235295,641.7941176470588,34.0,32364.9453125,376704.7177973761
199,837.0,650.0,1.0,10642.587890625,11079.550523452239
199,1351.6857142857143,806.3428571428572,35.0,15058.251953125,387784.2683208284
199,1217.3333333333333,886.3333333333334,3.0,11095.806640625,33238.65157035671
199,718.0,939.0,1.0,10493.490234375,11079.550523452239
199,1015.5,943.5,4.0,11871.41015625,44318.202093808955
