frame,x,y,area_px,intensity,area_km2,bbox,cluster_id,occurrences
0,333.6666666666667,0.3333333333333333,3.0,4679.8115234375,103954.8717643702,"(0, 333, 2, 335)",0,9
0,1213.0,132.66666666666666,3.0,3921.7958984375,103954.8717643702,"(132, 1212, 134, 1215)",3,46
0,659.0,512.0,1.0,3921.7958984375,34651.62392145673,"(512, 659, 513, 660)",8,39
0,1258.0,688.0,1.0,4105.4716796875,34651.62392145673,"(688, 1258, 689, 1259)",9,42
0,1140.0,797.5,2.0,3831.822265625,69303.24784291346,"(797, 1140, 799, 1141)",11,36
0,850.5,911.5,2.0,3921.7958984375,69303.24784291346,"(911, 850, 913, 852)",12,3
0,30.0,942.0,1.0,3831.822265625,34651.62392145673,"(942, 30, 943, 31)",13,2
0,1122.0,950.0,1.0,3921.7958984375,34651.62392145673,"(950, 1122, 951, 1123)",14,34
0,62.5,1003.5,2.0,3831.822265625,69303.24784291346,"(1003, 62, 1005, 64)",15,17
0,998.5,1115.0,2.0,3921.7958984375,69303.24784291346,"(1115, 998, 1116, 1000)",16,20
0,31.428571428571427,1292.6571428571428,70.0,15595.990234375,2425613.6745019713,"(1275, 30, 1315, 35)",18,16
1,333.6,0.8,5.0,6056.455078125,173258.11960728368,"(0, 333, 3, 335)",0,9
1,121.44444444444444,56.0,9.0,4198.2431640625,311864.6152931106,"(54, 120, 59, 124)",21,32
1,158.625,195.375,8.0,4881.203125,277212.99137165386,"(194, 157, 198, 162)",23,3
1,1771.0,394.0,1.0,3921.7958984375,34651.62392145673,"(394, 1771, 395, 1772)",24,2
1,689.0,545.5,2.0,3831.822265625,69303.24784291346,"(545, 689, 547, 690)",25,47
1,1258.0,688.0,1.0,3831.822265625,34651.62392145673,"(688, 1258, 689, 1259)",9,42
1,1140.0,797.0,1.0,4198.2431640625,34651.62392145673,"(797, 1140, 798, 1141)",11,36
1,1419.0,891.3333333333334,3.0,4198.2431640625,103954.8717643702,"(891, 1418, 893, 1421)",29,17
1,852.0,911.0,3.0,7113.76123046875,103954.8717643702,"(911, 851, 912, 854)",12,3
1,62.25,1003.75,4.0,4013.16796875,138606.49568582693,"(1003, 62, 1006, 64)",15,17
1,1013.0,1007.5,2.0,3831.822265625,69303.24784291346,"(1007, 1013, 1009, 1014)",30,3
1,31.37837837837838,1292.4324324324325,74.0,13839.8720703125,2564220.1701877983,"(1276, 29, 1315, 35)",18,16
1,1820.3846153846155,2026.0,13.0,9764.953125,450471.11097893753,"(2023, 1819, 2030, 1823)",31,37
2,333.1111111111111,1.7777777777777777,9.0,9341.0048828125,311864.6152931106,"(0, 332, 6, 335)",0,9
2,1310.9,134.7,10.0,4292.2744140625,346516.23921456735,"(133, 1308, 137, 1315)",32,9
2,157.6,195.8,15.0,6633.490234375,519774.35882185097,"(194, 155, 199, 161)",23,3
2,1928.0,315.0,1.0,3831.931640625,34651.62392145673,"(315, 1928, 316, 1929)",33,18
2,685.0,545.0,1.0,3831.931640625,34651.62392145673,"(545, 685, 546, 686)",25,47
2,1258.0,688.0,1.0,3831.931640625,34651.62392145673,"(688, 1258, 689, 1259)",9,42
2,1356.0,727.0,1.0,3831.931640625,34651.62392145673,"(727, 1356, 728, 1357)",34,5
2,1419.0,892.0,1.0,3831.931640625,34651.62392145673,"(892, 1419, 893, 1420)",29,17
2,851.5,911.0,2.0,4679.734375,69303.24784291346,"(911, 851, 912, 853)",12,3
2,1012.0,1008.5,2.0,4484.1240234375,69303.24784291346,"(1008, 1012, 1010, 1013)",30,3
2,31.126984126984127,1288.5238095238096,63.0,18230.00390625,2183052.307051774,"(1276, 29, 1304, 35)",18,16
2,1819.7,2026.7,10.0,7864.99072265625,346516.23921456735,"(2024, 1819, 2030, 1822)",31,37
3,332.8,1.3,10.0,8255.447265625,346516.23921456735,"(0, 332, 4, 335)",0,9
3,1926.3333333333333,294.6666666666667,3.0,3921.7958984375,103954.8717643702,"(294, 1926, 296, 1928)",33,18
3,1492.0,922.0,1.0,4013.16796875,34651.62392145673,"(922, 1492, 923, 1493)",38,27
3,1121.0,949.0,1.0,3921.7958984375,34651.62392145673,"(949, 1121, 950, 1122)",14,34
3,30.369565217391305,1289.1521739130435,46.0,16327.43359375,1593974.7003870097,"(1277, 29, 1305, 34)",18,16
4,750.5,6.0,2.0,4679.734375,69303.24784291346,"(6, 750, 7, 752)",41,13
4,128.0,67.5,2.0,3831.931640625,69303.24784291346,"(67, 128, 69, 129)",21,32
4,1550.0,247.0,1.0,4679.734375,34651.62392145673,"(247, 1550, 248, 1551)",43,34
4,1362.5,507.0,2.0,4012.9658203125,69303.24784291346,"(507, 1362, 508, 1364)",44,23
4,683.0,545.0,1.0,3831.931640625,34651.62392145673,"(545, 683, 546, 684)",25,47
4,30.365853658536587,1285.1951219512196,41.0,18035.333984375,1420716.580779726,"(1276, 29, 1296, 33)",18,16
5,331.42857142857144,1.2857142857142858,7.0,5833.9404296875,242561.3674501971,"(0, 331, 4, 333)",0,9
5,751.0,3.0,1.0,3832.0849609375,34651.62392145673,"(3, 751, 4, 752)",41,13
5,92.91666666666667,128.19444444444446,36.0,4981.7197265625,1247458.4611724424,"(122, 84, 133, 105)",45,11
5,683.0,543.0,1.0,4292.302734375,34651.62392145673,"(543, 683, 544, 684)",25,47
5,924.0,762.0,1.0,3921.6728515625,34651.62392145673,"(762, 924, 763, 925)",47,11
5,57.0,1002.0,1.0,3832.0849609375,34651.62392145673,"(1002, 57, 1003, 58)",15,17
5,29.511111111111113,1286.0444444444445,45.0,16143.357421875,1559323.076465553,"(1276, 28, 1298, 32)",18,16
5,1818.0,2027.5,2.0,5399.189453125,69303.24784291346,"(2027, 1818, 2029, 1819)",31,37
6,1419.0,684.0,1.0,3831.9814453125,34651.62392145673,"(684, 1419, 685, 1420)",50,4
6,1257.6818181818182,900.7727272727273,22.0,4881.3916015625,762335.7262720481,"(898, 1255, 905, 1261)",51,36
6,27.210526315789473,1287.9473684210527,38.0,12836.08203125,1316761.709015356,"(1279, 26, 1299, 30)",18,16
7,331.6666666666667,1.3333333333333333,9.0,8255.6376953125,311864.6152931106,"(0, 331, 4, 334)",0,9
7,131.0,100.0,1.0,4679.763671875,34651.62392145673,"(100, 131, 101, 132)",21,32
7,152.0,193.0,1.0,3921.861328125,34651.62392145673,"(193, 152, 194, 153)",23,3
7,1377.0,713.0,1.0,3832.15234375,34651.62392145673,"(713, 1377, 714, 1378)",52,9
7,1414.5,894.5,2.0,4012.95703125,69303.24784291346,"(894, 1414, 896, 1416)",29,17
7,27.8,1290.6857142857143,35.0,10493.73828125,1212806.8372509857,"(1282, 27, 1302, 30)",18,16
8,110.0,0.0,1.0,4105.5556640625,34651.62392145673,"(0, 110, 1, 111)",54,8
8,1215.0,47.0,1.0,3832.05810546875,34651.62392145673,"(47, 1215, 48, 1216)",55,10
8,1208.258064516129,128.5483870967742,32.0,4387.39404296875,1074200.3415651587,"(125, 1204, 133, 1213)",3,46
8,1702.0,325.3333333333333,3.0,4198.34326171875,103954.8717643702,"(325, 1701, 327, 1704)",56,4
8,682.0,544.0,1.0,3832.05810546875,34651.62392145673,"(544, 682, 545, 683)",25,47
8,1253.0,901.0,1.0,3832.05810546875,34651.62392145673,"(901, 1253, 902, 1254)",51,36
8,64.0,939.0,1.0,3832.05810546875,34651.62392145673,"(939, 64, 940, 65)",57,5
8,57.0,1010.0,1.0,3832.05810546875,34651.62392145673,"(1010, 57, 1011, 58)",15,17
8,29.38888888888889,1289.5,36.0,14881.0908203125,1247458.4611724424,"(1281, 28, 1299, 32)",18,16
9,121.0,3.0,1.0,3921.751953125,34651.62392145673,"(3, 121, 4, 122)",54,8
9,695.0,54.0,1.0,4013.0947265625,34651.62392145673,"(54, 695, 55, 696)",59,12
9,1209.325,129.525,40.0,4292.17578125,1386064.9568582694,"(126, 1205, 134, 1214)",3,46
9,1361.5,507.0,2.0,3831.9638671875,69303.24784291346,"(507, 1361, 508, 1363)",44,23
9,1254.0,902.0,1.0,3831.9638671875,34651.62392145673,"(902, 1254, 903, 1255)",51,36
9,29.966666666666665,1292.1666666666667,30.0,13501.8408203125,1039548.7176437019,"(1283, 29, 1301, 32)",18,16
9,1819.0,2028.5,2.0,5399.169921875,69303.24784291346,"(2028, 1819, 2030, 1820)",31,37
10,695.0,53.0,1.0,4198.22119140625,34651.62392145673,"(53, 695, 54, 696)",59,12
10,1209.3902439024391,129.2439024390244,41.0,4483.97607421875,1420716.580779726,"(125, 1205, 134, 1214)",3,46
10,89.0,131.5,4.0,4679.94140625,138606.49568582693,"(131, 88, 133, 91)",45,11
10,86.0,188.5,2.0,4292.27099609375,69303.24784291346,"(188, 86, 190, 87)",61,13
10,1914.0,304.0,1.0,3831.85107421875,34651.62392145673,"(304, 1914, 305, 1915)",33,18
10,1706.0,324.5,4.0,4013.06982421875,138606.49568582693,"(324, 1705, 326, 1708)",56,4
10,1361.5,507.0,4.0,4198.22119140625,138606.49568582693,"(507, 1360, 508, 1364)",44,23
10,1381.0,861.5,2.0,4105.80908203125,69303.24784291346,"(861, 1381, 863, 1382)",62,12
10,30.137931034482758,1292.6206896551723,29.0,12349.126953125,1004897.0937222452,"(1284, 29, 1301, 32)",18,16
10,1819.0,2028.0,3.0,5293.06982421875,103954.8717643702,"(2027, 1819, 2030, 1820)",31,37
11,110.0,0.5,2.0,4105.5615234375,69303.24784291346,"(0, 110, 2, 111)",54,8
11,88.5,131.5,6.0,4780.3916015625,207909.7435287404,"(131, 87, 133, 91)",45,11
11,86.0,188.5,2.0,3921.9345703125,69303.24784291346,"(188, 86, 190, 87)",61,13
11,1925.0,294.0,1.0,3831.7900390625,34651.62392145673,"(294, 1925, 295, 1926)",33,18
11,1702.0,325.0,1.0,3921.9345703125,34651.62392145673,"(325, 1702, 326, 1703)",56,4
11,1361.6,506.8,5.0,4387.2626953125,173258.11960728368,"(506, 1360, 508, 1364)",44,23
11,748.9285714285714,516.1428571428571,14.0,4012.9140625,485122.7349003942,"(513, 747, 521, 752)",63,38
11,1446.6666666666667,714.6666666666666,3.0,4012.9140625,103954.8717643702,"(714, 1446, 716, 1448)",64,13
11,1378.1666666666667,860.5,6.0,4582.158203125,207909.7435287404,"(859, 1377, 863, 1381)",62,12
11,58.0,1006.0,1.0,3921.9345703125,34651.62392145673,"(1006, 58, 1007, 59)",15,17
11,30.033333333333335,1292.7,30.0,7993.86767578125,1039548.7176437019,"(1283, 29, 1302, 33)",18,16
11,1819.0,2028.0,1.0,4484.083984375,34651.62392145673,"(2028, 1819, 2029, 1820)",31,37
12,88.55555555555556,131.55555555555554,9.0,4780.71484375,311864.6152931106,"(131, 86, 134, 93)",45,11
12,1650.0,504.0,1.0,3832.0849609375,34651.62392145673,"(504, 1650, 505, 1651)",65,2
12,657.5,510.7142857142857,14.0,4387.34765625,485122.7349003942,"(506, 656, 516, 660)",8,39
12,1360.5,507.0,4.0,4387.34765625,138606.49568582693,"(507, 1359, 508, 1363)",44,23
12,748.2222222222222,516.2222222222222,9.0,4013.080078125,311864.6152931106,"(514, 747, 520, 751)",63,38
12,681.0,554.0,1.0,3832.0849609375,34651.62392145673,"(554, 681, 555, 682)",25,47
12,1447.25,715.25,8.0,6870.7939453125,277212.99137165386,"(714, 1446, 718, 1449)",64,13
12,65.0,939.0,1.0,4013.080078125,34651.62392145673,"(939, 65, 940, 66)",57,5
12,29.771428571428572,1292.5714285714287,35.0,11403.390625,1212806.8372509857,"(1283, 29, 1305, 32)",18,16
13,351.3333333333333,4.5,6.0,4198.181640625,207909.7435287404,"(2, 351, 8, 353)",66,3
13,1214.0,65.0,1.0,4012.94873046875,34651.62392145673,"(65, 1214, 66, 1215)",55,10
13,1672.5,317.0,2.0,4105.5654296875,69303.24784291346,"(317, 1672, 318, 1674)",67,10
13,1359.375,506.375,8.0,4679.98681640625,277212.99137165386,"(506, 1357, 508, 1363)",44,23
13,1644.0,510.0,1.0,3832.06298828125,34651.62392145673,"(510, 1644, 511, 1645)",65,2
13,681.0,545.0,1.0,3922.00439453125,34651.62392145673,"(545, 681, 546, 682)",25,47
13,1446.8333333333333,714.8333333333334,6.0,6056.52587890625,207909.7435287404,"(714, 1446, 717, 1449)",64,13
13,28.914285714285715,1293.942857142857,35.0,9765.1904296875,1212806.8372509857,"(1283, 28, 1306, 31)",18,16
14,1213.5,64.5,2.0,4012.94482421875,69303.24784291346,"(64, 1213, 66, 1215)",55,10
14,1206.9333333333334,127.96666666666667,30.0,4881.1884765625,1039548.7176437019,"(124, 1203, 133, 1212)",3,46
14,1360.0,505.8333333333333,6.0,7235.92138671875,207909.7435287404,"(505, 1358, 507, 1363)",44,23
14,747.9090909090909,515.0,11.0,4198.3544921875,381167.86313602404,"(513, 746, 519, 752)",63,38
14,1055.5,916.5,2.0,4292.18408203125,69303.24784291346,"(916, 1055, 918, 1057)",68,18
14,55.0,1007.0,1.0,3832.0341796875,34651.62392145673,"(1007, 55, 1008, 56)",15,17
14,28.733333333333334,1291.1,30.0,7113.814453125,1039548.7176437019,"(1282, 28, 1302, 31)",18,16
15,1212.3333333333333,64.33333333333333,3.0,4013.2216796875,103954.8717643702,"(64, 1212, 66, 1214)",55,10
15,1643.0,310.0,1.0,3832.1513671875,34651.62392145673,"(310, 1643, 311, 1644)",69,6
15,655.9375,509.8125,16.0,4387.279296875,554425.9827433077,"(506, 654, 514, 658)",8,39
15,1359.5,506.0,4.0,6056.3310546875,138606.49568582693,"(506, 1358, 507, 1362)",44,23
15,1493.0,924.0,1.0,3832.1513671875,34651.62392145673,"(924, 1493, 925, 1494)",38,27
16,175.0,63.0,1.0,4105.525390625,34651.62392145673,"(63, 175, 64, 176)",70,6
16,1212.0,65.0,1.0,3831.7958984375,34651.62392145673,"(65, 1212, 66, 1213)",55,10
16,1293.0,128.0,1.0,4387.5068359375,34651.62392145673,"(128, 1293, 129, 1294)",71,8
16,1643.0,309.0,1.0,3831.7958984375,34651.62392145673,"(309, 1643, 310, 1644)",69,6
16,1469.0,375.0,3.0,5084.8955078125,103954.8717643702,"(374, 1469, 377, 1470)",72,8
16,1359.0,506.0,5.0,5293.05859375,173258.11960728368,"(506, 1357, 507, 1362)",44,23
16,747.7,514.6,10.0,4012.90625,346516.23921456735,"(512, 745, 518, 752)",63,38
16,679.0,552.0,1.0,3831.7958984375,34651.62392145673,"(552, 679, 553, 680)",25,47
16,1056.0,916.0,1.0,3831.7958984375,34651.62392145673,"(916, 1056, 917, 1057)",68,18
16,59.0,1004.6666666666666,3.0,3921.6640625,103954.8717643702,"(1004, 58, 1006, 61)",15,17
16,27.72222222222222,1295.388888888889,18.0,6170.640625,623729.2305862212,"(1288, 27, 1302, 29)",18,16
17,695.0,57.0,1.0,3831.7880859375,34651.62392145673,"(57, 695, 58, 696)",59,12
17,1212.0,65.0,1.0,3831.7880859375,34651.62392145673,"(65, 1212, 66, 1213)",55,10
17,1293.0,127.0,1.0,3921.77734375,34651.62392145673,"(127, 1293, 128, 1294)",71,8
17,1643.0,308.0,1.0,3921.77734375,34651.62392145673,"(308, 1643, 309, 1644)",69,6
17,1358.4285714285713,505.42857142857144,7.0,4679.9267578125,242561.3674501971,"(505, 1356, 507, 1362)",44,23
17,680.0,552.0,1.0,3921.77734375,34651.62392145673,"(552, 680, 553, 681)",25,47
17,1281.0,722.0,1.0,3921.77734375,34651.62392145673,"(722, 1281, 723, 1282)",9,42
17,59.0,1004.5,2.0,3831.7880859375,69303.24784291346,"(1004, 59, 1006, 60)",15,17
18,327.1666666666667,1.6666666666666667,6.0,5506.2470703125,207909.7435287404,"(0, 327, 5, 329)",0,9
18,173.0,61.5,2.0,4292.3193359375,69303.24784291346,"(61, 173, 63, 174)",70,6
18,1290.0,126.0,1.0,4013.294921875,34651.62392145673,"(126, 1290, 127, 1291)",71,8
18,62.333333333333336,144.66666666666666,3.0,4013.294921875,103954.8717643702,"(144, 62, 146, 64)",73,16
18,1431.0,171.0,1.0,3832.09765625,34651.62392145673,"(171, 1431, 172, 1432)",74,24
18,1135.5,795.0,2.0,4105.8212890625,69303.24784291346,"(795, 1135, 796, 1137)",11,36
18,420.5,870.5,2.0,4013.294921875,69303.24784291346,"(870, 420, 872, 422)",75,3
18,1255.7777777777778,902.3333333333334,9.0,4780.4931640625,311864.6152931106,"(900, 1255, 906, 1258)",51,36
19,328.46153846153845,2.769230769230769,13.0,7993.849609375,450471.11097893753,"(0, 328, 7, 330)",0,9
19,693.5,57.0,2.0,4292.1201171875,69303.24784291346,"(57, 693, 58, 695)",59,12
19,174.0,62.5,2.0,5615.1484375,69303.24784291346,"(62, 174, 64, 175)",70,6
19,1292.0,127.0,1.0,3832.1552734375,34651.62392145673,"(127, 1292, 128, 1293)",71,8
19,1283.125,153.25,8.0,4483.810546875,277212.99137165386,"(152, 1282, 156, 1285)",76,4
19,1642.0,309.0,1.0,3922.0390625,34651.62392145673,"(309, 1642, 310, 1643)",69,6
19,1357.5,505.0,2.0,4292.1201171875,69303.24784291346,"(505, 1357, 506, 1359)",44,23
19,680.0,551.0,1.0,4013.2978515625,34651.62392145673,"(551, 680, 552, 681)",25,47
19,422.0,869.0,1.0,4013.2978515625,34651.62392145673,"(869, 422, 870, 423)",75,3
20,329.46666666666664,3.533333333333333,15.0,5945.0361328125,519774.35882185097,"(0, 329, 10, 332)",0,9
20,718.0,8.0,1.0,4013.16796875,34651.62392145673,"(8, 718, 9, 719)",41,13
20,1293.0,128.0,1.0,4105.4716796875,34651.62392145673,"(128, 1293, 129, 1294)",71,8
20,1643.5,309.5,4.0,4291.9462890625,138606.49568582693,"(309, 1643, 311, 1645)",69,6
20,748.25,513.75,8.0,4291.9462890625,277212.99137165386,"(512, 745, 516, 752)",63,38
20,423.0,869.5,4.0,4881.203125,138606.49568582693,"(868, 423, 872, 424)",75,3
21,718.6666666666666,8.666666666666666,3.0,5084.9501953125,103954.8717643702,"(8, 718, 10, 720)",41,13
21,1217.0,51.0,1.0,3921.6728515625,34651.62392145673,"(51, 1217, 52, 1218)",55,10
21,177.0,64.5,2.0,4387.34765625,69303.24784291346,"(64, 177, 66, 178)",70,6
21,1360.0,506.0,3.0,4387.34765625,103954.8717643702,"(506, 1359, 507, 1362)",44,23
22,176.75,64.0,4.0,5945.0556640625,138606.49568582693,"(63, 176, 66, 178)",70,6
22,1691.25,467.375,8.0,4881.2509765625,277212.99137165386,"(466, 1690, 470, 1693)",80,6
22,657.5,507.125,32.0,4484.1689453125,1108851.9654866154,"(499, 656, 515, 660)",8,39
22,1360.0,506.0,1.0,4105.8681640625,34651.62392145673,"(506, 1360, 507, 1361)",44,23
22,1407.0,896.0,1.0,3831.755859375,34651.62392145673,"(896, 1407, 897, 1408)",29,17
23,351.0,6.0,1.0,3831.99609375,34651.62392145673,"(6, 351, 7, 352)",66,3
23,717.6,8.8,5.0,5188.5439453125,173258.11960728368,"(8, 717, 11, 719)",41,13
23,176.0,64.5,2.0,4981.9609375,69303.24784291346,"(64, 176, 66, 177)",70,6
23,57.0,152.0,1.0,3831.99609375,34651.62392145673,"(152, 57, 153, 58)",73,16
23,1691.6666666666667,472.6666666666667,3.0,3921.998046875,103954.8717643702,"(472, 1691, 474, 1693)",80,6
23,657.0526315789474,507.9736842105263,38.0,4679.7802734375,1316761.709015356,"(500, 655, 516, 659)",8,39
23,684.0,545.0,1.0,3921.998046875,34651.62392145673,"(545, 684, 546, 685)",25,47
23,1633.0,560.0,1.0,4012.931640625,34651.62392145673,"(560, 1633, 561, 1634)",82,3
23,1407.5,896.5,2.0,4292.26171875,69303.24784291346,"(896, 1407, 898, 1409)",29,17
23,1225.0,910.0,1.0,3921.998046875,34651.62392145673,"(910, 1225, 911, 1226)",83,9
23,930.5,1448.3333333333333,6.0,4881.234375,207909.7435287404,"(1448, 928, 1450, 934)",84,3
24,351.5,3.5,4.0,4013.01953125,138606.49568582693,"(2, 351, 6, 353)",66,3
24,716.6666666666666,8.333333333333334,3.0,4484.052734375,103954.8717643702,"(8, 716, 10, 718)",41,13
24,1215.0,48.0,1.0,4013.01953125,34651.62392145673,"(48, 1215, 49, 1216)",55,10
24,656.4705882352941,508.2352941176471,34.0,4387.2783203125,1178155.213329529,"(500, 655, 516, 659)",8,39
24,749.0,514.3,10.0,4292.3369140625,346516.23921456735,"(513, 746, 517, 753)",63,38
24,684.0,545.0,1.0,3831.8525390625,34651.62392145673,"(545, 684, 546, 685)",25,47
24,1635.0,570.0,1.0,3831.8525390625,34651.62392145673,"(570, 1635, 571, 1636)",82,3
24,1297.6666666666667,792.0,3.0,3921.748046875,103954.8717643702,"(791, 1297, 794, 1299)",85,25
24,931.0,1448.6,5.0,6399.8359375,173258.11960728368,"(1448, 929, 1450, 934)",84,3
25,716.5,7.5,2.0,5085.01953125,69303.24784291346,"(7, 716, 9, 718)",41,13
25,655.8823529411765,506.88235294117646,34.0,4387.392578125,1178155.213329529,"(498, 654, 515, 658)",8,39
25,683.0,543.5,4.0,4105.73046875,138606.49568582693,"(543, 682, 545, 685)",25,47
26,716.0,7.5,6.0,5615.2568359375,207909.7435287404,"(6, 715, 10, 718)",41,13
26,1912.0,301.0,1.0,3831.7880859375,34651.62392145673,"(301, 1912, 302, 1913)",33,18
26,1833.0,502.0,1.0,3831.7880859375,34651.62392145673,"(502, 1833, 503, 1834)",86,24
26,747.8,513.1,10.0,4105.486328125,346516.23921456735,"(512, 745, 516, 751)",63,38
26,724.0,530.5,2.0,3831.7880859375,69303.24784291346,"(530, 724, 532, 725)",87,49
26,1635.0,573.0,1.0,3831.7880859375,34651.62392145673,"(573, 1635, 574, 1636)",82,3
27,716.0,6.5,2.0,4387.5771484375,69303.24784291346,"(6, 716, 8, 717)",41,13
27,1204.5,136.0,2.0,4013.1650390625,69303.24784291346,"(136, 1204, 137, 1206)",3,46
27,749.4285714285714,512.8571428571429,7.0,4198.2734375,242561.3674501971,"(512, 747, 515, 752)",63,38
27,724.0,530.0,1.0,4013.1650390625,34651.62392145673,"(530, 724, 531, 725)",87,49
27,682.0,543.2,5.0,3921.77734375,173258.11960728368,"(542, 681, 545, 684)",25,47
27,925.0,1447.0,1.0,4582.0107421875,34651.62392145673,"(1447, 925, 1448, 926)",84,3
28,1249.0,40.0,1.0,3831.7626953125,34651.62392145673,"(40, 1249, 41, 1250)",88,3
28,726.0,532.0,1.0,3831.7626953125,34651.62392145673,"(532, 726, 533, 727)",87,49
28,1297.5,791.5,2.0,3831.7626953125,69303.24784291346,"(791, 1297, 793, 1299)",85,25
28,1495.0,923.0,1.0,3921.7890625,34651.62392145673,"(923, 1495, 924, 1496)",38,27
29,654.6285714285714,505.85714285714283,35.0,4387.30859375,1212806.8372509857,"(498, 653, 513, 657)",8,39
29,680.6666666666666,542.3333333333334,3.0,4105.6591796875,103954.8717643702,"(542, 680, 544, 682)",25,47
29,1265.0,703.5,2.0,4582.0126953125,69303.24784291346,"(703, 1265, 705, 1266)",9,42
29,1289.0,727.0,1.0,3831.8720703125,34651.62392145673,"(727, 1289, 728, 1290)",9,42
29,1493.5,921.5,2.0,4013.1630859375,69303.24784291346,"(921, 1493, 923, 1495)",38,27
29,53.0,1005.0,1.0,3831.8720703125,34651.62392145673,"(1005, 53, 1006, 54)",15,17
30,1214.0,43.0,1.0,4012.95703125,34651.62392145673,"(43, 1214, 44, 1215)",55,10
30,126.0,57.5,2.0,3921.861328125,69303.24784291346,"(57, 126, 59, 127)",21,32
30,122.4,134.2,5.0,5399.28515625,173258.11960728368,"(133, 122, 136, 124)",21,32
30,1494.0,922.5,2.0,4012.95703125,69303.24784291346,"(922, 1494, 924, 1495)",38,27
31,1214.0,43.0,1.0,3831.857421875,34651.62392145673,"(43, 1214, 44, 1215)",55,10
31,141.5,85.0,2.0,4387.416015625,69303.24784291346,"(85, 141, 86, 143)",89,2
31,97.0,126.0,1.0,3921.9228515625,34651.62392145673,"(126, 97, 127, 98)",45,11
31,1591.0,249.5,2.0,4679.890625,69303.24784291346,"(249, 1591, 251, 1592)",43,34
31,680.0,543.0,6.0,4105.8447265625,207909.7435287404,"(542, 679, 545, 682)",25,47
31,1265.125,703.375,8.0,4387.416015625,277212.99137165386,"(701, 1264, 706, 1267)",9,42
31,1297.0,793.0,1.0,3921.9228515625,34651.62392145673,"(793, 1297, 794, 1298)",85,25
31,1494.5,923.0,2.0,4012.935546875,69303.24784291346,"(923, 1494, 924, 1496)",38,27
31,1817.0,2028.0,3.0,4198.2802734375,103954.8717643702,"(2027, 1816, 2030, 1819)",31,37
32,142.5,85.0,2.0,4105.796875,69303.24784291346,"(85, 142, 86, 144)",89,2
32,1314.0,133.0,1.0,3832.166015625,34651.62392145673,"(133, 1314, 134, 1315)",32,9
32,1879.0,488.0,1.0,4013.1767578125,34651.62392145673,"(488, 1879, 489, 1880)",90,36
32,1834.6666666666667,503.0,3.0,3921.9658203125,103954.8717643702,"(502, 1834, 505, 1836)",86,24
32,746.3333333333334,513.3333333333334,3.0,3921.9658203125,103954.8717643702,"(513, 746, 515, 748)",63,38
32,679.8,543.0,5.0,4387.4208984375,173258.11960728368,"(542, 679, 545, 682)",25,47
33,738.5,13.0,2.0,4105.5986328125,69303.24784291346,"(13, 738, 14, 740)",41,13
33,92.83333333333333,131.33333333333334,6.0,4981.6142578125,207909.7435287404,"(131, 91, 133, 96)",45,11
33,1314.6666666666667,133.33333333333334,3.0,4581.9287109375,103954.8717643702,"(133, 1314, 135, 1316)",32,9
33,747.0,514.0,1.0,3831.931640625,34651.62392145673,"(514, 747, 515, 748)",63,38
33,679.5,543.1666666666666,6.0,4012.9658203125,207909.7435287404,"(542, 679, 546, 682)",25,47
33,1494.0,923.0,1.0,3921.7431640625,34651.62392145673,"(923, 1494, 924, 1495)",38,27
33,1816.25,2029.75,8.0,6284.587890625,277212.99137165386,"(2027, 1815, 2033, 1818)",31,37
34,1315.3333333333333,134.66666666666666,3.0,4292.26171875,103954.8717643702,"(134, 1315, 136, 1317)",32,9
34,746.0,515.0,1.0,3921.998046875,34651.62392145673,"(515, 746, 516, 747)",63,38
34,916.0,909.5,2.0,4198.0634765625,69303.24784291346,"(909, 916, 911, 917)",92,2
34,62.0,1002.0,1.0,3831.99609375,34651.62392145673,"(1002, 62, 1003, 63)",15,17
34,1817.1818181818182,2030.909090909091,11.0,9063.2626953125,381167.86313602404,"(2028, 1816, 2034, 1819)",31,37
35,1316.0,134.0,1.0,4013.1767578125,34651.62392145673,"(134, 1316, 135, 1317)",32,9
35,1915.0,303.0,1.0,3832.166015625,34651.62392145673,"(303, 1915, 304, 1916)",33,18
35,679.5,543.0,4.0,4013.1767578125,138606.49568582693,"(542, 679, 545, 681)",25,47
35,1817.2727272727273,2030.5454545454545,11.0,9063.126953125,381167.86313602404,"(2028, 1816, 2034, 1819)",31,37
36,1460.0,372.0,1.0,4105.8447265625,34651.62392145673,"(372, 1460, 373, 1461)",72,8
36,655.28125,506.0,32.0,4198.2802734375,1108851.9654866154,"(498, 653, 513, 658)",8,39
36,1133.0,791.0,1.0,3831.857421875,34651.62392145673,"(791, 1133, 792, 1134)",11,36
36,1403.0,948.0,1.0,3831.857421875,34651.62392145673,"(948, 1403, 949, 1404)",94,22
36,1817.3333333333333,2029.2222222222222,9.0,8519.9755859375,311864.6152931106,"(2027, 1816, 2032, 1819)",31,37
37,654.974358974359,505.4871794871795,39.0,4387.416015625,1351413.3329368127,"(498, 653, 513, 657)",8,39
37,679.0,542.5,2.0,3921.9228515625,69303.24784291346,"(542, 679, 544, 680)",25,47
37,1292.0,801.0,1.0,4012.935546875,34651.62392145673,"(801, 1292, 802, 1293)",85,25
37,1495.0,922.0,1.0,3831.857421875,34651.62392145673,"(922, 1495, 923, 1496)",38,27
37,63.5,999.75,12.0,4981.8447265625,415819.4870574808,"(998, 61, 1002, 66)",15,17
37,1817.5,2029.25,8.0,9765.2421875,277212.99137165386,"(2027, 1817, 2032, 1819)",31,37
38,128.5,126.0,8.0,4483.802734375,277212.99137165386,"(124, 128, 129, 130)",21,32
38,1914.0,309.0,1.0,3832.166015625,34651.62392145673,"(309, 1914, 310, 1915)",33,18
38,1707.5,454.0,2.0,4105.796875,69303.24784291346,"(454, 1707, 455, 1709)",80,6
38,654.15625,506.03125,32.0,4387.4208984375,1108851.9654866154,"(499, 652, 512, 657)",8,39
38,747.5,511.5,2.0,3921.9658203125,69303.24784291346,"(511, 747, 513, 749)",63,38
38,900.5,720.5,2.0,3921.9658203125,69303.24784291346,"(720, 900, 722, 902)",95,39
38,1131.5,790.0,2.0,3832.166015625,69303.24784291346,"(790, 1131, 791, 1133)",11,36
38,1494.0,921.6666666666666,3.0,3832.166015625,103954.8717643702,"(921, 1493, 923, 1496)",38,27
38,1816.6666666666667,2027.8333333333333,6.0,6170.724609375,207909.7435287404,"(2026, 1816, 2030, 1818)",31,37
39,127.44444444444444,126.0,9.0,5085.1826171875,311864.6152931106,"(124, 126, 129, 129)",21,32
39,1704.0,460.0,1.0,3921.9228515625,34651.62392145673,"(460, 1704, 461, 1705)",80,6
39,747.5,511.0,2.0,3831.857421875,69303.24784291346,"(511, 747, 512, 749)",63,38
39,677.0,542.0,1.0,3921.9228515625,34651.62392145673,"(542, 677, 543, 678)",25,47
39,899.8333333333334,720.1666666666666,6.0,4198.2802734375,207909.7435287404,"(719, 899, 722, 902)",95,39
39,1130.0,790.0,1.0,3921.9228515625,34651.62392145673,"(790, 1130, 791, 1131)",11,36
39,1815.9,2028.1,10.0,10053.44921875,346516.23921456735,"(2026, 1815, 2031, 1818)",31,37
40,62.2,146.8,5.0,4291.9794921875,173258.11960728368,"(146, 61, 149, 65)",73,16
40,1546.5,243.5,4.0,4582.0654296875,138606.49568582693,"(243, 1546, 245, 1548)",43,34
40,1701.3333333333333,461.3333333333333,3.0,4105.796875,103954.8717643702,"(461, 1701, 463, 1703)",80,6
40,652.8181818181819,505.54545454545456,44.0,4483.802734375,1524671.4525440962,"(497, 651, 513, 656)",8,39
40,745.0,511.0,1.0,3832.166015625,34651.62392145673,"(511, 745, 512, 746)",63,38
40,1129.5,789.0,2.0,3832.166015625,69303.24784291346,"(789, 1129, 790, 1131)",11,36
40,1815.3333333333333,2027.5555555555557,9.0,7865.16845703125,311864.6152931106,"(2026, 1814, 2030, 1817)",31,37
41,120.0,62.0,1.0,4012.9658203125,34651.62392145673,"(62, 120, 63, 121)",21,32
41,1914.0,303.5,2.0,3831.931640625,69303.24784291346,"(303, 1914, 305, 1915)",33,18
41,1677.0,470.0,1.0,3921.7431640625,34651.62392145673,"(470, 1677, 471, 1678)",80,6
41,653.3513513513514,507.1621621621622,37.0,4484.1240234375,1282110.0850938992,"(500, 651, 514, 656)",8,39
41,1263.5,687.0,6.0,6170.7958984375,207909.7435287404,"(685, 1263, 690, 1265)",9,42
41,1367.5,706.5,2.0,4012.9658203125,69303.24784291346,"(706, 1367, 708, 1369)",52,9
41,900.0,720.5,6.0,4105.5986328125,207909.7435287404,"(719, 899, 723, 902)",95,39
41,1291.0,801.0,1.0,3831.931640625,34651.62392145673,"(801, 1291, 802, 1292)",85,25
41,1815.857142857143,2028.2857142857142,7.0,6870.9501953125,242561.3674501971,"(2027, 1815, 2031, 1818)",31,37
42,120.0,62.0,1.0,3832.1669921875,34651.62392145673,"(62, 120, 63, 121)",21,32
42,747.0,512.0,1.0,3832.1669921875,34651.62392145673,"(512, 747, 513, 748)",63,38
42,1291.0,801.0,1.0,3832.1669921875,34651.62392145673,"(801, 1291, 802, 1292)",85,25
42,1816.3333333333333,2029.0,9.0,8654.1923828125,311864.6152931106,"(2027, 1815, 2032, 1818)",31,37
43,121.5,60.5,2.0,4013.1767578125,69303.24784291346,"(60, 121, 62, 123)",21,32
43,747.0,511.5,4.0,4013.1767578125,138606.49568582693,"(511, 746, 513, 749)",63,38
43,651.0,568.0,1.0,3832.166015625,34651.62392145673,"(568, 651, 569, 652)",97,10
43,1264.0,689.0,1.0,4013.1767578125,34651.62392145673,"(689, 1264, 690, 1265)",9,42
43,1816.5,2029.3333333333333,6.0,5833.6220703125,207909.7435287404,"(2028, 1816, 2032, 1818)",31,37
44,120.0,59.5,6.0,4198.2802734375,207909.7435287404,"(58, 119, 62, 122)",21,32
44,1915.0,315.0,1.0,3831.857421875,34651.62392145673,"(315, 1915, 316, 1916)",33,18
44,1682.0,334.0,1.0,4198.2802734375,34651.62392145673,"(334, 1682, 335, 1683)",67,10
44,1756.0,438.0,3.0,5615.1435546875,103954.8717643702,"(437, 1755, 440, 1758)",99,3
44,746.5,512.0,2.0,3921.9228515625,69303.24784291346,"(512, 746, 513, 748)",63,38
44,1263.0,690.0,1.0,4012.935546875,34651.62392145673,"(690, 1263, 691, 1264)",9,42
44,1202.0,735.0,1.0,4012.935546875,34651.62392145673,"(735, 1202, 736, 1203)",100,4
44,1290.0,801.0,1.0,3831.857421875,34651.62392145673,"(801, 1290, 802, 1291)",85,25
44,71.0,935.5,6.0,6991.7158203125,207909.7435287404,"(935, 70, 937, 73)",57,5
44,1009.0,1119.0,1.0,3831.857421875,34651.62392145673,"(1119, 1009, 1120, 1010)",16,20
44,1815.5,2028.0,4.0,5188.5205078125,138606.49568582693,"(2027, 1815, 2030, 1817)",31,37
45,120.66666666666667,60.0,3.0,3832.1669921875,103954.8717643702,"(59, 120, 62, 122)",21,32
45,1919.0,290.0,1.0,3832.1669921875,34651.62392145673,"(290, 1919, 291, 1920)",33,18
45,1757.0,438.0,7.0,8255.568359375,242561.3674501971,"(437, 1756, 440, 1759)",99,3
45,747.5,511.0,2.0,3921.951171875,69303.24784291346,"(511, 747, 512, 749)",63,38
45,1264.111111111111,691.1111111111111,9.0,5723.7470703125,311864.6152931106,"(689, 1263, 695, 1266)",9,42
45,71.5,935.0,2.0,5945.15234375,69303.24784291346,"(935, 71, 936, 73)",57,5
45,1816.5,2027.0,2.0,4484.16015625,69303.24784291346,"(2027, 1816, 2028, 1818)",31,37
46,1668.5,324.0,2.0,3921.9658203125,69303.24784291346,"(324, 1668, 325, 1670)",67,10
46,1758.0,439.0,7.0,7484.341796875,242561.3674501971,"(438, 1757, 441, 1760)",99,3
46,654.4146341463414,509.0243902439024,41.0,4780.4716796875,1420716.580779726,"(500, 652, 516, 657)",8,39
46,1836.0,503.5,2.0,3832.166015625,69303.24784291346,"(503, 1836, 505, 1837)",86,24
46,749.0,513.0,1.0,3921.9658203125,34651.62392145673,"(513, 749, 514, 750)",63,38
46,1265.0833333333333,692.5,12.0,6284.501953125,415819.4870574808,"(690, 1264, 696, 1267)",9,42
46,1204.0,737.0,1.0,3921.9658203125,34651.62392145673,"(737, 1204, 738, 1205)",100,4
46,1818.0,2028.0,1.0,4291.9794921875,34651.62392145673,"(2028, 1818, 2029, 1819)",31,37
47,748.3333333333334,512.6666666666666,3.0,3921.77734375,103954.8717643702,"(512, 748, 514, 750)",63,38
47,724.0,531.0,1.0,3921.77734375,34651.62392145673,"(531, 724, 532, 725)",87,49
47,1340.0,684.0,1.0,4105.486328125,34651.62392145673,"(684, 1340, 685, 1341)",102,7
47,1426.0,698.5,2.0,4013.1650390625,69303.24784291346,"(698, 1426, 700, 1427)",64,13
47,1195.0,705.0,1.0,3831.7880859375,34651.62392145673,"(705, 1195, 706, 1196)",103,26
47,1817.0,2027.5,2.0,4582.0107421875,69303.24784291346,"(2027, 1817, 2029, 1818)",31,37
48,1432.0,181.0,1.0,3831.99609375,34651.62392145673,"(181, 1432, 182, 1433)",74,24
48,1844.0,510.0,1.0,3921.998046875,34651.62392145673,"(510, 1844, 511, 1845)",86,24
48,748.0,511.0,1.0,3921.998046875,34651.62392145673,"(511, 748, 512, 749)",63,38
48,724.0,530.0,1.0,3831.99609375,34651.62392145673,"(530, 724, 531, 725)",87,49
48,681.0,543.0,1.0,3831.99609375,34651.62392145673,"(543, 681, 544, 682)",25,47
48,631.0,674.0,1.0,3921.998046875,34651.62392145673,"(674, 631, 675, 632)",104,15
48,1265.0,693.0,3.0,4581.8515625,103954.8717643702,"(692, 1265, 695, 1266)",9,42
48,1426.0,698.0,3.0,4981.9609375,103954.8717643702,"(697, 1426, 700, 1427)",64,13
48,1817.0,2028.5,2.0,4679.7802734375,69303.24784291346,"(2028, 1817, 2030, 1818)",31,37
49,1432.0,181.5,2.0,4292.26171875,69303.24784291346,"(181, 1432, 183, 1433)",74,24
49,680.0,543.0,1.0,3831.99609375,34651.62392145673,"(543, 680, 544, 681)",25,47
49,1426.0,697.5,2.0,3921.998046875,69303.24784291346,"(697, 1426, 699, 1427)",64,13
49,377.5,1747.5,2.0,4012.931640625,69303.24784291346,"(1747, 377, 1749, 379)",105,2
50,26.0,40.5,2.0,3831.7880859375,69303.24784291346,"(40, 26, 42, 27)",106,7
50,1432.0,181.0,1.0,3831.7880859375,34651.62392145673,"(181, 1432, 182, 1433)",74,24
50,1599.0,271.0,1.0,3831.7880859375,34651.62392145673,"(271, 1599, 272, 1600)",43,34
50,1670.0,316.5,4.0,4484.0947265625,138606.49568582693,"(316, 1669, 318, 1672)",67,10
50,1706.0,337.0,1.0,4013.1650390625,34651.62392145673,"(337, 1706, 338, 1707)",56,4
50,653.1666666666666,509.8333333333333,42.0,4780.6396484375,1455368.2047011827,"(501, 651, 519, 655)",8,39
50,748.0,511.0,1.0,4013.1650390625,34651.62392145673,"(511, 748, 512, 749)",63,38
50,1845.0,511.0,1.0,3921.77734375,34651.62392145673,"(511, 1845, 512, 1846)",86,24
50,679.6666666666666,541.6666666666666,3.0,4013.1650390625,103954.8717643702,"(541, 679, 543, 681)",25,47
50,899.0,721.0,1.0,3831.7880859375,34651.62392145673,"(721, 899, 722, 900)",95,39
51,26.0,41.0,1.0,4292.26171875,34651.62392145673,"(41, 26, 42, 27)",106,7
51,652.7708333333334,510.0625,48.0,4581.8515625,1663277.9482299231,"(502, 651, 520, 655)",8,39
51,678.5,542.0,2.0,4012.931640625,69303.24784291346,"(542, 678, 543, 680)",25,47
51,595.3333333333334,659.6666666666666,3.0,4198.0634765625,103954.8717643702,"(659, 595, 661, 597)",107,7
51,899.0,721.0,1.0,3831.99609375,34651.62392145673,"(721, 899, 722, 900)",95,39
51,1294.0,885.0,1.0,3831.99609375,34651.62392145673,"(885, 1294, 886, 1295)",108,12
51,50.0,949.0,1.0,3831.99609375,34651.62392145673,"(949, 50, 950, 51)",109,2
51,801.3333333333334,1168.3333333333333,3.0,4105.73046875,103954.8717643702,"(1168, 801, 1170, 803)",110,3
52,26.333333333333332,40.666666666666664,3.0,4013.2978515625,103954.8717643702,"(40, 26, 42, 28)",106,7
52,677.8,541.4,5.0,4198.109375,173258.11960728368,"(541, 677, 543, 680)",25,47
52,1222.0,649.0,1.0,4198.109375,34651.62392145673,"(649, 1222, 650, 1223)",111,44
52,595.0,659.5,2.0,4105.474609375,69303.24784291346,"(659, 595, 661, 596)",107,7
52,899.0,721.0,1.0,3832.1552734375,34651.62392145673,"(721, 899, 722, 900)",95,39
52,924.0,762.8461538461538,13.0,4680.0859375,450471.11097893753,"(762, 921, 765, 928)",47,11
52,1294.0,821.0,1.0,3832.1552734375,34651.62392145673,"(821, 1294, 822, 1295)",112,27
52,1815.0,2027.0,1.0,3922.0390625,34651.62392145673,"(2027, 1815, 2028, 1816)",31,37
53,748.0,511.0,1.0,3921.77734375,34651.62392145673,"(511, 748, 512, 749)",63,38
53,678.0,542.0,3.0,4198.2734375,103954.8717643702,"(542, 677, 543, 680)",25,47
53,1222.5,650.0,4.0,4484.0947265625,138606.49568582693,"(650, 1221, 651, 1225)",111,44
53,595.0,660.0,1.0,4198.2734375,34651.62392145673,"(660, 595, 661, 596)",107,7
53,1200.5,696.0,2.0,4105.486328125,69303.24784291346,"(696, 1200, 697, 1202)",103,26
53,896.0,727.0,1.0,3921.77734375,34651.62392145673,"(727, 896, 728, 897)",95,39
53,1816.0,2027.5,2.0,4291.9931640625,69303.24784291346,"(2027, 1816, 2029, 1817)",31,37
54,122.0,61.0,1.0,3921.912109375,34651.62392145673,"(61, 122, 62, 123)",21,32
54,1355.0,504.0,7.0,5085.1484375,242561.3674501971,"(504, 1352, 505, 1359)",44,23
54,748.0,511.0,1.0,3831.7568359375,34651.62392145673,"(511, 748, 512, 749)",63,38
54,678.4,541.6,5.0,4105.458984375,173258.11960728368,"(541, 677, 543, 681)",25,47
54,1202.0,697.0,1.0,3831.7568359375,34651.62392145673,"(697, 1202, 698, 1203)",103,26
54,1128.0,789.5,2.0,4198.388671875,69303.24784291346,"(789, 1128, 791, 1129)",11,36
54,252.63636363636363,849.8181818181819,11.0,4198.388671875,381167.86313602404,"(848, 251, 853, 255)",115,2
54,1007.0,1012.0,1.0,4387.484375,34651.62392145673,"(1012, 1007, 1013, 1008)",30,3
55,1354.875,504.5625,16.0,6284.83203125,554425.9827433077,"(504, 1350, 506, 1360)",44,23
55,679.0,541.6666666666666,3.0,4012.9345703125,103954.8717643702,"(541, 678, 543, 681)",25,47
55,1223.0,650.0,1.0,3921.8427734375,34651.62392145673,"(650, 1223, 651, 1224)",111,44
55,897.0,726.0,1.0,4012.9345703125,34651.62392145673,"(726, 897, 727, 898)",95,39
55,924.1428571428571,760.2857142857143,14.0,5293.1884765625,485122.7349003942,"(758, 922, 764, 927)",47,11
55,1128.5,790.5,2.0,3921.8427734375,69303.24784291346,"(790, 1128, 792, 1130)",11,36
55,253.25,850.125,8.0,4198.2763671875,277212.99137165386,"(848, 252, 853, 255)",115,2
55,1231.5263157894738,904.578947368421,19.0,5085.298828125,658380.854507678,"(901, 1227, 910, 1238)",83,9
56,122.5,60.5,2.0,4013.1650390625,69303.24784291346,"(60, 122, 62, 124)",21,32
56,1355.5,504.5,12.0,6170.580078125,415819.4870574808,"(504, 1353, 506, 1359)",44,23
56,678.3333333333334,541.6666666666666,3.0,4198.2734375,103954.8717643702,"(541, 678, 543, 680)",25,47
56,1221.5,650.0,2.0,3921.77734375,69303.24784291346,"(650, 1221, 651, 1223)",111,44
56,1228.0,908.0,3.0,4387.5771484375,103954.8717643702,"(907, 1227, 910, 1230)",83,9
56,390.125,1755.375,8.0,5085.1123046875,277212.99137165386,"(1753, 389, 1759, 392)",105,2
57,1354.0,503.5,8.0,5833.9423828125,277212.99137165386,"(503, 1352, 505, 1357)",44,23
57,748.0,511.0,1.0,3831.99609375,34651.62392145673,"(511, 748, 512, 749)",63,38
57,677.0,541.25,4.0,4105.73046875,138606.49568582693,"(541, 676, 543, 679)",25,47
57,1299.0,904.0,1.0,4198.0634765625,34651.62392145673,"(904, 1299, 905, 1300)",108,12
57,1227.5,907.0,6.0,4198.0634765625,207909.7435287404,"(906, 1226, 909, 1230)",83,9
57,801.0,1168.0,1.0,3921.998046875,34651.62392145673,"(1168, 801, 1169, 802)",110,3
58,1600.0,270.0,1.0,3831.7880859375,34651.62392145673,"(270, 1600, 271, 1601)",43,34
58,677.5,541.0,2.0,3921.77734375,69303.24784291346,"(541, 677, 542, 679)",25,47
58,625.0,671.0,1.0,3831.7880859375,34651.62392145673,"(671, 625, 672, 626)",104,15
59,679.0,542.0,1.0,3831.7880859375,34651.62392145673,"(542, 679, 543, 680)",25,47
59,925.6666666666666,759.5,6.0,4981.6005859375,207909.7435287404,"(758, 925, 762, 927)",47,11
59,66.0,947.0,1.0,3831.7880859375,34651.62392145673,"(947, 66, 948, 67)",57,5
59,986.0,1099.0,1.0,3921.77734375,34651.62392145673,"(1099, 986, 1100, 987)",119,24
60,224.5,161.83333333333334,6.0,6284.8154296875,207909.7435287404,"(160, 223, 164, 227)",121,2
60,1454.0,386.0,1.0,4013.1650390625,34651.62392145673,"(386, 1454, 387, 1455)",72,8
60,677.0,542.0,1.0,3921.77734375,34651.62392145673,"(542, 677, 543, 678)",25,47
60,925.5,759.5,4.0,4679.9267578125,138606.49568582693,"(759, 925, 761, 927)",47,11
61,224.0,162.0,1.0,3831.931640625,34651.62392145673,"(162, 224, 163, 225)",121,2
61,1561.0,251.0,1.0,4198.2314453125,34651.62392145673,"(251, 1561, 252, 1562)",43,34
61,1440.0,713.0,1.0,3921.7431640625,34651.62392145673,"(713, 1440, 714, 1441)",64,13
61,1399.0,929.0,1.0,4105.5986328125,34651.62392145673,"(929, 1399, 930, 1400)",94,22
62,1914.0,316.5,2.0,4012.95703125,69303.24784291346,"(316, 1914, 318, 1915)",33,18
62,1358.0,503.0,5.0,4387.515625,173258.11960728368,"(503, 1356, 504, 1361)",44,23
62,680.0,539.0,1.0,3832.15234375,34651.62392145673,"(539, 680, 540, 681)",25,47
62,1440.0,711.0,1.0,4198.38671875,34651.62392145673,"(711, 1440, 712, 1441)",64,13
62,1062.6,839.2,5.0,4780.5703125,173258.11960728368,"(838, 1062, 841, 1064)",124,2
63,119.0,79.0,3.0,4105.73046875,103954.8717643702,"(78, 118, 81, 121)",21,32
63,62.0,147.0,1.0,3831.99609375,34651.62392145673,"(147, 62, 148, 63)",73,16
63,1206.0,697.0,1.0,3831.99609375,34651.62392145673,"(697, 1206, 698, 1207)",103,26
63,1342.0,697.0,1.0,3921.998046875,34651.62392145673,"(697, 1342, 698, 1343)",102,7
63,1440.0,710.5,2.0,4387.392578125,69303.24784291346,"(710, 1440, 712, 1441)",64,13
63,892.2857142857143,736.1428571428571,7.0,4387.392578125,242561.3674501971,"(735, 891, 738, 894)",95,39
64,730.4,2.8,5.0,6633.4091796875,173258.11960728368,"(2, 730, 5, 732)",41,13
64,116.0,76.0,1.0,3832.0849609375,34651.62392145673,"(76, 116, 77, 117)",21,32
64,62.0,147.0,1.0,3832.0849609375,34651.62392145673,"(147, 62, 148, 63)",73,16
64,1205.5,697.0,2.0,4013.080078125,69303.24784291346,"(697, 1205, 698, 1207)",103,26
64,1440.5,709.0,2.0,4292.302734375,69303.24784291346,"(709, 1440, 710, 1442)",64,13
64,892.8181818181819,734.9090909090909,11.0,4292.302734375,381167.86313602404,"(732, 891, 738, 895)",95,39
65,730.3333333333334,2.6666666666666665,3.0,4680.142578125,103954.8717643702,"(2, 730, 4, 732)",41,13
65,653.08,510.22,50.0,4582.126953125,1732581.1960728366,"(500, 651, 522, 656)",8,39
65,1214.0,651.0,1.0,4387.484375,34651.62392145673,"(651, 1214, 652, 1215)",111,44
65,1254.8181818181818,680.5454545454545,11.0,4292.2431640625,381167.86313602404,"(678, 1252, 685, 1258)",9,42
65,1205.0,698.0,1.0,3831.7568359375,34651.62392145673,"(698, 1205, 699, 1206)",103,26
65,1275.0,716.0,1.0,3831.7568359375,34651.62392145673,"(716, 1275, 717, 1276)",9,42
65,1211.5,736.5,2.0,3921.912109375,69303.24784291346,"(736, 1211, 738, 1213)",100,4
65,1061.3333333333333,839.6666666666666,6.0,5085.1484375,207909.7435287404,"(839, 1060, 842, 1063)",124,2
66,653.7608695652174,510.10869565217394,46.0,4680.1123046875,1593974.7003870097,"(501, 652, 522, 656)",8,39
66,1358.0,503.0,1.0,3831.755859375,34651.62392145673,"(503, 1358, 504, 1359)",44,23
66,1214.6666666666667,651.3333333333334,3.0,4013.0625,103954.8717643702,"(651, 1214, 653, 1216)",111,44
66,1206.0,697.0,1.0,3831.755859375,34651.62392145673,"(697, 1206, 698, 1207)",103,26
66,975.0,1102.5,2.0,3921.9580078125,69303.24784291346,"(1102, 975, 1104, 976)",119,24
67,1527.0,245.0,1.0,3921.6728515625,34651.62392145673,"(245, 1527, 246, 1528)",125,6
67,1205.0,697.0,1.0,3832.0849609375,34651.62392145673,"(697, 1205, 698, 1206)",103,26
67,1295.0,786.0,1.0,3832.0849609375,34651.62392145673,"(786, 1295, 787, 1296)",85,25
68,1526.5,245.0,2.0,4387.392578125,69303.24784291346,"(245, 1526, 246, 1528)",125,6
68,1603.0,262.0,1.0,3831.99609375,34651.62392145673,"(262, 1603, 263, 1604)",43,34
68,653.9761904761905,509.3333333333333,42.0,4780.5068359375,1455368.2047011827,"(501, 652, 521, 656)",8,39
68,975.0,1102.0,1.0,4012.931640625,34651.62392145673,"(1102, 975, 1103, 976)",119,24
69,55.0,150.0,1.0,3831.7568359375,34651.62392145673,"(150, 55, 151, 56)",73,16
69,1603.0,262.0,1.0,3831.7568359375,34651.62392145673,"(262, 1603, 263, 1604)",43,34
69,1922.5555555555557,302.55555555555554,9.0,4013.0986328125,311864.6152931106,"(300, 1922, 306, 1924)",33,18
69,1360.5,503.0,2.0,4198.4296875,69303.24784291346,"(503, 1360, 504, 1362)",44,23
69,678.0,541.0,1.0,3921.7626953125,34651.62392145673,"(541, 678, 542, 679)",25,47
69,1209.0,693.0,1.0,3921.7626953125,34651.62392145673,"(693, 1209, 694, 1210)",103,26
69,892.4,737.6,5.0,4105.763671875,173258.11960728368,"(736, 892, 740, 894)",95,39
69,1293.6666666666667,786.0,3.0,4198.4296875,103954.8717643702,"(785, 1293, 788, 1295)",85,25
69,1292.5,821.5,2.0,4198.4296875,69303.24784291346,"(821, 1292, 823, 1294)",112,27
69,1019.0,959.0,1.0,4013.0986328125,34651.62392145673,"(959, 1019, 960, 1020)",126,22
69,607.0,1309.0,1.0,4105.763671875,34651.62392145673,"(1309, 607, 1310, 608)",127,2
70,56.0,150.0,1.0,4292.26171875,34651.62392145673,"(150, 56, 151, 57)",73,16
70,1544.0,231.0,1.0,3831.99609375,34651.62392145673,"(231, 1544, 232, 1545)",43,34
70,1359.5,503.0,4.0,4292.26171875,138606.49568582693,"(503, 1358, 504, 1362)",44,23
70,1039.5,624.5,2.0,4105.73046875,69303.24784291346,"(624, 1039, 626, 1041)",128,2
70,1216.5,652.0,2.0,4483.9228515625,69303.24784291346,"(652, 1216, 653, 1218)",111,44
70,896.5555555555555,728.6666666666666,9.0,4198.0634765625,311864.6152931106,"(726, 896, 732, 898)",95,39
70,1294.0,822.0,1.0,3921.998046875,34651.62392145673,"(822, 1294, 823, 1295)",112,27
70,608.0,1309.0,1.0,3921.998046875,34651.62392145673,"(1309, 608, 1310, 609)",127,2
71,1358.0,503.0,3.0,4013.16796875,103954.8717643702,"(503, 1357, 504, 1360)",44,23
71,1046.0,631.0,1.0,4013.16796875,34651.62392145673,"(631, 1046, 632, 1047)",128,2
71,1218.0,653.0,1.0,3831.822265625,34651.62392145673,"(653, 1218, 654, 1219)",111,44
71,1208.0,692.0,1.0,4013.16796875,34651.62392145673,"(692, 1208, 693, 1209)",103,26
72,1305.3333333333333,137.66666666666666,3.0,4105.5986328125,103954.8717643702,"(137, 1305, 139, 1307)",32,9
72,56.44444444444444,150.0,9.0,6515.46484375,311864.6152931106,"(148, 54, 152, 59)",73,16
72,1282.878787878788,151.3030303030303,33.0,6991.7958984375,1143503.5894080722,"(149, 1280, 156, 1287)",76,4
72,1592.0,265.5,2.0,4780.361328125,69303.24784291346,"(265, 1592, 267, 1593)",43,34
72,654.8863636363636,510.40909090909093,44.0,4679.734375,1524671.4525440962,"(502, 653, 522, 657)",8,39
72,679.5,541.5,2.0,3921.7431640625,69303.24784291346,"(541, 679, 543, 681)",25,47
72,901.5,720.0,4.0,4105.5986328125,138606.49568582693,"(719, 901, 722, 903)",95,39
73,55.90909090909091,150.0909090909091,11.0,10345.7646484375,381167.86313602404,"(148, 54, 153, 59)",73,16
73,747.5,500.0,2.0,3921.861328125,69303.24784291346,"(500, 747, 501, 749)",63,38
73,654.5853658536586,510.9512195121951,41.0,4484.16015625,1420716.580779726,"(502, 653, 522, 657)",8,39
73,901.8,719.0,5.0,4012.95703125,173258.11960728368,"(718, 901, 721, 904)",95,39
73,1296.0,788.0,1.0,3921.861328125,34651.62392145673,"(788, 1296, 789, 1297)",85,25
74,654.0,510.05405405405406,37.0,4780.517578125,1282110.0850938992,"(503, 653, 522, 656)",8,39
74,685.0,540.0,1.0,3832.1552734375,34651.62392145673,"(540, 685, 541, 686)",25,47
74,1221.0,649.5,10.0,5723.8349609375,346516.23921456735,"(649, 1218, 651, 1225)",111,44
74,1344.0,694.0,1.0,3832.1552734375,34651.62392145673,"(694, 1344, 695, 1345)",102,7
74,1142.0,914.0,1.0,3832.1552734375,34651.62392145673,"(914, 1142, 915, 1143)",132,2
75,1603.0,262.0,1.0,3921.77734375,34651.62392145673,"(262, 1603, 263, 1604)",43,34
75,653.4347826086956,510.10869565217394,46.0,4582.0107421875,1593974.7003870097,"(501, 652, 522, 656)",8,39
75,1713.5,1943.0,4.0,5723.8974609375,138606.49568582693,"(1943, 1712, 1944, 1716)",133,44
76,652.8205128205128,510.5128205128205,39.0,4582.0654296875,1351413.3329368127,"(502, 651, 521, 655)",8,39
76,677.0,541.0,1.0,3832.166015625,34651.62392145673,"(541, 677, 542, 678)",25,47
76,1270.25,705.5,4.0,4582.0654296875,138606.49568582693,"(704, 1270, 708, 1272)",9,42
76,901.0,718.0,1.0,3832.166015625,34651.62392145673,"(718, 901, 719, 902)",95,39
76,1260.5,890.0,2.0,4105.796875,69303.24784291346,"(890, 1260, 891, 1262)",51,36
76,1713.5,1942.75,4.0,4291.9794921875,138606.49568582693,"(1942, 1712, 1944, 1716)",133,44
77,118.0,77.0,5.0,4387.416015625,173258.11960728368,"(75, 116, 80, 121)",21,32
77,653.5238095238095,511.07142857142856,42.0,4581.7666015625,1455368.2047011827,"(502, 652, 522, 656)",8,39
77,1218.25,648.625,8.0,5615.1435546875,277212.99137165386,"(648, 1216, 650, 1222)",111,44
77,1127.0,789.5,2.0,4012.935546875,69303.24784291346,"(789, 1127, 791, 1128)",11,36
77,1715.5,1943.0,2.0,4780.3837890625,69303.24784291346,"(1943, 1715, 1944, 1717)",133,44
78,120.0,135.0,1.0,4387.515625,34651.62392145673,"(135, 120, 136, 121)",21,32
78,55.5,151.0,2.0,5292.9287109375,69303.24784291346,"(151, 55, 152, 57)",73,16
78,1218.0,648.0,3.0,4881.376953125,103954.8717643702,"(648, 1217, 649, 1220)",111,44
78,1271.8181818181818,705.7272727272727,11.0,6284.814453125,381167.86313602404,"(703, 1271, 709, 1274)",9,42
78,929.0,745.0,1.0,4105.4404296875,34651.62392145673,"(745, 929, 746, 930)",47,11
78,1127.5,789.0,2.0,4387.515625,69303.24784291346,"(789, 1127, 790, 1129)",11,36
78,1024.5,879.0,2.0,3921.861328125,69303.24784291346,"(879, 1024, 880, 1026)",135,2
78,1262.0,891.0,1.0,3832.15234375,34651.62392145673,"(891, 1262, 892, 1263)",51,36
78,1717.6666666666667,1942.5555555555557,9.0,5944.9375,311864.6152931106,"(1942, 1715, 1944, 1721)",133,44
79,118.5,77.5,4.0,4198.109375,138606.49568582693,"(76, 117, 80, 121)",21,32
79,654.195652173913,511.04347826086956,46.0,4387.5068359375,1593974.7003870097,"(501, 652, 523, 657)",8,39
79,1354.0,503.0,1.0,3832.1552734375,34651.62392145673,"(503, 1354, 504, 1355)",44,23
79,1218.5,649.0,4.0,4483.810546875,138606.49568582693,"(649, 1217, 650, 1221)",111,44
79,1272.0,706.25,8.0,6399.794921875,277212.99137165386,"(704, 1271, 709, 1274)",9,42
79,897.0,726.0,1.0,3922.0390625,34651.62392145673,"(726, 897, 727, 898)",95,39
79,1721.0,1944.0,1.0,3832.1552734375,34651.62392145673,"(1944, 1721, 1945, 1722)",133,44
80,896.6666666666666,725.3333333333334,3.0,3921.751953125,103954.8717643702,"(725, 896, 727, 898)",95,39
80,1106.0,961.0,1.0,3832.1259765625,34651.62392145673,"(961, 1106, 962, 1107)",137,32
81,51.68181818181818,156.63636363636363,22.0,6633.2880859375,762335.7262720481,"(153, 50, 162, 54)",73,16
81,1743.0,334.0,1.0,3831.8525390625,34651.62392145673,"(334, 1743, 335, 1744)",138,18
81,678.0,540.0,1.0,4198.3134765625,34651.62392145673,"(540, 678, 541, 679)",25,47
81,1384.3333333333333,720.6666666666666,3.0,5615.0849609375,103954.8717643702,"(720, 1384, 722, 1386)",52,9
82,1274.0,85.5,2.0,4013.1650390625,69303.24784291346,"(85, 1274, 87, 1275)",139,2
82,1840.0,505.0,1.0,3831.7880859375,34651.62392145673,"(505, 1840, 506, 1841)",86,24
82,1412.0,686.0,1.0,4105.486328125,34651.62392145673,"(686, 1412, 687, 1413)",50,4
82,1271.6,705.4,5.0,5188.623046875,173258.11960728368,"(704, 1271, 708, 1273)",9,42
82,1385.0,721.0,1.0,4105.486328125,34651.62392145673,"(721, 1385, 722, 1386)",52,9
82,896.5,725.5,4.0,4105.486328125,138606.49568582693,"(725, 896, 727, 898)",95,39
82,1286.0,904.5,2.0,4105.486328125,69303.24784291346,"(904, 1286, 906, 1287)",108,12
82,1001.0,1115.0,1.0,3921.77734375,34651.62392145673,"(1115, 1001, 1116, 1002)",16,20
83,1275.5,85.0,2.0,3921.77734375,69303.24784291346,"(85, 1275, 86, 1277)",139,2
83,1296.0,117.0,1.0,3831.7880859375,34651.62392145673,"(117, 1296, 118, 1297)",71,8
83,54.75,143.0,4.0,6633.5830078125,138606.49568582693,"(142, 54, 145, 56)",73,16
83,679.0,541.0,1.0,4013.1650390625,34651.62392145673,"(541, 679, 542, 680)",25,47
83,1272.4,706.6,5.0,4881.353515625,173258.11960728368,"(705, 1272, 709, 1274)",9,42
83,897.0,727.0,3.0,4013.1650390625,103954.8717643702,"(726, 897, 729, 898)",95,39
83,1281.0,802.5,2.0,5085.1123046875,69303.24784291346,"(802, 1281, 804, 1282)",85,25
83,1287.0,905.5,2.0,4291.9931640625,69303.24784291346,"(905, 1287, 907, 1288)",108,12
83,1129.4,934.2,5.0,4484.0947265625,173258.11960728368,"(933, 1129, 936, 1131)",14,34
83,975.0,1101.0,1.0,3831.7880859375,34651.62392145673,"(1101, 975, 1102, 976)",119,24
83,1001.0,1115.0,1.0,3831.7880859375,34651.62392145673,"(1115, 1001, 1116, 1002)",16,20
84,1310.0,135.0,1.0,3831.7880859375,34651.62392145673,"(135, 1310, 136, 1311)",32,9
84,55.0,143.0,1.0,4198.2734375,34651.62392145673,"(143, 55, 144, 56)",73,16
84,679.5,541.5,2.0,3831.7880859375,69303.24784291346,"(541, 679, 543, 681)",25,47
84,1272.0,706.0,3.0,4105.486328125,103954.8717643702,"(705, 1272, 708, 1273)",9,42
84,896.8333333333334,727.0,6.0,4387.5771484375,207909.7435287404,"(726, 896, 729, 899)",95,39
84,117.5,736.5,2.0,3831.7880859375,69303.24784291346,"(736, 117, 738, 119)",140,11
84,1131.0,790.0,1.0,3831.7880859375,34651.62392145673,"(790, 1131, 791, 1132)",11,36
84,1287.0,907.0,1.0,4198.2734375,34651.62392145673,"(907, 1287, 908, 1288)",108,12
84,1129.4,934.2,5.0,4881.353515625,173258.11960728368,"(933, 1129, 936, 1131)",14,34
84,1001.0,1115.0,1.0,3921.77734375,34651.62392145673,"(1115, 1001, 1116, 1002)",16,20
84,169.0,1614.0,1.0,4291.9931640625,34651.62392145673,"(1614, 169, 1615, 170)",141,22
85,1542.0,230.0,1.0,4292.302734375,34651.62392145673,"(230, 1542, 231, 1543)",43,34
85,1656.0,358.0,1.0,3832.0849609375,34651.62392145673,"(358, 1656, 359, 1657)",142,2
85,1837.0,501.0,1.0,3832.0849609375,34651.62392145673,"(501, 1837, 502, 1838)",86,24
85,914.0,668.0,1.0,3832.0849609375,34651.62392145673,"(668, 914, 669, 915)",143,3
85,896.5,726.0,6.0,4581.9853515625,207909.7435287404,"(725, 896, 728, 898)",95,39
85,956.0,748.5,2.0,4198.1669921875,69303.24784291346,"(748, 956, 750, 957)",144,3
85,1105.0,970.0,1.0,3832.0849609375,34651.62392145673,"(970, 1105, 971, 1106)",137,32
86,55.0,144.5,2.0,4582.009765625,69303.24784291346,"(144, 55, 146, 56)",73,16
86,1917.0,316.0,1.0,3832.0,34651.62392145673,"(316, 1917, 317, 1918)",33,18
86,1836.0,499.0,1.0,3832.0,34651.62392145673,"(499, 1836, 500, 1837)",86,24
86,678.0,540.0,1.0,3921.6845703125,34651.62392145673,"(540, 678, 541, 679)",25,47
86,616.8,635.4,5.0,4198.212890625,173258.11960728368,"(635, 616, 637, 619)",145,4
86,1216.5,649.0,2.0,4680.046875,69303.24784291346,"(649, 1216, 650, 1218)",111,44
86,1345.857142857143,707.4285714285714,7.0,4105.4501953125,242561.3674501971,"(706, 1345, 710, 1348)",102,7
86,896.25,726.0,4.0,4680.046875,138606.49568582693,"(725, 896, 728, 898)",95,39
86,956.0,748.0,1.0,4387.25390625,34651.62392145673,"(748, 956, 749, 957)",144,3
86,1128.3333333333333,932.6666666666666,3.0,4483.97265625,103954.8717643702,"(932, 1128, 934, 1130)",14,34
87,133.0,10.0,1.0,4013.00830078125,34651.62392145673,"(10, 133, 11, 134)",54,8
87,627.0,605.6666666666666,3.0,3921.84765625,103954.8717643702,"(605, 626, 607, 629)",147,11
87,615.75,634.25,8.0,4981.7734375,277212.99137165386,"(633, 614, 636, 618)",145,4
87,1216.5,648.0,4.0,5506.4599609375,138606.49568582693,"(648, 1215, 649, 1219)",111,44
87,1420.0,652.5,2.0,4387.32373046875,69303.24784291346,"(652, 1420, 654, 1421)",148,9
87,912.0,667.0,1.0,3831.85986328125,34651.62392145673,"(667, 912, 668, 913)",143,3
87,1344.6,706.8,5.0,4387.32373046875,173258.11960728368,"(706, 1344, 709, 1346)",102,7
87,926.6666666666666,745.6666666666666,3.0,4013.00830078125,103954.8717643702,"(745, 926, 747, 928)",47,11
87,955.0,746.0,1.0,3921.84765625,34651.62392145673,"(746, 955, 747, 956)",144,3
87,1127.0,787.0,1.0,3831.85986328125,34651.62392145673,"(787, 1127, 788, 1128)",11,36
87,1279.0,801.0,1.0,4484.0537109375,34651.62392145673,"(801, 1279, 802, 1280)",85,25
87,966.0,1114.0,1.0,3831.85986328125,34651.62392145673,"(1114, 966, 1115, 967)",119,24
87,1714.0,1942.0,1.0,4581.9560546875,34651.62392145673,"(1942, 1714, 1943, 1715)",133,44
88,50.0,155.0,1.0,3921.751953125,34651.62392145673,"(155, 50, 156, 51)",73,16
88,1639.4615384615386,320.3076923076923,13.0,5833.7275390625,450471.11097893753,"(319, 1637, 323, 1642)",69,6
88,1742.0,332.0,1.0,3831.9638671875,34651.62392145673,"(332, 1742, 333, 1743)",138,18
88,627.0,605.6666666666666,3.0,4013.0947265625,103954.8717643702,"(605, 626, 607, 629)",147,11
88,614.8333333333334,634.0,6.0,4780.37255859375,207909.7435287404,"(633, 613, 636, 618)",145,4
88,1216.0,648.0,5.0,4484.189453125,173258.11960728368,"(648, 1214, 649, 1219)",111,44
88,1205.5,694.5,6.0,4292.17578125,207909.7435287404,"(693, 1205, 697, 1207)",103,26
88,1344.0,706.0,1.0,3921.751953125,34651.62392145673,"(706, 1344, 707, 1345)",102,7
88,926.0,746.0,1.0,3921.751953125,34651.62392145673,"(746, 926, 747, 927)",47,11
88,50.0,948.0,1.0,4198.1123046875,34651.62392145673,"(948, 50, 949, 51)",109,2
88,966.0,1114.0,1.0,3921.751953125,34651.62392145673,"(1114, 966, 1115, 967)",119,24
88,815.5,1549.0,2.0,4484.189453125,69303.24784291346,"(1549, 815, 1550, 817)",149,7
88,1714.0,1942.0,1.0,3831.9638671875,34651.62392145673,"(1942, 1714, 1943, 1715)",133,44
89,1840.0,506.0,1.0,3832.04248046875,34651.62392145673,"(506, 1840, 507, 1841)",86,24
89,1340.0,681.5,2.0,3921.96728515625,69303.24784291346,"(681, 1340, 683, 1341)",102,7
89,1207.5,695.5,4.0,4105.49462890625,138606.49568582693,"(695, 1207, 697, 1209)",103,26
89,896.4,727.0,5.0,4198.09375,173258.11960728368,"(726, 896, 729, 898)",95,39
89,1131.0,938.0,1.0,3832.04248046875,34651.62392145673,"(938, 1131, 939, 1132)",14,34
89,323.0,1262.0,1.0,4387.30419921875,34651.62392145673,"(1262, 323, 1263, 324)",150,2
89,816.5,1550.0,4.0,4679.81103515625,138606.49568582693,"(1550, 815, 1551, 819)",149,7
90,1218.0,650.0,3.0,4981.9306640625,103954.8717643702,"(650, 1217, 651, 1220)",111,44
90,1208.0,695.6666666666666,6.0,4387.5322265625,207909.7435287404,"(694, 1207, 698, 1210)",103,26
90,896.5,726.0,2.0,4105.8466796875,69303.24784291346,"(726, 896, 727, 898)",95,39
90,1050.5,952.0,2.0,4292.0244140625,69303.24784291346,"(952, 1050, 953, 1052)",152,3
90,1001.0,1115.0,1.0,3831.8193359375,34651.62392145673,"(1115, 1001, 1116, 1002)",16,20
90,814.5,1550.0,2.0,4013.1611328125,69303.24784291346,"(1550, 814, 1551, 816)",149,7
91,60.0,156.5,2.0,4105.80615234375,69303.24784291346,"(156, 60, 158, 61)",73,16
91,616.5,635.0,2.0,3921.96875,69303.24784291346,"(635, 616, 636, 618)",145,4
91,1218.5,650.0,4.0,4292.123046875,138606.49568582693,"(650, 1217, 651, 1221)",111,44
91,1208.125,695.0,8.0,4581.8701171875,277212.99137165386,"(693, 1207, 698, 1210)",103,26
91,896.0,728.0,1.0,3831.99853515625,34651.62392145673,"(728, 896, 729, 897)",95,39
92,1313.0,135.0,1.0,4013.1650390625,34651.62392145673,"(135, 1313, 136, 1314)",32,9
92,715.0,534.0,1.0,4013.1650390625,34651.62392145673,"(534, 715, 535, 716)",87,49
92,630.0,607.0,1.0,3831.7880859375,34651.62392145673,"(607, 630, 608, 631)",147,11
92,1218.0,649.0,1.0,4105.486328125,34651.62392145673,"(649, 1218, 650, 1219)",111,44
92,1208.3333333333333,695.0,3.0,4198.2734375,103954.8717643702,"(694, 1208, 697, 1210)",103,26
92,897.0,726.0,1.0,3831.7880859375,34651.62392145673,"(726, 897, 727, 898)",95,39
92,1130.0,791.0,1.0,3831.7880859375,34651.62392145673,"(791, 1130, 792, 1131)",11,36
92,1129.0,932.5,2.0,4780.6396484375,69303.24784291346,"(932, 1129, 934, 1130)",14,34
92,1718.0,1943.0,1.0,5085.1123046875,34651.62392145673,"(1943, 1718, 1944, 1719)",133,44
93,1217.3333333333333,648.6666666666666,3.0,4292.2431640625,103954.8717643702,"(648, 1217, 650, 1219)",111,44
93,1208.0,694.0,1.0,3831.7568359375,34651.62392145673,"(694, 1208, 695, 1209)",103,26
93,1281.5,802.5,4.0,5293.19921875,138606.49568582693,"(801, 1281, 805, 1283)",85,25
93,818.5,1549.0,2.0,4198.388671875,69303.24784291346,"(1549, 818, 1550, 820)",149,7
93,163.5,1610.0,2.0,4387.484375,69303.24784291346,"(1610, 163, 1611, 165)",141,22
94,110.0,1.0,1.0,3832.041015625,34651.62392145673,"(1, 110, 2, 111)",54,8
94,82.0,147.0,1.0,3832.041015625,34651.62392145673,"(147, 82, 148, 83)",45,11
94,1603.5,262.5,2.0,3832.041015625,69303.24784291346,"(262, 1603, 264, 1605)",43,34
94,1217.0,649.0,1.0,3832.041015625,34651.62392145673,"(649, 1217, 650, 1218)",111,44
94,896.0,727.0,1.0,3832.041015625,34651.62392145673,"(727, 896, 728, 897)",95,39
94,818.0,1549.5,2.0,4013.2001953125,69303.24784291346,"(1549, 818, 1551, 819)",149,7
94,1717.0,1943.0,1.0,4387.5703125,34651.62392145673,"(1943, 1717, 1944, 1718)",133,44
95,742.0,500.0,1.0,3831.8994140625,34651.62392145673,"(500, 742, 501, 743)",63,38
95,1217.0,650.3333333333334,3.0,3922.01318359375,103954.8717643702,"(650, 1216, 652, 1219)",111,44
95,151.0,1610.0,1.0,4013.2294921875,34651.62392145673,"(1610, 151, 1611, 152)",141,22
96,1670.0,319.0,3.0,3831.90625,103954.8717643702,"(319, 1669, 320, 1672)",67,10
96,1880.0,497.0,1.0,3921.986328125,34651.62392145673,"(497, 1880, 498, 1881)",90,36
96,1421.0,656.0,1.0,3831.90625,34651.62392145673,"(656, 1421, 657, 1422)",148,9
96,1128.5,932.5,4.0,4981.84814453125,138606.49568582693,"(932, 1128, 934, 1130)",14,34
96,1020.5,963.0,2.0,4013.01171875,69303.24784291346,"(963, 1020, 964, 1022)",126,22
97,1593.0,264.0,1.0,4105.75732421875,34651.62392145673,"(264, 1593, 265, 1594)",43,34
97,1880.0,496.0,1.0,4387.43505859375,34651.62392145673,"(496, 1880, 497, 1881)",90,36
97,1218.2,649.4,5.0,5723.72509765625,173258.11960728368,"(649, 1217, 651, 1220)",111,44
97,1131.0,935.0,1.0,3921.841796875,34651.62392145673,"(935, 1131, 936, 1132)",14,34
97,1020.0,962.3333333333334,3.0,4198.326171875,103954.8717643702,"(962, 1019, 964, 1022)",126,22
97,1719.0,1943.0,1.0,3832.0224609375,34651.62392145673,"(1943, 1719, 1944, 1720)",133,44
98,1880.0,496.0,1.0,4105.58154296875,34651.62392145673,"(496, 1880, 497, 1881)",90,36
98,725.5,526.5,2.0,3921.73291015625,69303.24784291346,"(526, 725, 528, 727)",87,49
98,1418.0,649.0,3.0,3921.73291015625,103954.8717643702,"(648, 1418, 651, 1419)",148,9
98,1218.0,649.5,8.0,6515.26513671875,277212.99137165386,"(649, 1216, 651, 1221)",111,44
98,897.0,727.5,2.0,3921.73291015625,69303.24784291346,"(727, 897, 729, 898)",95,39
98,1293.642857142857,731.1428571428571,14.0,4780.6298828125,485122.7349003942,"(728, 1292, 735, 1296)",9,42
98,1278.75,757.75,4.0,3921.73291015625,138606.49568582693,"(757, 1278, 759, 1281)",155,7
98,1131.0,935.0,1.0,4012.95556640625,34651.62392145673,"(935, 1131, 936, 1132)",14,34
98,1019.0,962.0,1.0,3921.73291015625,34651.62392145673,"(962, 1019, 963, 1020)",126,22
99,26.333333333333332,41.666666666666664,3.0,4292.154296875,103954.8717643702,"(41, 26, 43, 28)",106,7
99,1205.3333333333333,125.33333333333333,3.0,3921.7158203125,103954.8717643702,"(125, 1205, 127, 1207)",3,46
99,1603.0,262.0,1.0,3831.90478515625,34651.62392145673,"(262, 1603, 263, 1604)",43,34
99,723.0,523.5,2.0,3831.90478515625,69303.24784291346,"(523, 723, 525, 724)",87,49
99,1216.1666666666667,647.6666666666666,6.0,5293.09326171875,207909.7435287404,"(647, 1215, 649, 1219)",111,44
99,913.0,713.0,1.0,3831.90478515625,34651.62392145673,"(713, 913, 714, 914)",95,39
99,892.0,738.25,4.0,4105.763671875,138606.49568582693,"(737, 891, 740, 894)",95,39
99,1119.0,894.0,1.0,3831.90478515625,34651.62392145673,"(894, 1119, 895, 1120)",156,2
99,976.0,1103.5,2.0,4198.177734375,69303.24784291346,"(1103, 976, 1105, 977)",119,24
100,1205.0,126.25,4.0,4292.07177734375,138606.49568582693,"(126, 1204, 128, 1207)",3,46
100,1430.0,169.0,1.0,3831.90625,34651.62392145673,"(169, 1430, 170, 1431)",74,24
100,1416.0,645.0,1.0,3831.90625,34651.62392145673,"(645, 1416, 646, 1417)",148,9
100,1215.4,648.6,5.0,4881.05908203125,173258.11960728368,"(648, 1214, 650, 1218)",111,44
100,1198.0,698.0,1.0,3831.90625,34651.62392145673,"(698, 1198, 699, 1199)",103,26
100,913.0,712.0,1.0,3831.90625,34651.62392145673,"(712, 913, 713, 914)",95,39
100,1024.0,879.0,1.0,3831.90625,34651.62392145673,"(879, 1024, 880, 1025)",135,2
100,1055.0,917.0,1.0,3831.90625,34651.62392145673,"(917, 1055, 918, 1056)",68,18
100,976.0,1103.5,2.0,3921.986328125,69303.24784291346,"(1103, 976, 1105, 977)",119,24
100,800.0,1170.0,1.0,3831.90625,34651.62392145673,"(1170, 800, 1171, 801)",110,3
101,0.0,13.5,2.0,4581.99267578125,69303.24784291346,"(13, 0, 15, 1)",157,4
101,654.575,511.425,40.0,4387.26416015625,1386064.9568582694,"(502, 652, 522, 657)",8,39
101,1218.0,649.3333333333334,3.0,3831.96240234375,103954.8717643702,"(649, 1217, 651, 1220)",111,44
101,1200.0,699.0,1.0,4013.06005859375,34651.62392145673,"(699, 1200, 700, 1201)",103,26
101,896.25,727.5,4.0,4387.26416015625,138606.49568582693,"(726, 896, 730, 898)",95,39
101,1057.0,918.0,1.0,3831.96240234375,34651.62392145673,"(918, 1057, 919, 1058)",68,18
101,1017.0,965.0,1.0,3831.96240234375,34651.62392145673,"(965, 1017, 966, 1018)",126,22
101,1336.0,1316.5,2.0,4387.26416015625,69303.24784291346,"(1316, 1336, 1318, 1337)",158,2
102,1218.0,650.0,3.0,4582.02685546875,103954.8717643702,"(650, 1217, 651, 1220)",111,44
102,896.0,728.2857142857143,7.0,4292.18408203125,242561.3674501971,"(727, 895, 730, 898)",95,39
102,1366.0,733.0,1.0,3921.68603515625,34651.62392145673,"(733, 1366, 734, 1367)",34,5
102,1253.0,891.0,1.0,3832.0341796875,34651.62392145673,"(891, 1253, 892, 1254)",51,36
102,1056.5,919.0,2.0,3921.68603515625,69303.24784291346,"(919, 1056, 920, 1058)",68,18
102,1129.0,934.0,1.0,4484.02001953125,34651.62392145673,"(934, 1129, 935, 1130)",14,34
102,1337.0,1318.0,1.0,3832.0341796875,34651.62392145673,"(1318, 1337, 1319, 1338)",158,2
102,1718.0,1944.0,1.0,3832.0341796875,34651.62392145673,"(1944, 1718, 1945, 1719)",133,44
103,0.5,13.5,4.0,4198.4326171875,138606.49568582693,"(13, 0, 15, 2)",157,4
103,1319.0,36.0,1.0,3832.1337890625,34651.62392145673,"(36, 1319, 37, 1320)",159,8
103,119.0,59.5,2.0,4105.73046875,69303.24784291346,"(59, 119, 61, 120)",21,32
103,714.0,534.5,2.0,4013.02734375,69303.24784291346,"(534, 714, 536, 715)",87,49
103,1419.0,648.0,1.0,4013.02734375,34651.62392145673,"(648, 1419, 649, 1420)",148,9
103,1218.6666666666667,649.3333333333334,3.0,4198.4326171875,103954.8717643702,"(649, 1218, 651, 1220)",111,44
103,1412.0,673.0,1.0,3921.96484375,34651.62392145673,"(673, 1412, 674, 1413)",50,4
103,1291.5,723.0,2.0,4581.9599609375,69303.24784291346,"(723, 1291, 724, 1293)",9,42
103,896.6666666666666,727.6666666666666,3.0,4291.9560546875,103954.8717643702,"(727, 896, 729, 898)",95,39
103,1269.0,735.5,2.0,4291.9560546875,69303.24784291346,"(735, 1269, 737, 1270)",155,7
103,1253.5,891.0,2.0,4013.02734375,69303.24784291346,"(891, 1253, 892, 1255)",51,36
103,1130.0,933.0,1.0,4013.02734375,34651.62392145673,"(933, 1130, 934, 1131)",14,34
103,1146.0,1468.0,1.0,3921.96484375,34651.62392145673,"(1468, 1146, 1469, 1147)",161,11
103,1719.0,1943.0,1.0,4105.73046875,34651.62392145673,"(1943, 1719, 1944, 1720)",133,44
104,0.25,13.0,4.0,5085.298828125,138606.49568582693,"(12, 0, 15, 2)",157,4
104,654.4878048780488,508.5365853658537,41.0,4292.07421875,1420716.580779726,"(501, 652, 517, 658)",8,39
104,1218.0,649.0,3.0,4780.4560546875,103954.8717643702,"(649, 1217, 650, 1220)",111,44
104,896.2857142857143,727.1428571428571,7.0,4387.2255859375,242561.3674501971,"(726, 895, 729, 898)",95,39
104,1366.0,731.5,2.0,5506.48828125,69303.24784291346,"(731, 1366, 733, 1367)",34,5
104,1020.0,965.0,1.0,3832.103515625,34651.62392145673,"(965, 1020, 966, 1021)",126,22
104,1145.0,1467.0,1.0,5615.16796875,34651.62392145673,"(1467, 1145, 1468, 1146)",161,11
105,1655.0,357.0,1.0,3922.00390625,34651.62392145673,"(357, 1655, 358, 1656)",142,2
105,654.6842105263158,509.42105263157896,38.0,4292.3115234375,1316761.709015356,"(504, 652, 517, 658)",8,39
105,679.0,542.0,1.0,3831.7802734375,34651.62392145673,"(542, 679, 543, 680)",25,47
105,1216.8333333333333,650.1666666666666,6.0,5833.951171875,207909.7435287404,"(650, 1215, 652, 1220)",111,44
105,631.0,674.5,2.0,4105.587890625,69303.24784291346,"(674, 631, 676, 632)",104,15
105,896.2727272727273,728.9090909090909,11.0,4581.8095703125,381167.86313602404,"(727, 895, 732, 899)",95,39
105,1366.0,732.5,2.0,5188.26708984375,69303.24784291346,"(732, 1366, 734, 1367)",34,5
105,1127.0,805.0,1.0,3922.00390625,34651.62392145673,"(805, 1127, 806, 1128)",11,36
105,1254.0,917.0,1.0,4292.3115234375,34651.62392145673,"(917, 1254, 918, 1255)",51,36
105,1130.0,934.0,1.0,3831.7802734375,34651.62392145673,"(934, 1130, 935, 1131)",14,34
105,219.0,1901.5,2.0,4581.8095703125,69303.24784291346,"(1901, 219, 1903, 220)",163,7
105,1720.7142857142858,1944.7142857142858,7.0,7359.5078125,242561.3674501971,"(1944, 1718, 1947, 1724)",133,44
106,693.0,65.0,1.0,3831.80712890625,34651.62392145673,"(65, 693, 66, 694)",59,12
106,1572.0,249.0,1.0,3921.748046875,34651.62392145673,"(249, 1572, 250, 1573)",43,34
106,681.0,542.0,1.0,3831.80712890625,34651.62392145673,"(542, 681, 543, 682)",25,47
106,1218.6666666666667,650.0,9.0,5833.716796875,311864.6152931106,"(649, 1217, 652, 1222)",111,44
106,1367.5,732.5,4.0,5833.716796875,138606.49568582693,"(732, 1367, 734, 1369)",34,5
106,1131.0,818.0,1.0,3831.80712890625,34651.62392145673,"(818, 1131, 819, 1132)",11,36
106,1254.0,892.0,1.0,3831.80712890625,34651.62392145673,"(892, 1254, 893, 1255)",51,36
106,1256.0,917.0,1.0,4198.24365234375,34651.62392145673,"(917, 1256, 918, 1257)",51,36
106,1021.0,967.5,2.0,3921.748046875,69303.24784291346,"(967, 1021, 969, 1022)",126,22
106,1722.8333333333333,1944.6666666666667,6.0,6751.40380859375,207909.7435287404,"(1944, 1721, 1947, 1725)",133,44
107,692.0,64.5,2.0,4292.0595703125,69303.24784291346,"(64, 692, 66, 693)",59,12
107,1586.0,246.5,2.0,4105.755859375,69303.24784291346,"(246, 1586, 248, 1587)",43,34
107,656.078947368421,508.44736842105266,38.0,4483.98291015625,1316761.709015356,"(501, 654, 517, 659)",8,39
107,714.0,534.0,1.0,3832.0615234375,34651.62392145673,"(534, 714, 535, 715)",87,49
107,1218.25,649.625,8.0,5945.18603515625,277212.99137165386,"(649, 1216, 651, 1222)",111,44
107,1283.0,804.0,1.0,4198.205078125,34651.62392145673,"(804, 1283, 805, 1284)",85,25
107,1256.0,916.5,2.0,4013.02587890625,69303.24784291346,"(916, 1256, 918, 1257)",51,36
107,1722.0,1944.3333333333333,3.0,5188.451171875,103954.8717643702,"(1944, 1721, 1946, 1724)",133,44
108,1211.5,137.0,2.0,3921.72900390625,69303.24784291346,"(137, 1211, 138, 1213)",3,46
108,619.0,393.0,3.0,6871.09912109375,103954.8717643702,"(393, 618, 394, 621)",165,8
108,1218.642857142857,649.3571428571429,14.0,5945.18505859375,485122.7349003942,"(648, 1216, 653, 1223)",111,44
108,1135.0,940.0,1.0,3832.08935546875,34651.62392145673,"(940, 1135, 941, 1136)",14,34
108,1404.0,948.0,1.0,3832.08935546875,34651.62392145673,"(948, 1404, 949, 1405)",94,22
108,1019.0,964.0,3.0,4105.74560546875,103954.8717643702,"(963, 1019, 966, 1020)",126,22
108,1105.0,969.0,1.0,3832.08935546875,34651.62392145673,"(969, 1105, 970, 1106)",137,32
109,619.2,391.6,5.0,5506.5439453125,173258.11960728368,"(391, 618, 393, 621)",165,8
109,1844.0,522.0,1.0,3832.0615234375,34651.62392145673,"(522, 1844, 523, 1845)",86,24
109,714.0,534.0,1.0,3921.9814453125,34651.62392145673,"(534, 714, 535, 715)",87,49
109,630.0,606.0,1.0,3832.0615234375,34651.62392145673,"(606, 630, 607, 631)",147,11
109,896.4,728.4,5.0,4881.03662109375,173258.11960728368,"(727, 896, 731, 898)",95,39
109,1018.0,963.5,2.0,4292.0595703125,69303.24784291346,"(963, 1018, 965, 1019)",126,22
110,1549.5,226.5,2.0,4680.056640625,69303.24784291346,"(226, 1549, 228, 1551)",43,34
110,654.7428571428571,507.37142857142857,35.0,4292.291015625,1212806.8372509857,"(501, 652, 516, 657)",8,39
110,712.0,534.0,1.0,3831.81982421875,34651.62392145673,"(534, 712, 535, 713)",87,49
110,678.0,541.0,1.0,3921.87939453125,34651.62392145673,"(541, 678, 542, 679)",25,47
110,1281.0,802.0,3.0,4387.4375,103954.8717643702,"(801, 1281, 804, 1282)",85,25
110,1403.0,948.0,1.0,3921.87939453125,34651.62392145673,"(948, 1403, 949, 1404)",94,22
110,1018.0,963.5,2.0,3921.87939453125,69303.24784291346,"(963, 1018, 965, 1019)",126,22
110,976.5,1103.0,2.0,4013.13623046875,69303.24784291346,"(1103, 976, 1104, 978)",119,24
110,1141.0,1470.0,1.0,4581.91845703125,34651.62392145673,"(1470, 1141, 1471, 1142)",161,11
111,1210.0,129.0,1.0,3831.83642578125,34651.62392145673,"(129, 1210, 130, 1211)",3,46
111,1282.0,802.0,1.0,4483.912109375,34651.62392145673,"(802, 1282, 803, 1283)",85,25
111,1398.0,950.0,1.0,3831.83642578125,34651.62392145673,"(950, 1398, 951, 1399)",94,22
111,1018.5,963.5,2.0,3921.8251953125,69303.24784291346,"(963, 1018, 965, 1020)",126,22
111,977.5,1103.0,2.0,4105.5517578125,69303.24784291346,"(1103, 977, 1104, 979)",119,24
111,1142.5,1469.5,2.0,4780.46533203125,69303.24784291346,"(1469, 1142, 1471, 1144)",161,11
112,1599.6666666666667,274.6666666666667,3.0,4105.60400390625,103954.8717643702,"(274, 1599, 276, 1601)",43,34
112,655.1515151515151,508.72727272727275,33.0,4387.38134765625,1143503.5894080722,"(503, 653, 517, 658)",8,39
112,1281.5,801.5,2.0,3921.8359375,69303.24784291346,"(801, 1281, 803, 1283)",85,25
112,1018.0,963.0,1.0,4198.416015625,34651.62392145673,"(963, 1018, 964, 1019)",126,22
113,712.0,534.0,1.0,3831.9912109375,34651.62392145673,"(534, 712, 535, 713)",87,49
113,1243.5,737.0,2.0,3921.9912109375,69303.24784291346,"(737, 1243, 738, 1245)",167,7
113,1397.5,950.0,2.0,3831.9912109375,69303.24784291346,"(950, 1397, 951, 1399)",94,22
113,1018.0,963.0,1.0,3831.9912109375,34651.62392145673,"(963, 1018, 964, 1019)",126,22
113,818.0,1552.0,3.0,4292.1025390625,103954.8717643702,"(1552, 817, 1553, 820)",149,7
114,132.5,478.5,2.0,4291.9833984375,69303.24784291346,"(478, 132, 480, 134)",168,4
114,764.0,689.0,1.0,3832.1259765625,34651.62392145673,"(689, 764, 690, 765)",169,5
114,818.0,1551.0,1.0,4013.017578125,34651.62392145673,"(1551, 818, 1552, 819)",149,7
114,177.83333333333334,1617.0,6.0,6515.42578125,207909.7435287404,"(1616, 176, 1619, 181)",141,22
115,51.5,2.5,4.0,4582.05859375,138606.49568582693,"(2, 51, 4, 53)",170,2
115,1435.0,184.0,1.0,3921.8759765625,34651.62392145673,"(184, 1435, 185, 1436)",74,24
115,132.0,477.5,2.0,4387.6279296875,69303.24784291346,"(477, 132, 479, 133)",168,4
115,1880.0,495.0,1.0,3921.8759765625,34651.62392145673,"(495, 1880, 496, 1881)",90,36
115,655.2105263157895,510.7368421052632,19.0,4105.5322265625,658380.854507678,"(507, 653, 516, 658)",8,39
115,762.5,689.5,2.0,4292.126953125,69303.24784291346,"(689, 762, 691, 764)",169,5
115,1129.0,932.0,1.0,3831.76171875,34651.62392145673,"(932, 1129, 933, 1130)",14,34
115,1142.0,1469.0,1.0,5188.369140625,34651.62392145673,"(1469, 1142, 1470, 1143)",161,11
115,219.0,1907.0,1.0,4198.0947265625,34651.62392145673,"(1907, 219, 1908, 220)",163,7
115,1692.0,1959.5,2.0,3921.8759765625,69303.24784291346,"(1959, 1692, 1961, 1693)",133,44
116,1879.5,496.5,2.0,4012.8740234375,69303.24784291346,"(496, 1879, 498, 1881)",90,36
116,763.0,690.0,3.0,4679.9970703125,103954.8717643702,"(689, 762, 692, 765)",169,5
116,1208.0,692.0,1.0,3832.1337890625,34651.62392145673,"(692, 1208, 693, 1209)",103,26
116,594.0,709.5,2.0,4198.0234375,69303.24784291346,"(709, 594, 711, 595)",171,13
116,1398.5,949.5,2.0,4012.8740234375,69303.24784291346,"(949, 1398, 951, 1400)",94,22
116,1019.0,963.0,1.0,3921.76953125,34651.62392145673,"(963, 1019, 964, 1020)",126,22
116,1143.0,1469.6666666666667,3.0,5293.2412109375,103954.8717643702,"(1469, 1142, 1471, 1145)",161,11
116,178.0,1617.3333333333333,12.0,10493.56640625,415819.4870574808,"(1616, 175, 1620, 182)",141,22
116,1692.75,1961.0,4.0,5723.78515625,138606.49568582693,"(1960, 1692, 1963, 1695)",133,44
117,40.0,29.0,1.0,4105.8447265625,34651.62392145673,"(29, 40, 30, 41)",172,3
117,1671.0,320.0,1.0,3831.857421875,34651.62392145673,"(320, 1671, 321, 1672)",67,10
117,1602.0,423.0,1.0,3831.857421875,34651.62392145673,"(423, 1602, 424, 1603)",173,3
117,1209.0,693.5,2.0,3921.9228515625,69303.24784291346,"(693, 1209, 695, 1210)",103,26
117,595.0,710.0,1.0,3921.9228515625,34651.62392145673,"(710, 595, 711, 596)",171,13
117,1138.0,793.0,1.0,3831.857421875,34651.62392145673,"(793, 1138, 794, 1139)",11,36
117,1107.0,960.0,1.0,3831.857421875,34651.62392145673,"(960, 1107, 961, 1108)",137,32
117,179.33333333333334,1618.8095238095239,21.0,16512.529296875,727684.1023505913,"(1617, 175, 1622, 184)",141,22
117,1694.0,1961.5,4.0,5293.2802734375,138606.49568582693,"(1960, 1693, 1964, 1696)",133,44
118,1670.0,320.0,1.0,4013.02587890625,34651.62392145673,"(320, 1670, 321, 1671)",67,10
118,713.0,533.0,1.0,3832.0615234375,34651.62392145673,"(533, 713, 534, 714)",87,49
118,1209.0,693.0,1.0,3832.0615234375,34651.62392145673,"(693, 1209, 694, 1210)",103,26
118,588.0,710.0,1.0,4013.02587890625,34651.62392145673,"(710, 588, 711, 589)",171,13
118,1414.2857142857142,849.5714285714286,7.0,4780.4384765625,242561.3674501971,"(849, 1413, 851, 1417)",174,22
118,1255.0,919.0,1.0,3921.9814453125,34651.62392145673,"(919, 1255, 920, 1256)",51,36
118,1134.0,937.0,1.0,3832.0615234375,34651.62392145673,"(937, 1134, 938, 1135)",14,34
118,1400.0,952.0,1.0,3832.0615234375,34651.62392145673,"(952, 1400, 953, 1401)",94,22
118,1107.0,960.0,1.0,3921.9814453125,34651.62392145673,"(960, 1107, 961, 1108)",137,32
119,1880.0,497.0,1.0,3832.009765625,34651.62392145673,"(497, 1880, 498, 1881)",90,36
119,587.5,709.5,2.0,3832.009765625,69303.24784291346,"(709, 587, 711, 589)",171,13
119,1253.7142857142858,893.1428571428571,7.0,4387.42578125,242561.3674501971,"(892, 1253, 895, 1256)",51,36
119,1254.0,918.5,2.0,3832.009765625,69303.24784291346,"(918, 1254, 920, 1255)",51,36
119,179.83333333333334,1618.75,24.0,18821.6875,831638.9741149616,"(1616, 175, 1623, 186)",141,22
119,1693.5,1961.0,2.0,4581.93701171875,69303.24784291346,"(1961, 1693, 1962, 1695)",133,44
120,1208.0,694.0,1.0,3832.126953125,34651.62392145673,"(694, 1208, 695, 1209)",103,26
120,1054.0,934.0,1.0,3921.931640625,34651.62392145673,"(934, 1054, 935, 1055)",68,18
120,1132.0,936.0,1.0,3921.931640625,34651.62392145673,"(936, 1132, 937, 1133)",14,34
120,1403.6,948.2,5.0,4105.4638671875,173258.11960728368,"(948, 1402, 950, 1406)",94,22
120,174.73529411764707,1616.3823529411766,34.0,11248.8603515625,1178155.213329529,"(1613, 167, 1622, 183)",141,22
120,1692.5,1960.5,4.0,4680.0400390625,138606.49568582693,"(1960, 1692, 1962, 1694)",133,44
121,1436.0,183.0,1.0,3921.7666015625,34651.62392145673,"(183, 1436, 184, 1437)",74,24
121,1880.5,496.0,2.0,5188.41064453125,69303.24784291346,"(496, 1880, 497, 1882)",90,36
121,1216.25,649.0,4.0,4484.11181640625,138606.49568582693,"(648, 1215, 651, 1218)",111,44
121,767.0,687.0,1.0,3921.7666015625,34651.62392145673,"(687, 767, 688, 768)",169,5
121,1137.0,793.0,1.0,3921.7666015625,34651.62392145673,"(793, 1137, 794, 1138)",11,36
121,1055.0,934.0,1.0,3921.7666015625,34651.62392145673,"(934, 1055, 935, 1056)",68,18
121,1404.25,947.75,4.0,4105.6552734375,138606.49568582693,"(947, 1404, 950, 1406)",94,22
121,1019.0,965.0,1.0,4013.18994140625,34651.62392145673,"(965, 1019, 966, 1020)",126,22
121,173.75555555555556,1615.7111111111112,45.0,15415.0703125,1559323.076465553,"(1612, 165, 1622, 183)",141,22
122,1670.5,320.0,2.0,4484.16845703125,69303.24784291346,"(320, 1670, 321, 1672)",67,10
122,1882.2857142857142,496.57142857142856,7.0,5945.31103515625,242561.3674501971,"(496, 1881, 498, 1885)",90,36
122,589.0,710.0,1.0,3831.90234375,34651.62392145673,"(710, 589, 711, 590)",171,13
122,1133.5,936.0,2.0,4013.013671875,69303.24784291346,"(936, 1133, 937, 1135)",14,34
122,1021.0,966.0,1.0,4013.013671875,34651.62392145673,"(966, 1021, 967, 1022)",126,22
122,994.0,1100.0,1.0,3921.96142578125,34651.62392145673,"(1100, 994, 1101, 995)",119,24
122,175.3695652173913,1615.7173913043478,46.0,20859.69140625,1593974.7003870097,"(1612, 166, 1622, 185)",141,22
123,1670.5,321.0,2.0,4198.2763671875,69303.24784291346,"(321, 1670, 322, 1672)",67,10
123,1882.5,497.5,8.0,6515.2685546875,277212.99137165386,"(497, 1881, 499, 1885)",90,36
123,769.0,686.5,4.0,4105.8310546875,138606.49568582693,"(686, 768, 688, 771)",169,5
123,1253.4,701.0,5.0,4105.8310546875,173258.11960728368,"(699, 1253, 704, 1255)",9,42
123,1143.0,1471.5,4.0,6751.56787109375,138606.49568582693,"(1471, 1142, 1473, 1145)",161,11
124,1429.0,169.0,1.0,3831.7802734375,34651.62392145673,"(169, 1429, 170, 1430)",74,24
124,1879.8,495.4,5.0,4780.537109375,173258.11960728368,"(495, 1879, 497, 1882)",90,36
124,630.0,606.0,1.0,3831.7802734375,34651.62392145673,"(606, 630, 607, 631)",147,11
124,1418.0,642.0,1.0,3921.8857421875,34651.62392145673,"(642, 1418, 643, 1419)",148,9
124,574.5,680.0,4.0,4012.955078125,138606.49568582693,"(679, 574, 682, 576)",175,4
124,587.0,709.0,1.0,3831.7802734375,34651.62392145673,"(709, 587, 710, 588)",171,13
124,1137.0,792.0,1.0,4387.349609375,34651.62392145673,"(792, 1137, 793, 1138)",11,36
124,1390.5,878.5,2.0,3921.8857421875,69303.24784291346,"(878, 1390, 880, 1392)",62,12
124,1416.5,889.5,2.0,4105.4697265625,69303.24784291346,"(889, 1416, 891, 1418)",29,17
124,1057.5,918.5,2.0,4012.955078125,69303.24784291346,"(918, 1057, 920, 1059)",68,18
124,1132.0,935.0,1.0,3831.7802734375,34651.62392145673,"(935, 1132, 936, 1133)",14,34
124,993.0,1098.0,1.0,3831.7802734375,34651.62392145673,"(1098, 993, 1099, 994)",119,24
124,1140.3333333333333,1470.3333333333333,3.0,8926.34765625,103954.8717643702,"(1470, 1140, 1472, 1142)",161,11
124,1693.5,1969.0,4.0,6170.6650390625,138606.49568582693,"(1968, 1693, 1971, 1695)",133,44
125,1206.0,138.0,1.0,3831.763671875,34651.62392145673,"(138, 1206, 139, 1207)",3,46
125,1580.5,449.5,2.0,3831.763671875,69303.24784291346,"(449, 1580, 451, 1582)",176,3
125,1878.8,495.4,5.0,4780.5517578125,173258.11960728368,"(495, 1878, 497, 1881)",90,36
125,574.3333333333334,680.3333333333334,3.0,3921.92578125,103954.8717643702,"(680, 574, 682, 576)",175,4
125,892.5,737.5,4.0,4105.5888671875,138606.49568582693,"(737, 892, 739, 894)",95,39
125,1292.0,818.0,1.0,3921.92578125,34651.62392145673,"(818, 1292, 819, 1293)",112,27
125,1056.6666666666667,918.6666666666666,3.0,4387.3447265625,103954.8717643702,"(918, 1056, 920, 1058)",68,18
125,1251.0,919.0,1.0,3831.763671875,34651.62392145673,"(919, 1251, 920, 1252)",51,36
125,1692.6666666666667,1969.0,3.0,5085.265625,103954.8717643702,"(1968, 1692, 1971, 1694)",133,44
126,0.0,13.0,1.0,3831.7900390625,34651.62392145673,"(13, 0, 14, 1)",157,4
126,1879.4,495.8,5.0,7113.708984375,173258.11960728368,"(495, 1879, 498, 1881)",90,36
126,630.0,607.5,2.0,3831.7900390625,69303.24784291346,"(607, 630, 609, 631)",147,11
126,624.0,676.0,1.0,3831.7900390625,34651.62392145673,"(676, 624, 677, 625)",104,15
126,1057.5,918.5,2.0,4105.5615234375,69303.24784291346,"(918, 1057, 920, 1059)",68,18
126,1251.0,920.0,1.0,3921.9345703125,34651.62392145673,"(920, 1251, 921, 1252)",51,36
126,296.5,1262.0,2.0,4012.9140625,69303.24784291346,"(1262, 296, 1263, 298)",177,2
126,1698.0,1946.0,1.0,3921.9345703125,34651.62392145673,"(1946, 1698, 1947, 1699)",133,44
127,129.5,99.5,6.0,10943.1474609375,207909.7435287404,"(99, 128, 101, 132)",21,32
127,1212.0,131.0,1.0,3921.69970703125,34651.62392145673,"(131, 1212, 132, 1213)",3,46
127,1880.5,497.0,4.0,5506.392578125,138606.49568582693,"(496, 1880, 499, 1882)",90,36
127,1416.0,890.0,1.0,3831.82275390625,34651.62392145673,"(890, 1416, 891, 1417)",29,17
127,1252.0,921.0,1.0,3831.82275390625,34651.62392145673,"(921, 1252, 922, 1253)",51,36
127,1133.0,940.5,2.0,4105.671875,69303.24784291346,"(940, 1133, 942, 1134)",14,34
127,161.0,1610.0,1.0,3831.82275390625,34651.62392145673,"(1610, 161, 1611, 162)",141,22
127,1701.125,1949.25,8.0,6170.57470703125,277212.99137165386,"(1948, 1700, 1952, 1703)",133,44
128,130.5,99.5,4.0,6284.59716796875,138606.49568582693,"(99, 130, 101, 132)",21,32
128,1582.0,454.0,1.0,3832.052734375,34651.62392145673,"(454, 1582, 455, 1583)",176,3
128,1882.5,497.0,2.0,4981.7587890625,69303.24784291346,"(497, 1882, 498, 1884)",90,36
128,1374.0,684.0,1.0,3832.052734375,34651.62392145673,"(684, 1374, 685, 1375)",178,6
128,1208.0714285714287,692.0,14.0,4881.10546875,485122.7349003942,"(690, 1206, 695, 1211)",103,26
128,1252.5,700.8333333333334,6.0,4484.14501953125,207909.7435287404,"(699, 1252, 703, 1254)",9,42
128,1415.0,889.0,1.0,4387.52880859375,34651.62392145673,"(889, 1415, 890, 1416)",29,17
128,1253.0,922.0,1.0,3832.052734375,34651.62392145673,"(922, 1253, 923, 1254)",51,36
128,1134.0,941.0,1.0,4292.2578125,34651.62392145673,"(941, 1134, 942, 1135)",14,34
128,1020.0,965.0,1.0,3832.052734375,34651.62392145673,"(965, 1020, 966, 1021)",126,22
129,131.0,100.0,1.0,3921.91552734375,34651.62392145673,"(100, 131, 101, 132)",21,32
129,1604.0,421.0,1.0,3832.052734375,34651.62392145673,"(421, 1604, 422, 1605)",173,3
129,1882.0,497.0,1.0,4387.3076171875,34651.62392145673,"(497, 1882, 498, 1883)",90,36
129,1208.6666666666667,692.1111111111111,9.0,4780.63671875,311864.6152931106,"(691, 1207, 695, 1212)",103,26
129,1252.2,700.2,5.0,4387.3076171875,173258.11960728368,"(699, 1252, 703, 1254)",9,42
129,1294.0,823.0,1.0,4105.66064453125,34651.62392145673,"(823, 1294, 824, 1295)",112,27
129,1416.4285714285713,889.8571428571429,7.0,5188.3212890625,242561.3674501971,"(888, 1414, 893, 1420)",29,17
129,1134.0,941.0,1.0,3832.052734375,34651.62392145673,"(941, 1134, 942, 1135)",14,34
129,1020.0,965.0,1.0,3921.91552734375,34651.62392145673,"(965, 1020, 966, 1021)",126,22
129,1142.5,1472.5,2.0,5399.0537109375,69303.24784291346,"(1472, 1142, 1474, 1144)",161,11
130,1316.4,133.6,5.0,4198.2158203125,173258.11960728368,"(133, 1315, 135, 1319)",32,9
130,1435.0,184.0,1.0,3921.91943359375,34651.62392145673,"(184, 1435, 185, 1436)",74,24
130,98.66666666666667,195.33333333333334,3.0,6399.9287109375,103954.8717643702,"(195, 98, 197, 100)",61,13
130,1581.0,456.0,1.0,3832.02783203125,34651.62392145673,"(456, 1581, 457, 1582)",176,3
130,633.0,608.0,1.0,3832.02783203125,34651.62392145673,"(608, 633, 609, 634)",147,11
130,1218.0,649.0,1.0,4013.08447265625,34651.62392145673,"(649, 1218, 650, 1219)",111,44
130,1294.0,822.0,1.0,4581.974609375,34651.62392145673,"(822, 1294, 823, 1295)",112,27
130,1418.5,890.5,2.0,4105.77734375,69303.24784291346,"(890, 1418, 892, 1420)",29,17
130,1228.3529411764705,903.7058823529412,17.0,4881.18994140625,589077.6066647645,"(899, 1226, 909, 1232)",83,9
130,994.0,1100.0,1.0,3921.91943359375,34651.62392145673,"(1100, 994, 1101, 995)",119,24
131,1434.5,184.0,2.0,3921.92041015625,69303.24784291346,"(184, 1434, 185, 1436)",74,24
131,1548.0,235.0,1.0,4387.42919921875,34651.62392145673,"(235, 1548, 236, 1549)",43,34
131,1221.3636363636363,656.3636363636364,11.0,4483.9404296875,381167.86313602404,"(655, 1219, 659, 1224)",111,44
131,588.0,709.0,1.0,3832.00830078125,34651.62392145673,"(709, 588, 710, 589)",171,13
131,1293.3333333333333,821.6666666666666,3.0,4013.20751953125,103954.8717643702,"(821, 1293, 823, 1295)",112,27
131,1416.0,889.0,1.0,3832.00830078125,34651.62392145673,"(889, 1416, 890, 1417)",29,17
131,1055.5,920.5,2.0,3921.92041015625,69303.24784291346,"(920, 1055, 922, 1057)",68,18
131,296.0,1260.0,1.0,3832.00830078125,34651.62392145673,"(1260, 296, 1261, 297)",177,2
131,1153.5,1468.0,2.0,4198.255859375,69303.24784291346,"(1468, 1153, 1469, 1155)",161,11
132,1434.6666666666667,184.33333333333334,3.0,3921.7939453125,103954.8717643702,"(184, 1434, 186, 1436)",74,24
132,1548.0,235.0,1.0,4581.8232421875,34651.62392145673,"(235, 1548, 236, 1549)",43,34
132,726.5,526.5,2.0,3832.072265625,69303.24784291346,"(526, 726, 528, 728)",87,49
132,1297.0,771.5,2.0,4012.99560546875,69303.24784291346,"(771, 1297, 773, 1298)",85,25
132,1294.0,822.0,1.0,4581.8232421875,34651.62392145673,"(822, 1294, 823, 1295)",112,27
132,1417.0,890.0,3.0,4484.10693359375,103954.8717643702,"(889, 1416, 892, 1419)",29,17
132,1227.0,905.0,1.0,3832.072265625,34651.62392145673,"(905, 1227, 906, 1228)",83,9
132,978.0,1100.0,1.0,3832.072265625,34651.62392145673,"(1100, 978, 1101, 979)",119,24
132,1143.0,1470.0,1.0,4012.99560546875,34651.62392145673,"(1470, 1143, 1471, 1144)",161,11
132,174.66666666666666,1615.2708333333333,48.0,16512.3984375,1663277.9482299231,"(1612, 166, 1620, 185)",141,22
133,1210.0,131.0,1.0,3921.71630859375,34651.62392145673,"(131, 1210, 132, 1211)",3,46
133,1549.0,237.0,1.0,4105.72802734375,34651.62392145673,"(237, 1549, 238, 1550)",43,34
133,1884.5,496.25,4.0,5188.28564453125,138606.49568582693,"(496, 1883, 498, 1887)",90,36
133,650.0,573.0,1.0,3832.02685546875,34651.62392145673,"(573, 650, 574, 651)",97,10
133,633.0,609.0,1.0,3832.02685546875,34651.62392145673,"(609, 633, 610, 634)",147,11
133,1431.0,699.0,1.0,4013.06005859375,34651.62392145673,"(699, 1431, 700, 1432)",64,13
133,1384.3333333333333,716.3333333333334,3.0,4387.37158203125,103954.8717643702,"(716, 1384, 718, 1386)",52,9
133,1133.6666666666667,796.3333333333334,3.0,4387.37158203125,103954.8717643702,"(796, 1133, 798, 1135)",11,36
133,1295.0,824.0,1.0,3921.71630859375,34651.62392145673,"(824, 1295, 825, 1296)",112,27
133,1255.0666666666666,893.9333333333333,15.0,4484.0107421875,519774.35882185097,"(892, 1253, 897, 1258)",51,36
133,173.5,1616.42,50.0,10493.5146484375,1732581.1960728366,"(1613, 162, 1622, 186)",141,22
134,98.0,190.5,2.0,5506.3564453125,69303.24784291346,"(190, 98, 192, 99)",61,13
134,1592.0,284.5,2.0,4013.16796875,69303.24784291346,"(284, 1592, 286, 1593)",43,34
134,1884.8333333333333,495.3333333333333,6.0,5188.4189453125,207909.7435287404,"(495, 1883, 497, 1888)",90,36
134,1385.0,715.0,1.0,4198.2431640625,34651.62392145673,"(715, 1385, 716, 1386)",52,9
134,1296.0,823.0,1.0,3831.822265625,34651.62392145673,"(823, 1296, 824, 1297)",112,27
134,1417.5,889.5,2.0,4105.4716796875,69303.24784291346,"(889, 1417, 891, 1419)",29,17
134,1255.6,891.8666666666667,15.0,4291.9462890625,519774.35882185097,"(890, 1253, 895, 1259)",51,36
134,1106.5,970.0,2.0,4013.16796875,69303.24784291346,"(970, 1106, 971, 1108)",137,32
134,980.0,1099.5,2.0,3921.7958984375,69303.24784291346,"(1099, 980, 1101, 981)",119,24
134,1001.0,1125.0,1.0,3831.822265625,34651.62392145673,"(1125, 1001, 1126, 1002)",16,20
134,172.02439024390245,1614.4146341463415,41.0,7993.91796875,1420716.580779726,"(1611, 159, 1620, 186)",141,22
135,122.5,102.0,2.0,5506.3564453125,69303.24784291346,"(102, 122, 103, 124)",21,32
135,95.0,124.5,4.0,4679.8115234375,138606.49568582693,"(124, 94, 126, 97)",45,11
135,1211.0,131.0,1.0,3831.822265625,34651.62392145673,"(131, 1211, 132, 1212)",3,46
135,97.0,189.0,3.0,6170.669921875,103954.8717643702,"(188, 97, 191, 98)",61,13
135,1884.0,495.5,2.0,4105.4716796875,69303.24784291346,"(495, 1884, 497, 1885)",90,36
135,1219.4,655.6,5.0,4484.013671875,173258.11960728368,"(655, 1218, 657, 1222)",111,44
135,916.0,668.0,1.0,3831.822265625,34651.62392145673,"(668, 916, 669, 917)",143,3
135,1295.5,822.5,2.0,4198.2431640625,69303.24784291346,"(822, 1295, 824, 1297)",112,27
135,1254.1875,891.1875,16.0,4198.2431640625,554425.9827433077,"(888, 1251, 895, 1258)",51,36
135,1416.0,889.0,1.0,3831.822265625,34651.62392145673,"(889, 1416, 890, 1417)",29,17
135,1227.0,906.5,2.0,4387.513671875,69303.24784291346,"(906, 1227, 908, 1228)",83,9
136,121.5,102.0,2.0,4679.7734375,69303.24784291346,"(102, 121, 103, 123)",21,32
136,1298.0,112.0,1.0,4012.9599609375,34651.62392145673,"(112, 1298, 113, 1299)",71,8
136,96.0,189.0,3.0,5614.923828125,103954.8717643702,"(188, 96, 191, 97)",61,13
136,1742.235294117647,325.0,17.0,4387.2880859375,589077.6066647645,"(323, 1740, 328, 1745)",138,18
136,1884.5,495.0,2.0,4198.111328125,69303.24784291346,"(495, 1884, 496, 1886)",90,36
136,1385.0,716.0,1.0,3921.7255859375,34651.62392145673,"(716, 1385, 717, 1386)",52,9
136,1214.0,743.0,1.0,4198.111328125,34651.62392145673,"(743, 1214, 744, 1215)",100,4
136,1294.0,822.0,1.0,3921.7255859375,34651.62392145673,"(822, 1294, 823, 1295)",112,27
136,1141.7894736842106,909.7368421052631,19.0,4483.888671875,658380.854507678,"(909, 1135, 912, 1149)",132,2
136,1704.9538461538461,1950.6153846153845,65.0,11557.6630859375,2252355.5548946876,"(1946, 1698, 1958, 1711)",133,44
137,119.0,93.33333333333333,3.0,4105.66015625,103954.8717643702,"(93, 118, 95, 121)",21,32
137,1208.6666666666667,129.33333333333334,3.0,3832.00830078125,103954.8717643702,"(129, 1208, 131, 1210)",3,46
137,1434.0,184.0,1.0,3832.00830078125,34651.62392145673,"(184, 1434, 185, 1435)",74,24
137,94.0,187.0,1.0,4387.2978515625,34651.62392145673,"(187, 94, 188, 95)",61,13
137,1588.0,283.0,1.0,3832.00830078125,34651.62392145673,"(283, 1588, 284, 1589)",43,34
137,1648.0,371.0,1.0,3921.71728515625,34651.62392145673,"(371, 1648, 372, 1649)",180,3
137,725.0,526.0,1.0,3832.00830078125,34651.62392145673,"(526, 725, 527, 726)",87,49
137,1416.0,651.0,1.0,3832.00830078125,34651.62392145673,"(651, 1416, 652, 1417)",148,9
137,625.0,672.0,1.0,4013.0234375,34651.62392145673,"(672, 625, 673, 626)",104,15
137,1131.0,792.0,1.0,4483.927734375,34651.62392145673,"(792, 1131, 793, 1132)",11,36
137,1292.5,820.5,2.0,4105.66015625,69303.24784291346,"(820, 1292, 822, 1294)",112,27
137,177.5,1615.85,20.0,8926.5087890625,693032.4784291347,"(1613, 172, 1620, 184)",141,22
137,1701.8,1949.2857142857142,35.0,8654.1884765625,1212806.8372509857,"(1944, 1696, 1954, 1707)",133,44
138,121.0,122.0,1.0,3832.039794921875,34651.62392145673,"(122, 121, 123, 122)",21,32
138,94.44444444444444,124.22222222222223,9.0,6056.587890625,311864.6152931106,"(123, 93, 127, 97)",45,11
138,1210.0,131.0,1.0,4012.98388671875,34651.62392145673,"(131, 1210, 132, 1211)",3,46
138,95.0,189.0,3.0,4780.54052734375,103954.8717643702,"(188, 95, 191, 96)",61,13
138,655.047619047619,512.8095238095239,21.0,4198.1455078125,727684.1023505913,"(507, 654, 520, 657)",8,39
138,605.0,652.0,1.0,3921.80908203125,34651.62392145673,"(652, 605, 653, 606)",107,7
138,1252.0,921.0,1.0,3832.039794921875,34651.62392145673,"(921, 1252, 922, 1253)",51,36
138,178.38888888888889,1616.9444444444443,18.0,7865.2255859375,623729.2305862212,"(1615, 173, 1620, 184)",141,22
139,96.4,189.6,5.0,5293.0478515625,173258.11960728368,"(188, 96, 192, 98)",61,13
139,1220.142857142857,656.5714285714286,28.0,6751.4453125,970245.4698007884,"(654, 1216, 660, 1225)",111,44
139,1207.8333333333333,916.1666666666666,6.0,4292.1318359375,207909.7435287404,"(915, 1207, 918, 1210)",181,10
139,1052.0,960.0,1.0,3921.80908203125,34651.62392145673,"(960, 1052, 961, 1053)",152,3
139,1027.0,969.0,1.0,3832.039794921875,34651.62392145673,"(969, 1027, 970, 1028)",126,22
139,1001.0,1125.0,1.0,3832.039794921875,34651.62392145673,"(1125, 1001, 1126, 1002)",16,20
139,181.375,1619.125,8.0,6056.587890625,277212.99137165386,"(1618, 179, 1621, 185)",141,22
140,96.5,190.0,4.0,5188.42333984375,138606.49568582693,"(189, 96, 192, 98)",61,13
140,1460.6666666666667,381.6666666666667,3.0,4387.32373046875,103954.8717643702,"(381, 1460, 383, 1462)",72,8
140,1893.6666666666667,500.6666666666667,3.0,4387.32373046875,103954.8717643702,"(500, 1893, 502, 1895)",90,36
140,718.0,539.0,1.0,4013.00830078125,34651.62392145673,"(539, 718, 540, 719)",87,49
140,1418.0,654.0,1.0,3921.84765625,34651.62392145673,"(654, 1418, 655, 1419)",148,9
140,1220.5,657.8,20.0,6284.6962890625,693032.4784291347,"(655, 1217, 661, 1225)",111,44
140,1208.6,917.2,5.0,4484.0537109375,173258.11960728368,"(917, 1207, 919, 1211)",181,10
140,1404.0,948.0,1.0,4105.634765625,34651.62392145673,"(948, 1404, 949, 1405)",94,22
140,1112.0,996.0,1.0,3921.84765625,34651.62392145673,"(996, 1112, 997, 1113)",137,32
140,1002.0,1123.0,1.0,3831.85986328125,34651.62392145673,"(1123, 1002, 1124, 1003)",16,20
140,180.66666666666666,1619.3333333333333,9.0,5615.2080078125,311864.6152931106,"(1618, 178, 1622, 184)",141,22
141,696.0,60.0,1.0,3832.002685546875,34651.62392145673,"(60, 696, 61, 697)",59,12
141,1212.5,131.5,4.0,4292.142578125,138606.49568582693,"(131, 1212, 133, 1214)",3,46
141,97.0,189.5,2.0,4484.03173828125,69303.24784291346,"(189, 97, 191, 98)",61,13
141,1460.0,382.0,1.0,3832.002685546875,34651.62392145673,"(382, 1460, 383, 1461)",72,8
141,893.0,735.0,1.0,3832.002685546875,34651.62392145673,"(735, 893, 736, 894)",95,39
141,1131.0,791.125,8.0,4292.142578125,277212.99137165386,"(790, 1130, 793, 1134)",11,36
141,1208.142857142857,916.2857142857143,7.0,4105.7236328125,242561.3674501971,"(915, 1207, 918, 1210)",181,10
141,1105.0,967.0,1.0,3832.002685546875,34651.62392145673,"(967, 1105, 968, 1106)",137,32
142,1212.2,131.4,5.0,4105.6083984375,173258.11960728368,"(131, 1211, 133, 1214)",3,46
142,96.0,188.0,1.0,4105.6083984375,34651.62392145673,"(188, 96, 189, 97)",61,13
142,718.0,537.0,1.0,4198.1962890625,34651.62392145673,"(537, 718, 538, 719)",87,49
142,1292.0,821.25,4.0,4981.79931640625,138606.49568582693,"(821, 1291, 823, 1294)",112,27
142,1255.0,894.0,1.0,3832.003662109375,34651.62392145673,"(894, 1255, 895, 1256)",51,36
142,1253.0,922.0,1.0,3921.74609375,34651.62392145673,"(922, 1253, 923, 1254)",51,36
142,1404.0,947.0,1.0,3832.003662109375,34651.62392145673,"(947, 1404, 948, 1405)",94,22
142,1105.0,967.0,1.0,3921.74609375,34651.62392145673,"(967, 1105, 968, 1106)",137,32
143,1212.4,131.8,5.0,4013.1123046875,173258.11960728368,"(131, 1212, 134, 1214)",3,46
143,96.0,189.0,1.0,4013.1123046875,34651.62392145673,"(189, 96, 190, 97)",61,13
143,1592.0,284.0,1.0,3831.884033203125,34651.62392145673,"(284, 1592, 285, 1593)",43,34
143,1461.0,379.5,2.0,4780.6298828125,69303.24784291346,"(379, 1461, 381, 1462)",72,8
143,656.5925925925926,513.7777777777778,28.0,4292.091796875,935593.8458793318,"(508, 654, 520, 659)",8,39
143,718.0,538.0,1.0,3921.849365234375,34651.62392145673,"(538, 718, 539, 719)",87,49
143,1374.0,684.0,1.0,3831.884033203125,34651.62392145673,"(684, 1374, 685, 1375)",178,6
143,1260.0,701.0,1.0,3831.884033203125,34651.62392145673,"(701, 1260, 702, 1261)",9,42
143,892.6666666666666,735.3333333333334,3.0,3921.849365234375,103954.8717643702,"(735, 892, 737, 894)",95,39
143,1207.4,916.8,5.0,4483.9169921875,173258.11960728368,"(916, 1207, 919, 1209)",181,10
143,1253.0,923.0,1.0,3921.849365234375,34651.62392145673,"(923, 1253, 924, 1254)",51,36
143,1002.0,1126.0,1.0,3831.884033203125,34651.62392145673,"(1126, 1002, 1127, 1003)",16,20
144,696.0,60.0,1.0,3831.90576171875,34651.62392145673,"(60, 696, 61, 697)",59,12
144,1213.0,133.0,7.0,4105.6552734375,242561.3674501971,"(132, 1212, 135, 1215)",3,46
144,1591.0,284.0,1.0,3831.90576171875,34651.62392145673,"(284, 1591, 285, 1592)",43,34
144,1742.0,325.0,5.0,4105.6552734375,173258.11960728368,"(324, 1741, 327, 1744)",138,18
144,114.5,506.0,2.0,4679.98193359375,69303.24784291346,"(506, 114, 507, 116)",183,5
144,718.0,538.0,1.0,3831.90576171875,34651.62392145673,"(538, 718, 539, 719)",87,49
144,611.0,613.0,1.0,3921.7666015625,34651.62392145673,"(613, 611, 614, 612)",184,7
144,1375.0,684.5,2.0,3921.7666015625,69303.24784291346,"(684, 1375, 686, 1376)",178,6
144,1243.0,742.0,1.0,3831.90576171875,34651.62392145673,"(742, 1243, 743, 1244)",167,7
144,1207.8333333333333,916.8333333333334,6.0,4292.1484375,207909.7435287404,"(916, 1207, 919, 1210)",181,10
144,1253.0,923.0,1.0,3921.7666015625,34651.62392145673,"(923, 1253, 924, 1254)",51,36
144,223.0,1901.0,1.0,3831.90576171875,34651.62392145673,"(1901, 223, 1902, 224)",163,7
145,1214.0,133.5,4.0,4292.0576171875,138606.49568582693,"(132, 1214, 136, 1215)",3,46
145,114.4,506.4,5.0,4881.1142578125,173258.11960728368,"(505, 113, 508, 116)",183,5
145,657.741935483871,514.4193548387096,31.0,4387.359375,1074200.3415651587,"(509, 656, 520, 661)",8,39
145,719.0,539.0,1.0,3831.8857421875,34651.62392145673,"(539, 719, 540, 720)",87,49
145,1375.0,685.0,1.0,3831.8857421875,34651.62392145673,"(685, 1375, 686, 1376)",178,6
145,1254.0,702.0,1.0,4013.186279296875,34651.62392145673,"(702, 1254, 703, 1255)",9,42
145,1257.0,890.0,1.0,3831.8857421875,34651.62392145673,"(890, 1257, 891, 1258)",51,36
145,1208.4285714285713,918.0,7.0,4387.359375,242561.3674501971,"(917, 1207, 920, 1211)",181,10
146,130.0,99.0,1.0,4387.6162109375,34651.62392145673,"(99, 130, 100, 131)",21,32
146,1213.25,133.25,4.0,4105.8369140625,138606.49568582693,"(133, 1212, 135, 1215)",3,46
146,1742.5,325.5,2.0,4292.0341796875,69303.24784291346,"(325, 1742, 327, 1744)",138,18
146,114.25,505.75,4.0,4981.79296875,138606.49568582693,"(505, 113, 507, 116)",183,5
146,633.0,608.0,1.0,3921.7080078125,34651.62392145673,"(608, 633, 609, 634)",147,11
146,1254.0,702.0,1.0,3921.7080078125,34651.62392145673,"(702, 1254, 703, 1255)",9,42
146,1297.0,823.0,1.0,3831.919921875,34651.62392145673,"(823, 1297, 824, 1298)",112,27
146,1255.0,893.0,1.0,4013.15234375,34651.62392145673,"(893, 1255, 894, 1256)",51,36
146,1208.2857142857142,917.7142857142857,7.0,4582.0888671875,242561.3674501971,"(917, 1207, 920, 1211)",181,10
146,1109.0,977.0,1.0,3831.919921875,34651.62392145673,"(977, 1109, 978, 1110)",137,32
146,162.5,1614.0,2.0,4198.1083984375,69303.24784291346,"(1614, 162, 1615, 164)",141,22
147,1311.0,118.0,1.0,3921.75390625,34651.62392145673,"(118, 1311, 119, 1312)",71,8
147,1213.4,133.2,5.0,4292.173828125,173258.11960728368,"(132, 1213, 135, 1215)",3,46
147,1742.5,325.0,2.0,4105.65869140625,69303.24784291346,"(325, 1742, 326, 1744)",138,18
147,1468.0,387.0,1.0,3921.75390625,34651.62392145673,"(387, 1468, 388, 1469)",72,8
147,1882.3333333333333,498.6666666666667,3.0,4105.65869140625,103954.8717643702,"(498, 1882, 500, 1884)",90,36
147,114.25,504.75,4.0,4483.91015625,138606.49568582693,"(504, 113, 506, 116)",183,5
147,718.0,537.0,1.0,4013.1259765625,34651.62392145673,"(537, 718, 538, 719)",87,49
147,1222.5,655.5,2.0,3921.75390625,69303.24784291346,"(655, 1222, 657, 1224)",111,44
147,1254.0,701.0,1.0,3831.83203125,34651.62392145673,"(701, 1254, 702, 1255)",9,42
147,1438.0,716.0,1.0,4198.19091796875,34651.62392145673,"(716, 1438, 717, 1439)",64,13
147,1243.0,742.0,1.0,3921.75390625,34651.62392145673,"(742, 1243, 743, 1244)",167,7
147,1297.6666666666667,823.3333333333334,3.0,4292.173828125,103954.8717643702,"(823, 1297, 825, 1299)",112,27
147,1254.0,893.0,1.0,3921.75390625,34651.62392145673,"(893, 1254, 894, 1255)",51,36
147,1207.75,916.75,4.0,4780.65234375,138606.49568582693,"(916, 1207, 918, 1210)",181,10
147,1126.5,926.5,2.0,3831.83203125,69303.24784291346,"(926, 1126, 928, 1128)",14,34
148,1213.0,132.83333333333334,6.0,4105.6240234375,207909.7435287404,"(132, 1212, 135, 1215)",3,46
148,1429.0,186.0,1.0,3831.86083984375,34651.62392145673,"(186, 1429, 187, 1430)",74,24
148,1467.0,389.0,1.0,3831.86083984375,34651.62392145673,"(389, 1467, 390, 1468)",72,8
148,114.0,504.0,1.0,3831.86083984375,34651.62392145673,"(504, 114, 505, 115)",183,5
148,718.5,537.0,2.0,3831.86083984375,69303.24784291346,"(537, 718, 538, 720)",87,49
148,1438.0,715.5,2.0,4981.8291015625,69303.24784291346,"(715, 1438, 717, 1439)",64,13
148,925.0,761.0,1.0,3921.76904296875,34651.62392145673,"(761, 925, 762, 926)",47,11
148,1297.3333333333333,822.3333333333334,3.0,4582.0859375,103954.8717643702,"(822, 1297, 824, 1299)",112,27
148,1389.8,877.7,10.0,4292.1708984375,346516.23921456735,"(875, 1387, 882, 1394)",62,12
148,1494.0,922.0,1.0,3831.86083984375,34651.62392145673,"(922, 1494, 923, 1495)",38,27
148,629.0,1063.0,1.0,3921.76904296875,34651.62392145673,"(1063, 629, 1064, 630)",186,4
149,51.0,2.0,1.0,4105.67919921875,34651.62392145673,"(2, 51, 3, 52)",170,2
149,118.0,109.0,1.0,3831.98291015625,34651.62392145673,"(109, 118, 110, 119)",21,32
149,1210.1666666666667,130.5,6.0,4013.03564453125,207909.7435287404,"(129, 1209, 133, 1212)",3,46
149,81.77777777777777,135.44444444444446,9.0,4582.0947265625,311864.6152931106,"(135, 80, 137, 85)",45,11
149,1648.5,371.0,2.0,3831.98291015625,69303.24784291346,"(371, 1648, 372, 1650)",180,3
149,131.0,465.0,1.0,3831.98291015625,34651.62392145673,"(465, 131, 466, 132)",168,4
149,715.6666666666666,534.3333333333334,3.0,4013.03564453125,103954.8717643702,"(534, 715, 536, 717)",87,49
149,1211.0,682.0,1.0,3831.98291015625,34651.62392145673,"(682, 1211, 683, 1212)",103,26
149,591.0,709.0,1.0,3921.88671875,34651.62392145673,"(709, 591, 710, 592)",171,13
149,1294.5,821.0,2.0,4198.322265625,69303.24784291346,"(821, 1294, 822, 1296)",112,27
149,1258.0,897.5,2.0,3921.88671875,69303.24784291346,"(897, 1258, 899, 1259)",51,36
149,18.0,940.0,1.0,3831.98291015625,34651.62392145673,"(940, 18, 941, 19)",13,2
150,692.0,57.0,1.0,4012.98974609375,34651.62392145673,"(57, 692, 58, 693)",59,12
150,1210.8,131.6,5.0,4012.98974609375,173258.11960728368,"(131, 1210, 133, 1213)",3,46
150,1433.0,181.0,1.0,4105.80029296875,34651.62392145673,"(181, 1433, 182, 1434)",74,24
150,1912.3,292.95,20.0,4292.025390625,693032.4784291347,"(290, 1908, 296, 1917)",33,18
150,752.0,495.5,2.0,4012.98974609375,69303.24784291346,"(495, 752, 497, 753)",63,38
150,715.8,535.2,5.0,4012.98974609375,173258.11960728368,"(534, 715, 537, 718)",87,49
150,592.0,710.0,1.0,4012.98974609375,34651.62392145673,"(710, 592, 711, 593)",171,13
150,1295.0,821.5,2.0,3831.904296875,69303.24784291346,"(821, 1295, 823, 1296)",112,27
150,1107.0,971.0,1.0,3831.904296875,34651.62392145673,"(971, 1107, 972, 1108)",137,32
150,160.22222222222223,1615.6666666666667,9.0,5945.07666015625,311864.6152931106,"(1614, 157, 1619, 165)",141,22
150,1702.6,1952.2,5.0,5084.994140625,173258.11960728368,"(1951, 1701, 1954, 1705)",133,44
151,1914.4,294.2,20.0,4198.4208984375,693032.4784291347,"(292, 1911, 297, 1918)",33,18
151,1780.0,403.0,1.0,4484.1982421875,34651.62392145673,"(403, 1780, 404, 1781)",24,2
151,752.6666666666666,496.3333333333333,3.0,4012.9013671875,103954.8717643702,"(496, 752, 498, 754)",63,38
151,655.6428571428571,512.3214285714286,28.0,4198.4208984375,970245.4698007884,"(508, 653, 519, 659)",8,39
151,717.5,537.0,2.0,4012.9013671875,69303.24784291346,"(537, 717, 538, 719)",87,49
151,626.0,675.0,1.0,4012.9013671875,34651.62392145673,"(675, 626, 676, 627)",104,15
151,592.0,711.0,1.0,3832.0947265625,34651.62392145673,"(711, 592, 712, 593)",171,13
151,1108.0,976.0,1.0,3832.0947265625,34651.62392145673,"(976, 1108, 977, 1109)",137,32
152,1211.5,133.0,6.0,4105.7421875,207909.7435287404,"(132, 1211, 135, 1213)",3,46
152,1433.3333333333333,183.66666666666666,3.0,4105.7421875,103954.8717643702,"(183, 1433, 185, 1435)",74,24
152,1594.0,241.0,1.0,3921.9345703125,34651.62392145673,"(241, 1594, 242, 1595)",43,34
152,1677.0,324.0,1.0,3831.95556640625,34651.62392145673,"(324, 1677, 325, 1678)",67,10
152,753.0,496.5,2.0,4292.19580078125,69303.24784291346,"(496, 753, 498, 754)",63,38
152,656.3809523809524,512.4761904761905,21.0,4387.4677734375,727684.1023505913,"(508, 655, 517, 659)",8,39
152,717.6666666666666,537.3333333333334,3.0,4013.116455078125,103954.8717643702,"(537, 717, 539, 719)",87,49
152,593.0,712.0,1.0,3921.9345703125,34651.62392145673,"(712, 593, 713, 594)",171,13
152,1287.0,908.0,1.0,3831.95556640625,34651.62392145673,"(908, 1287, 909, 1288)",108,12
152,1106.0,961.0,1.0,3831.95556640625,34651.62392145673,"(961, 1106, 962, 1107)",137,32
152,164.0,1619.0,1.0,3921.9345703125,34651.62392145673,"(1619, 164, 1620, 165)",141,22
152,1701.4,1958.2,5.0,5085.166015625,173258.11960728368,"(1957, 1701, 1960, 1703)",133,44
153,1212.6,133.2,5.0,4013.17041015625,173258.11960728368,"(132, 1212, 135, 1214)",3,46
153,1595.3333333333333,241.33333333333334,3.0,4582.0546875,103954.8717643702,"(241, 1595, 243, 1597)",43,34
153,1915.5,295.1666666666667,18.0,4198.27685546875,623729.2305862212,"(293, 1912, 298, 1919)",33,18
153,1851.0,416.0,1.0,3832.002685546875,34651.62392145673,"(416, 1851, 417, 1852)",188,7
153,754.0,498.0,1.0,3832.002685546875,34651.62392145673,"(498, 754, 499, 755)",63,38
153,657.3571428571429,512.8928571428571,29.0,4484.03173828125,970245.4698007884,"(508, 656, 519, 660)",8,39
153,718.5,537.5,4.0,3921.93017578125,138606.49568582693,"(537, 718, 539, 720)",87,49
153,612.0,614.0,1.0,3832.002685546875,34651.62392145673,"(614, 612, 615, 613)",184,7
153,1294.0,786.0,1.0,3832.002685546875,34651.62392145673,"(786, 1294, 787, 1295)",85,25
153,1295.0,819.5,2.0,4292.142578125,69303.24784291346,"(819, 1295, 821, 1296)",112,27
153,1391.0,879.0,1.0,3832.002685546875,34651.62392145673,"(879, 1391, 880, 1392)",62,12
153,1107.0,961.0,1.0,4013.17041015625,34651.62392145673,"(961, 1107, 962, 1108)",137,32
153,1002.0,1126.6,5.0,4013.17041015625,173258.11960728368,"(1125, 1001, 1129, 1004)",16,20
154,1212.7142857142858,133.85714285714286,7.0,4105.59814453125,242561.3674501971,"(132, 1211, 136, 1215)",3,46
154,1434.5,184.5,4.0,4198.33984375,138606.49568582693,"(184, 1434, 186, 1436)",74,24
154,1916.5833333333333,295.5,12.0,4292.162109375,415819.4870574808,"(294, 1914, 298, 1919)",33,18
154,1851.5,416.0,2.0,4292.162109375,69303.24784291346,"(416, 1851, 417, 1853)",188,7
154,1572.0,495.0,1.0,3831.912841796875,34651.62392145673,"(495, 1572, 496, 1573)",189,3
154,718.5,537.5,4.0,3921.843994140625,138606.49568582693,"(537, 718, 539, 720)",87,49
154,611.0,613.0,1.0,3831.912841796875,34651.62392145673,"(613, 611, 614, 612)",184,7
154,1296.0,820.0,1.0,3921.843994140625,34651.62392145673,"(820, 1296, 821, 1297)",112,27
154,159.11111111111111,1616.2222222222222,9.0,5723.71337890625,311864.6152931106,"(1615, 157, 1619, 163)",141,22
155,1828.75,95.5,4.0,4581.99267578125,138606.49568582693,"(94, 1828, 98, 1830)",192,2
155,1211.7777777777778,132.88888888888889,9.0,4198.376953125,311864.6152931106,"(131, 1209, 135, 1214)",3,46
155,1434.25,183.25,4.0,4105.55615234375,138606.49568582693,"(182, 1434, 185, 1436)",74,24
155,1851.0,415.5,2.0,4013.06005859375,69303.24784291346,"(415, 1851, 417, 1852)",188,7
155,1550.0,583.0,3.0,3831.96240234375,103954.8717643702,"(582, 1550, 585, 1551)",193,5
155,1295.0,819.0,1.0,4198.376953125,34651.62392145673,"(819, 1295, 820, 1296)",112,27
155,1120.0,927.0,1.0,4013.06005859375,34651.62392145673,"(927, 1120, 928, 1121)",14,34
155,1108.0,976.0,1.0,3831.96240234375,34651.62392145673,"(976, 1108, 977, 1109)",137,32
155,1704.1666666666667,1956.1666666666667,18.0,10053.5478515625,623729.2305862212,"(1953, 1702, 1959, 1707)",133,44
156,1318.0,48.0,1.0,4013.15283203125,34651.62392145673,"(48, 1318, 49, 1319)",159,8
156,1211.857142857143,132.71428571428572,7.0,4198.3330078125,242561.3674501971,"(131, 1210, 135, 1214)",3,46
156,1433.75,182.5,4.0,4387.4951171875,138606.49568582693,"(181, 1433, 185, 1435)",74,24
156,1915.875,294.125,8.0,4105.74267578125,277212.99137165386,"(292, 1914, 297, 1919)",33,18
156,1851.0,415.0,3.0,4981.86328125,103954.8717643702,"(414, 1851, 417, 1852)",188,7
156,1573.0,493.0,1.0,3921.80712890625,34651.62392145673,"(493, 1573, 494, 1574)",189,3
156,116.0,740.5,2.0,3921.80712890625,69303.24784291346,"(740, 116, 742, 117)",140,11
156,1304.0,779.0,1.0,3921.80712890625,34651.62392145673,"(779, 1304, 780, 1305)",85,25
156,1295.0,819.0,1.0,3831.955078125,34651.62392145673,"(819, 1295, 820, 1296)",112,27
156,1421.0,856.0,1.0,4292.1669921875,34651.62392145673,"(856, 1421, 857, 1422)",174,22
156,1399.0,933.0,1.0,3921.80712890625,34651.62392145673,"(933, 1399, 934, 1400)",94,22
156,1003.0,1127.0,1.0,3831.955078125,34651.62392145673,"(1127, 1003, 1128, 1004)",16,20
156,1703.75,1955.125,16.0,8387.0361328125,554425.9827433077,"(1953, 1702, 1958, 1707)",133,44
157,39.0,28.0,1.0,3832.08935546875,34651.62392145673,"(28, 39, 29, 40)",172,3
157,1828.0,95.0,3.0,3921.72900390625,103954.8717643702,"(94, 1828, 97, 1829)",192,2
157,1212.142857142857,132.0,7.0,4582.0029296875,242561.3674501971,"(130, 1211, 134, 1214)",3,46
157,1435.9285714285713,183.57142857142858,14.0,4198.30078125,485122.7349003942,"(182, 1433, 186, 1440)",74,24
157,1579.0,237.0,1.0,3832.08935546875,34651.62392145673,"(237, 1579, 238, 1580)",43,34
157,1850.6666666666667,415.6666666666667,3.0,4483.982421875,103954.8717643702,"(415, 1850, 417, 1852)",188,7
157,717.5,537.0,4.0,4013.19091796875,138606.49568582693,"(536, 717, 539, 719)",87,49
157,1551.0,572.0,1.0,3832.08935546875,34651.62392145673,"(572, 1551, 573, 1552)",193,5
157,611.0,613.0,1.0,3832.08935546875,34651.62392145673,"(613, 611, 614, 612)",184,7
157,1281.0,717.0,1.0,3832.08935546875,34651.62392145673,"(717, 1281, 718, 1282)",9,42
157,116.0,739.5,4.0,4198.30078125,138606.49568582693,"(739, 115, 741, 118)",140,11
157,1422.8,856.6,10.0,6633.51708984375,346516.23921456735,"(856, 1421, 859, 1426)",174,22
157,1495.0,923.0,1.0,3921.72900390625,34651.62392145673,"(923, 1495, 924, 1496)",38,27
157,1122.0,940.5,2.0,3921.72900390625,69303.24784291346,"(940, 1122, 942, 1123)",14,34
157,1703.3333333333333,1953.6666666666667,3.0,4387.4189453125,103954.8717643702,"(1953, 1703, 1955, 1705)",133,44
158,1550.0,572.0,1.0,3832.02783203125,34651.62392145673,"(572, 1550, 573, 1551)",193,5
158,608.0,612.0,1.0,3832.02783203125,34651.62392145673,"(612, 608, 613, 609)",184,7
158,116.0,738.0,1.0,3921.91943359375,34651.62392145673,"(738, 116, 739, 117)",140,11
158,1297.0,784.0,1.0,3832.02783203125,34651.62392145673,"(784, 1297, 785, 1298)",85,25
158,1398.0,933.0,1.0,3921.91943359375,34651.62392145673,"(933, 1398, 934, 1399)",94,22
158,1107.0,973.0,1.0,3832.02783203125,34651.62392145673,"(973, 1107, 974, 1108)",137,32
158,1000.0,1124.0,1.0,4013.08447265625,34651.62392145673,"(1124, 1000, 1125, 1001)",16,20
159,314.4,22.6,5.0,6284.75390625,173258.11960728368,"(21, 314, 25, 316)",195,15
159,1307.0,41.0,1.0,3832.04248046875,34651.62392145673,"(41, 1307, 42, 1308)",159,8
159,1570.0,494.5,2.0,3921.96728515625,69303.24784291346,"(494, 1570, 496, 1571)",189,3
159,1878.0,497.0,1.0,3921.96728515625,34651.62392145673,"(497, 1878, 498, 1879)",90,36
159,715.75,536.25,8.0,4198.09375,277212.99137165386,"(535, 714, 538, 718)",87,49
159,611.0,613.0,1.0,3921.96728515625,34651.62392145673,"(613, 611, 614, 612)",184,7
159,1215.0,661.0,1.0,3832.04248046875,34651.62392145673,"(661, 1215, 662, 1216)",111,44
159,592.0,711.0,1.0,3832.04248046875,34651.62392145673,"(711, 592, 712, 593)",171,13
159,114.0,741.0,1.0,3832.04248046875,34651.62392145673,"(741, 114, 742, 115)",140,11
159,1132.5384615384614,799.0,13.0,4679.81103515625,450471.11097893753,"(796, 1131, 803, 1135)",11,36
159,1421.6666666666667,856.3333333333334,3.0,4981.677734375,103954.8717643702,"(856, 1421, 858, 1423)",174,22
159,1107.0,971.5,2.0,3832.04248046875,69303.24784291346,"(971, 1107, 973, 1108)",137,32
159,57.871428571428574,999.5142857142857,70.0,5399.21044921875,2425613.6745019713,"(991, 50, 1009, 64)",15,17
160,314.3333333333333,22.666666666666668,3.0,5293.1865234375,103954.8717643702,"(22, 314, 24, 316)",195,15
160,1320.0,38.0,1.0,3921.85986328125,34651.62392145673,"(38, 1320, 39, 1321)",159,8
160,1209.25,131.5,4.0,4198.2880859375,138606.49568582693,"(131, 1208, 133, 1211)",3,46
160,1433.4615384615386,181.6153846153846,13.0,4484.1181640625,450471.11097893753,"(180, 1431, 184, 1437)",74,24
160,1649.0,371.5,2.0,3831.832763671875,69303.24784291346,"(371, 1649, 373, 1650)",180,3
160,1877.5,495.5,4.0,4780.52587890625,138606.49568582693,"(495, 1877, 497, 1879)",90,36
160,591.0,710.0,1.0,3831.832763671875,34651.62392145673,"(710, 591, 711, 592)",171,13
160,1281.0,718.0,1.0,3831.832763671875,34651.62392145673,"(718, 1281, 719, 1282)",9,42
160,937.0,750.0,1.0,3831.832763671875,34651.62392145673,"(750, 937, 751, 938)",47,11
160,1132.1333333333334,797.6666666666666,15.0,4484.1181640625,519774.35882185097,"(794, 1131, 802, 1134)",11,36
160,1421.7142857142858,855.4285714285714,7.0,8124.22265625,242561.3674501971,"(855, 1420, 857, 1424)",174,22
160,1397.0,933.0,1.0,3831.832763671875,34651.62392145673,"(933, 1397, 934, 1398)",94,22
161,687.0,48.5,2.0,4780.603515625,69303.24784291346,"(48, 687, 50, 688)",59,12
161,1209.5,131.5,2.0,4105.51123046875,69303.24784291346,"(131, 1209, 133, 1211)",3,46
161,1433.7,181.3,10.0,4582.08447265625,346516.23921456735,"(180, 1431, 184, 1437)",74,24
161,1588.0,280.0,1.0,3921.9443359375,34651.62392145673,"(280, 1588, 281, 1589)",43,34
161,1603.0,420.0,1.0,3831.91064453125,34651.62392145673,"(420, 1603, 421, 1604)",173,3
161,1877.0,495.0,1.0,4387.3828125,34651.62392145673,"(495, 1877, 496, 1878)",90,36
161,1281.5,760.0,2.0,4198.08984375,69303.24784291346,"(760, 1281, 761, 1283)",155,7
161,1050.0,953.0,1.0,3921.9443359375,34651.62392145673,"(953, 1050, 954, 1051)",152,3
162,686.6666666666666,47.333333333333336,3.0,6400.07421875,103954.8717643702,"(47, 686, 49, 688)",59,12
162,1209.0,131.0,1.0,3831.832763671875,34651.62392145673,"(131, 1209, 132, 1210)",3,46
162,1876.8,495.6,5.0,5506.38427734375,173258.11960728368,"(495, 1876, 497, 1879)",90,36
162,715.0,534.2857142857143,7.0,4105.6748046875,242561.3674501971,"(533, 714, 536, 717)",87,49
162,1553.0,535.0,1.0,3831.832763671875,34651.62392145673,"(535, 1553, 536, 1554)",196,4
162,1548.0,576.0,1.0,3921.85986328125,34651.62392145673,"(576, 1548, 577, 1549)",193,5
162,115.0,737.5,2.0,4387.50927734375,69303.24784291346,"(737, 115, 739, 116)",140,11
162,1421.0,855.0,1.0,3921.85986328125,34651.62392145673,"(855, 1421, 856, 1422)",174,22
162,57.442622950819676,998.1147540983607,61.0,4387.50927734375,2113749.0592088606,"(989, 49, 1007, 66)",15,17
163,40.5,29.5,4.0,4581.90234375,138606.49568582693,"(29, 40, 31, 42)",172,3
163,687.0,50.0,1.0,4105.6748046875,34651.62392145673,"(50, 687, 51, 688)",59,12
163,1877.75,498.0,4.0,6400.07421875,138606.49568582693,"(497, 1877, 500, 1880)",90,36
163,1554.0,534.0,1.0,4105.6748046875,34651.62392145673,"(534, 1554, 535, 1555)",196,4
163,716.1428571428571,537.1428571428571,7.0,4105.6748046875,242561.3674501971,"(536, 715, 539, 719)",87,49
163,612.0,614.0,1.0,3831.832763671875,34651.62392145673,"(614, 612, 615, 613)",184,7
163,1215.0,662.0,1.0,3921.85986328125,34651.62392145673,"(662, 1215, 663, 1216)",111,44
163,1133.2142857142858,800.0714285714286,14.0,4581.90234375,485122.7349003942,"(797, 1132, 803, 1136)",11,36
163,1295.0,824.0,1.0,3921.85986328125,34651.62392145673,"(824, 1295, 825, 1296)",112,27
163,1422.0,857.6666666666666,3.0,4484.1181640625,103954.8717643702,"(857, 1421, 859, 1424)",174,22
163,1424.6603773584907,897.6981132075472,53.0,9622.7158203125,1836536.0678372069,"(892, 1419, 906, 1434)",29,17
163,1110.0,977.0,1.0,3831.832763671875,34651.62392145673,"(977, 1110, 978, 1111)",137,32
164,316.1666666666667,25.5,6.0,4484.1220703125,207909.7435287404,"(24, 315, 28, 318)",195,15
164,1322.0,38.0,1.0,3921.94970703125,34651.62392145673,"(38, 1322, 39, 1323)",159,8
164,1256.0,44.0,1.0,3831.9072265625,34651.62392145673,"(44, 1256, 45, 1257)",88,3
164,1430.6666666666667,180.33333333333334,3.0,3921.94970703125,103954.8717643702,"(180, 1430, 182, 1432)",74,24
164,1878.2,497.6,5.0,5945.2373046875,173258.11960728368,"(497, 1877, 499, 1880)",90,36
164,717.75,538.0,4.0,4105.5888671875,138606.49568582693,"(537, 717, 540, 719)",87,49
164,118.0,739.0,1.0,3831.9072265625,34651.62392145673,"(739, 118, 740, 119)",140,11
164,1423.4444444444443,857.3333333333334,9.0,5614.9833984375,311864.6152931106,"(856, 1422, 859, 1426)",174,22
164,1280.3333333333333,891.0,3.0,3921.94970703125,103954.8717643702,"(890, 1280, 893, 1282)",108,12
164,1109.0,982.0,1.0,3831.9072265625,34651.62392145673,"(982, 1109, 983, 1110)",137,32
165,1322.0,39.0,1.0,3831.98046875,34651.62392145673,"(39, 1322, 40, 1323)",159,8
165,1257.0,42.0,1.0,3831.98046875,34651.62392145673,"(42, 1257, 43, 1258)",88,3
165,1877.6666666666667,496.6666666666667,3.0,6056.63916015625,103954.8717643702,"(496, 1877, 498, 1879)",90,36
165,717.5,536.5,2.0,4105.5419921875,69303.24784291346,"(536, 717, 538, 719)",87,49
165,1252.0,682.5,4.0,3831.98046875,138606.49568582693,"(681, 1252, 685, 1253)",9,42
165,117.66666666666667,740.6666666666666,3.0,4198.25732421875,103954.8717643702,"(740, 117, 742, 119)",140,11
165,1134.6666666666667,799.3333333333334,15.0,5085.166015625,519774.35882185097,"(797, 1133, 802, 1137)",11,36
165,1496.0,922.0,1.0,3831.98046875,34651.62392145673,"(922, 1496, 923, 1497)",38,27
165,1404.6,940.8,5.0,4292.24609375,173258.11960728368,"(940, 1404, 943, 1406)",94,22
165,1110.0,982.0,1.0,3831.98046875,34651.62392145673,"(982, 1110, 983, 1111)",137,32
166,1218.0,140.0,1.0,3831.863037109375,34651.62392145673,"(140, 1218, 141, 1219)",3,46
166,1877.6666666666667,497.3333333333333,3.0,4484.08349609375,103954.8717643702,"(497, 1877, 499, 1879)",90,36
166,717.3333333333334,536.6666666666666,3.0,3921.91357421875,103954.8717643702,"(536, 717, 538, 719)",87,49
166,626.0,675.0,1.0,3831.863037109375,34651.62392145673,"(675, 626, 676, 627)",104,15
166,117.5,741.0,6.0,5723.8671875,207909.7435287404,"(740, 117, 743, 119)",140,11
166,1424.0,857.0,3.0,4679.9375,103954.8717643702,"(857, 1423, 858, 1426)",174,22
167,315.8,27.0,25.0,8654.009765625,866290.5980364183,"(24, 313, 31, 319)",195,15
167,1324.0,38.0,1.0,3831.932861328125,34651.62392145673,"(38, 1324, 39, 1325)",159,8
167,1850.0,416.0,1.0,3831.932861328125,34651.62392145673,"(416, 1850, 417, 1851)",188,7
167,1877.0,497.5,2.0,4387.36376953125,69303.24784291346,"(497, 1877, 499, 1878)",90,36
167,1832.0,501.5,2.0,3921.940673828125,69303.24784291346,"(501, 1832, 503, 1833)",86,24
167,1250.6666666666667,682.3333333333334,3.0,4198.16357421875,103954.8717643702,"(682, 1250, 684, 1252)",9,42
167,1365.0,711.0,1.0,4292.0751953125,34651.62392145673,"(711, 1365, 712, 1366)",52,9
167,1280.0,717.5,2.0,4013.096435546875,69303.24784291346,"(717, 1280, 719, 1281)",9,42
167,1133.9166666666667,798.4166666666666,12.0,4780.458984375,415819.4870574808,"(796, 1132, 802, 1136)",11,36
167,1426.2,856.6,5.0,5615.09765625,173258.11960728368,"(856, 1425, 858, 1428)",174,22
167,1105.0,967.0,1.0,3921.940673828125,34651.62392145673,"(967, 1105, 968, 1106)",137,32
168,1323.0,37.0,1.0,3831.8994140625,34651.62392145673,"(37, 1323, 38, 1324)",159,8
168,1209.0,134.0,1.0,3831.8994140625,34651.62392145673,"(134, 1209, 135, 1210)",3,46
168,1876.0,496.5,2.0,5188.37890625,69303.24784291346,"(496, 1876, 498, 1877)",90,36
168,1830.0,502.0,1.0,3831.8994140625,34651.62392145673,"(502, 1830, 503, 1831)",86,24
168,1847.0,523.0,1.0,3831.8994140625,34651.62392145673,"(523, 1847, 524, 1848)",86,24
168,715.0,536.5,2.0,3922.01318359375,69303.24784291346,"(536, 715, 538, 716)",87,49
168,570.0,690.0,3.0,4013.2294921875,103954.8717643702,"(689, 570, 692, 571)",175,4
168,1209.0,693.0,1.0,3831.8994140625,34651.62392145673,"(693, 1209, 694, 1210)",103,26
168,1133.357142857143,798.4285714285714,14.0,4780.47900390625,485122.7349003942,"(795, 1132, 802, 1136)",11,36
168,1423.3125,855.625,16.0,7994.0244140625,554425.9827433077,"(854, 1420, 858, 1428)",174,22
168,1109.0,976.0,1.0,3831.8994140625,34651.62392145673,"(976, 1109, 977, 1110)",137,32
168,979.0,1098.0,1.0,3831.8994140625,34651.62392145673,"(1098, 979, 1099, 980)",119,24
169,116.0,48.0,1.0,3831.82275390625,34651.62392145673,"(48, 116, 49, 117)",21,32
169,127.0,476.0,1.0,4013.19921875,34651.62392145673,"(476, 127, 477, 128)",168,4
169,1875.5,496.0,2.0,4881.14599609375,69303.24784291346,"(496, 1875, 497, 1877)",90,36
169,632.0,607.0,1.0,3831.82275390625,34651.62392145673,"(607, 632, 608, 633)",147,11
169,1281.2,717.2,5.0,4013.19921875,173258.11960728368,"(716, 1280, 719, 1284)",9,42
169,1422.9285714285713,854.7142857142857,14.0,9340.93359375,485122.7349003942,"(854, 1420, 857, 1427)",174,22
169,1494.0,921.0,1.0,3831.82275390625,34651.62392145673,"(921, 1494, 922, 1495)",38,27
169,1109.0,973.0,1.0,3831.82275390625,34651.62392145673,"(973, 1109, 974, 1110)",137,32
169,626.0,1063.0,1.0,3921.69970703125,34651.62392145673,"(1063, 626, 1064, 627)",186,4
170,1826.0,492.0,1.0,3831.80712890625,34651.62392145673,"(492, 1826, 493, 1827)",86,24
170,1876.0,497.0,1.0,4387.40966796875,34651.62392145673,"(497, 1876, 498, 1877)",90,36
170,717.0,536.0,1.0,3831.80712890625,34651.62392145673,"(536, 717, 537, 718)",87,49
170,1250.3333333333333,681.3333333333334,3.0,4198.24365234375,103954.8717643702,"(681, 1250, 683, 1252)",9,42
170,1407.0,691.0,3.0,5506.4482421875,103954.8717643702,"(690, 1407, 693, 1408)",50,4
170,114.0,745.0,1.0,3831.80712890625,34651.62392145673,"(745, 114, 746, 115)",140,11
170,1423.764705882353,855.7058823529412,17.0,9341.12109375,589077.6066647645,"(855, 1420, 858, 1429)",174,22
170,1110.0,977.0,1.0,3831.80712890625,34651.62392145673,"(977, 1110, 978, 1111)",137,32
170,58.42857142857143,1000.1142857142858,36.0,4484.0234375,1212806.8372509857,"(995, 52, 1006, 63)",15,17
170,980.0,1100.0,1.0,3831.80712890625,34651.62392145673,"(1100, 980, 1101, 981)",119,24
170,233.0,1889.0,1.0,4582.08837890625,34651.62392145673,"(1889, 233, 1890, 234)",163,7
171,315.4,28.2,5.0,5723.73291015625,173258.11960728368,"(27, 315, 30, 317)",195,15
171,1209.0,134.0,1.0,3921.73291015625,34651.62392145673,"(134, 1209, 135, 1210)",3,46
171,1876.0,497.5,2.0,4679.93408203125,69303.24784291346,"(497, 1876, 499, 1877)",90,36
171,1280.0,716.5,2.0,4012.95556640625,69303.24784291346,"(716, 1280, 718, 1281)",9,42
171,1298.0,788.5,2.0,4012.95556640625,69303.24784291346,"(788, 1298, 790, 1299)",85,25
171,1148.0,827.0,1.0,3921.73291015625,34651.62392145673,"(827, 1148, 828, 1149)",199,2
171,1424.0714285714287,856.0,14.0,6170.72412109375,485122.7349003942,"(855, 1421, 858, 1429)",174,22
171,1382.3,863.7,10.0,4582.044921875,346516.23921456735,"(861, 1378, 867, 1387)",62,12
171,1262.5,888.5,2.0,4105.58154296875,69303.24784291346,"(888, 1262, 890, 1264)",51,36
171,1110.0,974.0,1.0,3921.73291015625,34651.62392145673,"(974, 1110, 975, 1111)",137,32
171,980.0,1100.0,1.0,3831.91357421875,34651.62392145673,"(1100, 980, 1101, 981)",119,24
171,233.0,1887.0,3.0,4679.93408203125,103954.8717643702,"(1886, 233, 1889, 234)",163,7
172,1207.0,133.0,1.0,3831.85986328125,34651.62392145673,"(133, 1207, 134, 1208)",3,46
172,617.7777777777778,382.22222222222223,9.0,9063.4072265625,311864.6152931106,"(381, 616, 385, 620)",165,8
172,1825.0,491.0,1.0,3921.8671875,34651.62392145673,"(491, 1825, 492, 1826)",86,24
172,1874.0,496.0,1.0,4198.337890625,34651.62392145673,"(496, 1874, 497, 1875)",90,36
172,1842.5,520.0,2.0,3831.85986328125,69303.24784291346,"(520, 1842, 521, 1844)",86,24
172,664.0,561.0,1.0,3921.8671875,34651.62392145673,"(561, 664, 562, 665)",97,10
172,1510.5,620.5,2.0,3921.8671875,69303.24784291346,"(620, 1510, 622, 1512)",200,7
172,570.0,684.0,1.0,3831.85986328125,34651.62392145673,"(684, 570, 685, 571)",175,4
172,1146.0,825.0,1.0,3831.85986328125,34651.62392145673,"(825, 1146, 826, 1147)",199,2
172,1422.3333333333333,854.7333333333333,15.0,7737.6357421875,519774.35882185097,"(854, 1419, 857, 1427)",174,22
172,1377.888888888889,859.4444444444445,9.0,5085.21484375,311864.6152931106,"(858, 1375, 862, 1381)",62,12
172,1262.0,888.0,1.0,3921.8671875,34651.62392145673,"(888, 1262, 889, 1263)",51,36
172,1422.0,893.0,3.0,4881.15966796875,103954.8717643702,"(892, 1421, 895, 1424)",29,17
172,1118.0,978.0,1.0,3831.85986328125,34651.62392145673,"(978, 1118, 979, 1119)",137,32
172,626.0,1063.0,1.0,3831.85986328125,34651.62392145673,"(1063, 626, 1064, 627)",186,4
172,1699.5,1950.0,4.0,5945.11865234375,138606.49568582693,"(1950, 1698, 1951, 1702)",133,44
173,313.0,27.0,1.0,3832.052734375,34651.62392145673,"(27, 313, 28, 314)",195,15
173,1207.0,134.0,1.0,3832.052734375,34651.62392145673,"(134, 1207, 135, 1208)",3,46
173,618.4444444444445,382.6666666666667,9.0,7737.798828125,311864.6152931106,"(381, 617, 385, 621)",165,8
173,716.5555555555555,536.2222222222222,9.0,4013.03515625,311864.6152931106,"(534, 714, 539, 720)",87,49
173,688.0,541.0,1.0,3921.94921875,34651.62392145673,"(541, 688, 542, 689)",25,47
173,1551.0,546.0,1.0,3832.052734375,34651.62392145673,"(546, 1551, 547, 1552)",196,4
173,1419.5,644.5,2.0,4013.03515625,69303.24784291346,"(644, 1419, 646, 1421)",148,9
173,1420.5,854.5,2.0,4105.5478515625,69303.24784291346,"(854, 1420, 856, 1422)",174,22
173,1493.0,922.0,1.0,3832.052734375,34651.62392145673,"(922, 1493, 923, 1494)",38,27
173,1120.0,927.0,1.0,3832.052734375,34651.62392145673,"(927, 1120, 928, 1121)",14,34
173,1106.0,980.0,1.0,4013.03515625,34651.62392145673,"(980, 1106, 981, 1107)",137,32
173,624.0,1063.0,1.0,3921.94921875,34651.62392145673,"(1063, 624, 1064, 625)",186,4
173,1701.0,1951.0,9.0,5945.0986328125,311864.6152931106,"(1951, 1697, 1952, 1706)",133,44
174,758.0,5.5,2.0,5085.029296875,69303.24784291346,"(5, 758, 7, 759)",41,13
174,116.0,48.0,1.0,3921.701171875,34651.62392145673,"(48, 116, 49, 117)",21,32
174,1208.0,134.0,1.0,3832.0087890625,34651.62392145673,"(134, 1208, 135, 1209)",3,46
174,617.8,383.4,5.0,5506.392578125,173258.11960728368,"(383, 617, 385, 620)",165,8
174,1841.5,523.0,2.0,4105.666015625,69303.24784291346,"(523, 1841, 524, 1843)",86,24
174,716.4285714285714,536.5714285714286,7.0,4198.4111328125,242561.3674501971,"(536, 714, 539, 719)",87,49
174,1507.0,623.0,1.0,3832.0087890625,34651.62392145673,"(623, 1507, 624, 1508)",200,7
174,1421.3333333333333,855.6666666666666,3.0,4483.89990234375,103954.8717643702,"(855, 1421, 857, 1423)",174,22
174,1493.6666666666667,923.3333333333334,3.0,4105.666015625,103954.8717643702,"(923, 1493, 925, 1495)",38,27
174,978.0,1101.0,1.0,3921.701171875,34651.62392145673,"(1101, 978, 1102, 979)",119,24
174,79.0,1162.0,1.0,4680.078125,34651.62392145673,"(1162, 79, 1163, 80)",201,5
175,112.0,3.0,1.0,3831.9130859375,34651.62392145673,"(3, 112, 4, 113)",54,8
175,314.3333333333333,27.666666666666668,3.0,4881.2060546875,103954.8717643702,"(27, 314, 29, 316)",195,15
175,116.5,49.0,2.0,3831.9130859375,69303.24784291346,"(49, 116, 50, 118)",21,32
175,1744.0,339.0,1.0,3831.9130859375,34651.62392145673,"(339, 1744, 340, 1745)",138,18
175,618.5,384.0,2.0,6056.51220703125,69303.24784291346,"(384, 618, 385, 620)",165,8
175,717.6,536.9,10.0,4105.6416015625,346516.23921456735,"(535, 715, 539, 722)",87,49
175,1552.0,545.0,1.0,3831.9130859375,34651.62392145673,"(545, 1552, 546, 1553)",196,4
175,663.0,559.0,1.0,3831.9130859375,34651.62392145673,"(559, 663, 560, 664)",97,10
175,634.0,608.0,1.0,3831.9130859375,34651.62392145673,"(608, 634, 609, 635)",147,11
175,1422.5,856.0,2.0,5188.3759765625,69303.24784291346,"(856, 1422, 857, 1424)",174,22
175,1494.3333333333333,924.0,3.0,4013.070068359375,103954.8717643702,"(923, 1494, 926, 1496)",38,27
175,1110.0,977.0,1.0,3831.9130859375,34651.62392145673,"(977, 1110, 978, 1111)",137,32
176,126.0,4.0,1.0,3832.002685546875,34651.62392145673,"(4, 126, 5, 127)",54,8
176,316.0,29.0,4.0,4780.5078125,138606.49568582693,"(28, 315, 31, 318)",195,15
176,1427.0,180.0,1.0,4013.17041015625,34651.62392145673,"(180, 1427, 181, 1428)",74,24
176,619.5,385.0,2.0,5399.060546875,69303.24784291346,"(385, 619, 386, 621)",165,8
176,1548.0,581.0,1.0,3832.002685546875,34651.62392145673,"(581, 1548, 582, 1549)",193,5
176,1423.7142857142858,857.1428571428571,7.0,8926.36328125,242561.3674501971,"(856, 1422, 859, 1426)",174,22
176,1284.0,889.0,1.0,3832.002685546875,34651.62392145673,"(889, 1284, 890, 1285)",108,12
176,1229.0,904.0,1.0,3832.002685546875,34651.62392145673,"(904, 1229, 905, 1230)",83,9
176,1434.5,904.0,2.0,3921.93017578125,69303.24784291346,"(904, 1434, 905, 1436)",29,17
176,1496.0,924.0,1.0,3832.002685546875,34651.62392145673,"(924, 1496, 925, 1497)",38,27
176,1403.0,937.0,1.0,3832.002685546875,34651.62392145673,"(937, 1403, 938, 1404)",94,22
177,1436.5,183.5,2.0,4013.060302734375,69303.24784291346,"(183, 1436, 185, 1438)",74,24
177,1591.0,283.0,1.0,3921.8330078125,34651.62392145673,"(283, 1591, 284, 1592)",43,34
177,738.0,512.0,1.0,3831.950927734375,34651.62392145673,"(512, 738, 513, 739)",63,38
177,1509.125,626.125,8.0,4387.3828125,277212.99137165386,"(625, 1508, 628, 1511)",200,7
177,1423.5,857.0,2.0,4981.81640625,69303.24784291346,"(857, 1423, 858, 1425)",174,22
177,1284.0,889.0,1.0,4013.060302734375,34651.62392145673,"(889, 1284, 890, 1285)",108,12
177,1229.0,904.0,1.0,4013.060302734375,34651.62392145673,"(904, 1229, 905, 1230)",83,9
177,1497.0,925.0,1.0,3831.950927734375,34651.62392145673,"(925, 1497, 926, 1498)",38,27
177,1125.0,950.0,1.0,3921.8330078125,34651.62392145673,"(950, 1125, 951, 1126)",14,34
177,1700.0,1953.0,3.0,4292.12109375,103954.8717643702,"(1953, 1699, 1954, 1702)",133,44
178,1218.0,141.0,1.0,3831.84228515625,34651.62392145673,"(141, 1218, 142, 1219)",3,46
178,604.0,387.0,1.0,3921.85986328125,34651.62392145673,"(387, 604, 388, 605)",165,8
178,1831.0,496.0,1.0,4013.193359375,34651.62392145673,"(496, 1831, 497, 1832)",86,24
178,738.0,512.0,1.0,3831.84228515625,34651.62392145673,"(512, 738, 513, 739)",63,38
178,1507.0,626.0,1.0,3921.85986328125,34651.62392145673,"(626, 1507, 627, 1508)",200,7
178,624.0,676.0,1.0,3831.84228515625,34651.62392145673,"(676, 624, 677, 625)",104,15
178,1379.0,681.0,1.0,3921.85986328125,34651.62392145673,"(681, 1379, 682, 1380)",178,6
178,924.0,762.0,1.0,4105.57958984375,34651.62392145673,"(762, 924, 763, 925)",47,11
178,1386.0,871.0,1.0,3921.85986328125,34651.62392145673,"(871, 1386, 872, 1387)",62,12
178,1210.0,913.0,1.0,4105.57958984375,34651.62392145673,"(913, 1210, 914, 1211)",181,10
178,922.0,916.5,2.0,4198.22900390625,69303.24784291346,"(916, 922, 918, 923)",92,2
178,1495.3333333333333,924.3333333333334,3.0,3921.85986328125,103954.8717643702,"(924, 1495, 926, 1497)",38,27
178,1402.0,936.0,1.0,3831.84228515625,34651.62392145673,"(936, 1402, 937, 1403)",94,22
178,1700.2,1952.2,5.0,4981.802734375,173258.11960728368,"(1952, 1699, 1954, 1703)",133,44
179,1842.6666666666667,357.3333333333333,3.0,4105.5791015625,103954.8717643702,"(357, 1842, 359, 1844)",202,9
179,1830.0,498.0,1.0,4013.18408203125,34651.62392145673,"(498, 1830, 499, 1831)",86,24
179,1508.3333333333333,622.0,3.0,3921.884033203125,103954.8717643702,"(621, 1508, 624, 1510)",200,7
179,1260.5,708.5,2.0,3921.884033203125,69303.24784291346,"(708, 1260, 710, 1262)",9,42
179,1210.0,912.0,1.0,3921.884033203125,34651.62392145673,"(912, 1210, 913, 1211)",181,10
179,1495.0,923.5,2.0,4013.18408203125,69303.24784291346,"(923, 1495, 925, 1496)",38,27
179,1402.0,936.0,1.0,3921.884033203125,34651.62392145673,"(936, 1402, 937, 1403)",94,22
179,1138.6666666666667,940.6666666666666,3.0,4013.18408203125,103954.8717643702,"(940, 1138, 942, 1140)",14,34
179,1702.5,1951.0,4.0,4679.87158203125,138606.49568582693,"(1951, 1701, 1952, 1705)",133,44
180,111.33333333333333,1.3333333333333333,3.0,4581.8837890625,103954.8717643702,"(1, 111, 3, 113)",54,8
180,314.0,25.5,2.0,4780.6298828125,69303.24784291346,"(25, 314, 27, 315)",195,15
180,1217.0,139.0,1.0,3831.884033203125,34651.62392145673,"(139, 1217, 140, 1218)",3,46
180,1842.0,357.0,3.0,3921.849365234375,103954.8717643702,"(356, 1842, 359, 1843)",202,9
180,1813.0,359.5,2.0,3831.884033203125,69303.24784291346,"(359, 1813, 361, 1814)",203,4
180,1844.0,527.0,1.0,3831.884033203125,34651.62392145673,"(527, 1844, 528, 1845)",86,24
180,1506.0,624.0,1.0,3831.884033203125,34651.62392145673,"(624, 1506, 625, 1507)",200,7
180,623.0,676.5,2.0,3921.849365234375,69303.24784291346,"(676, 623, 678, 624)",104,15
180,1373.0,700.0,1.0,4292.091796875,34651.62392145673,"(700, 1373, 701, 1374)",52,9
180,1134.25,793.25,8.0,4780.6298828125,277212.99137165386,"(792, 1133, 796, 1136)",11,36
180,1293.0,817.5,2.0,4105.6728515625,69303.24784291346,"(817, 1293, 819, 1294)",112,27
180,1495.0,922.5,2.0,3921.849365234375,69303.24784291346,"(922, 1495, 924, 1496)",38,27
180,1402.0,936.0,1.0,3831.884033203125,34651.62392145673,"(936, 1402, 937, 1403)",94,22
180,1110.75,980.75,4.0,3831.884033203125,138606.49568582693,"(980, 1110, 983, 1113)",137,32
180,1010.5,1109.0,4.0,4387.4638671875,138606.49568582693,"(1108, 1010, 1111, 1012)",16,20
180,74.0,1166.0,1.0,3831.884033203125,34651.62392145673,"(1166, 74, 1167, 75)",201,5
180,1829.0,2026.0,1.0,5293.1728515625,34651.62392145673,"(2026, 1829, 2027, 1830)",31,37
181,314.0,25.5,2.0,4483.9755859375,69303.24784291346,"(25, 314, 27, 315)",195,15
181,1831.5,494.0,4.0,3832.001953125,138606.49568582693,"(493, 1831, 496, 1833)",86,24
181,624.0,676.6666666666666,3.0,4105.6513671875,103954.8717643702,"(676, 623, 678, 626)",104,15
181,1293.0,818.0,1.0,4198.14990234375,34651.62392145673,"(818, 1293, 819, 1294)",112,27
181,1383.0,867.0,1.0,4013.1533203125,34651.62392145673,"(867, 1383, 868, 1384)",62,12
181,1281.0,898.0,1.0,3832.001953125,34651.62392145673,"(898, 1281, 899, 1282)",108,12
181,1052.0,903.0,1.0,4105.6513671875,34651.62392145673,"(903, 1052, 904, 1053)",68,18
181,1495.0,923.0,1.0,3832.001953125,34651.62392145673,"(923, 1495, 924, 1496)",38,27
181,1402.0,936.0,1.0,4013.1533203125,34651.62392145673,"(936, 1402, 937, 1403)",94,22
182,738.0,511.0,1.0,3921.91943359375,34651.62392145673,"(511, 738, 512, 739)",63,38
182,718.0,536.8571428571429,7.0,4292.18212890625,242561.3674501971,"(536, 717, 539, 720)",87,49
182,656.0,565.5,2.0,3921.91943359375,69303.24784291346,"(565, 656, 567, 657)",97,10
182,1474.8,720.4,5.0,4981.77734375,173258.11960728368,"(720, 1474, 722, 1477)",205,2
182,1303.0,776.0,1.0,3921.91943359375,34651.62392145673,"(776, 1303, 777, 1304)",85,25
182,1293.6666666666667,819.3333333333334,3.0,4483.9345703125,103954.8717643702,"(819, 1293, 821, 1295)",112,27
182,1282.0,900.0,1.0,3832.02783203125,34651.62392145673,"(900, 1282, 901, 1283)",108,12
182,1496.0,924.0,1.0,3832.02783203125,34651.62392145673,"(924, 1496, 925, 1497)",38,27
182,1398.0,933.0,1.0,3832.02783203125,34651.62392145673,"(933, 1398, 934, 1399)",94,22
182,1125.0,948.0,1.0,3921.91943359375,34651.62392145673,"(948, 1125, 949, 1126)",14,34
182,1830.2857142857142,2027.2857142857142,7.0,14183.337890625,242561.3674501971,"(2026, 1829, 2029, 1833)",31,37
183,315.0,30.0,3.0,4387.4248046875,103954.8717643702,"(29, 315, 32, 316)",195,15
183,717.0,535.8333333333334,6.0,4105.5712890625,207909.7435287404,"(535, 716, 538, 719)",87,49
183,655.5,564.5,2.0,3832.01416015625,69303.24784291346,"(564, 655, 566, 657)",97,10
183,1392.0,873.0,1.0,3832.01416015625,34651.62392145673,"(873, 1392, 874, 1393)",62,12
183,1495.0,923.0,1.0,3832.01416015625,34651.62392145673,"(923, 1495, 924, 1496)",38,27
183,1830.0,2027.0,9.0,14705.2412109375,311864.6152931106,"(2026, 1828, 2029, 1833)",31,37
184,314.7857142857143,26.714285714285715,14.0,9063.275390625,485122.7349003942,"(25, 312, 29, 319)",195,15
184,1841.0,358.0,1.0,3921.859375,34651.62392145673,"(358, 1841, 359, 1842)",202,9
184,1844.0,527.0,1.0,3831.8359375,34651.62392145673,"(527, 1844, 528, 1845)",86,24
184,715.7142857142857,535.1428571428571,7.0,4105.72998046875,242561.3674501971,"(534, 715, 537, 718)",87,49
184,653.0,564.0,1.0,3831.8359375,34651.62392145673,"(564, 653, 565, 654)",97,10
184,622.5,676.0,2.0,3921.859375,69303.24784291346,"(676, 622, 677, 624)",104,15
184,1054.5,933.5,4.0,4198.1865234375,138606.49568582693,"(933, 1054, 935, 1056)",68,18
184,77.0,1165.0,1.0,3921.859375,34651.62392145673,"(1165, 77, 1166, 78)",201,5
184,1827.3333333333333,2025.6666666666667,3.0,5188.4443359375,103954.8717643702,"(2025, 1827, 2027, 1829)",31,37
185,313.0,28.0,4.0,5085.03515625,138606.49568582693,"(27, 312, 30, 315)",195,15
185,1283.5555555555557,146.88888888888889,9.0,4679.8984375,311864.6152931106,"(146, 1282, 149, 1286)",76,4
185,1841.0,358.0,1.0,4013.10986328125,34651.62392145673,"(358, 1841, 359, 1842)",202,9
185,1834.0,503.0,1.0,3831.951171875,34651.62392145673,"(503, 1834, 504, 1835)",86,24
185,653.0,563.0,1.0,3921.912841796875,34651.62392145673,"(563, 653, 564, 654)",97,10
185,622.5,676.5,2.0,3831.951171875,69303.24784291346,"(676, 622, 678, 624)",104,15
185,1471.0,720.0,1.0,3831.951171875,34651.62392145673,"(720, 1471, 721, 1472)",205,2
185,1420.0,854.0,3.0,5085.03515625,103954.8717643702,"(854, 1419, 855, 1422)",174,22
185,1260.0,889.0,1.0,3831.951171875,34651.62392145673,"(889, 1260, 890, 1261)",51,36
185,1053.6666666666667,933.6666666666666,3.0,4105.748046875,103954.8717643702,"(933, 1053, 935, 1055)",68,18
185,1009.0,1109.5,2.0,3921.912841796875,69303.24784291346,"(1109, 1009, 1111, 1010)",16,20
185,76.5,1165.0,2.0,7610.14306640625,69303.24784291346,"(1165, 76, 1166, 78)",201,5
185,1828.0,2026.5,4.0,5833.7568359375,138606.49568582693,"(2026, 1827, 2028, 1830)",31,37
186,1208.5,133.5,2.0,3831.945068359375,69303.24784291346,"(133, 1208, 135, 1210)",3,46
186,1526.5,232.0,2.0,4292.0947265625,69303.24784291346,"(232, 1526, 233, 1528)",125,6
186,1603.9444444444443,262.72222222222223,18.0,4198.1591796875,623729.2305862212,"(258, 1602, 268, 1607)",43,34
186,1757.0,344.5,6.0,5506.3837890625,207909.7435287404,"(343, 1756, 347, 1759)",138,18
186,1841.5,358.5,4.0,4105.5537109375,138606.49568582693,"(358, 1841, 360, 1843)",202,9
186,1841.0,521.0,1.0,3831.945068359375,34651.62392145673,"(521, 1841, 522, 1842)",86,24
186,624.25,675.625,8.0,3921.892578125,277212.99137165386,"(673, 623, 679, 626)",104,15
186,1280.0,718.0,3.0,3921.892578125,103954.8717643702,"(718, 1279, 719, 1282)",9,42
186,1393.5,884.5,2.0,3831.945068359375,69303.24784291346,"(884, 1393, 886, 1395)",62,12
186,1259.6666666666667,888.3333333333334,3.0,4013.169189453125,103954.8717643702,"(888, 1259, 890, 1261)",51,36
186,1010.0,1110.0,1.0,3831.945068359375,34651.62392145673,"(1110, 1010, 1111, 1011)",16,20
186,77.0,1166.0,1.0,4780.6015625,34651.62392145673,"(1166, 77, 1167, 78)",201,5
186,317.0,1268.0,1.0,3921.892578125,34651.62392145673,"(1268, 317, 1269, 318)",150,2
186,1714.0,1940.0,1.0,3921.892578125,34651.62392145673,"(1940, 1714, 1941, 1715)",133,44
186,1828.3333333333333,2026.6666666666667,3.0,6751.4677734375,103954.8717643702,"(2026, 1828, 2028, 1830)",31,37
187,317.6666666666667,27.333333333333332,3.0,4679.85107421875,103954.8717643702,"(27, 317, 29, 319)",195,15
187,1209.0,134.0,1.0,3831.884033203125,34651.62392145673,"(134, 1209, 135, 1210)",3,46
187,1758.3333333333333,345.4,15.0,8654.1162109375,519774.35882185097,"(344, 1756, 348, 1761)",138,18
187,1850.0,416.5,2.0,4198.2333984375,69303.24784291346,"(416, 1850, 418, 1851)",188,7
187,718.5,537.0,2.0,3921.849365234375,69303.24784291346,"(537, 718, 538, 720)",87,49
187,1267.375,742.75,8.0,5188.501953125,277212.99137165386,"(741, 1266, 746, 1269)",155,7
187,1134.2307692307693,795.9230769230769,13.0,4387.4638671875,450471.11097893753,"(794, 1133, 800, 1136)",11,36
187,1395.0,886.0,1.0,4105.6728515625,34651.62392145673,"(886, 1395, 887, 1396)",62,12
187,1494.0,923.0,1.0,3831.884033203125,34651.62392145673,"(923, 1494, 924, 1495)",38,27
187,1055.25,934.75,4.0,4105.6728515625,138606.49568582693,"(934, 1054, 936, 1057)",68,18
187,1011.0,1109.0,1.0,3921.849365234375,34651.62392145673,"(1109, 1011, 1110, 1012)",16,20
187,1829.5,2027.0,4.0,8926.390625,138606.49568582693,"(2026, 1829, 2029, 1831)",31,37
188,1211.0,134.0,1.0,3921.848876953125,34651.62392145673,"(134, 1211, 135, 1212)",3,46
188,187.0,184.0,1.0,3921.848876953125,34651.62392145673,"(184, 187, 185, 188)",207,4
188,1590.0,285.0,1.0,3921.848876953125,34651.62392145673,"(285, 1590, 286, 1591)",43,34
188,1761.9791666666667,345.2916666666667,48.0,10493.548828125,1663277.9482299231,"(342, 1757, 349, 1768)",138,18
188,738.0,511.0,1.0,3831.83203125,34651.62392145673,"(511, 738, 512, 739)",63,38
188,592.0,669.0,1.0,3921.848876953125,34651.62392145673,"(669, 592, 670, 593)",107,7
188,1281.0,718.0,1.0,3921.848876953125,34651.62392145673,"(718, 1281, 719, 1282)",9,42
188,1268.6,743.4,5.0,5399.0947265625,173258.11960728368,"(742, 1268, 746, 1270)",155,7
188,1135.0,796.7777777777778,9.0,4484.087890625,311864.6152931106,"(794, 1134, 800, 1137)",11,36
188,1704.0,1951.0,1.0,4198.22412109375,34651.62392145673,"(1951, 1704, 1952, 1705)",133,44
188,1831.0,2027.5,4.0,7359.26708984375,138606.49568582693,"(2027, 1830, 2029, 1833)",31,37
189,186.33333333333334,183.66666666666666,3.0,4013.1796875,103954.8717643702,"(183, 186, 185, 188)",207,4
189,1527.0,232.5,2.0,4387.3798828125,69303.24784291346,"(232, 1527, 234, 1528)",125,6
189,1588.0,286.0,1.0,3831.7626953125,34651.62392145673,"(286, 1588, 287, 1589)",43,34
189,1760.457627118644,345.1864406779661,59.0,15236.4619140625,2044445.8113659471,"(343, 1754, 349, 1767)",138,18
189,738.0,511.0,1.0,3831.7626953125,34651.62392145673,"(511, 738, 512, 739)",63,38
189,717.8,537.2,5.0,3921.7890625,173258.11960728368,"(536, 717, 539, 720)",87,49
189,1512.0,621.0,1.0,3831.7626953125,34651.62392145673,"(621, 1512, 622, 1513)",200,7
189,1305.3333333333333,767.6666666666666,3.0,3921.7890625,103954.8717643702,"(767, 1305, 769, 1307)",85,25
189,1134.5,796.0,10.0,4387.3798828125,346516.23921456735,"(794, 1134, 799, 1136)",11,36
189,1261.5,889.375,8.0,4484.2265625,277212.99137165386,"(888, 1260, 892, 1264)",51,36
189,1108.0,978.0,1.0,3921.7890625,34651.62392145673,"(978, 1108, 979, 1109)",137,32
189,228.5,1890.0,4.0,6170.62890625,138606.49568582693,"(1889, 228, 1892, 230)",163,7
189,1703.0,1951.0,1.0,3831.7626953125,34651.62392145673,"(1951, 1703, 1952, 1704)",133,44
189,1830.75,2027.875,8.0,11871.38671875,277212.99137165386,"(2027, 1829, 2030, 1833)",31,37
190,109.0,50.0,1.0,3831.83642578125,34651.62392145673,"(50, 109, 51, 110)",21,32
190,1285.2857142857142,147.57142857142858,7.0,5085.19921875,242561.3674501971,"(146, 1284, 150, 1287)",76,4
190,186.0,184.0,1.0,4198.26708984375,34651.62392145673,"(184, 186, 185, 187)",207,4
190,1526.5,232.0,2.0,3831.83642578125,69303.24784291346,"(232, 1526, 233, 1528)",125,6
190,1568.5,333.5,2.0,4105.5517578125,69303.24784291346,"(333, 1568, 335, 1570)",211,2
190,1758.75,344.578125,64.0,22349.013671875,2217703.930973231,"(341, 1751, 349, 1766)",138,18
190,737.0,510.0,1.0,3831.83642578125,34651.62392145673,"(510, 737, 511, 738)",63,38
190,654.0,565.0,1.0,3831.83642578125,34651.62392145673,"(565, 654, 566, 655)",97,10
190,1280.0,717.5,2.0,3921.8251953125,69303.24784291346,"(717, 1280, 719, 1281)",9,42
190,1242.0,737.0,1.0,4013.17724609375,34651.62392145673,"(737, 1242, 738, 1243)",167,7
190,117.0,739.5,2.0,3921.8251953125,69303.24784291346,"(739, 117, 741, 118)",140,11
190,1409.3333333333333,840.5,6.0,6399.9169921875,207909.7435287404,"(840, 1408, 842, 1412)",174,22
190,1011.0,1109.0,1.0,3831.83642578125,34651.62392145673,"(1109, 1011, 1110, 1012)",16,20
190,1703.0,1951.0,3.0,4292.0048828125,103954.8717643702,"(1951, 1702, 1952, 1705)",133,44
190,1830.75,2027.875,8.0,7865.2978515625,277212.99137165386,"(2027, 1829, 2030, 1833)",31,37
191,318.0,28.0,1.0,4292.341796875,34651.62392145673,"(28, 318, 29, 319)",195,15
191,89.06382978723404,125.12765957446808,47.0,5084.95703125,1628626.3243084664,"(122, 75, 130, 101)",45,11
191,185.0,183.0,1.0,4581.91552734375,34651.62392145673,"(183, 185, 184, 186)",207,4
191,1525.0,230.0,1.0,3831.994140625,34651.62392145673,"(230, 1525, 231, 1526)",125,6
191,1566.0,332.5,2.0,3921.8359375,69303.24784291346,"(332, 1566, 334, 1567)",211,2
191,1842.5,357.5,2.0,4105.60400390625,69303.24784291346,"(357, 1842, 359, 1844)",202,9
191,1833.0,502.0,1.0,3831.994140625,34651.62392145673,"(502, 1833, 503, 1834)",86,24
191,1377.0,679.0,1.0,3921.8359375,34651.62392145673,"(679, 1377, 680, 1378)",178,6
191,1277.0,714.0,1.0,3831.994140625,34651.62392145673,"(714, 1277, 715, 1278)",9,42
191,1241.0,736.0,1.0,3831.994140625,34651.62392145673,"(736, 1241, 737, 1242)",167,7
191,1055.0,934.0,4.0,4292.341796875,138606.49568582693,"(933, 1054, 936, 1057)",68,18
191,980.6666666666666,1100.3333333333333,3.0,4013.1630859375,103954.8717643702,"(1100, 980, 1102, 982)",119,24
191,1009.2857142857143,1109.5714285714287,7.0,4105.60400390625,242561.3674501971,"(1109, 1008, 1111, 1012)",16,20
191,226.5,1887.5,2.0,4013.1630859375,69303.24784291346,"(1887, 226, 1889, 228)",163,7
191,1707.6666666666667,1948.6666666666667,3.0,4198.416015625,103954.8717643702,"(1948, 1707, 1950, 1709)",133,44
191,1829.2,2026.4,5.0,6751.4912109375,173258.11960728368,"(2026, 1828, 2028, 1831)",31,37
192,1758.3066666666666,343.92,75.0,23890.6484375,2598871.794109255,"(341, 1752, 349, 1765)",138,18
192,1810.0,357.0,1.0,3831.98779296875,34651.62392145673,"(357, 1810, 358, 1811)",203,4
192,1841.0,357.0,3.0,4387.41162109375,103954.8717643702,"(357, 1840, 358, 1843)",202,9
192,1829.0,500.0,1.0,3831.98779296875,34651.62392145673,"(500, 1829, 501, 1830)",86,24
192,715.3333333333334,535.3333333333334,3.0,4013.1201171875,103954.8717643702,"(535, 715, 537, 717)",87,49
192,589.0,668.0,1.0,3831.98779296875,34651.62392145673,"(668, 589, 669, 590)",107,7
192,1254.0,893.5,4.0,4198.26123046875,138606.49568582693,"(893, 1253, 895, 1256)",51,36
192,1134.0,937.0,1.0,3831.98779296875,34651.62392145673,"(937, 1134, 938, 1135)",14,34
192,61.0,999.5,4.0,4105.69091796875,138606.49568582693,"(999, 60, 1001, 63)",15,17
192,980.0,1100.0,1.0,3831.98779296875,34651.62392145673,"(1100, 980, 1101, 981)",119,24
192,1707.25,1948.75,8.0,5615.24755859375,277212.99137165386,"(1948, 1705, 1951, 1711)",133,44
192,1828.5,2026.5,4.0,5723.853515625,138606.49568582693,"(2026, 1828, 2028, 1830)",31,37
193,27.0,40.0,1.0,3921.8623046875,34651.62392145673,"(40, 27, 41, 28)",106,7
193,1758.9705882352941,345.1470588235294,68.0,21279.6640625,2356310.426659058,"(342, 1753, 350, 1765)",138,18
193,737.0,509.0,1.0,3831.96240234375,34651.62392145673,"(509, 737, 510, 738)",63,38
193,716.0,536.0,1.0,3831.96240234375,34651.62392145673,"(536, 716, 537, 717)",87,49
193,1504.0,645.0,1.0,3831.96240234375,34651.62392145673,"(645, 1504, 646, 1505)",212,3
193,1215.0,654.0,1.0,3921.8623046875,34651.62392145673,"(654, 1215, 655, 1216)",111,44
193,1279.3333333333333,717.6666666666666,3.0,3921.8623046875,103954.8717643702,"(717, 1279, 719, 1281)",9,42
193,1242.0,738.0,3.0,4013.06005859375,103954.8717643702,"(738, 1241, 739, 1244)",167,7
193,1267.3333333333333,744.0,3.0,4198.376953125,103954.8717643702,"(743, 1267, 746, 1269)",155,7
193,1132.5714285714287,797.7142857142857,14.0,4881.22607421875,485122.7349003942,"(795, 1129, 801, 1136)",11,36
193,1134.0,938.0,1.0,3921.8623046875,34651.62392145673,"(938, 1134, 939, 1135)",14,34
193,1115.0,982.0,1.0,3831.96240234375,34651.62392145673,"(982, 1115, 983, 1116)",137,32
193,980.0,1100.0,1.0,3831.96240234375,34651.62392145673,"(1100, 980, 1101, 981)",119,24
193,1009.0,1118.0,1.0,3831.96240234375,34651.62392145673,"(1118, 1009, 1119, 1010)",16,20
194,27.0,40.0,1.0,4292.03857421875,34651.62392145673,"(40, 27, 41, 28)",106,7
194,1760.126984126984,345.25396825396825,63.0,17076.05859375,2183052.307051774,"(342, 1755, 350, 1766)",138,18
194,1505.0,648.0,1.0,4013.1455078125,34651.62392145673,"(648, 1505, 649, 1506)",212,3
194,1215.0,653.0,1.0,3921.74365234375,34651.62392145673,"(653, 1215, 654, 1216)",111,44
194,629.0,680.0,1.0,3921.74365234375,34651.62392145673,"(680, 629, 681, 630)",104,15
194,1241.0,738.0,1.0,4013.1455078125,34651.62392145673,"(738, 1241, 739, 1242)",167,7
194,1298.0,789.0,1.0,3921.74365234375,34651.62392145673,"(789, 1298, 790, 1299)",85,25
194,1133.2941176470588,797.3529411764706,17.0,4680.041015625,589077.6066647645,"(794, 1130, 801, 1136)",11,36
194,1055.5,935.5,2.0,4105.58935546875,69303.24784291346,"(935, 1055, 937, 1057)",68,18
194,1135.0,938.5,4.0,4105.58935546875,138606.49568582693,"(937, 1135, 941, 1136)",14,34
194,1020.0,967.5,2.0,4105.58935546875,69303.24784291346,"(967, 1020, 969, 1021)",126,22
194,980.0,1100.0,1.0,3831.904296875,34651.62392145673,"(1100, 980, 1101, 981)",119,24
194,1712.0,1949.0,1.0,3921.74365234375,34651.62392145673,"(1949, 1712, 1950, 1713)",133,44
195,25.5,40.0,2.0,4013.1533203125,69303.24784291346,"(40, 25, 41, 27)",106,7
195,1758.549019607843,345.1372549019608,51.0,9622.8642578125,1767232.8199942934,"(342, 1752, 349, 1765)",138,18
195,1809.5,357.0,2.0,4013.1533203125,69303.24784291346,"(357, 1809, 358, 1811)",203,4
195,1840.0,357.0,1.0,4198.14990234375,34651.62392145673,"(357, 1840, 358, 1841)",202,9
195,714.5,536.0,2.0,4013.1533203125,69303.24784291346,"(536, 714, 537, 716)",87,49
195,1503.0,647.0,1.0,3921.936767578125,34651.62392145673,"(647, 1503, 648, 1504)",212,3
195,624.0,678.0,1.0,3832.001953125,34651.62392145673,"(678, 624, 679, 625)",104,15
195,1131.2142857142858,797.1428571428571,14.0,4387.4189453125,485122.7349003942,"(795, 1128, 800, 1134)",11,36
195,1259.6315789473683,888.0,19.0,4981.71484375,658380.854507678,"(885, 1258, 892, 1262)",51,36
195,1111.0,889.2,20.0,6870.98681640625,693032.4784291347,"(887, 1106, 893, 1118)",156,2
195,1133.0,938.0,3.0,4105.6513671875,103954.8717643702,"(937, 1133, 940, 1134)",14,34
195,1018.0,967.0,1.0,4198.14990234375,34651.62392145673,"(967, 1018, 968, 1019)",126,22
195,1111.0,982.0,1.0,3921.936767578125,34651.62392145673,"(982, 1111, 983, 1112)",137,32
195,978.0,1100.0,1.0,3832.001953125,34651.62392145673,"(1100, 978, 1101, 979)",119,24
196,1752.0,344.75,4.0,4484.048828125,138606.49568582693,"(344, 1751, 347, 1754)",138,18
196,1809.0,357.0,1.0,4105.7666015625,34651.62392145673,"(357, 1809, 358, 1810)",203,4
196,1839.5,357.0,2.0,4292.1376953125,69303.24784291346,"(357, 1839, 358, 1841)",202,9
196,656.0,566.0,1.0,4105.7666015625,34651.62392145673,"(566, 656, 567, 657)",97,10
196,1279.0,746.75,8.0,4105.7666015625,277212.99137165386,"(745, 1278, 749, 1281)",155,7
196,1130.6666666666667,797.1333333333333,15.0,4484.048828125,519774.35882185097,"(796, 1127, 800, 1134)",11,36
196,1294.0,885.5,2.0,3921.8330078125,69303.24784291346,"(885, 1294, 887, 1295)",108,12
196,1491.0,923.0,1.0,4013.134765625,34651.62392145673,"(923, 1491, 924, 1492)",38,27
196,1055.5,932.5,4.0,4013.134765625,138606.49568582693,"(932, 1055, 934, 1057)",68,18
196,1132.0,937.5,2.0,4198.17626953125,69303.24784291346,"(937, 1132, 939, 1133)",14,34
196,57.0,1001.0,1.0,3831.860595703125,34651.62392145673,"(1001, 57, 1002, 58)",15,17
196,1709.0,1948.0,1.0,4581.9990234375,34651.62392145673,"(1948, 1709, 1949, 1710)",133,44
197,1753.3333333333333,343.5,6.0,4387.3828125,207909.7435287404,"(342, 1753, 346, 1755)",138,18
197,600.0,652.0,1.0,3831.950927734375,34651.62392145673,"(652, 600, 653, 601)",107,7
197,1273.5,710.0,2.0,3921.8330078125,69303.24784291346,"(710, 1273, 711, 1275)",9,42
197,1258.0,890.0,1.0,3831.950927734375,34651.62392145673,"(890, 1258, 891, 1259)",51,36
197,1493.0,921.25,4.0,3921.8330078125,138606.49568582693,"(921, 1492, 923, 1495)",38,27
197,1016.8,964.8,5.0,4387.3828125,173258.11960728368,"(964, 1016, 967, 1019)",126,22
197,57.0,1001.0,1.0,3831.950927734375,34651.62392145673,"(1001, 57, 1002, 58)",15,17
