frame,x,y,area_px,area_km2,intensity,bbox,cluster_id,occurrences
0,2003.5,424.0,2.0,24728.752698625824,642.14599609375,"(np.int64(424), np.int64(2003), np.int64(425), np.int64(2005))",6,2
0,762.765625,542.109375,23.0,284380.65603419696,1135.0126953125,"(np.int64(539), np.int64(758), np.int64(545), np.int64(768))",7,21
0,780.0,551.5,2.0,24728.752698625824,583.12158203125,"(np.int64(551), np.int64(779), np.int64(553), np.int64(782))",7,21
0,769.0,553.0,1.0,12364.376349312912,612.33544921875,"(np.int64(553), np.int64(769), np.int64(554), np.int64(770))",7,21
0,1396.0,826.0,1.0,12364.376349312912,583.12158203125,"(np.int64(826), np.int64(1396), np.int64(827), np.int64(1397))",14,10
0,446.25,834.5,4.0,49457.50539725165,642.14599609375,"(np.int64(831), np.int64(443), np.int64(839), np.int64(450))",15,86
0,1041.5652173913043,981.2608695652174,23.0,284380.65603419696,1388.79931640625,"(np.int64(978), np.int64(1040), np.int64(985), np.int64(1044))",18,9
0,914.3333333333334,1116.6666666666667,3.0,37093.12904793874,703.953125,"(np.int64(1116), np.int64(914), np.int64(1118), np.int64(916))",20,50
0,617.5,1128.0,2.0,24728.752698625824,612.33544921875,"(np.int64(1128), np.int64(617), np.int64(1129), np.int64(619))",21,5
0,640.5454545454545,1130.6363636363637,11.0,136008.13984244203,735.94970703125,"(np.int64(1130), np.int64(637), np.int64(1132), np.int64(644))",22,2
0,976.0,1148.5,2.0,24728.752698625824,735.94970703125,"(np.int64(1148), np.int64(976), np.int64(1150), np.int64(977))",23,8
0,1655.875,1204.75,8.0,98915.0107945033,1095.06689453125,"(np.int64(1204), np.int64(1654), np.int64(1207), np.int64(1659))",24,26
0,1288.0,1338.0,1.0,12364.376349312912,612.33544921875,"(np.int64(1338), np.int64(1288), np.int64(1339), np.int64(1289))",27,63
0,1303.75,1346.0,3.0,37093.12904793874,583.12158203125,"(np.int64(1345), np.int64(1301), np.int64(1348), np.int64(1307))",27,63
0,1456.5,1348.5,2.0,24728.752698625824,583.12158203125,"(np.int64(1348), np.int64(1456), np.int64(1350), np.int64(1458))",28,17
0,1483.1773809523809,1362.0017857142857,65.0,803684.4627053393,735.94970703125,"(np.int64(1357), np.int64(1472), np.int64(1374), np.int64(1493))",29,17
0,163.0,1372.0,1.0,12364.376349312912,583.12158203125,"(np.int64(1372), np.int64(163), np.int64(1373), np.int64(164))",31,4
0,81.0,1446.0,2.0,24728.752698625824,583.12158203125,"(np.int64(1446), np.int64(80), np.int64(1447), np.int64(83))",34,2
0,338.0,1569.0,1.0,12364.376349312912,583.12158203125,"(np.int64(1569), np.int64(338), np.int64(1570), np.int64(339))",35,105
0,1749.0,1772.0,7.0,86550.63444519039,703.953125,"(np.int64(1771), np.int64(1748), np.int64(1774), np.int64(1751))",41,10
0,1539.75,1805.0,8.0,98915.0107945033,642.14599609375,"(np.int64(1803), np.int64(1539), np.int64(1807), np.int64(1542))",42,9
0,1142.6666666666667,1882.3333333333333,3.0,37093.12904793874,583.12158203125,"(np.int64(1881), np.int64(1139), np.int64(1885), np.int64(1147))",44,6
1,1116.0,270.0,1.0,12364.376349312912,583.09619140625,"(np.int64(270), np.int64(1116), np.int64(271), np.int64(1117))",46,5
1,2004.0,422.5,2.0,24728.752698625824,583.09619140625,"(np.int64(422), np.int64(2004), np.int64(424), np.int64(2005))",6,2
1,764.7558823529412,540.8235294117646,27.0,333838.16143144865,906.60791015625,"(np.int64(538), np.int64(761), np.int64(545), np.int64(769))",7,21
1,777.0,552.0,1.0,12364.376349312912,583.09619140625,"(np.int64(552), np.int64(777), np.int64(553), np.int64(778))",7,21
1,1166.0,808.0,1.0,12364.376349312912,583.09619140625,"(np.int64(808), np.int64(1166), np.int64(809), np.int64(1167))",48,11
1,450.875,821.375,6.0,74186.25809587748,583.09619140625,"(np.int64(820), np.int64(449), np.int64(824), np.int64(454))",15,86
1,448.0,837.0,3.0,37093.12904793874,583.09619140625,"(np.int64(836), np.int64(447), np.int64(839), np.int64(450))",15,86
1,971.0,867.0,1.0,12364.376349312912,583.09619140625,"(np.int64(867), np.int64(971), np.int64(868), np.int64(972))",49,24
1,1042.9444444444443,982.0833333333333,19.0,234923.15063694533,1134.87646484375,"(np.int64(977), np.int64(1040), np.int64(985), np.int64(1046))",18,9
1,914.0,1115.0,1.0,12364.376349312912,612.22021484375,"(np.int64(1115), np.int64(914), np.int64(1116), np.int64(915))",20,50
1,618.0,1125.6666666666665,4.0,49457.50539725165,642.13134765625,"(np.int64(1125), np.int64(616), np.int64(1128), np.int64(620))",21,5
1,638.0,1128.5,4.0,49457.50539725165,612.22021484375,"(np.int64(1128), np.int64(637), np.int64(1130), np.int64(640))",22,2
1,1655.5,1203.5833333333335,7.0,86550.63444519039,735.9970703125,"(np.int64(1202), np.int64(1653), np.int64(1205), np.int64(1658))",24,26
1,337.0,1233.5,2.0,24728.752698625824,583.09619140625,"(np.int64(1233), np.int64(337), np.int64(1235), np.int64(338))",51,3
1,1480.7142857142858,1358.1904761904761,21.0,259651.90333557114,672.6328125,"(np.int64(1357), np.int64(1476), np.int64(1362), np.int64(1485))",29,17
1,1489.0333333333333,1365.8333333333333,30.0,370931.29047938733,672.6328125,"(np.int64(1362), np.int64(1486), np.int64(1373), np.int64(1492))",29,17
1,163.0,1372.0,1.0,12364.376349312912,583.09619140625,"(np.int64(1372), np.int64(163), np.int64(1373), np.int64(164))",31,4
1,709.0,1502.0,1.0,12364.376349312912,583.09619140625,"(np.int64(1502), np.int64(709), np.int64(1503), np.int64(710))",52,3
1,142.0,1533.0,1.0,12364.376349312912,583.09619140625,"(np.int64(1533), np.int64(142), np.int64(1534), np.int64(143))",53,106
1,1747.857142857143,1770.7142857142858,7.0,86550.63444519039,583.09619140625,"(np.int64(1770), np.int64(1747), np.int64(1773), np.int64(1750))",41,10
1,1333.0,1942.25,3.0,37093.12904793874,583.09619140625,"(np.int64(1938), np.int64(1330), np.int64(1947), np.int64(1337))",56,6
2,754.0,534.0,1.0,12364.376349312912,583.18896484375,"(np.int64(534), np.int64(754), np.int64(535), np.int64(755))",7,21
2,761.71875,540.75,65.0,803684.4627053393,1258.765625,"(np.int64(537), np.int64(754), np.int64(545), np.int64(769))",7,21
2,778.0,550.5,2.0,24728.752698625824,583.18896484375,"(np.int64(550), np.int64(777), np.int64(552), np.int64(780))",7,21
2,447.875,825.375,6.0,74186.25809587748,642.04833984375,"(np.int64(822), np.int64(444), np.int64(829), np.int64(453))",15,86
2,973.5555555555555,867.8888888888889,9.0,111279.3871438162,703.9208984375,"(np.int64(867), np.int64(972), np.int64(870), np.int64(976))",49,24
2,2044.0,956.0,2.0,24728.752698625824,583.18896484375,"(np.int64(955), np.int64(2041), np.int64(958), np.int64(2048))",58,3
2,1040.7272727272727,980.9090909090909,11.0,136008.13984244203,802.15380859375,"(np.int64(979), np.int64(1040), np.int64(984), np.int64(1043))",18,9
2,619.0,1127.0,1.0,12364.376349312912,583.18896484375,"(np.int64(1127), np.int64(619), np.int64(1128), np.int64(620))",21,5
2,1653.3846153846155,1202.6923076923076,13.0,160736.89254106785,871.05712890625,"(np.int64(1201), np.int64(1651), np.int64(1205), np.int64(1657))",24,26
2,1455.5,1348.0,4.0,49457.50539725165,642.04833984375,"(np.int64(1347), np.int64(1455), np.int64(1350), np.int64(1457))",28,17
2,1481.1066666666666,1359.9266666666667,45.0,556396.935719081,642.04833984375,"(np.int64(1357), np.int64(1474), np.int64(1373), np.int64(1491))",29,17
2,832.0,1360.0,1.0,12364.376349312912,583.18896484375,"(np.int64(1360), np.int64(832), np.int64(1361), np.int64(833))",59,4
2,140.0,1535.3333333333333,3.0,37093.12904793874,642.04833984375,"(np.int64(1535), np.int64(139), np.int64(1537), np.int64(142))",53,106
2,1748.6666666666667,1769.6666666666667,3.0,37093.12904793874,642.04833984375,"(np.int64(1769), np.int64(1748), np.int64(1771), np.int64(1750))",41,10
2,384.0,1842.0,1.0,12364.376349312912,583.18896484375,"(np.int64(1842), np.int64(384), np.int64(1843), np.int64(385))",60,51
2,1330.0,1941.0,1.0,12364.376349312912,583.18896484375,"(np.int64(1941), np.int64(1330), np.int64(1942), np.int64(1331))",56,6
3,1108.0,267.0,1.0,12364.376349312912,583.167724609375,"(np.int64(267), np.int64(1108), np.int64(268), np.int64(1109))",46,5
3,761.6712328767123,540.6301369863014,76.0,939692.6025477813,2247.09228515625,"(np.int64(535), np.int64(755), np.int64(546), np.int64(771))",7,21
3,452.6666666666667,824.3333333333334,3.0,37093.12904793874,612.21044921875,"(np.int64(824), np.int64(452), np.int64(826), np.int64(454))",15,86
3,437.0,825.5,2.0,24728.752698625824,583.167724609375,"(np.int64(825), np.int64(437), np.int64(827), np.int64(438))",15,86
3,447.0,840.0,1.0,12364.376349312912,583.167724609375,"(np.int64(840), np.int64(447), np.int64(841), np.int64(448))",15,86
3,975.3636363636364,869.0909090909091,11.0,136008.13984244203,768.67333984375,"(np.int64(868), np.int64(974), np.int64(871), np.int64(978))",49,24
3,1043.0,982.0,1.0,12364.376349312912,583.167724609375,"(np.int64(982), np.int64(1043), np.int64(983), np.int64(1044))",18,9
3,915.1666666666666,1116.8333333333333,6.0,74186.25809587748,1056.000244140625,"(np.int64(1116), np.int64(914), np.int64(1119), np.int64(918))",20,50
3,976.0,1150.5,2.0,24728.752698625824,583.167724609375,"(np.int64(1150), np.int64(976), np.int64(1152), np.int64(977))",23,8
3,1654.4705882352941,1203.764705882353,17.0,210194.3979383195,768.67333984375,"(np.int64(1201), np.int64(1651), np.int64(1207), np.int64(1659))",24,26
3,678.0,1213.0,1.0,12364.376349312912,583.167724609375,"(np.int64(1213), np.int64(678), np.int64(1214), np.int64(679))",62,10
3,1482.3420454545455,1361.5488636363636,51.0,630583.1938149584,672.706298828125,"(np.int64(1358), np.int64(1476), np.int64(1375), np.int64(1493))",29,17
3,140.5,1539.5,4.0,49457.50539725165,583.167724609375,"(np.int64(1539), np.int64(140), np.int64(1541), np.int64(142))",53,106
3,1749.0,1771.0,1.0,12364.376349312912,583.167724609375,"(np.int64(1771), np.int64(1749), np.int64(1772), np.int64(1750))",41,10
3,1142.0,1883.0,1.0,12364.376349312912,583.167724609375,"(np.int64(1883), np.int64(1142), np.int64(1884), np.int64(1143))",44,6
3,1334.0,1942.5,2.0,24728.752698625824,583.167724609375,"(np.int64(1942), np.int64(1333), np.int64(1944), np.int64(1336))",56,6
4,1097.0,251.0,1.0,12364.376349312912,583.14453125,"(np.int64(251), np.int64(1097), np.int64(252), np.int64(1098))",63,2
4,1121.0,272.0,1.0,12364.376349312912,583.14453125,"(np.int64(272), np.int64(1121), np.int64(273), np.int64(1122))",46,5
4,761.7460317460317,540.4444444444445,63.0,778955.7100067134,2419.9619140625,"(np.int64(536), np.int64(755), np.int64(544), np.int64(772))",7,21
4,816.0,765.5,2.0,24728.752698625824,703.951904296875,"(np.int64(765), np.int64(816), np.int64(767), np.int64(817))",65,6
4,438.0,825.5,4.0,49457.50539725165,612.246826171875,"(np.int64(825), np.int64(437), np.int64(827), np.int64(440))",15,86
4,975.8,869.9,10.0,123643.76349312911,703.951904296875,"(np.int64(869), np.int64(974), np.int64(872), np.int64(978))",49,24
4,1042.5,982.0,8.0,98915.0107945033,768.75341796875,"(np.int64(980), np.int64(1042), np.int64(985), np.int64(1044))",18,9
4,1045.5,1045.0,2.0,24728.752698625824,642.12548828125,"(np.int64(1045), np.int64(1045), np.int64(1046), np.int64(1047))",66,14
4,1057.5,1045.6,10.0,123643.76349312911,768.75341796875,"(np.int64(1045), np.int64(1054), np.int64(1048), np.int64(1061))",66,14
4,916.4,1118.35,7.0,86550.63444519037,871.064697265625,"(np.int64(1117), np.int64(915), np.int64(1121), np.int64(920))",20,50
4,976.3333333333334,1148.5,6.0,74186.25809587748,736.029296875,"(np.int64(1146), np.int64(976), np.int64(1152), np.int64(978))",23,8
4,1654.8947368421052,1204.0,19.0,234923.15063694533,1017.61181640625,"(np.int64(1201), np.int64(1651), np.int64(1207), np.int64(1660))",24,26
4,1490.3061224489795,1368.0,49.0,605854.4411163327,736.029296875,"(np.int64(1363), np.int64(1487), np.int64(1375), np.int64(1494))",29,17
4,835.0,1369.0,1.0,12364.376349312912,583.14453125,"(np.int64(1369), np.int64(835), np.int64(1370), np.int64(836))",59,4
4,139.5,1540.5,10.0,123643.76349312911,736.029296875,"(np.int64(1539), np.int64(138), np.int64(1543), np.int64(142))",53,106
4,1344.0,1946.0,1.0,12364.376349312912,583.14453125,"(np.int64(1946), np.int64(1344), np.int64(1947), np.int64(1345))",67,2
5,760.9512195121952,538.609756097561,41.0,506939.4303218294,1017.599853515625,"(np.int64(533), np.int64(753), np.int64(543), np.int64(771))",7,21
5,527.0,534.0,1.0,12364.376349312912,703.95751953125,"(np.int64(534), np.int64(527), np.int64(535), np.int64(528))",70,3
5,447.23333333333335,825.9333333333334,8.0,98915.0107945033,642.07666015625,"(np.int64(824), np.int64(440), np.int64(830), np.int64(454))",15,86
5,975.6153846153846,868.6923076923077,13.0,160736.89254106785,736.028076171875,"(np.int64(867), np.int64(974), np.int64(872), np.int64(978))",49,24
5,1042.0,982.0,3.0,37093.12904793874,672.734619140625,"(np.int64(981), np.int64(1042), np.int64(984), np.int64(1043))",18,9
5,1052.9583333333335,1044.4166666666665,18.0,222558.77428763243,979.878173828125,"(np.int64(1044), np.int64(1046), np.int64(1047), np.int64(1060))",66,14
5,916.3,1116.8,10.0,123643.76349312911,871.09228515625,"(np.int64(1115), np.int64(915), np.int64(1120), np.int64(919))",20,50
5,976.0,1147.1818181818182,11.0,136008.13984244203,1056.028076171875,"(np.int64(1145), np.int64(975), np.int64(1151), np.int64(978))",23,8
5,1654.8333333333333,1203.5555555555557,18.0,222558.7742876324,943.00390625,"(np.int64(1200), np.int64(1651), np.int64(1207), np.int64(1659))",24,26
5,1488.3111111111111,1360.5481481481481,47.0,581125.6884177069,802.1474609375,"(np.int64(1356), np.int64(1486), np.int64(1373), np.int64(1494))",29,17
5,836.0,1372.0,1.0,12364.376349312912,612.2666015625,"(np.int64(1372), np.int64(836), np.int64(1373), np.int64(837))",59,4
5,137.875,1542.25,8.0,98915.0107945033,768.6640625,"(np.int64(1541), np.int64(137), np.int64(1545), np.int64(140))",53,106
5,176.0,1575.0,1.0,12364.376349312912,612.2666015625,"(np.int64(1575), np.int64(176), np.int64(1576), np.int64(177))",73,9
5,1137.0,1883.0,1.0,12364.376349312912,583.162841796875,"(np.int64(1883), np.int64(1137), np.int64(1884), np.int64(1138))",44,6
5,1333.0,1947.0,1.0,12364.376349312912,583.162841796875,"(np.int64(1947), np.int64(1333), np.int64(1948), np.int64(1334))",56,6
6,1103.0,263.0,1.0,12364.376349312912,583.177734375,"(np.int64(263), np.int64(1103), np.int64(264), np.int64(1104))",46,5
6,757.9368421052632,535.628947368421,26.0,321473.7850821357,1017.66796875,"(np.int64(531), np.int64(753), np.int64(543), np.int64(770))",7,21
6,952.0,760.0,1.0,12364.376349312912,583.177734375,"(np.int64(760), np.int64(952), np.int64(761), np.int64(953))",74,4
6,439.7692307692308,823.0769230769231,13.0,160736.89254106785,642.07373046875,"(np.int64(821), np.int64(437), np.int64(826), np.int64(443))",15,86
6,449.75,826.25,4.0,49457.50539725165,612.2451171875,"(np.int64(823), np.int64(448), np.int64(830), np.int64(452))",15,86
6,975.1666666666666,868.6666666666666,6.0,74186.25809587748,612.2451171875,"(np.int64(868), np.int64(974), np.int64(871), np.int64(977))",49,24
6,1050.5555555555557,1043.8055555555557,19.0,234923.15063694533,871.11328125,"(np.int64(1043), np.int64(1044), np.int64(1046), np.int64(1059))",66,14
6,916.8333333333334,1117.9166666666667,12.0,148372.51619175496,1479.0947265625,"(np.int64(1116), np.int64(915), np.int64(1121), np.int64(920))",20,50
6,975.0,1146.4615384615386,13.0,160736.89254106785,1135.0029296875,"(np.int64(1145), np.int64(973), np.int64(1150), np.int64(977))",23,8
6,1657.0,1205.0,1.0,12364.376349312912,583.177734375,"(np.int64(1205), np.int64(1657), np.int64(1206), np.int64(1658))",24,26
6,1490.4328358208954,1364.0597014925372,67.0,828413.2154039651,802.1728515625,"(np.int64(1356), np.int64(1488), np.int64(1372), np.int64(1494))",29,17
6,156.0,1519.0,3.0,37093.12904793874,612.2451171875,"(np.int64(1519), np.int64(155), np.int64(1520), np.int64(158))",53,106
6,175.0,1575.5,2.0,24728.752698625824,642.07373046875,"(np.int64(1575), np.int64(175), np.int64(1577), np.int64(176))",73,9
6,1716.5,1869.6666666666665,4.0,49457.50539725165,768.6923828125,"(np.int64(1868), np.int64(1713), np.int64(1872), np.int64(1722))",78,18
6,1145.0,1885.0,1.0,12364.376349312912,583.177734375,"(np.int64(1885), np.int64(1145), np.int64(1886), np.int64(1146))",44,6
7,760.5666666666667,538.3333333333334,60.0,741862.5809587747,3242.619140625,"(np.int64(530), np.int64(749), np.int64(545), np.int64(771))",7,21
7,1281.0,634.5,4.0,49457.50539725165,736.026611328125,"(np.int64(634), np.int64(1280), np.int64(636), np.int64(1283))",79,2
7,69.64285714285714,747.6785714285714,9.0,111279.38714381622,612.302001953125,"(np.int64(746), np.int64(67), np.int64(751), np.int64(72))",80,42
7,440.0357142857143,824.2678571428571,40.0,494575.05397251644,672.6796875,"(np.int64(820), np.int64(435), np.int64(831), np.int64(449))",15,86
7,974.3333333333334,868.6666666666666,6.0,74186.25809587748,642.13720703125,"(np.int64(868), np.int64(973), np.int64(871), np.int64(976))",49,24
7,1910.0,1015.0,1.0,12364.376349312912,583.173583984375,"(np.int64(1015), np.int64(1910), np.int64(1016), np.int64(1911))",81,2
7,1051.3333333333333,1044.904761904762,21.0,259651.90333557114,642.13720703125,"(np.int64(1044), np.int64(1043), np.int64(1047), np.int64(1058))",66,14
7,916.2727272727273,1118.909090909091,11.0,136008.13984244203,1479.08203125,"(np.int64(1117), np.int64(915), np.int64(1122), np.int64(919))",20,50
7,975.2222222222222,1147.5555555555557,9.0,111279.3871438162,768.68994140625,"(np.int64(1146), np.int64(974), np.int64(1151), np.int64(977))",23,8
7,1487.05078125,1357.78515625,68.0,840777.591753278,768.68994140625,"(np.int64(1351), np.int64(1485), np.int64(1372), np.int64(1494))",29,17
7,830.0,1365.0,1.0,12364.376349312912,583.173583984375,"(np.int64(1365), np.int64(830), np.int64(1366), np.int64(831))",59,4
7,133.0,1545.25,4.0,49457.50539725165,642.13720703125,"(np.int64(1545), np.int64(132), np.int64(1547), np.int64(135))",53,106
7,174.33333333333334,1576.0,3.0,37093.12904793874,672.6796875,"(np.int64(1575), np.int64(174), np.int64(1578), np.int64(176))",73,9
7,1046.0,1729.0,1.0,12364.376349312912,612.302001953125,"(np.int64(1729), np.int64(1046), np.int64(1730), np.int64(1047))",82,64
7,1716.5846153846155,1870.2769230769231,18.0,222558.7742876324,768.68994140625,"(np.int64(1868), np.int64(1712), np.int64(1873), np.int64(1724))",78,18
7,1334.0,1934.0,1.0,12364.376349312912,583.173583984375,"(np.int64(1934), np.int64(1334), np.int64(1935), np.int64(1335))",56,6
8,1107.0,251.0,1.0,12364.376349312912,583.14892578125,"(np.int64(251), np.int64(1107), np.int64(252), np.int64(1108))",63,2
8,738.0,529.0,3.0,37093.12904793874,802.133544921875,"(np.int64(529), np.int64(737), np.int64(530), np.int64(740))",85,4
8,763.0144927536232,539.6811594202899,69.0,853141.9681025909,5599.9892578125,"(np.int64(531), np.int64(752), np.int64(546), np.int64(773))",7,21
8,68.5,748.5,8.0,98915.0107945033,612.2880859375,"(np.int64(747), np.int64(66), np.int64(751), np.int64(72))",80,42
8,443.9375,826.3854166666667,56.0,692405.0755615231,612.2880859375,"(np.int64(820), np.int64(438), np.int64(831), np.int64(449))",15,86
8,974.0,868.0,3.0,37093.12904793874,642.183837890625,"(np.int64(867), np.int64(974), np.int64(870), np.int64(975))",49,24
8,1043.1818181818182,1045.090909090909,11.0,136008.13984244203,736.034423828125,"(np.int64(1044), np.int64(1040), np.int64(1047), np.int64(1047))",66,14
8,1054.0526315789473,1044.3684210526317,19.0,234923.15063694533,768.70556640625,"(np.int64(1044), np.int64(1048), np.int64(1046), np.int64(1060))",66,14
8,916.25,1118.25,4.0,49457.50539725165,836.318359375,"(np.int64(1117), np.int64(916), np.int64(1120), np.int64(918))",20,50
8,977.3333333333334,1149.8333333333333,6.0,74186.25809587748,768.70556640625,"(np.int64(1148), np.int64(977), np.int64(1152), np.int64(979))",23,8
8,1653.3125,1189.3125,9.0,111279.3871438162,802.133544921875,"(np.int64(1186), np.int64(1650), np.int64(1192), np.int64(1656))",24,26
8,1656.3333333333333,1204.8333333333333,6.0,74186.25809587748,612.2880859375,"(np.int64(1204), np.int64(1655), np.int64(1207), np.int64(1658))",24,26
8,1489.0,1349.0,1.0,12364.376349312912,583.14892578125,"(np.int64(1349), np.int64(1489), np.int64(1350), np.int64(1490))",29,17
8,1490.128205128205,1361.6923076923076,78.0,964421.3552464071,802.133544921875,"(np.int64(1352), np.int64(1482), np.int64(1371), np.int64(1495))",29,17
8,1991.0,1533.0,1.0,12364.376349312912,583.14892578125,"(np.int64(1533), np.int64(1991), np.int64(1534), np.int64(1992))",87,6
8,147.0,1539.0,1.0,12364.376349312912,612.2880859375,"(np.int64(1539), np.int64(147), np.int64(1540), np.int64(148))",53,106
8,133.0,1546.0,1.0,12364.376349312912,612.2880859375,"(np.int64(1546), np.int64(133), np.int64(1547), np.int64(134))",53,106
8,174.0,1574.0,3.0,37093.12904793874,583.14892578125,"(np.int64(1573), np.int64(174), np.int64(1576), np.int64(175))",73,9
8,859.0,1708.0,1.0,12364.376349312912,583.14892578125,"(np.int64(1708), np.int64(859), np.int64(1709), np.int64(860))",89,127
8,1533.0,1798.0,1.0,12364.376349312912,583.14892578125,"(np.int64(1798), np.int64(1533), np.int64(1799), np.int64(1534))",42,9
8,1717.5625,1870.5,16.0,197830.0215890066,736.034423828125,"(np.int64(1869), np.int64(1715), np.int64(1873), np.int64(1722))",78,18
8,1145.0,1886.0,1.0,12364.376349312912,583.14892578125,"(np.int64(1886), np.int64(1145), np.int64(1887), np.int64(1146))",44,6
9,738.5,529.0,2.0,24728.752698625824,583.09033203125,"(np.int64(529), np.int64(738), np.int64(530), np.int64(740))",85,4
9,753.75,532.0,8.0,98915.0107945033,736.03125,"(np.int64(530), np.int64(751), np.int64(535), np.int64(757))",7,21
9,764.6511627906976,541.4883720930233,43.0,531668.1830204552,3662.88818359375,"(np.int64(536), np.int64(758), np.int64(546), np.int64(772))",7,21
9,72.0,747.0,4.0,49457.50539725165,583.09033203125,"(np.int64(746), np.int64(70), np.int64(749), np.int64(74))",80,42
9,443.089552238806,824.3731343283582,67.0,828413.2154039651,703.97265625,"(np.int64(820), np.int64(436), np.int64(831), np.int64(451))",15,86
9,1050.7619047619048,1044.4761904761906,9.0,111279.3871438162,703.97265625,"(np.int64(1044), np.int64(1045), np.int64(1046), np.int64(1058))",66,14
9,916.0,1118.0,1.0,12364.376349312912,703.97265625,"(np.int64(1118), np.int64(916), np.int64(1119), np.int64(917))",20,50
9,978.0,1151.5,6.0,74186.25809587748,642.10986328125,"(np.int64(1149), np.int64(978), np.int64(1155), np.int64(979))",23,8
9,1654.75,1192.5,3.0,37093.12904793874,612.30615234375,"(np.int64(1189), np.int64(1653), np.int64(1197), np.int64(1658))",24,26
9,684.0,1207.0,1.0,12364.376349312912,583.09033203125,"(np.int64(1207), np.int64(684), np.int64(1208), np.int64(685))",62,10
9,1487.375,1357.815,58.0,717133.8282601489,672.697998046875,"(np.int64(1351), np.int64(1483), np.int64(1369), np.int64(1494))",29,17
9,725.0,1504.0,3.0,37093.12904793874,612.30615234375,"(np.int64(1504), np.int64(724), np.int64(1505), np.int64(727))",52,3
9,106.5,1544.0,2.0,24728.752698625824,612.30615234375,"(np.int64(1544), np.int64(106), np.int64(1545), np.int64(108))",92,21
9,173.0,1577.0,1.0,12364.376349312912,583.09033203125,"(np.int64(1577), np.int64(173), np.int64(1578), np.int64(174))",73,9
9,858.0,1707.0,1.0,12364.376349312912,583.09033203125,"(np.int64(1707), np.int64(858), np.int64(1708), np.int64(859))",89,127
9,872.1666666666667,1737.0,4.0,49457.50539725165,642.10986328125,"(np.int64(1735), np.int64(871), np.int64(1741), np.int64(874))",89,127
9,1525.25,1796.0,3.0,37093.12904793874,583.09033203125,"(np.int64(1794), np.int64(1523), np.int64(1799), np.int64(1528))",42,9
9,1719.25,1870.25,3.0,37093.12904793874,642.10986328125,"(np.int64(1870), np.int64(1718), np.int64(1872), np.int64(1722))",78,18
9,1141.0,1886.0,1.0,12364.376349312912,583.09033203125,"(np.int64(1886), np.int64(1141), np.int64(1887), np.int64(1142))",44,6
10,737.0,529.0,1.0,12364.376349312912,583.1026611328125,"(np.int64(529), np.int64(737), np.int64(530), np.int64(738))",85,4
10,750.4,530.8,5.0,61821.881746564555,612.2802734375,"(np.int64(530), np.int64(749), np.int64(533), np.int64(753))",7,21
10,764.4782608695652,543.6521739130435,23.0,284380.65603419696,1344.6864013671875,"(np.int64(541), np.int64(761), np.int64(547), np.int64(769))",7,21
10,68.97619047619048,747.3333333333333,10.0,123643.76349312912,612.2802734375,"(np.int64(745), np.int64(66), np.int64(751), np.int64(72))",80,42
10,441.1095890410959,824.6438356164383,73.0,902599.4734998426,672.7244873046875,"(np.int64(819), np.int64(435), np.int64(833), np.int64(449))",15,86
10,1920.0,1011.0,1.0,12364.376349312912,583.1026611328125,"(np.int64(1011), np.int64(1920), np.int64(1012), np.int64(1921))",95,2
10,954.0,1018.0,1.0,12364.376349312912,583.1026611328125,"(np.int64(1018), np.int64(954), np.int64(1019), np.int64(955))",96,4
10,915.3333333333334,1119.3333333333333,6.0,74186.25809587748,979.93212890625,"(np.int64(1117), np.int64(914), np.int64(1122), np.int64(918))",20,50
10,1653.909090909091,1193.318181818182,12.0,148372.51619175496,802.1033935546875,"(np.int64(1189), np.int64(1650), np.int64(1197), np.int64(1656))",24,26
10,1395.888888888889,1299.888888888889,9.0,111279.3871438162,703.9910888671875,"(np.int64(1298), np.int64(1393), np.int64(1303), np.int64(1399))",97,63
10,1489.2142857142858,1355.8333333333333,24.0,296745.0323835099,642.1317138671875,"(np.int64(1350), np.int64(1488), np.int64(1367), np.int64(1492))",29,17
10,172.66666666666666,1576.0,3.0,37093.12904793874,583.1026611328125,"(np.int64(1575), np.int64(172), np.int64(1578), np.int64(174))",73,9
10,1655.25,1619.75,3.0,37093.12904793874,583.1026611328125,"(np.int64(1618), np.int64(1654), np.int64(1622), np.int64(1657))",98,3
10,867.5,1737.5,4.0,49457.50539725165,612.2802734375,"(np.int64(1734), np.int64(866), np.int64(1742), np.int64(870))",89,127
10,1522.0,1794.25,3.0,37093.12904793874,583.1026611328125,"(np.int64(1792), np.int64(1521), np.int64(1797), np.int64(1524))",42,9
10,1718.3333333333333,1871.3333333333333,3.0,37093.12904793874,642.1317138671875,"(np.int64(1871), np.int64(1718), np.int64(1873), np.int64(1720))",78,18
10,1336.0,1934.0,1.0,12364.376349312912,583.1026611328125,"(np.int64(1934), np.int64(1336), np.int64(1935), np.int64(1337))",56,6
11,1824.0,278.0,1.0,12364.376349312912,583.1341552734375,"(np.int64(278), np.int64(1824), np.int64(279), np.int64(1825))",99,17
11,750.8333333333334,530.3333333333334,6.0,74186.25809587748,836.2637939453125,"(np.int64(530), np.int64(749), np.int64(532), np.int64(753))",7,21
11,763.3333333333334,541.6666666666666,3.0,37093.12904793874,642.1531982421875,"(np.int64(541), np.int64(763), np.int64(543), np.int64(765))",7,21
11,1832.0,691.0,1.0,12364.376349312912,583.1341552734375,"(np.int64(691), np.int64(1832), np.int64(692), np.int64(1833))",101,2
11,67.33333333333333,747.3333333333334,3.0,37093.12904793874,583.1341552734375,"(np.int64(747), np.int64(67), np.int64(749), np.int64(69))",80,42
11,1166.0,808.0,1.0,12364.376349312912,583.1341552734375,"(np.int64(808), np.int64(1166), np.int64(809), np.int64(1167))",48,11
11,441.29333333333335,822.9866666666667,76.0,939692.6025477813,672.6937255859375,"(np.int64(818), np.int64(435), np.int64(830), np.int64(449))",15,86
11,953.0,1017.0,1.0,12364.376349312912,583.1341552734375,"(np.int64(1017), np.int64(953), np.int64(1018), np.int64(954))",96,4
11,1049.0,1044.0,1.0,12364.376349312912,612.2813720703125,"(np.int64(1044), np.int64(1049), np.int64(1045), np.int64(1050))",66,14
11,914.6842105263158,1117.578947368421,19.0,234923.15063694533,1668.2698974609375,"(np.int64(1113), np.int64(913), np.int64(1122), np.int64(918))",20,50
11,1656.125,1194.125,9.0,111279.3871438162,802.156494140625,"(np.int64(1189), np.int64(1653), np.int64(1199), np.int64(1659))",24,26
11,1440.0,1293.6666666666667,3.0,37093.12904793874,583.1341552734375,"(np.int64(1293), np.int64(1439), np.int64(1295), np.int64(1442))",102,60
11,1394.8,1298.8,5.0,61821.881746564555,704.014404296875,"(np.int64(1298), np.int64(1394), np.int64(1301), np.int64(1397))",97,63
11,1490.318181818182,1358.9545454545455,12.0,148372.51619175496,612.2813720703125,"(np.int64(1355), np.int64(1490), np.int64(1367), np.int64(1492))",29,17
11,1653.5,1620.25,3.0,37093.12904793874,583.1341552734375,"(np.int64(1617), np.int64(1652), np.int64(1624), np.int64(1656))",98,3
11,869.4347826086956,1739.0,23.0,284380.65603419696,736.00390625,"(np.int64(1733), np.int64(867), np.int64(1746), np.int64(872))",89,127
11,1535.0,1799.5,2.0,24728.752698625824,583.1341552734375,"(np.int64(1799), np.int64(1535), np.int64(1801), np.int64(1536))",42,9
11,377.0,1842.0,1.0,12364.376349312912,583.1341552734375,"(np.int64(1842), np.int64(377), np.int64(1843), np.int64(378))",60,51
12,1145.0,527.5,2.0,24728.752698625824,612.281494140625,"(np.int64(527), np.int64(1145), np.int64(529), np.int64(1146))",104,15
12,751.5,530.75,8.0,98915.0107945033,1017.60595703125,"(np.int64(530), np.int64(750), np.int64(533), np.int64(754))",7,21
12,764.0,542.25,4.0,49457.50539725165,642.13623046875,"(np.int64(541), np.int64(763), np.int64(544), np.int64(766))",7,21
12,817.0,759.5,6.0,74186.25809587748,736.019287109375,"(np.int64(759), np.int64(816), np.int64(761), np.int64(819))",65,6
12,440.2105263157895,820.2697368421052,77.0,952056.9788970943,642.13623046875,"(np.int64(817), np.int64(436), np.int64(830), np.int64(450))",15,86
12,954.0,1019.0,1.0,12364.376349312912,583.1151123046875,"(np.int64(1019), np.int64(954), np.int64(1020), np.int64(955))",96,4
12,1605.0,1079.0,1.0,12364.376349312912,583.1151123046875,"(np.int64(1079), np.int64(1605), np.int64(1080), np.int64(1606))",108,5
12,914.5263157894736,1116.9473684210527,19.0,234923.15063694533,2190.95654296875,"(np.int64(1114), np.int64(913), np.int64(1120), np.int64(918))",20,50
12,630.3333333333334,1144.6666666666667,9.0,111279.3871438162,612.281494140625,"(np.int64(1144), np.int64(627), np.int64(1146), np.int64(635))",109,24
12,1657.0,1206.0,1.0,12364.376349312912,583.1151123046875,"(np.int64(1206), np.int64(1657), np.int64(1207), np.int64(1658))",24,26
12,1440.5,1294.0,2.0,24728.752698625824,583.1151123046875,"(np.int64(1294), np.int64(1440), np.int64(1295), np.int64(1442))",102,60
12,1397.3333333333335,1297.3333333333335,4.0,49457.50539725165,703.973876953125,"(np.int64(1296), np.int64(1395), np.int64(1300), np.int64(1400))",97,63
12,1455.0,1348.0,1.0,12364.376349312912,583.1151123046875,"(np.int64(1348), np.int64(1455), np.int64(1349), np.int64(1456))",28,17
12,870.8333333333334,1738.1666666666667,12.0,148372.51619175496,672.7421875,"(np.int64(1734), np.int64(869), np.int64(1742), np.int64(873))",89,127
13,693.0,273.0,1.0,12364.376349312912,612.29638671875,"(np.int64(273), np.int64(693), np.int64(274), np.int64(694))",113,2
13,1147.5,531.5,4.0,49457.50539725165,704.0079345703125,"(np.int64(530), np.int64(1147), np.int64(535), np.int64(1149))",104,15
13,1896.0,530.0,1.0,12364.376349312912,583.1182861328125,"(np.int64(530), np.int64(1896), np.int64(531), np.int64(1897))",115,70
13,760.0,537.1666666666666,8.0,98915.0107945033,768.691162109375,"(np.int64(531), np.int64(752), np.int64(545), np.int64(769))",7,21
13,526.4166666666667,535.6666666666667,13.0,160736.89254106785,942.96142578125,"(np.int64(534), np.int64(523), np.int64(540), np.int64(531))",70,3
13,1841.0,689.0,1.0,12364.376349312912,583.1182861328125,"(np.int64(689), np.int64(1841), np.int64(690), np.int64(1842))",101,2
13,1833.0,699.0,1.0,12364.376349312912,583.1182861328125,"(np.int64(699), np.int64(1833), np.int64(700), np.int64(1834))",101,2
13,68.0,751.0,1.0,12364.376349312912,612.29638671875,"(np.int64(751), np.int64(68), np.int64(752), np.int64(69))",80,42
13,817.25,761.7272727272727,15.0,185465.6452396937,1017.5960693359375,"(np.int64(758), np.int64(815), np.int64(766), np.int64(822))",65,6
13,956.0,767.0,1.0,12364.376349312912,583.1182861328125,"(np.int64(767), np.int64(956), np.int64(768), np.int64(957))",74,4
13,444.61706349206344,823.9484126984127,54.0,667676.3228628973,704.0079345703125,"(np.int64(819), np.int64(438), np.int64(831), np.int64(453))",15,86
13,1606.0,1082.5,2.0,24728.752698625824,672.7412109375,"(np.int64(1082), np.int64(1606), np.int64(1084), np.int64(1607))",108,5
13,916.5,1118.0,12.0,148372.51619175496,2135.45654296875,"(np.int64(1115), np.int64(915), np.int64(1121), np.int64(919))",20,50
13,628.4230769230769,1144.7692307692307,14.0,173101.26889038077,768.691162109375,"(np.int64(1144), np.int64(625), np.int64(1147), np.int64(637))",109,24
13,1724.0,1169.0,1.0,12364.376349312912,583.1182861328125,"(np.int64(1169), np.int64(1724), np.int64(1170), np.int64(1725))",116,2
13,1656.8,1207.2,5.0,61821.881746564555,672.7412109375,"(np.int64(1207), np.int64(1655), np.int64(1209), np.int64(1659))",24,26
13,1398.0,1299.0,1.0,12364.376349312912,583.1182861328125,"(np.int64(1299), np.int64(1398), np.int64(1300), np.int64(1399))",97,63
13,1456.0,1348.0,1.0,12364.376349312912,583.1182861328125,"(np.int64(1348), np.int64(1456), np.int64(1349), np.int64(1457))",28,17
13,1659.0,1621.0,1.0,12364.376349312912,612.29638671875,"(np.int64(1621), np.int64(1659), np.int64(1622), np.int64(1660))",98,3
13,875.0,1729.0,1.0,12364.376349312912,583.1182861328125,"(np.int64(1729), np.int64(875), np.int64(1730), np.int64(876))",89,127
13,1046.0,1729.0,1.0,12364.376349312912,583.1182861328125,"(np.int64(1729), np.int64(1046), np.int64(1730), np.int64(1047))",82,64
13,375.0,1836.0,1.0,12364.376349312912,583.1182861328125,"(np.int64(1836), np.int64(375), np.int64(1837), np.int64(376))",60,51
14,1826.0,279.0,1.0,12364.376349312912,583.1480712890625,"(np.int64(279), np.int64(1826), np.int64(280), np.int64(1827))",99,17
14,1147.0,530.0,1.0,12364.376349312912,583.1480712890625,"(np.int64(530), np.int64(1147), np.int64(531), np.int64(1148))",104,15
14,754.0,531.0,1.0,12364.376349312912,583.1480712890625,"(np.int64(531), np.int64(754), np.int64(532), np.int64(755))",7,21
14,526.4166666666667,535.0833333333333,15.0,185465.6452396937,768.70849609375,"(np.int64(533), np.int64(523), np.int64(541), np.int64(531))",70,3
14,767.5,544.0,2.0,24728.752698625824,583.1480712890625,"(np.int64(544), np.int64(767), np.int64(545), np.int64(769))",7,21
14,818.6153846153846,758.2307692307693,13.0,160736.89254106785,1017.615234375,"(np.int64(757), np.int64(817), np.int64(761), np.int64(821))",65,6
14,461.0,816.0,1.0,12364.376349312912,583.1480712890625,"(np.int64(816), np.int64(461), np.int64(817), np.int64(462))",15,86
14,445.30634920634924,824.4873015873017,57.0,704769.4519108359,672.72900390625,"(np.int64(820), np.int64(437), np.int64(830), np.int64(453))",15,86
14,445.0,840.0,1.0,12364.376349312912,583.1480712890625,"(np.int64(840), np.int64(445), np.int64(841), np.int64(446))",15,86
14,1043.6666666666667,977.6666666666666,3.0,37093.12904793874,642.0955810546875,"(np.int64(977), np.int64(1043), np.int64(979), np.int64(1045))",18,9
14,1605.3333333333333,1082.0,3.0,37093.12904793874,642.0955810546875,"(np.int64(1081), np.int64(1605), np.int64(1084), np.int64(1607))",108,5
14,916.0,1117.5,10.0,123643.76349312911,2080.748046875,"(np.int64(1116), np.int64(915), np.int64(1120), np.int64(918))",20,50
14,631.3636363636364,1144.8181818181818,22.0,272016.27968488407,1017.615234375,"(np.int64(1143), np.int64(625), np.int64(1147), np.int64(638))",109,24
14,1657.4,1206.0,5.0,61821.881746564555,672.72900390625,"(np.int64(1205), np.int64(1656), np.int64(1208), np.int64(1659))",24,26
14,87.0,1442.0,1.0,12364.376349312912,583.1480712890625,"(np.int64(1442), np.int64(87), np.int64(1443), np.int64(88))",34,2
14,219.0,1540.5,2.0,24728.752698625824,704.0023193359375,"(np.int64(1540), np.int64(219), np.int64(1542), np.int64(220))",119,4
14,1990.0,1687.5,2.0,24728.752698625824,583.1480712890625,"(np.int64(1687), np.int64(1990), np.int64(1689), np.int64(1991))",120,27
14,367.5,1702.5,8.0,98915.0107945033,768.70849609375,"(np.int64(1700), np.int64(367), np.int64(1706), np.int64(369))",121,3
15,1886.0,515.0,1.0,12364.376349312912,583.078369140625,"(np.int64(515), np.int64(1886), np.int64(516), np.int64(1887))",115,70
15,1145.25,529.5,3.0,37093.12904793874,583.078369140625,"(np.int64(528), np.int64(1144), np.int64(532), np.int64(1147))",104,15
15,817.8181818181819,757.1818181818181,11.0,136008.13984244203,672.6854248046875,"(np.int64(756), np.int64(816), np.int64(760), np.int64(821))",65,6
15,458.0,815.0,3.0,37093.12904793874,583.078369140625,"(np.int64(815), np.int64(457), np.int64(816), np.int64(460))",15,86
15,443.80185185185184,826.2351851851852,59.0,729498.2046094618,672.6854248046875,"(np.int64(818), np.int64(436), np.int64(838), np.int64(452))",15,86
15,179.0,1078.8333333333335,4.0,49457.50539725165,612.231689453125,"(np.int64(1077), np.int64(177), np.int64(1081), np.int64(181))",123,6
15,1603.8,1080.6,5.0,61821.881746564555,642.128173828125,"(np.int64(1079), np.int64(1603), np.int64(1083), np.int64(1605))",108,5
15,913.9166666666666,1116.0833333333333,12.0,148372.51619175496,1433.5609130859375,"(np.int64(1114), np.int64(913), np.int64(1119), np.int64(916))",20,50
15,631.4,1144.4,10.0,123643.76349312911,672.6854248046875,"(np.int64(1144), np.int64(628), np.int64(1146), np.int64(635))",109,24
15,1652.0,1204.0,1.0,12364.376349312912,583.078369140625,"(np.int64(1204), np.int64(1652), np.int64(1205), np.int64(1653))",24,26
15,132.0,1394.0,1.0,12364.376349312912,583.078369140625,"(np.int64(1394), np.int64(132), np.int64(1395), np.int64(133))",124,10
15,364.75,1703.8333333333333,12.0,148372.51619175496,802.0994873046875,"(np.int64(1702), np.int64(364), np.int64(1708), np.int64(367))",121,3
15,375.0,1835.0,1.0,12364.376349312912,583.078369140625,"(np.int64(1835), np.int64(375), np.int64(1836), np.int64(376))",60,51
16,1145.4117647058824,529.1764705882352,17.0,210194.3979383195,768.7255859375,"(np.int64(524), np.int64(1144), np.int64(535), np.int64(1148))",104,15
16,761.7619047619047,539.4285714285714,9.0,111279.38714381622,768.7255859375,"(np.int64(536), np.int64(759), np.int64(546), np.int64(769))",7,21
16,69.0,753.0,1.0,12364.376349312912,583.122802734375,"(np.int64(753), np.int64(69), np.int64(754), np.int64(70))",80,42
16,819.125,756.75,8.0,98915.0107945033,768.7255859375,"(np.int64(756), np.int64(817), np.int64(759), np.int64(822))",65,6
16,1166.0,808.0,1.0,12364.376349312912,583.122802734375,"(np.int64(808), np.int64(1166), np.int64(809), np.int64(1167))",48,11
16,455.0,816.0,2.0,24728.752698625824,612.280029296875,"(np.int64(815), np.int64(453), np.int64(818), np.int64(458))",15,86
16,443.20952380952383,823.9738095238095,51.0,630583.1938149584,642.14208984375,"(np.int64(819), np.int64(437), np.int64(830), np.int64(452))",15,86
16,1054.0,1044.0,1.0,12364.376349312912,583.122802734375,"(np.int64(1044), np.int64(1054), np.int64(1045), np.int64(1055))",66,14
16,177.9333333333333,1078.9666666666667,10.0,123643.76349312911,768.7255859375,"(np.int64(1078), np.int64(174), np.int64(1082), np.int64(183))",123,6
16,1603.5,1082.0,6.0,74186.25809587748,672.708984375,"(np.int64(1081), np.int64(1603), np.int64(1084), np.int64(1605))",108,5
16,914.0,1117.5,2.0,24728.752698625824,836.28955078125,"(np.int64(1117), np.int64(914), np.int64(1119), np.int64(915))",20,50
16,628.5,1144.5,4.0,49457.50539725165,583.122802734375,"(np.int64(1144), np.int64(627), np.int64(1146), np.int64(632))",109,24
16,1653.625,1205.0,6.0,74186.25809587748,583.122802734375,"(np.int64(1203), np.int64(1651), np.int64(1207), np.int64(1657))",24,26
16,1476.0666666666666,1352.3333333333333,15.0,185465.64523969367,672.708984375,"(np.int64(1351), np.int64(1474), np.int64(1355), np.int64(1479))",29,17
16,109.0,1435.75,4.0,49457.50539725165,612.280029296875,"(np.int64(1435), np.int64(108), np.int64(1437), np.int64(111))",128,52
16,143.0,1520.0,3.0,37093.12904793874,672.708984375,"(np.int64(1520), np.int64(142), np.int64(1521), np.int64(145))",53,106
16,364.92857142857144,1704.642857142857,14.0,173101.26889038077,735.95654296875,"(np.int64(1701), np.int64(364), np.int64(1709), np.int64(367))",121,3
16,1527.5,1796.9166666666665,5.0,61821.88174656456,583.122802734375,"(np.int64(1794), np.int64(1523), np.int64(1801), np.int64(1532))",42,9
16,1723.5,1868.0,2.0,24728.752698625824,672.708984375,"(np.int64(1868), np.int64(1723), np.int64(1869), np.int64(1725))",78,18
17,1145.5,531.0,6.0,74186.25809587748,736.056396484375,"(np.int64(529), np.int64(1145), np.int64(534), np.int64(1147))",104,15
17,764.8888888888889,543.5555555555555,10.0,123643.76349312911,1134.90869140625,"(np.int64(542), np.int64(763), np.int64(547), np.int64(770))",7,21
17,438.09090909090907,821.7272727272727,11.0,136008.13984244203,612.2978515625,"(np.int64(820), np.int64(437), np.int64(825), np.int64(440))",15,86
17,447.85714285714283,825.7619047619048,21.0,259651.90333557114,672.697509765625,"(np.int64(822), np.int64(445), np.int64(829), np.int64(452))",15,86
17,446.0,841.0,1.0,12364.376349312912,612.2978515625,"(np.int64(841), np.int64(446), np.int64(842), np.int64(447))",15,86
17,1053.0,1044.0,1.0,12364.376349312912,612.2978515625,"(np.int64(1044), np.int64(1053), np.int64(1045), np.int64(1054))",66,14
17,914.0,1118.0,1.0,12364.376349312912,642.161376953125,"(np.int64(1118), np.int64(914), np.int64(1119), np.int64(915))",20,50
17,1477.8,1352.5333333333333,15.0,185465.64523969367,704.040771484375,"(np.int64(1350), np.int64(1476), np.int64(1356), np.int64(1481))",29,17
17,1457.0,1351.0,1.0,12364.376349312912,612.2978515625,"(np.int64(1351), np.int64(1457), np.int64(1352), np.int64(1458))",28,17
17,106.0,1436.0,1.0,12364.376349312912,612.2978515625,"(np.int64(1436), np.int64(106), np.int64(1437), np.int64(107))",128,52
17,149.5,1520.0,2.0,24728.752698625824,612.2978515625,"(np.int64(1520), np.int64(149), np.int64(1521), np.int64(151))",53,106
17,1723.5,1868.0,2.0,24728.752698625824,642.161376953125,"(np.int64(1868), np.int64(1723), np.int64(1869), np.int64(1725))",78,18
18,1006.0,1.0,1.0,12364.376349312912,642.142822265625,"(np.int64(1), np.int64(1006), np.int64(2), np.int64(1007))",129,13
18,766.0,544.1,10.0,123643.76349312911,906.6357421875,"(np.int64(542), np.int64(764), np.int64(547), np.int64(769))",7,21
18,456.0,815.3333333333334,3.0,37093.12904793874,642.142822265625,"(np.int64(815), np.int64(455), np.int64(817), np.int64(458))",15,86
18,438.8181818181818,821.0,11.0,136008.13984244203,672.700439453125,"(np.int64(819), np.int64(437), np.int64(824), np.int64(441))",15,86
18,448.8888888888889,825.3703703703703,27.0,333838.1614314486,704.05029296875,"(np.int64(823), np.int64(446), np.int64(829), np.int64(454))",15,86
18,1538.0,830.5,2.0,24728.752698625824,642.142822265625,"(np.int64(830), np.int64(1538), np.int64(832), np.int64(1539))",130,2
18,1052.2222222222222,1042.111111111111,9.0,111279.3871438162,735.9658203125,"(np.int64(1041), np.int64(1049), np.int64(1044), np.int64(1057))",66,14
18,1458.75,1350.5,4.0,49457.50539725165,642.142822265625,"(np.int64(1349), np.int64(1458), np.int64(1353), np.int64(1460))",28,17
18,1478.9565217391305,1351.9130434782608,23.0,284380.65603419696,768.673828125,"(np.int64(1349), np.int64(1476), np.int64(1356), np.int64(1483))",29,17
18,1723.6666666666667,1866.6666666666667,3.0,37093.12904793874,735.9658203125,"(np.int64(1866), np.int64(1723), np.int64(1868), np.int64(1725))",78,18
19,2029.0,426.0,1.0,12364.376349312912,612.20361328125,"(np.int64(426), np.int64(2029), np.int64(427), np.int64(2030))",132,19
19,767.0,546.0,5.0,61821.881746564555,768.72412109375,"(np.int64(545), np.int64(766), np.int64(548), np.int64(769))",7,21
19,455.5,815.8333333333334,6.0,74186.25809587748,642.1689453125,"(np.int64(815), np.int64(454), np.int64(818), np.int64(458))",15,86
19,438.09090909090907,822.909090909091,13.0,160736.89254106788,736.0205078125,"(np.int64(819), np.int64(436), np.int64(825), np.int64(442))",15,86
19,449.17241379310343,825.551724137931,29.0,358566.91413007444,703.92578125,"(np.int64(823), np.int64(446), np.int64(829), np.int64(454))",15,86
19,1537.0,832.75,4.0,49457.50539725165,672.7431640625,"(np.int64(832), np.int64(1536), np.int64(835), np.int64(1539))",130,2
19,1051.0,1042.3636363636363,11.0,136008.13984244203,703.92578125,"(np.int64(1042), np.int64(1046), np.int64(1044), np.int64(1057))",66,14
19,915.0,1117.5,2.0,24728.752698625824,736.0205078125,"(np.int64(1117), np.int64(915), np.int64(1119), np.int64(916))",20,50
19,623.0,1125.0,1.0,12364.376349312912,612.20361328125,"(np.int64(1125), np.int64(623), np.int64(1126), np.int64(624))",21,5
19,623.0,1144.0,1.0,12364.376349312912,612.20361328125,"(np.int64(1144), np.int64(623), np.int64(1145), np.int64(624))",109,24
19,1478.6,1351.6666666666667,15.0,185465.64523969367,768.72412109375,"(np.int64(1349), np.int64(1477), np.int64(1355), np.int64(1481))",29,17
19,1459.6666666666667,1354.0,6.0,74186.25809587748,642.1689453125,"(np.int64(1352), np.int64(1458), np.int64(1357), np.int64(1462))",28,17
19,174.0,1500.5,2.0,24728.752698625824,612.20361328125,"(np.int64(1500), np.int64(174), np.int64(1502), np.int64(175))",53,106
19,1988.8,1690.6,5.0,61821.881746564555,802.1884765625,"(np.int64(1690), np.int64(1988), np.int64(1692), np.int64(1991))",120,27
19,1723.2777777777778,1867.7222222222222,18.0,222558.7742876324,836.2607421875,"(np.int64(1866), np.int64(1718), np.int64(1870), np.int64(1729))",78,18
20,1007.0,6.0,1.0,12364.376349312912,612.22265625,"(np.int64(6), np.int64(1007), np.int64(7), np.int64(1008))",129,13
20,768.0,547.0,1.0,12364.376349312912,612.22265625,"(np.int64(547), np.int64(768), np.int64(548), np.int64(769))",7,21
20,68.0,752.0,1.0,12364.376349312912,612.22265625,"(np.int64(752), np.int64(68), np.int64(753), np.int64(69))",80,42
20,458.25,816.5,12.0,148372.51619175496,672.697265625,"(np.int64(815), np.int64(455), np.int64(818), np.int64(462))",15,86
20,445.45668859649123,824.3245614035087,53.0,655311.9465135842,735.95458984375,"(np.int64(819), np.int64(438), np.int64(829), np.int64(456))",15,86
20,917.0,1116.5,2.0,24728.752698625824,672.697265625,"(np.int64(1116), np.int64(917), np.int64(1118), np.int64(918))",20,50
20,623.0,1143.0,1.0,12364.376349312912,612.22265625,"(np.int64(1143), np.int64(623), np.int64(1144), np.int64(624))",109,24
20,1460.0,1353.0,2.0,24728.752698625824,612.22265625,"(np.int64(1352), np.int64(1459), np.int64(1355), np.int64(1462))",28,17
20,142.8,1391.9,10.0,123643.76349312911,703.951416015625,"(np.int64(1390), np.int64(141), np.int64(1395), np.int64(146))",124,10
20,174.4848484848485,1502.590909090909,14.0,173101.26889038077,735.95458984375,"(np.int64(1498), np.int64(171), np.int64(1510), np.int64(178))",53,106
20,1990.0,1689.125,6.0,74186.25809587748,802.10205078125,"(np.int64(1687), np.int64(1989), np.int64(1692), np.int64(1993))",120,27
20,1522.75,1793.75,5.0,61821.881746564555,642.08544921875,"(np.int64(1792), np.int64(1521), np.int64(1797), np.int64(1526))",42,9
20,1725.6190476190477,1868.142857142857,21.0,259651.90333557114,836.24609375,"(np.int64(1867), np.int64(1720), np.int64(1871), np.int64(1732))",78,18
21,1875.0,452.0,1.0,12364.376349312912,583.143798828125,"(np.int64(452), np.int64(1875), np.int64(453), np.int64(1876))",134,8
21,1144.0,531.5,2.0,24728.752698625824,583.143798828125,"(np.int64(531), np.int64(1144), np.int64(533), np.int64(1145))",104,15
21,463.02272727272725,815.1818181818182,24.0,296745.0323835099,672.67822265625,"(np.int64(813), np.int64(456), np.int64(820), np.int64(467))",15,86
21,446.32269503546104,826.0851063829787,96.0,1186980.1295340396,736.037841796875,"(np.int64(820), np.int64(438), np.int64(834), np.int64(457))",15,86
21,917.3333333333334,1117.0,3.0,37093.12904793874,672.67822265625,"(np.int64(1116), np.int64(917), np.int64(1119), np.int64(919))",20,50
21,625.25,1144.5,3.0,37093.12904793874,583.143798828125,"(np.int64(1144), np.int64(623), np.int64(1146), np.int64(628))",109,24
21,1441.5555555555557,1291.5555555555557,9.0,111279.3871438162,612.3125,"(np.int64(1291), np.int64(1439), np.int64(1293), np.int64(1445))",102,60
21,1455.0,1330.0,1.0,12364.376349312912,583.143798828125,"(np.int64(1330), np.int64(1455), np.int64(1331), np.int64(1456))",135,4
21,1226.0,1341.0,1.0,12364.376349312912,583.143798828125,"(np.int64(1341), np.int64(1226), np.int64(1342), np.int64(1227))",136,2
21,1459.0,1353.0,1.0,12364.376349312912,583.143798828125,"(np.int64(1353), np.int64(1459), np.int64(1354), np.int64(1460))",28,17
21,141.63888888888889,1391.7222222222222,11.0,136008.13984244203,612.3125,"(np.int64(1390), np.int64(139), np.int64(1396), np.int64(147))",124,10
21,175.58823529411765,1502.6470588235295,17.0,210194.3979383195,736.037841796875,"(np.int64(1498), np.int64(173), np.int64(1508), np.int64(179))",53,106
21,1989.5,1689.5,4.0,49457.50539725165,703.9716796875,"(np.int64(1689), np.int64(1989), np.int64(1691), np.int64(1991))",120,27
21,1760.0,1772.0,1.0,12364.376349312912,583.143798828125,"(np.int64(1772), np.int64(1760), np.int64(1773), np.int64(1761))",41,10
21,1520.0,1792.5,2.0,24728.752698625824,612.3125,"(np.int64(1792), np.int64(1520), np.int64(1794), np.int64(1521))",42,9
21,1725.4375,1869.15625,19.0,234923.15063694533,768.68359375,"(np.int64(1867), np.int64(1722), np.int64(1871), np.int64(1733))",78,18
22,1830.3333333333333,408.3333333333333,3.0,37093.12904793874,612.234619140625,"(np.int64(408), np.int64(1830), np.int64(410), np.int64(1832))",138,25
22,1873.0,513.0,1.0,12364.376349312912,583.1181640625,"(np.int64(513), np.int64(1873), np.int64(514), np.int64(1874))",115,70
22,763.0,541.0,1.0,12364.376349312912,583.1181640625,"(np.int64(541), np.int64(763), np.int64(542), np.int64(764))",7,21
22,1228.0,546.0,1.0,12364.376349312912,583.1181640625,"(np.int64(546), np.int64(1228), np.int64(547), np.int64(1229))",140,8
22,1166.0,808.0,1.0,12364.376349312912,583.1181640625,"(np.int64(808), np.int64(1166), np.int64(809), np.int64(1167))",48,11
22,460.1621621621622,816.1621621621622,39.0,482210.67762320355,672.720703125,"(np.int64(813), np.int64(455), np.int64(820), np.int64(468))",15,86
22,447.66346153846155,825.0288461538462,106.0,1310623.8930271687,735.97998046875,"(np.int64(820), np.int64(437), np.int64(831), np.int64(457))",15,86
22,625.75,1144.5,3.0,37093.12904793874,583.1181640625,"(np.int64(1144), np.int64(624), np.int64(1146), np.int64(628))",109,24
22,1442.409090909091,1289.159090909091,13.0,160736.89254106785,612.234619140625,"(np.int64(1286), np.int64(1441), np.int64(1295), np.int64(1447))",102,60
22,1253.0,1327.0,1.0,12364.376349312912,583.1181640625,"(np.int64(1327), np.int64(1253), np.int64(1328), np.int64(1254))",141,77
22,1455.125,1330.75,8.0,98915.0107945033,672.720703125,"(np.int64(1329), np.int64(1454), np.int64(1333), np.int64(1457))",135,4
22,139.75,1390.0,5.0,61821.881746564555,583.1181640625,"(np.int64(1388), np.int64(138), np.int64(1394), np.int64(143))",124,10
22,1358.0,1450.0,1.0,12364.376349312912,1388.76171875,"(np.int64(1450), np.int64(1358), np.int64(1451), np.int64(1359))",142,2
22,176.625,1500.375,5.0,61821.881746564555,612.234619140625,"(np.int64(1498), np.int64(176), np.int64(1503), np.int64(179))",53,106
22,160.5,1534.0,4.0,49457.50539725165,735.97998046875,"(np.int64(1531), np.int64(160), np.int64(1538), np.int64(163))",53,106
22,1990.7142857142858,1689.0,7.0,86550.63444519039,704.003662109375,"(np.int64(1688), np.int64(1989), np.int64(1691), np.int64(1993))",120,27
22,351.0,1725.0,1.0,12364.376349312912,583.1181640625,"(np.int64(1725), np.int64(351), np.int64(1726), np.int64(352))",143,9
22,1755.0,1774.0,1.0,12364.376349312912,583.1181640625,"(np.int64(1774), np.int64(1755), np.int64(1775), np.int64(1756))",41,10
22,1724.5,1868.5,2.0,24728.752698625824,612.234619140625,"(np.int64(1867), np.int64(1720), np.int64(1871), np.int64(1730))",78,18
23,1874.0,456.0,1.0,12364.376349312912,583.121826171875,"(np.int64(456), np.int64(1874), np.int64(457), np.int64(1875))",134,8
23,1146.4285714285713,503.85714285714283,7.0,86550.63444519039,704.0262451171875,"(np.int64(502), np.int64(1146), np.int64(507), np.int64(1148))",104,15
23,1145.0,518.0,1.0,12364.376349312912,583.121826171875,"(np.int64(518), np.int64(1145), np.int64(519), np.int64(1146))",104,15
23,460.4736842105263,815.921052631579,38.0,469846.30127389065,672.705078125,"(np.int64(813), np.int64(456), np.int64(820), np.int64(467))",15,86
23,443.33333333333337,825.6422764227642,126.0,1557911.4200134268,736.0084228515625,"(np.int64(819), np.int64(437), np.int64(832), np.int64(457))",15,86
23,1569.0,1097.0,1.0,12364.376349312912,583.121826171875,"(np.int64(1097), np.int64(1569), np.int64(1098), np.int64(1570))",145,8
23,1444.2777777777776,1292.2222222222224,6.0,74186.25809587748,612.294189453125,"(np.int64(1287), np.int64(1441), np.int64(1297), np.int64(1448))",102,60
23,1455.8,1329.4,5.0,61821.881746564555,612.294189453125,"(np.int64(1329), np.int64(1455), np.int64(1331), np.int64(1458))",135,4
23,1170.0,1342.0,1.0,12364.376349312912,583.121826171875,"(np.int64(1342), np.int64(1170), np.int64(1343), np.int64(1171))",146,2
23,143.0,1391.0,1.0,12364.376349312912,583.121826171875,"(np.int64(1391), np.int64(143), np.int64(1392), np.int64(144))",124,10
23,102.21052631578948,1412.8947368421054,20.0,247287.52698625825,704.0262451171875,"(np.int64(1411), np.int64(95), np.int64(1415), np.int64(106))",128,52
23,177.0,1499.5,2.0,24728.752698625824,583.121826171875,"(np.int64(1499), np.int64(177), np.int64(1501), np.int64(178))",53,106
23,167.06666666666666,1518.9333333333334,15.0,185465.64523969367,768.734375,"(np.int64(1518), np.int64(165), np.int64(1521), np.int64(171))",53,106
23,146.0,1520.0,3.0,37093.12904793874,583.121826171875,"(np.int64(1520), np.int64(145), np.int64(1521), np.int64(148))",53,106
23,155.61111111111111,1535.4444444444443,6.0,74186.25809587748,736.0084228515625,"(np.int64(1533), np.int64(150), np.int64(1538), np.int64(163))",53,106
23,1990.6,1690.3333333333333,15.0,185465.64523969367,979.8831787109375,"(np.int64(1688), np.int64(1989), np.int64(1695), np.int64(1993))",120,27
23,345.8333333333333,1718.8333333333333,6.0,74186.25809587748,642.127685546875,"(np.int64(1718), np.int64(345), np.int64(1721), np.int64(348))",143,9
23,1046.0,1729.0,1.0,12364.376349312912,612.294189453125,"(np.int64(1729), np.int64(1046), np.int64(1730), np.int64(1047))",82,64
23,1756.125,1773.75,5.0,61821.881746564555,583.121826171875,"(np.int64(1772), np.int64(1753), np.int64(1777), np.int64(1761))",41,10
23,370.0,1835.0,1.0,12364.376349312912,583.121826171875,"(np.int64(1835), np.int64(370), np.int64(1836), np.int64(371))",60,51
24,1874.0,447.0,1.0,12364.376349312912,583.122802734375,"(np.int64(447), np.int64(1874), np.int64(448), np.int64(1875))",134,8
24,1146.1,503.9,10.0,123643.76349312911,672.708984375,"(np.int64(501), np.int64(1145), np.int64(508), np.int64(1148))",104,15
24,1166.0,808.0,1.0,12364.376349312912,583.122802734375,"(np.int64(808), np.int64(1166), np.int64(809), np.int64(1167))",48,11
24,461.14285714285717,815.8,35.0,432753.1722259519,672.708984375,"(np.int64(813), np.int64(457), np.int64(820), np.int64(467))",15,86
24,445.3909214092141,830.2999322493224,140.0,1731012.6889038077,871.08447265625,"(np.int64(820), np.int64(437), np.int64(840), np.int64(457))",15,86
24,680.0,1209.0,1.0,12364.376349312912,583.122802734375,"(np.int64(1209), np.int64(680), np.int64(1210), np.int64(681))",62,10
24,1443.3333333333335,1292.8333333333335,4.0,49457.50539725165,612.280029296875,"(np.int64(1290), np.int64(1440), np.int64(1297), np.int64(1448))",102,60
24,1455.0,1329.5,2.0,24728.752698625824,583.122802734375,"(np.int64(1329), np.int64(1455), np.int64(1331), np.int64(1456))",135,4
24,1456.0,1352.0,1.0,12364.376349312912,612.280029296875,"(np.int64(1352), np.int64(1456), np.int64(1353), np.int64(1457))",28,17
24,97.25,1412.35,20.0,247287.52698625822,735.95654296875,"(np.int64(1411), np.int64(92), np.int64(1414), np.int64(103))",128,52
24,178.0,1510.0,1.0,12364.376349312912,583.122802734375,"(np.int64(1510), np.int64(178), np.int64(1511), np.int64(179))",53,106
24,167.52173913043478,1518.304347826087,23.0,284380.65603419696,802.111083984375,"(np.int64(1517), np.int64(164), np.int64(1522), np.int64(174))",53,106
24,157.2,1535.8277777777778,19.0,234923.15063694533,642.14208984375,"(np.int64(1532), np.int64(154), np.int64(1539), np.int64(163))",53,106
24,742.0,1648.6,5.0,61821.881746564555,703.98046875,"(np.int64(1648), np.int64(741), np.int64(1651), np.int64(744))",149,5
24,1990.4666666666667,1690.2666666666667,15.0,185465.64523969367,1433.618408203125,"(np.int64(1688), np.int64(1989), np.int64(1694), np.int64(1993))",120,27
24,347.83333333333337,1721.3333333333335,12.0,148372.51619175496,1017.575927734375,"(np.int64(1717), np.int64(344), np.int64(1726), np.int64(352))",143,9
24,1046.0,1729.0,1.0,12364.376349312912,612.280029296875,"(np.int64(1729), np.int64(1046), np.int64(1730), np.int64(1047))",82,64
24,1750.0,1776.0,1.0,12364.376349312912,612.280029296875,"(np.int64(1776), np.int64(1750), np.int64(1777), np.int64(1751))",41,10
25,1288.0,67.0,1.0,12364.376349312912,612.248291015625,"(np.int64(67), np.int64(1288), np.int64(68), np.int64(1289))",152,4
25,1872.0,445.0,1.0,12364.376349312912,583.14306640625,"(np.int64(445), np.int64(1872), np.int64(446), np.int64(1873))",134,8
25,1144.6,508.75,20.0,247287.52698625822,642.097412109375,"(np.int64(500), np.int64(1143), np.int64(519), np.int64(1148))",104,15
25,1874.0,500.0,1.0,12364.376349312912,612.248291015625,"(np.int64(500), np.int64(1874), np.int64(501), np.int64(1875))",115,70
25,944.0,746.0,1.0,12364.376349312912,583.14306640625,"(np.int64(746), np.int64(944), np.int64(747), np.int64(945))",153,4
25,1166.0,808.0,1.0,12364.376349312912,583.14306640625,"(np.int64(808), np.int64(1166), np.int64(809), np.int64(1167))",48,11
25,460.125,819.8055555555555,37.0,457481.9249245777,704.0283203125,"(np.int64(813), np.int64(455), np.int64(825), np.int64(467))",15,86
25,446.81325301204816,825.8855421686746,169.0,2089579.603033882,871.1343994140625,"(np.int64(820), np.int64(437), np.int64(836), np.int64(457))",15,86
25,435.5,825.0,2.0,24728.752698625824,583.14306640625,"(np.int64(825), np.int64(435), np.int64(826), np.int64(437))",15,86
25,446.25,839.0,3.0,37093.12904793874,583.14306640625,"(np.int64(838), np.int64(445), np.int64(841), np.int64(449))",15,86
25,1465.0,1313.0,1.0,12364.376349312912,612.248291015625,"(np.int64(1313), np.int64(1465), np.int64(1314), np.int64(1466))",102,60
25,1455.525,1351.125,9.0,111279.3871438162,672.6907958984375,"(np.int64(1348), np.int64(1454), np.int64(1355), np.int64(1459))",28,17
25,139.75,1388.0,4.0,49457.50539725165,642.097412109375,"(np.int64(1387), np.int64(139), np.int64(1390), np.int64(142))",124,10
25,97.36363636363636,1411.4545454545455,11.0,136008.13984244203,642.097412109375,"(np.int64(1411), np.int64(94), np.int64(1413), np.int64(102))",128,52
25,108.0,1413.0,3.0,37093.12904793874,612.248291015625,"(np.int64(1413), np.int64(107), np.int64(1414), np.int64(110))",128,52
25,167.88571428571427,1518.0857142857142,35.0,432753.1722259519,871.1343994140625,"(np.int64(1516), np.int64(163), np.int64(1522), np.int64(176))",53,106
25,154.625,1519.5,8.0,98915.0107945033,704.0283203125,"(np.int64(1519), np.int64(153), np.int64(1522), np.int64(158))",53,106
25,159.2,1536.6,5.0,61821.881746564555,802.092529296875,"(np.int64(1536), np.int64(158), np.int64(1538), np.int64(161))",53,106
25,741.6153846153846,1648.1538461538462,13.0,160736.89254106785,1095.1275634765625,"(np.int64(1646), np.int64(740), np.int64(1651), np.int64(744))",149,5
25,1989.9,1690.7,10.0,123643.76349312911,1175.4971923828125,"(np.int64(1689), np.int64(1988), np.int64(1694), np.int64(1993))",120,27
25,347.94444444444446,1721.0972222222222,22.0,272016.27968488407,1056.017578125,"(np.int64(1716), np.int64(343), np.int64(1726), np.int64(353))",143,9
25,1721.0,1868.0,1.0,12364.376349312912,612.248291015625,"(np.int64(1868), np.int64(1721), np.int64(1869), np.int64(1722))",78,18
26,1144.5555555555557,512.6666666666667,14.0,173101.26889038074,612.29296875,"(np.int64(507), np.int64(1144), np.int64(521), np.int64(1146))",104,15
26,462.3838383838384,814.5858585858587,20.0,247287.52698625822,704.0068359375,"(np.int64(812), np.int64(459), np.int64(819), np.int64(468))",15,86
26,446.6870139554703,832.8583146905295,159.0,1965935.839540753,979.931884765625,"(np.int64(820), np.int64(437), np.int64(842), np.int64(457))",15,86
26,1448.375,1288.25,6.0,74186.25809587748,612.29296875,"(np.int64(1281), np.int64(1447), np.int64(1296), np.int64(1451))",102,60
26,1456.5333333333333,1350.8,8.0,98915.0107945033,672.74951171875,"(np.int64(1347), np.int64(1455), np.int64(1355), np.int64(1459))",28,17
26,1487.0,1369.0,1.0,12364.376349312912,583.093505859375,"(np.int64(1369), np.int64(1487), np.int64(1370), np.int64(1488))",29,17
26,138.71428571428572,1385.142857142857,7.0,86550.63444519039,672.74951171875,"(np.int64(1384), np.int64(138), np.int64(1387), np.int64(141))",124,10
26,96.4375,1411.4375,11.0,136008.13984244203,672.74951171875,"(np.int64(1410), np.int64(93), np.int64(1413), np.int64(102))",128,52
26,717.0,1507.0,1.0,12364.376349312912,583.093505859375,"(np.int64(1507), np.int64(717), np.int64(1508), np.int64(718))",52,3
26,161.9659090909091,1518.284090909091,26.0,321473.7850821357,802.089599609375,"(np.int64(1515), np.int64(156), np.int64(1521), np.int64(175))",53,106
26,141.0,1527.5,2.0,24728.752698625824,612.29296875,"(np.int64(1524), np.int64(141), np.int64(1532), np.int64(142))",53,106
26,156.0,1535.0,1.0,12364.376349312912,583.093505859375,"(np.int64(1535), np.int64(156), np.int64(1536), np.int64(157))",53,106
26,761.0,1628.0,1.0,12364.376349312912,583.093505859375,"(np.int64(1628), np.int64(761), np.int64(1629), np.int64(762))",158,2
26,742.0,1647.5,10.0,123643.76349312911,906.63916015625,"(np.int64(1646), np.int64(741), np.int64(1650), np.int64(744))",149,5
26,1991.2,1689.4,5.0,61821.881746564555,802.089599609375,"(np.int64(1688), np.int64(1990), np.int64(1692), np.int64(1993))",120,27
26,348.17857142857144,1720.2380952380952,25.0,309109.4087328228,1258.698486328125,"(np.int64(1715), np.int64(343), np.int64(1724), np.int64(354))",143,9
26,1719.0,1869.0,1.0,12364.376349312912,583.093505859375,"(np.int64(1869), np.int64(1719), np.int64(1870), np.int64(1720))",78,18
27,1362.0,236.0,1.0,12364.376349312912,583.090576171875,"(np.int64(236), np.int64(1362), np.int64(237), np.int64(1363))",159,13
27,461.6409090909091,818.2181818181818,28.0,346202.53778076154,612.268310546875,"(np.int64(812), np.int64(457), np.int64(826), np.int64(469))",15,86
27,447.0974025974026,825.8571428571429,160.0,1978300.2158900658,1017.566162109375,"(np.int64(821), np.int64(439), np.int64(833), np.int64(457))",15,86
27,448.4,838.8,5.0,61821.881746564555,612.268310546875,"(np.int64(838), np.int64(448), np.int64(841), np.int64(450))",15,86
27,1570.0,1101.5,2.0,24728.752698625824,672.71630859375,"(np.int64(1101), np.int64(1570), np.int64(1103), np.int64(1571))",145,8
27,1672.0,1108.5,2.0,24728.752698625824,583.090576171875,"(np.int64(1106), np.int64(1671), np.int64(1112), np.int64(1674))",160,8
27,1690.0,1106.0,1.0,12364.376349312912,583.090576171875,"(np.int64(1106), np.int64(1690), np.int64(1107), np.int64(1691))",160,8
27,868.0,1289.0,1.0,12364.376349312912,583.090576171875,"(np.int64(1289), np.int64(868), np.int64(1290), np.int64(869))",162,7
27,1442.642857142857,1293.7777777777776,24.0,296745.0323835099,672.71630859375,"(np.int64(1291), np.int64(1438), np.int64(1298), np.int64(1450))",102,60
27,1457.0,1352.5,2.0,24728.752698625824,612.268310546875,"(np.int64(1352), np.int64(1457), np.int64(1354), np.int64(1458))",28,17
27,140.0,1386.0,1.0,12364.376349312912,583.090576171875,"(np.int64(1386), np.int64(140), np.int64(1387), np.int64(141))",124,10
27,100.33333333333333,1411.3333333333333,3.0,37093.12904793874,612.268310546875,"(np.int64(1411), np.int64(100), np.int64(1413), np.int64(102))",128,52
27,170.2,1516.35,20.0,247287.52698625822,736.02685546875,"(np.int64(1515), np.int64(167), np.int64(1519), np.int64(176))",53,106
27,158.0,1519.0,1.0,12364.376349312912,583.090576171875,"(np.int64(1519), np.int64(158), np.int64(1520), np.int64(159))",53,106
27,155.5,1537.0,2.0,24728.752698625824,583.090576171875,"(np.int64(1537), np.int64(155), np.int64(1538), np.int64(157))",53,106
27,104.0,1541.0,1.0,12364.376349312912,612.268310546875,"(np.int64(1541), np.int64(104), np.int64(1542), np.int64(105))",92,21
27,761.0,1629.0,1.0,12364.376349312912,612.268310546875,"(np.int64(1629), np.int64(761), np.int64(1630), np.int64(762))",158,2
27,1384.5,1645.5,12.0,148372.51619175496,979.91015625,"(np.int64(1645), np.int64(1382), np.int64(1647), np.int64(1388))",164,8
27,742.1666666666666,1648.0,6.0,74186.25809587748,871.1259765625,"(np.int64(1647), np.int64(741), np.int64(1650), np.int64(744))",149,5
27,1990.6666666666667,1691.0,3.0,37093.12904793874,736.02685546875,"(np.int64(1690), np.int64(1990), np.int64(1693), np.int64(1992))",120,27
27,342.7045454545455,1719.2954545454545,24.0,296745.0323835099,1258.697021484375,"(np.int64(1716), np.int64(340), np.int64(1722), np.int64(349))",143,9
27,1046.0,1729.0,1.0,12364.376349312912,583.090576171875,"(np.int64(1729), np.int64(1046), np.int64(1730), np.int64(1047))",82,64
28,1199.0,367.0,1.0,12364.376349312912,612.26513671875,"(np.int64(367), np.int64(1199), np.int64(368), np.int64(1200))",167,11
28,462.1304347826087,815.3913043478261,23.0,284380.65603419696,642.08740234375,"(np.int64(812), np.int64(459), np.int64(820), np.int64(468))",15,86
28,446.2828947368421,825.3881578947369,155.0,1916478.3341435012,1056.0390625,"(np.int64(821), np.int64(437), np.int64(832), np.int64(456))",15,86
28,1903.0,1010.0,1.0,12364.376349312912,583.056640625,"(np.int64(1010), np.int64(1903), np.int64(1011), np.int64(1904))",81,2
28,669.3333333333334,1077.6666666666667,3.0,37093.12904793874,642.08740234375,"(np.int64(1077), np.int64(669), np.int64(1079), np.int64(671))",169,4
28,1569.5,1101.0,6.0,74186.25809587748,703.940673828125,"(np.int64(1100), np.int64(1569), np.int64(1103), np.int64(1571))",145,8
28,1671.0,1104.0,1.0,12364.376349312912,583.056640625,"(np.int64(1104), np.int64(1671), np.int64(1105), np.int64(1672))",160,8
28,916.0,1115.0,1.0,12364.376349312912,583.056640625,"(np.int64(1115), np.int64(916), np.int64(1116), np.int64(917))",20,50
28,1444.0869565217392,1295.5217391304348,23.0,284380.65603419696,735.971923828125,"(np.int64(1294), np.int64(1440), np.int64(1298), np.int64(1449))",102,60
28,97.5,1412.0,2.0,24728.752698625824,583.056640625,"(np.int64(1411), np.int64(94), np.int64(1414), np.int64(102))",128,52
28,171.53846153846155,1515.4615384615386,13.0,160736.89254106785,672.7685546875,"(np.int64(1515), np.int64(168), np.int64(1517), np.int64(176))",53,106
28,156.5,1518.8333333333335,4.0,49457.50539725165,703.940673828125,"(np.int64(1518), np.int64(155), np.int64(1520), np.int64(160))",53,106
28,157.0,1536.0,3.0,37093.12904793874,642.08740234375,"(np.int64(1536), np.int64(156), np.int64(1537), np.int64(159))",53,106
28,1384.25,1645.0,12.0,148372.51619175496,768.739501953125,"(np.int64(1644), np.int64(1381), np.int64(1647), np.int64(1388))",164,8
28,742.0,1648.0,1.0,12364.376349312912,612.26513671875,"(np.int64(1648), np.int64(742), np.int64(1649), np.int64(743))",149,5
28,1991.5,1690.0,4.0,49457.50539725165,802.120849609375,"(np.int64(1689), np.int64(1991), np.int64(1692), np.int64(1993))",120,27
28,347.0,1720.9166666666665,14.0,173101.26889038077,942.886474609375,"(np.int64(1717), np.int64(343), np.int64(1724), np.int64(351))",143,9
28,1046.0,1729.0,1.0,12364.376349312912,583.056640625,"(np.int64(1729), np.int64(1046), np.int64(1730), np.int64(1047))",82,64
28,1720.8333333333335,1870.5,4.0,49457.50539725165,583.056640625,"(np.int64(1870), np.int64(1719), np.int64(1873), np.int64(1723))",78,18
29,1198.6666666666667,366.0,3.0,37093.12904793874,583.0654296875,"(np.int64(365), np.int64(1198), np.int64(368), np.int64(1200))",167,11
29,74.0,751.0,3.0,37093.12904793874,583.0654296875,"(np.int64(750), np.int64(74), np.int64(753), np.int64(75))",80,42
29,1166.0,808.0,1.0,12364.376349312912,583.0654296875,"(np.int64(808), np.int64(1166), np.int64(809), np.int64(1167))",48,11
29,459.36,817.1600000000001,19.0,234923.15063694533,642.168701171875,"(np.int64(812), np.int64(455), np.int64(823), np.int64(465))",15,86
29,445.7687074829932,824.7006802721088,148.0,1829927.699698311,1056.001708984375,"(np.int64(820), np.int64(437), np.int64(831), np.int64(456))",15,86
29,668.4,1076.6,5.0,61821.881746564555,871.09765625,"(np.int64(1075), np.int64(668), np.int64(1079), np.int64(670))",169,4
29,1674.3333333333333,1099.0,3.0,37093.12904793874,583.0654296875,"(np.int64(1098), np.int64(1674), np.int64(1101), np.int64(1676))",160,8
29,1569.0,1100.5,2.0,24728.752698625824,672.765869140625,"(np.int64(1100), np.int64(1569), np.int64(1102), np.int64(1570))",145,8
29,1443.409090909091,1295.0,22.0,272016.27968488407,642.168701171875,"(np.int64(1294), np.int64(1438), np.int64(1298), np.int64(1449))",102,60
29,142.5,1391.5,4.0,49457.50539725165,612.23193359375,"(np.int64(1391), np.int64(142), np.int64(1393), np.int64(144))",124,10
29,98.75,1411.0,3.0,37093.12904793874,612.23193359375,"(np.int64(1411), np.int64(97), np.int64(1412), np.int64(102))",128,52
29,175.54166666666669,1514.375,13.0,160736.89254106788,736.051513671875,"(np.int64(1514), np.int64(169), np.int64(1517), np.int64(180))",53,106
29,157.4375,1518.1875,9.0,111279.3871438162,768.739990234375,"(np.int64(1516), np.int64(155), np.int64(1520), np.int64(163))",53,106
29,157.33333333333334,1535.6666666666667,3.0,37093.12904793874,704.0234375,"(np.int64(1535), np.int64(157), np.int64(1537), np.int64(159))",53,106
29,1383.0,1644.0,1.0,12364.376349312912,612.23193359375,"(np.int64(1644), np.int64(1383), np.int64(1645), np.int64(1384))",164,8
29,1990.6666666666667,1689.3333333333333,3.0,37093.12904793874,768.739990234375,"(np.int64(1689), np.int64(1990), np.int64(1691), np.int64(1992))",120,27
29,344.2857142857143,1718.0,7.0,86550.63444519039,802.0888671875,"(np.int64(1717), np.int64(343), np.int64(1720), np.int64(346))",143,9
29,1046.0,1729.0,1.0,12364.376349312912,583.0654296875,"(np.int64(1729), np.int64(1046), np.int64(1730), np.int64(1047))",82,64
29,1718.5,1870.0,4.0,49457.50539725165,612.23193359375,"(np.int64(1870), np.int64(1715), np.int64(1871), np.int64(1722))",78,18
29,1450.0,2039.5,2.0,24728.752698625824,612.23193359375,"(np.int64(2039), np.int64(1450), np.int64(2041), np.int64(1451))",174,33
30,1363.0,230.5,2.0,24728.752698625824,672.6572265625,"(np.int64(230), np.int64(1363), np.int64(232), np.int64(1364))",159,13
30,445.5,813.0,2.0,24728.752698625824,642.15625,"(np.int64(813), np.int64(445), np.int64(814), np.int64(447))",15,86
30,462.75,813.75,5.0,61821.881746564555,612.27783203125,"(np.int64(813), np.int64(461), np.int64(816), np.int64(465))",15,86
30,445.986013986014,825.8951048951049,143.0,1768105.8179517463,906.70556640625,"(np.int64(820), np.int64(437), np.int64(833), np.int64(456))",15,86
30,1570.0,1101.5,2.0,24728.752698625824,583.146240234375,"(np.int64(1101), np.int64(1570), np.int64(1103), np.int64(1571))",145,8
30,1675.0,1103.0,1.0,12364.376349312912,583.146240234375,"(np.int64(1103), np.int64(1675), np.int64(1104), np.int64(1676))",160,8
30,917.0,1115.5,2.0,24728.752698625824,612.27783203125,"(np.int64(1115), np.int64(917), np.int64(1117), np.int64(918))",20,50
30,1657.0,1190.0,1.0,12364.376349312912,583.146240234375,"(np.int64(1190), np.int64(1657), np.int64(1191), np.int64(1658))",24,26
30,1444.2758620689656,1295.3793103448277,29.0,358566.91413007444,642.15625,"(np.int64(1293), np.int64(1439), np.int64(1298), np.int64(1450))",102,60
30,171.9189189189189,1515.6756756756756,37.0,457481.92492457776,906.70556640625,"(np.int64(1513), np.int64(167), np.int64(1521), np.int64(178))",53,106
30,161.91666666666669,1520.9,17.0,210194.39793831948,768.766357421875,"(np.int64(1517), np.int64(157), np.int64(1524), np.int64(166))",53,106
30,159.0,1537.0,1.0,12364.376349312912,642.15625,"(np.int64(1537), np.int64(159), np.int64(1538), np.int64(160))",53,106
30,1383.3333333333333,1645.3333333333333,3.0,37093.12904793874,642.15625,"(np.int64(1645), np.int64(1383), np.int64(1647), np.int64(1385))",164,8
30,345.0,1718.0,1.0,12364.376349312912,583.146240234375,"(np.int64(1718), np.int64(345), np.int64(1719), np.int64(346))",143,9
30,1763.0,1769.0,1.0,12364.376349312912,583.146240234375,"(np.int64(1769), np.int64(1763), np.int64(1770), np.int64(1764))",41,10
30,1448.0,2039.0,1.0,12364.376349312912,583.146240234375,"(np.int64(2039), np.int64(1448), np.int64(2040), np.int64(1449))",174,33
31,1199.0,366.0,1.0,12364.376349312912,583.06396484375,"(np.int64(366), np.int64(1199), np.int64(367), np.int64(1200))",167,11
31,67.0,747.0,1.0,12364.376349312912,583.06396484375,"(np.int64(747), np.int64(67), np.int64(748), np.int64(68))",80,42
31,446.66666666666663,813.6666666666667,4.0,49457.50539725165,612.30810546875,"(np.int64(813), np.int64(445), np.int64(816), np.int64(449))",15,86
31,459.5,817.5,4.0,49457.50539725165,583.06396484375,"(np.int64(816), np.int64(458), np.int64(820), np.int64(462))",15,86
31,445.78985507246375,826.8623188405797,138.0,1706283.9362051818,979.92919921875,"(np.int64(822), np.int64(437), np.int64(833), np.int64(456))",15,86
31,1569.0,1104.5,2.0,24728.752698625824,612.30810546875,"(np.int64(1104), np.int64(1569), np.int64(1106), np.int64(1570))",145,8
31,1679.0,1106.0,1.0,12364.376349312912,583.06396484375,"(np.int64(1106), np.int64(1679), np.int64(1107), np.int64(1680))",160,8
31,1662.25,1196.25,4.0,49457.50539725165,768.750732421875,"(np.int64(1195), np.int64(1662), np.int64(1198), np.int64(1664))",24,26
31,1447.7428571428572,1294.2,36.0,445117.5485752648,704.051513671875,"(np.int64(1293), np.int64(1440), np.int64(1298), np.int64(1452))",102,60
31,145.0,1396.0,1.0,12364.376349312912,583.06396484375,"(np.int64(1396), np.int64(145), np.int64(1397), np.int64(146))",124,10
31,171.92727272727274,1516.1454545454546,55.0,680040.6992122101,1056.015380859375,"(np.int64(1510), np.int64(163), np.int64(1525), np.int64(179))",53,106
31,162.11111111111111,1519.5555555555557,9.0,111279.3871438162,768.750732421875,"(np.int64(1519), np.int64(159), np.int64(1521), np.int64(166))",53,106
31,107.9,1539.9,10.0,123643.76349312911,672.737060546875,"(np.int64(1538), np.int64(106), np.int64(1542), np.int64(111))",92,21
31,159.5,1538.0,2.0,24728.752698625824,672.737060546875,"(np.int64(1538), np.int64(159), np.int64(1539), np.int64(161))",53,106
31,1383.6,1646.2,5.0,61821.881746564555,736.012939453125,"(np.int64(1645), np.int64(1383), np.int64(1648), np.int64(1385))",164,8
31,834.0,1739.0,1.0,12364.376349312912,583.06396484375,"(np.int64(1739), np.int64(834), np.int64(1740), np.int64(835))",89,127
31,1455.0,2047.0,1.0,12364.376349312912,583.06396484375,"(np.int64(2047), np.int64(1455), np.int64(2048), np.int64(1456))",174,33
32,1362.0,230.0,3.0,37093.12904793874,836.28955078125,"(np.int64(229), np.int64(1362), np.int64(232), np.int64(1363))",159,13
32,1199.0,364.0,3.0,37093.12904793874,704.0576171875,"(np.int64(363), np.int64(1199), np.int64(366), np.int64(1200))",167,11
32,67.42857142857143,744.4285714285714,7.0,86550.63444519039,612.255859375,"(np.int64(742), np.int64(66), np.int64(747), np.int64(70))",80,42
32,445.17557251908397,824.6488549618321,131.0,1619733.3017599913,906.660888671875,"(np.int64(819), np.int64(436), np.int64(831), np.int64(455))",15,86
32,1681.0,1102.0,1.0,12364.376349312912,583.07373046875,"(np.int64(1102), np.int64(1681), np.int64(1103), np.int64(1682))",160,8
32,1661.6666666666667,1193.8333333333333,6.0,74186.25809587748,802.09130859375,"(np.int64(1192), np.int64(1661), np.int64(1196), np.int64(1664))",24,26
32,1454.75,1288.5,4.0,49457.50539725165,612.255859375,"(np.int64(1287), np.int64(1454), np.int64(1291), np.int64(1456))",102,60
32,1445.1166666666666,1292.1333333333334,60.0,741862.5809587747,768.65380859375,"(np.int64(1288), np.int64(1438), np.int64(1296), np.int64(1452))",102,60
32,94.0,1414.4285714285713,7.0,86550.63444519039,583.07373046875,"(np.int64(1414), np.int64(91), np.int64(1416), np.int64(98))",128,52
32,173.08928571428572,1510.875,56.0,692405.0755615231,1017.61376953125,"(np.int64(1499), np.int64(168), np.int64(1517), np.int64(178))",53,106
32,161.75,1517.875,8.0,98915.0107945033,704.0576171875,"(np.int64(1517), np.int64(159), np.int64(1520), np.int64(166))",53,106
32,109.0,1538.0,1.0,12364.376349312912,583.07373046875,"(np.int64(1538), np.int64(109), np.int64(1539), np.int64(110))",92,21
32,1383.2857142857142,1644.0,7.0,86550.63444519039,768.65380859375,"(np.int64(1643), np.int64(1382), np.int64(1646), np.int64(1385))",164,8
32,1989.0,1683.1666666666667,6.0,74186.25809587748,768.65380859375,"(np.int64(1682), np.int64(1988), np.int64(1685), np.int64(1991))",120,27
32,1046.0,1729.0,1.0,12364.376349312912,583.07373046875,"(np.int64(1729), np.int64(1046), np.int64(1730), np.int64(1047))",82,64
32,831.0,1732.0,1.0,12364.376349312912,583.07373046875,"(np.int64(1732), np.int64(831), np.int64(1733), np.int64(832))",89,127
32,1762.0,1768.0,1.0,12364.376349312912,583.07373046875,"(np.int64(1768), np.int64(1762), np.int64(1769), np.int64(1763))",41,10
32,1450.6666666666667,2043.0,5.0,61821.88174656456,583.07373046875,"(np.int64(2038), np.int64(1449), np.int64(2047), np.int64(1454))",174,33
32,1464.5,2047.0,6.0,74186.25809587748,704.0576171875,"(np.int64(2047), np.int64(1462), np.int64(2048), np.int64(1468))",174,33
33,1362.0,231.0,3.0,37093.12904793874,1017.48828125,"(np.int64(230), np.int64(1362), np.int64(233), np.int64(1363))",159,13
33,1198.8333333333333,364.1666666666667,6.0,74186.25809587748,704.0908203125,"(np.int64(363), np.int64(1198), np.int64(366), np.int64(1201))",167,11
33,75.0,751.0,1.0,12364.376349312912,612.2373046875,"(np.int64(751), np.int64(75), np.int64(752), np.int64(76))",80,42
33,444.95327102803736,825.0,107.0,1322988.2693764817,836.16015625,"(np.int64(819), np.int64(436), np.int64(831), np.int64(454))",15,86
33,1661.4285714285713,1193.7142857142858,7.0,86550.63444519039,836.16015625,"(np.int64(1192), np.int64(1661), np.int64(1196), np.int64(1663))",24,26
33,1457.0,1279.0,1.0,12364.376349312912,612.2373046875,"(np.int64(1279), np.int64(1457), np.int64(1280), np.int64(1458))",102,60
33,1444.340425531915,1291.872340425532,50.0,618218.8174656456,768.81689453125,"(np.int64(1288), np.int64(1441), np.int64(1296), np.int64(1455))",102,60
33,174.97058823529412,1504.6764705882354,34.0,420388.795876639,768.81689453125,"(np.int64(1495), np.int64(170), np.int64(1515), np.int64(180))",53,106
33,164.6875,1517.5,16.0,197830.0215890066,735.97802734375,"(np.int64(1516), np.int64(160), np.int64(1520), np.int64(169))",53,106
33,109.0,1535.0,1.0,12364.376349312912,612.2373046875,"(np.int64(1535), np.int64(109), np.int64(1536), np.int64(110))",92,21
33,1384.0,1644.1666666666667,6.0,74186.25809587748,768.81689453125,"(np.int64(1643), np.int64(1383), np.int64(1646), np.int64(1386))",164,8
33,1989.0,1684.0,1.0,12364.376349312912,642.22021484375,"(np.int64(1684), np.int64(1989), np.int64(1685), np.int64(1990))",120,27
33,1466.0,2047.0,1.0,12364.376349312912,642.22021484375,"(np.int64(2047), np.int64(1466), np.int64(2048), np.int64(1467))",174,33
34,1362.8,231.8,5.0,61821.881746564555,1258.60595703125,"(np.int64(231), np.int64(1362), np.int64(234), np.int64(1365))",159,13
34,1199.5,365.0,6.0,74186.25809587748,672.607421875,"(np.int64(364), np.int64(1199), np.int64(367), np.int64(1201))",167,11
34,70.0,748.0,1.0,12364.376349312912,612.15087890625,"(np.int64(748), np.int64(70), np.int64(749), np.int64(71))",80,42
34,445.08247422680415,825.0515463917526,97.0,1199344.5058833524,768.76611328125,"(np.int64(819), np.int64(437), np.int64(831), np.int64(454))",15,86
34,268.0,952.0,1.0,12364.376349312912,704.025390625,"(np.int64(952), np.int64(268), np.int64(953), np.int64(269))",176,2
34,1661.2307692307693,1192.2307692307693,13.0,160736.89254106785,802.0888671875,"(np.int64(1189), np.int64(1660), np.int64(1196), np.int64(1664))",24,26
34,1449.982608695652,1289.6,115.0,1421903.2801709848,802.0888671875,"(np.int64(1277), np.int64(1441), np.int64(1298), np.int64(1458))",102,60
34,176.28205128205127,1507.628205128205,29.0,358566.91413007444,802.0888671875,"(np.int64(1495), np.int64(174), np.int64(1514), np.int64(181))",53,106
34,164.73333333333332,1517.7333333333333,15.0,185465.64523969367,871.11376953125,"(np.int64(1516), np.int64(161), np.int64(1520), np.int64(169))",53,106
34,107.0,1539.0,1.0,12364.376349312912,642.14111328125,"(np.int64(1539), np.int64(107), np.int64(1540), np.int64(108))",92,21
34,1385.5,1645.0,4.0,49457.50539725165,735.919921875,"(np.int64(1644), np.int64(1385), np.int64(1647), np.int64(1387))",164,8
34,1451.0,2045.0,1.0,12364.376349312912,612.15087890625,"(np.int64(2045), np.int64(1451), np.int64(2046), np.int64(1452))",174,33
35,1455.1666666666665,140.33333333333331,4.0,49457.50539725165,672.79541015625,"(np.int64(139), np.int64(1454), np.int64(142), np.int64(1458))",177,14
35,1362.2857142857142,233.57142857142858,7.0,86550.63444519039,1479.06591796875,"(np.int64(232), np.int64(1361), np.int64(236), np.int64(1364))",159,13
35,47.0,273.5,2.0,24728.752698625824,672.79541015625,"(np.int64(273), np.int64(47), np.int64(275), np.int64(48))",178,39
35,1198.3333333333333,366.1666666666667,6.0,74186.25809587748,672.79541015625,"(np.int64(365), np.int64(1198), np.int64(369), np.int64(1200))",167,11
35,458.7142857142857,819.0,7.0,86550.63444519039,583.14892578125,"(np.int64(818), np.int64(457), np.int64(821), np.int64(461))",15,86
35,443.81632653061223,825.8469387755102,98.0,1211708.8822326653,735.96826171875,"(np.int64(820), np.int64(435), np.int64(832), np.int64(454))",15,86
35,960.0,1013.0,1.0,12364.376349312912,583.14892578125,"(np.int64(1013), np.int64(960), np.int64(1014), np.int64(961))",96,4
35,1567.0,1089.0,1.0,12364.376349312912,583.14892578125,"(np.int64(1089), np.int64(1567), np.int64(1090), np.int64(1568))",145,8
35,1661.15,1194.0,20.0,247287.52698625822,943.01318359375,"(np.int64(1190), np.int64(1659), np.int64(1198), np.int64(1665))",24,26
35,1449.68156424581,1289.0167597765362,179.0,2213223.366527011,836.2041015625,"(np.int64(1277), np.int64(1439), np.int64(1299), np.int64(1459))",102,60
35,90.18181818181819,1416.1818181818182,11.0,136008.13984244203,642.1220703125,"(np.int64(1416), np.int64(86), np.int64(1418), np.int64(96))",128,52
35,172.6069794050343,1511.7868993135012,46.0,568761.3120683939,735.96826171875,"(np.int64(1496), np.int64(159), np.int64(1521), np.int64(180))",53,106
35,107.5,1536.0,2.0,24728.752698625824,583.14892578125,"(np.int64(1536), np.int64(107), np.int64(1537), np.int64(109))",92,21
35,1991.0,1536.0,1.0,12364.376349312912,583.14892578125,"(np.int64(1536), np.int64(1991), np.int64(1537), np.int64(1992))",87,6
35,831.0,1688.0,1.0,12364.376349312912,583.14892578125,"(np.int64(1688), np.int64(831), np.int64(1689), np.int64(832))",89,127
35,1046.0,1729.0,1.0,12364.376349312912,583.14892578125,"(np.int64(1729), np.int64(1046), np.int64(1730), np.int64(1047))",82,64
35,1446.0,2044.5,2.0,24728.752698625824,612.17919921875,"(np.int64(2042), np.int64(1442), np.int64(2048), np.int64(1451))",174,33
36,1456.5,138.5,2.0,24728.752698625824,583.06396484375,"(np.int64(138), np.int64(1456), np.int64(140), np.int64(1458))",177,14
36,1362.5,234.16666666666669,10.0,123643.76349312911,1433.578125,"(np.int64(231), np.int64(1362), np.int64(237), np.int64(1365))",159,13
36,1288.5,634.5,4.0,49457.50539725165,768.692626953125,"(np.int64(634), np.int64(1288), np.int64(636), np.int64(1290))",79,2
36,946.0,742.0,1.0,12364.376349312912,583.06396484375,"(np.int64(742), np.int64(946), np.int64(743), np.int64(947))",153,4
36,72.0,749.4,5.0,61821.881746564555,642.1708984375,"(np.int64(749), np.int64(70), np.int64(751), np.int64(75))",80,42
36,458.32222222222225,821.1262626262626,89.0,1100429.4950888492,672.677734375,"(np.int64(815), np.int64(440), np.int64(830), np.int64(468))",15,86
36,268.0,954.0,1.0,12364.376349312912,672.677734375,"(np.int64(954), np.int64(268), np.int64(955), np.int64(269))",176,2
36,1811.0,979.0,1.0,12364.376349312912,583.06396484375,"(np.int64(979), np.int64(1811), np.int64(980), np.int64(1812))",180,2
36,1662.1923076923076,1193.6538461538462,26.0,321473.7850821357,906.654296875,"(np.int64(1189), np.int64(1660), np.int64(1199), np.int64(1666))",24,26
36,1450.367816091954,1286.5229885057472,174.0,2151401.4847804466,768.692626953125,"(np.int64(1275), np.int64(1442), np.int64(1296), np.int64(1459))",102,60
36,95.7,1413.4,10.0,123643.76349312911,642.1708984375,"(np.int64(1412), np.int64(93), np.int64(1416), np.int64(99))",128,52
36,177.0,1505.0,1.0,12364.376349312912,583.06396484375,"(np.int64(1505), np.int64(177), np.int64(1506), np.int64(178))",53,106
36,165.875,1517.2916666666667,24.0,296745.0323835099,1017.650146484375,"(np.int64(1515), np.int64(160), np.int64(1520), np.int64(171))",53,106
36,105.875,1536.375,8.0,98915.0107945033,642.1708984375,"(np.int64(1535), np.int64(103), np.int64(1538), np.int64(109))",92,21
36,832.75,1687.0,5.0,61821.881746564555,612.208984375,"(np.int64(1686), np.int64(831), np.int64(1690), np.int64(835))",89,127
36,1046.0,1729.0,1.0,12364.376349312912,612.208984375,"(np.int64(1729), np.int64(1046), np.int64(1730), np.int64(1047))",82,64
37,1361.6,232.7,10.0,123643.76349312911,1055.986572265625,"(np.int64(231), np.int64(1360), np.int64(235), np.int64(1364))",159,13
37,1197.0,364.0,1.0,12364.376349312912,583.098876953125,"(np.int64(364), np.int64(1197), np.int64(365), np.int64(1198))",167,11
37,1823.0,412.0,1.0,12364.376349312912,583.098876953125,"(np.int64(412), np.int64(1823), np.int64(413), np.int64(1824))",138,25
37,1144.0,508.25,3.0,37093.12904793874,612.281982421875,"(np.int64(507), np.int64(1144), np.int64(511), np.int64(1145))",104,15
37,1877.0,533.0,1.0,12364.376349312912,583.098876953125,"(np.int64(533), np.int64(1877), np.int64(534), np.int64(1878))",115,70
37,70.0,748.0,1.0,12364.376349312912,612.281982421875,"(np.int64(748), np.int64(70), np.int64(749), np.int64(71))",80,42
37,950.0,748.0,1.0,12364.376349312912,583.098876953125,"(np.int64(748), np.int64(950), np.int64(749), np.int64(951))",153,4
37,460.15686274509807,819.156862745098,19.0,234923.15063694536,612.281982421875,"(np.int64(814), np.int64(456), np.int64(823), np.int64(463))",15,86
37,443.3867595818815,821.5853658536585,48.0,593490.0647670198,672.66796875,"(np.int64(817), np.int64(439), np.int64(829), np.int64(450))",15,86
37,1662.3636363636363,1195.6818181818182,22.0,272016.27968488407,906.6376953125,"(np.int64(1192), np.int64(1661), np.int64(1200), np.int64(1665))",24,26
37,1448.389534883721,1286.1453488372092,172.0,2126672.7320818207,768.699462890625,"(np.int64(1275), np.int64(1440), np.int64(1296), np.int64(1457))",102,60
37,871.0,1292.0,1.0,12364.376349312912,583.098876953125,"(np.int64(1292), np.int64(871), np.int64(1293), np.int64(872))",162,7
37,1403.0,1292.0,1.0,12364.376349312912,612.281982421875,"(np.int64(1292), np.int64(1403), np.int64(1293), np.int64(1404))",97,63
37,96.5,1412.5,13.0,160736.89254106785,612.281982421875,"(np.int64(1412), np.int64(90), np.int64(1414), np.int64(102))",128,52
37,584.0,1497.0,1.0,12364.376349312912,583.098876953125,"(np.int64(1497), np.int64(584), np.int64(1498), np.int64(585))",183,2
37,167.425,1516.4,40.0,494575.05397251644,1017.6142578125,"(np.int64(1513), np.int64(161), np.int64(1521), np.int64(174))",53,106
37,1846.0,1516.0,1.0,12364.376349312912,583.098876953125,"(np.int64(1516), np.int64(1846), np.int64(1517), np.int64(1847))",184,12
37,106.41666666666666,1534.2083333333335,13.0,160736.89254106788,703.971435546875,"(np.int64(1533), np.int64(101), np.int64(1538), np.int64(110))",92,21
37,831.875,1687.25,8.0,98915.0107945033,612.281982421875,"(np.int64(1686), np.int64(831), np.int64(1690), np.int64(834))",89,127
37,748.5,1778.75,5.0,61821.88174656456,612.281982421875,"(np.int64(1776), np.int64(748), np.int64(1782), np.int64(750))",185,6
38,1362.4,233.8,10.0,123643.76349312911,1017.6123046875,"(np.int64(232), np.int64(1361), np.int64(236), np.int64(1365))",159,13
38,1825.0,412.0,1.0,12364.376349312912,583.099609375,"(np.int64(412), np.int64(1825), np.int64(413), np.int64(1826))",138,25
38,65.0,744.0,5.0,61821.881746564555,583.099609375,"(np.int64(743), np.int64(64), np.int64(746), np.int64(67))",80,42
38,74.0,752.0,1.0,12364.376349312912,612.30810546875,"(np.int64(752), np.int64(74), np.int64(753), np.int64(75))",80,42
38,1166.0,808.0,1.0,12364.376349312912,583.099609375,"(np.int64(808), np.int64(1166), np.int64(809), np.int64(1167))",48,11
38,461.97619047619054,817.4285714285714,33.0,408024.4195273261,642.087646484375,"(np.int64(813), np.int64(458), np.int64(824), np.int64(467))",15,86
38,444.6071428571429,822.4285714285714,45.0,556396.935719081,735.992431640625,"(np.int64(817), np.int64(442), np.int64(830), np.int64(450))",15,86
38,975.0,870.0,1.0,12364.376349312912,612.30810546875,"(np.int64(870), np.int64(975), np.int64(871), np.int64(976))",49,24
38,178.0,1073.0,1.0,12364.376349312912,612.30810546875,"(np.int64(1073), np.int64(178), np.int64(1074), np.int64(179))",123,6
38,1567.0,1088.0,1.0,12364.376349312912,583.099609375,"(np.int64(1088), np.int64(1567), np.int64(1089), np.int64(1568))",145,8
38,1663.5,1195.8333333333333,18.0,222558.7742876324,836.27197265625,"(np.int64(1193), np.int64(1662), np.int64(1200), np.int64(1666))",24,26
38,1448.9056603773586,1286.2327044025158,159.0,1965935.839540753,871.09375,"(np.int64(1276), np.int64(1440), np.int64(1296), np.int64(1457))",102,60
38,870.0,1290.0,1.0,12364.376349312912,583.099609375,"(np.int64(1290), np.int64(870), np.int64(1291), np.int64(871))",162,7
38,1403.6,1293.6,5.0,61821.881746564555,612.30810546875,"(np.int64(1292), np.int64(1403), np.int64(1296), np.int64(1405))",97,63
38,100.11111111111111,1412.9444444444443,10.0,123643.76349312911,612.30810546875,"(np.int64(1412), np.int64(97), np.int64(1415), np.int64(106))",128,52
38,585.75,1496.5,3.0,37093.12904793874,612.30810546875,"(np.int64(1495), np.int64(585), np.int64(1499), np.int64(587))",183,2
38,165.41379310344826,1518.1379310344828,32.0,395660.0431780132,979.93603515625,"(np.int64(1514), np.int64(160), np.int64(1521), np.int64(176))",53,106
38,106.3157894736842,1535.7368421052631,19.0,234923.15063694533,704.02490234375,"(np.int64(1534), np.int64(102), np.int64(1538), np.int64(112))",92,21
38,1988.5,1686.0,2.0,24728.752698625824,612.30810546875,"(np.int64(1686), np.int64(1988), np.int64(1687), np.int64(1990))",120,27
38,833.0,1688.0,3.0,37093.12904793874,583.099609375,"(np.int64(1687), np.int64(833), np.int64(1690), np.int64(834))",89,127
38,1046.0,1729.0,1.0,12364.376349312912,583.099609375,"(np.int64(1729), np.int64(1046), np.int64(1730), np.int64(1047))",82,64
38,846.6,1732.8,5.0,61821.881746564555,612.30810546875,"(np.int64(1731), np.int64(846), np.int64(1735), np.int64(849))",89,127
38,750.0,1781.0,3.0,37093.12904793874,612.30810546875,"(np.int64(1780), np.int64(750), np.int64(1783), np.int64(751))",185,6
39,1287.0,69.0,1.0,12364.376349312912,583.0654296875,"(np.int64(69), np.int64(1287), np.int64(70), np.int64(1288))",152,4
39,1363.0,234.16666666666666,6.0,74186.25809587748,1017.590087890625,"(np.int64(233), np.int64(1362), np.int64(236), np.int64(1365))",159,13
39,1199.5,367.25,3.0,37093.12904793874,612.23193359375,"(np.int64(366), np.int64(1199), np.int64(370), np.int64(1201))",167,11
39,1827.0,411.125,5.0,61821.881746564555,642.168701171875,"(np.int64(408), np.int64(1823), np.int64(416), np.int64(1831))",138,25
39,65.0,745.0,1.0,12364.376349312912,583.0654296875,"(np.int64(745), np.int64(65), np.int64(746), np.int64(66))",80,42
39,455.4884400406504,819.3277257549362,98.0,1211708.8822326653,672.765869140625,"(np.int64(812), np.int64(442), np.int64(830), np.int64(469))",15,86
39,975.8,868.6,5.0,61821.881746564555,906.647705078125,"(np.int64(868), np.int64(975), np.int64(870), np.int64(978))",49,24
39,1034.3333333333333,914.6666666666666,3.0,37093.12904793874,612.23193359375,"(np.int64(914), np.int64(1034), np.int64(916), np.int64(1036))",188,5
39,178.0,1073.0,1.0,12364.376349312912,583.0654296875,"(np.int64(1073), np.int64(178), np.int64(1074), np.int64(179))",123,6
39,1666.0,1197.2,5.0,61821.881746564555,612.23193359375,"(np.int64(1196), np.int64(1665), np.int64(1199), np.int64(1668))",24,26
39,689.0,1215.0,1.0,12364.376349312912,583.0654296875,"(np.int64(1215), np.int64(689), np.int64(1216), np.int64(690))",62,10
39,1447.7615894039736,1285.5596026490066,152.0,1879385.2050955626,942.968017578125,"(np.int64(1274), np.int64(1443), np.int64(1295), np.int64(1459))",102,60
39,100.0,1413.0,1.0,12364.376349312912,583.0654296875,"(np.int64(1413), np.int64(100), np.int64(1414), np.int64(101))",128,52
39,163.64444444444445,1518.8333333333333,20.0,247287.52698625825,802.0888671875,"(np.int64(1515), np.int64(157), np.int64(1522), np.int64(176))",53,106
39,110.27272727272728,1534.3636363636365,12.0,148372.51619175496,736.051513671875,"(np.int64(1534), np.int64(106), np.int64(1537), np.int64(114))",92,21
39,1046.0,1729.0,1.0,12364.376349312912,583.0654296875,"(np.int64(1729), np.int64(1046), np.int64(1730), np.int64(1047))",82,64
39,847.3333333333334,1732.1666666666667,12.0,148372.51619175496,642.168701171875,"(np.int64(1730), np.int64(846), np.int64(1735), np.int64(850))",89,127
39,751.0,1780.5,2.0,24728.752698625824,583.0654296875,"(np.int64(1780), np.int64(751), np.int64(1782), np.int64(752))",185,6
39,1350.0,1954.0,1.0,12364.376349312912,583.0654296875,"(np.int64(1954), np.int64(1350), np.int64(1955), np.int64(1351))",67,2
40,1455.5,141.0,4.0,49457.50539725165,642.111572265625,"(np.int64(140), np.int64(1455), np.int64(143), np.int64(1457))",177,14
40,1361.6666666666667,233.66666666666666,3.0,37093.12904793874,704.010498046875,"(np.int64(233), np.int64(1361), np.int64(235), np.int64(1363))",159,13
40,1825.0,410.5,4.0,49457.50539725165,642.111572265625,"(np.int64(406), np.int64(1822), np.int64(415), np.int64(1829))",138,25
40,1876.0,512.0,1.0,12364.376349312912,583.112060546875,"(np.int64(512), np.int64(1876), np.int64(513), np.int64(1877))",115,70
40,453.6548554652213,817.6884823848239,96.0,1186980.1295340396,736.031494140625,"(np.int64(810), np.int64(442), np.int64(828), np.int64(468))",15,86
40,974.875,866.75,8.0,98915.0107945033,1301.317138671875,"(np.int64(865), np.int64(974), np.int64(869), np.int64(977))",49,24
40,1033.5,912.5,2.0,24728.752698625824,736.031494140625,"(np.int64(912), np.int64(1033), np.int64(914), np.int64(1035))",188,5
40,1450.2148760330579,1282.6942148760331,121.0,1496089.5382668623,871.049560546875,"(np.int64(1273), np.int64(1443), np.int64(1292), np.int64(1457))",102,60
40,864.5,1288.5,2.0,24728.752698625824,583.112060546875,"(np.int64(1288), np.int64(864), np.int64(1290), np.int64(866))",162,7
40,159.0,1519.0,1.0,12364.376349312912,583.112060546875,"(np.int64(1519), np.int64(159), np.int64(1520), np.int64(160))",53,106
40,108.28571428571429,1532.4761904761904,21.0,259651.90333557114,802.0908203125,"(np.int64(1531), np.int64(104), np.int64(1535), np.int64(113))",92,21
40,838.0,1684.0,3.0,37093.12904793874,612.233642578125,"(np.int64(1683), np.int64(834), np.int64(1687), np.int64(844))",89,127
40,847.65,1728.15,11.0,136008.13984244203,642.111572265625,"(np.int64(1725), np.int64(847), np.int64(1734), np.int64(850))",89,127
41,1286.0,69.5,2.0,24728.752698625824,672.765869140625,"(np.int64(69), np.int64(1286), np.int64(71), np.int64(1287))",152,4
41,1455.0,141.5,2.0,24728.752698625824,612.23193359375,"(np.int64(141), np.int64(1455), np.int64(143), np.int64(1456))",177,14
41,1827.5,407.75,3.0,37093.12904793874,583.0654296875,"(np.int64(406), np.int64(1827), np.int64(411), np.int64(1829))",138,25
41,1876.0,503.0,1.0,12364.376349312912,583.0654296875,"(np.int64(503), np.int64(1876), np.int64(504), np.int64(1877))",115,70
41,449.42952380952386,819.9185714285713,111.0,1372445.7747737332,672.765869140625,"(np.int64(812), np.int64(441), np.int64(829), np.int64(469))",15,86
41,974.7142857142857,867.2857142857143,14.0,173101.26889038077,1258.625732421875,"(np.int64(865), np.int64(973), np.int64(871), np.int64(977))",49,24
41,688.0,1198.0,1.0,12364.376349312912,583.0654296875,"(np.int64(1198), np.int64(688), np.int64(1199), np.int64(689))",62,10
41,682.0,1210.0,1.0,12364.376349312912,583.0654296875,"(np.int64(1210), np.int64(682), np.int64(1211), np.int64(683))",62,10
41,1450.9764705882353,1282.9764705882353,85.0,1050971.9896915974,768.739990234375,"(np.int64(1275), np.int64(1445), np.int64(1292), np.int64(1457))",102,60
41,864.0,1290.0,1.0,12364.376349312912,583.0654296875,"(np.int64(1290), np.int64(864), np.int64(1291), np.int64(865))",162,7
41,152.0,1521.0,1.0,12364.376349312912,583.0654296875,"(np.int64(1521), np.int64(152), np.int64(1522), np.int64(153))",53,106
41,106.71875,1533.875,17.0,210194.3979383195,768.739990234375,"(np.int64(1532), np.int64(104), np.int64(1536), np.int64(113))",92,21
41,175.0,1573.0,1.0,12364.376349312912,612.23193359375,"(np.int64(1573), np.int64(175), np.int64(1574), np.int64(176))",73,9
41,840.25,1685.25,3.0,37093.12904793874,612.23193359375,"(np.int64(1685), np.int64(837), np.int64(1687), np.int64(845))",89,127
41,753.4166666666667,1787.5,7.0,86550.63444519039,642.168701171875,"(np.int64(1786), np.int64(753), np.int64(1791), np.int64(756))",185,6
41,783.0,1878.0,1.0,12364.376349312912,642.168701171875,"(np.int64(1878), np.int64(783), np.int64(1879), np.int64(784))",191,2
42,1287.0,69.5,2.0,24728.752698625824,642.087646484375,"(np.int64(69), np.int64(1287), np.int64(71), np.int64(1288))",152,4
42,1362.0,234.0,1.0,12364.376349312912,642.087646484375,"(np.int64(234), np.int64(1362), np.int64(235), np.int64(1363))",159,13
42,73.0,745.5,2.0,24728.752698625824,583.099609375,"(np.int64(741), np.int64(72), np.int64(751), np.int64(75))",80,42
42,450.3833668087905,821.5297884586021,122.0,1508453.9146161752,704.02490234375,"(np.int64(812), np.int64(440), np.int64(829), np.int64(469))",15,86
42,973.5277777777778,862.9166666666667,19.0,234923.15063694533,1344.709716796875,"(np.int64(860), np.int64(972), np.int64(870), np.int64(978))",49,24
42,743.0,1005.5,2.0,24728.752698625824,612.30810546875,"(np.int64(1005), np.int64(743), np.int64(1007), np.int64(744))",192,3
42,1452.7384615384617,1281.720512820513,20.0,247287.52698625822,642.087646484375,"(np.int64(1276), np.int64(1450), np.int64(1289), np.int64(1456))",102,60
42,163.5,1519.0,2.0,24728.752698625824,583.099609375,"(np.int64(1518), np.int64(161), np.int64(1521), np.int64(167))",53,106
42,111.0,1533.5,2.0,24728.752698625824,583.099609375,"(np.int64(1533), np.int64(111), np.int64(1535), np.int64(112))",92,21
42,1046.0,1729.0,1.0,12364.376349312912,612.30810546875,"(np.int64(1729), np.int64(1046), np.int64(1730), np.int64(1047))",82,64
42,849.0,1730.0,1.0,12364.376349312912,583.099609375,"(np.int64(1730), np.int64(849), np.int64(1731), np.int64(850))",89,127
42,1482.0,1762.0,1.0,12364.376349312912,583.099609375,"(np.int64(1762), np.int64(1482), np.int64(1763), np.int64(1483))",194,10
42,757.0,1791.0,1.0,12364.376349312912,583.099609375,"(np.int64(1791), np.int64(757), np.int64(1792), np.int64(758))",185,6
43,1454.0,148.5,2.0,24728.752698625824,612.2860107421875,"(np.int64(148), np.int64(1454), np.int64(150), np.int64(1455))",177,14
43,68.97222222222221,740.6666666666666,9.0,111279.3871438162,612.2860107421875,"(np.int64(731), np.int64(66), np.int64(752), np.int64(74))",80,42
43,457.2952247191011,822.0283707865169,101.0,1248802.0112806042,703.979248046875,"(np.int64(814), np.int64(444), np.int64(831), np.int64(467))",15,86
43,441.4,824.6,5.0,61821.881746564555,612.2860107421875,"(np.int64(824), np.int64(440), np.int64(826), np.int64(444))",15,86
43,974.6842105263158,865.6315789473684,19.0,234923.15063694533,1095.08740234375,"(np.int64(862), np.int64(972), np.int64(870), np.int64(978))",49,24
43,743.0,1006.0,1.0,12364.376349312912,583.139404296875,"(np.int64(1006), np.int64(743), np.int64(1007), np.int64(744))",192,3
43,920.0,1117.0,5.0,61821.881746564555,836.2545166015625,"(np.int64(1116), np.int64(919), np.int64(1119), np.int64(922))",20,50
43,680.0,1196.0,1.0,12364.376349312912,583.139404296875,"(np.int64(1196), np.int64(680), np.int64(1197), np.int64(681))",62,10
43,173.0,1514.25,4.0,49457.50539725165,735.9847412109375,"(np.int64(1514), np.int64(172), np.int64(1516), np.int64(175))",53,106
43,112.0,1534.0,1.0,12364.376349312912,583.139404296875,"(np.int64(1534), np.int64(112), np.int64(1535), np.int64(113))",92,21
43,1046.0,1729.0,1.0,12364.376349312912,642.1298828125,"(np.int64(1729), np.int64(1046), np.int64(1730), np.int64(1047))",82,64
43,851.5,1734.0,2.0,24728.752698625824,583.139404296875,"(np.int64(1733), np.int64(851), np.int64(1736), np.int64(853))",89,127
43,376.8,1815.8,5.0,61821.881746564555,768.6875,"(np.int64(1815), np.int64(376), np.int64(1818), np.int64(379))",60,51
44,1454.0,145.0,3.0,37093.12904793874,672.7218017578125,"(np.int64(144), np.int64(1454), np.int64(147), np.int64(1455))",177,14
44,1871.0,517.0,1.0,12364.376349312912,583.1160888671875,"(np.int64(517), np.int64(1871), np.int64(518), np.int64(1872))",115,70
44,66.7375,737.1750000000001,25.0,309109.4087328228,612.28662109375,"(np.int64(731), np.int64(65), np.int64(747), np.int64(72))",80,42
44,453.56168831168833,819.051948051948,110.0,1360081.3984244203,735.9993896484375,"(np.int64(813), np.int64(440), np.int64(830), np.int64(463))",15,86
44,1383.75,819.0,3.0,37093.12904793874,583.1160888671875,"(np.int64(818), np.int64(1383), np.int64(821), np.int64(1386))",14,10
44,974.1428571428571,863.7142857142857,14.0,173101.26889038077,942.960205078125,"(np.int64(861), np.int64(972), np.int64(868), np.int64(977))",49,24
44,2046.6666666666667,950.3333333333334,3.0,37093.12904793874,612.28662109375,"(np.int64(950), np.int64(2046), np.int64(952), np.int64(2048))",58,3
44,743.0,1005.0,1.0,12364.376349312912,583.1160888671875,"(np.int64(1005), np.int64(743), np.int64(1006), np.int64(744))",192,3
44,919.4615384615385,1117.1538461538462,13.0,160736.89254106785,1817.6259765625,"(np.int64(1115), np.int64(918), np.int64(1120), np.int64(922))",20,50
44,684.0,1195.0,2.0,24728.752698625824,583.1160888671875,"(np.int64(1192), np.int64(682), np.int64(1199), np.int64(687))",62,10
44,1465.0,1227.0,1.0,12364.376349312912,642.1302490234375,"(np.int64(1227), np.int64(1465), np.int64(1228), np.int64(1466))",202,20
44,1656.0,1391.5,2.0,24728.752698625824,583.1160888671875,"(np.int64(1391), np.int64(1656), np.int64(1393), np.int64(1657))",203,9
44,108.625,1534.375,8.0,98915.0107945033,672.7218017578125,"(np.int64(1534), np.int64(107), np.int64(1536), np.int64(112))",92,21
44,849.1666666666666,1731.8333333333333,6.0,74186.25809587748,612.28662109375,"(np.int64(1730), np.int64(849), np.int64(1735), np.int64(851))",89,127
44,375.6666666666667,1815.5,6.0,74186.25809587748,703.986572265625,"(np.int64(1814), np.int64(375), np.int64(1818), np.int64(378))",60,51
45,1455.6666666666667,138.83333333333334,4.0,49457.50539725165,672.703125,"(np.int64(135), np.int64(1454), np.int64(145), np.int64(1458))",177,14
45,68.36467236467236,740.5541310541311,37.0,457481.92492457776,642.165283203125,"(np.int64(732), np.int64(64), np.int64(746), np.int64(72))",80,42
45,69.0,755.0,1.0,12364.376349312912,612.291259765625,"(np.int64(755), np.int64(69), np.int64(756), np.int64(70))",80,42
45,455.0265486725664,818.3244837758111,118.0,1458996.4092189237,736.035888671875,"(np.int64(813), np.int64(442), np.int64(830), np.int64(460))",15,86
45,1384.0,817.5,2.0,24728.752698625824,612.291259765625,"(np.int64(817), np.int64(1384), np.int64(819), np.int64(1385))",14,10
45,439.0,824.0,1.0,12364.376349312912,583.081298828125,"(np.int64(824), np.int64(439), np.int64(825), np.int64(440))",15,86
45,974.5333333333333,862.3333333333334,15.0,185465.64523969367,736.035888671875,"(np.int64(859), np.int64(972), np.int64(867), np.int64(978))",49,24
45,239.0,986.1,10.0,123643.76349312911,802.156982421875,"(np.int64(983), np.int64(237), np.int64(991), np.int64(242))",206,6
45,1689.0,1103.0,1.0,12364.376349312912,583.081298828125,"(np.int64(1103), np.int64(1689), np.int64(1104), np.int64(1690))",160,8
45,919.4,1116.5,10.0,123643.76349312911,1175.514892578125,"(np.int64(1115), np.int64(918), np.int64(1119), np.int64(922))",20,50
45,1465.6666666666667,1226.3333333333333,3.0,37093.12904793874,704.03759765625,"(np.int64(1226), np.int64(1465), np.int64(1228), np.int64(1467))",202,20
45,156.66666666666669,1365.1666666666665,8.0,98915.0107945033,612.291259765625,"(np.int64(1364), np.int64(153), np.int64(1367), np.int64(160))",31,4
45,1655.4285714285713,1387.4285714285713,7.0,86550.63444519039,672.703125,"(np.int64(1385), np.int64(1655), np.int64(1391), np.int64(1657))",203,9
45,1650.0,1400.0,1.0,12364.376349312912,642.165283203125,"(np.int64(1400), np.int64(1650), np.int64(1401), np.int64(1651))",203,9
45,167.16666666666666,1515.3333333333333,4.0,49457.50539725165,672.703125,"(np.int64(1513), np.int64(164), np.int64(1520), np.int64(174))",53,106
45,108.5,1534.0,4.0,49457.50539725165,612.291259765625,"(np.int64(1534), np.int64(107), np.int64(1535), np.int64(111))",92,21
45,1989.0,1686.0,1.0,12364.376349312912,583.081298828125,"(np.int64(1686), np.int64(1989), np.int64(1687), np.int64(1990))",120,27
45,837.0,1689.0,1.0,12364.376349312912,583.081298828125,"(np.int64(1689), np.int64(837), np.int64(1690), np.int64(838))",89,127
45,837.0,1736.0,1.0,12364.376349312912,612.291259765625,"(np.int64(1736), np.int64(837), np.int64(1737), np.int64(838))",89,127
45,375.0833333333333,1815.0,12.0,148372.51619175496,768.697998046875,"(np.int64(1813), np.int64(374), np.int64(1819), np.int64(378))",60,51
46,1876.0,514.0,1.0,12364.376349312912,612.29296875,"(np.int64(514), np.int64(1876), np.int64(515), np.int64(1877))",115,70
46,67.78333333333333,740.8833333333333,23.0,284380.65603419696,704.0068359375,"(np.int64(737), np.int64(66), np.int64(746), np.int64(74))",80,42
46,448.7545068027211,823.8125850340136,67.0,828413.2154039651,736.0478515625,"(np.int64(816), np.int64(442), np.int64(831), np.int64(458))",15,86
46,976.6666666666666,862.6666666666666,3.0,37093.12904793874,642.178466796875,"(np.int64(858), np.int64(973), np.int64(867), np.int64(980))",49,24
46,240.0,985.5,6.0,74186.25809587748,871.07080078125,"(np.int64(984), np.int64(239), np.int64(988), np.int64(242))",206,6
46,921.5,1117.375,8.0,98915.0107945033,1095.06396484375,"(np.int64(1116), np.int64(920), np.int64(1120), np.int64(925))",20,50
46,1467.6666666666667,1227.3333333333333,3.0,37093.12904793874,736.0478515625,"(np.int64(1227), np.int64(1467), np.int64(1229), np.int64(1469))",202,20
46,157.0,1364.875,8.0,98915.0107945033,672.74951171875,"(np.int64(1364), np.int64(155), np.int64(1367), np.int64(160))",31,4
46,1658.0,1384.0,1.0,12364.376349312912,612.29296875,"(np.int64(1384), np.int64(1658), np.int64(1385), np.int64(1659))",203,9
46,111.0,1534.75,4.0,49457.50539725165,642.178466796875,"(np.int64(1534), np.int64(110), np.int64(1536), np.int64(113))",92,21
46,1990.7777777777778,1687.5555555555557,9.0,111279.3871438162,906.63916015625,"(np.int64(1686), np.int64(1989), np.int64(1690), np.int64(1993))",120,27
46,839.0,1692.0,1.0,12364.376349312912,612.29296875,"(np.int64(1692), np.int64(839), np.int64(1693), np.int64(840))",89,127
46,376.0,1816.8,5.0,61821.881746564555,704.0068359375,"(np.int64(1815), np.int64(375), np.int64(1819), np.int64(378))",60,51
47,1458.0,137.0,1.0,12364.376349312912,642.0955810546875,"(np.int64(137), np.int64(1458), np.int64(138), np.int64(1459))",177,14
47,71.52941176470588,745.4558823529412,35.0,432753.1722259519,735.9954833984375,"(np.int64(740), np.int64(66), np.int64(749), np.int64(75))",80,42
47,451.3421052631579,820.8479532163743,61.0,754226.9573080876,735.9954833984375,"(np.int64(817), np.int64(441), np.int64(830), np.int64(456))",15,86
47,1385.0,819.5,2.0,24728.752698625824,672.72900390625,"(np.int64(819), np.int64(1385), np.int64(821), np.int64(1386))",14,10
47,2047.0,947.0,1.0,12364.376349312912,642.0955810546875,"(np.int64(947), np.int64(2047), np.int64(948), np.int64(2048))",58,3
47,239.66666666666666,985.0,3.0,37093.12904793874,735.9954833984375,"(np.int64(984), np.int64(239), np.int64(987), np.int64(241))",206,6
47,920.0,1116.2,5.0,61821.881746564555,1258.6837158203125,"(np.int64(1115), np.int64(919), np.int64(1118), np.int64(922))",20,50
47,1467.0,1226.0,1.0,12364.376349312912,612.261962890625,"(np.int64(1226), np.int64(1467), np.int64(1227), np.int64(1468))",202,20
47,171.0,1516.0,1.0,12364.376349312912,612.261962890625,"(np.int64(1516), np.int64(171), np.int64(1517), np.int64(172))",53,106
47,153.0,1523.0,3.0,37093.12904793874,704.0023193359375,"(np.int64(1523), np.int64(152), np.int64(1524), np.int64(155))",53,106
47,111.0,1534.0,1.0,12364.376349312912,612.261962890625,"(np.int64(1534), np.int64(111), np.int64(1535), np.int64(112))",92,21
47,1991.0833333333333,1686.3333333333333,12.0,148372.51619175496,1525.3468017578125,"(np.int64(1684), np.int64(1990), np.int64(1689), np.int64(1993))",120,27
47,851.6666666666666,1731.3333333333333,3.0,37093.12904793874,672.72900390625,"(np.int64(1731), np.int64(851), np.int64(1733), np.int64(853))",89,127
47,374.8333333333333,1816.0,12.0,148372.51619175496,906.678955078125,"(np.int64(1814), np.int64(374), np.int64(1820), np.int64(377))",60,51
48,1459.0,138.5,2.0,24728.752698625824,672.7218017578125,"(np.int64(138), np.int64(1459), np.int64(140), np.int64(1460))",177,14
48,957.0,730.0,1.0,12364.376349312912,612.28662109375,"(np.int64(730), np.int64(957), np.int64(731), np.int64(958))",209,2
48,71.78571428571428,747.7321428571429,30.0,370931.2904793874,672.7218017578125,"(np.int64(742), np.int64(67), np.int64(751), np.int64(76))",80,42
48,1385.0,819.0,1.0,12364.376349312912,612.28662109375,"(np.int64(819), np.int64(1385), np.int64(820), np.int64(1386))",14,10
48,445.75308641975306,822.8518518518518,58.0,717133.828260149,768.685302734375,"(np.int64(821), np.int64(443), np.int64(831), np.int64(455))",15,86
48,460.0,823.0,1.0,12364.376349312912,612.28662109375,"(np.int64(823), np.int64(460), np.int64(824), np.int64(461))",15,86
48,239.9,985.6,10.0,123643.76349312911,1017.606689453125,"(np.int64(984), np.int64(238), np.int64(989), np.int64(242))",206,6
48,1051.0,984.0,1.0,12364.376349312912,703.986572265625,"(np.int64(984), np.int64(1051), np.int64(985), np.int64(1052))",18,9
48,920.4,1117.2,5.0,61821.881746564555,1433.6226806640625,"(np.int64(1116), np.int64(920), np.int64(1119), np.int64(922))",20,50
48,171.0,1517.0,1.0,12364.376349312912,642.1302490234375,"(np.int64(1517), np.int64(171), np.int64(1518), np.int64(172))",53,106
48,156.5,1522.5,4.0,49457.50539725165,642.1302490234375,"(np.int64(1522), np.int64(154), np.int64(1524), np.int64(160))",53,106
48,1990.7142857142858,1686.9285714285713,14.0,173101.26889038077,1433.6226806640625,"(np.int64(1685), np.int64(1989), np.int64(1690), np.int64(1993))",120,27
48,1046.0,1729.0,1.0,12364.376349312912,612.28662109375,"(np.int64(1729), np.int64(1046), np.int64(1730), np.int64(1047))",82,64
48,849.0,1731.5,2.0,24728.752698625824,612.28662109375,"(np.int64(1731), np.int64(849), np.int64(1733), np.int64(850))",89,127
48,374.3333333333333,1816.3333333333333,3.0,37093.12904793874,642.1302490234375,"(np.int64(1816), np.int64(374), np.int64(1818), np.int64(376))",60,51
49,1458.0,139.0,3.0,37093.12904793874,642.1229248046875,"(np.int64(139), np.int64(1457), np.int64(140), np.int64(1460))",177,14
49,1361.3333333333333,235.0,3.0,37093.12904793874,642.1229248046875,"(np.int64(234), np.int64(1361), np.int64(237), np.int64(1363))",159,13
49,1878.0,503.6666666666667,3.0,37093.12904793874,642.1229248046875,"(np.int64(503), np.int64(1877), np.int64(505), np.int64(1880))",115,70
49,1886.0,512.0,1.0,12364.376349312912,583.1422119140625,"(np.int64(512), np.int64(1886), np.int64(513), np.int64(1887))",115,70
49,1890.1666666666667,523.1666666666666,4.0,49457.50539725165,583.1422119140625,"(np.int64(521), np.int64(1889), np.int64(526), np.int64(1892))",115,70
49,957.0,733.0,1.0,12364.376349312912,583.1422119140625,"(np.int64(733), np.int64(957), np.int64(734), np.int64(958))",209,2
49,68.08441558441558,746.7467532467533,79.0,976785.73159572,672.7435302734375,"(np.int64(742), np.int64(65), np.int64(755), np.int64(77))",80,42
49,955.0,745.0,1.0,12364.376349312912,583.1422119140625,"(np.int64(745), np.int64(955), np.int64(746), np.int64(956))",153,4
49,1185.5,783.5,6.0,74186.25809587748,802.144775390625,"(np.int64(783), np.int64(1184), np.int64(785), np.int64(1188))",212,3
49,460.75,812.75,4.0,49457.50539725165,583.1422119140625,"(np.int64(812), np.int64(460), np.int64(814), np.int64(463))",15,86
49,1385.0,820.0,1.0,12364.376349312912,583.1422119140625,"(np.int64(820), np.int64(1385), np.int64(821), np.int64(1386))",14,10
49,450.57471264367814,823.4022988505747,91.0,1125158.2477874751,906.6796875,"(np.int64(821), np.int64(441), np.int64(832), np.int64(456))",15,86
49,103.0,880.0,4.0,49457.50539725165,612.255859375,"(np.int64(880), np.int64(101), np.int64(881), np.int64(107))",213,10
49,2044.0,968.0,1.0,12364.376349312912,583.1422119140625,"(np.int64(968), np.int64(2044), np.int64(969), np.int64(2045))",214,2
49,240.0,985.5,6.0,74186.25809587748,768.715576171875,"(np.int64(984), np.int64(239), np.int64(988), np.int64(242))",206,6
49,1053.0,985.0,1.0,12364.376349312912,583.1422119140625,"(np.int64(985), np.int64(1053), np.int64(986), np.int64(1054))",18,9
49,1680.0,1099.5,2.0,24728.752698625824,583.1422119140625,"(np.int64(1099), np.int64(1680), np.int64(1101), np.int64(1681))",160,8
49,919.75,1117.75,8.0,98915.0107945033,1717.3385009765625,"(np.int64(1116), np.int64(919), np.int64(1120), np.int64(922))",20,50
49,682.0,1196.0,1.0,12364.376349312912,583.1422119140625,"(np.int64(1196), np.int64(682), np.int64(1197), np.int64(683))",62,10
49,173.5,1510.5,4.0,49457.50539725165,642.1229248046875,"(np.int64(1507), np.int64(171), np.int64(1516), np.int64(178))",53,106
49,162.9,1521.1,10.0,123643.76349312911,703.980712890625,"(np.int64(1520), np.int64(160), np.int64(1523), np.int64(167))",53,106
49,148.75,1524.25,8.0,98915.0107945033,642.1229248046875,"(np.int64(1523), np.int64(143), np.int64(1527), np.int64(154))",53,106
49,109.66666666666667,1535.6666666666667,3.0,37093.12904793874,583.1422119140625,"(np.int64(1535), np.int64(109), np.int64(1537), np.int64(111))",92,21
49,1985.0,1539.0,1.0,12364.376349312912,612.255859375,"(np.int64(1539), np.int64(1985), np.int64(1540), np.int64(1986))",87,6
49,1990.6153846153845,1686.8461538461538,13.0,160736.89254106785,1175.4835205078125,"(np.int64(1685), np.int64(1989), np.int64(1689), np.int64(1993))",120,27
49,849.4,1726.2,5.0,61821.881746564555,642.1229248046875,"(np.int64(1725), np.int64(848), np.int64(1728), np.int64(851))",89,127
49,1484.0,1760.0,1.0,12364.376349312912,583.1422119140625,"(np.int64(1760), np.int64(1484), np.int64(1761), np.int64(1485))",194,10
49,353.0,1802.0,1.0,12364.376349312912,583.1422119140625,"(np.int64(1802), np.int64(353), np.int64(1803), np.int64(354))",60,51
49,374.2857142857143,1816.7142857142858,7.0,86550.63444519039,768.715576171875,"(np.int64(1815), np.int64(373), np.int64(1819), np.int64(376))",60,51
50,1592.0,396.0,1.0,12364.376349312912,672.6865234375,"(np.int64(396), np.int64(1592), np.int64(397), np.int64(1593))",217,3
50,1879.5,505.0,2.0,24728.752698625824,612.28369140625,"(np.int64(505), np.int64(1879), np.int64(506), np.int64(1881))",115,70
50,69.68367346938776,748.5918367346939,50.0,618218.8174656456,736.00048828125,"(np.int64(744), np.int64(67), np.int64(754), np.int64(77))",80,42
50,1185.4444444444443,783.8888888888889,9.0,111279.3871438162,1479.1328125,"(np.int64(783), np.int64(1184), np.int64(786), np.int64(1188))",212,3
50,447.6034482758621,826.0344827586207,58.0,717133.8282601489,942.88818359375,"(np.int64(821), np.int64(442), np.int64(832), np.int64(453))",15,86
50,104.88235294117646,880.5882352941177,17.0,210194.3979383195,736.00048828125,"(np.int64(880), np.int64(99), np.int64(883), np.int64(112))",213,10
50,240.0,985.0,5.0,61821.881746564555,672.6865234375,"(np.int64(984), np.int64(239), np.int64(987), np.int64(242))",206,6
50,919.8333333333334,1118.1666666666667,6.0,74186.25809587748,1095.091064453125,"(np.int64(1117), np.int64(919), np.int64(1120), np.int64(922))",20,50
50,1457.8,1309.1,10.0,123643.76349312911,672.6865234375,"(np.int64(1307), np.int64(1457), np.int64(1312), np.int64(1460))",102,60
50,161.33333333333334,1522.0833333333333,12.0,148372.51619175496,768.7490234375,"(np.int64(1521), np.int64(158), np.int64(1524), np.int64(166))",53,106
50,148.57142857142858,1524.2142857142858,14.0,173101.26889038077,736.00048828125,"(np.int64(1523), np.int64(145), np.int64(1527), np.int64(154))",53,106
50,111.0,1537.0,1.0,12364.376349312912,612.28369140625,"(np.int64(1537), np.int64(111), np.int64(1538), np.int64(112))",92,21
50,1990.7142857142858,1688.0,7.0,86550.63444519039,906.708740234375,"(np.int64(1686), np.int64(1990), np.int64(1691), np.int64(1993))",120,27
50,374.77777777777777,1816.111111111111,9.0,111279.3871438162,871.153076171875,"(np.int64(1815), np.int64(374), np.int64(1819), np.int64(377))",60,51
50,2009.0,1987.0,1.0,12364.376349312912,612.28369140625,"(np.int64(1987), np.int64(2009), np.int64(1988), np.int64(2010))",220,4
51,1593.0,396.0,3.0,37093.12904793874,1017.57861328125,"(np.int64(395), np.int64(1593), np.int64(398), np.int64(1594))",217,3
51,74.02702702702703,749.6216216216217,37.0,457481.92492457776,672.67431640625,"(np.int64(746), np.int64(71), np.int64(755), np.int64(79))",80,42
51,1186.0,784.0,1.0,12364.376349312912,942.96044921875,"(np.int64(784), np.int64(1186), np.int64(785), np.int64(1187))",212,3
51,462.25,813.5,3.0,37093.12904793874,612.24609375,"(np.int64(813), np.int64(461), np.int64(815), np.int64(465))",15,86
51,448.037037037037,826.3888888888889,54.0,667676.3228628972,906.664794921875,"(np.int64(822), np.int64(443), np.int64(832), np.int64(453))",15,86
51,112.83333333333334,866.0,4.0,49457.50539725165,672.67431640625,"(np.int64(865), np.int64(111), np.int64(869), np.int64(115))",221,3
51,94.0,879.0,1.0,12364.376349312912,612.24609375,"(np.int64(879), np.int64(94), np.int64(880), np.int64(95))",213,10
51,105.14814814814815,880.8518518518518,27.0,333838.1614314486,979.931640625,"(np.int64(880), np.int64(97), np.int64(883), np.int64(113))",213,10
51,920.3333333333333,1118.0,4.0,49457.50539725165,735.99853515625,"(np.int64(1116), np.int64(919), np.int64(1120), np.int64(923))",20,50
51,676.0,1192.0,1.0,12364.376349312912,612.24609375,"(np.int64(1192), np.int64(676), np.int64(1193), np.int64(677))",62,10
51,1458.5454545454545,1307.090909090909,11.0,136008.13984244203,768.722412109375,"(np.int64(1305), np.int64(1457), np.int64(1310), np.int64(1461))",102,60
51,154.625,1523.25,7.0,86550.63444519039,672.67431640625,"(np.int64(1522), np.int64(146), np.int64(1526), np.int64(165))",53,106
51,1991.4,1687.8,5.0,61821.881746564555,768.722412109375,"(np.int64(1687), np.int64(1991), np.int64(1690), np.int64(1993))",120,27
51,375.75,1815.125,8.0,98915.0107945033,979.931640625,"(np.int64(1814), np.int64(374), np.int64(1817), np.int64(378))",60,51
51,2009.5,1987.0,2.0,24728.752698625824,704.046875,"(np.int64(1987), np.int64(2009), np.int64(1988), np.int64(2011))",220,4
52,1457.0,139.5,2.0,24728.752698625824,642.135009765625,"(np.int64(139), np.int64(1457), np.int64(141), np.int64(1458))",177,14
52,1098.0,277.0,1.0,12364.376349312912,612.25439453125,"(np.int64(277), np.int64(1098), np.int64(278), np.int64(1099))",222,10
52,1592.6,396.8,5.0,61821.881746564555,942.955078125,"(np.int64(396), np.int64(1592), np.int64(399), np.int64(1594))",217,3
52,1409.0,462.0,1.0,12364.376349312912,612.25439453125,"(np.int64(462), np.int64(1409), np.int64(463), np.int64(1410))",224,39
52,1881.0,504.0,1.0,12364.376349312912,612.25439453125,"(np.int64(504), np.int64(1881), np.int64(505), np.int64(1882))",115,70
52,73.63333333333334,751.4666666666667,30.0,370931.29047938733,672.7125244140625,"(np.int64(749), np.int64(70), np.int64(756), np.int64(77))",80,42
52,464.0,814.0,3.0,37093.12904793874,612.25439453125,"(np.int64(814), np.int64(463), np.int64(815), np.int64(466))",15,86
52,446.73333333333335,826.4333333333333,60.0,741862.5809587747,1017.5794677734375,"(np.int64(820), np.int64(442), np.int64(832), np.int64(452))",15,86
52,110.85,866.7,20.0,247287.52698625822,836.2823486328125,"(np.int64(864), np.int64(109), np.int64(870), np.int64(114))",221,3
52,102.61764705882354,881.4705882352941,34.0,420388.795876639,768.702392578125,"(np.int64(880), np.int64(92), np.int64(885), np.int64(112))",213,10
52,1466.0,1301.5,2.0,24728.752698625824,612.25439453125,"(np.int64(1301), np.int64(1466), np.int64(1303), np.int64(1467))",102,60
52,1457.9166666666667,1308.5,12.0,148372.51619175496,836.2823486328125,"(np.int64(1306), np.int64(1457), np.int64(1312), np.int64(1460))",102,60
52,1991.0,1688.3333333333333,9.0,111279.3871438162,1216.68115234375,"(np.int64(1687), np.int64(1990), np.int64(1691), np.int64(1993))",120,27
52,850.0,1730.5,4.0,49457.50539725165,672.7125244140625,"(np.int64(1727), np.int64(849), np.int64(1734), np.int64(852))",89,127
52,375.75,1815.0,4.0,49457.50539725165,703.986572265625,"(np.int64(1814), np.int64(375), np.int64(1817), np.int64(378))",60,51
52,2007.0,1988.0,1.0,12364.376349312912,612.25439453125,"(np.int64(1988), np.int64(2007), np.int64(1989), np.int64(2008))",220,4
53,1097.0,275.5,4.0,49457.50539725165,703.99560546875,"(np.int64(275), np.int64(1096), np.int64(277), np.int64(1099))",222,10
53,1409.0,461.0,1.0,12364.376349312912,612.27734375,"(np.int64(461), np.int64(1409), np.int64(462), np.int64(1410))",224,39
53,73.75,750.0,28.0,346202.53778076154,642.1513671875,"(np.int64(747), np.int64(71), np.int64(754), np.int64(77))",80,42
53,462.8333333333333,811.9166666666666,12.0,148372.51619175496,672.72412109375,"(np.int64(811), np.int64(461), np.int64(814), np.int64(467))",15,86
53,445.8833333333333,824.9166666666666,60.0,741862.5809587747,906.6494140625,"(np.int64(819), np.int64(442), np.int64(831), np.int64(451))",15,86
53,525.0,821.0,1.0,12364.376349312912,768.63525390625,"(np.int64(821), np.int64(525), np.int64(822), np.int64(526))",226,9
53,424.0,828.0,1.0,12364.376349312912,612.27734375,"(np.int64(828), np.int64(424), np.int64(829), np.int64(425))",227,9
53,98.16666666666667,879.3333333333334,18.0,222558.7742876324,703.99560546875,"(np.int64(878), np.int64(91), np.int64(881), np.int64(106))",213,10
53,1466.0,1300.0,1.0,12364.376349312912,612.27734375,"(np.int64(1300), np.int64(1466), np.int64(1301), np.int64(1467))",102,60
53,1457.0,1307.3846153846155,13.0,160736.89254106785,768.63525390625,"(np.int64(1305), np.int64(1456), np.int64(1311), np.int64(1459))",102,60
53,162.75,1521.5,5.0,61821.88174656456,703.99560546875,"(np.int64(1521), np.int64(160), np.int64(1523), np.int64(166))",53,106
53,1990.8,1686.9,10.0,123643.76349312911,1388.82568359375,"(np.int64(1685), np.int64(1990), np.int64(1690), np.int64(1993))",120,27
53,851.5,1732.5,2.0,24728.752698625824,642.1513671875,"(np.int64(1732), np.int64(851), np.int64(1734), np.int64(853))",89,127
53,1722.5,1865.0,2.0,24728.752698625824,672.72412109375,"(np.int64(1865), np.int64(1722), np.int64(1866), np.int64(1724))",78,18
53,2004.0,1988.0,1.0,12364.376349312912,642.1513671875,"(np.int64(1988), np.int64(2004), np.int64(1989), np.int64(2005))",220,4
53,1464.8823529411766,2046.7058823529412,17.0,210194.3979383195,942.9873046875,"(np.int64(2046), np.int64(1459), np.int64(2048), np.int64(1471))",174,33
54,1095.3333333333333,275.6666666666667,3.0,37093.12904793874,703.984130859375,"(np.int64(275), np.int64(1095), np.int64(277), np.int64(1097))",222,10
54,73.85714285714286,751.7857142857143,14.0,173101.26889038077,612.27685546875,"(np.int64(750), np.int64(72), np.int64(755), np.int64(76))",80,42
54,462.5,812.8333333333334,6.0,74186.25809587748,703.984130859375,"(np.int64(812), np.int64(461), np.int64(815), np.int64(465))",15,86
54,444.96666666666664,826.0166666666667,60.0,741862.5809587747,802.146728515625,"(np.int64(821), np.int64(442), np.int64(832), np.int64(450))",15,86
54,120.0,868.0,1.0,12364.376349312912,642.094482421875,"(np.int64(868), np.int64(120), np.int64(869), np.int64(121))",221,3
54,96.94444444444444,879.9444444444445,8.0,98915.0107945033,672.73193359375,"(np.int64(879), np.int64(90), np.int64(882), np.int64(106))",213,10
54,1465.5,1299.5,4.0,49457.50539725165,703.984130859375,"(np.int64(1299), np.int64(1465), np.int64(1301), np.int64(1467))",102,60
54,1457.1666666666667,1307.9444444444443,18.0,222558.7742876324,768.74267578125,"(np.int64(1304), np.int64(1455), np.int64(1312), np.int64(1459))",102,60
54,1645.0,1404.0,3.0,37093.12904793874,642.094482421875,"(np.int64(1403), np.int64(1643), np.int64(1406), np.int64(1648))",203,9
54,167.77380952380952,1520.5595238095239,13.0,160736.89254106785,703.984130859375,"(np.int64(1518), np.int64(162), np.int64(1524), np.int64(174))",53,106
54,1988.0,1539.5,2.0,24728.752698625824,735.95361328125,"(np.int64(1539), np.int64(1988), np.int64(1541), np.int64(1989))",87,6
54,316.0,1552.5,2.0,24728.752698625824,642.094482421875,"(np.int64(1552), np.int64(316), np.int64(1554), np.int64(317))",35,105
54,1990.6363636363637,1688.0,11.0,136008.13984244203,1619.9298095703125,"(np.int64(1686), np.int64(1989), np.int64(1691), np.int64(1993))",120,27
54,1719.0,1867.0,1.0,12364.376349312912,612.27685546875,"(np.int64(1867), np.int64(1719), np.int64(1868), np.int64(1720))",78,18
54,1465.575,2046.475,13.0,160736.89254106785,1095.09765625,"(np.int64(2046), np.int64(1459), np.int64(2048), np.int64(1472))",174,33
55,1455.25,144.75,4.0,49457.50539725165,642.168701171875,"(np.int64(144), np.int64(1455), np.int64(147), np.int64(1457))",177,14
55,9.0,170.0,1.0,12364.376349312912,612.23193359375,"(np.int64(170), np.int64(9), np.int64(171), np.int64(10))",230,129
55,1094.0,279.0,1.0,12364.376349312912,612.23193359375,"(np.int64(279), np.int64(1094), np.int64(280), np.int64(1095))",222,10
55,70.75,753.0,9.0,111279.3871438162,642.168701171875,"(np.int64(752), np.int64(69), np.int64(756), np.int64(75))",80,42
55,461.25,815.375,16.0,197830.0215890066,672.765869140625,"(np.int64(814), np.int64(459), np.int64(818), np.int64(465))",15,86
55,446.73275862068965,827.7586206896551,59.0,729498.2046094618,736.051513671875,"(np.int64(821), np.int64(439), np.int64(834), np.int64(451))",15,86
55,980.6666666666666,870.3333333333334,3.0,37093.12904793874,736.051513671875,"(np.int64(870), np.int64(980), np.int64(872), np.int64(982))",49,24
55,621.5,1122.0,2.0,24728.752698625824,612.23193359375,"(np.int64(1121), np.int64(621), np.int64(1124), np.int64(623))",21,5
55,1464.0,1302.0,1.0,12364.376349312912,612.23193359375,"(np.int64(1302), np.int64(1464), np.int64(1303), np.int64(1465))",102,60
55,1456.4583333333333,1310.375,24.0,296745.0323835099,802.0888671875,"(np.int64(1306), np.int64(1455), np.int64(1315), np.int64(1459))",102,60
55,1643.6,1406.2,5.0,61821.881746564555,642.168701171875,"(np.int64(1405), np.int64(1642), np.int64(1408), np.int64(1646))",203,9
55,168.1153846153846,1523.2692307692307,26.0,321473.7850821357,768.739990234375,"(np.int64(1521), np.int64(162), np.int64(1527), np.int64(174))",53,106
55,312.0,1562.0,1.0,12364.376349312912,672.765869140625,"(np.int64(1562), np.int64(312), np.int64(1563), np.int64(313))",35,105
55,1989.142857142857,1691.5714285714287,7.0,86550.63444519039,836.318115234375,"(np.int64(1690), np.int64(1988), np.int64(1694), np.int64(1991))",120,27
55,1046.0,1729.0,1.0,12364.376349312912,642.168701171875,"(np.int64(1729), np.int64(1046), np.int64(1730), np.int64(1047))",82,64
56,1457.3333333333333,142.0,9.0,111279.3871438162,768.685302734375,"(np.int64(140), np.int64(1457), np.int64(146), np.int64(1459))",177,14
56,74.8,754.0,11.0,136008.13984244203,642.1302490234375,"(np.int64(752), np.int64(72), np.int64(756), np.int64(77))",80,42
56,463.0,813.375,16.0,197830.0215890066,672.7218017578125,"(np.int64(812), np.int64(461), np.int64(816), np.int64(466))",15,86
56,442.10628019323667,825.6376811594204,71.0,877870.7208012168,735.9993896484375,"(np.int64(819), np.int64(439), np.int64(834), np.int64(452))",15,86
56,983.0,878.0,1.0,12364.376349312912,612.28662109375,"(np.int64(878), np.int64(983), np.int64(879), np.int64(984))",49,24
56,103.0,880.0,1.0,12364.376349312912,642.1302490234375,"(np.int64(880), np.int64(103), np.int64(881), np.int64(104))",213,10
56,1465.5555555555557,1299.7777777777778,9.0,111279.3871438162,703.986572265625,"(np.int64(1298), np.int64(1465), np.int64(1303), np.int64(1467))",102,60
56,1457.888888888889,1308.2592592592594,27.0,333838.1614314486,768.685302734375,"(np.int64(1302), np.int64(1456), np.int64(1313), np.int64(1460))",102,60
56,1384.3333333333333,1323.0,3.0,37093.12904793874,642.1302490234375,"(np.int64(1322), np.int64(1384), np.int64(1325), np.int64(1386))",97,63
56,1656.0,1393.0,1.0,12364.376349312912,642.1302490234375,"(np.int64(1393), np.int64(1656), np.int64(1394), np.int64(1657))",203,9
56,1643.7777777777778,1404.3333333333335,10.0,123643.76349312911,735.9993896484375,"(np.int64(1403), np.int64(1642), np.int64(1406), np.int64(1648))",203,9
56,166.57142857142858,1522.4857142857143,35.0,432753.1722259519,802.119140625,"(np.int64(1520), np.int64(158), np.int64(1526), np.int64(175))",53,106
56,539.0,1545.75,3.0,37093.12904793874,612.28662109375,"(np.int64(1541), np.int64(539), np.int64(1551), np.int64(540))",232,10
56,278.0,1670.0,1.0,12364.376349312912,612.28662109375,"(np.int64(1670), np.int64(278), np.int64(1671), np.int64(279))",233,19
56,1990.5,1691.5,4.0,49457.50539725165,703.986572265625,"(np.int64(1691), np.int64(1990), np.int64(1693), np.int64(1992))",120,27
56,375.0,1815.0,1.0,12364.376349312912,612.28662109375,"(np.int64(1815), np.int64(375), np.int64(1816), np.int64(376))",60,51
56,1461.8,2046.8,5.0,61821.881746564555,1017.606689453125,"(np.int64(2046), np.int64(1460), np.int64(2048), np.int64(1464))",174,33
57,1458.0,142.0,1.0,12364.376349312912,612.237060546875,"(np.int64(142), np.int64(1458), np.int64(143), np.int64(1459))",177,14
57,463.0,813.0769230769231,13.0,160736.89254106785,672.70751953125,"(np.int64(811), np.int64(461), np.int64(816), np.int64(466))",15,86
57,444.56060606060606,824.1818181818181,67.0,828413.2154039651,704.03466796875,"(np.int64(818), np.int64(440), np.int64(830), np.int64(452))",15,86
57,1462.4177777777777,1299.3192592592593,36.0,445117.5485752648,802.1314697265625,"(np.int64(1292), np.int64(1457), np.int64(1314), np.int64(1468))",102,60
57,1384.0,1322.5,2.0,24728.752698625824,642.13623046875,"(np.int64(1322), np.int64(1384), np.int64(1324), np.int64(1385))",97,63
57,1645.357142857143,1403.9285714285713,14.0,173101.26889038077,802.1314697265625,"(np.int64(1402), np.int64(1643), np.int64(1406), np.int64(1649))",203,9
57,166.33333333333334,1523.0833333333333,24.0,296745.0323835099,1056.02392578125,"(np.int64(1520), np.int64(159), np.int64(1526), np.int64(175))",53,106
57,540.1111111111111,1544.2777777777778,18.0,222558.7742876324,768.70458984375,"(np.int64(1539), np.int64(539), np.int64(1550), np.int64(542))",232,10
57,1462.0,2047.0,3.0,37093.12904793874,871.084716796875,"(np.int64(2047), np.int64(1461), np.int64(2048), np.int64(1464))",174,33
58,1884.3333333333333,457.0,3.0,37093.12904793874,612.3623046875,"(np.int64(456), np.int64(1884), np.int64(459), np.int64(1886))",134,8
58,69.16666666666666,736.6666666666667,4.0,49457.50539725165,672.68896484375,"(np.int64(735), np.int64(69), np.int64(739), np.int64(71))",80,42
58,451.08126159554735,819.6677179962895,75.0,927328.2261984685,735.93505859375,"(np.int64(811), np.int64(439), np.int64(829), np.int64(467))",15,86
58,982.75,866.75,4.0,49457.50539725165,672.68896484375,"(np.int64(866), np.int64(982), np.int64(869), np.int64(984))",49,24
58,102.0,880.0,3.0,37093.12904793874,612.3623046875,"(np.int64(880), np.int64(101), np.int64(881), np.int64(104))",213,10
58,1463.4564102564102,1298.9089743589743,37.0,457481.9249245777,802.099609375,"(np.int64(1290), np.int64(1458), np.int64(1314), np.int64(1468))",102,60
58,1647.0,1402.5,16.0,197830.0215890066,871.18359375,"(np.int64(1401), np.int64(1645), np.int64(1405), np.int64(1650))",203,9
58,165.58139534883722,1522.6279069767443,43.0,531668.1830204552,1017.5244140625,"(np.int64(1518), np.int64(155), np.int64(1526), np.int64(178))",53,106
58,541.3,1544.0,12.0,148372.51619175493,704.02001953125,"(np.int64(1537), np.int64(540), np.int64(1549), np.int64(543))",232,10
58,1461.375,2046.625,8.0,98915.0107945033,1134.86962890625,"(np.int64(2046), np.int64(1459), np.int64(2048), np.int64(1464))",174,33
59,14.0,164.0,1.0,12364.376349312912,612.314453125,"(np.int64(164), np.int64(14), np.int64(165), np.int64(15))",230,129
59,1884.0,458.0,1.0,12364.376349312912,612.314453125,"(np.int64(458), np.int64(1884), np.int64(459), np.int64(1885))",134,8
59,69.0,737.5,2.0,24728.752698625824,642.07421875,"(np.int64(737), np.int64(69), np.int64(739), np.int64(70))",80,42
59,462.7,813.4,10.0,123643.76349312911,735.9716796875,"(np.int64(812), np.int64(461), np.int64(816), np.int64(465))",15,86
59,449.8666666666666,824.5866666666667,52.0,642947.5701642715,768.810546875,"(np.int64(819), np.int64(441), np.int64(829), np.int64(455))",15,86
59,104.2,882.8,15.0,185465.64523969367,802.162109375,"(np.int64(882), np.int64(100), np.int64(885), np.int64(109))",213,10
59,1463.5,1222.0,2.0,24728.752698625824,735.9716796875,"(np.int64(1222), np.int64(1463), np.int64(1223), np.int64(1465))",202,20
59,1464.0,1291.5,2.0,24728.752698625824,612.314453125,"(np.int64(1291), np.int64(1464), np.int64(1293), np.int64(1465))",102,60
59,1462.0657894736842,1305.907894736842,28.0,346202.53778076154,802.162109375,"(np.int64(1300), np.int64(1457), np.int64(1315), np.int64(1468))",102,60
59,1385.0,1324.0,1.0,12364.376349312912,735.9716796875,"(np.int64(1324), np.int64(1385), np.int64(1325), np.int64(1386))",97,63
59,1644.5,1405.107142857143,9.0,111279.38714381622,871.17431640625,"(np.int64(1403), np.int64(1643), np.int64(1408), np.int64(1648))",203,9
59,176.0,1519.0,1.0,12364.376349312912,612.314453125,"(np.int64(1519), np.int64(176), np.int64(1520), np.int64(177))",53,106
59,166.10416666666666,1523.4583333333333,48.0,593490.0647670198,1175.443359375,"(np.int64(1520), np.int64(158), np.int64(1527), np.int64(175))",53,106
59,539.5,1541.5,2.0,24728.752698625824,642.07421875,"(np.int64(1539), np.int64(539), np.int64(1545), np.int64(541))",232,10
59,1046.0,1729.0,1.0,12364.376349312912,642.07421875,"(np.int64(1729), np.int64(1046), np.int64(1730), np.int64(1047))",82,64
59,352.0,1807.0,1.0,12364.376349312912,612.314453125,"(np.int64(1807), np.int64(352), np.int64(1808), np.int64(353))",60,51
59,1461.0,2047.0,1.0,12364.376349312912,612.314453125,"(np.int64(2047), np.int64(1461), np.int64(2048), np.int64(1462))",174,33
60,69.45454545454545,738.2727272727273,11.0,136008.13984244203,672.7158203125,"(np.int64(736), np.int64(69), np.int64(742), np.int64(71))",80,42
60,463.0,812.25,4.0,49457.50539725165,642.15283203125,"(np.int64(812), np.int64(462), np.int64(814), np.int64(465))",15,86
60,443.6607142857143,821.7142857142857,56.0,692405.0755615231,768.6630859375,"(np.int64(818), np.int64(438), np.int64(827), np.int64(450))",15,86
60,444.0,836.0,1.0,12364.376349312912,612.19775390625,"(np.int64(836), np.int64(444), np.int64(837), np.int64(445))",15,86
60,102.0,881.5454545454545,12.0,148372.51619175496,704.03955078125,"(np.int64(881), np.int64(99), np.int64(884), np.int64(109))",213,10
60,1542.0,1098.0,1.0,12364.376349312912,612.19775390625,"(np.int64(1098), np.int64(1542), np.int64(1099), np.int64(1543))",241,21
60,1467.0,1300.0,8.0,98915.0107945033,802.115234375,"(np.int64(1298), np.int64(1466), np.int64(1303), np.int64(1469))",102,60
60,1459.6,1311.2666666666667,15.0,185465.64523969367,802.115234375,"(np.int64(1309), np.int64(1458), np.int64(1314), np.int64(1462))",102,60
60,1385.0,1322.5,4.0,49457.50539725165,871.1484375,"(np.int64(1322), np.int64(1384), np.int64(1324), np.int64(1387))",97,63
60,169.57407407407408,1521.6666666666667,54.0,667676.3228628972,1433.601318359375,"(np.int64(1516), np.int64(161), np.int64(1527), np.int64(180))",53,106
60,540.0,1543.5,4.0,49457.50539725165,642.15283203125,"(np.int64(1542), np.int64(540), np.int64(1546), np.int64(541))",232,10
60,1167.0,1681.25,3.0,37093.12904793874,942.91845703125,"(np.int64(1680), np.int64(1166), np.int64(1683), np.int64(1169))",243,14
60,1463.125,2046.6875,16.0,197830.0215890066,1868.783935546875,"(np.int64(2046), np.int64(1458), np.int64(2048), np.int64(1469))",174,33
61,70.36363636363636,739.6363636363636,11.0,136008.13984244203,642.125,"(np.int64(737), np.int64(69), np.int64(743), np.int64(72))",80,42
61,1166.0,808.0,1.0,12364.376349312912,612.25244140625,"(np.int64(808), np.int64(1166), np.int64(809), np.int64(1167))",48,11
61,444.72549019607845,824.421568627451,53.0,655311.9465135843,906.69091796875,"(np.int64(817), np.int64(440), np.int64(829), np.int64(451))",15,86
61,251.0,1002.0,1.0,12364.376349312912,768.7138671875,"(np.int64(1002), np.int64(251), np.int64(1003), np.int64(252))",244,2
61,1541.0,1096.0,1.0,12364.376349312912,612.25244140625,"(np.int64(1096), np.int64(1541), np.int64(1097), np.int64(1542))",241,21
61,1245.5,1152.0,2.0,24728.752698625824,642.125,"(np.int64(1152), np.int64(1245), np.int64(1153), np.int64(1247))",245,2
61,1467.5,1299.0,8.0,98915.0107945033,768.7138671875,"(np.int64(1297), np.int64(1467), np.int64(1302), np.int64(1469))",102,60
61,1460.0666666666666,1310.2,15.0,185465.64523969367,768.7138671875,"(np.int64(1308), np.int64(1459), np.int64(1313), np.int64(1463))",102,60
61,1387.0,1321.5,2.0,24728.752698625824,612.25244140625,"(np.int64(1321), np.int64(1387), np.int64(1323), np.int64(1388))",97,63
61,169.11904761904762,1521.595238095238,42.0,519303.8066711423,1017.6005859375,"(np.int64(1516), np.int64(161), np.int64(1526), np.int64(180))",53,106
61,540.4705882352941,1540.5882352941176,17.0,210194.3979383195,802.052734375,"(np.int64(1534), np.int64(539), np.int64(1547), np.int64(543))",232,10
61,1463.607142857143,2046.1785714285713,28.0,346202.53778076154,1817.5693359375,"(np.int64(2045), np.int64(1457), np.int64(2048), np.int64(1469))",174,33
62,68.83333333333333,740.1666666666666,6.0,74186.25809587748,642.080322265625,"(np.int64(739), np.int64(68), np.int64(742), np.int64(71))",80,42
62,443.15566037735846,823.5,56.0,692405.075561523,979.885986328125,"(np.int64(817), np.int64(438), np.int64(828), np.int64(449))",15,86
62,1539.0,1095.0,1.0,12364.376349312912,642.080322265625,"(np.int64(1095), np.int64(1539), np.int64(1096), np.int64(1540))",241,21
62,1466.0,1298.6666666666667,6.0,74186.25809587748,736.034912109375,"(np.int64(1297), np.int64(1465), np.int64(1301), np.int64(1468))",102,60
62,1458.8,1309.4,20.0,247287.52698625822,836.32470703125,"(np.int64(1306), np.int64(1457), np.int64(1313), np.int64(1462))",102,60
62,1385.0,1321.0,1.0,12364.376349312912,642.080322265625,"(np.int64(1321), np.int64(1385), np.int64(1322), np.int64(1386))",97,63
62,169.26190476190476,1520.3452380952378,23.0,284380.65603419696,802.1376953125,"(np.int64(1517), np.int64(161), np.int64(1525), np.int64(177))",53,106
62,538.578947368421,1539.2631578947369,19.0,234923.15063694533,768.66796875,"(np.int64(1533), np.int64(537), np.int64(1544), np.int64(541))",232,10
62,1461.68,2046.32,25.0,309109.4087328228,1017.658935546875,"(np.int64(2045), np.int64(1455), np.int64(2048), np.int64(1468))",174,33
63,69.41666666666666,737.4166666666667,7.0,86550.63444519039,642.16259765625,"(np.int64(734), np.int64(68), np.int64(744), np.int64(71))",80,42
63,443.4074074074074,819.8518518518518,54.0,667676.3228628972,906.7265625,"(np.int64(817), np.int64(439), np.int64(824), np.int64(449))",15,86
63,1466.5714285714287,1298.7142857142858,7.0,86550.63444519039,704.01953125,"(np.int64(1297), np.int64(1466), np.int64(1301), np.int64(1468))",102,60
63,1459.15,1308.8,20.0,247287.52698625822,871.146484375,"(np.int64(1306), np.int64(1457), np.int64(1312), np.int64(1462))",102,60
63,168.3,1520.5666666666666,18.0,222558.7742876324,736.00830078125,"(np.int64(1519), np.int64(161), np.int64(1525), np.int64(174))",53,106
63,539.5,1534.75,5.0,61821.88174656456,642.16259765625,"(np.int64(1532), np.int64(539), np.int64(1538), np.int64(541))",232,10
63,1458.25,2046.75,4.0,49457.50539725165,642.16259765625,"(np.int64(2046), np.int64(1457), np.int64(2048), np.int64(1460))",174,33
64,13.0,166.75,4.0,49457.50539725165,704.0166015625,"(np.int64(166), np.int64(12), np.int64(169), np.int64(15))",230,129
64,70.5,741.75,3.0,37093.12904793874,642.19140625,"(np.int64(740), np.int64(70), np.int64(745), np.int64(72))",80,42
64,444.55,821.5333333333333,60.0,741862.5809587747,906.607421875,"(np.int64(818), np.int64(440), np.int64(826), np.int64(451))",15,86
64,922.0,1118.0,1.0,12364.376349312912,802.16796875,"(np.int64(1118), np.int64(922), np.int64(1119), np.int64(923))",20,50
64,878.0,1289.0,1.0,12364.376349312912,612.32666015625,"(np.int64(1289), np.int64(878), np.int64(1290), np.int64(879))",162,7
64,1464.9025641025644,1304.6192307692309,34.0,420388.79587663896,836.224609375,"(np.int64(1298), np.int64(1459), np.int64(1313), np.int64(1470))",102,60
64,167.68421052631578,1522.7894736842106,19.0,234923.15063694533,906.607421875,"(np.int64(1520), np.int64(163), np.int64(1526), np.int64(174))",53,106
64,1788.0,1770.0,1.0,12364.376349312912,612.32666015625,"(np.int64(1770), np.int64(1788), np.int64(1771), np.int64(1789))",250,7
64,354.0,1803.5,2.0,24728.752698625824,612.32666015625,"(np.int64(1803), np.int64(354), np.int64(1805), np.int64(355))",60,51
65,14.0,166.0,1.0,12364.376349312912,612.306640625,"(np.int64(166), np.int64(14), np.int64(167), np.int64(15))",230,129
65,717.0,550.5,2.0,24728.752698625824,612.306640625,"(np.int64(550), np.int64(717), np.int64(552), np.int64(718))",251,10
65,71.0,742.5,2.0,24728.752698625824,612.306640625,"(np.int64(742), np.int64(71), np.int64(744), np.int64(72))",80,42
65,443.85714285714283,823.2678571428571,56.0,692405.0755615231,871.09765625,"(np.int64(820), np.int64(440), np.int64(828), np.int64(449))",15,86
65,920.8333333333334,1116.8333333333333,12.0,148372.51619175496,2419.9091796875,"(np.int64(1114), np.int64(920), np.int64(1120), np.int64(923))",20,50
65,1244.0,1153.5,2.0,24728.752698625824,642.174072265625,"(np.int64(1153), np.int64(1244), np.int64(1155), np.int64(1245))",245,2
65,1467.764705882353,1301.1764705882354,17.0,210194.3979383195,906.6881103515625,"(np.int64(1299), np.int64(1466), np.int64(1304), np.int64(1470))",102,60
65,1461.6315789473683,1311.0,19.0,234923.15063694533,768.7080078125,"(np.int64(1308), np.int64(1460), np.int64(1315), np.int64(1464))",102,60
65,165.3913043478261,1524.391304347826,23.0,284380.65603419696,836.22265625,"(np.int64(1522), np.int64(159), np.int64(1527), np.int64(172))",53,106
65,540.6666666666666,1541.5,4.0,49457.50539725165,642.174072265625,"(np.int64(1538), np.int64(540), np.int64(1545), np.int64(542))",232,10
65,1787.0,1770.5,2.0,24728.752698625824,672.667236328125,"(np.int64(1770), np.int64(1787), np.int64(1772), np.int64(1788))",250,7
65,354.45,1804.55,20.0,247287.52698625822,802.15234375,"(np.int64(1800), np.int64(353), np.int64(1811), np.int64(358))",60,51
66,1884.0,456.0,1.0,12364.376349312912,612.29345703125,"(np.int64(456), np.int64(1884), np.int64(457), np.int64(1885))",134,8
66,71.0,741.0,1.0,12364.376349312912,612.29345703125,"(np.int64(741), np.int64(71), np.int64(742), np.int64(72))",80,42
66,446.5,825.6545454545454,56.0,692405.0755615231,768.7421875,"(np.int64(819), np.int64(438), np.int64(830), np.int64(451))",15,86
66,921.3809523809524,1115.904761904762,21.0,259651.90333557114,5422.955078125,"(np.int64(1112), np.int64(920), np.int64(1120), np.int64(926))",20,50
66,1468.2,1298.8,15.0,185465.64523969367,871.080810546875,"(np.int64(1296), np.int64(1467), np.int64(1302), np.int64(1470))",102,60
66,1462.95,1307.5,20.0,247287.52698625822,768.7421875,"(np.int64(1303), np.int64(1461), np.int64(1312), np.int64(1466))",102,60
66,167.58620689655172,1522.655172413793,29.0,358566.91413007444,1017.584228515625,"(np.int64(1519), np.int64(162), np.int64(1527), np.int64(175))",53,106
66,146.0,1535.0,1.0,12364.376349312912,642.12890625,"(np.int64(1535), np.int64(146), np.int64(1536), np.int64(147))",53,106
66,1787.6666666666667,1768.8333333333333,6.0,74186.25809587748,672.712890625,"(np.int64(1768), np.int64(1786), np.int64(1770), np.int64(1791))",250,7
66,356.375,1800.4375,16.0,197830.0215890066,802.1064453125,"(np.int64(1797), np.int64(355), np.int64(1805), np.int64(359))",60,51
67,443.7708333333333,826.625,51.0,630583.1938149587,736.0,"(np.int64(819), np.int64(438), np.int64(835), np.int64(450))",15,86
67,921.2592592592592,1115.962962962963,27.0,333838.1614314486,4108.845703125,"(np.int64(1111), np.int64(919), np.int64(1120), np.int64(926))",20,50
67,1469.0,1225.0,1.0,12364.376349312912,642.17919921875,"(np.int64(1225), np.int64(1469), np.int64(1226), np.int64(1470))",202,20
67,872.0,1289.0,1.0,12364.376349312912,612.24365234375,"(np.int64(1289), np.int64(872), np.int64(1290), np.int64(873))",162,7
67,1468.2857142857142,1298.642857142857,14.0,173101.26889038077,802.17919921875,"(np.int64(1296), np.int64(1467), np.int64(1302), np.int64(1470))",102,60
67,1462.4285714285713,1309.2857142857142,7.0,86550.63444519039,704.0,"(np.int64(1308), np.int64(1462), np.int64(1312), np.int64(1464))",102,60
67,166.05,1523.3,20.0,247287.52698625822,802.17919921875,"(np.int64(1521), np.int64(162), np.int64(1526), np.int64(170))",53,106
67,1785.0,1767.0,1.0,12364.376349312912,612.24365234375,"(np.int64(1767), np.int64(1785), np.int64(1768), np.int64(1786))",250,7
68,816.0,174.0,1.0,12364.376349312912,612.30810546875,"(np.int64(174), np.int64(816), np.int64(175), np.int64(817))",257,3
68,718.75,547.375,8.0,98915.0107945033,704.051513671875,"(np.int64(546), np.int64(718), np.int64(550), np.int64(721))",251,10
68,442.2142857142857,822.5833333333333,44.0,544032.5593697681,704.051513671875,"(np.int64(819), np.int64(439), np.int64(826), np.int64(449))",15,86
68,920.8387096774194,1115.4516129032259,31.0,383295.6668287003,3520.021240234375,"(np.int64(1110), np.int64(918), np.int64(1121), np.int64(927))",20,50
68,1467.0,1224.0,1.0,12364.376349312912,612.30810546875,"(np.int64(1224), np.int64(1467), np.int64(1225), np.int64(1468))",202,20
68,1468.2222222222222,1298.2222222222222,9.0,111279.3871438162,736.012939453125,"(np.int64(1296), np.int64(1467), np.int64(1301), np.int64(1470))",102,60
68,1461.625,1310.0,8.0,98915.0107945033,704.051513671875,"(np.int64(1308), np.int64(1461), np.int64(1313), np.int64(1464))",102,60
68,168.05714285714285,1520.5142857142857,35.0,432753.1722259519,871.10498046875,"(np.int64(1516), np.int64(162), np.int64(1525), np.int64(174))",53,106
68,959.0,1716.0,1.0,12364.376349312912,612.30810546875,"(np.int64(1716), np.int64(959), np.int64(1717), np.int64(960))",259,2
68,1786.2,1766.8,5.0,61821.881746564555,672.737060546875,"(np.int64(1766), np.int64(1785), np.int64(1768), np.int64(1789))",250,7
68,1462.0,2046.0,3.0,37093.12904793874,642.069580078125,"(np.int64(2046), np.int64(1461), np.int64(2047), np.int64(1464))",174,33
69,12.0,166.5,2.0,24728.752698625824,672.7626953125,"(np.int64(166), np.int64(12), np.int64(168), np.int64(13))",230,129
69,1147.0,504.75,3.0,37093.12904793874,672.7626953125,"(np.int64(501), np.int64(1146), np.int64(509), np.int64(1149))",104,15
69,717.5384615384615,548.4615384615385,13.0,160736.89254106785,1095.0986328125,"(np.int64(546), np.int64(716), np.int64(551), np.int64(720))",251,10
69,443.9,822.56,50.0,618218.8174656456,703.9912109375,"(np.int64(819), np.int64(440), np.int64(827), np.int64(449))",15,86
69,919.8260869565217,1116.4347826086957,23.0,284380.65603419696,2026.609375,"(np.int64(1112), np.int64(917), np.int64(1121), np.int64(924))",20,50
69,1467.0,1299.0,3.0,37093.12904793874,612.3095703125,"(np.int64(1298), np.int64(1467), np.int64(1301), np.int64(1468))",102,60
69,1460.5555555555557,1310.5555555555557,9.0,111279.3871438162,736.0546875,"(np.int64(1308), np.int64(1460), np.int64(1314), np.int64(1462))",102,60
69,167.24324324324326,1520.5945945945946,37.0,457481.92492457776,736.0546875,"(np.int64(1517), np.int64(160), np.int64(1525), np.int64(173))",53,106
69,1045.5,1722.0,2.0,24728.752698625824,612.3095703125,"(np.int64(1722), np.int64(1045), np.int64(1723), np.int64(1047))",82,64
69,1785.75,1767.75,4.0,49457.50539725165,642.2021484375,"(np.int64(1767), np.int64(1785), np.int64(1769), np.int64(1788))",250,7
69,352.75,1804.0,4.0,49457.50539725165,703.9912109375,"(np.int64(1803), np.int64(352), np.int64(1806), np.int64(354))",60,51
70,13.333333333333334,165.33333333333334,3.0,37093.12904793874,704.02197265625,"(np.int64(165), np.int64(13), np.int64(167), np.int64(15))",230,129
70,1148.875,500.125,8.0,98915.0107945033,672.75244140625,"(np.int64(497), np.int64(1148), np.int64(504), np.int64(1151))",104,15
70,717.1666666666666,548.8333333333334,12.0,148372.51619175496,735.982421875,"(np.int64(547), np.int64(716), np.int64(552), np.int64(720))",251,10
70,445.0652173913044,822.6521739130435,46.0,568761.3120683939,704.02197265625,"(np.int64(819), np.int64(442), np.int64(828), np.int64(449))",15,86
70,920.3548387096774,1116.032258064516,31.0,383295.6668287003,4032.74560546875,"(np.int64(1111), np.int64(918), np.int64(1121), np.int64(925))",20,50
70,686.0,1195.0,1.0,12364.376349312912,612.28662109375,"(np.int64(1195), np.int64(686), np.int64(1196), np.int64(687))",62,10
70,1461.0,1311.5,2.0,24728.752698625824,642.173828125,"(np.int64(1311), np.int64(1461), np.int64(1313), np.int64(1462))",102,60
70,165.42857142857142,1522.0714285714287,14.0,173101.26889038077,735.982421875,"(np.int64(1521), np.int64(162), np.int64(1524), np.int64(170))",53,106
70,541.0,1539.0,1.0,12364.376349312912,612.28662109375,"(np.int64(1539), np.int64(541), np.int64(1540), np.int64(542))",232,10
70,958.0,1717.0,1.0,12364.376349312912,612.28662109375,"(np.int64(1717), np.int64(958), np.int64(1718), np.int64(959))",259,2
70,874.5,1732.0,2.0,24728.752698625824,642.173828125,"(np.int64(1732), np.int64(874), np.int64(1733), np.int64(876))",89,127
70,1785.75,1767.0,4.0,49457.50539725165,672.75244140625,"(np.int64(1766), np.int64(1785), np.int64(1769), np.int64(1788))",250,7
70,353.5,1803.75,3.0,37093.12904793874,612.28662109375,"(np.int64(1802), np.int64(353), np.int64(1806), np.int64(355))",60,51
70,1461.0,2047.0,5.0,61821.881746564555,704.02197265625,"(np.int64(2047), np.int64(1459), np.int64(2048), np.int64(1464))",174,33
71,1012.6666666666666,2.0,18.0,222558.7742876324,1388.72021484375,"(np.int64(0), np.int64(1010), np.int64(6), np.int64(1015))",129,13
71,15.0,165.0,3.0,37093.12904793874,942.9541015625,"(np.int64(165), np.int64(14), np.int64(166), np.int64(17))",230,129
71,1149.6666666666667,501.5,6.0,74186.25809587748,672.7861328125,"(np.int64(499), np.int64(1149), np.int64(505), np.int64(1152))",104,15
71,718.0666666666667,549.6666666666666,15.0,185465.64523969367,906.64453125,"(np.int64(547), np.int64(717), np.int64(553), np.int64(722))",251,10
71,1402.6666666666667,771.3333333333334,3.0,37093.12904793874,672.7861328125,"(np.int64(771), np.int64(1402), np.int64(773), np.int64(1404))",264,3
71,447.1538461538462,824.2307692307693,28.0,346202.53778076154,735.96875,"(np.int64(820), np.int64(444), np.int64(827), np.int64(450))",15,86
71,921.2558139534884,1116.6046511627908,43.0,531668.1830204552,6820.17578125,"(np.int64(1111), np.int64(917), np.int64(1122), np.int64(929))",20,50
71,1462.0,1311.8,5.0,61821.881746564555,703.96728515625,"(np.int64(1311), np.int64(1461), np.int64(1314), np.int64(1464))",102,60
71,165.93333333333334,1522.8,15.0,185465.64523969367,735.96875,"(np.int64(1520), np.int64(162), np.int64(1525), np.int64(171))",53,106
71,847.0,1703.0,1.0,12364.376349312912,612.2705078125,"(np.int64(1703), np.int64(847), np.int64(1704), np.int64(848))",89,127
71,1045.5,1721.0,2.0,24728.752698625824,672.7861328125,"(np.int64(1721), np.int64(1045), np.int64(1722), np.int64(1047))",82,64
71,873.25,1733.5,3.0,37093.12904793874,612.2705078125,"(np.int64(1733), np.int64(871), np.int64(1735), np.int64(876))",89,127
72,1011.1851851851852,3.3333333333333335,27.0,333838.1614314486,1717.3525390625,"(np.int64(0), np.int64(1008), np.int64(8), np.int64(1015))",129,13
72,718.297619047619,552.4880952380952,13.0,160736.89254106785,672.63623046875,"(np.int64(549), np.int64(716), np.int64(556), np.int64(722))",251,10
72,963.0,763.0,1.0,12364.376349312912,612.27001953125,"(np.int64(763), np.int64(963), np.int64(764), np.int64(964))",74,4
72,1402.75,773.25,4.0,49457.50539725165,906.74462890625,"(np.int64(773), np.int64(1402), np.int64(775), np.int64(1405))",264,3
72,445.58620689655174,824.2758620689655,29.0,358566.91413007444,703.951171875,"(np.int64(822), np.int64(442), np.int64(829), np.int64(449))",15,86
72,614.0,850.5,2.0,24728.752698625824,703.951171875,"(np.int64(850), np.int64(614), np.int64(852), np.int64(615))",267,2
72,1580.0,914.0,1.0,12364.376349312912,642.07568359375,"(np.int64(914), np.int64(1580), np.int64(915), np.int64(1581))",268,6
72,919.7931034482758,1117.655172413793,29.0,358566.91413007444,3591.164306640625,"(np.int64(1114), np.int64(916), np.int64(1121), np.int64(925))",20,50
72,1461.5,1312.0,4.0,49457.50539725165,642.07568359375,"(np.int64(1311), np.int64(1461), np.int64(1314), np.int64(1463))",102,60
72,166.73333333333332,1523.6666666666667,15.0,185465.64523969367,736.02099609375,"(np.int64(1521), np.int64(163), np.int64(1526), np.int64(170))",53,106
72,317.5,1550.0,4.0,49457.50539725165,703.951171875,"(np.int64(1549), np.int64(317), np.int64(1552), np.int64(319))",35,105
72,316.0,1562.0,1.0,12364.376349312912,612.27001953125,"(np.int64(1562), np.int64(316), np.int64(1563), np.int64(317))",35,105
72,1046.0,1729.0,1.0,12364.376349312912,612.27001953125,"(np.int64(1729), np.int64(1046), np.int64(1730), np.int64(1047))",82,64
73,1013.0555555555555,3.0,18.0,222558.7742876324,1388.83837890625,"(np.int64(0), np.int64(1011), np.int64(8), np.int64(1015))",129,13
73,1092.5,273.0,2.0,24728.752698625824,642.06396484375,"(np.int64(273), np.int64(1092), np.int64(274), np.int64(1094))",222,10
73,1104.0,285.0,1.0,12364.376349312912,612.2080078125,"(np.int64(285), np.int64(1104), np.int64(286), np.int64(1105))",222,10
73,717.5,551.5,2.0,24728.752698625824,612.2080078125,"(np.int64(551), np.int64(717), np.int64(553), np.int64(719))",251,10
73,1403.2,771.4,5.0,61821.881746564555,768.8056640625,"(np.int64(771), np.int64(1402), np.int64(773), np.int64(1405))",264,3
73,447.8787878787879,824.5151515151515,33.0,408024.41952732607,642.06396484375,"(np.int64(822), np.int64(444), np.int64(829), np.int64(452))",15,86
73,921.5,1116.7777777777778,18.0,222558.7742876324,1767.13720703125,"(np.int64(1114), np.int64(918), np.int64(1120), np.int64(926))",20,50
73,1471.0,1300.0,3.0,37093.12904793874,672.68994140625,"(np.int64(1299), np.int64(1471), np.int64(1302), np.int64(1472))",102,60
73,1463.5,1310.5,8.0,98915.0107945033,736.060546875,"(np.int64(1309), np.int64(1463), np.int64(1313), np.int64(1465))",102,60
73,257.0,1454.0,1.0,12364.376349312912,612.2080078125,"(np.int64(1454), np.int64(257), np.int64(1455), np.int64(258))",270,10
73,167.5,1523.8,10.0,123643.76349312911,704.08642578125,"(np.int64(1523), np.int64(164), np.int64(1526), np.int64(171))",53,106
73,319.0,1548.8461538461538,13.0,160736.89254106785,1134.9697265625,"(np.int64(1547), np.int64(318), np.int64(1553), np.int64(322))",35,105
73,317.0,1560.5,4.0,49457.50539725165,704.08642578125,"(np.int64(1559), np.int64(317), np.int64(1563), np.int64(318))",35,105
73,865.3333333333334,1730.8333333333333,4.0,49457.50539725165,642.06396484375,"(np.int64(1726), np.int64(865), np.int64(1738), np.int64(867))",89,127
74,1012.1142857142858,3.057142857142857,35.0,432753.1722259519,1973.31689453125,"(np.int64(0), np.int64(1010), np.int64(8), np.int64(1015))",129,13
74,1090.5,270.5,2.0,24728.752698625824,612.309326171875,"(np.int64(267), np.int64(1089), np.int64(275), np.int64(1093))",222,10
74,1103.0,285.0,1.0,12364.376349312912,612.309326171875,"(np.int64(285), np.int64(1103), np.int64(286), np.int64(1104))",222,10
74,447.53333333333336,824.7,30.0,370931.29047938733,704.0654296875,"(np.int64(822), np.int64(443), np.int64(829), np.int64(452))",15,86
74,920.4615384615385,1117.4615384615386,13.0,160736.89254106785,1668.292724609375,"(np.int64(1116), np.int64(918), np.int64(1120), np.int64(924))",20,50
74,1428.3333333333333,1298.6666666666667,3.0,37093.12904793874,642.195556640625,"(np.int64(1298), np.int64(1428), np.int64(1300), np.int64(1430))",275,2
74,1471.0,1300.3333333333333,6.0,74186.25809587748,704.0654296875,"(np.int64(1299), np.int64(1470), np.int64(1303), np.int64(1473))",102,60
74,1463.0,1310.0,3.0,37093.12904793874,642.195556640625,"(np.int64(1309), np.int64(1463), np.int64(1312), np.int64(1464))",102,60
74,257.0,1455.0,1.0,12364.376349312912,612.309326171875,"(np.int64(1455), np.int64(257), np.int64(1456), np.int64(258))",270,10
74,167.52380952380952,1523.5714285714287,21.0,259651.90333557114,836.32568359375,"(np.int64(1522), np.int64(163), np.int64(1526), np.int64(172))",53,106
74,318.84615384615387,1549.1538461538462,13.0,160736.89254106785,871.06201171875,"(np.int64(1547), np.int64(318), np.int64(1553), np.int64(321))",35,105
74,317.57142857142856,1562.0,7.0,86550.63444519039,736.049072265625,"(np.int64(1560), np.int64(317), np.int64(1564), np.int64(320))",35,105
74,868.5,1733.0,2.0,24728.752698625824,642.195556640625,"(np.int64(1730), np.int64(865), np.int64(1737), np.int64(873))",89,127
75,1011.5,3.2916666666666665,48.0,593490.0647670198,2848.02099609375,"(np.int64(0), np.int64(1008), np.int64(10), np.int64(1015))",129,13
75,18.0,162.5,2.0,24728.752698625824,672.7158203125,"(np.int64(162), np.int64(18), np.int64(164), np.int64(19))",230,129
75,1093.0,273.0,1.0,12364.376349312912,612.19775390625,"(np.int64(273), np.int64(1093), np.int64(274), np.int64(1094))",222,10
75,1103.0,284.0,1.0,12364.376349312912,642.15283203125,"(np.int64(284), np.int64(1103), np.int64(285), np.int64(1104))",222,10
75,1828.0,426.0,1.0,12364.376349312912,612.19775390625,"(np.int64(426), np.int64(1828), np.int64(427), np.int64(1829))",278,3
75,717.0,550.0,1.0,12364.376349312912,642.15283203125,"(np.int64(550), np.int64(717), np.int64(551), np.int64(718))",251,10
75,447.3125,826.3333333333333,26.0,321473.78508213576,672.7158203125,"(np.int64(821), np.int64(443), np.int64(830), np.int64(451))",15,86
75,920.8235294117648,1116.4705882352941,17.0,210194.3979383195,1433.601318359375,"(np.int64(1114), np.int64(918), np.int64(1119), np.int64(925))",20,50
75,1427.3333333333333,1296.6666666666667,3.0,37093.12904793874,672.7158203125,"(np.int64(1296), np.int64(1427), np.int64(1298), np.int64(1429))",275,2
75,1471.3333333333333,1299.0,3.0,37093.12904793874,612.19775390625,"(np.int64(1298), np.int64(1471), np.int64(1301), np.int64(1473))",102,60
75,1298.0,1332.0,1.0,12364.376349312912,612.19775390625,"(np.int64(1332), np.int64(1298), np.int64(1333), np.int64(1299))",27,63
75,171.20454545454544,1521.409090909091,23.0,284380.65603419696,836.32763671875,"(np.int64(1520), np.int64(162), np.int64(1525), np.int64(176))",53,106
75,319.07142857142856,1546.857142857143,14.0,173101.26889038077,1216.770263671875,"(np.int64(1545), np.int64(318), np.int64(1550), np.int64(321))",35,105
75,318.3636363636364,1560.409090909091,22.0,272016.27968488407,836.32763671875,"(np.int64(1557), np.int64(316), np.int64(1564), np.int64(322))",35,105
76,1011.5869565217391,3.9130434782608696,46.0,568761.3120683939,3242.584716796875,"(np.int64(0), np.int64(1008), np.int64(10), np.int64(1016))",129,13
76,17.5,164.0,2.0,24728.752698625824,736.09375,"(np.int64(164), np.int64(17), np.int64(165), np.int64(19))",230,129
76,1105.0,285.0,1.0,12364.376349312912,612.240234375,"(np.int64(285), np.int64(1105), np.int64(286), np.int64(1106))",222,10
76,1828.5,426.5,2.0,24728.752698625824,642.060546875,"(np.int64(426), np.int64(1828), np.int64(428), np.int64(1830))",278,3
76,718.25,552.5,5.0,61821.881746564555,672.67578125,"(np.int64(550), np.int64(717), np.int64(555), np.int64(720))",251,10
76,448.62068965517244,824.8620689655172,29.0,358566.91413007444,736.09375,"(np.int64(822), np.int64(445), np.int64(829), np.int64(453))",15,86
76,917.8846153846154,1117.1538461538462,14.0,173101.26889038077,1134.8896484375,"(np.int64(1116), np.int64(915), np.int64(1120), np.int64(925))",20,50
76,1293.25,1329.5,3.0,37093.12904793874,642.060546875,"(np.int64(1329), np.int64(1292), np.int64(1331), np.int64(1296))",27,63
76,167.18421052631578,1523.1052631578948,38.0,469846.30127389065,1301.28662109375,"(np.int64(1521), np.int64(161), np.int64(1527), np.int64(174))",53,106
76,319.45,1547.8,20.0,247287.52698625822,1134.8896484375,"(np.int64(1545), np.int64(318), np.int64(1552), np.int64(322))",35,105
76,319.6521739130435,1560.6521739130435,23.0,284380.65603419696,704.0869140625,"(np.int64(1558), np.int64(318), np.int64(1564), np.int64(323))",35,105
77,1011.3469387755102,3.4489795918367347,49.0,605854.4411163327,1973.281494140625,"(np.int64(0), np.int64(1007), np.int64(10), np.int64(1016))",129,13
77,16.5,163.5,4.0,49457.50539725165,672.642822265625,"(np.int64(163), np.int64(16), np.int64(165), np.int64(18))",230,129
77,1888.0,457.0,1.0,12364.376349312912,612.336181640625,"(np.int64(457), np.int64(1888), np.int64(458), np.int64(1889))",134,8
77,438.0,819.0,1.0,12364.376349312912,612.336181640625,"(np.int64(819), np.int64(438), np.int64(820), np.int64(439))",15,86
77,448.38,822.3,26.0,321473.7850821357,736.0205078125,"(np.int64(820), np.int64(444), np.int64(828), np.int64(451))",15,86
77,916.1875,1116.4375,9.0,111279.3871438162,768.6865234375,"(np.int64(1116), np.int64(914), np.int64(1119), np.int64(922))",20,50
77,1471.0,1296.5,2.0,24728.752698625824,642.07080078125,"(np.int64(1296), np.int64(1471), np.int64(1298), np.int64(1472))",102,60
77,166.97368421052633,1522.3157894736842,38.0,469846.30127389065,1216.657958984375,"(np.int64(1520), np.int64(162), np.int64(1526), np.int64(174))",53,106
77,317.2597285067873,1555.4705882352941,51.0,630583.1938149584,1134.992919921875,"(np.int64(1545), np.int64(312), np.int64(1563), np.int64(322))",35,105
78,1010.8775510204082,2.9591836734693877,49.0,605854.4411163327,3379.855224609375,"(np.int64(0), np.int64(1006), np.int64(9), np.int64(1016))",129,13
78,2036.0,185.0,1.0,12364.376349312912,612.30224609375,"(np.int64(185), np.int64(2036), np.int64(186), np.int64(2037))",281,5
78,1103.0,284.0,1.0,12364.376349312912,612.30224609375,"(np.int64(284), np.int64(1103), np.int64(285), np.int64(1104))",222,10
78,1375.0,761.0,1.0,12364.376349312912,612.30224609375,"(np.int64(761), np.int64(1375), np.int64(762), np.int64(1376))",283,7
78,443.5432098765432,822.4938271604939,29.0,358566.9141300744,735.9541015625,"(np.int64(819), np.int64(441), np.int64(827), np.int64(451))",15,86
78,917.4,1117.1,6.0,74186.25809587746,836.301025390625,"(np.int64(1116), np.int64(915), np.int64(1119), np.int64(922))",20,50
78,1470.0,1296.0,1.0,12364.376349312912,612.30224609375,"(np.int64(1296), np.int64(1470), np.int64(1297), np.int64(1471))",102,60
78,1837.0,1513.0,1.0,12364.376349312912,612.30224609375,"(np.int64(1513), np.int64(1837), np.int64(1514), np.int64(1838))",184,12
78,166.12121212121212,1522.121212121212,33.0,408024.41952732607,1017.548828125,"(np.int64(1520), np.int64(161), np.int64(1525), np.int64(172))",53,106
78,315.2712842712843,1554.7160894660894,42.0,519303.80667114235,1344.715087890625,"(np.int64(1545), np.int64(311), np.int64(1562), np.int64(321))",35,105
78,859.5,1739.75,4.0,49457.50539725165,642.138671875,"(np.int64(1739), np.int64(858), np.int64(1741), np.int64(862))",89,127
79,1012.92,4.76,50.0,618218.8174656456,1973.3760986328125,"(np.int64(0), np.int64(1009), np.int64(10), np.int64(1018))",129,13
79,2037.0,185.5,2.0,24728.752698625824,672.6865234375,"(np.int64(185), np.int64(2037), np.int64(187), np.int64(2038))",281,5
79,447.5694444444444,825.8888888888888,27.0,333838.16143144865,703.9794921875,"(np.int64(820), np.int64(443), np.int64(830), np.int64(452))",15,86
79,921.75,1119.0,4.0,49457.50539725165,736.00048828125,"(np.int64(1118), np.int64(921), np.int64(1121), np.int64(924))",20,50
79,1839.0,1514.0,1.0,12364.376349312912,612.28369140625,"(np.int64(1514), np.int64(1839), np.int64(1515), np.int64(1840))",184,12
79,171.63636363636363,1521.7727272727273,23.0,284380.65603419696,836.221435546875,"(np.int64(1520), np.int64(164), np.int64(1526), np.int64(176))",53,106
79,318.7368421052632,1549.5263157894738,19.0,234923.15063694533,768.7490234375,"(np.int64(1547), np.int64(317), np.int64(1553), np.int64(322))",35,105
79,315.8666666666667,1558.9333333333334,18.0,222558.7742876324,768.7490234375,"(np.int64(1557), np.int64(312), np.int64(1562), np.int64(322))",35,105
80,1014.0869565217391,4.782608695652174,23.0,284380.65603419696,979.9541015625,"(np.int64(1), np.int64(1011), np.int64(9), np.int64(1018))",129,13
80,2038.0,186.5,2.0,24728.752698625824,672.737060546875,"(np.int64(186), np.int64(2038), np.int64(188), np.int64(2039))",281,5
80,1390.25,820.75,7.0,86550.63444519039,704.024169921875,"(np.int64(819), np.int64(1388), np.int64(823), np.int64(1393))",14,10
80,446.1666666666667,821.5,13.0,160736.89254106785,642.15673828125,"(np.int64(820), np.int64(442), np.int64(827), np.int64(452))",15,86
80,1383.5,830.5,6.0,74186.25809587748,642.15673828125,"(np.int64(830), np.int64(1382), np.int64(832), np.int64(1386))",14,10
80,1841.0,1514.0,1.0,12364.376349312912,612.282958984375,"(np.int64(1514), np.int64(1841), np.int64(1515), np.int64(1842))",184,12
80,169.16666666666666,1523.111111111111,18.0,222558.7742876324,802.12353515625,"(np.int64(1521), np.int64(164), np.int64(1525), np.int64(174))",53,106
80,321.2142857142857,1553.7012987012986,18.0,222558.77428763243,704.024169921875,"(np.int64(1548), np.int64(320), np.int64(1561), np.int64(323))",35,105
80,860.0,1740.0,1.0,12364.376349312912,612.282958984375,"(np.int64(1740), np.int64(860), np.int64(1741), np.int64(861))",89,127
81,2038.0,186.0,7.0,86550.63444519039,1017.6182861328125,"(np.int64(185), np.int64(2037), np.int64(188), np.int64(2040))",281,5
81,1082.0,260.0,1.0,12364.376349312912,612.2646484375,"(np.int64(260), np.int64(1082), np.int64(261), np.int64(1083))",288,4
81,694.0,282.0,1.0,12364.376349312912,612.2646484375,"(np.int64(282), np.int64(694), np.int64(283), np.int64(695))",113,2
81,1106.0,284.0,1.0,12364.376349312912,612.2646484375,"(np.int64(284), np.int64(1106), np.int64(285), np.int64(1107))",222,10
81,2017.5,414.0,2.0,24728.752698625824,612.2646484375,"(np.int64(414), np.int64(2017), np.int64(415), np.int64(2019))",132,19
81,1388.5333333333335,822.7333333333332,9.0,111279.38714381619,672.7138671875,"(np.int64(817), np.int64(1385), np.int64(831), np.int64(1392))",14,10
81,449.3666666666667,823.3333333333333,8.0,98915.0107945033,642.1585693359375,"(np.int64(821), np.int64(447), np.int64(827), np.int64(454))",15,86
81,919.75,1118.5,3.0,37093.12904793874,642.1585693359375,"(np.int64(1118), np.int64(918), np.int64(1120), np.int64(922))",20,50
81,1841.0,1513.0,1.0,12364.376349312912,612.2646484375,"(np.int64(1513), np.int64(1841), np.int64(1514), np.int64(1842))",184,12
81,169.5909090909091,1522.9545454545455,22.0,272016.27968488407,836.2706298828125,"(np.int64(1521), np.int64(164), np.int64(1525), np.int64(175))",53,106
81,321.3375,1553.425,13.0,160736.89254106785,736.0069580078125,"(np.int64(1548), np.int64(319), np.int64(1560), np.int64(324))",35,105
81,969.0,1669.0,1.0,12364.376349312912,672.7138671875,"(np.int64(1669), np.int64(969), np.int64(1670), np.int64(970))",291,50
82,2037.5,186.0,4.0,49457.50539725165,703.969482421875,"(np.int64(185), np.int64(2037), np.int64(188), np.int64(2039))",281,5
82,1081.0,260.0,1.0,12364.376349312912,612.240234375,"(np.int64(260), np.int64(1081), np.int64(261), np.int64(1082))",288,4
82,2016.2857142857142,412.57142857142856,7.0,86550.63444519039,768.71484375,"(np.int64(412), np.int64(2015), np.int64(414), np.int64(2019))",132,19
82,1388.4166666666665,823.3166666666666,17.0,210194.39793831948,672.7374267578125,"(np.int64(819), np.int64(1387), np.int64(827), np.int64(1392))",14,10
82,448.5,823.5,8.0,98915.0107945033,612.240234375,"(np.int64(822), np.int64(447), np.int64(827), np.int64(452))",15,86
82,919.5,1118.5,2.0,24728.752698625824,612.240234375,"(np.int64(1118), np.int64(919), np.int64(1120), np.int64(921))",20,50
82,167.75,1523.125,12.0,148372.51619175496,735.988037109375,"(np.int64(1521), np.int64(164), np.int64(1525), np.int64(173))",53,106
82,320.0,1551.1333333333332,17.0,210194.39793831948,979.943603515625,"(np.int64(1546), np.int64(317), np.int64(1559), np.int64(323))",35,105
83,811.0,164.0,1.0,12364.376349312912,612.2392578125,"(np.int64(164), np.int64(811), np.int64(165), np.int64(812))",257,3
83,1080.5,259.0,2.0,24728.752698625824,642.085205078125,"(np.int64(259), np.int64(1080), np.int64(260), np.int64(1082))",288,4
83,2020.0833333333333,411.9166666666667,12.0,148372.51619175496,736.044677734375,"(np.int64(410), np.int64(2015), np.int64(414), np.int64(2025))",132,19
83,1389.25,821.25,6.0,74186.25809587748,642.085205078125,"(np.int64(819), np.int64(1388), np.int64(825), np.int64(1392))",14,10
83,450.2,823.6,5.0,61821.881746564555,612.2392578125,"(np.int64(823), np.int64(449), np.int64(825), np.int64(452))",15,86
83,177.13636363636363,1070.818181818182,12.0,148372.51619175496,703.98779296875,"(np.int64(1070), np.int64(170), np.int64(1073), np.int64(181))",123,6
83,168.4,1523.0,15.0,185465.64523969367,768.715576171875,"(np.int64(1521), np.int64(165), np.int64(1525), np.int64(172))",53,106
83,1985.0,1538.0,1.0,12364.376349312912,612.2392578125,"(np.int64(1538), np.int64(1985), np.int64(1539), np.int64(1986))",87,6
83,315.98305084745766,1554.6525423728813,63.0,778955.7100067135,1095.0556640625,"(np.int64(1545), np.int64(312), np.int64(1561), np.int64(322))",35,105
83,845.5,1717.5,4.0,49457.50539725165,612.2392578125,"(np.int64(1717), np.int64(845), np.int64(1719), np.int64(847))",89,127
83,863.3333333333334,1737.6666666666667,3.0,37093.12904793874,642.085205078125,"(np.int64(1737), np.int64(863), np.int64(1739), np.int64(865))",89,127
83,1462.4285714285713,2046.7142857142858,7.0,86550.63444519039,802.123291015625,"(np.int64(2046), np.int64(1460), np.int64(2048), np.int64(1465))",174,33
84,1208.0,75.0,1.0,12364.376349312912,612.234619140625,"(np.int64(75), np.int64(1208), np.int64(76), np.int64(1209))",294,2
84,1079.5,259.5,2.0,24728.752698625824,612.234619140625,"(np.int64(259), np.int64(1079), np.int64(261), np.int64(1081))",288,4
84,2018.2307692307693,413.3076923076923,13.0,160736.89254106785,906.6348876953125,"(np.int64(412), np.int64(2015), np.int64(415), np.int64(2022))",132,19
84,1619.6666666666667,501.3333333333333,3.0,37093.12904793874,768.6990966796875,"(np.int64(501), np.int64(1619), np.int64(503), np.int64(1621))",295,7
84,450.0,825.0,1.0,12364.376349312912,612.234619140625,"(np.int64(825), np.int64(450), np.int64(826), np.int64(451))",15,86
84,980.5,867.5,2.0,24728.752698625824,612.234619140625,"(np.int64(867), np.int64(980), np.int64(869), np.int64(982))",49,24
84,183.0,1073.0,1.0,12364.376349312912,612.234619140625,"(np.int64(1073), np.int64(183), np.int64(1074), np.int64(184))",123,6
84,1840.0,1513.5,2.0,24728.752698625824,703.9957275390625,"(np.int64(1513), np.int64(1840), np.int64(1515), np.int64(1841))",184,12
84,168.77777777777777,1523.4444444444443,9.0,111279.3871438162,735.979736328125,"(np.int64(1523), np.int64(167), np.int64(1525), np.int64(172))",53,106
84,316.75,1554.9038461538462,104.0,1285895.1403285428,1479.112548828125,"(np.int64(1546), np.int64(309), np.int64(1564), np.int64(324))",35,105
84,862.5,1737.5,2.0,24728.752698625824,642.159912109375,"(np.int64(1737), np.int64(862), np.int64(1739), np.int64(864))",89,127
84,1460.5,2047.0,4.0,49457.50539725165,768.6990966796875,"(np.int64(2047), np.int64(1459), np.int64(2048), np.int64(1463))",174,33
85,1208.5,75.5,2.0,24728.752698625824,642.092529296875,"(np.int64(75), np.int64(1208), np.int64(77), np.int64(1210))",294,2
85,1298.0,383.0,3.0,37093.12904793874,672.701171875,"(np.int64(382), np.int64(1297), np.int64(385), np.int64(1300))",297,2
85,2014.9444444444443,413.0,18.0,222558.7742876324,1095.068359375,"(np.int64(412), np.int64(2011), np.int64(415), np.int64(2020))",132,19
85,2030.0,421.0,1.0,12364.376349312912,1258.6910400390625,"(np.int64(421), np.int64(2030), np.int64(422), np.int64(2031))",132,19
85,1619.0,501.0,1.0,12364.376349312912,672.701171875,"(np.int64(501), np.int64(1619), np.int64(502), np.int64(1620))",295,7
85,1579.0,918.5,2.0,24728.752698625824,736.0,"(np.int64(918), np.int64(1579), np.int64(920), np.int64(1580))",268,6
85,1863.0,990.0,1.0,12364.376349312912,612.263916015625,"(np.int64(990), np.int64(1863), np.int64(991), np.int64(1864))",298,2
85,1386.0,1319.0,1.0,12364.376349312912,704.003662109375,"(np.int64(1319), np.int64(1386), np.int64(1320), np.int64(1387))",97,63
85,315.7980769230769,1554.9423076923076,104.0,1285895.1403285428,1767.074951171875,"(np.int64(1547), np.int64(308), np.int64(1564), np.int64(322))",35,105
85,844.0,1717.0,1.0,12364.376349312912,612.263916015625,"(np.int64(1717), np.int64(844), np.int64(1718), np.int64(845))",89,127
85,888.5,1734.0,2.0,24728.752698625824,612.263916015625,"(np.int64(1734), np.int64(888), np.int64(1735), np.int64(890))",89,127
85,1459.0,2047.0,3.0,37093.12904793874,736.0,"(np.int64(2047), np.int64(1458), np.int64(2048), np.int64(1461))",174,33
86,1299.0,383.0,1.0,12364.376349312912,612.336181640625,"(np.int64(383), np.int64(1299), np.int64(384), np.int64(1300))",297,2
86,2016.3684210526317,412.63157894736844,19.0,234923.15063694533,942.9052734375,"(np.int64(411), np.int64(2011), np.int64(415), np.int64(2024))",132,19
86,978.6,865.8,5.0,61821.881746564555,672.642822265625,"(np.int64(865), np.int64(978), np.int64(868), np.int64(980))",49,24
86,294.0,1347.0,2.0,24728.752698625824,672.642822265625,"(np.int64(1346), np.int64(293), np.int64(1349), np.int64(296))",302,15
86,165.5,1523.0,2.0,24728.752698625824,672.642822265625,"(np.int64(1523), np.int64(165), np.int64(1524), np.int64(167))",53,106
86,315.7755102040816,1554.9489795918366,98.0,1211708.8822326653,1767.094482421875,"(np.int64(1548), np.int64(308), np.int64(1563), np.int64(323))",35,105
86,841.0,1718.0,1.0,12364.376349312912,612.336181640625,"(np.int64(1718), np.int64(841), np.int64(1719), np.int64(842))",89,127
86,888.7,1733.5,6.0,74186.25809587746,672.642822265625,"(np.int64(1729), np.int64(886), np.int64(1737), np.int64(891))",89,127
86,862.0,1736.0,1.0,12364.376349312912,612.336181640625,"(np.int64(1736), np.int64(862), np.int64(1737), np.int64(863))",89,127
87,565.0,351.5,2.0,24728.752698625824,642.107421875,"(np.int64(351), np.int64(565), np.int64(353), np.int64(566))",303,3
87,2016.5833333333333,412.4166666666667,24.0,296745.0323835099,942.861328125,"(np.int64(411), np.int64(2011), np.int64(415), np.int64(2024))",132,19
87,979.3333333333334,865.0,3.0,37093.12904793874,642.107421875,"(np.int64(864), np.int64(979), np.int64(867), np.int64(981))",49,24
87,1864.0,989.0,1.0,12364.376349312912,612.287109375,"(np.int64(989), np.int64(1864), np.int64(990), np.int64(1865))",298,2
87,295.45,1346.5,7.0,86550.63444519037,642.107421875,"(np.int64(1344), np.int64(292), np.int64(1349), np.int64(299))",302,15
87,166.7,1522.6,10.0,123643.76349312911,736.033203125,"(np.int64(1522), np.int64(164), np.int64(1524), np.int64(171))",53,106
87,315.9462365591398,1553.784946236559,93.0,1149887.0004861008,1973.335205078125,"(np.int64(1547), np.int64(308), np.int64(1562), np.int64(323))",35,105
87,886.5,1728.5,5.0,61821.88174656456,672.72509765625,"(np.int64(1725), np.int64(884), np.int64(1734), np.int64(890))",89,127
87,1046.0,1729.0,1.0,12364.376349312912,612.287109375,"(np.int64(1729), np.int64(1046), np.int64(1730), np.int64(1047))",82,64
88,566.0,357.0,1.0,12364.376349312912,612.29345703125,"(np.int64(357), np.int64(566), np.int64(358), np.int64(567))",303,3
88,2016.1666666666667,414.3333333333333,24.0,296745.0323835099,1017.584228515625,"(np.int64(413), np.int64(2012), np.int64(417), np.int64(2022))",132,19
88,441.0,808.0,1.0,12364.376349312912,906.690673828125,"(np.int64(808), np.int64(441), np.int64(809), np.int64(442))",15,86
88,295.41666666666663,1347.5833333333335,5.0,61821.88174656456,704.04541015625,"(np.int64(1345), np.int64(293), np.int64(1351), np.int64(299))",302,15
88,167.5,1524.5,4.0,49457.50539725165,612.29345703125,"(np.int64(1524), np.int64(165), np.int64(1526), np.int64(170))",53,106
88,316.0609756097561,1555.7682926829268,82.0,1013878.8606436588,2247.14404296875,"(np.int64(1550), np.int64(310), np.int64(1563), np.int64(322))",35,105
89,2014.8947368421052,414.2105263157895,19.0,234923.15063694533,1017.576416015625,"(np.int64(413), np.int64(2011), np.int64(416), np.int64(2020))",132,19
89,1039.0,578.0,1.0,12364.376349312912,612.23388671875,"(np.int64(578), np.int64(1039), np.int64(579), np.int64(1040))",308,8
89,966.0,759.0,1.0,12364.376349312912,612.23388671875,"(np.int64(759), np.int64(966), np.int64(760), np.int64(967))",74,4
89,1394.0,805.5,2.0,24728.752698625824,672.689453125,"(np.int64(805), np.int64(1394), np.int64(807), np.int64(1395))",309,6
89,981.0,869.0,1.0,12364.376349312912,612.23388671875,"(np.int64(869), np.int64(981), np.int64(870), np.int64(982))",49,24
89,1592.0,1092.0,1.0,12364.376349312912,802.16943359375,"(np.int64(1092), np.int64(1592), np.int64(1093), np.int64(1593))",310,13
89,295.38461538461536,1346.5384615384614,13.0,160736.89254106785,703.9783935546875,"(np.int64(1344), np.int64(293), np.int64(1351), np.int64(299))",302,15
89,167.0,1524.25,4.0,49457.50539725165,802.16943359375,"(np.int64(1524), np.int64(166), np.int64(1526), np.int64(169))",53,106
89,311.7563559322034,1555.010593220339,64.0,791320.0863560264,1479.1290283203125,"(np.int64(1548), np.int64(301), np.int64(1562), np.int64(322))",35,105
89,846.0,1716.0,1.0,12364.376349312912,612.23388671875,"(np.int64(1716), np.int64(846), np.int64(1717), np.int64(847))",89,127
90,568.5,358.25,3.0,37093.12904793874,642.1131591796875,"(np.int64(355), np.int64(568), np.int64(362), np.int64(570))",303,3
90,2015.3684210526317,413.6842105263158,19.0,234923.15063694533,836.245361328125,"(np.int64(413), np.int64(2011), np.int64(416), np.int64(2020))",132,19
90,2046.5,427.0,2.0,24728.752698625824,768.6895751953125,"(np.int64(427), np.int64(2046), np.int64(428), np.int64(2048))",311,9
90,1038.3333333333333,576.6666666666666,3.0,37093.12904793874,672.683349609375,"(np.int64(576), np.int64(1038), np.int64(578), np.int64(1040))",308,8
90,1194.0,643.6666666666666,3.0,37093.12904793874,612.26806640625,"(np.int64(643), np.int64(1193), np.int64(645), np.int64(1196))",312,2
90,295.72727272727275,1345.3636363636363,11.0,136008.13984244203,703.9788818359375,"(np.int64(1343), np.int64(294), np.int64(1349), np.int64(298))",302,15
90,168.5,1523.0,2.0,24728.752698625824,703.9788818359375,"(np.int64(1523), np.int64(168), np.int64(1524), np.int64(170))",53,106
90,300.0,1546.5,2.0,24728.752698625824,672.683349609375,"(np.int64(1546), np.int64(300), np.int64(1548), np.int64(301))",35,105
90,311.78666666666663,1554.4133333333334,76.0,939692.6025477813,1525.3590087890625,"(np.int64(1548), np.int64(307), np.int64(1562), np.int64(322))",35,105
90,865.0,1734.0,1.0,12364.376349312912,612.26806640625,"(np.int64(1734), np.int64(865), np.int64(1735), np.int64(866))",89,127
91,1014.0,0.0,1.0,12364.376349312912,672.7306518554688,"(np.int64(0), np.int64(1014), np.int64(1), np.int64(1015))",129,13
91,2026.5,412.0,2.0,24728.752698625824,672.7306518554688,"(np.int64(412), np.int64(2026), np.int64(413), np.int64(2028))",132,19
91,2014.0,413.7,10.0,123643.76349312911,735.9866943359375,"(np.int64(413), np.int64(2011), np.int64(416), np.int64(2018))",132,19
91,2046.3333333333333,427.6666666666667,6.0,74186.25809587748,1095.0975341796875,"(np.int64(427), np.int64(2045), np.int64(430), np.int64(2048))",311,9
91,1037.0,576.0,1.0,12364.376349312912,612.2752075195312,"(np.int64(576), np.int64(1037), np.int64(577), np.int64(1038))",308,8
91,1189.0,643.0,2.0,24728.752698625824,672.7306518554688,"(np.int64(643), np.int64(1188), np.int64(644), np.int64(1191))",312,2
91,1394.0,804.5,2.0,24728.752698625824,642.1166381835938,"(np.int64(804), np.int64(1394), np.int64(806), np.int64(1395))",309,6
91,163.0,1070.0,1.0,12364.376349312912,612.2752075195312,"(np.int64(1070), np.int64(163), np.int64(1071), np.int64(164))",315,3
91,293.83333333333337,1343.1666666666665,4.0,49457.50539725165,612.2752075195312,"(np.int64(1342), np.int64(293), np.int64(1346), np.int64(296))",302,15
91,302.33333333333337,1550.25,5.0,61821.88174656456,642.1166381835938,"(np.int64(1547), np.int64(299), np.int64(1555), np.int64(307))",35,105
91,315.8170731707317,1554.8536585365853,82.0,1013878.8606436588,2304.012451171875,"(np.int64(1548), np.int64(310), np.int64(1562), np.int64(321))",35,105
91,864.0,1735.0,2.0,24728.752698625824,612.2752075195312,"(np.int64(1735), np.int64(863), np.int64(1736), np.int64(866))",89,127
91,1462.0,2045.5,2.0,24728.752698625824,612.2752075195312,"(np.int64(2045), np.int64(1461), np.int64(2047), np.int64(1464))",174,33
92,23.666666666666668,230.66666666666666,3.0,37093.12904793874,642.14404296875,"(np.int64(230), np.int64(23), np.int64(232), np.int64(25))",319,2
92,2016.5,413.83333333333337,4.0,49457.50539725165,642.14404296875,"(np.int64(413), np.int64(2013), np.int64(416), np.int64(2020))",132,19
92,2045.5,428.0,2.0,24728.752698625824,672.7164306640625,"(np.int64(428), np.int64(2045), np.int64(429), np.int64(2047))",311,9
92,1036.3333333333333,576.6666666666666,3.0,37093.12904793874,672.7164306640625,"(np.int64(576), np.int64(1036), np.int64(578), np.int64(1038))",308,8
92,1392.6,803.4,5.0,61821.881746564555,642.14404296875,"(np.int64(802), np.int64(1392), np.int64(806), np.int64(1394))",309,6
92,296.0,1547.0,1.0,12364.376349312912,672.7164306640625,"(np.int64(1547), np.int64(296), np.int64(1548), np.int64(297))",35,105
92,311.0392857142857,1554.415476190476,94.0,1162251.3768354137,1817.603759765625,"(np.int64(1549), np.int64(304), np.int64(1565), np.int64(320))",35,105
92,1046.0,1729.0,1.0,12364.376349312912,612.254638671875,"(np.int64(1729), np.int64(1046), np.int64(1730), np.int64(1047))",82,64
92,1458.2,2046.6,5.0,61821.881746564555,672.7164306640625,"(np.int64(2046), np.int64(1457), np.int64(2048), np.int64(1460))",174,33
93,23.0,232.0,1.0,12364.376349312912,612.278076171875,"(np.int64(232), np.int64(23), np.int64(233), np.int64(24))",319,2
93,2015.0,414.0,1.0,12364.376349312912,612.278076171875,"(np.int64(414), np.int64(2015), np.int64(415), np.int64(2016))",132,19
93,2045.5,427.5,2.0,24728.752698625824,736.0132446289062,"(np.int64(427), np.int64(2045), np.int64(429), np.int64(2047))",311,9
93,1035.857142857143,576.2857142857143,7.0,86550.63444519039,871.1015625,"(np.int64(575), np.int64(1034), np.int64(578), np.int64(1038))",308,8
93,1392.6875,800.9375,9.0,111279.3871438162,768.70751953125,"(np.int64(798), np.int64(1392), np.int64(807), np.int64(1395))",309,6
93,1579.5,916.75,4.0,49457.50539725165,672.7085571289062,"(np.int64(916), np.int64(1579), np.int64(919), np.int64(1581))",268,6
93,166.0,1523.0,3.0,37093.12904793874,612.278076171875,"(np.int64(1523), np.int64(165), np.int64(1524), np.int64(168))",53,106
93,315.6043956043956,1553.8241758241759,91.0,1125158.247787475,1095.111083984375,"(np.int64(1547), np.int64(308), np.int64(1563), np.int64(320))",35,105
93,303.6666666666667,1550.1333333333334,15.0,185465.64523969367,871.1015625,"(np.int64(1548), np.int64(302), np.int64(1553), np.int64(307))",35,105
93,841.0,1699.0,1.0,12364.376349312912,612.278076171875,"(np.int64(1699), np.int64(841), np.int64(1700), np.int64(842))",89,127
93,1457.3333333333333,2046.8333333333333,6.0,74186.25809587748,704.0015869140625,"(np.int64(2046), np.int64(1455), np.int64(2048), np.int64(1460))",174,33
94,2017.0,414.0,1.0,12364.376349312912,612.2499389648438,"(np.int64(414), np.int64(2017), np.int64(415), np.int64(2018))",132,19
94,2045.5714285714287,426.7142857142857,7.0,86550.63444519039,1055.982666015625,"(np.int64(426), np.int64(2044), np.int64(429), np.int64(2048))",311,9
94,1036.3333333333333,576.3333333333334,12.0,148372.51619175496,942.918212890625,"(np.int64(574), np.int64(1033), np.int64(579), np.int64(1039))",308,8
94,1394.3333333333333,802.3333333333334,9.0,111279.3871438162,735.9998168945312,"(np.int64(799), np.int64(1394), np.int64(806), np.int64(1396))",309,6
94,1580.4,916.2,5.0,61821.881746564555,672.6975708007812,"(np.int64(915), np.int64(1580), np.int64(918), np.int64(1582))",268,6
94,1389.0,1318.0,1.0,12364.376349312912,642.1458740234375,"(np.int64(1318), np.int64(1389), np.int64(1319), np.int64(1390))",97,63
94,166.8,1522.6,5.0,61821.881746564555,703.9822387695312,"(np.int64(1522), np.int64(166), np.int64(1524), np.int64(169))",53,106
94,317.6756756756757,1555.2072072072071,111.0,1372445.7747737332,1668.25146484375,"(np.int64(1545), np.int64(313), np.int64(1566), np.int64(323))",35,105
94,304.75,1549.1666666666667,12.0,148372.51619175496,979.9119873046875,"(np.int64(1547), np.int64(303), np.int64(1553), np.int64(308))",35,105
94,1458.0,2047.0,3.0,37093.12904793874,612.2499389648438,"(np.int64(2047), np.int64(1457), np.int64(2048), np.int64(1460))",174,33
95,2016.5,412.5,2.0,24728.752698625824,612.2813720703125,"(np.int64(412), np.int64(2015), np.int64(414), np.int64(2019))",132,19
95,2045.0,426.2857142857143,7.0,86550.63444519039,871.0955810546875,"(np.int64(425), np.int64(2044), np.int64(429), np.int64(2047))",311,9
95,1036.2,575.6,5.0,61821.881746564555,704.014404296875,"(np.int64(575), np.int64(1035), np.int64(577), np.int64(1038))",308,8
95,1394.0,799.5,2.0,24728.752698625824,736.00390625,"(np.int64(799), np.int64(1394), np.int64(801), np.int64(1395))",309,6
95,1388.6,1316.6,5.0,61821.881746564555,672.6937255859375,"(np.int64(1316), np.int64(1388), np.int64(1319), np.int64(1391))",97,63
95,171.0,1523.5,2.0,24728.752698625824,612.2813720703125,"(np.int64(1523), np.int64(167), np.int64(1525), np.int64(176))",53,106
95,317.1818181818182,1555.1010101010102,99.0,1224073.2585819783,1433.587158203125,"(np.int64(1545), np.int64(312), np.int64(1565), np.int64(325))",35,105
95,304.75,1548.5,8.0,98915.0107945033,942.9326782226562,"(np.int64(1547), np.int64(303), np.int64(1551), np.int64(307))",35,105
95,449.0,1694.0,1.0,12364.376349312912,612.2813720703125,"(np.int64(1694), np.int64(449), np.int64(1695), np.int64(450))",324,2
95,881.0,1725.5,2.0,24728.752698625824,612.2813720703125,"(np.int64(1725), np.int64(881), np.int64(1727), np.int64(882))",89,127
95,1458.5,2046.0,6.0,74186.25809587746,736.00390625,"(np.int64(2045), np.int64(1456), np.int64(2048), np.int64(1461))",174,33
96,2013.7333333333333,414.2,15.0,185465.64523969367,802.1534423828125,"(np.int64(413), np.int64(2011), np.int64(417), np.int64(2018))",132,19
96,2045.7142857142858,427.2857142857143,7.0,86550.63444519039,979.9251708984375,"(np.int64(426), np.int64(2044), np.int64(430), np.int64(2048))",311,9
96,1035.75,576.0,4.0,49457.50539725165,672.6995849609375,"(np.int64(575), np.int64(1035), np.int64(578), np.int64(1037))",308,8
96,358.5,690.0,4.0,49457.50539725165,735.9977416992188,"(np.int64(689), np.int64(358), np.int64(692), np.int64(360))",325,5
96,1579.25,915.75,4.0,49457.50539725165,735.9977416992188,"(np.int64(915), np.int64(1579), np.int64(918), np.int64(1581))",268,6
96,1388.25,1317.4166666666665,8.0,98915.0107945033,642.1329345703125,"(np.int64(1316), np.int64(1387), np.int64(1320), np.int64(1392))",97,63
96,164.5,1523.5,2.0,24728.752698625824,612.2589721679688,"(np.int64(1523), np.int64(164), np.int64(1525), np.int64(166))",53,106
96,318.52179487179484,1560.3057692307693,75.0,927328.2261984684,1388.8087158203125,"(np.int64(1546), np.int64(312), np.int64(1567), np.int64(326))",35,105
96,304.53333333333336,1549.0666666666666,15.0,185465.64523969367,836.2703247070312,"(np.int64(1547), np.int64(302), np.int64(1553), np.int64(308))",35,105
96,1046.0,1729.0,1.0,12364.376349312912,642.1329345703125,"(np.int64(1729), np.int64(1046), np.int64(1730), np.int64(1047))",82,64
97,1996.0,402.5,2.0,24728.752698625824,672.7085571289062,"(np.int64(402), np.int64(1996), np.int64(404), np.int64(1997))",327,5
97,2013.1666666666667,416.1666666666667,6.0,74186.25809587748,736.0132446289062,"(np.int64(416), np.int64(2011), np.int64(418), np.int64(2016))",132,19
97,1747.5,543.0,4.0,49457.50539725165,736.0132446289062,"(np.int64(542), np.int64(1747), np.int64(545), np.int64(1749))",328,6
97,359.3333333333333,691.3333333333334,3.0,37093.12904793874,704.0015869140625,"(np.int64(691), np.int64(359), np.int64(693), np.int64(361))",325,5
97,1580.5,917.0,2.0,24728.752698625824,642.134033203125,"(np.int64(916), np.int64(1580), np.int64(919), np.int64(1582))",268,6
97,1389.4615384615386,1318.3846153846155,13.0,160736.89254106785,672.7085571289062,"(np.int64(1317), np.int64(1387), np.int64(1321), np.int64(1394))",97,63
97,1466.0,1360.0,1.0,12364.376349312912,612.278076171875,"(np.int64(1360), np.int64(1466), np.int64(1361), np.int64(1467))",28,17
97,166.0,1526.0,1.0,12364.376349312912,612.278076171875,"(np.int64(1526), np.int64(166), np.int64(1527), np.int64(167))",53,106
97,305.75,1550.1666666666667,12.0,148372.51619175496,704.0015869140625,"(np.int64(1548), np.int64(303), np.int64(1553), np.int64(309))",35,105
97,317.96153846153845,1553.6538461538462,52.0,642947.5701642714,1095.111083984375,"(np.int64(1548), np.int64(314), np.int64(1561), np.int64(322))",35,105
97,326.5,1567.0,2.0,24728.752698625824,612.278076171875,"(np.int64(1567), np.int64(326), np.int64(1568), np.int64(328))",35,105
97,854.0,1710.0,1.0,12364.376349312912,612.278076171875,"(np.int64(1710), np.int64(854), np.int64(1711), np.int64(855))",89,127
98,358.3333333333333,690.3333333333334,3.0,37093.12904793874,736.0146484375,"(np.int64(690), np.int64(358), np.int64(692), np.int64(360))",325,5
98,1394.0,1301.0,1.0,12364.376349312912,1055.990234375,"(np.int64(1301), np.int64(1394), np.int64(1302), np.int64(1395))",97,63
98,1388.4166666666667,1317.3333333333333,12.0,148372.51619175496,802.1456298828125,"(np.int64(1316), np.int64(1386), np.int64(1320), np.int64(1391))",97,63
98,1465.0,1357.0,1.0,12364.376349312912,612.2565307617188,"(np.int64(1357), np.int64(1465), np.int64(1358), np.int64(1466))",28,17
98,1689.0,1390.0,1.0,12364.376349312912,612.2565307617188,"(np.int64(1390), np.int64(1689), np.int64(1391), np.int64(1690))",331,5
98,302.3333333333333,1549.6666666666667,7.0,86550.63444519039,672.6919555664062,"(np.int64(1546), np.int64(299), np.int64(1554), np.int64(309))",35,105
98,318.1975308641975,1555.567901234568,81.0,1001514.4842943458,1433.5931396484375,"(np.int64(1548), np.int64(314), np.int64(1567), np.int64(326))",35,105
98,329.0,1566.0,1.0,12364.376349312912,612.2565307617188,"(np.int64(1566), np.int64(329), np.int64(1567), np.int64(330))",35,105
99,26.0,158.0,1.0,12364.376349312912,612.254638671875,"(np.int64(158), np.int64(26), np.int64(159), np.int64(27))",230,129
99,1746.0,530.0,1.0,12364.376349312912,642.14404296875,"(np.int64(530), np.int64(1746), np.int64(531), np.int64(1747))",328,6
99,358.0,687.5,4.0,49457.50539725165,672.7164306640625,"(np.int64(687), np.int64(357), np.int64(689), np.int64(360))",325,5
99,1036.6,876.2,5.0,61821.881746564555,736.0148315429688,"(np.int64(875), np.int64(1036), np.int64(878), np.int64(1038))",334,18
99,1389.0,1315.3333333333333,9.0,111279.3871438162,736.0148315429688,"(np.int64(1314), np.int64(1387), np.int64(1318), np.int64(1392))",97,63
99,1465.0,1354.0,1.0,12364.376349312912,612.254638671875,"(np.int64(1354), np.int64(1465), np.int64(1355), np.int64(1466))",28,17
99,164.0,1523.0,1.0,12364.376349312912,642.14404296875,"(np.int64(1523), np.int64(164), np.int64(1524), np.int64(165))",53,106
99,303.75,1545.75,4.0,49457.50539725165,704.024169921875,"(np.int64(1544), np.int64(300), np.int64(1549), np.int64(308))",35,105
99,319.78125,1555.2604166666667,96.0,1186980.1295340396,1572.28955078125,"(np.int64(1546), np.int64(315), np.int64(1566), np.int64(330))",35,105
99,1462.3,2046.8,10.0,123643.76349312911,768.6884155273438,"(np.int64(2046), np.int64(1458), np.int64(2048), np.int64(1467))",174,33
100,1745.6,532.2,5.0,61821.881746564555,642.1458740234375,"(np.int64(531), np.int64(1745), np.int64(534), np.int64(1747))",328,6
100,359.2,687.2,5.0,61821.881746564555,672.6975708007812,"(np.int64(687), np.int64(358), np.int64(689), np.int64(362))",325,5
100,1038.0,875.0,1.0,12364.376349312912,612.2499389648438,"(np.int64(875), np.int64(1038), np.int64(876), np.int64(1039))",334,18
100,49.0625,1287.875,16.0,197830.0215890066,1017.6002197265625,"(np.int64(1285), np.int64(48), np.int64(1294), np.int64(52))",336,13
100,1344.0,1309.0,1.0,12364.376349312912,612.2499389648438,"(np.int64(1309), np.int64(1344), np.int64(1310), np.int64(1345))",27,63
100,1464.0,1357.5,4.0,49457.50539725165,642.1458740234375,"(np.int64(1356), np.int64(1464), np.int64(1360), np.int64(1465))",28,17
100,1690.0,1384.0,1.0,12364.376349312912,612.2499389648438,"(np.int64(1384), np.int64(1690), np.int64(1385), np.int64(1691))",331,5
100,303.5,1545.5,6.0,74186.25809587748,672.6975708007812,"(np.int64(1544), np.int64(300), np.int64(1549), np.int64(308))",35,105
100,320.86315789473684,1555.4105263157894,95.0,1174615.7531847267,1668.25146484375,"(np.int64(1547), np.int64(316), np.int64(1566), np.int64(331))",35,105
100,1845.0,1836.0,1.0,12364.376349312912,735.9998168945312,"(np.int64(1836), np.int64(1845), np.int64(1837), np.int64(1846))",337,20
100,1463.5,2047.0,2.0,24728.752698625824,612.2499389648438,"(np.int64(2047), np.int64(1463), np.int64(2048), np.int64(1465))",174,33
101,26.0,161.5,2.0,24728.752698625824,642.120849609375,"(np.int64(161), np.int64(26), np.int64(163), np.int64(27))",230,129
101,811.0,167.0,1.0,12364.376349312912,612.2814331054688,"(np.int64(167), np.int64(811), np.int64(168), np.int64(812))",257,3
101,1204.5,368.0,2.0,24728.752698625824,642.120849609375,"(np.int64(368), np.int64(1204), np.int64(369), np.int64(1206))",167,11
101,1745.2,535.4,5.0,61821.881746564555,672.7129516601562,"(np.int64(534), np.int64(1745), np.int64(538), np.int64(1747))",328,6
101,1041.6,874.8,5.0,61821.881746564555,768.695068359375,"(np.int64(874), np.int64(1040), np.int64(876), np.int64(1044))",334,18
101,1349.0,1005.5,4.0,49457.50539725165,704.0133666992188,"(np.int64(1004), np.int64(1349), np.int64(1008), np.int64(1350))",339,18
101,49.12820512820513,1289.5897435897436,39.0,482210.67762320355,2660.2685546875,"(np.int64(1285), np.int64(47), np.int64(1298), np.int64(54))",336,13
101,307.2,1548.8,5.0,61821.881746564555,704.0133666992188,"(np.int64(1548), np.int64(306), np.int64(1551), np.int64(309))",35,105
101,321.81052631578945,1557.1368421052632,95.0,1174615.7531847267,1868.8145751953125,"(np.int64(1548), np.int64(316), np.int64(1568), np.int64(334))",35,105
102,27.0,159.0,1.0,12364.376349312912,612.283447265625,"(np.int64(159), np.int64(27), np.int64(160), np.int64(28))",230,129
102,1998.0,404.0,1.0,12364.376349312912,642.1210327148438,"(np.int64(404), np.int64(1998), np.int64(405), np.int64(1999))",327,5
102,623.5,503.5,2.0,24728.752698625824,703.982421875,"(np.int64(503), np.int64(623), np.int64(505), np.int64(625))",341,14
102,1745.0,536.0,1.0,12364.376349312912,612.283447265625,"(np.int64(536), np.int64(1745), np.int64(537), np.int64(1746))",328,6
102,427.0,551.0,1.0,12364.376349312912,612.283447265625,"(np.int64(551), np.int64(427), np.int64(552), np.int64(428))",342,2
102,1349.0,1004.0,1.0,12364.376349312912,642.1210327148438,"(np.int64(1004), np.int64(1349), np.int64(1005), np.int64(1350))",339,18
102,49.793103448275865,1287.9137931034484,58.0,717133.8282601489,2660.2666015625,"(np.int64(1283), np.int64(47), np.int64(1297), np.int64(56))",336,13
102,1690.0,1388.0,1.0,12364.376349312912,612.283447265625,"(np.int64(1388), np.int64(1690), np.int64(1389), np.int64(1691))",331,5
102,85.0,1410.0,1.0,12364.376349312912,612.283447265625,"(np.int64(1410), np.int64(85), np.int64(1411), np.int64(86))",128,52
102,307.6923076923077,1546.0,13.0,160736.89254106785,836.2474365234375,"(np.int64(1543), np.int64(305), np.int64(1550), np.int64(310))",35,105
102,322.4712643678161,1555.5977011494253,87.0,1075700.7423902233,1388.7891845703125,"(np.int64(1547), np.int64(317), np.int64(1566), np.int64(336))",35,105
102,842.0,1725.0,3.0,37093.12904793874,612.283447265625,"(np.int64(1724), np.int64(842), np.int64(1727), np.int64(843))",89,127
102,874.0,1730.5,2.0,24728.752698625824,612.283447265625,"(np.int64(1730), np.int64(873), np.int64(1732), np.int64(876))",89,127
103,1198.2,359.6,5.0,61821.881746564555,642.13134765625,"(np.int64(358), np.int64(1198), np.int64(362), np.int64(1200))",167,11
103,1995.8,402.2,5.0,61821.881746564555,736.0111694335938,"(np.int64(401), np.int64(1995), np.int64(404), np.int64(1998))",327,5
103,621.0,504.0,1.0,12364.376349312912,642.13134765625,"(np.int64(504), np.int64(621), np.int64(505), np.int64(622))",341,14
103,1210.3333333333333,768.3333333333334,3.0,37093.12904793874,672.7074584960938,"(np.int64(768), np.int64(1210), np.int64(770), np.int64(1212))",345,4
103,422.5,839.0,2.0,24728.752698625824,642.13134765625,"(np.int64(839), np.int64(422), np.int64(840), np.int64(424))",227,9
103,49.075949367088604,1286.860759493671,79.0,976785.73159572,2538.6767578125,"(np.int64(1280), np.int64(46), np.int64(1297), np.int64(56))",336,13
103,1341.0,1308.0,1.0,12364.376349312912,642.13134765625,"(np.int64(1308), np.int64(1341), np.int64(1309), np.int64(1342))",27,63
103,1689.6666666666667,1384.0,7.0,86550.63444519039,672.7074584960938,"(np.int64(1378), np.int64(1689), np.int64(1390), np.int64(1691))",331,5
103,307.89473684210526,1540.842105263158,20.0,247287.52698625825,906.682861328125,"(np.int64(1538), np.int64(303), np.int64(1549), np.int64(310))",35,105
103,319.43636363636364,1552.7818181818182,55.0,680040.6992122101,1258.65966796875,"(np.int64(1546), np.int64(316), np.int64(1561), np.int64(325))",35,105
103,328.93333333333334,1562.9333333333334,15.0,185465.64523969367,703.9869384765625,"(np.int64(1561), np.int64(326), np.int64(1565), np.int64(334))",35,105
103,839.0,1726.0,1.0,12364.376349312912,612.2586669921875,"(np.int64(1726), np.int64(839), np.int64(1727), np.int64(840))",89,127
103,870.409090909091,1731.090909090909,12.0,148372.51619175496,672.7074584960938,"(np.int64(1730), np.int64(865), np.int64(1734), np.int64(874))",89,127
103,1472.0,1760.0,1.0,12364.376349312912,612.2586669921875,"(np.int64(1760), np.int64(1472), np.int64(1761), np.int64(1473))",194,10
104,28.0,157.5,2.0,24728.752698625824,642.1534423828125,"(np.int64(154), np.int64(27), np.int64(162), np.int64(30))",230,129
104,1992.888888888889,395.1666666666667,14.0,173101.26889038077,1017.5694580078125,"(np.int64(391), np.int64(1991), np.int64(405), np.int64(1999))",327,5
104,1212.2,768.9,10.0,123643.76349312911,942.9620361328125,"(np.int64(767), np.int64(1211), np.int64(771), np.int64(1215))",345,4
104,425.0,840.0,1.0,12364.376349312912,612.283935546875,"(np.int64(840), np.int64(425), np.int64(841), np.int64(426))",227,9
104,50.445544554455445,1287.5742574257426,101.0,1248802.0112806042,4341.3330078125,"(np.int64(1280), np.int64(46), np.int64(1299), np.int64(57))",336,13
104,1259.0,1304.0,1.0,12364.376349312912,612.283935546875,"(np.int64(1304), np.int64(1259), np.int64(1305), np.int64(1260))",141,77
104,1340.5,1307.7777777777776,6.0,74186.25809587748,642.1534423828125,"(np.int64(1306), np.int64(1336), np.int64(1311), np.int64(1346))",27,63
104,1347.0,1331.0,1.0,12364.376349312912,802.1397705078125,"(np.int64(1331), np.int64(1347), np.int64(1332), np.int64(1348))",27,63
104,164.0,1523.0,1.0,12364.376349312912,612.283935546875,"(np.int64(1523), np.int64(164), np.int64(1524), np.int64(165))",53,106
104,315.6666666666667,1530.6666666666667,6.0,74186.25809587748,642.1534423828125,"(np.int64(1530), np.int64(315), np.int64(1533), np.int64(318))",35,105
104,308.0357142857143,1544.25,18.0,222558.77428763243,768.701904296875,"(np.int64(1541), np.int64(303), np.int64(1548), np.int64(311))",35,105
104,320.6216216216216,1551.7297297297298,37.0,457481.92492457776,979.90234375,"(np.int64(1547), np.int64(318), np.int64(1558), np.int64(324))",35,105
104,331.0,1564.2,5.0,61821.881746564555,642.1534423828125,"(np.int64(1563), np.int64(329), np.int64(1566), np.int64(334))",35,105
104,867.4545454545455,1733.909090909091,11.0,136008.13984244203,672.68359375,"(np.int64(1732), np.int64(864), np.int64(1736), np.int64(872))",89,127
104,1473.0,1761.75,4.0,49457.50539725165,836.2384033203125,"(np.int64(1761), np.int64(1472), np.int64(1763), np.int64(1475))",194,10
105,25.0,162.0,1.0,12364.376349312912,642.11669921875,"(np.int64(162), np.int64(25), np.int64(163), np.int64(26))",230,129
105,1994.4,401.6,10.0,123643.76349312911,768.7113037109375,"(np.int64(399), np.int64(1993), np.int64(405), np.int64(1997))",327,5
105,1211.0,768.0,3.0,37093.12904793874,871.076416015625,"(np.int64(767), np.int64(1211), np.int64(770), np.int64(1212))",345,4
105,919.0,1118.5,2.0,24728.752698625824,672.68798828125,"(np.int64(1118), np.int64(919), np.int64(1120), np.int64(920))",20,50
105,49.698113207547166,1286.7075471698113,106.0,1310623.8930271687,5335.466796875,"(np.int64(1280), np.int64(45), np.int64(1299), np.int64(57))",336,13
105,1341.75,1308.5,3.0,37093.12904793874,642.11669921875,"(np.int64(1308), np.int64(1340), np.int64(1310), np.int64(1344))",27,63
105,1691.0,1385.5,2.0,24728.752698625824,612.277099609375,"(np.int64(1385), np.int64(1691), np.int64(1387), np.int64(1692))",331,5
105,165.0,1523.0,1.0,12364.376349312912,612.277099609375,"(np.int64(1523), np.int64(165), np.int64(1524), np.int64(166))",53,106
105,314.75,1529.0,8.0,98915.0107945033,642.11669921875,"(np.int64(1528), np.int64(313), np.int64(1531), np.int64(317))",35,105
105,187.33333333333334,1529.6666666666667,3.0,37093.12904793874,642.11669921875,"(np.int64(1529), np.int64(187), np.int64(1531), np.int64(189))",53,106
105,306.5625,1543.65,18.0,222558.7742876324,836.277099609375,"(np.int64(1540), np.int64(302), np.int64(1549), np.int64(310))",35,105
105,320.94444444444446,1553.861111111111,20.0,247287.52698625822,768.7113037109375,"(np.int64(1547), np.int64(318), np.int64(1559), np.int64(324))",35,105
105,867.1666666666666,1734.0,6.0,74186.25809587748,642.11669921875,"(np.int64(1733), np.int64(865), np.int64(1736), np.int64(870))",89,127
105,1472.8,1762.0,5.0,61821.881746564555,979.9461669921875,"(np.int64(1761), np.int64(1472), np.int64(1764), np.int64(1475))",194,10
105,360.0,1804.0,2.0,24728.752698625824,612.277099609375,"(np.int64(1803), np.int64(360), np.int64(1806), np.int64(361))",60,51
106,25.5,162.5,2.0,24728.752698625824,672.725341796875,"(np.int64(162), np.int64(25), np.int64(164), np.int64(27))",230,129
106,422.5,840.5,2.0,24728.752698625824,612.2791748046875,"(np.int64(837), np.int64(420), np.int64(845), np.int64(426))",227,9
106,51.07058823529412,1285.1411764705883,85.0,1050971.9896915974,3310.933349609375,"(np.int64(1279), np.int64(47), np.int64(1294), np.int64(57))",336,13
106,51.0,1296.0,3.0,37093.12904793874,672.725341796875,"(np.int64(1295), np.int64(51), np.int64(1298), np.int64(52))",336,13
106,1346.6666666666667,1309.6666666666667,3.0,37093.12904793874,612.2791748046875,"(np.int64(1308), np.int64(1344), np.int64(1312), np.int64(1350))",27,63
106,320.0,1526.0,1.0,12364.376349312912,612.2791748046875,"(np.int64(1526), np.int64(320), np.int64(1527), np.int64(321))",35,105
106,305.6666666666667,1540.8095238095239,21.0,259651.90333557114,1216.69091796875,"(np.int64(1539), np.int64(301), np.int64(1544), np.int64(311))",35,105
106,319.7647058823529,1547.7058823529412,17.0,210194.3979383195,1175.452392578125,"(np.int64(1546), np.int64(318), np.int64(1551), np.int64(323))",35,105
106,868.3333333333334,1735.0,3.0,37093.12904793874,642.1241455078125,"(np.int64(1734), np.int64(868), np.int64(1737), np.int64(870))",89,127
106,1474.3333333333333,1761.6666666666667,3.0,37093.12904793874,703.98193359375,"(np.int64(1761), np.int64(1474), np.int64(1763), np.int64(1476))",194,10
106,361.0,1805.5,2.0,24728.752698625824,612.2791748046875,"(np.int64(1805), np.int64(361), np.int64(1807), np.int64(362))",60,51
107,28.4,157.5,10.0,123643.76349312911,703.9872436523438,"(np.int64(155), np.int64(26), np.int64(161), np.int64(31))",230,129
107,2047.0,425.0,1.0,12364.376349312912,642.143310546875,"(np.int64(425), np.int64(2047), np.int64(426), np.int64(2048))",311,9
107,1745.0,542.5,2.0,24728.752698625824,612.2584228515625,"(np.int64(542), np.int64(1745), np.int64(544), np.int64(1746))",328,6
107,1043.6666666666665,871.1666666666667,4.0,49457.50539725165,672.7055053710938,"(np.int64(870), np.int64(1042), np.int64(874), np.int64(1046))",334,18
107,51.55172413793103,1284.2586206896551,58.0,717133.8282601489,1344.69189453125,"(np.int64(1280), np.int64(48), np.int64(1291), np.int64(57))",336,13
107,52.0,1296.0,1.0,12364.376349312912,672.7055053710938,"(np.int64(1296), np.int64(52), np.int64(1297), np.int64(53))",336,13
107,1389.5,1320.0,2.0,24728.752698625824,612.2584228515625,"(np.int64(1320), np.int64(1389), np.int64(1321), np.int64(1391))",97,63
107,304.1,1539.6,10.0,123643.76349312911,836.2680053710938,"(np.int64(1539), np.int64(302), np.int64(1541), np.int64(308))",35,105
107,319.94736842105266,1548.2631578947369,19.0,234923.15063694533,1134.947509765625,"(np.int64(1546), np.int64(318), np.int64(1553), np.int64(322))",35,105
107,841.0,1691.0,1.0,12364.376349312912,612.2584228515625,"(np.int64(1691), np.int64(841), np.int64(1692), np.int64(842))",89,127
107,868.9230769230769,1734.4615384615386,13.0,160736.89254106785,672.7055053710938,"(np.int64(1732), np.int64(866), np.int64(1738), np.int64(873))",89,127
107,365.0,1820.5,2.0,24728.752698625824,612.2584228515625,"(np.int64(1820), np.int64(365), np.int64(1822), np.int64(366))",60,51
108,30.7,155.2,6.0,74186.25809587746,672.7111206054688,"(np.int64(154), np.int64(29), np.int64(159), np.int64(33))",230,129
108,2047.0,426.0,1.0,12364.376349312912,642.1521606445312,"(np.int64(426), np.int64(2047), np.int64(427), np.int64(2048))",311,9
108,1212.0,770.0,1.0,12364.376349312912,612.2713623046875,"(np.int64(770), np.int64(1212), np.int64(771), np.int64(1213))",345,4
108,422.25,845.0,3.0,37093.12904793874,612.2713623046875,"(np.int64(844), np.int64(421), np.int64(847), np.int64(425))",227,9
108,1043.9375,872.875,16.0,197830.0215890066,768.7111206054688,"(np.int64(871), np.int64(1042), np.int64(877), np.int64(1048))",334,18
108,49.84,1286.32,25.0,309109.4087328228,802.1521606445312,"(np.int64(1283), np.int64(47), np.int64(1291), np.int64(53))",336,13
108,52.0,1297.0,3.0,37093.12904793874,672.7111206054688,"(np.int64(1296), np.int64(52), np.int64(1299), np.int64(53))",336,13
108,1390.0,1318.0,1.0,12364.376349312912,612.2713623046875,"(np.int64(1318), np.int64(1390), np.int64(1319), np.int64(1391))",97,63
108,317.9094202898551,1551.6304347826087,29.0,358566.91413007444,1301.3521728515625,"(np.int64(1547), np.int64(315), np.int64(1556), np.int64(323))",35,105
108,1046.0,1729.0,1.0,12364.376349312912,612.2713623046875,"(np.int64(1729), np.int64(1046), np.int64(1730), np.int64(1047))",82,64
108,845.0,1730.0,1.0,12364.376349312912,612.2713623046875,"(np.int64(1730), np.int64(845), np.int64(1731), np.int64(846))",89,127
108,871.6666666666666,1734.6666666666667,3.0,37093.12904793874,612.2713623046875,"(np.int64(1734), np.int64(871), np.int64(1736), np.int64(873))",89,127
108,836.0,1737.0,1.0,12364.376349312912,612.2713623046875,"(np.int64(1737), np.int64(836), np.int64(1738), np.int64(837))",89,127
109,28.857142857142858,157.57142857142858,7.0,86550.63444519039,672.6984252929688,"(np.int64(156), np.int64(28), np.int64(160), np.int64(31))",230,129
109,1306.8,318.8,5.0,61821.881746564555,735.98779296875,"(np.int64(318), np.int64(1306), np.int64(321), np.int64(1309))",356,2
109,621.3333333333334,505.3333333333333,3.0,37093.12904793874,642.139892578125,"(np.int64(505), np.int64(621), np.int64(507), np.int64(623))",341,14
109,752.4,836.4,5.0,61821.881746564555,642.139892578125,"(np.int64(835), np.int64(752), np.int64(839), np.int64(754))",357,5
109,1052.5,870.0,2.0,24728.752698625824,672.6984252929688,"(np.int64(870), np.int64(1052), np.int64(871), np.int64(1054))",334,18
109,1043.0,873.9333333333333,15.0,185465.64523969367,768.718505859375,"(np.int64(871), np.int64(1040), np.int64(879), np.int64(1047))",334,18
109,49.75,1285.65,20.0,247287.52698625822,1095.10595703125,"(np.int64(1283), np.int64(47), np.int64(1290), np.int64(53))",336,13
109,52.0,1297.0,1.0,12364.376349312912,735.98779296875,"(np.int64(1297), np.int64(52), np.int64(1298), np.int64(53))",336,13
109,1391.5,1315.5,2.0,24728.752698625824,612.2808837890625,"(np.int64(1315), np.int64(1390), np.int64(1317), np.int64(1394))",97,63
109,317.8333333333333,1551.6333333333334,30.0,370931.29047938733,1056.0057373046875,"(np.int64(1547), np.int64(315), np.int64(1558), np.int64(322))",35,105
109,857.0,1723.5,2.0,24728.752698625824,612.2808837890625,"(np.int64(1722), np.int64(855), np.int64(1726), np.int64(860))",89,127
110,27.833333333333332,159.0,12.0,148372.51619175496,703.994140625,"(np.int64(156), np.int64(26), np.int64(162), np.int64(31))",230,129
110,1307.0,319.44444444444446,9.0,111279.3871438162,703.994140625,"(np.int64(317), np.int64(1305), np.int64(322), np.int64(1311))",356,2
110,622.0,506.1666666666667,6.0,74186.25809587748,871.1118774414062,"(np.int64(505), np.int64(621), np.int64(508), np.int64(624))",341,14
110,753.0,836.5,4.0,49457.50539725165,942.9434814453125,"(np.int64(835), np.int64(753), np.int64(839), np.int64(754))",357,5
110,1046.361111111111,872.4444444444445,19.0,234923.15063694533,979.897705078125,"(np.int64(870), np.int64(1041), np.int64(877), np.int64(1050))",334,18
110,444.0,1052.0,1.0,12364.376349312912,612.2530517578125,"(np.int64(1052), np.int64(444), np.int64(1053), np.int64(445))",359,12
110,50.95,1285.8,20.0,247287.52698625822,1017.6039428710938,"(np.int64(1282), np.int64(49), np.int64(1291), np.int64(54))",336,13
110,1344.0,1310.0,1.0,12364.376349312912,612.2530517578125,"(np.int64(1310), np.int64(1344), np.int64(1311), np.int64(1345))",27,63
110,1392.8095238095239,1315.8095238095239,9.0,111279.3871438162,672.6976318359375,"(np.int64(1312), np.int64(1389), np.int64(1321), np.int64(1397))",97,63
110,309.875,1544.75,8.0,98915.0107945033,802.1448974609375,"(np.int64(1542), np.int64(309), np.int64(1549), np.int64(312))",35,105
110,318.06060606060606,1551.5757575757575,33.0,408024.41952732607,979.897705078125,"(np.int64(1547), np.int64(316), np.int64(1558), np.int64(322))",35,105
110,1956.0,1623.0,1.0,12364.376349312912,612.2530517578125,"(np.int64(1623), np.int64(1956), np.int64(1624), np.int64(1957))",360,74
110,1966.5,1632.6666666666667,6.0,74186.25809587748,703.994140625,"(np.int64(1631), np.int64(1965), np.int64(1635), np.int64(1969))",360,74
110,1046.0,1729.0,1.0,12364.376349312912,612.2530517578125,"(np.int64(1729), np.int64(1046), np.int64(1730), np.int64(1047))",82,64
110,835.0,1736.0,1.0,12364.376349312912,612.2530517578125,"(np.int64(1736), np.int64(835), np.int64(1737), np.int64(836))",89,127
110,1532.0,1794.0,1.0,12364.376349312912,612.2530517578125,"(np.int64(1794), np.int64(1532), np.int64(1795), np.int64(1533))",42,9
111,27.75,158.9375,16.0,197830.0215890066,736.0146484375,"(np.int64(156), np.int64(26), np.int64(163), np.int64(31))",230,129
111,622.6875,506.25,16.0,197830.0215890066,979.9002685546875,"(np.int64(505), np.int64(619), np.int64(509), np.int64(627))",341,14
111,752.0,836.5,2.0,24728.752698625824,703.9918823242188,"(np.int64(836), np.int64(752), np.int64(838), np.int64(753))",357,5
111,1042.1666666666667,873.9444444444445,18.0,222558.7742876324,1095.1292724609375,"(np.int64(872), np.int64(1040), np.int64(878), np.int64(1046))",334,18
111,49.333333333333336,1285.5833333333333,12.0,148372.51619175496,1301.33447265625,"(np.int64(1284), np.int64(48), np.int64(1289), np.int64(52))",336,13
111,1390.7708333333333,1315.8541666666667,27.0,333838.16143144865,768.71630859375,"(np.int64(1311), np.int64(1387), np.int64(1320), np.int64(1396))",97,63
111,301.0,1453.0,1.0,12364.376349312912,612.2613525390625,"(np.int64(1453), np.int64(301), np.int64(1454), np.int64(302))",361,2
111,175.0,1528.75,4.0,49457.50539725165,736.0146484375,"(np.int64(1528), np.int64(174), np.int64(1530), np.int64(177))",53,106
111,313.1049107142857,1549.2276785714284,39.0,482210.67762320355,1433.612060546875,"(np.int64(1544), np.int64(309), np.int64(1558), np.int64(320))",35,105
111,1955.0,1623.0,1.0,12364.376349312912,612.2613525390625,"(np.int64(1623), np.int64(1955), np.int64(1624), np.int64(1956))",360,74
111,1967.0,1635.25,4.0,49457.50539725165,642.1340942382812,"(np.int64(1634), np.int64(1966), np.int64(1637), np.int64(1969))",360,74
111,889.0,1719.5,2.0,24728.752698625824,612.2613525390625,"(np.int64(1719), np.int64(889), np.int64(1721), np.int64(890))",89,127
111,372.0,1818.0,1.0,12364.376349312912,612.2613525390625,"(np.int64(1818), np.int64(372), np.int64(1819), np.int64(373))",60,51
112,28.466666666666665,159.8,15.0,185465.64523969367,942.939208984375,"(np.int64(157), np.int64(27), np.int64(163), np.int64(31))",230,129
112,624.5,506.0,4.0,49457.50539725165,703.9872436523438,"(np.int64(505), np.int64(624), np.int64(508), np.int64(626))",341,14
112,753.0,837.5,2.0,24728.752698625824,642.143310546875,"(np.int64(837), np.int64(753), np.int64(839), np.int64(754))",357,5
112,1041.5,875.0,6.0,74186.25809587748,703.9872436523438,"(np.int64(874), np.int64(1040), np.int64(877), np.int64(1044))",334,18
112,49.666666666666664,1285.3333333333333,3.0,37093.12904793874,735.9885864257812,"(np.int64(1285), np.int64(49), np.int64(1287), np.int64(51))",336,13
112,1392.1666666666665,1316.0,24.0,296745.0323835099,703.9872436523438,"(np.int64(1311), np.int64(1388), np.int64(1320), np.int64(1397))",97,63
112,178.0,1529.0,1.0,12364.376349312912,642.143310546875,"(np.int64(1529), np.int64(178), np.int64(1530), np.int64(179))",53,106
112,317.6973684210526,1548.0657894736842,40.0,494575.0539725165,1344.69189453125,"(np.int64(1543), np.int64(315), np.int64(1560), np.int64(321))",35,105
112,1967.5,1635.75,7.0,86550.63444519039,703.9872436523438,"(np.int64(1631), np.int64(1965), np.int64(1640), np.int64(1970))",360,74
112,900.8333333333333,1742.8333333333335,4.0,49457.50539725165,672.7055053710938,"(np.int64(1741), np.int64(900), np.int64(1745), np.int64(902))",89,127
113,28.928571428571427,158.85714285714286,14.0,173101.26889038077,1017.5987548828125,"(np.int64(157), np.int64(28), np.int64(162), np.int64(31))",230,129
113,754.3333333333334,838.6666666666666,3.0,37093.12904793874,768.7059936523438,"(np.int64(838), np.int64(754), np.int64(840), np.int64(756))",357,5
113,1391.2291666666665,1312.7083333333335,25.0,309109.4087328228,768.7059936523438,"(np.int64(1311), np.int64(1389), np.int64(1319), np.int64(1398))",97,63
113,317.6,1541.0,5.0,61821.881746564555,704.0165405273438,"(np.int64(1539), np.int64(317), np.int64(1544), np.int64(319))",35,105
113,317.1578947368421,1553.2894736842106,38.0,469846.30127389065,1479.11767578125,"(np.int64(1547), np.int64(314), np.int64(1561), np.int64(321))",35,105
113,1956.0,1622.0,1.0,12364.376349312912,612.2787475585938,"(np.int64(1622), np.int64(1956), np.int64(1623), np.int64(1957))",360,74
113,1968.1764705882351,1634.5588235294117,18.0,222558.77428763243,802.1423950195312,"(np.int64(1632), np.int64(1966), np.int64(1640), np.int64(1976))",360,74
114,27.5,156.8125,16.0,197830.0215890066,942.95068359375,"(np.int64(155), np.int64(26), np.int64(160), np.int64(31))",230,129
114,815.6,260.4,5.0,61821.881746564555,642.1182861328125,"(np.int64(259), np.int64(815), np.int64(263), np.int64(817))",363,3
114,1392.15,1313.25,20.0,247287.52698625822,736.0146484375,"(np.int64(1310), np.int64(1390), np.int64(1317), np.int64(1396))",97,63
114,315.75,1539.875,8.0,98915.0107945033,736.0146484375,"(np.int64(1538), np.int64(315), np.int64(1542), np.int64(318))",35,105
114,315.28205128205127,1552.5384615384614,39.0,482210.67762320355,1134.93603515625,"(np.int64(1545), np.int64(312), np.int64(1560), np.int64(319))",35,105
114,1956.5,1619.25,3.0,37093.12904793874,612.2565307617188,"(np.int64(1618), np.int64(1954), np.int64(1621), np.int64(1960))",360,74
114,1970.1052631578948,1637.0526315789473,19.0,234923.15063694533,736.0146484375,"(np.int64(1636), np.int64(1967), np.int64(1640), np.int64(1976))",360,74
114,1046.0,1729.0,1.0,12364.376349312912,642.1182861328125,"(np.int64(1729), np.int64(1046), np.int64(1730), np.int64(1047))",82,64
114,1361.0,2032.0,1.0,12364.376349312912,612.2565307617188,"(np.int64(2032), np.int64(1361), np.int64(2033), np.int64(1362))",367,6
115,28.933333333333334,157.46666666666667,15.0,185465.64523969367,802.150146484375,"(np.int64(154), np.int64(28), np.int64(161), np.int64(32))",230,129
115,50.0,203.0,1.0,12364.376349312912,642.143310546875,"(np.int64(203), np.int64(50), np.int64(204), np.int64(51))",368,12
115,814.0,256.0,1.0,12364.376349312912,612.2584228515625,"(np.int64(256), np.int64(814), np.int64(257), np.int64(815))",363,3
115,1874.0,501.0,1.0,12364.376349312912,612.2584228515625,"(np.int64(501), np.int64(1874), np.int64(502), np.int64(1875))",115,70
115,1394.2307692307693,1314.3846153846155,13.0,160736.89254106785,735.9885864257812,"(np.int64(1313), np.int64(1392), np.int64(1317), np.int64(1398))",97,63
115,1575.0,1512.6666666666667,3.0,37093.12904793874,642.143310546875,"(np.int64(1512), np.int64(1573), np.int64(1514), np.int64(1578))",370,14
115,182.0,1529.8333333333335,4.0,49457.50539725165,672.7055053710938,"(np.int64(1529), np.int64(180), np.int64(1532), np.int64(186))",53,106
115,313.8571428571429,1540.3214285714284,11.0,136008.13984244203,672.7055053710938,"(np.int64(1536), np.int64(311), np.int64(1545), np.int64(318))",35,105
115,316.56,1553.12,50.0,618218.8174656456,1572.2572021484375,"(np.int64(1546), np.int64(313), np.int64(1560), np.int64(323))",35,105
115,1969.5,1639.1666666666667,6.0,74186.25809587748,768.7095947265625,"(np.int64(1638), np.int64(1968), np.int64(1641), np.int64(1972))",360,74
115,1046.0,1729.0,1.0,12364.376349312912,642.143310546875,"(np.int64(1729), np.int64(1046), np.int64(1730), np.int64(1047))",82,64
116,30.333333333333332,157.83333333333334,12.0,148372.51619175496,768.6885986328125,"(np.int64(155), np.int64(29), np.int64(161), np.int64(33))",230,129
116,817.0,260.0,1.0,12364.376349312912,612.2819213867188,"(np.int64(260), np.int64(817), np.int64(261), np.int64(818))",363,3
116,1397.0,1315.0,1.0,12364.376349312912,612.2819213867188,"(np.int64(1315), np.int64(1397), np.int64(1316), np.int64(1398))",97,63
116,1576.0,1513.5,2.0,24728.752698625824,612.2819213867188,"(np.int64(1513), np.int64(1575), np.int64(1515), np.int64(1578))",370,14
116,548.6666666666666,1519.6666666666667,3.0,37093.12904793874,672.689208984375,"(np.int64(1519), np.int64(548), np.int64(1521), np.int64(550))",371,2
116,526.8,1530.2,10.0,123643.76349312911,672.689208984375,"(np.int64(1529), np.int64(525), np.int64(1533), np.int64(530))",372,8
116,186.5,1531.5,6.0,74186.25809587748,768.6885986328125,"(np.int64(1531), np.int64(185), np.int64(1533), np.int64(189))",53,106
116,317.17745098039217,1546.918137254902,60.0,741862.5809587748,1479.1126708984375,"(np.int64(1535), np.int64(313), np.int64(1561), np.int64(322))",35,105
116,1959.5,1624.0,2.0,24728.752698625824,642.1546630859375,"(np.int64(1624), np.int64(1959), np.int64(1625), np.int64(1961))",360,74
116,1971.0,1640.5,2.0,24728.752698625824,703.97998046875,"(np.int64(1640), np.int64(1971), np.int64(1642), np.int64(1972))",360,74
116,895.5,1717.0,2.0,24728.752698625824,642.1546630859375,"(np.int64(1717), np.int64(895), np.int64(1718), np.int64(897))",89,127
116,902.5,1725.0,2.0,24728.752698625824,612.2819213867188,"(np.int64(1725), np.int64(902), np.int64(1726), np.int64(904))",89,127
116,1470.0,2047.0,1.0,12364.376349312912,612.2819213867188,"(np.int64(2047), np.int64(1470), np.int64(2048), np.int64(1471))",174,33
117,31.25,159.33333333333334,12.0,148372.51619175496,979.9095458984375,"(np.int64(156), np.int64(30), np.int64(162), np.int64(35))",230,129
117,48.0,206.5,6.0,74186.25809587748,642.139892578125,"(np.int64(206), np.int64(47), np.int64(208), np.int64(50))",368,12
117,630.0,504.0,1.0,12364.376349312912,612.2780151367188,"(np.int64(504), np.int64(630), np.int64(505), np.int64(631))",341,14
117,1048.0,1049.0,3.0,37093.12904793874,703.9933471679688,"(np.int64(1048), np.int64(1047), np.int64(1051), np.int64(1050))",66,14
117,1575.3333333333333,1513.6666666666667,3.0,37093.12904793874,612.2780151367188,"(np.int64(1513), np.int64(1573), np.int64(1515), np.int64(1579))",370,14
117,548.5,1520.0,2.0,24728.752698625824,642.139892578125,"(np.int64(1520), np.int64(548), np.int64(1521), np.int64(550))",371,2
117,319.5,1525.0,2.0,24728.752698625824,612.2780151367188,"(np.int64(1525), np.int64(319), np.int64(1526), np.int64(321))",35,105
117,528.7272727272727,1530.6363636363637,22.0,272016.27968488407,768.7015380859375,"(np.int64(1529), np.int64(525), np.int64(1534), np.int64(537))",372,8
117,318.04761904761904,1537.7619047619048,21.0,259651.90333557114,871.1109008789062,"(np.int64(1533), np.int64(317), np.int64(1544), np.int64(320))",35,105
117,318.6666666666667,1555.5833333333333,24.0,296745.0323835099,768.7015380859375,"(np.int64(1549), np.int64(317), np.int64(1560), np.int64(321))",35,105
117,1960.2,1625.4,5.0,61821.881746564555,642.139892578125,"(np.int64(1625), np.int64(1959), np.int64(1627), np.int64(1962))",360,74
117,892.6649305555555,1720.8645833333335,50.0,618218.8174656456,1095.097412109375,"(np.int64(1714), np.int64(886), np.int64(1729), np.int64(899))",89,127
117,902.0,1731.0,2.0,24728.752698625824,642.139892578125,"(np.int64(1727), np.int64(901), np.int64(1736), np.int64(904))",89,127
118,31.0,159.75,8.0,98915.0107945033,768.7241821289062,"(np.int64(158), np.int64(30), np.int64(162), np.int64(33))",230,129
118,50.8,206.4,5.0,61821.881746564555,1175.476806640625,"(np.int64(206), np.int64(50), np.int64(208), np.int64(53))",368,12
118,1038.5,918.0,2.0,24728.752698625824,672.6919555664062,"(np.int64(918), np.int64(1038), np.int64(919), np.int64(1040))",188,5
118,1047.25,1048.75,12.0,148372.51619175496,836.2789306640625,"(np.int64(1046), np.int64(1045), np.int64(1053), np.int64(1051))",66,14
118,1574.5,1514.0,2.0,24728.752698625824,612.2565307617188,"(np.int64(1514), np.int64(1574), np.int64(1515), np.int64(1576))",370,14
118,320.0,1524.0,3.0,37093.12904793874,642.1182861328125,"(np.int64(1524), np.int64(319), np.int64(1525), np.int64(322))",35,105
118,528.85,1530.55,20.0,247287.52698625822,871.124267578125,"(np.int64(1530), np.int64(525), np.int64(1533), np.int64(536))",372,8
118,317.6875,1536.75,16.0,197830.0215890066,802.1456298828125,"(np.int64(1533), np.int64(317), np.int64(1541), np.int64(320))",35,105
118,320.87179487179486,1551.371794871795,16.0,197830.0215890066,1134.93603515625,"(np.int64(1547), np.int64(318), np.int64(1558), np.int64(325))",35,105
118,448.0,1693.0,1.0,12364.376349312912,768.7241821289062,"(np.int64(1693), np.int64(448), np.int64(1694), np.int64(449))",324,2
118,890.8774928774928,1721.7350427350427,36.0,445117.5485752648,836.2789306640625,"(np.int64(1714), np.int64(886), np.int64(1727), np.int64(902))",89,127
118,856.0,1734.0,1.0,12364.376349312912,612.2565307617188,"(np.int64(1734), np.int64(856), np.int64(1735), np.int64(857))",89,127
118,900.5,1736.5,4.0,49457.50539725165,906.6815185546875,"(np.int64(1736), np.int64(900), np.int64(1738), np.int64(902))",89,127
118,1831.0,1926.0,1.0,12364.376349312912,612.2565307617188,"(np.int64(1926), np.int64(1831), np.int64(1927), np.int64(1832))",377,8
118,1361.5,2035.5,4.0,49457.50539725165,704.01708984375,"(np.int64(2035), np.int64(1361), np.int64(2037), np.int64(1363))",367,6
119,31.4,159.8,5.0,61821.881746564555,642.1190185546875,"(np.int64(159), np.int64(31), np.int64(162), np.int64(33))",230,129
119,50.5,204.3,10.0,123643.76349312911,1258.6641845703125,"(np.int64(202), np.int64(49), np.int64(207), np.int64(53))",368,12
119,1318.5,323.0,2.0,24728.752698625824,672.7244262695312,"(np.int64(323), np.int64(1318), np.int64(324), np.int64(1320))",378,4
119,2036.0,414.0,1.0,12364.376349312912,612.2655639648438,"(np.int64(414), np.int64(2036), np.int64(415), np.int64(2037))",132,19
119,427.0,553.0,1.0,12364.376349312912,704.0066528320312,"(np.int64(553), np.int64(427), np.int64(554), np.int64(428))",342,2
119,1039.0,917.0,1.0,12364.376349312912,768.7141723632812,"(np.int64(917), np.int64(1039), np.int64(918), np.int64(1040))",188,5
119,1577.5,1513.5,4.0,49457.50539725165,642.1190185546875,"(np.int64(1513), np.int64(1574), np.int64(1515), np.int64(1581))",370,14
119,318.8333333333333,1531.1666666666667,8.0,98915.0107945033,672.7244262695312,"(np.int64(1525), np.int64(318), np.int64(1537), np.int64(322))",35,105
119,530.0555555555555,1529.4444444444443,18.0,222558.7742876324,768.7141723632812,"(np.int64(1529), np.int64(526), np.int64(1531), np.int64(536))",372,8
119,322.1428571428571,1549.404761904762,24.0,296745.0323835099,942.947021484375,"(np.int64(1547), np.int64(318), np.int64(1557), np.int64(326))",35,105
119,892.2463235294117,1720.2426470588234,25.0,309109.4087328228,836.2791748046875,"(np.int64(1713), np.int64(887), np.int64(1727), np.int64(900))",89,127
119,834.0,1719.0,1.0,12364.376349312912,612.2655639648438,"(np.int64(1719), np.int64(834), np.int64(1720), np.int64(835))",89,127
119,902.25,1731.25,6.0,74186.25809587748,802.1395263671875,"(np.int64(1727), np.int64(900), np.int64(1737), np.int64(905))",89,127
119,857.0,1730.0,1.0,12364.376349312912,612.2655639648438,"(np.int64(1730), np.int64(857), np.int64(1731), np.int64(858))",89,127
119,868.5,1737.8,6.0,74186.25809587746,642.1190185546875,"(np.int64(1737), np.int64(867), np.int64(1741), np.int64(872))",89,127
119,1832.3333333333333,1925.6666666666667,3.0,37093.12904793874,736.003173828125,"(np.int64(1925), np.int64(1832), np.int64(1927), np.int64(1834))",377,8
119,1361.5,2034.0,2.0,24728.752698625824,672.7244262695312,"(np.int64(2034), np.int64(1361), np.int64(2035), np.int64(1363))",367,6
120,32.4,159.2,5.0,61821.881746564555,672.6903076171875,"(np.int64(158), np.int64(32), np.int64(161), np.int64(34))",230,129
120,50.25,203.75,5.0,61821.88174656456,768.7222900390625,"(np.int64(202), np.int64(48), np.int64(206), np.int64(53))",368,12
120,1318.0,322.5,2.0,24728.752698625824,642.1478271484375,"(np.int64(322), np.int64(1317), np.int64(324), np.int64(1320))",378,4
120,1834.0,371.0,1.0,12364.376349312912,612.242919921875,"(np.int64(371), np.int64(1834), np.int64(372), np.int64(1835))",379,52
120,629.5,502.0,2.0,24728.752698625824,642.1478271484375,"(np.int64(502), np.int64(629), np.int64(503), np.int64(631))",341,14
120,1039.5,916.5,2.0,24728.752698625824,703.9862060546875,"(np.int64(916), np.int64(1039), np.int64(918), np.int64(1041))",188,5
120,1364.6,1290.0,5.0,61821.881746564555,642.1478271484375,"(np.int64(1288), np.int64(1364), np.int64(1293), np.int64(1366))",380,139
120,528.0,1528.6666666666667,3.0,37093.12904793874,612.242919921875,"(np.int64(1528), np.int64(527), np.int64(1530), np.int64(530))",372,8
120,320.1333333333333,1550.2666666666667,15.0,185465.64523969367,906.6559448242188,"(np.int64(1548), np.int64(319), np.int64(1555), np.int64(323))",35,105
120,334.0,1563.0,1.0,12364.376349312912,612.242919921875,"(np.int64(1563), np.int64(334), np.int64(1564), np.int64(335))",35,105
120,900.4666666666668,1724.85,16.0,197830.0215890066,768.7222900390625,"(np.int64(1713), np.int64(893), np.int64(1736), np.int64(906))",89,127
120,888.7142857142857,1723.3333333333333,21.0,259651.90333557114,768.7222900390625,"(np.int64(1720), np.int64(886), np.int64(1728), np.int64(893))",89,127
120,857.625,1728.0,16.0,197830.0215890066,672.6903076171875,"(np.int64(1725), np.int64(856), np.int64(1731), np.int64(860))",89,127
120,1046.0,1729.0,1.0,12364.376349312912,612.242919921875,"(np.int64(1729), np.int64(1046), np.int64(1730), np.int64(1047))",82,64
121,31.833333333333332,159.66666666666666,6.0,74186.25809587748,642.1275634765625,"(np.int64(159), np.int64(31), np.int64(162), np.int64(34))",230,129
121,47.0,204.0,5.0,61821.881746564555,1095.107666015625,"(np.int64(203), np.int64(46), np.int64(206), np.int64(49))",368,12
121,1319.888888888889,322.16666666666663,10.0,123643.76349312911,802.1480712890625,"(np.int64(321), np.int64(1315), np.int64(324), np.int64(1323))",378,4
121,1833.0,371.0,1.0,12364.376349312912,612.2535400390625,"(np.int64(371), np.int64(1833), np.int64(372), np.int64(1834))",379,52
121,621.4,489.2,5.0,61821.881746564555,871.117919921875,"(np.int64(488), np.int64(620), np.int64(491), np.int64(624))",382,6
121,630.0,501.3333333333333,3.0,37093.12904793874,642.1275634765625,"(np.int64(501), np.int64(629), np.int64(503), np.int64(632))",341,14
121,1962.0,933.0,1.0,12364.376349312912,768.7021484375,"(np.int64(933), np.int64(1962), np.int64(934), np.int64(1963))",383,3
121,1364.0,1287.5,6.0,74186.25809587748,735.970703125,"(np.int64(1285), np.int64(1364), np.int64(1291), np.int64(1365))",380,139
121,1574.5,1512.0,2.0,24728.752698625824,642.1275634765625,"(np.int64(1512), np.int64(1574), np.int64(1513), np.int64(1576))",370,14
121,527.5,1528.0,2.0,24728.752698625824,642.1275634765625,"(np.int64(1527), np.int64(527), np.int64(1530), np.int64(529))",372,8
121,186.0,1532.0,1.0,12364.376349312912,672.7158203125,"(np.int64(1532), np.int64(186), np.int64(1533), np.int64(187))",53,106
121,318.75,1550.25,4.0,49457.50539725165,802.1480712890625,"(np.int64(1549), np.int64(318), np.int64(1552), np.int64(320))",35,105
121,846.0,1708.0,1.0,12364.376349312912,612.2535400390625,"(np.int64(1708), np.int64(846), np.int64(1709), np.int64(847))",89,127
121,895.4117647058823,1715.764705882353,17.0,210194.3979383195,768.7021484375,"(np.int64(1712), np.int64(892), np.int64(1719), np.int64(899))",89,127
121,886.8666666666667,1721.3333333333333,15.0,185465.64523969367,768.7021484375,"(np.int64(1719), np.int64(885), np.int64(1724), np.int64(890))",89,127
121,903.75,1724.75,4.0,49457.50539725165,672.7158203125,"(np.int64(1724), np.int64(903), np.int64(1726), np.int64(906))",89,127
121,859.9305555555555,1734.2777777777778,14.0,173101.26889038077,642.1275634765625,"(np.int64(1726), np.int64(855), np.int64(1739), np.int64(868))",89,127
121,900.5,1735.0,2.0,24728.752698625824,672.7158203125,"(np.int64(1735), np.int64(900), np.int64(1736), np.int64(902))",89,127
122,31.714285714285715,159.14285714285714,7.0,86550.63444519039,906.6444091796875,"(np.int64(158), np.int64(31), np.int64(161), np.int64(34))",230,129
122,46.5,204.0,4.0,49457.50539725165,1055.978271484375,"(np.int64(203), np.int64(46), np.int64(206), np.int64(48))",368,12
122,1320.1,322.2,10.0,123643.76349312911,906.6444091796875,"(np.int64(321), np.int64(1317), np.int64(324), np.int64(1324))",378,4
122,623.0,489.0,7.0,86550.63444519039,672.7111206054688,"(np.int64(488), np.int64(621), np.int64(491), np.int64(626))",382,6
122,1247.5,527.0,4.0,49457.50539725165,672.7111206054688,"(np.int64(526), np.int64(1247), np.int64(529), np.int64(1249))",385,3
122,1363.4444444444443,1287.4444444444443,18.0,222558.7742876324,802.1304931640625,"(np.int64(1283), np.int64(1362), np.int64(1292), np.int64(1365))",380,139
122,1392.3333333333333,1313.6666666666667,3.0,37093.12904793874,642.1228637695312,"(np.int64(1313), np.int64(1392), np.int64(1315), np.int64(1394))",97,63
122,527.5,1529.5,4.0,49457.50539725165,736.012451171875,"(np.int64(1529), np.int64(527), np.int64(1531), np.int64(529))",372,8
122,318.75,1552.25,7.0,86550.63444519039,836.2766723632812,"(np.int64(1550), np.int64(318), np.int64(1557), np.int64(320))",35,105
122,899.063492063492,1720.5714285714284,16.0,197830.0215890066,768.7255859375,"(np.int64(1715), np.int64(895), np.int64(1726), np.int64(905))",89,127
122,831.5,1719.0,2.0,24728.752698625824,612.27587890625,"(np.int64(1719), np.int64(831), np.int64(1720), np.int64(833))",89,127
122,886.4347826086956,1722.1739130434783,23.0,284380.65603419696,942.9154663085938,"(np.int64(1719), np.int64(884), np.int64(1727), np.int64(890))",89,127
122,858.0,1725.5,2.0,24728.752698625824,612.27587890625,"(np.int64(1725), np.int64(858), np.int64(1727), np.int64(859))",89,127
122,865.5333333333333,1737.288888888889,17.0,210194.3979383195,642.1228637695312,"(np.int64(1734), np.int64(855), np.int64(1740), np.int64(872))",89,127
122,901.5,1735.0,6.0,74186.25809587748,703.9911499023438,"(np.int64(1734), np.int64(901), np.int64(1737), np.int64(903))",89,127
123,32.0,158.0,1.0,12364.376349312912,704.0162353515625,"(np.int64(158), np.int64(32), np.int64(159), np.int64(33))",230,129
123,54.2,203.6,5.0,61821.881746564555,735.9947509765625,"(np.int64(203), np.int64(53), np.int64(205), np.int64(56))",368,12
123,625.7777777777778,486.3333333333333,9.0,111279.3871438162,768.696044921875,"(np.int64(485), np.int64(624), np.int64(489), np.int64(629))",382,6
123,1246.6666666666665,523.1111111111111,10.0,123643.76349312911,979.8987426757812,"(np.int64(521), np.int64(1245), np.int64(528), np.int64(1251))",385,3
123,1364.1153846153845,1286.9615384615386,26.0,321473.7850821357,1017.5984497070312,"(np.int64(1282), np.int64(1362), np.int64(1292), np.int64(1367))",380,139
123,1393.5,1315.0,2.0,24728.752698625824,612.29638671875,"(np.int64(1314), np.int64(1392), np.int64(1317), np.int64(1396))",97,63
123,1550.5,1325.0,2.0,24728.752698625824,642.1068115234375,"(np.int64(1324), np.int64(1550), np.int64(1327), np.int64(1552))",389,2
123,167.0,1522.5,2.0,24728.752698625824,642.1068115234375,"(np.int64(1522), np.int64(167), np.int64(1524), np.int64(168))",53,106
123,318.5,1526.5,4.0,49457.50539725165,672.7001953125,"(np.int64(1526), np.int64(318), np.int64(1528), np.int64(320))",35,105
123,528.0,1530.5,4.0,49457.50539725165,672.7001953125,"(np.int64(1530), np.int64(527), np.int64(1532), np.int64(530))",372,8
123,316.6,1540.2,5.0,61821.881746564555,642.1068115234375,"(np.int64(1539), np.int64(316), np.int64(1542), np.int64(318))",35,105
123,319.54545454545456,1552.5454545454545,11.0,136008.13984244203,802.119873046875,"(np.int64(1549), np.int64(319), np.int64(1557), np.int64(321))",35,105
123,899.375,1718.2916666666665,14.0,173101.26889038077,672.7001953125,"(np.int64(1712), np.int64(894), np.int64(1723), np.int64(904))",89,127
123,888.2826086956522,1724.8695652173913,24.0,296745.03238350985,1056.020751953125,"(np.int64(1718), np.int64(884), np.int64(1729), np.int64(891))",89,127
123,858.25,1731.673076923077,15.0,185465.64523969367,672.7001953125,"(np.int64(1727), np.int64(857), np.int64(1738), np.int64(862))",89,127
123,903.0,1735.0,1.0,12364.376349312912,672.7001953125,"(np.int64(1735), np.int64(903), np.int64(1736), np.int64(904))",89,127
123,869.5,1737.0,2.0,24728.752698625824,612.29638671875,"(np.int64(1737), np.int64(869), np.int64(1738), np.int64(871))",89,127
124,31.8,159.2,5.0,61821.881746564555,704.0032348632812,"(np.int64(158), np.int64(31), np.int64(161), np.int64(34))",230,129
124,54.7,204.5,10.0,123643.76349312911,802.1472778320312,"(np.int64(203), np.int64(53), np.int64(207), np.int64(58))",368,12
124,624.5,489.0,6.0,74186.25809587748,704.0032348632812,"(np.int64(488), np.int64(623), np.int64(491), np.int64(627))",382,6
124,1248.5,526.5,4.0,49457.50539725165,735.9954223632812,"(np.int64(526), np.int64(1248), np.int64(528), np.int64(1250))",385,3
124,1362.4375,1290.5625,25.0,309109.4087328228,1216.701904296875,"(np.int64(1284), np.int64(1361), np.int64(1294), np.int64(1366))",380,139
124,1396.0,1315.0,2.0,24728.752698625824,612.2749633789062,"(np.int64(1314), np.int64(1395), np.int64(1317), np.int64(1398))",97,63
124,168.14285714285714,1524.4285714285713,7.0,86550.63444519039,672.7046508789062,"(np.int64(1523), np.int64(167), np.int64(1527), np.int64(170))",53,106
124,316.0,1541.5,2.0,24728.752698625824,642.1430053710938,"(np.int64(1541), np.int64(316), np.int64(1543), np.int64(317))",35,105
124,319.3,1556.5,10.0,123643.76349312911,906.6637573242188,"(np.int64(1554), np.int64(318), np.int64(1561), np.int64(322))",35,105
124,330.0,1564.3333333333333,3.0,37093.12904793874,642.1430053710938,"(np.int64(1564), np.int64(329), np.int64(1566), np.int64(332))",35,105
124,885.3571428571429,1722.2857142857142,14.0,173101.26889038077,836.2636108398438,"(np.int64(1720), np.int64(883), np.int64(1727), np.int64(888))",89,127
124,857.1818181818182,1732.0,24.0,296745.0323835099,735.9954223632812,"(np.int64(1727), np.int64(855), np.int64(1740), np.int64(861))",89,127
124,903.0,1736.75,4.0,49457.50539725165,672.7046508789062,"(np.int64(1736), np.int64(902), np.int64(1738), np.int64(905))",89,127
125,32.6,158.9,10.0,123643.76349312911,942.9150390625,"(np.int64(156), np.int64(31), np.int64(162), np.int64(35))",230,129
125,625.0,489.0,1.0,12364.376349312912,612.2819213867188,"(np.int64(489), np.int64(625), np.int64(490), np.int64(626))",382,6
125,1356.9673202614379,1286.7712418300655,41.0,506939.4303218294,1525.33984375,"(np.int64(1284), np.int64(1353), np.int64(1294), np.int64(1366))",380,139
125,1548.0,1328.0,1.0,12364.376349312912,672.689208984375,"(np.int64(1328), np.int64(1548), np.int64(1329), np.int64(1549))",389,2
125,168.0909090909091,1525.1818181818182,11.0,136008.13984244203,906.6611938476562,"(np.int64(1523), np.int64(167), np.int64(1528), np.int64(170))",53,106
125,319.0,1554.5,2.0,24728.752698625824,735.9797973632812,"(np.int64(1554), np.int64(319), np.int64(1556), np.int64(320))",35,105
125,329.09090909090907,1563.3636363636363,11.0,136008.13984244203,802.1536865234375,"(np.int64(1562), np.int64(325), np.int64(1565), np.int64(334))",35,105
125,885.1111111111111,1720.888888888889,9.0,111279.3871438162,642.1546630859375,"(np.int64(1719), np.int64(884), np.int64(1723), np.int64(888))",89,127
125,856.65625,1732.1875,17.0,210194.3979383195,703.97998046875,"(np.int64(1729), np.int64(855), np.int64(1738), np.int64(860))",89,127
125,904.0,1736.0,1.0,12364.376349312912,612.2819213867188,"(np.int64(1736), np.int64(904), np.int64(1737), np.int64(905))",89,127
125,868.0,1738.5,2.0,24728.752698625824,612.2819213867188,"(np.int64(1738), np.int64(867), np.int64(1740), np.int64(870))",89,127
126,33.5,158.83333333333334,12.0,148372.51619175496,979.8883056640625,"(np.int64(157), np.int64(32), np.int64(161), np.int64(37))",230,129
126,57.666666666666664,203.66666666666666,3.0,37093.12904793874,802.1029052734375,"(np.int64(203), np.int64(57), np.int64(205), np.int64(59))",368,12
126,627.0,487.0,1.0,12364.376349312912,612.248291015625,"(np.int64(487), np.int64(627), np.int64(488), np.int64(628))",382,6
126,1045.1818181818182,868.4545454545455,11.0,136008.13984244203,736.0040283203125,"(np.int64(867), np.int64(1043), np.int64(871), np.int64(1048))",334,18
126,1361.7118644067796,1289.7966101694915,59.0,729498.2046094618,1525.31396484375,"(np.int64(1285), np.int64(1356), np.int64(1295), np.int64(1366))",380,139
126,168.28571428571428,1526.0,7.0,86550.63444519039,942.9305419921875,"(np.int64(1525), np.int64(167), np.int64(1528), np.int64(171))",53,106
126,320.6666666666667,1555.1666666666667,6.0,74186.25809587748,906.6605224609375,"(np.int64(1554), np.int64(320), np.int64(1558), np.int64(322))",35,105
126,331.0,1563.5,10.0,123643.76349312911,768.70947265625,"(np.int64(1563), np.int64(328), np.int64(1565), np.int64(335))",35,105
126,885.8571428571429,1721.142857142857,7.0,86550.63444519039,642.1397705078125,"(np.int64(1719), np.int64(885), np.int64(1724), np.int64(888))",89,127
126,901.0,1721.8333333333333,6.0,74186.25809587748,703.986328125,"(np.int64(1721), np.int64(900), np.int64(1724), np.int64(903))",89,127
126,856.8333333333333,1732.6666666666665,4.0,49457.50539725165,642.1397705078125,"(np.int64(1729), np.int64(856), np.int64(1737), np.int64(859))",89,127
126,904.5,1734.5,4.0,49457.50539725165,642.1397705078125,"(np.int64(1734), np.int64(904), np.int64(1736), np.int64(906))",89,127
126,867.0,1738.0,1.0,12364.376349312912,612.248291015625,"(np.int64(1738), np.int64(867), np.int64(1739), np.int64(868))",89,127
127,33.857142857142854,158.57142857142858,7.0,86550.63444519039,703.99609375,"(np.int64(157), np.int64(33), np.int64(161), np.int64(36))",230,129
127,1046.1904761904761,866.8095238095239,21.0,259651.90333557114,802.1483154296875,"(np.int64(865), np.int64(1043), np.int64(870), np.int64(1051))",334,18
127,221.0,1007.0,1.0,12364.376349312912,612.23291015625,"(np.int64(1007), np.int64(221), np.int64(1008), np.int64(222))",391,3
127,1358.1702127659573,1285.5106382978724,48.0,593490.0647670198,1216.7200927734375,"(np.int64(1282), np.int64(1355), np.int64(1294), np.int64(1367))",380,139
127,1581.0,1514.5,4.0,49457.50539725165,642.101806640625,"(np.int64(1514), np.int64(1578), np.int64(1516), np.int64(1584))",370,14
127,168.2,1525.2,5.0,61821.881746564555,703.99609375,"(np.int64(1524), np.int64(167), np.int64(1527), np.int64(170))",53,106
127,324.9761904761905,1559.357142857143,10.0,123643.76349312912,703.99609375,"(np.int64(1556), np.int64(322), np.int64(1564), np.int64(333))",35,105
127,887.5,1720.5,2.0,24728.752698625824,672.6895751953125,"(np.int64(1720), np.int64(887), np.int64(1722), np.int64(889))",89,127
127,902.0,1722.6666666666667,3.0,37093.12904793874,672.6895751953125,"(np.int64(1722), np.int64(901), np.int64(1724), np.int64(904))",89,127
127,905.0,1734.0,1.0,12364.376349312912,672.6895751953125,"(np.int64(1734), np.int64(905), np.int64(1735), np.int64(906))",89,127
127,866.6666666666666,1736.8333333333333,12.0,148372.51619175496,703.99609375,"(np.int64(1736), np.int64(864), np.int64(1739), np.int64(870))",89,127
128,33.0,158.875,8.0,98915.0107945033,704.03466796875,"(np.int64(158), np.int64(31), np.int64(161), np.int64(36))",230,129
128,55.0,204.0,1.0,12364.376349312912,612.237060546875,"(np.int64(204), np.int64(55), np.int64(205), np.int64(56))",368,12
128,1505.9166666666667,705.7083333333334,24.0,296745.0323835099,768.70458984375,"(np.int64(701), np.int64(1502), np.int64(712), np.int64(1511))",393,12
128,1043.6521739130435,866.1739130434783,23.0,284380.65603419696,672.70751953125,"(np.int64(864), np.int64(1041), np.int64(870), np.int64(1048))",334,18
128,1346.0,1276.0,1.0,12364.376349312912,612.237060546875,"(np.int64(1276), np.int64(1346), np.int64(1277), np.int64(1347))",380,139
128,1359.1666666666667,1288.3166666666666,33.0,408024.41952732607,1525.343017578125,"(np.int64(1285), np.int64(1355), np.int64(1292), np.int64(1365))",380,139
128,1245.5,1514.0,2.0,24728.752698625824,736.03369140625,"(np.int64(1514), np.int64(1245), np.int64(1515), np.int64(1247))",394,2
128,1578.5,1514.25,4.0,49457.50539725165,612.237060546875,"(np.int64(1514), np.int64(1577), np.int64(1516), np.int64(1581))",370,14
128,901.0512820512821,1728.7350427350427,17.0,210194.3979383195,802.1314697265625,"(np.int64(1718), np.int64(896), np.int64(1735), np.int64(905))",89,127
128,887.3181818181818,1722.6666666666665,14.0,173101.26889038077,704.03466796875,"(np.int64(1719), np.int64(884), np.int64(1726), np.int64(891))",89,127
128,891.0,1735.0,1.0,12364.376349312912,612.237060546875,"(np.int64(1735), np.int64(891), np.int64(1736), np.int64(892))",89,127
128,864.75,1736.5,5.0,61821.88174656456,612.237060546875,"(np.int64(1736), np.int64(862), np.int64(1738), np.int64(868))",89,127
129,32.6,158.1,10.0,123643.76349312911,735.99951171875,"(np.int64(156), np.int64(31), np.int64(161), np.int64(35))",230,129
129,57.166666666666664,202.66666666666666,4.0,49457.50539725165,703.9788818359375,"(np.int64(200), np.int64(55), np.int64(205), np.int64(59))",368,12
129,65.25,214.75,4.0,49457.50539725165,642.1131591796875,"(np.int64(214), np.int64(64), np.int64(216), np.int64(67))",395,76
129,1505.0263157894738,706.8947368421053,38.0,469846.30127389065,1216.699951171875,"(np.int64(700), np.int64(1501), np.int64(714), np.int64(1511))",393,12
129,1050.0,864.0,1.0,12364.376349312912,612.26806640625,"(np.int64(864), np.int64(1050), np.int64(865), np.int64(1051))",334,18
129,1359.5277777777778,1290.111111111111,19.0,234923.15063694533,979.89208984375,"(np.int64(1288), np.int64(1355), np.int64(1293), np.int64(1367))",380,139
129,1393.0,1314.0,1.0,12364.376349312912,612.26806640625,"(np.int64(1314), np.int64(1393), np.int64(1315), np.int64(1394))",97,63
129,1247.0,1515.0,1.0,12364.376349312912,672.683349609375,"(np.int64(1515), np.int64(1247), np.int64(1516), np.int64(1248))",394,2
129,1578.0,1515.0,3.0,37093.12904793874,642.1131591796875,"(np.int64(1515), np.int64(1577), np.int64(1516), np.int64(1580))",370,14
129,321.0,1557.0,1.0,12364.376349312912,612.26806640625,"(np.int64(1557), np.int64(321), np.int64(1558), np.int64(322))",35,105
129,853.0,1709.0,1.0,12364.376349312912,612.26806640625,"(np.int64(1709), np.int64(853), np.int64(1710), np.int64(854))",89,127
129,893.5952380952381,1724.0809523809523,18.0,222558.7742876324,871.111083984375,"(np.int64(1719), np.int64(887), np.int64(1727), np.int64(904))",89,127
129,1046.0,1729.0,1.0,12364.376349312912,612.26806640625,"(np.int64(1729), np.int64(1046), np.int64(1730), np.int64(1047))",82,64
129,902.8888888888889,1733.7777777777778,9.0,111279.3871438162,768.6895751953125,"(np.int64(1733), np.int64(901), np.int64(1736), np.int64(905))",89,127
129,867.0,1738.0,4.0,49457.50539725165,672.683349609375,"(np.int64(1737), np.int64(865), np.int64(1740), np.int64(870))",89,127
130,33.57142857142857,160.14285714285714,7.0,86550.63444519039,735.99267578125,"(np.int64(159), np.int64(32), np.int64(162), np.int64(36))",230,129
130,68.6,216.4,5.0,61821.881746564555,768.735595703125,"(np.int64(216), np.int64(67), np.int64(218), np.int64(71))",395,76
130,1625.0,502.75,4.0,49457.50539725165,979.950927734375,"(np.int64(502), np.int64(1624), np.int64(504), np.int64(1627))",295,7
130,1505.6136363636363,707.2727272727273,45.0,556396.9357190811,942.965087890625,"(np.int64(700), np.int64(1501), np.int64(715), np.int64(1511))",393,12
130,1046.5,866.0,2.0,24728.752698625824,612.30712890625,"(np.int64(866), np.int64(1046), np.int64(867), np.int64(1048))",334,18
130,220.5,1007.5,2.0,24728.752698625824,612.30712890625,"(np.int64(1007), np.int64(220), np.int64(1009), np.int64(222))",391,3
130,1365.0,1291.8,10.0,123643.76349312911,768.735595703125,"(np.int64(1290), np.int64(1364), np.int64(1294), np.int64(1367))",380,139
130,1257.0,1297.0,1.0,12364.376349312912,612.30712890625,"(np.int64(1297), np.int64(1257), np.int64(1298), np.int64(1258))",141,77
130,1250.25,1310.0,3.0,37093.12904793874,672.72021484375,"(np.int64(1310), np.int64(1249), np.int64(1311), np.int64(1253))",141,77
130,1393.75,1315.25,4.0,49457.50539725165,672.72021484375,"(np.int64(1315), np.int64(1393), np.int64(1317), np.int64(1396))",97,63
130,1577.5,1515.0,2.0,24728.752698625824,642.0986328125,"(np.int64(1515), np.int64(1577), np.int64(1516), np.int64(1579))",370,14
130,322.0,1558.0,1.0,12364.376349312912,612.30712890625,"(np.int64(1558), np.int64(322), np.int64(1559), np.int64(323))",35,105
130,289.0,1645.5,2.0,24728.752698625824,612.30712890625,"(np.int64(1645), np.int64(289), np.int64(1647), np.int64(290))",233,19
130,853.0,1712.0,1.0,12364.376349312912,612.30712890625,"(np.int64(1712), np.int64(853), np.int64(1713), np.int64(854))",89,127
130,889.2857142857143,1724.4285714285713,7.0,86550.63444519039,672.72021484375,"(np.int64(1723), np.int64(888), np.int64(1727), np.int64(891))",89,127
130,903.4285714285714,1734.5714285714287,7.0,86550.63444519039,672.72021484375,"(np.int64(1734), np.int64(902), np.int64(1737), np.int64(906))",89,127
130,868.9444444444445,1739.2222222222224,6.0,74186.25809587748,672.72021484375,"(np.int64(1738), np.int64(865), np.int64(1741), np.int64(873))",89,127
130,573.5,1834.0,2.0,24728.752698625824,768.735595703125,"(np.int64(1834), np.int64(573), np.int64(1835), np.int64(575))",399,2
131,32.142857142857146,159.57142857142858,7.0,86550.63444519039,703.995849609375,"(np.int64(158), np.int64(31), np.int64(162), np.int64(35))",230,129
131,1624.0,503.25,4.0,49457.50539725165,906.669189453125,"(np.int64(503), np.int64(1623), np.int64(505), np.int64(1626))",295,7
131,1504.3529411764705,707.5882352941177,34.0,420388.795876639,802.106689453125,"(np.int64(702), np.int64(1501), np.int64(715), np.int64(1509))",393,12
131,428.0,836.0,1.0,12364.376349312912,612.23486328125,"(np.int64(836), np.int64(428), np.int64(837), np.int64(429))",227,9
131,1049.5333333333333,866.9,15.0,185465.64523969367,672.76025390625,"(np.int64(866), np.int64(1042), np.int64(870), np.int64(1056))",334,18
131,221.0,1006.0,1.0,12364.376349312912,612.23486328125,"(np.int64(1006), np.int64(221), np.int64(1007), np.int64(222))",391,3
131,945.0,1114.0,1.0,12364.376349312912,642.13916015625,"(np.int64(1114), np.int64(945), np.int64(1115), np.int64(946))",400,89
131,626.5,1136.5,2.0,24728.752698625824,703.995849609375,"(np.int64(1136), np.int64(626), np.int64(1138), np.int64(628))",109,24
131,1351.0,1277.0,1.0,12364.376349312912,612.23486328125,"(np.int64(1277), np.int64(1351), np.int64(1278), np.int64(1352))",380,139
131,1393.0,1314.8,5.0,61821.881746564555,642.13916015625,"(np.int64(1314), np.int64(1392), np.int64(1317), np.int64(1395))",97,63
131,1579.6666666666667,1515.3333333333333,3.0,37093.12904793874,642.13916015625,"(np.int64(1515), np.int64(1579), np.int64(1517), np.int64(1581))",370,14
131,890.04,1728.72,25.0,309109.4087328228,736.051025390625,"(np.int64(1724), np.int64(889), np.int64(1735), np.int64(892))",89,127
131,1046.0,1729.0,1.0,12364.376349312912,612.23486328125,"(np.int64(1729), np.int64(1046), np.int64(1730), np.int64(1047))",82,64
131,902.3333333333334,1734.6666666666667,6.0,74186.25809587748,642.13916015625,"(np.int64(1734), np.int64(901), np.int64(1737), np.int64(904))",89,127
131,869.1666666666666,1739.111111111111,6.0,74186.25809587748,612.23486328125,"(np.int64(1738), np.int64(864), np.int64(1741), np.int64(875))",89,127
131,893.0,1739.0,1.0,12364.376349312912,612.23486328125,"(np.int64(1739), np.int64(893), np.int64(1740), np.int64(894))",89,127
132,1623.8,504.4,5.0,61821.881746564555,1017.573486328125,"(np.int64(504), np.int64(1623), np.int64(506), np.int64(1626))",295,7
132,1504.6333333333332,706.4,16.0,197830.0215890066,704.03662109375,"(np.int64(704), np.int64(1502), np.int64(713), np.int64(1508))",393,12
132,1047.0555555555557,869.1111111111111,18.0,222558.7742876324,642.145263671875,"(np.int64(868), np.int64(1043), np.int64(871), np.int64(1052))",334,18
132,1968.0,935.0,2.0,24728.752698625824,612.2939453125,"(np.int64(934), np.int64(1967), np.int64(937), np.int64(1970))",383,3
132,945.0,1115.0,3.0,37093.12904793874,735.977294921875,"(np.int64(1114), np.int64(945), np.int64(1117), np.int64(946))",400,89
132,626.5,1137.1666666666667,6.0,74186.25809587748,1017.573486328125,"(np.int64(1136), np.int64(625), np.int64(1139), np.int64(629))",109,24
132,1345.5,1280.75,3.0,37093.12904793874,642.145263671875,"(np.int64(1279), np.int64(1344), np.int64(1284), np.int64(1348))",380,139
132,1394.388888888889,1314.7777777777778,10.0,123643.76349312911,704.03662109375,"(np.int64(1314), np.int64(1392), np.int64(1319), np.int64(1397))",97,63
132,1576.5,1515.0,2.0,24728.752698625824,642.145263671875,"(np.int64(1515), np.int64(1576), np.int64(1516), np.int64(1578))",370,14
132,835.0,1710.5,2.0,24728.752698625824,642.145263671875,"(np.int64(1710), np.int64(835), np.int64(1712), np.int64(836))",89,127
132,894.75,1727.0833333333333,11.0,136008.13984244203,672.69287109375,"(np.int64(1722), np.int64(890), np.int64(1735), np.int64(904))",89,127
132,1046.0,1729.0,1.0,12364.376349312912,612.2939453125,"(np.int64(1729), np.int64(1046), np.int64(1730), np.int64(1047))",82,64
132,902.1666666666666,1735.0,6.0,74186.25809587748,672.69287109375,"(np.int64(1734), np.int64(901), np.int64(1737), np.int64(904))",89,127
132,869.5,1739.5,4.0,49457.50539725165,612.2939453125,"(np.int64(1737), np.int64(869), np.int64(1742), np.int64(871))",89,127
132,366.5,1823.5,2.0,24728.752698625824,612.2939453125,"(np.int64(1823), np.int64(366), np.int64(1825), np.int64(368))",60,51
132,616.0,1836.25,4.0,49457.50539725165,768.714111328125,"(np.int64(1836), np.int64(615), np.int64(1838), np.int64(618))",405,4
133,1624.6666666666667,504.6666666666667,3.0,37093.12904793874,735.98193359375,"(np.int64(504), np.int64(1624), np.int64(506), np.int64(1626))",295,7
133,1508.3,705.85,11.0,136008.13984244203,704.025390625,"(np.int64(702), np.int64(1507), np.int64(709), np.int64(1512))",393,12
133,1045.3076923076924,870.8461538461538,13.0,160736.89254106785,642.13720703125,"(np.int64(869), np.int64(1043), np.int64(874), np.int64(1049))",334,18
133,946.0,1115.0,1.0,12364.376349312912,612.29345703125,"(np.int64(1115), np.int64(946), np.int64(1116), np.int64(947))",400,89
133,628.4166666666666,1138.0833333333333,12.0,148372.51619175496,906.680419921875,"(np.int64(1136), np.int64(626), np.int64(1141), np.int64(632))",109,24
133,1503.0,1224.0,1.0,12364.376349312912,612.29345703125,"(np.int64(1224), np.int64(1503), np.int64(1225), np.int64(1504))",408,4
133,1410.0,1292.0,1.0,12364.376349312912,612.29345703125,"(np.int64(1292), np.int64(1410), np.int64(1293), np.int64(1411))",97,63
133,1393.7391304347825,1314.4782608695652,23.0,284380.65603419696,768.730712890625,"(np.int64(1312), np.int64(1390), np.int64(1319), np.int64(1400))",97,63
133,778.2,1626.4,5.0,61821.881746564555,672.68505859375,"(np.int64(1625), np.int64(778), np.int64(1629), np.int64(780))",409,7
133,835.0,1714.0,1.0,12364.376349312912,612.29345703125,"(np.int64(1714), np.int64(835), np.int64(1715), np.int64(836))",89,127
133,902.3333333333334,1734.6666666666667,6.0,74186.25809587748,735.98193359375,"(np.int64(1734), np.int64(901), np.int64(1737), np.int64(904))",89,127
133,869.5,1737.75,3.0,37093.12904793874,672.68505859375,"(np.int64(1736), np.int64(869), np.int64(1740), np.int64(871))",89,127
133,367.0,1823.0,3.0,37093.12904793874,642.13720703125,"(np.int64(1822), np.int64(367), np.int64(1825), np.int64(368))",60,51
133,616.5,1836.0,6.0,74186.25809587748,768.730712890625,"(np.int64(1835), np.int64(616), np.int64(1838), np.int64(618))",405,4
134,34.0,160.0,2.0,24728.752698625824,642.0986328125,"(np.int64(160), np.int64(32), np.int64(161), np.int64(37))",230,129
134,1625.3333333333333,504.3333333333333,3.0,37093.12904793874,703.987548828125,"(np.int64(504), np.int64(1625), np.int64(506), np.int64(1627))",295,7
134,1510.7142857142858,700.8571428571429,7.0,86550.63444519039,672.72021484375,"(np.int64(699), np.int64(1510), np.int64(704), np.int64(1513))",393,12
134,1505.0,711.0,1.0,12364.376349312912,612.30712890625,"(np.int64(711), np.int64(1505), np.int64(712), np.int64(1506))",393,12
134,1043.5,871.0,2.0,24728.752698625824,612.30712890625,"(np.int64(871), np.int64(1043), np.int64(872), np.int64(1045))",334,18
134,628.1111111111111,1138.4444444444443,9.0,111279.3871438162,802.124267578125,"(np.int64(1137), np.int64(626), np.int64(1141), np.int64(631))",109,24
134,1501.0,1225.0,1.0,12364.376349312912,612.30712890625,"(np.int64(1225), np.int64(1501), np.int64(1226), np.int64(1502))",408,4
134,1406.0,1296.0,1.0,12364.376349312912,612.30712890625,"(np.int64(1296), np.int64(1406), np.int64(1297), np.int64(1407))",97,63
134,1395.2105263157896,1313.3684210526317,23.0,284380.65603419696,703.987548828125,"(np.int64(1311), np.int64(1390), np.int64(1318), np.int64(1400))",97,63
134,778.9642857142858,1626.3214285714284,15.0,185465.6452396937,768.735595703125,"(np.int64(1622), np.int64(777), np.int64(1631), np.int64(781))",409,7
134,1972.0,1642.5,2.0,24728.752698625824,642.0986328125,"(np.int64(1642), np.int64(1972), np.int64(1644), np.int64(1973))",360,74
134,836.6666666666666,1710.0,3.0,37093.12904793874,612.30712890625,"(np.int64(1709), np.int64(836), np.int64(1712), np.int64(838))",89,127
134,854.5,1718.5,2.0,24728.752698625824,612.30712890625,"(np.int64(1718), np.int64(852), np.int64(1720), np.int64(858))",89,127
134,1046.0,1729.0,1.0,12364.376349312912,612.30712890625,"(np.int64(1729), np.int64(1046), np.int64(1730), np.int64(1047))",82,64
134,900.2727272727273,1734.3636363636363,11.0,136008.13984244203,768.735595703125,"(np.int64(1733), np.int64(898), np.int64(1737), np.int64(903))",89,127
134,870.0,1739.75,3.0,37093.12904793874,642.0986328125,"(np.int64(1739), np.int64(869), np.int64(1741), np.int64(872))",89,127
134,367.0,1822.5,4.0,49457.50539725165,612.30712890625,"(np.int64(1821), np.int64(367), np.int64(1825), np.int64(368))",60,51
134,785.0,1871.0,1.0,12364.376349312912,642.0986328125,"(np.int64(1871), np.int64(785), np.int64(1872), np.int64(786))",191,2
135,38.0,158.0,3.0,37093.12904793874,672.6982421875,"(np.int64(158), np.int64(37), np.int64(159), np.int64(40))",230,129
135,1507.4444444444443,706.0277777777778,17.0,210194.3979383195,642.096435546875,"(np.int64(699), np.int64(1505), np.int64(711), np.int64(1512))",393,12
135,627.7142857142857,1137.7142857142858,7.0,86550.63444519039,871.118896484375,"(np.int64(1137), np.int64(626), np.int64(1140), np.int64(630))",109,24
135,1338.5,1288.0,2.0,24728.752698625824,612.279541015625,"(np.int64(1285), np.int64(1335), np.int64(1292), np.int64(1343))",380,139
135,1407.0,1294.0,1.0,12364.376349312912,642.096435546875,"(np.int64(1294), np.int64(1407), np.int64(1295), np.int64(1408))",97,63
135,1389.3235294117649,1312.0882352941176,18.0,222558.77428763243,703.986572265625,"(np.int64(1310), np.int64(1386), np.int64(1317), np.int64(1396))",97,63
135,778.0,1624.5,2.0,24728.752698625824,735.96142578125,"(np.int64(1624), np.int64(778), np.int64(1626), np.int64(779))",409,7
135,1973.0,1642.0,1.0,12364.376349312912,735.96142578125,"(np.int64(1642), np.int64(1973), np.int64(1643), np.int64(1974))",360,74
135,854.6666666666667,1718.0,4.0,49457.50539725165,642.096435546875,"(np.int64(1717), np.int64(853), np.int64(1721), np.int64(858))",89,127
135,873.0,1738.0,1.0,12364.376349312912,642.096435546875,"(np.int64(1738), np.int64(873), np.int64(1739), np.int64(874))",89,127
135,618.0,1835.0,1.0,12364.376349312912,672.6982421875,"(np.int64(1835), np.int64(618), np.int64(1836), np.int64(619))",405,4
135,1369.5,2036.0,2.0,24728.752698625824,642.096435546875,"(np.int64(2034), np.int64(1367), np.int64(2039), np.int64(1373))",367,6
136,36.714285714285715,156.42857142857142,7.0,86550.63444519039,736.0179443359375,"(np.int64(156), np.int64(35), np.int64(158), np.int64(39))",230,129
136,1507.5714285714287,706.1428571428571,7.0,86550.63444519039,736.0179443359375,"(np.int64(704), np.int64(1506), np.int64(709), np.int64(1510))",393,12
136,1011.8571428571429,794.2142857142857,14.0,173101.26889038077,736.0179443359375,"(np.int64(793), np.int64(1009), np.int64(797), np.int64(1016))",412,11
136,945.0,1112.0,1.0,12364.376349312912,642.112060546875,"(np.int64(1112), np.int64(945), np.int64(1113), np.int64(946))",400,89
136,1339.0,1286.0,1.0,12364.376349312912,612.2830810546875,"(np.int64(1286), np.int64(1339), np.int64(1287), np.int64(1340))",380,139
136,1406.6666666666667,1293.6666666666667,3.0,37093.12904793874,672.7208251953125,"(np.int64(1293), np.int64(1406), np.int64(1295), np.int64(1408))",97,63
136,1384.0,1306.0,1.0,12364.376349312912,612.2830810546875,"(np.int64(1306), np.int64(1384), np.int64(1307), np.int64(1385))",97,63
136,1393.0555555555557,1313.8333333333333,18.0,222558.7742876324,768.706298828125,"(np.int64(1312), np.int64(1390), np.int64(1317), np.int64(1398))",97,63
136,1972.3333333333333,1641.3333333333333,3.0,37093.12904793874,703.9794921875,"(np.int64(1641), np.int64(1972), np.int64(1643), np.int64(1974))",360,74
136,855.5,1717.5,2.0,24728.752698625824,612.2830810546875,"(np.int64(1717), np.int64(853), np.int64(1719), np.int64(859))",89,127
136,617.0,1834.0,1.0,12364.376349312912,612.2830810546875,"(np.int64(1834), np.int64(617), np.int64(1835), np.int64(618))",405,4
136,1367.0,2033.5,2.0,24728.752698625824,612.2830810546875,"(np.int64(2033), np.int64(1367), np.int64(2035), np.int64(1368))",367,6
137,35.57142857142857,155.71428571428572,7.0,86550.63444519039,836.2904663085938,"(np.int64(155), np.int64(34), np.int64(157), np.int64(39))",230,129
137,1010.0952380952381,793.7619047619048,21.0,259651.90333557114,906.6859741210938,"(np.int64(792), np.int64(1006), np.int64(796), np.int64(1016))",412,11
137,1352.0,1007.5,2.0,24728.752698625824,612.2760009765625,"(np.int64(1007), np.int64(1352), np.int64(1009), np.int64(1353))",339,18
137,1405.0,1294.0,1.0,12364.376349312912,672.735107421875,"(np.int64(1294), np.int64(1405), np.int64(1295), np.int64(1406))",97,63
137,1392.4117647058824,1314.1176470588234,17.0,210194.3979383195,735.9807739257812,"(np.int64(1312), np.int64(1389), np.int64(1317), np.int64(1397))",97,63
137,157.0,1510.0,1.0,12364.376349312912,642.1375732421875,"(np.int64(1510), np.int64(157), np.int64(1511), np.int64(158))",53,106
137,309.6,1538.8,5.0,61821.881746564555,735.9807739257812,"(np.int64(1538), np.int64(309), np.int64(1541), np.int64(311))",35,105
137,1971.0,1641.5,2.0,24728.752698625824,642.1375732421875,"(np.int64(1641), np.int64(1971), np.int64(1643), np.int64(1972))",360,74
137,285.0,1659.5,2.0,24728.752698625824,612.2760009765625,"(np.int64(1659), np.int64(285), np.int64(1661), np.int64(286))",233,19
137,850.5,1713.5,2.0,24728.752698625824,612.2760009765625,"(np.int64(1712), np.int64(850), np.int64(1716), np.int64(852))",89,127
137,871.0,1737.0,1.0,12364.376349312912,612.2760009765625,"(np.int64(1737), np.int64(871), np.int64(1738), np.int64(872))",89,127
137,2026.0,1993.0,1.0,12364.376349312912,612.2760009765625,"(np.int64(1993), np.int64(2026), np.int64(1994), np.int64(2027))",414,31
137,1364.5,2033.0,2.0,24728.752698625824,612.2760009765625,"(np.int64(2033), np.int64(1364), np.int64(2034), np.int64(1366))",367,6
138,37.25,156.625,8.0,98915.0107945033,704.0262451171875,"(np.int64(156), np.int64(35), np.int64(158), np.int64(41))",230,129
138,1510.6666666666667,697.8333333333334,10.0,123643.76349312911,672.705078125,"(np.int64(696), np.int64(1508), np.int64(703), np.int64(1514))",393,12
138,1010.6923076923077,794.8076923076923,26.0,321473.7850821357,1017.5677490234375,"(np.int64(793), np.int64(1004), np.int64(798), np.int64(1016))",412,11
138,754.5,819.5,2.0,24728.752698625824,642.127685546875,"(np.int64(819), np.int64(754), np.int64(821), np.int64(756))",416,16
138,1352.0,1016.0,1.0,12364.376349312912,642.127685546875,"(np.int64(1016), np.int64(1352), np.int64(1017), np.int64(1353))",339,18
138,1407.0,1295.0,1.0,12364.376349312912,642.127685546875,"(np.int64(1295), np.int64(1407), np.int64(1296), np.int64(1408))",97,63
138,1394.1666666666667,1315.9166666666667,24.0,296745.0323835099,704.0262451171875,"(np.int64(1314), np.int64(1388), np.int64(1319), np.int64(1400))",97,63
138,312.8,1541.2,5.0,61821.881746564555,736.0084228515625,"(np.int64(1540), np.int64(312), np.int64(1543), np.int64(315))",35,105
138,287.2,1661.8,5.0,61821.881746564555,672.705078125,"(np.int64(1661), np.int64(286), np.int64(1664), np.int64(289))",233,19
138,857.0,1720.0,3.0,37093.12904793874,612.294189453125,"(np.int64(1720), np.int64(856), np.int64(1721), np.int64(859))",89,127
138,871.5,1739.5,4.0,49457.50539725165,642.127685546875,"(np.int64(1739), np.int64(871), np.int64(1741), np.int64(873))",89,127
139,38.5,156.0,2.0,24728.752698625824,672.7074584960938,"(np.int64(156), np.int64(38), np.int64(157), np.int64(40))",230,129
139,1513.0,697.0,1.0,12364.376349312912,612.2586669921875,"(np.int64(697), np.int64(1513), np.int64(698), np.int64(1514))",393,12
139,1013.25,795.75,11.0,136008.13984244203,768.6973876953125,"(np.int64(794), np.int64(1009), np.int64(798), np.int64(1016))",412,11
139,629.0,1139.0,1.0,12364.376349312912,642.13134765625,"(np.int64(1139), np.int64(629), np.int64(1140), np.int64(630))",109,24
139,1403.5,1299.0,2.0,24728.752698625824,612.2586669921875,"(np.int64(1296), np.int64(1400), np.int64(1303), np.int64(1408))",97,63
139,1395.625,1316.0625,16.0,197830.0215890066,672.7074584960938,"(np.int64(1315), np.int64(1392), np.int64(1318), np.int64(1399))",97,63
139,158.0,1510.0,7.0,86550.63444519039,768.6973876953125,"(np.int64(1509), np.int64(157), np.int64(1512), np.int64(160))",53,106
139,314.0,1541.0,1.0,12364.376349312912,612.2586669921875,"(np.int64(1541), np.int64(314), np.int64(1542), np.int64(315))",35,105
139,287.0,1664.5,4.0,49457.50539725165,612.2586669921875,"(np.int64(1663), np.int64(287), np.int64(1668), np.int64(288))",233,19
139,854.8333333333334,1717.6666666666667,4.0,49457.50539725165,612.2586669921875,"(np.int64(1713), np.int64(853), np.int64(1722), np.int64(859))",89,127
139,1046.0,1729.0,1.0,12364.376349312912,612.2586669921875,"(np.int64(1729), np.int64(1046), np.int64(1730), np.int64(1047))",82,64
139,873.0,1736.5,8.0,98915.0107945033,672.7074584960938,"(np.int64(1735), np.int64(872), np.int64(1739), np.int64(875))",89,127
140,1514.4,694.8,5.0,61821.881746564555,642.1005859375,"(np.int64(694), np.int64(1514), np.int64(697), np.int64(1516))",393,12
140,1490.0,708.5,2.0,24728.752698625824,612.272216796875,"(np.int64(708), np.int64(1490), np.int64(710), np.int64(1491))",421,5
140,1014.0,796.2,5.0,61821.881746564555,672.710205078125,"(np.int64(795), np.int64(1012), np.int64(798), np.int64(1017))",412,11
140,757.0,820.0,1.0,12364.376349312912,612.272216796875,"(np.int64(820), np.int64(757), np.int64(821), np.int64(758))",416,16
140,425.3333333333333,836.3333333333334,3.0,37093.12904793874,612.272216796875,"(np.int64(836), np.int64(425), np.int64(838), np.int64(427))",227,9
140,631.0,1140.0,1.0,12364.376349312912,642.1005859375,"(np.int64(1140), np.int64(631), np.int64(1141), np.int64(632))",109,24
140,1393.5862068965516,1314.9827586206898,30.0,370931.29047938733,672.710205078125,"(np.int64(1314), np.int64(1391), np.int64(1319), np.int64(1401))",97,63
140,157.25,1509.25,4.0,49457.50539725165,672.710205078125,"(np.int64(1508), np.int64(157), np.int64(1511), np.int64(159))",53,106
140,290.8181818181818,1659.090909090909,11.0,136008.13984244203,735.9888916015625,"(np.int64(1657), np.int64(290), np.int64(1662), np.int64(293))",233,19
140,853.75,1720.25,3.0,37093.12904793874,612.272216796875,"(np.int64(1718), np.int64(853), np.int64(1723), np.int64(856))",89,127
140,875.0,1739.0,1.0,12364.376349312912,612.272216796875,"(np.int64(1739), np.int64(875), np.int64(1740), np.int64(876))",89,127
141,1015.5,798.5,2.0,24728.752698625824,612.2626953125,"(np.int64(798), np.int64(1014), np.int64(800), np.int64(1018))",412,11
141,426.0,838.0,1.0,12364.376349312912,612.2626953125,"(np.int64(838), np.int64(426), np.int64(839), np.int64(427))",227,9
141,1353.0,1016.0,1.0,12364.376349312912,612.2626953125,"(np.int64(1016), np.int64(1353), np.int64(1017), np.int64(1354))",339,18
141,632.9615384615385,1140.8461538461538,14.0,173101.26889038077,906.677001953125,"(np.int64(1138), np.int64(629), np.int64(1143), np.int64(636))",109,24
141,1816.0,1210.0,1.0,12364.376349312912,612.2626953125,"(np.int64(1210), np.int64(1816), np.int64(1211), np.int64(1817))",422,6
141,1392.3676470588234,1314.6029411764707,35.0,432753.1722259519,768.662353515625,"(np.int64(1313), np.int64(1389), np.int64(1319), np.int64(1401))",97,63
141,156.42857142857142,1509.2857142857142,7.0,86550.63444519039,735.97802734375,"(np.int64(1508), np.int64(155), np.int64(1512), np.int64(159))",53,106
141,1580.0,1515.0,1.0,12364.376349312912,612.2626953125,"(np.int64(1515), np.int64(1580), np.int64(1516), np.int64(1581))",370,14
141,323.5,1561.5,2.0,24728.752698625824,704.0595703125,"(np.int64(1561), np.int64(323), np.int64(1563), np.int64(325))",35,105
141,294.27868852459017,1662.0983606557377,61.0,754226.9573080876,768.662353515625,"(np.int64(1658), np.int64(288), np.int64(1667), np.int64(303))",233,19
142,1015.0,797.0,1.0,12364.376349312912,642.1396484375,"(np.int64(797), np.int64(1015), np.int64(798), np.int64(1016))",412,11
142,1354.6666666666667,1011.3333333333334,5.0,61821.881746564555,672.638671875,"(np.int64(1007), np.int64(1354), np.int64(1015), np.int64(1356))",339,18
142,631.0,1137.0,1.0,12364.376349312912,612.2412109375,"(np.int64(1137), np.int64(631), np.int64(1138), np.int64(632))",109,24
142,1815.0,1211.1666666666667,4.0,49457.50539725165,612.2412109375,"(np.int64(1207), np.int64(1813), np.int64(1218), np.int64(1817))",422,6
142,1386.0,1309.0,3.0,37093.12904793874,642.1396484375,"(np.int64(1308), np.int64(1386), np.int64(1311), np.int64(1387))",97,63
142,1394.921052631579,1314.5,38.0,469846.30127389065,802.1484375,"(np.int64(1311), np.int64(1389), np.int64(1318), np.int64(1401))",97,63
142,98.25,1425.5,7.0,86550.63444519039,642.1396484375,"(np.int64(1425), np.int64(95), np.int64(1427), np.int64(103))",128,52
142,157.6,1509.4,5.0,61821.881746564555,704.03955078125,"(np.int64(1509), np.int64(156), np.int64(1511), np.int64(160))",53,106
142,1578.0,1514.0,1.0,12364.376349312912,612.2412109375,"(np.int64(1514), np.int64(1578), np.int64(1515), np.int64(1579))",370,14
142,324.0,1560.5,2.0,24728.752698625824,672.638671875,"(np.int64(1560), np.int64(324), np.int64(1562), np.int64(325))",35,105
142,297.8,1664.64,50.0,618218.8174656456,942.926513671875,"(np.int64(1658), np.int64(292), np.int64(1670), np.int64(303))",233,19
142,852.75,1727.25,3.0,37093.12904793874,612.2412109375,"(np.int64(1726), np.int64(852), np.int64(1730), np.int64(854))",89,127
143,1490.0,709.3333333333334,3.0,37093.12904793874,612.256103515625,"(np.int64(709), np.int64(1489), np.int64(711), np.int64(1492))",421,5
143,1968.0,926.0,1.0,12364.376349312912,612.256103515625,"(np.int64(926), np.int64(1968), np.int64(927), np.int64(1969))",383,3
143,769.0,937.0,1.0,12364.376349312912,736.0014038085938,"(np.int64(937), np.int64(769), np.int64(938), np.int64(770))",424,2
143,631.8076923076924,1139.9615384615386,14.0,173101.26889038077,736.0014038085938,"(np.int64(1137), np.int64(630), np.int64(1143), np.int64(636))",109,24
143,1814.75,1212.0,3.0,37093.12904793874,612.256103515625,"(np.int64(1210), np.int64(1814), np.int64(1215), np.int64(1817))",422,6
143,1365.0,1301.0,1.0,12364.376349312912,612.256103515625,"(np.int64(1301), np.int64(1365), np.int64(1302), np.int64(1366))",380,139
143,1394.0,1302.5,4.0,49457.50539725165,612.256103515625,"(np.int64(1302), np.int64(1392), np.int64(1304), np.int64(1397))",97,63
143,1392.949152542373,1313.6101694915253,59.0,729498.2046094618,768.700439453125,"(np.int64(1305), np.int64(1383), np.int64(1319), np.int64(1401))",97,63
143,95.57894736842105,1425.6315789473683,19.0,234923.15063694533,736.0014038085938,"(np.int64(1425), np.int64(91), np.int64(1427), np.int64(103))",128,52
143,1845.0,1515.0,1.0,12364.376349312912,672.7327880859375,"(np.int64(1515), np.int64(1845), np.int64(1516), np.int64(1846))",184,12
143,324.4,1560.7333333333333,15.0,185465.64523969367,1258.6654052734375,"(np.int64(1557), np.int64(323), np.int64(1565), np.int64(327))",35,105
143,299.4736842105263,1658.3684210526317,19.0,234923.15063694533,736.0014038085938,"(np.int64(1656), np.int64(297), np.int64(1662), np.int64(303))",233,19
143,1046.0,1729.0,1.0,12364.376349312912,612.256103515625,"(np.int64(1729), np.int64(1046), np.int64(1730), np.int64(1047))",82,64
143,369.0,1820.0,1.0,12364.376349312912,612.256103515625,"(np.int64(1820), np.int64(369), np.int64(1821), np.int64(370))",60,51
144,45.266666666666666,156.8,15.0,185465.64523969367,802.118896484375,"(np.int64(156), np.int64(41), np.int64(159), np.int64(49))",230,129
144,1488.0,709.5,4.0,49457.50539725165,672.6898193359375,"(np.int64(709), np.int64(1487), np.int64(711), np.int64(1490))",421,5
144,1011.0,796.0,1.0,12364.376349312912,612.2705078125,"(np.int64(796), np.int64(1011), np.int64(797), np.int64(1012))",412,11
144,630.85,1138.6,11.0,136008.13984244203,802.118896484375,"(np.int64(1136), np.int64(628), np.int64(1141), np.int64(634))",109,24
144,1732.0,1167.0,1.0,12364.376349312912,612.2705078125,"(np.int64(1167), np.int64(1732), np.int64(1168), np.int64(1733))",116,2
144,1814.0,1210.0,1.0,12364.376349312912,612.2705078125,"(np.int64(1210), np.int64(1814), np.int64(1211), np.int64(1815))",422,6
144,1367.5,1291.75,3.0,37093.12904793874,642.1387939453125,"(np.int64(1291), np.int64(1365), np.int64(1294), np.int64(1371))",380,139
144,1384.6875,1302.28125,12.0,148372.51619175496,703.9803466796875,"(np.int64(1298), np.int64(1379), np.int64(1307), np.int64(1396))",97,63
144,1390.8846153846155,1313.1346153846155,52.0,642947.5701642714,802.118896484375,"(np.int64(1306), np.int64(1383), np.int64(1318), np.int64(1398))",97,63
144,93.65384615384616,1425.1923076923076,16.0,197830.0215890066,836.2540283203125,"(np.int64(1424), np.int64(85), np.int64(1427), np.int64(100))",128,52
144,1843.5,1514.5,6.0,74186.25809587748,736.010498046875,"(np.int64(1514), np.int64(1842), np.int64(1516), np.int64(1846))",184,12
144,324.53333333333336,1562.4666666666667,30.0,370931.29047938733,1668.24169921875,"(np.int64(1557), np.int64(321), np.int64(1568), np.int64(331))",35,105
144,287.3333333333333,1655.3333333333333,3.0,37093.12904793874,672.6898193359375,"(np.int64(1655), np.int64(287), np.int64(1657), np.int64(289))",233,19
144,299.0,1657.0,1.0,12364.376349312912,612.2705078125,"(np.int64(1657), np.int64(299), np.int64(1658), np.int64(300))",233,19
144,1046.0,1729.0,1.0,12364.376349312912,642.1387939453125,"(np.int64(1729), np.int64(1046), np.int64(1730), np.int64(1047))",82,64
144,367.25,1827.5,3.0,37093.12904793874,612.2705078125,"(np.int64(1826), np.int64(367), np.int64(1830), np.int64(369))",60,51
145,47.416666666666664,156.875,24.0,296745.0323835099,1134.945068359375,"(np.int64(155), np.int64(40), np.int64(159), np.int64(53))",230,129
145,1487.0,709.0,1.0,12364.376349312912,642.1260986328125,"(np.int64(709), np.int64(1487), np.int64(710), np.int64(1488))",421,5
145,423.0,835.0,1.0,12364.376349312912,612.2452392578125,"(np.int64(835), np.int64(423), np.int64(836), np.int64(424))",227,9
145,1813.0,1209.0,1.0,12364.376349312912,642.1260986328125,"(np.int64(1209), np.int64(1813), np.int64(1210), np.int64(1814))",422,6
145,1390.7818181818182,1313.2,55.0,680040.6992122101,768.7178344726562,"(np.int64(1307), np.int64(1380), np.int64(1318), np.int64(1399))",97,63
145,284.0,1336.0,1.0,12364.376349312912,642.1260986328125,"(np.int64(1336), np.int64(284), np.int64(1337), np.int64(285))",302,15
145,89.0,1424.5,18.0,222558.7742876324,871.1051025390625,"(np.int64(1424), np.int64(85), np.int64(1426), np.int64(94))",128,52
145,1842.5,1514.5,6.0,74186.25809587748,768.7178344726562,"(np.int64(1514), np.int64(1841), np.int64(1516), np.int64(1845))",184,12
145,324.3809523809524,1562.4761904761904,21.0,259651.90333557114,1095.10400390625,"(np.int64(1558), np.int64(321), np.int64(1567), np.int64(329))",35,105
145,1972.5,1642.0,2.0,24728.752698625824,703.97607421875,"(np.int64(1642), np.int64(1972), np.int64(1643), np.int64(1974))",360,74
145,290.3333333333333,1645.3333333333333,3.0,37093.12904793874,906.6621704101562,"(np.int64(1645), np.int64(290), np.int64(1647), np.int64(292))",233,19
145,293.77777777777777,1660.9777777777779,45.0,556396.9357190811,768.7178344726562,"(np.int64(1657), np.int64(289), np.int64(1665), np.int64(299))",233,19
145,850.0,1716.0,1.0,12364.376349312912,612.2452392578125,"(np.int64(1716), np.int64(850), np.int64(1717), np.int64(851))",89,127
145,1046.0,1729.0,1.0,12364.376349312912,672.7030029296875,"(np.int64(1729), np.int64(1046), np.int64(1730), np.int64(1047))",82,64
145,859.0,1760.0,1.0,12364.376349312912,768.7178344726562,"(np.int64(1760), np.int64(859), np.int64(1761), np.int64(860))",428,2
145,367.0,1827.0,1.0,12364.376349312912,612.2452392578125,"(np.int64(1827), np.int64(367), np.int64(1828), np.int64(368))",60,51
146,599.0,59.0,1.0,12364.376349312912,672.7001953125,"(np.int64(59), np.int64(599), np.int64(60), np.int64(600))",429,7
146,50.59210526315789,158.26315789473682,21.0,259651.90333557114,802.119873046875,"(np.int64(157), np.int64(42), np.int64(160), np.int64(55))",230,129
146,1491.0,710.0,1.0,12364.376349312912,642.1068115234375,"(np.int64(710), np.int64(1491), np.int64(711), np.int64(1492))",421,5
146,635.0,1140.5,2.0,24728.752698625824,672.7001953125,"(np.int64(1140), np.int64(635), np.int64(1142), np.int64(636))",109,24
146,1818.0,1210.0,1.0,12364.376349312912,612.29638671875,"(np.int64(1210), np.int64(1818), np.int64(1211), np.int64(1819))",422,6
146,1348.0,1282.0,1.0,12364.376349312912,612.29638671875,"(np.int64(1282), np.int64(1348), np.int64(1283), np.int64(1349))",380,139
146,1364.5,1287.0,2.0,24728.752698625824,672.7001953125,"(np.int64(1287), np.int64(1364), np.int64(1288), np.int64(1366))",380,139
146,1393.0,1301.0,1.0,12364.376349312912,612.29638671875,"(np.int64(1301), np.int64(1393), np.int64(1302), np.int64(1394))",97,63
146,1267.5,1310.0,2.0,24728.752698625824,642.1068115234375,"(np.int64(1310), np.int64(1267), np.int64(1311), np.int64(1269))",141,77
146,1392.9705882352941,1314.3529411764705,34.0,420388.795876639,735.9947509765625,"(np.int64(1310), np.int64(1387), np.int64(1318), np.int64(1400))",97,63
146,90.93333333333334,1424.8666666666666,15.0,185465.64523969367,735.9947509765625,"(np.int64(1424), np.int64(87), np.int64(1427), np.int64(96))",128,52
146,836.5,1489.0,2.0,24728.752698625824,642.1068115234375,"(np.int64(1489), np.int64(836), np.int64(1490), np.int64(838))",431,7
146,1844.5,1514.5,2.0,24728.752698625824,642.1068115234375,"(np.int64(1514), np.int64(1844), np.int64(1516), np.int64(1846))",184,12
146,326.6111111111111,1562.5,18.0,222558.7742876324,1017.5984497070312,"(np.int64(1558), np.int64(324), np.int64(1568), np.int64(332))",35,105
146,294.3636363636364,1643.1818181818182,11.0,136008.13984244203,1175.443359375,"(np.int64(1641), np.int64(293), np.int64(1646), np.int64(297))",233,19
146,300.7317073170732,1662.5853658536585,42.0,519303.8066711423,802.119873046875,"(np.int64(1660), np.int64(292), np.int64(1669), np.int64(306))",233,19
146,283.27272727272725,1668.3636363636363,22.0,272016.27968488407,672.7001953125,"(np.int64(1666), np.int64(279), np.int64(1673), np.int64(290))",233,19
146,1046.0,1729.0,1.0,12364.376349312912,612.29638671875,"(np.int64(1729), np.int64(1046), np.int64(1730), np.int64(1047))",82,64
147,36.5,147.5,2.0,24728.752698625824,672.6975708007812,"(np.int64(147), np.int64(36), np.int64(149), np.int64(38))",230,129
147,48.5,158.33333333333334,6.0,74186.25809587748,703.9822387695312,"(np.int64(158), np.int64(43), np.int64(160), np.int64(54))",230,129
147,634.5,1139.6666666666665,10.0,123643.76349312911,942.918212890625,"(np.int64(1139), np.int64(633), np.int64(1143), np.int64(638))",109,24
147,1365.3333333333333,1287.5,6.0,74186.25809587748,703.9822387695312,"(np.int64(1286), np.int64(1365), np.int64(1290), np.int64(1367))",380,139
147,1270.0,1287.0,1.0,12364.376349312912,612.2499389648438,"(np.int64(1287), np.int64(1270), np.int64(1288), np.int64(1271))",141,77
147,1407.2205128205126,1295.0923076923075,19.0,234923.15063694533,735.9998168945312,"(np.int64(1292), np.int64(1398), np.int64(1302), np.int64(1412))",97,63
147,1392.7386363636365,1312.7272727272727,15.0,185465.6452396937,672.6975708007812,"(np.int64(1310), np.int64(1388), np.int64(1318), np.int64(1400))",97,63
147,1277.0,1311.0,1.0,12364.376349312912,612.2499389648438,"(np.int64(1311), np.int64(1277), np.int64(1312), np.int64(1278))",141,77
147,92.84615384615384,1424.923076923077,13.0,160736.89254106785,703.9822387695312,"(np.int64(1424), np.int64(89), np.int64(1427), np.int64(98))",128,52
147,835.4,1488.4,5.0,61821.881746564555,612.2499389648438,"(np.int64(1487), np.int64(834), np.int64(1491), np.int64(838))",431,7
147,327.25,1562.25,16.0,197830.0215890066,1017.6002197265625,"(np.int64(1558), np.int64(324), np.int64(1567), np.int64(332))",35,105
147,179.0,1573.0,1.0,12364.376349312912,612.2499389648438,"(np.int64(1573), np.int64(179), np.int64(1574), np.int64(180))",73,9
147,297.0,1640.2222222222222,9.0,111279.3871438162,906.6573486328125,"(np.int64(1638), np.int64(296), np.int64(1643), np.int64(299))",233,19
147,302.5,1661.5,4.0,49457.50539725165,642.1458740234375,"(np.int64(1661), np.int64(302), np.int64(1663), np.int64(304))",233,19
147,279.5,1671.5,16.0,197830.0215890066,735.9998168945312,"(np.int64(1670), np.int64(277), np.int64(1674), np.int64(283))",233,19
147,301.1764705882353,1673.764705882353,17.0,210194.3979383195,703.9822387695312,"(np.int64(1672), np.int64(296), np.int64(1677), np.int64(307))",233,19
147,855.5,1718.0,2.0,24728.752698625824,612.2499389648438,"(np.int64(1716), np.int64(855), np.int64(1721), np.int64(857))",89,127
147,1046.0,1729.0,1.0,12364.376349312912,612.2499389648438,"(np.int64(1729), np.int64(1046), np.int64(1730), np.int64(1047))",82,64
147,370.0,1828.0,1.0,12364.376349312912,612.2499389648438,"(np.int64(1828), np.int64(370), np.int64(1829), np.int64(371))",60,51
148,46.85714285714286,158.64285714285714,8.0,98915.0107945033,642.14111328125,"(np.int64(158), np.int64(44), np.int64(160), np.int64(53))",230,129
148,635.3846153846154,1139.7307692307693,26.0,321473.7850821357,906.6685791015625,"(np.int64(1138), np.int64(632), np.int64(1143), np.int64(639))",109,24
148,1348.0,1282.0,1.0,12364.376349312912,612.22607421875,"(np.int64(1282), np.int64(1348), np.int64(1283), np.int64(1349))",380,139
148,1364.0,1288.3333333333333,6.0,74186.25809587748,703.9873046875,"(np.int64(1287), np.int64(1363), np.int64(1291), np.int64(1366))",380,139
148,1269.0,1289.0,1.0,12364.376349312912,612.22607421875,"(np.int64(1289), np.int64(1269), np.int64(1290), np.int64(1270))",141,77
148,1405.3666666666668,1296.7166666666667,16.0,197830.0215890066,871.1236572265625,"(np.int64(1293), np.int64(1400), np.int64(1302), np.int64(1410))",97,63
148,1394.0833333333335,1315.6666666666665,5.0,61821.88174656456,642.14111328125,"(np.int64(1314), np.int64(1392), np.int64(1318), np.int64(1397))",97,63
148,93.5,1425.3333333333333,12.0,148372.51619175496,672.72802734375,"(np.int64(1425), np.int64(89), np.int64(1427), np.int64(98))",128,52
148,834.0,1488.0,3.0,37093.12904793874,642.14111328125,"(np.int64(1487), np.int64(833), np.int64(1490), np.int64(836))",431,7
148,1994.0,1543.0,1.0,12364.376349312912,612.22607421875,"(np.int64(1543), np.int64(1994), np.int64(1544), np.int64(1995))",87,6
148,325.8181818181818,1560.6363636363637,11.0,136008.13984244203,1301.3590087890625,"(np.int64(1558), np.int64(324), np.int64(1564), np.int64(329))",35,105
148,179.0,1572.0,1.0,12364.376349312912,612.22607421875,"(np.int64(1572), np.int64(179), np.int64(1573), np.int64(180))",73,9
148,297.625,1637.125,8.0,98915.0107945033,802.134765625,"(np.int64(1634), np.int64(297), np.int64(1641), np.int64(299))",233,19
148,289.05105287077714,1665.4106264890995,84.0,1038607.6133422846,802.134765625,"(np.int64(1646), np.int64(266), np.int64(1680), np.int64(303))",233,19
148,860.0,1712.0,1.0,12364.376349312912,612.22607421875,"(np.int64(1712), np.int64(860), np.int64(1713), np.int64(861))",89,127
148,370.0,1827.5,2.0,24728.752698625824,642.14111328125,"(np.int64(1827), np.int64(370), np.int64(1829), np.int64(371))",60,51
148,1741.0,1946.0,1.0,12364.376349312912,906.6685791015625,"(np.int64(1946), np.int64(1741), np.int64(1947), np.int64(1742))",435,2
149,448.0,1038.0,1.0,12364.376349312912,612.242919921875,"(np.int64(1038), np.int64(448), np.int64(1039), np.int64(449))",359,12
149,635.0909090909091,1140.090909090909,22.0,272016.27968488407,1017.5824584960938,"(np.int64(1138), np.int64(632), np.int64(1143), np.int64(640))",109,24
149,1481.0,1228.0,1.0,12364.376349312912,612.242919921875,"(np.int64(1228), np.int64(1481), np.int64(1229), np.int64(1482))",202,20
149,1365.0,1292.0,1.0,12364.376349312912,612.242919921875,"(np.int64(1292), np.int64(1365), np.int64(1293), np.int64(1366))",380,139
149,1255.5,1294.0,2.0,24728.752698625824,642.1478271484375,"(np.int64(1294), np.int64(1255), np.int64(1295), np.int64(1257))",141,77
149,1408.5,1294.5,4.0,49457.50539725165,703.9862060546875,"(np.int64(1294), np.int64(1407), np.int64(1296), np.int64(1411))",97,63
149,1400.0,1301.0,3.0,37093.12904793874,642.1478271484375,"(np.int64(1301), np.int64(1399), np.int64(1302), np.int64(1402))",97,63
149,1397.0,1318.0,1.0,12364.376349312912,612.242919921875,"(np.int64(1318), np.int64(1397), np.int64(1319), np.int64(1398))",97,63
149,833.3333333333334,1488.6666666666667,3.0,37093.12904793874,642.1478271484375,"(np.int64(1488), np.int64(833), np.int64(1490), np.int64(835))",431,7
149,324.7142857142857,1560.2857142857142,7.0,86550.63444519039,735.9775390625,"(np.int64(1558), np.int64(324), np.int64(1563), np.int64(327))",35,105
149,1975.0,1645.0,1.0,12364.376349312912,612.242919921875,"(np.int64(1645), np.int64(1975), np.int64(1646), np.int64(1976))",360,74
149,292.4,1646.8,5.0,61821.881746564555,802.1046142578125,"(np.int64(1646), np.int64(292), np.int64(1649), np.int64(294))",233,19
149,288.646017699115,1664.7522123893805,113.0,1397174.5274723591,1095.126708984375,"(np.int64(1655), np.int64(279), np.int64(1673), np.int64(296))",233,19
149,298.8333333333333,1662.5,6.0,74186.25809587748,703.9862060546875,"(np.int64(1662), np.int64(297), np.int64(1664), np.int64(302))",233,19
149,268.1694915254237,1676.677966101695,59.0,729498.2046094618,871.12939453125,"(np.int64(1672), np.int64(262), np.int64(1681), np.int64(276))",437,2
149,298.0,1675.0,3.0,37093.12904793874,612.242919921875,"(np.int64(1675), np.int64(293), np.int64(1676), np.int64(303))",233,19
149,1046.0,1729.0,1.0,12364.376349312912,612.242919921875,"(np.int64(1729), np.int64(1046), np.int64(1730), np.int64(1047))",82,64
150,46.6,158.8,5.0,61821.881746564555,735.9906005859375,"(np.int64(158), np.int64(45), np.int64(160), np.int64(49))",230,129
150,1347.0,1283.0,1.0,12364.376349312912,612.2713623046875,"(np.int64(1283), np.int64(1347), np.int64(1284), np.int64(1348))",380,139
150,1408.6666666666667,1294.7777777777778,9.0,111279.3871438162,735.9906005859375,"(np.int64(1293), np.int64(1407), np.int64(1297), np.int64(1411))",97,63
150,1257.3333333333335,1294.5,4.0,49457.50539725165,642.1521606445312,"(np.int64(1294), np.int64(1255), np.int64(1297), np.int64(1261))",141,77
150,1393.6666666666667,1302.6666666666667,9.0,111279.3871438162,836.2713623046875,"(np.int64(1302), np.int64(1391), np.int64(1304), np.int64(1398))",97,63
150,98.0,1428.0,1.0,12364.376349312912,612.2713623046875,"(np.int64(1428), np.int64(98), np.int64(1429), np.int64(99))",128,52
150,325.09090909090907,1560.909090909091,11.0,136008.13984244203,906.67138671875,"(np.int64(1558), np.int64(324), np.int64(1564), np.int64(328))",35,105
150,1974.0,1645.0,1.0,12364.376349312912,672.7111206054688,"(np.int64(1645), np.int64(1974), np.int64(1646), np.int64(1975))",360,74
150,293.0,1646.0,1.0,12364.376349312912,735.9906005859375,"(np.int64(1646), np.int64(293), np.int64(1647), np.int64(294))",233,19
150,287.9736842105263,1666.0,38.0,469846.30127389065,735.9906005859375,"(np.int64(1660), np.int64(283), np.int64(1670), np.int64(292))",233,19
150,296.5,1675.0,2.0,24728.752698625824,612.2713623046875,"(np.int64(1675), np.int64(296), np.int64(1676), np.int64(298))",233,19
150,265.8333333333333,1678.0833333333333,24.0,296745.0323835099,735.9906005859375,"(np.int64(1676), np.int64(263), np.int64(1682), np.int64(271))",437,2
150,857.0,1715.0,1.0,12364.376349312912,612.2713623046875,"(np.int64(1715), np.int64(857), np.int64(1716), np.int64(858))",89,127
151,46.111111111111114,157.11111111111111,9.0,111279.3871438162,703.9811401367188,"(np.int64(156), np.int64(43), np.int64(159), np.int64(49))",230,129
151,2046.0,966.5,2.0,24728.752698625824,612.2528686523438,"(np.int64(964), np.int64(2045), np.int64(970), np.int64(2048))",214,2
151,1354.2,1015.6,5.0,61821.881746564555,736.013916015625,"(np.int64(1015), np.int64(1353), np.int64(1017), np.int64(1356))",339,18
151,444.0,1038.0,1.0,12364.376349312912,612.2528686523438,"(np.int64(1038), np.int64(444), np.int64(1039), np.int64(445))",359,12
151,1487.5,1229.5,2.0,24728.752698625824,642.121826171875,"(np.int64(1229), np.int64(1487), np.int64(1231), np.int64(1489))",202,20
151,1415.0,1287.0,1.0,12364.376349312912,612.2528686523438,"(np.int64(1287), np.int64(1415), np.int64(1288), np.int64(1416))",97,63
151,1264.4375,1291.5208333333333,15.0,185465.6452396937,672.7120971679688,"(np.int64(1289), np.int64(1257), np.int64(1296), np.int64(1270))",141,77
151,1400.1224489795918,1299.3469387755101,49.0,605854.4411163327,1134.9173583984375,"(np.int64(1293), np.int64(1390), np.int64(1305), np.int64(1411))",97,63
151,833.5,1488.0,2.0,24728.752698625824,642.121826171875,"(np.int64(1488), np.int64(833), np.int64(1489), np.int64(835))",431,7
151,324.125,1558.5,8.0,98915.0107945033,802.115966796875,"(np.int64(1556), np.int64(323), np.int64(1562), np.int64(326))",35,105
151,292.0,1674.0,2.0,24728.752698625824,612.2528686523438,"(np.int64(1674), np.int64(291), np.int64(1675), np.int64(294))",233,19
152,45.1875,156.28125,17.0,210194.3979383195,906.6888427734375,"(np.int64(153), np.int64(43), np.int64(161), np.int64(50))",230,129
152,1352.5652173913043,1015.7826086956521,23.0,284380.65603419696,802.1422119140625,"(np.int64(1013), np.int64(1349), np.int64(1019), np.int64(1356))",339,18
152,1378.0,1275.0,1.0,12364.376349312912,612.271484375,"(np.int64(1275), np.int64(1378), np.int64(1276), np.int64(1379))",380,139
152,857.0,1279.0,1.0,12364.376349312912,612.271484375,"(np.int64(1279), np.int64(857), np.int64(1280), np.int64(858))",441,2
152,1355.0,1289.0,1.0,12364.376349312912,612.271484375,"(np.int64(1289), np.int64(1355), np.int64(1290), np.int64(1356))",380,139
152,1254.5714285714287,1293.3809523809523,17.0,210194.3979383195,704.003173828125,"(np.int64(1292), np.int64(1250), np.int64(1296), np.int64(1263))",141,77
152,1400.7068965517242,1298.6896551724137,58.0,717133.8282601489,1017.5882568359375,"(np.int64(1292), np.int64(1389), np.int64(1304), np.int64(1411))",97,63
152,472.3333333333333,1295.6666666666667,3.0,37093.12904793874,612.271484375,"(np.int64(1295), np.int64(472), np.int64(1297), np.int64(474))",442,2
152,832.0,1488.25,4.0,49457.50539725165,735.9859619140625,"(np.int64(1488), np.int64(831), np.int64(1490), np.int64(834))",431,7
152,323.25,1557.5,4.0,49457.50539725165,704.003173828125,"(np.int64(1556), np.int64(323), np.int64(1560), np.int64(325))",35,105
152,286.0,1674.0,3.0,37093.12904793874,612.271484375,"(np.int64(1674), np.int64(285), np.int64(1675), np.int64(288))",233,19
152,1015.0,1677.0,1.0,12364.376349312912,768.7354736328125,"(np.int64(1677), np.int64(1015), np.int64(1678), np.int64(1016))",291,50
152,2029.0,1990.0,1.0,12364.376349312912,768.7354736328125,"(np.int64(1990), np.int64(2029), np.int64(1991), np.int64(2030))",414,31
153,45.39285714285714,154.82142857142856,43.0,531668.1830204552,1134.946044921875,"(np.int64(148), np.int64(43), np.int64(160), np.int64(53))",230,129
153,550.0,798.0,1.0,12364.376349312912,612.253173828125,"(np.int64(798), np.int64(550), np.int64(799), np.int64(551))",443,16
153,1354.0,1006.0,1.0,12364.376349312912,612.253173828125,"(np.int64(1006), np.int64(1354), np.int64(1007), np.int64(1355))",339,18
153,1351.85,1016.3666666666667,17.0,210194.39793831948,768.7110595703125,"(np.int64(1015), np.int64(1346), np.int64(1019), np.int64(1356))",339,18
153,445.0,1039.0,1.0,12364.376349312912,612.253173828125,"(np.int64(1039), np.int64(445), np.int64(1040), np.int64(446))",359,12
153,1483.0,1229.0,1.0,12364.376349312912,612.253173828125,"(np.int64(1229), np.int64(1483), np.int64(1230), np.int64(1484))",202,20
153,856.0,1279.0,3.0,37093.12904793874,612.253173828125,"(np.int64(1279), np.int64(855), np.int64(1280), np.int64(858))",441,2
153,1365.0,1282.0,1.0,12364.376349312912,612.253173828125,"(np.int64(1282), np.int64(1365), np.int64(1283), np.int64(1366))",380,139
153,1267.030303030303,1290.6818181818182,24.0,296745.03238350985,642.1551513671875,"(np.int64(1288), np.int64(1257), np.int64(1296), np.int64(1272))",141,77
153,1414.0,1288.5,2.0,24728.752698625824,642.1551513671875,"(np.int64(1288), np.int64(1414), np.int64(1290), np.int64(1415))",97,63
153,1403.1627906976744,1297.5813953488373,43.0,531668.1830204552,1017.6026611328125,"(np.int64(1293), np.int64(1392), np.int64(1304), np.int64(1412))",97,63
153,323.5,1557.5,2.0,24728.752698625824,642.1551513671875,"(np.int64(1556), np.int64(323), np.int64(1560), np.int64(325))",35,105
153,1046.0,1729.0,1.0,12364.376349312912,612.253173828125,"(np.int64(1729), np.int64(1046), np.int64(1730), np.int64(1047))",82,64
154,50.06382978723404,155.51063829787233,47.0,581125.6884177069,1525.3011474609375,"(np.int64(150), np.int64(46), np.int64(161), np.int64(56))",230,129
154,1355.0,1012.38,28.0,346202.53778076154,703.990966796875,"(np.int64(1007), np.int64(1348), np.int64(1021), np.int64(1358))",339,18
154,448.0,1044.0,1.0,12364.376349312912,612.261962890625,"(np.int64(1044), np.int64(448), np.int64(1045), np.int64(449))",359,12
154,1348.0,1281.0,1.0,12364.376349312912,612.261962890625,"(np.int64(1281), np.int64(1348), np.int64(1282), np.int64(1349))",380,139
154,1367.0625,1290.4375,8.0,98915.01079450328,642.1527099609375,"(np.int64(1283), np.int64(1365), np.int64(1299), np.int64(1371))",380,139
154,1416.5,1289.5,4.0,49457.50539725165,703.990966796875,"(np.int64(1289), np.int64(1416), np.int64(1291), np.int64(1418))",97,63
154,1263.1818181818182,1295.1818181818182,11.0,136008.13984244203,642.1527099609375,"(np.int64(1294), np.int64(1260), np.int64(1298), np.int64(1267))",141,77
154,1404.5,1300.25,29.0,358566.91413007444,942.9112548828125,"(np.int64(1294), np.int64(1401), np.int64(1304), np.int64(1413))",97,63
154,1345.0,1343.0,1.0,12364.376349312912,612.261962890625,"(np.int64(1343), np.int64(1345), np.int64(1344), np.int64(1346))",27,63
154,326.0,1559.5,2.0,24728.752698625824,703.990966796875,"(np.int64(1559), np.int64(326), np.int64(1561), np.int64(327))",35,105
155,51.0,155.13793103448276,29.0,358566.91413007444,1056.0048828125,"(np.int64(151), np.int64(48), np.int64(159), np.int64(56))",230,129
155,1355.7058823529412,1015.8529411764706,36.0,445117.5485752648,802.1085205078125,"(np.int64(1010), np.int64(1351), np.int64(1020), np.int64(1359))",339,18
155,1366.6933333333334,1282.6,13.0,160736.89254106788,642.1005859375,"(np.int64(1272), np.int64(1364), np.int64(1293), np.int64(1370))",380,139
155,1379.0,1279.0,1.0,12364.376349312912,612.272216796875,"(np.int64(1279), np.int64(1379), np.int64(1280), np.int64(1380))",380,139
155,1411.1951219512196,1295.0487804878048,41.0,506939.4303218294,906.64990234375,"(np.int64(1289), np.int64(1403), np.int64(1302), np.int64(1419))",97,63
155,1264.0,1295.2857142857142,7.0,86550.63444519039,672.710205078125,"(np.int64(1294), np.int64(1263), np.int64(1298), np.int64(1267))",141,77
155,1250.0,1296.0,1.0,12364.376349312912,612.272216796875,"(np.int64(1296), np.int64(1250), np.int64(1297), np.int64(1251))",141,77
155,100.0,1425.0,5.0,61821.881746564555,672.710205078125,"(np.int64(1425), np.int64(98), np.int64(1426), np.int64(103))",128,52
155,321.6666666666667,1529.6666666666667,3.0,37093.12904793874,672.710205078125,"(np.int64(1529), np.int64(321), np.int64(1531), np.int64(323))",35,105
156,50.833333333333336,157.0,6.0,74186.25809587748,736.0158081054688,"(np.int64(156), np.int64(50), np.int64(159), np.int64(53))",230,129
156,1831.0,410.0,1.0,12364.376349312912,612.2811279296875,"(np.int64(410), np.int64(1831), np.int64(411), np.int64(1832))",138,25
156,1354.6944444444443,1017.3888888888889,36.0,445117.5485752648,768.7183837890625,"(np.int64(1013), np.int64(1351), np.int64(1022), np.int64(1359))",339,18
156,1365.0490196078433,1280.7058823529412,20.0,247287.52698625825,736.0158081054688,"(np.int64(1274), np.int64(1363), np.int64(1289), np.int64(1368))",380,139
156,1410.563725490196,1296.0931372549019,27.0,333838.16143144865,871.0897827148438,"(np.int64(1289), np.int64(1405), np.int64(1302), np.int64(1419))",97,63
156,1248.0,1297.0,1.0,12364.376349312912,612.2811279296875,"(np.int64(1297), np.int64(1248), np.int64(1298), np.int64(1249))",141,77
156,1134.0,1300.5,2.0,24728.752698625824,642.126220703125,"(np.int64(1300), np.int64(1134), np.int64(1302), np.int64(1135))",449,2
156,1396.5,1304.0,4.0,49457.50539725165,672.697021484375,"(np.int64(1304), np.int64(1395), np.int64(1305), np.int64(1399))",97,63
156,98.34126984126983,1426.6587301587304,23.0,284380.65603419696,703.9935302734375,"(np.int64(1425), np.int64(89), np.int64(1429), np.int64(108))",128,52
156,320.5,1530.5,4.0,49457.50539725165,802.146728515625,"(np.int64(1530), np.int64(320), np.int64(1532), np.int64(322))",35,105
157,1375.0,656.5,2.0,24728.752698625824,642.1430053710938,"(np.int64(656), np.int64(1375), np.int64(658), np.int64(1376))",450,3
157,1353.1666666666667,1017.4166666666666,36.0,445117.5485752648,1017.5960693359375,"(np.int64(1013), np.int64(1349), np.int64(1022), np.int64(1358))",339,18
157,1369.2315821256038,1283.0800120772947,46.0,568761.3120683939,704.0032348632812,"(np.int64(1274), np.int64(1363), np.int64(1293), np.int64(1381))",380,139
157,1417.0,1291.0,7.0,86550.63444519039,735.9954223632812,"(np.int64(1290), np.int64(1416), np.int64(1293), np.int64(1419))",97,63
157,1403.5,1300.9166666666667,6.0,74186.25809587746,642.1430053710938,"(np.int64(1297), np.int64(1398), np.int64(1305), np.int64(1410))",97,63
157,1134.0,1302.0,1.0,12364.376349312912,612.2749633789062,"(np.int64(1302), np.int64(1134), np.int64(1303), np.int64(1135))",449,2
157,90.07317073170732,1426.2682926829268,41.0,506939.4303218294,768.7245483398438,"(np.int64(1424), np.int64(80), np.int64(1430), np.int64(103))",128,52
157,110.625,1429.625,12.0,148372.51619175496,672.7046508789062,"(np.int64(1427), np.int64(105), np.int64(1434), np.int64(120))",128,52
157,1046.0,1729.0,1.0,12364.376349312912,642.1430053710938,"(np.int64(1729), np.int64(1046), np.int64(1730), np.int64(1047))",82,64
158,1833.0,406.0,1.0,12364.376349312912,612.2578125,"(np.int64(406), np.int64(1833), np.int64(407), np.int64(1834))",138,25
158,1375.0,654.0,3.0,37093.12904793874,642.1611328125,"(np.int64(653), np.int64(1375), np.int64(656), np.int64(1376))",450,3
158,1352.074074074074,1015.925925925926,13.0,160736.89254106785,836.27490234375,"(np.int64(1012), np.int64(1349), np.int64(1024), np.int64(1355))",339,18
158,1487.0,1229.0,1.0,12364.376349312912,612.2578125,"(np.int64(1229), np.int64(1487), np.int64(1230), np.int64(1488))",202,20
158,1366.1379310344828,1279.0689655172414,29.0,358566.91413007444,672.7255859375,"(np.int64(1271), np.int64(1363), np.int64(1287), np.int64(1369))",380,139
158,1376.6153846153845,1277.076923076923,13.0,160736.89254106785,642.1611328125,"(np.int64(1274), np.int64(1374), np.int64(1280), np.int64(1380))",380,139
158,1418.0,1290.0,1.0,12364.376349312912,612.2578125,"(np.int64(1290), np.int64(1418), np.int64(1291), np.int64(1419))",97,63
158,87.47727272727273,1424.9545454545455,44.0,544032.5593697681,871.1007080078125,"(np.int64(1423), np.int64(80), np.int64(1428), np.int64(97))",128,52
158,99.91666666666666,1425.0,8.0,98915.0107945033,672.7255859375,"(np.int64(1424), np.int64(98), np.int64(1427), np.int64(105))",128,52
158,119.2,1430.4,5.0,61821.881746564555,672.7255859375,"(np.int64(1430), np.int64(118), np.int64(1432), np.int64(121))",128,52
158,844.0,1722.0,1.0,12364.376349312912,612.2578125,"(np.int64(1722), np.int64(844), np.int64(1723), np.int64(845))",89,127
159,50.0,154.5,4.0,49457.50539725165,612.248291015625,"(np.int64(154), np.int64(49), np.int64(156), np.int64(52))",230,129
159,1374.0,662.0,1.0,12364.376349312912,612.248291015625,"(np.int64(662), np.int64(1374), np.int64(663), np.int64(1375))",450,3
159,550.0,796.0,1.0,12364.376349312912,612.248291015625,"(np.int64(796), np.int64(550), np.int64(797), np.int64(551))",443,16
159,773.5,823.5,4.0,49457.50539725165,736.0040283203125,"(np.int64(817), np.int64(769), np.int64(831), np.int64(780))",416,16
159,1348.0,1022.0,1.0,12364.376349312912,612.248291015625,"(np.int64(1022), np.int64(1348), np.int64(1023), np.int64(1349))",339,18
159,445.0,1037.0,2.0,24728.752698625824,612.248291015625,"(np.int64(1035), np.int64(444), np.int64(1040), np.int64(447))",359,12
159,1485.7777777777778,1229.4444444444443,9.0,111279.3871438162,871.1409912109375,"(np.int64(1228), np.int64(1484), np.int64(1232), np.int64(1488))",202,20
159,1364.3125,1273.5,16.0,197830.0215890066,703.986328125,"(np.int64(1271), np.int64(1362), np.int64(1277), np.int64(1368))",380,139
159,1375.75,1275.5,4.0,49457.50539725165,672.7191162109375,"(np.int64(1274), np.int64(1375), np.int64(1278), np.int64(1378))",380,139
159,1366.142857142857,1285.0,7.0,86550.63444519039,672.7191162109375,"(np.int64(1283), np.int64(1365), np.int64(1287), np.int64(1368))",380,139
159,1371.0,1299.0,1.0,12364.376349312912,612.248291015625,"(np.int64(1299), np.int64(1371), np.int64(1300), np.int64(1372))",380,139
159,89.91666666666667,1424.125,48.0,593490.0647670198,768.70947265625,"(np.int64(1422), np.int64(82), np.int64(1427), np.int64(99))",128,52
159,119.0,1430.0,1.0,12364.376349312912,612.248291015625,"(np.int64(1430), np.int64(119), np.int64(1431), np.int64(120))",128,52
159,402.0,1518.0,1.0,12364.376349312912,642.1397705078125,"(np.int64(1518), np.int64(402), np.int64(1519), np.int64(403))",452,62
159,1967.0,1625.5,2.0,24728.752698625824,642.1397705078125,"(np.int64(1625), np.int64(1967), np.int64(1627), np.int64(1968))",360,74
159,842.0,1722.0,1.0,12364.376349312912,612.248291015625,"(np.int64(1722), np.int64(842), np.int64(1723), np.int64(843))",89,127
160,50.333333333333336,155.66666666666666,3.0,37093.12904793874,642.10791015625,"(np.int64(155), np.int64(50), np.int64(157), np.int64(52))",230,129
160,1831.25,409.0,3.0,37093.12904793874,612.231201171875,"(np.int64(408), np.int64(1829), np.int64(411), np.int64(1834))",138,25
160,551.0,797.5,4.0,49457.50539725165,642.10791015625,"(np.int64(796), np.int64(551), np.int64(800), np.int64(552))",443,16
160,776.1583333333333,822.85,16.0,197830.0215890066,1433.575927734375,"(np.int64(815), np.int64(771), np.int64(831), np.int64(782))",416,16
160,445.16666666666663,1038.8333333333335,4.0,49457.50539725165,642.10791015625,"(np.int64(1036), np.int64(444), np.int64(1042), np.int64(447))",359,12
160,1487.0,1230.3636363636363,11.0,136008.13984244203,1388.798828125,"(np.int64(1229), np.int64(1485), np.int64(1233), np.int64(1490))",202,20
160,1368.8461538461538,1274.0384615384614,14.0,173101.26889038077,642.10791015625,"(np.int64(1272), np.int64(1363), np.int64(1278), np.int64(1373))",380,139
160,1366.857142857143,1284.7142857142858,7.0,86550.63444519039,642.10791015625,"(np.int64(1282), np.int64(1366), np.int64(1288), np.int64(1368))",380,139
160,1258.6666666666667,1295.6666666666667,3.0,37093.12904793874,642.10791015625,"(np.int64(1295), np.int64(1258), np.int64(1297), np.int64(1260))",141,77
160,1258.0,1318.0,1.0,12364.376349312912,642.10791015625,"(np.int64(1318), np.int64(1258), np.int64(1319), np.int64(1259))",141,77
160,1293.0,1324.0,2.0,24728.752698625824,612.231201171875,"(np.int64(1323), np.int64(1291), np.int64(1326), np.int64(1296))",27,63
160,89.08695652173913,1424.804347826087,46.0,568761.3120683939,735.9954833984375,"(np.int64(1423), np.int64(82), np.int64(1429), np.int64(99))",128,52
160,1966.875,1625.875,8.0,98915.0107945033,1175.480224609375,"(np.int64(1625), np.int64(1966), np.int64(1628), np.int64(1969))",360,74
160,844.6666666666666,1721.1666666666667,6.0,74186.25809587748,612.231201171875,"(np.int64(1720), np.int64(844), np.int64(1724), np.int64(846))",89,127
161,1830.0,406.0,1.0,12364.376349312912,612.24169921875,"(np.int64(406), np.int64(1830), np.int64(407), np.int64(1831))",138,25
161,1880.0,515.0,1.0,12364.376349312912,612.24169921875,"(np.int64(515), np.int64(1880), np.int64(516), np.int64(1881))",115,70
161,552.0,798.0,4.0,49457.50539725165,672.71435546875,"(np.int64(796), np.int64(552), np.int64(801), np.int64(553))",443,16
161,773.6041666666666,822.9895833333334,24.0,296745.03238350985,1388.823486328125,"(np.int64(816), np.int64(768), np.int64(831), np.int64(784))",416,16
161,445.6666666666667,1038.3333333333333,5.0,61821.881746564555,612.24169921875,"(np.int64(1036), np.int64(445), np.int64(1041), np.int64(448))",359,12
161,1475.0,1225.0,1.0,12364.376349312912,612.24169921875,"(np.int64(1225), np.int64(1475), np.int64(1226), np.int64(1476))",202,20
161,1487.2857142857142,1231.2142857142858,14.0,173101.26889038077,1525.324462890625,"(np.int64(1230), np.int64(1485), np.int64(1234), np.int64(1490))",202,20
161,1547.0,1241.0,1.0,12364.376349312912,612.24169921875,"(np.int64(1241), np.int64(1547), np.int64(1242), np.int64(1548))",455,111
161,1366.5833333333333,1277.75,7.0,86550.63444519037,704.028076171875,"(np.int64(1273), np.int64(1365), np.int64(1286), np.int64(1369))",380,139
161,1347.0,1284.5,2.0,24728.752698625824,642.1412353515625,"(np.int64(1284), np.int64(1346), np.int64(1286), np.int64(1349))",380,139
161,1372.0,1298.0,1.0,12364.376349312912,612.24169921875,"(np.int64(1298), np.int64(1372), np.int64(1299), np.int64(1373))",380,139
161,1257.0,1319.0,1.0,12364.376349312912,672.71435546875,"(np.int64(1319), np.int64(1257), np.int64(1320), np.int64(1258))",141,77
161,89.69565217391305,1425.2173913043478,23.0,284380.65603419696,704.028076171875,"(np.int64(1424), np.int64(84), np.int64(1429), np.int64(96))",128,52
161,1847.0,1513.0,3.0,37093.12904793874,704.028076171875,"(np.int64(1513), np.int64(1846), np.int64(1514), np.int64(1849))",184,12
161,1966.7142857142858,1626.0,7.0,86550.63444519039,1134.946044921875,"(np.int64(1625), np.int64(1966), np.int64(1628), np.int64(1969))",360,74
161,844.0,1724.0,3.0,37093.12904793874,612.24169921875,"(np.int64(1718), np.int64(842), np.int64(1729), np.int64(847))",89,127
162,551.6,796.0,5.0,61821.881746564555,642.1070556640625,"(np.int64(794), np.int64(551), np.int64(799), np.int64(553))",443,16
162,547.0,817.0,1.0,12364.376349312912,612.2467041015625,"(np.int64(817), np.int64(547), np.int64(818), np.int64(548))",226,9
162,768.0,819.3333333333334,3.0,37093.12904793874,672.73291015625,"(np.int64(819), np.int64(767), np.int64(821), np.int64(770))",416,16
162,777.0336538461538,826.2740384615385,21.0,259651.90333557114,1572.2603759765625,"(np.int64(821), np.int64(772), np.int64(830), np.int64(783))",416,16
162,446.0,1042.0,1.0,12364.376349312912,612.2467041015625,"(np.int64(1042), np.int64(446), np.int64(1043), np.int64(447))",359,12
162,1480.8809523809523,1228.7857142857144,17.0,210194.3979383195,1344.69873046875,"(np.int64(1227), np.int64(1477), np.int64(1233), np.int64(1490))",202,20
162,1366.125,1274.75,8.0,98915.0107945033,642.1070556640625,"(np.int64(1272), np.int64(1365), np.int64(1278), np.int64(1368))",380,139
162,1350.0,1284.5,2.0,24728.752698625824,642.1070556640625,"(np.int64(1284), np.int64(1350), np.int64(1286), np.int64(1351))",380,139
162,277.0,1330.0,1.0,12364.376349312912,612.2467041015625,"(np.int64(1330), np.int64(277), np.int64(1331), np.int64(278))",302,15
162,86.38095238095238,1425.4285714285716,24.0,296745.0323835099,704.01513671875,"(np.int64(1423), np.int64(82), np.int64(1428), np.int64(96))",128,52
162,1966.0,1626.0,3.0,37093.12904793874,768.71240234375,"(np.int64(1625), np.int64(1966), np.int64(1628), np.int64(1967))",360,74
163,1829.0,406.5,4.0,49457.50539725165,642.1275634765625,"(np.int64(404), np.int64(1828), np.int64(411), np.int64(1831))",138,25
163,411.0,662.0,1.0,12364.376349312912,642.1275634765625,"(np.int64(662), np.int64(411), np.int64(663), np.int64(412))",457,2
163,551.9375,800.4375,10.0,123643.76349312911,735.970703125,"(np.int64(796), np.int64(551), np.int64(804), np.int64(554))",443,16
163,778.5,825.0,6.0,74186.25809587748,1134.91796875,"(np.int64(824), np.int64(778), np.int64(827), np.int64(780))",416,16
163,446.0,1039.3333333333333,3.0,37093.12904793874,642.1275634765625,"(np.int64(1039), np.int64(445), np.int64(1041), np.int64(448))",359,12
163,1481.5611111111111,1228.2888888888888,19.0,234923.15063694533,1216.681640625,"(np.int64(1225), np.int64(1476), np.int64(1232), np.int64(1488))",202,20
163,1376.0,1278.0,1.0,12364.376349312912,642.1275634765625,"(np.int64(1278), np.int64(1376), np.int64(1279), np.int64(1377))",380,139
163,1357.0,1289.5,2.0,24728.752698625824,612.2535400390625,"(np.int64(1289), np.int64(1355), np.int64(1291), np.int64(1360))",380,139
163,1296.75,1324.25,5.0,61821.881746564555,612.2535400390625,"(np.int64(1323), np.int64(1295), np.int64(1327), np.int64(1301))",27,63
163,283.0,1333.0,1.0,12364.376349312912,612.2535400390625,"(np.int64(1333), np.int64(283), np.int64(1334), np.int64(284))",302,15
163,87.10714285714286,1423.392857142857,28.0,346202.53778076154,704.0185546875,"(np.int64(1422), np.int64(83), np.int64(1427), np.int64(93))",128,52
163,410.5,1505.5,4.0,49457.50539725165,704.0185546875,"(np.int64(1505), np.int64(406), np.int64(1507), np.int64(415))",452,62
163,1965.75,1629.25,4.0,49457.50539725165,768.7021484375,"(np.int64(1628), np.int64(1965), np.int64(1631), np.int64(1967))",360,74
163,840.5,1728.0,2.0,24728.752698625824,612.2535400390625,"(np.int64(1727), np.int64(839), np.int64(1730), np.int64(843))",89,127
164,48.25,157.5,3.0,37093.12904793874,642.1419677734375,"(np.int64(157), np.int64(45), np.int64(159), np.int64(52))",230,129
164,413.0,662.0,1.0,12364.376349312912,612.26708984375,"(np.int64(662), np.int64(413), np.int64(663), np.int64(414))",457,2
164,552.625,799.5,16.0,197830.0215890066,768.7188720703125,"(np.int64(795), np.int64(551), np.int64(805), np.int64(555))",443,16
164,549.0,820.0,3.0,37093.12904793874,642.1419677734375,"(np.int64(819), np.int64(549), np.int64(822), np.int64(550))",226,9
164,776.75,829.0,3.0,37093.12904793874,736.0015869140625,"(np.int64(827), np.int64(774), np.int64(832), np.int64(781))",416,16
164,450.0,1042.0,1.0,12364.376349312912,612.26708984375,"(np.int64(1042), np.int64(450), np.int64(1043), np.int64(451))",359,12
164,1481.8148148148148,1230.2962962962963,27.0,333838.1614314486,802.1324462890625,"(np.int64(1228), np.int64(1477), np.int64(1234), np.int64(1488))",202,20
164,1347.25,1283.5,3.0,37093.12904793874,642.1419677734375,"(np.int64(1283), np.int64(1346), np.int64(1285), np.int64(1350))",380,139
164,1371.0,1296.0,1.0,12364.376349312912,612.26708984375,"(np.int64(1296), np.int64(1371), np.int64(1297), np.int64(1372))",380,139
164,284.5,1335.5,2.0,24728.752698625824,612.26708984375,"(np.int64(1335), np.int64(283), np.int64(1337), np.int64(287))",302,15
164,88.275,1425.325,40.0,494575.05397251644,736.0015869140625,"(np.int64(1423), np.int64(83), np.int64(1429), np.int64(96))",128,52
164,1350.0,1451.0,1.0,12364.376349312912,736.0015869140625,"(np.int64(1451), np.int64(1350), np.int64(1452), np.int64(1351))",142,2
164,407.8,1506.6,5.0,61821.881746564555,703.980224609375,"(np.int64(1506), np.int64(407), np.int64(1508), np.int64(410))",452,62
164,316.7692307692308,1532.3076923076924,13.0,160736.89254106785,836.2420654296875,"(np.int64(1530), np.int64(314), np.int64(1535), np.int64(320))",35,105
164,1967.0,1631.0,3.0,37093.12904793874,672.7130126953125,"(np.int64(1630), np.int64(1967), np.int64(1633), np.int64(1968))",360,74
164,863.5,1717.5,2.0,24728.752698625824,642.1419677734375,"(np.int64(1715), np.int64(863), np.int64(1721), np.int64(865))",89,127
164,395.0,1813.0,1.0,12364.376349312912,979.9318237304688,"(np.int64(1813), np.int64(395), np.int64(1814), np.int64(396))",460,2
165,46.0,156.0,1.0,12364.376349312912,612.2452392578125,"(np.int64(156), np.int64(46), np.int64(157), np.int64(47))",230,129
165,1832.0,404.0,2.0,24728.752698625824,612.2452392578125,"(np.int64(401), np.int64(1832), np.int64(408), np.int64(1833))",138,25
165,553.2727272727273,799.0454545454545,22.0,272016.27968488407,942.9153442382812,"(np.int64(794), np.int64(552), np.int64(805), np.int64(556))",443,16
165,549.0,820.0,1.0,12364.376349312912,612.2452392578125,"(np.int64(820), np.int64(549), np.int64(821), np.int64(550))",226,9
165,765.0,822.0,1.0,12364.376349312912,642.1260986328125,"(np.int64(822), np.int64(765), np.int64(823), np.int64(766))",416,16
165,780.5714285714286,826.7142857142857,7.0,86550.63444519039,1056.0125732421875,"(np.int64(825), np.int64(780), np.int64(829), np.int64(782))",416,16
165,526.0,829.0,2.0,24728.752698625824,612.2452392578125,"(np.int64(829), np.int64(524), np.int64(830), np.int64(529))",226,9
165,1485.2222222222224,1230.6666666666667,9.0,111279.3871438162,672.7030029296875,"(np.int64(1228), np.int64(1479), np.int64(1233), np.int64(1490))",202,20
165,1346.75,1286.25,3.0,37093.12904793874,612.2452392578125,"(np.int64(1285), np.int64(1342), np.int64(1289), np.int64(1353))",380,139
165,1371.0,1301.0,1.0,12364.376349312912,612.2452392578125,"(np.int64(1301), np.int64(1371), np.int64(1302), np.int64(1372))",380,139
165,1261.0,1316.5,2.0,24728.752698625824,612.2452392578125,"(np.int64(1316), np.int64(1261), np.int64(1318), np.int64(1262))",141,77
165,88.4,1424.7,50.0,618218.8174656456,768.7178344726562,"(np.int64(1423), np.int64(81), np.int64(1428), np.int64(97))",128,52
165,408.5,1506.0,2.0,24728.752698625824,642.1260986328125,"(np.int64(1506), np.int64(408), np.int64(1507), np.int64(410))",452,62
165,317.375,1531.375,8.0,98915.0107945033,802.1329345703125,"(np.int64(1530), np.int64(316), np.int64(1534), np.int64(320))",35,105
165,1968.0,1630.5,2.0,24728.752698625824,703.97607421875,"(np.int64(1630), np.int64(1968), np.int64(1632), np.int64(1969))",360,74
165,1046.0,1729.0,1.0,12364.376349312912,612.2452392578125,"(np.int64(1729), np.int64(1046), np.int64(1730), np.int64(1047))",82,64
166,1871.0,501.0,1.0,12364.376349312912,642.1521606445312,"(np.int64(501), np.int64(1871), np.int64(502), np.int64(1872))",115,70
166,551.8888888888889,798.0,20.0,247287.52698625822,906.67138671875,"(np.int64(790), np.int64(551), np.int64(803), np.int64(554))",443,16
166,780.5,825.5,8.0,98915.0107945033,1134.9521484375,"(np.int64(824), np.int64(780), np.int64(828), np.int64(782))",416,16
166,525.6666666666667,828.6666666666667,4.0,49457.50539725165,612.2713623046875,"(np.int64(828), np.int64(523), np.int64(830), np.int64(529))",226,9
166,450.6666666666667,1044.0,3.0,37093.12904793874,612.2713623046875,"(np.int64(1043), np.int64(450), np.int64(1046), np.int64(452))",359,12
166,101.57894736842105,1409.8947368421052,20.0,247287.52698625822,703.9906005859375,"(np.int64(1407), np.int64(98), np.int64(1413), np.int64(106))",128,52
166,87.85365853658537,1423.9024390243903,41.0,506939.4303218294,768.7111206054688,"(np.int64(1422), np.int64(81), np.int64(1427), np.int64(95))",128,52
166,315.0,1532.0,1.0,12364.376349312912,703.9906005859375,"(np.int64(1532), np.int64(315), np.int64(1533), np.int64(316))",35,105
166,1966.875,1631.375,8.0,98915.0107945033,672.7111206054688,"(np.int64(1628), np.int64(1966), np.int64(1635), np.int64(1968))",360,74
166,861.25,1713.0,3.0,37093.12904793874,612.2713623046875,"(np.int64(1713), np.int64(859), np.int64(1714), np.int64(864))",89,127
166,1046.0,1729.0,1.0,12364.376349312912,612.2713623046875,"(np.int64(1729), np.int64(1046), np.int64(1730), np.int64(1047))",82,64
166,866.0,1736.0,1.0,12364.376349312912,612.2713623046875,"(np.int64(1736), np.int64(866), np.int64(1737), np.int64(867))",89,127
167,1575.0,118.0,1.0,12364.376349312912,612.2791748046875,"(np.int64(118), np.int64(1575), np.int64(119), np.int64(1576))",463,7
167,49.2,157.4,5.0,61821.881746564555,703.98193359375,"(np.int64(157), np.int64(48), np.int64(159), np.int64(51))",230,129
167,1870.0,501.0,5.0,61821.881746564555,836.2679443359375,"(np.int64(500), np.int64(1869), np.int64(503), np.int64(1872))",115,70
167,551.5,792.4545454545455,22.0,272016.27968488407,906.6456909179688,"(np.int64(788), np.int64(550), np.int64(799), np.int64(554))",443,16
167,779.8571428571429,825.5714285714286,14.0,173101.26889038077,2478.953369140625,"(np.int64(823), np.int64(779), np.int64(829), np.int64(782))",416,16
167,543.0,826.1666666666666,12.0,148372.51619175496,703.98193359375,"(np.int64(825), np.int64(540), np.int64(828), np.int64(546))",226,9
167,524.0,828.0,11.0,136008.13984244203,672.725341796875,"(np.int64(827), np.int64(522), np.int64(830), np.int64(527))",226,9
167,1481.625,1229.75,5.0,61821.881746564555,735.9947509765625,"(np.int64(1229), np.int64(1479), np.int64(1233), np.int64(1486))",202,20
167,1346.5,1286.0,2.0,24728.752698625824,612.2791748046875,"(np.int64(1286), np.int64(1346), np.int64(1287), np.int64(1348))",380,139
167,1369.0,1296.5,2.0,24728.752698625824,612.2791748046875,"(np.int64(1296), np.int64(1369), np.int64(1298), np.int64(1370))",380,139
167,101.4375,1410.125,16.0,197830.0215890066,871.1038818359375,"(np.int64(1408), np.int64(98), np.int64(1413), np.int64(106))",128,52
167,87.0952380952381,1424.2380952380952,21.0,259651.90333557114,672.725341796875,"(np.int64(1423), np.int64(83), np.int64(1427), np.int64(92))",128,52
167,314.0,1532.0,1.0,12364.376349312912,612.2791748046875,"(np.int64(1532), np.int64(314), np.int64(1533), np.int64(315))",35,105
167,1965.875,1631.25,8.0,98915.0107945033,768.71337890625,"(np.int64(1628), np.int64(1965), np.int64(1635), np.int64(1967))",360,74
167,861.0,1712.0,1.0,12364.376349312912,612.2791748046875,"(np.int64(1712), np.int64(861), np.int64(1713), np.int64(862))",89,127
167,1480.0,2046.5,2.0,24728.752698625824,612.2791748046875,"(np.int64(2046), np.int64(1479), np.int64(2048), np.int64(1482))",174,33
168,1576.0,118.0,1.0,12364.376349312912,612.2464599609375,"(np.int64(118), np.int64(1576), np.int64(119), np.int64(1577))",463,7
168,52.27272727272727,158.54545454545453,11.0,136008.13984244203,672.6982421875,"(np.int64(157), np.int64(49), np.int64(162), np.int64(55))",230,129
168,1871.0,501.0,3.0,37093.12904793874,704.0262451171875,"(np.int64(500), np.int64(1871), np.int64(503), np.int64(1872))",115,70
168,552.4285714285714,791.1428571428571,14.0,173101.26889038077,735.9838256835938,"(np.int64(788), np.int64(551), np.int64(796), np.int64(555))",443,16
168,780.8461538461538,825.3846153846154,13.0,160736.89254106785,2190.921142578125,"(np.int64(823), np.int64(780), np.int64(829), np.int64(783))",416,16
168,524.9761904761905,825.9047619047619,22.0,272016.27968488407,768.7285766601562,"(np.int64(824), np.int64(523), np.int64(830), np.int64(530))",226,9
168,539.75,827.0,5.0,61821.881746564555,612.2464599609375,"(np.int64(827), np.int64(536), np.int64(828), np.int64(546))",226,9
168,1482.875,1229.75,6.0,74186.25809587748,871.1083984375,"(np.int64(1228), np.int64(1479), np.int64(1234), np.int64(1488))",202,20
168,1378.0,1275.0,6.0,74186.25809587748,672.6982421875,"(np.int64(1274), np.int64(1377), np.int64(1277), np.int64(1381))",380,139
168,1340.3333333333333,1285.3333333333333,5.0,61821.881746564555,612.2464599609375,"(np.int64(1282), np.int64(1334), np.int64(1289), np.int64(1345))",380,139
168,1369.0,1294.0,1.0,12364.376349312912,612.2464599609375,"(np.int64(1294), np.int64(1369), np.int64(1295), np.int64(1370))",380,139
168,102.125,1410.0,7.0,86550.63444519037,704.0262451171875,"(np.int64(1407), np.int64(98), np.int64(1413), np.int64(107))",128,52
168,84.25,1424.5,3.0,37093.12904793874,612.2464599609375,"(np.int64(1423), np.int64(81), np.int64(1427), np.int64(89))",128,52
168,838.0,1497.0,3.0,37093.12904793874,642.157470703125,"(np.int64(1496), np.int64(837), np.int64(1499), np.int64(840))",431,7
168,313.4,1531.2,5.0,61821.881746564555,735.9838256835938,"(np.int64(1530), np.int64(312), np.int64(1533), np.int64(316))",35,105
168,1966.875,1630.375,8.0,98915.0107945033,836.2645874023438,"(np.int64(1627), np.int64(1966), np.int64(1634), np.int64(1968))",360,74
168,1853.0,1881.0,1.0,12364.376349312912,612.2464599609375,"(np.int64(1881), np.int64(1853), np.int64(1882), np.int64(1854))",466,73
169,1575.6666666666667,117.33333333333333,3.0,37093.12904793874,612.2749633789062,"(np.int64(117), np.int64(1575), np.int64(119), np.int64(1577))",463,7
169,51.4,158.1,6.0,74186.25809587746,768.7245483398438,"(np.int64(157), np.int64(50), np.int64(161), np.int64(55))",230,129
169,1374.0,196.0,1.0,12364.376349312912,612.2749633789062,"(np.int64(196), np.int64(1374), np.int64(197), np.int64(1375))",467,2
169,723.0,542.0,1.0,12364.376349312912,612.2749633789062,"(np.int64(542), np.int64(723), np.int64(543), np.int64(724))",251,10
169,554.0,789.0,1.0,12364.376349312912,612.2749633789062,"(np.int64(789), np.int64(554), np.int64(790), np.int64(555))",443,16
169,781.0,825.5,8.0,98915.0107945033,1301.32080078125,"(np.int64(824), np.int64(780), np.int64(828), np.int64(783))",416,16
169,527.75,828.25,24.0,296745.0323835099,768.7245483398438,"(np.int64(827), np.int64(524), np.int64(831), np.int64(533))",226,9
169,539.0,828.0,1.0,12364.376349312912,612.2749633789062,"(np.int64(828), np.int64(539), np.int64(829), np.int64(540))",226,9
169,1378.0,1275.7142857142858,7.0,86550.63444519039,642.1430053710938,"(np.int64(1275), np.int64(1376), np.int64(1278), np.int64(1380))",380,139
169,1370.2,1291.3,6.0,74186.25809587746,642.1430053710938,"(np.int64(1284), np.int64(1363), np.int64(1302), np.int64(1376))",380,139
169,1343.0,1287.0,1.0,12364.376349312912,642.1430053710938,"(np.int64(1287), np.int64(1343), np.int64(1288), np.int64(1344))",380,139
169,103.35714285714286,1409.2857142857142,8.0,98915.0107945033,704.0032348632812,"(np.int64(1408), np.int64(102), np.int64(1412), np.int64(107))",128,52
169,406.5,1507.0,2.0,24728.752698625824,642.1430053710938,"(np.int64(1507), np.int64(406), np.int64(1508), np.int64(408))",452,62
169,314.54545454545456,1530.3636363636363,11.0,136008.13984244203,1056.0040283203125,"(np.int64(1529), np.int64(312), np.int64(1533), np.int64(318))",35,105
169,1967.4285714285713,1628.2857142857142,7.0,86550.63444519039,871.1168823242188,"(np.int64(1627), np.int64(1967), np.int64(1631), np.int64(1969))",360,74
170,1575.0,118.5,2.0,24728.752698625824,612.26806640625,"(np.int64(118), np.int64(1575), np.int64(120), np.int64(1576))",463,7
170,51.0,157.0,1.0,12364.376349312912,612.26806640625,"(np.int64(157), np.int64(51), np.int64(158), np.int64(52))",230,129
170,1373.0,196.0,1.0,12364.376349312912,735.99951171875,"(np.int64(196), np.int64(1373), np.int64(197), np.int64(1374))",467,2
170,780.0,825.5,2.0,24728.752698625824,703.9788818359375,"(np.int64(825), np.int64(780), np.int64(827), np.int64(781))",416,16
170,529.8653846153846,828.7692307692307,17.0,210194.39793831948,735.99951171875,"(np.int64(827), np.int64(524), np.int64(831), np.int64(536))",226,9
170,767.0,932.0,1.0,12364.376349312912,612.26806640625,"(np.int64(932), np.int64(767), np.int64(933), np.int64(768))",424,2
170,1371.2962962962963,1274.4567901234568,29.0,358566.9141300744,703.9788818359375,"(np.int64(1273), np.int64(1367), np.int64(1279), np.int64(1380))",380,139
170,1363.0,1288.0833333333335,11.0,136008.13984244203,642.1131591796875,"(np.int64(1282), np.int64(1356), np.int64(1299), np.int64(1372))",380,139
170,1344.0,1284.0,1.0,12364.376349312912,612.26806640625,"(np.int64(1284), np.int64(1344), np.int64(1285), np.int64(1345))",380,139
170,1271.0,1292.0,2.0,24728.752698625824,612.26806640625,"(np.int64(1291), np.int64(1269), np.int64(1294), np.int64(1274))",141,77
170,82.75,1425.0,4.0,49457.50539725165,642.1131591796875,"(np.int64(1424), np.int64(81), np.int64(1427), np.int64(85))",128,52
170,405.9230769230769,1505.7692307692307,13.0,160736.89254106785,871.111083984375,"(np.int64(1503), np.int64(405), np.int64(1509), np.int64(409))",452,62
170,1847.5,1515.0,2.0,24728.752698625824,642.1131591796875,"(np.int64(1515), np.int64(1847), np.int64(1516), np.int64(1849))",184,12
170,313.3,1530.5,10.0,123643.76349312911,906.6461791992188,"(np.int64(1529), np.int64(311), np.int64(1533), np.int64(316))",35,105
170,1966.3333333333333,1628.6666666666667,3.0,37093.12904793874,672.683349609375,"(np.int64(1628), np.int64(1966), np.int64(1630), np.int64(1968))",360,74
170,1046.0,1729.0,1.0,12364.376349312912,612.26806640625,"(np.int64(1729), np.int64(1046), np.int64(1730), np.int64(1047))",82,64
170,1475.0,2046.5,2.0,24728.752698625824,612.26806640625,"(np.int64(2046), np.int64(1475), np.int64(2048), np.int64(1476))",174,33
171,1574.6666666666667,118.0,3.0,37093.12904793874,672.7374267578125,"(np.int64(117), np.int64(1574), np.int64(120), np.int64(1576))",463,7
171,66.14285714285714,269.7142857142857,7.0,86550.63444519039,735.988037109375,"(np.int64(268), np.int64(65), np.int64(272), np.int64(68))",178,39
171,1402.5,738.0,2.0,24728.752698625824,703.969482421875,"(np.int64(738), np.int64(1402), np.int64(739), np.int64(1404))",469,4
171,780.0,826.0,1.0,12364.376349312912,703.969482421875,"(np.int64(826), np.int64(780), np.int64(827), np.int64(781))",416,16
171,1367.4149659863945,1285.9166666666665,45.0,556396.9357190811,703.969482421875,"(np.int64(1274), np.int64(1357), np.int64(1298), np.int64(1379))",380,139
171,1274.5,1289.0,2.0,24728.752698625824,612.240234375,"(np.int64(1289), np.int64(1274), np.int64(1290), np.int64(1276))",141,77
171,86.45,1425.25,20.0,247287.52698625822,703.969482421875,"(np.int64(1424), np.int64(79), np.int64(1428), np.int64(96))",128,52
171,407.0,1506.2857142857142,28.0,346202.53778076154,1095.1163330078125,"(np.int64(1503), np.int64(404), np.int64(1510), np.int64(413))",452,62
171,314.0,1529.75,4.0,49457.50539725165,768.71484375,"(np.int64(1529), np.int64(313), np.int64(1532), np.int64(316))",35,105
171,1967.0,1630.0,1.0,12364.376349312912,612.240234375,"(np.int64(1630), np.int64(1967), np.int64(1631), np.int64(1968))",360,74
171,1046.0,1729.0,1.0,12364.376349312912,642.1348876953125,"(np.int64(1729), np.int64(1046), np.int64(1730), np.int64(1047))",82,64
171,868.0,1734.0,1.0,12364.376349312912,612.240234375,"(np.int64(1734), np.int64(868), np.int64(1735), np.int64(869))",89,127
171,1473.5,2047.0,2.0,24728.752698625824,672.7374267578125,"(np.int64(2047), np.int64(1473), np.int64(2048), np.int64(1475))",174,33
172,1575.3333333333335,116.91666666666666,5.0,61821.88174656456,703.986572265625,"(np.int64(115), np.int64(1574), np.int64(120), np.int64(1578))",463,7
172,66.33333333333333,271.3333333333333,9.0,111279.3871438162,735.9993896484375,"(np.int64(270), np.int64(65), np.int64(274), np.int64(69))",178,39
172,1837.0,411.0,1.0,12364.376349312912,612.28662109375,"(np.int64(411), np.int64(1837), np.int64(412), np.int64(1838))",138,25
172,1404.0,738.0,3.0,37093.12904793874,672.7218017578125,"(np.int64(738), np.int64(1403), np.int64(739), np.int64(1406))",469,4
172,781.0,826.5,6.0,74186.25809587748,768.685302734375,"(np.int64(825), np.int64(780), np.int64(829), np.int64(783))",416,16
172,1284.25,1112.5,3.0,37093.12904793874,612.28662109375,"(np.int64(1112), np.int64(1283), np.int64(1114), np.int64(1287))",471,2
172,1546.2,1237.8,5.0,61821.881746564555,672.7218017578125,"(np.int64(1236), np.int64(1546), np.int64(1240), np.int64(1548))",455,111
172,1366.7551020408162,1283.736961451247,39.0,482210.6776232036,735.9993896484375,"(np.int64(1275), np.int64(1356), np.int64(1291), np.int64(1380))",380,139
172,1275.1666666666667,1290.5,4.0,49457.50539725165,612.28662109375,"(np.int64(1287), np.int64(1271), np.int64(1295), np.int64(1281))",141,77
172,104.5,1411.0,2.0,24728.752698625824,672.7218017578125,"(np.int64(1411), np.int64(104), np.int64(1412), np.int64(106))",128,52
172,89.97368421052632,1424.9473684210525,20.0,247287.52698625825,703.986572265625,"(np.int64(1423), np.int64(82), np.int64(1427), np.int64(94))",128,52
172,408.3478260869565,1507.7826086956522,23.0,284380.65603419696,1175.5013427734375,"(np.int64(1505), np.int64(406), np.int64(1511), np.int64(413))",452,62
172,315.5,1530.0,2.0,24728.752698625824,612.28662109375,"(np.int64(1529), np.int64(315), np.int64(1532), np.int64(317))",35,105
172,435.0,1835.0,1.0,12364.376349312912,612.28662109375,"(np.int64(1835), np.int64(435), np.int64(1836), np.int64(436))",472,6
173,63.2,271.8,10.0,123643.76349312911,704.003662109375,"(np.int64(270), np.int64(61), np.int64(274), np.int64(66))",178,39
173,1834.0,414.5,2.0,24728.752698625824,612.234619140625,"(np.int64(411), np.int64(1831), np.int64(419), np.int64(1838))",138,25
173,1010.0,792.0,1.0,12364.376349312912,612.234619140625,"(np.int64(792), np.int64(1010), np.int64(793), np.int64(1011))",412,11
173,1284.0,1112.0,1.0,12364.376349312912,612.234619140625,"(np.int64(1112), np.int64(1284), np.int64(1113), np.int64(1285))",471,2
173,1545.5,1236.0,8.0,98915.0107945033,735.97998046875,"(np.int64(1234), np.int64(1545), np.int64(1239), np.int64(1547))",455,111
173,1365.9410714285714,1281.7107142857144,33.0,408024.4195273261,704.003662109375,"(np.int64(1272), np.int64(1355), np.int64(1290), np.int64(1378))",380,139
173,1273.3333333333333,1289.8333333333333,4.0,49457.50539725165,642.131103515625,"(np.int64(1286), np.int64(1270), np.int64(1294), np.int64(1276))",141,77
173,86.1304347826087,1423.3478260869565,23.0,284380.65603419696,735.97998046875,"(np.int64(1422), np.int64(81), np.int64(1426), np.int64(92))",128,52
173,407.05,1507.55,20.0,247287.52698625822,1258.6905517578125,"(np.int64(1505), np.int64(405), np.int64(1511), np.int64(412))",452,62
174,1573.0,114.5,2.0,24728.752698625824,612.2366943359375,"(np.int64(113), np.int64(1572), np.int64(117), np.int64(1575))",463,7
174,62.72727272727273,270.6363636363636,11.0,136008.13984244203,672.7393798828125,"(np.int64(269), np.int64(61), np.int64(273), np.int64(66))",178,39
174,1886.5,420.0,2.0,24728.752698625824,703.9927978515625,"(np.int64(420), np.int64(1886), np.int64(421), np.int64(1888))",475,6
174,1399.0,737.0,3.0,37093.12904793874,642.1123046875,"(np.int64(737), np.int64(1398), np.int64(738), np.int64(1401))",469,4
174,1015.75,795.1666666666667,5.0,61821.88174656456,672.7393798828125,"(np.int64(793), np.int64(1012), np.int64(798), np.int64(1020))",412,11
174,1544.5454545454545,1235.7272727272727,11.0,136008.13984244203,979.8873291015625,"(np.int64(1233), np.int64(1544), np.int64(1239), np.int64(1546))",455,111
174,1367.4055258467024,1283.75,43.0,531668.1830204552,672.7393798828125,"(np.int64(1272), np.int64(1355), np.int64(1298), np.int64(1377))",380,139
174,1267.75,1291.25,6.0,74186.25809587746,612.2366943359375,"(np.int64(1289), np.int64(1262), np.int64(1294), np.int64(1274))",141,77
174,101.0,1411.0,1.0,12364.376349312912,612.2366943359375,"(np.int64(1411), np.int64(101), np.int64(1412), np.int64(102))",128,52
174,87.33333333333333,1423.361111111111,36.0,445117.5485752648,802.1373291015625,"(np.int64(1422), np.int64(81), np.int64(1426), np.int64(96))",128,52
174,405.8125,1509.3125,16.0,197830.0215890066,836.2718505859375,"(np.int64(1507), np.int64(404), np.int64(1513), np.int64(409))",452,62
175,62.333333333333336,271.6,15.0,185465.64523969367,735.9947509765625,"(np.int64(269), np.int64(59), np.int64(274), np.int64(66))",178,39
175,1884.5,408.0,4.0,49457.50539725165,802.1377563476562,"(np.int64(407), np.int64(1884), np.int64(410), np.int64(1886))",475,6
175,1399.5,738.0,2.0,24728.752698625824,612.2791748046875,"(np.int64(738), np.int64(1399), np.int64(739), np.int64(1401))",469,4
175,1546.2727272727273,1236.6363636363637,11.0,136008.13984244203,1433.621826171875,"(np.int64(1234), np.int64(1545), np.int64(1240), np.int64(1548))",455,111
175,1367.6062770562771,1282.5679653679654,60.0,741862.5809587747,672.725341796875,"(np.int64(1273), np.int64(1355), np.int64(1295), np.int64(1379))",380,139
175,1271.5277777777776,1289.8055555555557,15.0,185465.6452396937,642.1241455078125,"(np.int64(1286), np.int64(1268), np.int64(1294), np.int64(1277))",141,77
175,103.0,1412.0,1.0,12364.376349312912,612.2791748046875,"(np.int64(1412), np.int64(103), np.int64(1413), np.int64(104))",128,52
175,89.5,1424.1,30.0,370931.29047938733,836.2679443359375,"(np.int64(1423), np.int64(84), np.int64(1427), np.int64(98))",128,52
175,105.25,1424.5,7.0,86550.63444519039,612.2791748046875,"(np.int64(1424), np.int64(100), np.int64(1426), np.int64(109))",128,52
175,408.54545454545456,1511.0,11.0,136008.13984244203,802.1377563476562,"(np.int64(1510), np.int64(407), np.int64(1514), np.int64(412))",452,62
175,1013.0,1668.0,1.0,12364.376349312912,612.2791748046875,"(np.int64(1668), np.int64(1013), np.int64(1669), np.int64(1014))",291,50
176,60.0,271.9047619047619,21.0,259651.90333557114,871.0858154296875,"(np.int64(267), np.int64(54), np.int64(277), np.int64(64))",178,39
176,58.0,282.0,1.0,12364.376349312912,672.7421875,"(np.int64(282), np.int64(58), np.int64(283), np.int64(59))",178,39
176,1884.85,411.7,12.0,148372.51619175493,736.019287109375,"(np.int64(409), np.int64(1884), np.int64(417), np.int64(1887))",475,6
176,1546.2857142857142,1236.142857142857,7.0,86550.63444519039,1017.60595703125,"(np.int64(1234), np.int64(1546), np.int64(1239), np.int64(1548))",455,111
176,1367.3299120234603,1283.4721407624634,56.0,692405.0755615231,703.973876953125,"(np.int64(1273), np.int64(1359), np.int64(1294), np.int64(1378))",380,139
176,1268.875,1290.7916666666667,10.0,123643.76349312912,642.13623046875,"(np.int64(1285), np.int64(1265), np.int64(1296), np.int64(1275))",141,77
176,88.88888888888889,1424.4444444444443,9.0,111279.3871438162,672.7421875,"(np.int64(1424), np.int64(87), np.int64(1426), np.int64(92))",128,52
176,409.2142857142857,1512.5,14.0,173101.26889038077,768.690673828125,"(np.int64(1511), np.int64(407), np.int64(1516), np.int64(413))",452,62
176,895.6277777777777,1731.4444444444443,20.0,247287.52698625822,736.019287109375,"(np.int64(1726), np.int64(893), np.int64(1736), np.int64(900))",89,127
177,58.25555555555556,275.75555555555553,26.0,321473.78508213564,768.748779296875,"(np.int64(267), np.int64(53), np.int64(283), np.int64(64))",178,39
177,1841.0,410.0,1.0,12364.376349312912,612.279541015625,"(np.int64(410), np.int64(1841), np.int64(411), np.int64(1842))",138,25
177,830.3333333333334,744.6666666666666,3.0,37093.12904793874,642.177490234375,"(np.int64(744), np.int64(830), np.int64(746), np.int64(832))",477,10
177,1012.25,795.0,3.0,37093.12904793874,612.279541015625,"(np.int64(794), np.int64(1011), np.int64(797), np.int64(1015))",412,11
177,1756.0,1180.0,1.0,12364.376349312912,612.279541015625,"(np.int64(1180), np.int64(1756), np.int64(1181), np.int64(1757))",478,2
177,1545.4545454545455,1235.1818181818182,11.0,136008.13984244203,906.720703125,"(np.int64(1232), np.int64(1545), np.int64(1239), np.int64(1547))",455,111
177,1366.7466478696742,1282.871522556391,53.0,655311.9465135843,672.656982421875,"(np.int64(1275), np.int64(1361), np.int64(1296), np.int64(1378))",380,139
177,1273.05,1290.8,8.0,98915.0107945033,642.177490234375,"(np.int64(1286), np.int64(1269), np.int64(1296), np.int64(1277))",141,77
177,88.0,1425.0,3.0,37093.12904793874,642.177490234375,"(np.int64(1425), np.int64(87), np.int64(1426), np.int64(90))",128,52
177,408.7692307692308,1513.076923076923,13.0,160736.89254106785,906.720703125,"(np.int64(1512), np.int64(407), np.int64(1516), np.int64(412))",452,62
177,314.0,1532.0,4.0,49457.50539725165,642.177490234375,"(np.int64(1531), np.int64(313), np.int64(1535), np.int64(316))",35,105
177,897.8461538461538,1730.2692307692307,26.0,321473.7850821357,1017.586669921875,"(np.int64(1726), np.int64(893), np.int64(1734), np.int64(904))",89,127
177,746.0,1792.0,1.0,12364.376349312912,802.136474609375,"(np.int64(1792), np.int64(746), np.int64(1793), np.int64(747))",185,6
177,442.0,1824.0,1.0,12364.376349312912,612.279541015625,"(np.int64(1824), np.int64(442), np.int64(1825), np.int64(443))",472,6
178,57.22727272727273,270.95454545454544,22.0,272016.27968488407,836.27978515625,"(np.int64(267), np.int64(53), np.int64(275), np.int64(61))",178,39
178,1839.0,397.0,1.0,12364.376349312912,612.238037109375,"(np.int64(397), np.int64(1839), np.int64(398), np.int64(1840))",138,25
178,1883.0,417.0,1.0,12364.376349312912,612.238037109375,"(np.int64(417), np.int64(1883), np.int64(418), np.int64(1884))",475,6
178,829.5,743.0,2.0,24728.752698625824,642.157958984375,"(np.int64(743), np.int64(829), np.int64(744), np.int64(831))",477,10
178,1123.6666666666667,1175.3333333333333,3.0,37093.12904793874,768.709228515625,"(np.int64(1175), np.int64(1123), np.int64(1177), np.int64(1125))",484,4
178,1544.3636363636363,1234.090909090909,11.0,136008.13984244203,1095.108642578125,"(np.int64(1232), np.int64(1543), np.int64(1237), np.int64(1546))",455,111
178,1550.0,1249.0,3.0,37093.12904793874,672.650634765625,"(np.int64(1248), np.int64(1550), np.int64(1251), np.int64(1551))",455,111
178,1363.4249639249638,1284.1479076479075,36.0,445117.5485752648,672.650634765625,"(np.int64(1275), np.int64(1353), np.int64(1297), np.int64(1375))",380,139
178,1275.1666666666667,1288.8333333333333,6.0,74186.25809587748,642.157958984375,"(np.int64(1284), np.int64(1267), np.int64(1295), np.int64(1284))",141,77
178,114.0,1404.6666666666667,3.0,37093.12904793874,642.157958984375,"(np.int64(1404), np.int64(113), np.int64(1406), np.int64(116))",128,52
178,97.0,1412.0,1.0,12364.376349312912,612.238037109375,"(np.int64(1412), np.int64(97), np.int64(1413), np.int64(98))",128,52
178,408.1666666666667,1512.3333333333333,6.0,74186.25809587748,802.06494140625,"(np.int64(1512), np.int64(407), np.int64(1514), np.int64(411))",452,62
178,312.57142857142856,1531.857142857143,7.0,86550.63444519039,704.001953125,"(np.int64(1530), np.int64(312), np.int64(1535), np.int64(315))",35,105
178,1001.0,1667.0,1.0,12364.376349312912,612.238037109375,"(np.int64(1667), np.int64(1001), np.int64(1668), np.int64(1002))",291,50
178,895.9057971014494,1731.4347826086957,26.0,321473.7850821357,871.06689453125,"(np.int64(1728), np.int64(892), np.int64(1735), np.int64(905))",89,127
178,1046.0,1729.0,1.0,12364.376349312912,612.238037109375,"(np.int64(1729), np.int64(1046), np.int64(1730), np.int64(1047))",82,64
178,396.0,1807.0,1.0,12364.376349312912,612.238037109375,"(np.int64(1807), np.int64(396), np.int64(1808), np.int64(397))",460,2
179,58.666666666666664,271.1904761904762,21.0,259651.90333557114,836.292724609375,"(np.int64(266), np.int64(55), np.int64(275), np.int64(62))",178,39
179,1838.25,408.0,5.0,61821.88174656456,642.20068359375,"(np.int64(405), np.int64(1837), np.int64(411), np.int64(1840))",138,25
179,831.5,743.5,4.0,49457.50539725165,703.9638671875,"(np.int64(743), np.int64(831), np.int64(745), np.int64(833))",477,10
179,1126.0,1175.75,4.0,49457.50539725165,836.292724609375,"(np.int64(1175), np.int64(1125), np.int64(1178), np.int64(1128))",484,4
179,1546.1666666666667,1235.0,12.0,148372.51619175496,1258.65869140625,"(np.int64(1232), np.int64(1545), np.int64(1238), np.int64(1548))",455,111
179,1551.5,1247.5,4.0,49457.50539725165,802.110107421875,"(np.int64(1247), np.int64(1551), np.int64(1249), np.int64(1553))",455,111
179,1364.558371735791,1280.8801843317972,46.0,568761.312068394,642.20068359375,"(np.int64(1277), np.int64(1354), np.int64(1293), np.int64(1380))",380,139
179,1282.5,1285.0,2.0,24728.752698625824,642.20068359375,"(np.int64(1285), np.int64(1282), np.int64(1286), np.int64(1284))",141,77
179,1368.5,1296.5,2.0,24728.752698625824,612.27294921875,"(np.int64(1296), np.int64(1368), np.int64(1298), np.int64(1370))",380,139
179,410.0,1512.0,1.0,12364.376349312912,612.27294921875,"(np.int64(1512), np.int64(410), np.int64(1513), np.int64(411))",452,62
179,314.6,1532.2,5.0,61821.881746564555,703.9638671875,"(np.int64(1531), np.int64(314), np.int64(1534), np.int64(316))",35,105
179,1024.0,1673.0,1.0,12364.376349312912,612.27294921875,"(np.int64(1673), np.int64(1024), np.int64(1674), np.int64(1025))",291,50
179,898.0,1730.7040229885058,35.0,432753.1722259519,836.292724609375,"(np.int64(1726), np.int64(894), np.int64(1734), np.int64(908))",89,127
179,1046.0,1729.0,1.0,12364.376349312912,612.27294921875,"(np.int64(1729), np.int64(1046), np.int64(1730), np.int64(1047))",82,64
180,54.666666666666664,162.33333333333334,3.0,37093.12904793874,642.08740234375,"(np.int64(162), np.int64(54), np.int64(164), np.int64(56))",230,129
180,54.0,233.0,1.0,12364.376349312912,612.26513671875,"(np.int64(233), np.int64(54), np.int64(234), np.int64(55))",395,76
180,57.13333333333333,271.4,15.0,185465.64523969367,802.120849609375,"(np.int64(267), np.int64(54), np.int64(275), np.int64(61))",178,39
180,1290.0,342.5,2.0,24728.752698625824,672.7685546875,"(np.int64(342), np.int64(1290), np.int64(344), np.int64(1291))",490,6
180,1844.0,374.0,1.0,12364.376349312912,612.26513671875,"(np.int64(374), np.int64(1844), np.int64(375), np.int64(1845))",379,52
180,1839.6666666666667,406.1666666666667,8.0,98915.0107945033,672.7685546875,"(np.int64(400), np.int64(1838), np.int64(412), np.int64(1842))",138,25
180,1498.5,411.5,4.0,49457.50539725165,642.08740234375,"(np.int64(411), np.int64(1498), np.int64(413), np.int64(1500))",491,15
180,831.6,742.8,5.0,61821.881746564555,871.09228515625,"(np.int64(742), np.int64(831), np.int64(745), np.int64(833))",477,10
180,1126.5,1175.5,2.0,24728.752698625824,612.26513671875,"(np.int64(1175), np.int64(1126), np.int64(1177), np.int64(1128))",484,4
180,1545.5714285714287,1233.7142857142858,7.0,86550.63444519039,1175.45068359375,"(np.int64(1232), np.int64(1545), np.int64(1236), np.int64(1547))",455,111
180,1552.5,1250.0,4.0,49457.50539725165,642.08740234375,"(np.int64(1248), np.int64(1552), np.int64(1253), np.int64(1554))",455,111
180,1363.3966836734694,1282.1875,44.0,544032.5593697681,642.08740234375,"(np.int64(1278), np.int64(1349), np.int64(1292), np.int64(1376))",380,139
180,1285.0,1285.0,1.0,12364.376349312912,612.26513671875,"(np.int64(1285), np.int64(1285), np.int64(1286), np.int64(1286))",141,77
180,111.5,1406.0,4.0,49457.50539725165,672.7685546875,"(np.int64(1406), np.int64(110), np.int64(1407), np.int64(114))",128,52
180,314.0,1532.5,2.0,24728.752698625824,703.940673828125,"(np.int64(1532), np.int64(314), np.int64(1534), np.int64(315))",35,105
180,1931.0,1607.0,1.0,12364.376349312912,612.26513671875,"(np.int64(1607), np.int64(1931), np.int64(1608), np.int64(1932))",492,5
180,1014.0,1672.0,1.0,12364.376349312912,612.26513671875,"(np.int64(1672), np.int64(1014), np.int64(1673), np.int64(1015))",291,50
180,900.1984126984127,1733.373015873016,26.0,321473.7850821357,735.971923828125,"(np.int64(1728), np.int64(895), np.int64(1739), np.int64(907))",89,127
181,52.4,160.93333333333334,7.0,86550.63444519037,642.10791015625,"(np.int64(159), np.int64(48), np.int64(164), np.int64(59))",230,129
181,57.04545454545455,268.4090909090909,12.0,148372.51619175496,768.68505859375,"(np.int64(266), np.int64(53), np.int64(274), np.int64(59))",178,39
181,1288.2727272727273,342.0,11.0,136008.13984244203,802.134765625,"(np.int64(341), np.int64(1286), np.int64(344), np.int64(1291))",490,6
181,1840.0,400.0,2.0,24728.752698625824,612.231201171875,"(np.int64(396), np.int64(1839), np.int64(405), np.int64(1842))",138,25
181,1497.5,411.0,2.0,24728.752698625824,642.10791015625,"(np.int64(411), np.int64(1497), np.int64(412), np.int64(1499))",491,15
181,1891.0,412.5,2.0,24728.752698625824,642.10791015625,"(np.int64(412), np.int64(1891), np.int64(414), np.int64(1892))",475,6
181,1126.6666666666667,1176.3333333333333,3.0,37093.12904793874,703.9901123046875,"(np.int64(1176), np.int64(1126), np.int64(1178), np.int64(1128))",484,4
181,1546.9166666666667,1239.125,13.0,160736.89254106785,979.8748779296875,"(np.int64(1232), np.int64(1543), np.int64(1247), np.int64(1551))",455,111
181,1366.325980392157,1283.3382352941176,39.0,482210.67762320355,642.10791015625,"(np.int64(1278), np.int64(1355), np.int64(1291), np.int64(1370))",380,139
181,1347.5,1282.0,2.0,24728.752698625824,612.231201171875,"(np.int64(1282), np.int64(1347), np.int64(1283), np.int64(1349))",380,139
181,1409.75,1348.0,4.0,49457.50539725165,703.9901123046875,"(np.int64(1347), np.int64(1409), np.int64(1350), np.int64(1411))",495,2
181,113.5,1405.0,2.0,24728.752698625824,612.231201171875,"(np.int64(1405), np.int64(113), np.int64(1406), np.int64(115))",128,52
181,313.6666666666667,1531.0,3.0,37093.12904793874,612.231201171875,"(np.int64(1530), np.int64(313), np.int64(1533), np.int64(315))",35,105
181,412.0,1538.0,1.0,12364.376349312912,672.744873046875,"(np.int64(1538), np.int64(412), np.int64(1539), np.int64(413))",496,20
181,1927.0,1605.4,5.0,61821.881746564555,642.10791015625,"(np.int64(1604), np.int64(1925), np.int64(1607), np.int64(1930))",492,5
181,246.0,1614.0,1.0,12364.376349312912,612.231201171875,"(np.int64(1614), np.int64(246), np.int64(1615), np.int64(247))",497,3
181,1020.0,1673.0,1.0,12364.376349312912,612.231201171875,"(np.int64(1673), np.int64(1020), np.int64(1674), np.int64(1021))",291,50
181,898.4285714285714,1729.2857142857142,7.0,86550.63444519039,735.9954833984375,"(np.int64(1728), np.int64(897), np.int64(1732), np.int64(901))",89,127
181,435.0,1829.0,1.0,12364.376349312912,612.231201171875,"(np.int64(1829), np.int64(435), np.int64(1830), np.int64(436))",472,6
182,56.0,162.66666666666666,3.0,37093.12904793874,642.124267578125,"(np.int64(162), np.int64(55), np.int64(164), np.int64(58))",230,129
182,54.4,271.9,10.0,123643.76349312911,979.8953857421875,"(np.int64(270), np.int64(52), np.int64(274), np.int64(57))",178,39
182,1287.5833333333333,341.8333333333333,12.0,148372.51619175496,736.0274658203125,"(np.int64(340), np.int64(1285), np.int64(344), np.int64(1291))",490,6
182,1221.375,371.75,8.0,98915.0107945033,703.983154296875,"(np.int64(369), np.int64(1220), np.int64(375), np.int64(1224))",499,2
182,1842.0,396.0,1.0,12364.376349312912,612.2459716796875,"(np.int64(396), np.int64(1842), np.int64(397), np.int64(1843))",138,25
182,1886.3333333333333,407.0,3.0,37093.12904793874,672.703369140625,"(np.int64(406), np.int64(1886), np.int64(409), np.int64(1888))",475,6
182,1839.75,408.75,3.0,37093.12904793874,612.2459716796875,"(np.int64(407), np.int64(1839), np.int64(411), np.int64(1841))",138,25
182,1497.0,411.0,1.0,12364.376349312912,612.2459716796875,"(np.int64(411), np.int64(1497), np.int64(412), np.int64(1498))",491,15
182,1888.0,419.0,1.0,12364.376349312912,612.2459716796875,"(np.int64(419), np.int64(1888), np.int64(420), np.int64(1889))",475,6
182,1545.92,1237.8000000000002,30.0,370931.2904793874,1479.0985107421875,"(np.int64(1233), np.int64(1543), np.int64(1246), np.int64(1552))",455,111
182,1540.9166666666667,1255.4166666666667,12.0,148372.51619175496,802.1546630859375,"(np.int64(1253), np.int64(1540), np.int64(1258), np.int64(1543))",455,111
182,1364.2,1285.8476190476192,37.0,457481.9249245777,672.703369140625,"(np.int64(1278), np.int64(1354), np.int64(1297), np.int64(1373))",380,139
182,1279.5,1285.5,2.0,24728.752698625824,612.2459716796875,"(np.int64(1285), np.int64(1278), np.int64(1287), np.int64(1282))",141,77
182,1264.0,1293.0,1.0,12364.376349312912,612.2459716796875,"(np.int64(1293), np.int64(1264), np.int64(1294), np.int64(1265))",141,77
182,1400.5,1306.0,2.0,24728.752698625824,612.2459716796875,"(np.int64(1305), np.int64(1399), np.int64(1308), np.int64(1403))",97,63
182,410.5,1539.0,2.0,24728.752698625824,642.124267578125,"(np.int64(1539), np.int64(410), np.int64(1540), np.int64(412))",496,20
182,772.2,1626.2,5.0,61821.881746564555,703.983154296875,"(np.int64(1625), np.int64(771), np.int64(1628), np.int64(774))",409,7
182,1465.5,1759.5,2.0,24728.752698625824,612.2459716796875,"(np.int64(1759), np.int64(1465), np.int64(1761), np.int64(1467))",194,10
182,430.8333333333333,1828.1666666666667,4.0,49457.50539725165,642.124267578125,"(np.int64(1823), np.int64(430), np.int64(1833), np.int64(434))",472,6
183,48.59375,165.3125,18.0,222558.7742876324,802.1324462890625,"(np.int64(162), np.int64(45), np.int64(169), np.int64(57))",230,129
183,53.0,234.0,3.0,37093.12904793874,942.95068359375,"(np.int64(234), np.int64(52), np.int64(235), np.int64(55))",395,76
183,58.375,271.1666666666667,15.0,185465.6452396937,736.00146484375,"(np.int64(267), np.int64(55), np.int64(274), np.int64(62))",178,39
183,1288.8333333333333,342.3333333333333,6.0,74186.25809587748,703.99951171875,"(np.int64(341), np.int64(1287), np.int64(344), np.int64(1292))",490,6
183,1222.4285714285713,371.85714285714283,7.0,86550.63444519039,768.7285766601562,"(np.int64(370), np.int64(1222), np.int64(375), np.int64(1224))",499,2
183,1841.0,401.0,1.0,12364.376349312912,612.2477416992188,"(np.int64(401), np.int64(1841), np.int64(402), np.int64(1842))",138,25
183,1500.0,412.0,1.0,12364.376349312912,612.2477416992188,"(np.int64(412), np.int64(1500), np.int64(413), np.int64(1501))",491,15
183,831.5,742.0,2.0,24728.752698625824,672.7227172851562,"(np.int64(742), np.int64(831), np.int64(743), np.int64(833))",477,10
183,1349.0,1028.0,1.0,12364.376349312912,642.1226806640625,"(np.int64(1028), np.int64(1349), np.int64(1029), np.int64(1350))",339,18
183,1548.8,1242.525,40.0,494575.05397251644,1525.318603515625,"(np.int64(1239), np.int64(1545), np.int64(1248), np.int64(1553))",455,111
183,1539.6022727272727,1257.0113636363635,15.0,185465.6452396937,703.99951171875,"(np.int64(1255), np.int64(1535), np.int64(1262), np.int64(1546))",455,111
183,1361.4607142857144,1283.4392857142857,40.0,494575.0539725165,642.1226806640625,"(np.int64(1278), np.int64(1353), np.int64(1290), np.int64(1368))",380,139
183,1282.0,1285.0,1.0,12364.376349312912,612.2477416992188,"(np.int64(1285), np.int64(1282), np.int64(1286), np.int64(1283))",141,77
183,247.0,1614.0,1.0,12364.376349312912,672.7227172851562,"(np.int64(1614), np.int64(247), np.int64(1615), np.int64(248))",497,3
183,774.6470588235294,1620.4411764705883,18.0,222558.77428763243,802.1324462890625,"(np.int64(1616), np.int64(771), np.int64(1629), np.int64(777))",409,7
184,53.89473684210526,164.05263157894737,38.0,469846.30127389065,1095.1048583984375,"(np.int64(161), np.int64(47), np.int64(168), np.int64(61))",230,129
184,58.0,233.0,1.0,12364.376349312912,612.2787475585938,"(np.int64(233), np.int64(58), np.int64(234), np.int64(59))",395,76
184,56.5,271.45,20.0,247287.52698625822,871.1175537109375,"(np.int64(268), np.int64(54), np.int64(275), np.int64(60))",178,39
184,1287.5,343.0,2.0,24728.752698625824,642.1168212890625,"(np.int64(343), np.int64(1287), np.int64(344), np.int64(1289))",490,6
184,1840.0,394.0,1.0,12364.376349312912,612.2787475585938,"(np.int64(394), np.int64(1840), np.int64(395), np.int64(1841))",138,25
184,1497.0,414.0,1.0,12364.376349312912,612.2787475585938,"(np.int64(414), np.int64(1497), np.int64(415), np.int64(1498))",491,15
184,1349.0,1028.0,1.0,12364.376349312912,642.1168212890625,"(np.int64(1028), np.int64(1349), np.int64(1029), np.int64(1350))",339,18
184,1546.2625,1238.725,42.0,519303.8066711423,2135.473388671875,"(np.int64(1234), np.int64(1544), np.int64(1248), np.int64(1552))",455,111
184,1539.5,1257.642857142857,8.0,98915.0107945033,672.7230224609375,"(np.int64(1256), np.int64(1536), np.int64(1260), np.int64(1545))",455,111
184,1365.4047619047622,1282.3095238095239,51.0,630583.1938149586,642.1168212890625,"(np.int64(1279), np.int64(1355), np.int64(1290), np.int64(1372))",380,139
184,773.8333333333333,1625.4166666666665,7.0,86550.63444519039,704.0165405273438,"(np.int64(1622), np.int64(773), np.int64(1628), np.int64(776))",409,7
184,426.0,1827.5,2.0,24728.752698625824,612.2787475585938,"(np.int64(1827), np.int64(424), np.int64(1829), np.int64(429))",472,6
185,52.45945945945946,163.2972972972973,37.0,457481.92492457776,1258.63818359375,"(np.int64(161), np.int64(47), np.int64(167), np.int64(59))",230,129
185,56.266666666666666,270.8,15.0,185465.64523969367,704.0079345703125,"(np.int64(267), np.int64(54), np.int64(275), np.int64(58))",178,39
185,1842.3333333333333,395.0,3.0,37093.12904793874,612.29638671875,"(np.int64(394), np.int64(1842), np.int64(397), np.int64(1844))",138,25
185,1495.0,414.0,1.0,12364.376349312912,642.1502685546875,"(np.int64(414), np.int64(1495), np.int64(415), np.int64(1496))",491,15
185,831.0,742.0,1.0,12364.376349312912,704.0079345703125,"(np.int64(742), np.int64(831), np.int64(743), np.int64(832))",477,10
185,786.5,1049.0,2.0,24728.752698625824,871.091064453125,"(np.int64(1049), np.int64(786), np.int64(1050), np.int64(788))",501,22
185,1548.08,1242.4,25.0,309109.4087328228,1258.63818359375,"(np.int64(1239), np.int64(1545), np.int64(1247), np.int64(1551))",455,111
185,1569.0,1263.8333333333333,6.0,74186.25809587748,736.01171875,"(np.int64(1263), np.int64(1568), np.int64(1266), np.int64(1571))",455,111
185,1369.4719387755104,1279.2984693877552,62.0,766591.3336574004,672.7412109375,"(np.int64(1271), np.int64(1356), np.int64(1288), np.int64(1376))",380,139
185,1275.0,1290.0,1.0,12364.376349312912,612.29638671875,"(np.int64(1290), np.int64(1275), np.int64(1291), np.int64(1276))",141,77
185,1925.0,1605.0,1.0,12364.376349312912,612.29638671875,"(np.int64(1605), np.int64(1925), np.int64(1606), np.int64(1926))",492,5
185,246.0,1615.0,1.0,12364.376349312912,642.1502685546875,"(np.int64(1615), np.int64(246), np.int64(1616), np.int64(247))",497,3
185,773.5714285714286,1625.0,7.0,86550.63444519039,672.7412109375,"(np.int64(1622), np.int64(772), np.int64(1629), np.int64(776))",409,7
186,52.390243902439025,162.3170731707317,41.0,506939.4303218294,1134.919677734375,"(np.int64(160), np.int64(46), np.int64(166), np.int64(59))",230,129
186,55.46666666666667,268.93333333333334,14.0,173101.26889038074,836.2679443359375,"(np.int64(265), np.int64(52), np.int64(274), np.int64(58))",178,39
186,1594.5,473.75,3.0,37093.12904793874,612.2791748046875,"(np.int64(472), np.int64(1594), np.int64(477), np.int64(1596))",503,3
186,786.0,1048.0,1.0,12364.376349312912,612.2791748046875,"(np.int64(1048), np.int64(786), np.int64(1049), np.int64(787))",501,22
186,1545.37,1237.78,29.0,358566.91413007444,1258.6856689453125,"(np.int64(1234), np.int64(1543), np.int64(1245), np.int64(1550))",455,111
186,1535.0,1255.0,1.0,12364.376349312912,612.2791748046875,"(np.int64(1255), np.int64(1535), np.int64(1256), np.int64(1536))",455,111
186,1561.0,1259.5,2.0,24728.752698625824,703.98193359375,"(np.int64(1259), np.int64(1561), np.int64(1261), np.int64(1562))",455,111
186,1373.3,1274.45,8.0,98915.0107945033,642.1241455078125,"(np.int64(1269), np.int64(1365), np.int64(1282), np.int64(1380))",380,139
186,1357.151282051282,1281.8102564102564,70.0,865506.3444519038,703.98193359375,"(np.int64(1276), np.int64(1350), np.int64(1286), np.int64(1368))",380,139
186,893.0,1729.0,1.0,12364.376349312912,612.2791748046875,"(np.int64(1729), np.int64(893), np.int64(1730), np.int64(894))",89,127
187,52.46153846153846,163.6153846153846,26.0,321473.7850821357,906.6814575195312,"(np.int64(162), np.int64(47), np.int64(167), np.int64(59))",230,129
187,56.868421052631575,270.10526315789474,20.0,247287.52698625825,1095.0975341796875,"(np.int64(267), np.int64(52), np.int64(276), np.int64(60))",178,39
187,1831.0,425.0,1.0,12364.376349312912,612.2752075195312,"(np.int64(425), np.int64(1831), np.int64(426), np.int64(1832))",278,3
187,1595.0,474.0,1.0,12364.376349312912,642.1166381835938,"(np.int64(474), np.int64(1595), np.int64(475), np.int64(1596))",503,3
187,1347.5,1031.0,2.0,24728.752698625824,642.1166381835938,"(np.int64(1031), np.int64(1347), np.int64(1032), np.int64(1349))",339,18
187,1545.578947368421,1238.9342105263158,21.0,259651.90333557114,979.9329223632812,"(np.int64(1236), np.int64(1543), np.int64(1245), np.int64(1550))",455,111
187,1562.909090909091,1261.6363636363637,11.0,136008.13984244203,735.9866943359375,"(np.int64(1260), np.int64(1560), np.int64(1264), np.int64(1566))",455,111
187,1371.8543604651163,1280.5674418604651,100.0,1236437.634931291,704.0206298828125,"(np.int64(1271), np.int64(1351), np.int64(1288), np.int64(1380))",380,139
187,420.0,1831.0,1.0,12364.376349312912,612.2752075195312,"(np.int64(1831), np.int64(420), np.int64(1832), np.int64(421))",472,6
188,53.2,163.2,6.0,74186.25809587746,672.6898193359375,"(np.int64(163), np.int64(48), np.int64(165), np.int64(58))",230,129
188,56.68181818181818,272.45454545454544,22.0,272016.27968488407,942.9264526367188,"(np.int64(270), np.int64(53), np.int64(275), np.int64(61))",178,39
188,1596.0,476.0,1.0,12364.376349312912,612.2705078125,"(np.int64(476), np.int64(1596), np.int64(477), np.int64(1597))",503,3
188,1548.125,1240.875,24.0,296745.0323835099,1433.619384765625,"(np.int64(1239), np.int64(1545), np.int64(1245), np.int64(1551))",455,111
188,1545.0,1257.0,1.0,12364.376349312912,612.2705078125,"(np.int64(1257), np.int64(1545), np.int64(1258), np.int64(1546))",455,111
188,1562.5833333333335,1261.4583333333335,14.0,173101.26889038077,736.010498046875,"(np.int64(1258), np.int64(1561), np.int64(1264), np.int64(1566))",455,111
188,1372.7083333333333,1274.9166666666667,9.0,111279.38714381622,642.1387939453125,"(np.int64(1268), np.int64(1369), np.int64(1284), np.int64(1377))",380,139
188,1356.0,1272.0,1.0,12364.376349312912,612.2705078125,"(np.int64(1272), np.int64(1356), np.int64(1273), np.int64(1357))",380,139
188,1363.0280373831777,1279.4579439252336,107.0,1322988.2693764817,736.010498046875,"(np.int64(1274), np.int64(1351), np.int64(1286), np.int64(1373))",380,139
188,1029.0,1672.5,2.0,24728.752698625824,612.2705078125,"(np.int64(1672), np.int64(1026), np.int64(1674), np.int64(1033))",291,50
189,57.131578947368425,272.7105263157895,20.0,247287.52698625825,768.722412109375,"(np.int64(271), np.int64(51), np.int64(277), np.int64(62))",178,39
189,1288.0,340.0,1.0,12364.376349312912,612.242919921875,"(np.int64(340), np.int64(1288), np.int64(341), np.int64(1289))",490,6
189,1547.2173913043478,1240.7826086956522,23.0,284380.65603419696,1433.60009765625,"(np.int64(1238), np.int64(1545), np.int64(1245), np.int64(1550))",455,111
189,1561.4375,1260.15625,17.0,210194.3979383195,672.705810546875,"(np.int64(1257), np.int64(1560), np.int64(1263), np.int64(1565))",455,111
189,1363.1529459241324,1271.5835351089588,191.0,2361595.882718766,704.0015869140625,"(np.int64(1268), np.int64(1346), np.int64(1285), np.int64(1375))",380,139
189,1582.1666666666667,1285.0,6.0,74186.25809587748,836.28173828125,"(np.int64(1284), np.int64(1581), np.int64(1287), np.int64(1584))",510,2
189,1930.0,1606.0,1.0,12364.376349312912,672.705810546875,"(np.int64(1606), np.int64(1930), np.int64(1607), np.int64(1931))",492,5
189,867.3333333333333,1742.3333333333335,4.0,49457.50539725165,612.242919921875,"(np.int64(1741), np.int64(866), np.int64(1744), np.int64(870))",89,127
190,51.65,274.3,20.0,247287.52698625822,906.6744384765625,"(np.int64(271), np.int64(49), np.int64(279), np.int64(56))",178,39
190,74.0,744.0,1.0,12364.376349312912,612.2465209960938,"(np.int64(744), np.int64(74), np.int64(745), np.int64(75))",80,42
190,1546.9545454545455,1242.0454545454545,22.0,272016.27968488407,1095.1181640625,"(np.int64(1240), np.int64(1544), np.int64(1246), np.int64(1550))",455,111
190,1560.9444444444443,1261.486111111111,26.0,321473.7850821357,768.7322387695312,"(np.int64(1255), np.int64(1559), np.int64(1264), np.int64(1566))",455,111
190,1362.1782511210763,1275.3430493273543,226.0,2794349.0549447183,768.7322387695312,"(np.int64(1271), np.int64(1346), np.int64(1288), np.int64(1375))",380,139
190,1346.0,1284.0,1.0,12364.376349312912,642.1331787109375,"(np.int64(1284), np.int64(1346), np.int64(1285), np.int64(1347))",380,139
190,1583.5,1285.5,2.0,24728.752698625824,672.7102661132812,"(np.int64(1285), np.int64(1583), np.int64(1287), np.int64(1585))",510,2
190,1374.5,1293.0,4.0,49457.50539725165,612.2465209960938,"(np.int64(1289), np.int64(1371), np.int64(1298), np.int64(1378))",380,139
190,1408.0,1351.0,3.0,37093.12904793874,703.9778442382812,"(np.int64(1350), np.int64(1408), np.int64(1353), np.int64(1409))",495,2
190,1933.0,1608.0,1.0,12364.376349312912,612.2465209960938,"(np.int64(1608), np.int64(1933), np.int64(1609), np.int64(1934))",492,5
190,1024.25,1672.0,3.0,37093.12904793874,642.1331787109375,"(np.int64(1671), np.int64(1022), np.int64(1674), np.int64(1027))",291,50
190,1046.0,1729.0,1.0,12364.376349312912,612.2465209960938,"(np.int64(1729), np.int64(1046), np.int64(1730), np.int64(1047))",82,64
190,868.0,1743.5,2.0,24728.752698625824,612.2465209960938,"(np.int64(1743), np.int64(867), np.int64(1745), np.int64(870))",89,127
191,52.53846153846154,272.3076923076923,13.0,160736.89254106785,768.7166748046875,"(np.int64(270), np.int64(50), np.int64(276), np.int64(56))",178,39
191,1548.0555555555557,1241.3333333333333,18.0,222558.7742876324,1017.602294921875,"(np.int64(1239), np.int64(1546), np.int64(1244), np.int64(1552))",455,111
191,1563.7307692307693,1258.4615384615386,26.0,321473.7850821357,768.7166748046875,"(np.int64(1253), np.int64(1561), np.int64(1263), np.int64(1567))",455,111
191,1355.813268608414,1275.9249190938513,214.0,2645976.538752963,768.7166748046875,"(np.int64(1270), np.int64(1346), np.int64(1287), np.int64(1375))",380,139
191,1377.0,1279.0,1.0,12364.376349312912,612.2967529296875,"(np.int64(1279), np.int64(1377), np.int64(1280), np.int64(1378))",380,139
191,1372.75,1289.0,3.0,37093.12904793874,612.2967529296875,"(np.int64(1288), np.int64(1371), np.int64(1291), np.int64(1376))",380,139
191,411.0,1541.5,6.0,74186.25809587748,703.978759765625,"(np.int64(1541), np.int64(410), np.int64(1543), np.int64(413))",496,20
191,1011.0,1670.0,1.0,12364.376349312912,612.2967529296875,"(np.int64(1670), np.int64(1011), np.int64(1671), np.int64(1012))",291,50
191,1027.0,1670.5,2.0,24728.752698625824,612.2967529296875,"(np.int64(1670), np.int64(1023), np.int64(1672), np.int64(1032))",291,50
191,1046.0,1729.0,1.0,12364.376349312912,612.2967529296875,"(np.int64(1729), np.int64(1046), np.int64(1730), np.int64(1047))",82,64
192,163.83333333333334,1075.8333333333333,6.0,74186.25809587748,672.7333984375,"(np.int64(1075), np.int64(162), np.int64(1077), np.int64(167))",315,3
192,1549.4,1241.8,10.0,123643.76349312911,802.130859375,"(np.int64(1240), np.int64(1548), np.int64(1245), np.int64(1552))",455,111
192,1563.7,1255.8,10.0,123643.76349312911,704.0162353515625,"(np.int64(1253), np.int64(1562), np.int64(1259), np.int64(1566))",455,111
192,1362.6160130718954,1274.7042483660132,208.0,2571790.2806570856,735.9727783203125,"(np.int64(1270), np.int64(1347), np.int64(1287), np.int64(1375))",380,139
192,1377.0,1279.0,1.0,12364.376349312912,612.2630615234375,"(np.int64(1279), np.int64(1377), np.int64(1280), np.int64(1378))",380,139
192,1374.6,1290.8,5.0,61821.881746564555,642.1240234375,"(np.int64(1290), np.int64(1374), np.int64(1293), np.int64(1376))",380,139
192,414.5,1539.125,5.0,61821.881746564555,942.904052734375,"(np.int64(1538), np.int64(412), np.int64(1542), np.int64(417))",496,20
192,2010.0,1628.0,1.0,12364.376349312912,612.2630615234375,"(np.int64(1628), np.int64(2010), np.int64(1629), np.int64(2011))",514,4
193,167.5,1077.5,2.0,24728.752698625824,642.1195068359375,"(np.int64(1077), np.int64(167), np.int64(1079), np.int64(169))",315,3
193,1550.0,1242.1666666666667,6.0,74186.25809587748,736.027587890625,"(np.int64(1241), np.int64(1549), np.int64(1244), np.int64(1552))",455,111
193,1362.1620111731843,1280.6536312849162,185.0,2287409.624622889,736.027587890625,"(np.int64(1272), np.int64(1349), np.int64(1288), np.int64(1373))",380,139
193,1373.9444444444443,1285.8055555555557,11.0,136008.13984244203,704.019775390625,"(np.int64(1281), np.int64(1372), np.int64(1293), np.int64(1376))",380,139
193,1346.6666666666667,1282.3333333333333,3.0,37093.12904793874,642.1195068359375,"(np.int64(1282), np.int64(1346), np.int64(1284), np.int64(1348))",380,139
193,1259.0,1288.0,1.0,12364.376349312912,612.2825927734375,"(np.int64(1288), np.int64(1259), np.int64(1289), np.int64(1260))",141,77
193,415.625,1538.0,5.0,61821.881746564555,736.027587890625,"(np.int64(1536), np.int64(414), np.int64(1540), np.int64(419))",496,20
193,2010.0,1629.0,1.0,12364.376349312912,672.735595703125,"(np.int64(1629), np.int64(2010), np.int64(1630), np.int64(2011))",514,4
193,998.0,1667.0,1.0,12364.376349312912,612.2825927734375,"(np.int64(1667), np.int64(998), np.int64(1668), np.int64(999))",291,50
193,847.0,1704.0,1.0,12364.376349312912,612.2825927734375,"(np.int64(1704), np.int64(847), np.int64(1705), np.int64(848))",89,127
193,569.0,1830.0,1.0,12364.376349312912,1619.8885498046875,"(np.int64(1830), np.int64(569), np.int64(1831), np.int64(570))",399,2
193,1833.0,1847.0,1.0,12364.376349312912,612.2825927734375,"(np.int64(1847), np.int64(1833), np.int64(1848), np.int64(1834))",337,20
194,61.0,229.88888888888889,9.0,111279.3871438162,1017.5800170898438,"(np.int64(228), np.int64(59), np.int64(232), np.int64(64))",395,76
194,44.0,229.0,1.0,12364.376349312912,703.980224609375,"(np.int64(229), np.int64(44), np.int64(230), np.int64(45))",395,76
194,1054.0,368.0,1.0,12364.376349312912,642.1419677734375,"(np.int64(368), np.int64(1054), np.int64(369), np.int64(1055))",518,12
194,1549.5,1242.0,6.0,74186.25809587748,736.0015869140625,"(np.int64(1241), np.int64(1549), np.int64(1244), np.int64(1551))",455,111
194,1546.0,1256.0,1.0,12364.376349312912,612.26708984375,"(np.int64(1256), np.int64(1546), np.int64(1257), np.int64(1547))",455,111
194,1367.6625,1282.17,176.0,2176130.2374790725,736.0015869140625,"(np.int64(1269), np.int64(1347), np.int64(1295), np.int64(1377))",380,139
194,1343.0,1283.0,1.0,12364.376349312912,612.26708984375,"(np.int64(1283), np.int64(1343), np.int64(1284), np.int64(1344))",380,139
194,1259.0,1287.0,1.0,12364.376349312912,612.26708984375,"(np.int64(1287), np.int64(1259), np.int64(1288), np.int64(1260))",141,77
194,416.8333333333333,1537.0,6.0,74186.25809587748,768.7188720703125,"(np.int64(1535), np.int64(415), np.int64(1540), np.int64(420))",496,20
194,1022.0,1670.0,1.0,12364.376349312912,612.26708984375,"(np.int64(1670), np.int64(1022), np.int64(1671), np.int64(1023))",291,50
194,1046.0,1729.0,1.0,12364.376349312912,612.26708984375,"(np.int64(1729), np.int64(1046), np.int64(1730), np.int64(1047))",82,64
194,1833.0,1847.0,1.0,12364.376349312912,612.26708984375,"(np.int64(1847), np.int64(1833), np.int64(1848), np.int64(1834))",337,20
195,60.0,230.5,12.0,148372.51619175496,1258.64501953125,"(np.int64(228), np.int64(58), np.int64(233), np.int64(63))",395,76
195,43.5,229.5,2.0,24728.752698625824,672.7030029296875,"(np.int64(229), np.int64(43), np.int64(231), np.int64(45))",395,76
195,50.0,270.5,6.0,74186.25809587748,735.9989013671875,"(np.int64(270), np.int64(48), np.int64(272), np.int64(53))",178,39
195,1053.0,368.0,3.0,37093.12904793874,672.7030029296875,"(np.int64(367), np.int64(1053), np.int64(370), np.int64(1054))",518,12
195,1409.0,463.0,1.0,12364.376349312912,768.7178344726562,"(np.int64(463), np.int64(1409), np.int64(464), np.int64(1410))",224,39
195,1548.6,1242.2,5.0,61821.881746564555,802.1329345703125,"(np.int64(1241), np.int64(1548), np.int64(1244), np.int64(1550))",455,111
195,1363.6455862977602,1280.20542380325,166.0,2052486.4739859432,735.9989013671875,"(np.int64(1273), np.int64(1345), np.int64(1292), np.int64(1375))",380,139
195,417.5,1536.5,2.0,24728.752698625824,672.7030029296875,"(np.int64(1536), np.int64(417), np.int64(1538), np.int64(419))",496,20
195,1018.0,1670.0,1.0,12364.376349312912,612.2452392578125,"(np.int64(1670), np.int64(1018), np.int64(1671), np.int64(1019))",291,50
196,41.5,229.5,12.0,148372.51619175496,1175.4605712890625,"(np.int64(227), np.int64(40), np.int64(233), np.int64(44))",395,76
196,59.0,228.64285714285714,14.0,173101.26889038077,1619.918701171875,"(np.int64(227), np.int64(57), np.int64(231), np.int64(62))",395,76
196,48.0,269.25,4.0,49457.50539725165,672.7010498046875,"(np.int64(268), np.int64(47), np.int64(271), np.int64(50))",178,39
196,1495.75,413.5,5.0,61821.881746564555,642.11083984375,"(np.int64(411), np.int64(1495), np.int64(416), np.int64(1498))",491,15
196,1547.0,1240.0,3.0,37093.12904793874,735.9894409179688,"(np.int64(1239), np.int64(1547), np.int64(1242), np.int64(1548))",455,111
196,1358.551775147929,1278.0917159763312,172.0,2126672.7320818207,735.9894409179688,"(np.int64(1275), np.int64(1347), np.int64(1289), np.int64(1372))",380,139
196,1373.0,1278.0,1.0,12364.376349312912,642.11083984375,"(np.int64(1278), np.int64(1373), np.int64(1279), np.int64(1374))",380,139
196,1342.3333333333333,1283.3333333333333,3.0,37093.12904793874,612.291748046875,"(np.int64(1283), np.int64(1340), np.int64(1285), np.int64(1346))",380,139
196,1374.0,1288.0,1.0,12364.376349312912,612.291748046875,"(np.int64(1288), np.int64(1374), np.int64(1289), np.int64(1375))",380,139
196,1194.0,1372.0,1.0,12364.376349312912,612.291748046875,"(np.int64(1372), np.int64(1194), np.int64(1373), np.int64(1195))",520,2
196,1966.5,1628.0,2.0,24728.752698625824,672.7010498046875,"(np.int64(1628), np.int64(1966), np.int64(1629), np.int64(1968))",360,74
196,990.0,1666.0,1.0,12364.376349312912,612.291748046875,"(np.int64(1666), np.int64(990), np.int64(1667), np.int64(991))",291,50
196,1046.0,1729.0,1.0,12364.376349312912,612.291748046875,"(np.int64(1729), np.int64(1046), np.int64(1730), np.int64(1047))",82,64
197,58.53333333333333,229.66666666666666,15.0,185465.64523969367,1175.54052734375,"(np.int64(228), np.int64(56), np.int64(232), np.int64(61))",395,76
197,41.0,231.2,10.0,123643.76349312911,1258.6669921875,"(np.int64(229), np.int64(40), np.int64(234), np.int64(43))",395,76
197,1050.0,368.0,1.0,12364.376349312912,612.30322265625,"(np.int64(368), np.int64(1050), np.int64(369), np.int64(1051))",518,12
197,1496.0,413.0,1.0,12364.376349312912,612.30322265625,"(np.int64(413), np.int64(1496), np.int64(414), np.int64(1497))",491,15
197,1224.0,553.5,2.0,24728.752698625824,768.71484375,"(np.int64(553), np.int64(1224), np.int64(555), np.int64(1225))",140,8
197,1547.0,1241.0,3.0,37093.12904793874,768.71484375,"(np.int64(1240), np.int64(1547), np.int64(1243), np.int64(1548))",455,111
197,1353.2129629629628,1278.5442386831276,174.0,2151401.4847804466,736.0859375,"(np.int64(1273), np.int64(1343), np.int64(1289), np.int64(1371))",380,139
197,1370.5,1276.0,2.0,24728.752698625824,612.30322265625,"(np.int64(1276), np.int64(1370), np.int64(1277), np.int64(1372))",380,139
197,1370.0,1287.0,1.0,12364.376349312912,642.08349609375,"(np.int64(1287), np.int64(1370), np.int64(1288), np.int64(1371))",380,139
197,1967.0,1629.0,1.0,12364.376349312912,612.30322265625,"(np.int64(1629), np.int64(1967), np.int64(1630), np.int64(1968))",360,74
197,993.6666666666666,1670.6666666666667,3.0,37093.12904793874,612.30322265625,"(np.int64(1670), np.int64(993), np.int64(1672), np.int64(995))",291,50
197,1020.6666666666666,1672.3333333333333,5.0,61821.88174656456,642.08349609375,"(np.int64(1672), np.int64(1016), np.int64(1674), np.int64(1027))",291,50
198,62.95,228.0,11.0,136008.13984244203,1134.9189453125,"(np.int64(226), np.int64(59), np.int64(232), np.int64(66))",395,76
198,42.5,232.0,4.0,49457.50539725165,735.99951171875,"(np.int64(231), np.int64(42), np.int64(234), np.int64(44))",395,76
198,56.0,266.0,1.0,12364.376349312912,612.26806640625,"(np.int64(266), np.int64(56), np.int64(267), np.int64(57))",178,39
198,1052.0,369.0,1.0,12364.376349312912,612.26806640625,"(np.int64(369), np.int64(1052), np.int64(370), np.int64(1053))",518,12
198,1839.0,417.0,1.0,12364.376349312912,612.26806640625,"(np.int64(417), np.int64(1839), np.int64(418), np.int64(1840))",138,25
198,141.0,540.5,2.0,24728.752698625824,703.9788818359375,"(np.int64(540), np.int64(141), np.int64(542), np.int64(142))",522,3
198,1225.5,554.0,2.0,24728.752698625824,802.16064453125,"(np.int64(554), np.int64(1225), np.int64(555), np.int64(1227))",140,8
198,1549.4722222222224,1242.7777777777776,8.0,98915.0107945033,871.111083984375,"(np.int64(1240), np.int64(1548), np.int64(1248), np.int64(1552))",455,111
198,1366.08125,1279.14375,164.0,2027757.7212873176,768.6895751953125,"(np.int64(1272), np.int64(1350), np.int64(1288), np.int64(1375))",380,139
198,1194.0,1368.0,1.0,12364.376349312912,612.26806640625,"(np.int64(1368), np.int64(1194), np.int64(1369), np.int64(1195))",520,2
198,998.0,1671.5,2.0,24728.752698625824,642.1131591796875,"(np.int64(1671), np.int64(998), np.int64(1673), np.int64(999))",291,50
198,1025.0,1673.0,1.0,12364.376349312912,612.26806640625,"(np.int64(1673), np.int64(1025), np.int64(1674), np.int64(1026))",291,50
199,45.25,228.0,3.0,37093.12904793874,704.01513671875,"(np.int64(224), np.int64(43), np.int64(233), np.int64(49))",395,76
199,61.59090909090909,229.0909090909091,22.0,272016.27968488407,1668.2398681640625,"(np.int64(226), np.int64(57), np.int64(232), np.int64(65))",395,76
199,54.28333333333333,268.75,13.0,160736.89254106785,672.73291015625,"(np.int64(265), np.int64(50), np.int64(274), np.int64(57))",178,39
199,142.0,538.75,4.0,49457.50539725165,906.6932373046875,"(np.int64(538), np.int64(141), np.int64(541), np.int64(144))",522,3
199,1227.0,554.0,7.0,86550.63444519039,1344.69873046875,"(np.int64(553), np.int64(1226), np.int64(556), np.int64(1229))",140,8
199,258.0,1005.0,7.0,86550.63444519039,836.2536010742188,"(np.int64(1002), np.int64(258), np.int64(1009), np.int64(259))",244,2
199,1550.3,1242.85,7.0,86550.63444519037,672.73291015625,"(np.int64(1240), np.int64(1549), np.int64(1246), np.int64(1552))",455,111
199,1364.7130801687763,1280.7362869198312,162.0,2003028.9685886917,736.00830078125,"(np.int64(1274), np.int64(1349), np.int64(1288), np.int64(1376))",380,139
199,1349.0,1280.0,1.0,12364.376349312912,612.2467041015625,"(np.int64(1280), np.int64(1349), np.int64(1281), np.int64(1350))",380,139
199,989.5,1670.5,2.0,24728.752698625824,612.2467041015625,"(np.int64(1669), np.int64(989), np.int64(1673), np.int64(991))",291,50
199,1014.125,1672.5,5.0,61821.881746564555,642.1070556640625,"(np.int64(1672), np.int64(1005), np.int64(1674), np.int64(1023))",291,50
199,1046.0,1729.0,1.0,12364.376349312912,612.2467041015625,"(np.int64(1729), np.int64(1046), np.int64(1730), np.int64(1047))",82,64
200,45.0,228.5,2.0,24728.752698625824,642.1370849609375,"(np.int64(225), np.int64(43), np.int64(233), np.int64(48))",395,76
200,61.95454545454545,229.5909090909091,22.0,272016.27968488407,1868.8001708984375,"(np.int64(228), np.int64(57), np.int64(232), np.int64(68))",395,76
200,53.5,268.84999999999997,29.0,358566.9141300744,802.1080322265625,"(np.int64(264), np.int64(49), np.int64(275), np.int64(58))",178,39
200,141.5,538.0,2.0,24728.752698625824,703.9837646484375,"(np.int64(537), np.int64(141), np.int64(540), np.int64(143))",522,3
200,1227.2,554.1,10.0,123643.76349312911,1344.6873779296875,"(np.int64(553), np.int64(1226), np.int64(556), np.int64(1230))",140,8
200,1763.0,1183.0,1.0,12364.376349312912,612.251708984375,"(np.int64(1183), np.int64(1763), np.int64(1184), np.int64(1764))",478,2
200,1363.16875,1284.45,161.0,1990664.5922393787,703.9837646484375,"(np.int64(1276), np.int64(1351), np.int64(1289), np.int64(1377))",380,139
200,1347.0,1282.0,1.0,12364.376349312912,612.251708984375,"(np.int64(1282), np.int64(1347), np.int64(1283), np.int64(1348))",380,139
200,1236.0,1491.4545454545455,11.0,136008.13984244203,703.9837646484375,"(np.int64(1491), np.int64(1231), np.int64(1493), np.int64(1242))",527,9
200,974.0,1666.0,1.0,12364.376349312912,612.251708984375,"(np.int64(1666), np.int64(974), np.int64(1667), np.int64(975))",291,50
200,1004.9,1671.2,9.0,111279.3871438162,642.1370849609375,"(np.int64(1670), np.int64(998), np.int64(1674), np.int64(1015))",291,50
200,1762.0,1832.5,2.0,24728.752698625824,612.251708984375,"(np.int64(1832), np.int64(1761), np.int64(1834), np.int64(1764))",528,63
201,44.5,229.6,11.0,136008.13984244203,1134.913818359375,"(np.int64(227), np.int64(42), np.int64(235), np.int64(47))",395,76
201,64.74285714285715,230.6,35.0,432753.1722259519,1920.7288818359375,"(np.int64(229), np.int64(57), np.int64(234), np.int64(73))",395,76
201,53.46341463414634,270.4878048780488,41.0,506939.4303218294,1055.977783203125,"(np.int64(265), np.int64(49), np.int64(275), np.int64(58))",178,39
201,1227.125,555.0,8.0,98915.0107945033,1055.977783203125,"(np.int64(554), np.int64(1226), np.int64(558), np.int64(1229))",140,8
201,1360.0,1027.5,2.0,24728.752698625824,672.7010498046875,"(np.int64(1027), np.int64(1360), np.int64(1029), np.int64(1361))",529,3
201,1550.125,1241.875,8.0,98915.0107945033,735.979736328125,"(np.int64(1240), np.int64(1549), np.int64(1245), np.int64(1552))",455,111
201,1364.4794238683128,1276.0884773662551,166.0,2052486.4739859432,735.979736328125,"(np.int64(1272), np.int64(1348), np.int64(1287), np.int64(1373))",380,139
201,1374.5,1281.0,6.0,74186.25809587748,642.1546630859375,"(np.int64(1280), np.int64(1374), np.int64(1283), np.int64(1376))",380,139
201,1237.0,1491.5,10.0,123643.76349312912,704.015380859375,"(np.int64(1491), np.int64(1233), np.int64(1493), np.int64(1244))",527,9
201,971.0,1668.0,1.0,12364.376349312912,612.2581787109375,"(np.int64(1668), np.int64(971), np.int64(1669), np.int64(972))",291,50
201,1000.7166666666667,1670.5666666666666,11.0,136008.13984244203,642.1546630859375,"(np.int64(1668), np.int64(991), np.int64(1675), np.int64(1013))",291,50
201,1024.0,1671.0,1.0,12364.376349312912,612.2581787109375,"(np.int64(1671), np.int64(1024), np.int64(1672), np.int64(1025))",291,50
201,1762.625,1832.8125,12.0,148372.51619175496,642.1546630859375,"(np.int64(1832), np.int64(1757), np.int64(1835), np.int64(1768))",528,63
202,66.95833333333333,230.6875,48.0,593490.0647670198,2026.640380859375,"(np.int64(226), np.int64(59), np.int64(235), np.int64(74))",395,76
202,43.0,232.2,10.0,123643.76349312911,979.8900756835938,"(np.int64(230), np.int64(42), np.int64(235), np.int64(45))",395,76
202,57.0,232.0,1.0,12364.376349312912,612.251708984375,"(np.int64(232), np.int64(57), np.int64(233), np.int64(58))",395,76
202,49.85526315789474,270.9868421052631,39.0,482210.67762320355,1055.99658203125,"(np.int64(263), np.int64(47), np.int64(275), np.int64(57))",178,39
202,124.44444444444444,417.6666666666667,9.0,111279.3871438162,1301.3072509765625,"(np.int64(416), np.int64(123), np.int64(420), np.int64(127))",530,4
202,1227.0,554.5,4.0,49457.50539725165,836.2548828125,"(np.int64(554), np.int64(1226), np.int64(556), np.int64(1229))",140,8
202,1359.0,1027.5,2.0,24728.752698625824,612.251708984375,"(np.int64(1027), np.int64(1359), np.int64(1029), np.int64(1360))",529,3
202,787.25,1045.5,5.0,61821.881746564555,768.72607421875,"(np.int64(1042), np.int64(787), np.int64(1049), np.int64(789))",501,22
202,1550.0,1241.888888888889,9.0,111279.3871438162,672.7325439453125,"(np.int64(1240), np.int64(1549), np.int64(1245), np.int64(1552))",455,111
202,1356.1220930232557,1280.0843023255813,175.0,2163765.86112976,735.999755859375,"(np.int64(1276), np.int64(1345), np.int64(1287), np.int64(1375))",380,139
202,1231.0,1491.0,1.0,12364.376349312912,612.251708984375,"(np.int64(1491), np.int64(1231), np.int64(1492), np.int64(1232))",527,9
202,1242.608695652174,1492.1739130434783,23.0,284380.65603419696,672.7325439453125,"(np.int64(1491), np.int64(1234), np.int64(1494), np.int64(1251))",527,9
202,988.0,1668.25,3.0,37093.12904793874,642.1370849609375,"(np.int64(1668), np.int64(986), np.int64(1670), np.int64(991))",291,50
202,1011.3541666666667,1671.5416666666665,15.0,185465.6452396937,642.1370849609375,"(np.int64(1670), np.int64(999), np.int64(1674), np.int64(1026))",291,50
202,1036.0,1673.0,1.0,12364.376349312912,612.251708984375,"(np.int64(1673), np.int64(1036), np.int64(1674), np.int64(1037))",291,50
202,1758.5,1834.0,4.0,49457.50539725165,642.1370849609375,"(np.int64(1834), np.int64(1757), np.int64(1835), np.int64(1761))",528,63
202,1773.0,1834.5,2.0,24728.752698625824,612.251708984375,"(np.int64(1834), np.int64(1773), np.int64(1836), np.int64(1774))",528,63
203,67.80392156862744,231.09803921568627,51.0,630583.1938149584,1920.71337890625,"(np.int64(228), np.int64(59), np.int64(236), np.int64(76))",395,76
203,42.4,232.6,10.0,123643.76349312911,906.6714477539062,"(np.int64(231), np.int64(41), np.int64(236), np.int64(45))",395,76
203,36.0,240.5,2.0,24728.752698625824,612.257568359375,"(np.int64(240), np.int64(36), np.int64(242), np.int64(37))",395,76
203,52.08888888888889,270.1111111111111,45.0,556396.9357190811,1095.132568359375,"(np.int64(263), np.int64(49), np.int64(276), np.int64(57))",178,39
203,1052.0,374.0,1.0,12364.376349312912,612.257568359375,"(np.int64(374), np.int64(1052), np.int64(375), np.int64(1053))",518,12
203,123.5,418.0,8.0,98915.0107945033,1301.33544921875,"(np.int64(417), np.int64(122), np.int64(420), np.int64(126))",530,4
203,1226.5,554.5,2.0,24728.752698625824,703.9988403320312,"(np.int64(554), np.int64(1226), np.int64(556), np.int64(1228))",140,8
203,1359.0,1030.0,1.0,12364.376349312912,612.257568359375,"(np.int64(1030), np.int64(1359), np.int64(1031), np.int64(1360))",529,3
203,786.85,1047.2,20.0,247287.52698625822,1301.33544921875,"(np.int64(1043), np.int64(786), np.int64(1052), np.int64(789))",501,22
203,1550.3529411764705,1243.0,17.0,210194.3979383195,871.097412109375,"(np.int64(1240), np.int64(1548), np.int64(1246), np.int64(1554))",455,111
203,1369.0,1273.0,1.0,12364.376349312912,612.257568359375,"(np.int64(1273), np.int64(1369), np.int64(1274), np.int64(1370))",380,139
203,1363.457746478873,1282.0176056338028,145.0,1792834.5706503722,735.9973754882812,"(np.int64(1275), np.int64(1348), np.int64(1286), np.int64(1372))",380,139
203,1345.5,1282.5,4.0,49457.50539725165,612.257568359375,"(np.int64(1282), np.int64(1345), np.int64(1284), np.int64(1347))",380,139
203,1232.0,1491.0,1.0,12364.376349312912,612.257568359375,"(np.int64(1491), np.int64(1232), np.int64(1492), np.int64(1233))",527,9
203,1246.4565217391305,1493.1739130434783,24.0,296745.03238350985,768.7200927734375,"(np.int64(1491), np.int64(1235), np.int64(1495), np.int64(1252))",527,9
203,415.75,1539.0,4.0,49457.50539725165,735.9973754882812,"(np.int64(1538), np.int64(415), np.int64(1541), np.int64(418))",496,20
203,352.0,1555.5,2.0,24728.752698625824,642.12890625,"(np.int64(1555), np.int64(352), np.int64(1557), np.int64(353))",532,3
203,989.1666666666667,1668.0,4.0,49457.50539725165,642.12890625,"(np.int64(1667), np.int64(987), np.int64(1671), np.int64(992))",291,50
203,971.0,1669.0,1.0,12364.376349312912,612.257568359375,"(np.int64(1669), np.int64(971), np.int64(1670), np.int64(972))",291,50
203,1029.0,1671.0,1.0,12364.376349312912,612.257568359375,"(np.int64(1671), np.int64(1029), np.int64(1672), np.int64(1030))",291,50
203,1009.4138888888889,1673.2555555555557,19.0,234923.1506369453,642.12890625,"(np.int64(1672), np.int64(1002), np.int64(1675), np.int64(1018))",291,50
203,1761.0,1834.5,6.0,74186.25809587746,642.12890625,"(np.int64(1833), np.int64(1753), np.int64(1837), np.int64(1768))",528,63
203,1837.0,1932.0,1.0,12364.376349312912,612.257568359375,"(np.int64(1932), np.int64(1837), np.int64(1933), np.int64(1838))",377,8
204,57.0,168.0,1.0,12364.376349312912,642.1546630859375,"(np.int64(168), np.int64(57), np.int64(169), np.int64(58))",230,129
204,66.0,229.51666666666668,60.0,741862.5809587747,2660.26953125,"(np.int64(224), np.int64(56), np.int64(233), np.int64(79))",395,76
204,40.125,232.8125,16.0,197830.0215890066,942.9150390625,"(np.int64(230), np.int64(37), np.int64(237), np.int64(44))",395,76
204,49.698113207547166,269.20754716981133,53.0,655311.9465135843,1017.5969848632812,"(np.int64(262), np.int64(46), np.int64(275), np.int64(55))",178,39
204,1505.0,410.0,1.0,12364.376349312912,612.2819213867188,"(np.int64(410), np.int64(1505), np.int64(411), np.int64(1506))",491,15
204,785.3125,1048.25,16.0,197830.0215890066,1175.468994140625,"(np.int64(1044), np.int64(784), np.int64(1052), np.int64(788))",501,22
204,786.0,1062.0,1.0,12364.376349312912,3108.2666015625,"(np.int64(1062), np.int64(786), np.int64(1063), np.int64(787))",501,22
204,1549.1875,1242.375,16.0,197830.0215890066,768.6885986328125,"(np.int64(1240), np.int64(1547), np.int64(1246), np.int64(1552))",455,111
204,1362.3171641791046,1280.8768656716418,135.0,1669190.8071572431,735.9797973632812,"(np.int64(1274), np.int64(1344), np.int64(1286), np.int64(1372))",380,139
204,1310.5,1331.0,6.0,74186.25809587748,642.1546630859375,"(np.int64(1330), np.int64(1307), np.int64(1333), np.int64(1316))",27,63
204,1238.71875,1491.3125,32.0,395660.0431780132,768.6885986328125,"(np.int64(1490), np.int64(1230), np.int64(1494), np.int64(1248))",527,9
204,414.5,1538.5,2.0,24728.752698625824,672.689208984375,"(np.int64(1538), np.int64(414), np.int64(1540), np.int64(416))",496,20
204,350.6,1554.6,5.0,61821.881746564555,942.9150390625,"(np.int64(1553), np.int64(350), np.int64(1557), np.int64(352))",532,3
204,999.6851851851853,1669.7037037037037,14.0,173101.26889038077,642.1546630859375,"(np.int64(1666), np.int64(986), np.int64(1675), np.int64(1020))",291,50
204,1038.0,1670.0,1.0,12364.376349312912,612.2819213867188,"(np.int64(1670), np.int64(1038), np.int64(1671), np.int64(1039))",291,50
204,1046.0,1729.0,1.0,12364.376349312912,642.1546630859375,"(np.int64(1729), np.int64(1046), np.int64(1730), np.int64(1047))",82,64
204,1763.5,1831.0,2.0,24728.752698625824,642.1546630859375,"(np.int64(1831), np.int64(1763), np.int64(1832), np.int64(1765))",528,63
204,1837.0,1933.0,1.0,12364.376349312912,642.1546630859375,"(np.int64(1933), np.int64(1837), np.int64(1934), np.int64(1838))",377,8
205,65.45454545454545,230.38181818181818,55.0,680040.6992122101,2847.98095703125,"(np.int64(225), np.int64(56), np.int64(234), np.int64(77))",395,76
205,39.78947368421053,233.6315789473684,19.0,234923.15063694533,1095.1336669921875,"(np.int64(230), np.int64(36), np.int64(239), np.int64(44))",395,76
205,53.0,233.0,1.0,12364.376349312912,612.2813720703125,"(np.int64(233), np.int64(53), np.int64(234), np.int64(54))",395,76
205,48.67391304347826,270.2826086956522,46.0,568761.3120683939,1056.010498046875,"(np.int64(263), np.int64(45), np.int64(277), np.int64(54))",178,39
205,1501.75,410.75,5.0,61821.881746564555,612.2813720703125,"(np.int64(409), np.int64(1497), np.int64(414), np.int64(1506))",491,15
205,833.0,748.5,2.0,24728.752698625824,642.1531982421875,"(np.int64(748), np.int64(833), np.int64(750), np.int64(834))",477,10
205,785.0,1051.5,4.0,49457.50539725165,736.00390625,"(np.int64(1050), np.int64(785), np.int64(1054), np.int64(786))",501,22
205,1550.5,1246.5,6.0,74186.25809587748,736.00390625,"(np.int64(1245), np.int64(1550), np.int64(1249), np.int64(1552))",455,111
205,1359.9856115107914,1276.5413669064747,142.0,1755741.4416024336,736.00390625,"(np.int64(1272), np.int64(1343), np.int64(1287), np.int64(1374))",380,139
205,1371.0,1282.0,1.0,12364.376349312912,612.2813720703125,"(np.int64(1282), np.int64(1371), np.int64(1283), np.int64(1372))",380,139
205,1309.5,1331.0,2.0,24728.752698625824,612.2813720703125,"(np.int64(1331), np.int64(1309), np.int64(1332), np.int64(1311))",27,63
205,1240.2333333333333,1492.9333333333334,30.0,370931.29047938733,768.718017578125,"(np.int64(1492), np.int64(1232), np.int64(1495), np.int64(1249))",527,9
205,349.75,1556.0,4.0,49457.50539725165,704.014404296875,"(np.int64(1555), np.int64(349), np.int64(1558), np.int64(351))",532,3
205,1003.0,1673.21875,14.0,173101.26889038077,672.6937255859375,"(np.int64(1670), np.int64(993), np.int64(1677), np.int64(1014))",291,50
205,1031.0,1670.0,1.0,12364.376349312912,612.2813720703125,"(np.int64(1670), np.int64(1031), np.int64(1671), np.int64(1032))",291,50
205,1757.75,1832.5,3.0,37093.12904793874,612.2813720703125,"(np.int64(1832), np.int64(1756), np.int64(1834), np.int64(1760))",528,63
206,65.08474576271186,229.5084745762712,59.0,729498.2046094618,2912.0078125,"(np.int64(223), np.int64(54), np.int64(234), np.int64(78))",395,76
206,40.33333333333333,236.02777777777777,20.0,247287.52698625822,1055.9696044921875,"(np.int64(231), np.int64(38), np.int64(240), np.int64(46))",395,76
206,50.01785714285714,268.67857142857144,57.0,704769.451910836,1134.9024658203125,"(np.int64(264), np.int64(46), np.int64(277), np.int64(58))",178,39
206,1038.5,332.0,2.0,24728.752698625824,642.1298828125,"(np.int64(332), np.int64(1038), np.int64(333), np.int64(1040))",539,2
206,1503.65,410.8,11.0,136008.13984244203,642.1298828125,"(np.int64(410), np.int64(1498), np.int64(413), np.int64(1507))",491,15
206,835.6,748.8,5.0,61821.881746564555,672.74072265625,"(np.int64(748), np.int64(835), np.int64(751), np.int64(837))",477,10
206,787.3846153846154,1050.3846153846155,13.0,160736.89254106785,1095.08740234375,"(np.int64(1048), np.int64(786), np.int64(1054), np.int64(789))",501,22
206,1552.75,1245.0833333333333,12.0,148372.51619175496,871.118896484375,"(np.int64(1243), np.int64(1551), np.int64(1248), np.int64(1555))",455,111
206,1363.9637096774195,1281.0403225806451,128.0,1582640.1727120527,735.9847412109375,"(np.int64(1274), np.int64(1347), np.int64(1287), np.int64(1375))",380,139
206,1317.1,1330.8,10.0,123643.76349312911,672.74072265625,"(np.int64(1330), np.int64(1314), np.int64(1333), np.int64(1322))",27,63
206,1247.6739130434783,1492.9565217391305,24.0,296745.03238350985,672.74072265625,"(np.int64(1492), np.int64(1239), np.int64(1495), np.int64(1252))",527,9
206,415.0,1540.0,1.0,12364.376349312912,612.2860107421875,"(np.int64(1540), np.int64(415), np.int64(1541), np.int64(416))",496,20
206,976.6666666666666,1664.6666666666667,5.0,61821.881746564555,612.2860107421875,"(np.int64(1664), np.int64(972), np.int64(1667), np.int64(981))",291,50
206,993.0,1666.5,2.0,24728.752698625824,642.1298828125,"(np.int64(1666), np.int64(990), np.int64(1668), np.int64(997))",291,50
206,1017.6655677655677,1671.5794871794872,57.0,704769.451910836,672.74072265625,"(np.int64(1670), np.int64(999), np.int64(1676), np.int64(1028))",291,50
206,1761.5,1832.0,2.0,24728.752698625824,642.1298828125,"(np.int64(1832), np.int64(1761), np.int64(1833), np.int64(1763))",528,63
207,61.69607843137255,230.4313725490196,52.0,642947.5701642714,2976.69482421875,"(np.int64(223), np.int64(57), np.int64(233), np.int64(78))",395,76
207,44.3125,232.875,16.0,197830.0215890066,1216.70556640625,"(np.int64(230), np.int64(42), np.int64(236), np.int64(47))",395,76
207,51.666666666666664,270.4561403508772,57.0,704769.4519108359,1017.61279296875,"(np.int64(264), np.int64(46), np.int64(278), np.int64(58))",178,39
207,1039.5,331.0,4.0,49457.50539725165,672.720703125,"(np.int64(330), np.int64(1039), np.int64(333), np.int64(1041))",539,2
207,1504.0,411.1333333333333,15.0,185465.64523969367,672.720703125,"(np.int64(410), np.int64(1498), np.int64(413), np.int64(1510))",491,15
207,835.5,749.5,4.0,49457.50539725165,703.9892578125,"(np.int64(749), np.int64(835), np.int64(751), np.int64(837))",477,10
207,1166.0,808.0,1.0,12364.376349312912,612.2779541015625,"(np.int64(808), np.int64(1166), np.int64(809), np.int64(1167))",48,11
207,168.5,903.5,2.0,24728.752698625824,672.720703125,"(np.int64(903), np.int64(168), np.int64(905), np.int64(170))",540,4
207,788.0416666666667,1050.5416666666665,13.0,160736.89254106788,1525.346435546875,"(np.int64(1048), np.int64(787), np.int64(1056), np.int64(790))",501,22
207,1553.4444444444443,1244.388888888889,18.0,222558.7742876324,836.2845458984375,"(np.int64(1242), np.int64(1551), np.int64(1248), np.int64(1556))",455,111
207,1366.26998689384,1276.3761467889908,115.0,1421903.2801709848,703.9892578125,"(np.int64(1271), np.int64(1349), np.int64(1287), np.int64(1378))",380,139
207,1316.3253968253969,1329.8968253968253,14.0,173101.26889038077,703.9892578125,"(np.int64(1328), np.int64(1309), np.int64(1332), np.int64(1322))",27,63
207,1227.25,1490.5,3.0,37093.12904793874,612.2779541015625,"(np.int64(1490), np.int64(1226), np.int64(1492), np.int64(1230))",527,9
207,415.5,1540.0,6.0,74186.25809587748,802.12744140625,"(np.int64(1539), np.int64(414), np.int64(1542), np.int64(418))",496,20
207,980.7173913043478,1665.3478260869565,24.0,296745.03238350985,642.1021728515625,"(np.int64(1663), np.int64(977), np.int64(1668), np.int64(990))",291,50
207,1001.4507246376812,1669.4942028985508,74.0,914963.8498491554,703.9892578125,"(np.int64(1665), np.int64(995), np.int64(1677), np.int64(1025))",291,50
207,1028.0,1673.0,6.0,74186.25809587746,612.2779541015625,"(np.int64(1670), np.int64(1026), np.int64(1677), np.int64(1033))",291,50
208,46.75,167.25,4.0,49457.50539725165,802.14453125,"(np.int64(167), np.int64(46), np.int64(169), np.int64(49))",230,129
208,63.65,229.325,40.0,494575.05397251644,2361.57080078125,"(np.int64(224), np.int64(55), np.int64(234), np.int64(71))",395,76
208,74.0,232.6,5.0,61821.881746564555,642.1412353515625,"(np.int64(232), np.int64(72), np.int64(234), np.int64(77))",395,76
208,43.0,234.875,8.0,98915.0107945033,736.0152587890625,"(np.int64(233), np.int64(41), np.int64(237), np.int64(45))",395,76
208,50.75,271.9375,48.0,593490.0647670198,942.95556640625,"(np.int64(266), np.int64(45), np.int64(278), np.int64(58))",178,39
208,1504.5,412.0,14.0,173101.26889038077,736.0152587890625,"(np.int64(410), np.int64(1500), np.int64(414), np.int64(1509))",491,15
208,835.0,749.5,2.0,24728.752698625824,642.1412353515625,"(np.int64(749), np.int64(835), np.int64(751), np.int64(836))",477,10
208,166.0,906.0,1.0,12364.376349312912,612.24169921875,"(np.int64(906), np.int64(166), np.int64(907), np.int64(167))",540,4
208,788.3636363636364,1052.1818181818182,11.0,136008.13984244203,1134.946044921875,"(np.int64(1050), np.int64(787), np.int64(1055), np.int64(791))",501,22
208,1553.5,1245.0,16.0,197830.0215890066,768.7431640625,"(np.int64(1241), np.int64(1552), np.int64(1250), np.int64(1556))",455,111
208,1368.5714285714284,1275.857142857143,16.0,197830.0215890066,642.1412353515625,"(np.int64(1274), np.int64(1366), np.int64(1279), np.int64(1375))",380,139
208,1357.7402597402597,1282.2207792207791,77.0,952056.9788970943,704.028076171875,"(np.int64(1276), np.int64(1350), np.int64(1288), np.int64(1365))",380,139
208,1261.0,1280.0,1.0,12364.376349312912,612.24169921875,"(np.int64(1280), np.int64(1261), np.int64(1281), np.int64(1262))",141,77
208,1348.0,1286.0,1.0,12364.376349312912,612.24169921875,"(np.int64(1286), np.int64(1348), np.int64(1287), np.int64(1349))",380,139
208,1314.9333333333334,1329.5333333333333,15.0,185465.64523969367,672.71435546875,"(np.int64(1328), np.int64(1310), np.int64(1332), np.int64(1321))",27,63
208,415.25,1540.75,8.0,98915.0107945033,802.14453125,"(np.int64(1539), np.int64(413), np.int64(1543), np.int64(418))",496,20
208,979.1341463414634,1667.0365853658536,42.0,519303.8066711423,672.71435546875,"(np.int64(1663), np.int64(973), np.int64(1670), np.int64(991))",291,50
208,1032.5,1669.6666666666665,4.0,49457.50539725165,642.1412353515625,"(np.int64(1668), np.int64(1031), np.int64(1673), np.int64(1034))",291,50
208,1012.0784313725491,1672.7843137254902,102.0,1261166.387629917,736.0152587890625,"(np.int64(1669), np.int64(1000), np.int64(1677), np.int64(1027))",291,50
208,1766.0,1831.0,1.0,12364.376349312912,612.24169921875,"(np.int64(1831), np.int64(1766), np.int64(1832), np.int64(1767))",528,63
208,1833.0,1940.0,1.0,12364.376349312912,672.71435546875,"(np.int64(1940), np.int64(1833), np.int64(1941), np.int64(1834))",377,8
209,47.5,166.5,6.0,74186.25809587748,871.145263671875,"(np.int64(166), np.int64(46), np.int64(168), np.int64(50))",230,129
209,63.11904761904762,228.5,42.0,519303.8066711423,2784.72509765625,"(np.int64(224), np.int64(57), np.int64(232), np.int64(69))",395,76
209,43.0,233.71428571428572,7.0,86550.63444519039,736.00439453125,"(np.int64(232), np.int64(42), np.int64(236), np.int64(45))",395,76
209,49.604651162790695,272.4186046511628,43.0,531668.1830204552,906.7010498046875,"(np.int64(266), np.int64(44), np.int64(278), np.int64(58))",178,39
209,1503.4743589743591,412.02564102564105,18.0,222558.7742876324,703.98974609375,"(np.int64(410), np.int64(1499), np.int64(416), np.int64(1511))",491,15
209,481.5263157894737,861.3684210526316,19.0,234923.15063694533,802.1295166015625,"(np.int64(858), np.int64(479), np.int64(865), np.int64(485))",547,6
209,164.5,907.5,2.0,24728.752698625824,642.1285400390625,"(np.int64(907), np.int64(164), np.int64(909), np.int64(166))",540,4
209,787.75,1051.95,11.0,136008.13984244203,672.69775390625,"(np.int64(1047), np.int64(787), np.int64(1055), np.int64(790))",501,22
209,1553.4705882352941,1244.6470588235295,34.0,420388.795876639,906.7010498046875,"(np.int64(1241), np.int64(1551), np.int64(1250), np.int64(1557))",455,111
209,1367.2814814814815,1279.7444444444445,114.0,1409538.903821672,768.74169921875,"(np.int64(1274), np.int64(1351), np.int64(1286), np.int64(1377))",380,139
209,1317.2666666666667,1330.4666666666667,15.0,185465.64523969367,642.1285400390625,"(np.int64(1329), np.int64(1314), np.int64(1333), np.int64(1321))",27,63
209,269.0,1447.0,1.0,12364.376349312912,642.1285400390625,"(np.int64(1447), np.int64(269), np.int64(1448), np.int64(270))",548,2
209,991.5071428571429,1666.9785714285715,40.0,494575.0539725165,672.69775390625,"(np.int64(1663), np.int64(975), np.int64(1671), np.int64(999))",291,50
209,1010.9916666666667,1671.9666666666667,120.0,1483725.1619175493,736.00439453125,"(np.int64(1668), np.int64(994), np.int64(1676), np.int64(1026))",291,50
209,1029.4545454545455,1671.090909090909,11.0,136008.13984244203,672.69775390625,"(np.int64(1670), np.int64(1027), np.int64(1673), np.int64(1033))",291,50
209,1762.5,1831.0,2.0,24728.752698625824,612.2818603515625,"(np.int64(1831), np.int64(1762), np.int64(1832), np.int64(1764))",528,63
210,48.4,166.4,5.0,61821.881746564555,906.6805419921875,"(np.int64(166), np.int64(47), np.int64(168), np.int64(51))",230,129
210,63.79545454545455,228.22727272727272,44.0,544032.5593697681,2478.9228515625,"(np.int64(223), np.int64(56), np.int64(232), np.int64(71))",395,76
210,42.705882352941174,234.47058823529412,17.0,210194.3979383195,1017.618896484375,"(np.int64(231), np.int64(41), np.int64(238), np.int64(46))",395,76
210,50.361111111111114,269.2361111111111,27.0,333838.16143144865,768.6875,"(np.int64(266), np.int64(45), np.int64(278), np.int64(56))",178,39
210,1503.0,413.0,1.0,12364.376349312912,612.2860107421875,"(np.int64(413), np.int64(1503), np.int64(414), np.int64(1504))",491,15
210,789.0,1051.0,1.0,12364.376349312912,612.2860107421875,"(np.int64(1051), np.int64(789), np.int64(1052), np.int64(790))",501,22
210,1555.7857142857142,1241.4285714285716,50.0,618218.8174656456,1175.484619140625,"(np.int64(1238), np.int64(1551), np.int64(1250), np.int64(1559))",455,111
210,1366.5765765765766,1277.7792792792793,112.0,1384810.1511230462,703.979248046875,"(np.int64(1273), np.int64(1354), np.int64(1286), np.int64(1373))",380,139
210,1374.0,1286.0,1.0,12364.376349312912,612.2860107421875,"(np.int64(1286), np.int64(1374), np.int64(1287), np.int64(1375))",380,139
210,1319.5,1330.642857142857,8.0,98915.0107945033,642.1298828125,"(np.int64(1330), np.int64(1317), np.int64(1333), np.int64(1326))",27,63
210,269.0,1447.0,1.0,12364.376349312912,612.2860107421875,"(np.int64(1447), np.int64(269), np.int64(1448), np.int64(270))",548,2
210,987.75,1665.6875,23.0,284380.65603419696,642.1298828125,"(np.int64(1664), np.int64(978), np.int64(1668), np.int64(999))",291,50
210,1012.7751937984497,1671.4496124031007,129.0,1595004.5490613657,735.9847412109375,"(np.int64(1667), np.int64(994), np.int64(1675), np.int64(1034))",291,50
210,1783.0,1826.0,1.0,12364.376349312912,612.2860107421875,"(np.int64(1826), np.int64(1783), np.int64(1827), np.int64(1784))",528,63
211,47.0,166.4,5.0,61821.881746564555,802.1536865234375,"(np.int64(166), np.int64(45), np.int64(168), np.int64(50))",230,129
211,62.721311475409834,227.70491803278688,61.0,754226.9573080876,2911.978271484375,"(np.int64(222), np.int64(54), np.int64(232), np.int64(71))",395,76
211,39.55172413793103,236.86206896551724,29.0,358566.91413007444,942.950439453125,"(np.int64(232), np.int64(37), np.int64(242), np.int64(43))",395,76
211,73.5,232.5,6.0,74186.25809587748,942.950439453125,"(np.int64(232), np.int64(72), np.int64(234), np.int64(76))",395,76
211,46.09090909090909,273.9545454545455,12.0,148372.51619175496,672.7010498046875,"(np.int64(269), np.int64(44), np.int64(277), np.int64(52))",178,39
211,617.0,857.0,1.0,12364.376349312912,1433.58251953125,"(np.int64(857), np.int64(617), np.int64(858), np.int64(618))",267,2
211,480.57142857142856,870.6428571428571,8.0,98915.0107945033,735.979736328125,"(np.int64(870), np.int64(478), np.int64(873), np.int64(486))",547,6
211,164.0,907.0,1.0,12364.376349312912,612.2581787109375,"(np.int64(907), np.int64(164), np.int64(908), np.int64(165))",540,4
211,1553.2363636363636,1244.581818181818,55.0,680040.6992122101,1175.4453125,"(np.int64(1240), np.int64(1549), np.int64(1250), np.int64(1558))",455,111
211,1370.0,1269.0,4.0,49457.50539725165,612.2581787109375,"(np.int64(1269), np.int64(1367), np.int64(1270), np.int64(1374))",380,139
211,1366.437649880096,1280.7697841726617,143.0,1768105.8179517463,768.7122802734375,"(np.int64(1271), np.int64(1353), np.int64(1287), np.int64(1374))",380,139
211,470.0,1304.5,2.0,24728.752698625824,1134.913818359375,"(np.int64(1304), np.int64(470), np.int64(1306), np.int64(471))",442,2
211,282.0,1453.5,2.0,24728.752698625824,735.979736328125,"(np.int64(1453), np.int64(282), np.int64(1455), np.int64(283))",552,12
211,982.7916666666666,1664.5833333333333,7.0,86550.63444519039,642.1546630859375,"(np.int64(1663), np.int64(978), np.int64(1667), np.int64(989))",291,50
211,1010.4690265486726,1670.8230088495575,113.0,1397174.5274723591,735.979736328125,"(np.int64(1667), np.int64(994), np.int64(1674), np.int64(1029))",291,50
211,1031.0,1668.0,1.0,12364.376349312912,612.2581787109375,"(np.int64(1668), np.int64(1031), np.int64(1669), np.int64(1032))",291,50
211,1785.25,1823.75,6.0,74186.25809587748,642.1546630859375,"(np.int64(1822), np.int64(1779), np.int64(1827), np.int64(1792))",528,63
211,1831.75,1934.0,4.0,49457.50539725165,735.979736328125,"(np.int64(1933), np.int64(1831), np.int64(1936), np.int64(1833))",377,8
212,46.5,166.5,6.0,74186.25809587748,703.973876953125,"(np.int64(166), np.int64(45), np.int64(168), np.int64(49))",230,129
212,66.14953271028037,228.3177570093458,107.0,1322988.2693764817,3379.891845703125,"(np.int64(221), np.int64(54), np.int64(235), np.int64(79))",395,76
212,45.0,228.0,12.0,148372.51619175496,979.9276123046875,"(np.int64(226), np.int64(42), np.int64(232), np.int64(48))",395,76
212,37.93333333333333,239.06666666666666,30.0,370931.29047938733,942.9376220703125,"(np.int64(234), np.int64(36), np.int64(245), np.int64(42))",395,76
212,47.0,272.0,1.0,12364.376349312912,612.281494140625,"(np.int64(272), np.int64(47), np.int64(273), np.int64(48))",178,39
212,481.5,871.0,10.0,123643.76349312911,979.9276123046875,"(np.int64(870), np.int64(478), np.int64(873), np.int64(486))",547,6
212,1552.888888888889,1244.6984126984128,63.0,778955.7100067134,1388.819580078125,"(np.int64(1241), np.int64(1549), np.int64(1252), np.int64(1558))",455,111
212,1364.422435897436,1276.053205128205,150.0,1854656.4523969367,736.019287109375,"(np.int64(1270), np.int64(1353), np.int64(1288), np.int64(1376))",380,139
212,1352.0,1288.0,1.0,12364.376349312912,612.281494140625,"(np.int64(1288), np.int64(1352), np.int64(1289), np.int64(1353))",380,139
212,281.3333333333333,1452.5,6.0,74186.25809587748,768.690673828125,"(np.int64(1451), np.int64(280), np.int64(1455), np.int64(283))",552,12
212,408.85714285714283,1501.4285714285713,7.0,86550.63444519039,836.2864990234375,"(np.int64(1499), np.int64(408), np.int64(1505), np.int64(410))",452,62
212,993.0,1666.0,1.0,12364.376349312912,612.281494140625,"(np.int64(1666), np.int64(993), np.int64(1667), np.int64(994))",291,50
212,1007.6380952380953,1670.8190476190475,105.0,1298259.5166778557,672.7421875,"(np.int64(1668), np.int64(988), np.int64(1675), np.int64(1025))",291,50
212,1035.0,1669.0,1.0,12364.376349312912,612.281494140625,"(np.int64(1669), np.int64(1035), np.int64(1670), np.int64(1036))",291,50
212,1675.6666666666667,1704.6666666666667,3.0,37093.12904793874,703.973876953125,"(np.int64(1704), np.int64(1675), np.int64(1706), np.int64(1677))",554,9
212,1776.75,1826.75,11.0,136008.13984244203,642.13623046875,"(np.int64(1826), np.int64(1771), np.int64(1829), np.int64(1783))",528,63
212,1838.6666666666667,1888.0,3.0,37093.12904793874,672.7421875,"(np.int64(1887), np.int64(1838), np.int64(1890), np.int64(1840))",466,73
212,1832.0,1933.5,2.0,24728.752698625824,612.281494140625,"(np.int64(1933), np.int64(1832), np.int64(1935), np.int64(1833))",377,8
213,48.0,167.0,5.0,61821.881746564555,768.6990966796875,"(np.int64(167), np.int64(46), np.int64(168), np.int64(51))",230,129
213,70.71223021582733,227.97122302158274,139.0,1718648.3125544947,4341.35400390625,"(np.int64(221), np.int64(58), np.int64(234), np.int64(87))",395,76
213,38.75,237.71428571428572,56.0,692405.0755615231,979.94091796875,"(np.int64(230), np.int64(35), np.int64(245), np.int64(46))",395,76
213,483.5,871.0,8.0,98915.0107945033,802.1536865234375,"(np.int64(871), np.int64(480), np.int64(872), np.int64(488))",547,6
213,1536.5,1226.5,4.0,49457.50539725165,871.12158203125,"(np.int64(1226), np.int64(1536), np.int64(1228), np.int64(1538))",455,111
213,1554.371794871795,1244.5897435897436,78.0,964421.3552464071,1817.6287841796875,"(np.int64(1240), np.int64(1550), np.int64(1253), np.int64(1560))",455,111
213,1364.766355140187,1277.7570093457944,218.0,2695434.0441502146,735.979736328125,"(np.int64(1269), np.int64(1351), np.int64(1289), np.int64(1377))",380,139
213,282.46666666666664,1452.5333333333333,15.0,185465.64523969367,1258.6800537109375,"(np.int64(1450), np.int64(281), np.int64(1457), np.int64(285))",552,12
213,410.2,1500.3,10.0,123643.76349312911,979.94091796875,"(np.int64(1498), np.int64(409), np.int64(1504), np.int64(412))",452,62
213,1973.0,1626.0,1.0,12364.376349312912,612.234619140625,"(np.int64(1626), np.int64(1973), np.int64(1627), np.int64(1974))",360,74
213,986.0,1668.5,6.0,74186.25809587748,642.159912109375,"(np.int64(1665), np.int64(977), np.int64(1673), np.int64(995))",291,50
213,1005.925,1671.325,40.0,494575.05397251644,672.7469482421875,"(np.int64(1670), np.int64(997), np.int64(1674), np.int64(1015))",291,50
213,1018.6,1671.1333333333334,15.0,185465.64523969367,642.159912109375,"(np.int64(1670), np.int64(1016), np.int64(1673), np.int64(1023))",291,50
213,1676.0,1706.0,3.0,37093.12904793874,703.9957275390625,"(np.int64(1706), np.int64(1675), np.int64(1707), np.int64(1678))",554,9
213,1046.0,1729.0,1.0,12364.376349312912,612.234619140625,"(np.int64(1729), np.int64(1046), np.int64(1730), np.int64(1047))",82,64
213,1772.0,1829.0,2.0,24728.752698625824,612.234619140625,"(np.int64(1828), np.int64(1769), np.int64(1831), np.int64(1776))",528,63
213,1840.3333333333333,1888.1666666666667,6.0,74186.25809587748,672.7469482421875,"(np.int64(1886), np.int64(1840), np.int64(1891), np.int64(1842))",466,73
214,47.5,166.0,2.0,24728.752698625824,768.70849609375,"(np.int64(166), np.int64(47), np.int64(167), np.int64(49))",230,129
214,74.69798657718121,222.97651006711408,150.0,1854656.4523969367,3242.65966796875,"(np.int64(219), np.int64(60), np.int64(233), np.int64(88))",395,76
214,36.724137931034484,237.58620689655172,29.0,358566.91413007444,979.943359375,"(np.int64(233), np.int64(35), np.int64(245), np.int64(42))",395,76
214,1389.0,403.0,1.0,12364.376349312912,612.261962890625,"(np.int64(403), np.int64(1389), np.int64(404), np.int64(1390))",555,24
214,484.0,870.0,5.0,61821.881746564555,735.9954833984375,"(np.int64(870), np.int64(482), np.int64(871), np.int64(487))",547,6
214,1536.0,1226.0,1.0,12364.376349312912,704.0023193359375,"(np.int64(1226), np.int64(1536), np.int64(1227), np.int64(1537))",455,111
214,1554.113924050633,1244.240506329114,79.0,976785.73159572,1973.3310546875,"(np.int64(1239), np.int64(1550), np.int64(1253), np.int64(1560))",455,111
214,1364.4583333333333,1276.6435185185185,216.0,2670705.2914515887,735.9954833984375,"(np.int64(1269), np.int64(1350), np.int64(1289), np.int64(1378))",380,139
214,281.90909090909093,1451.2272727272727,22.0,272016.27968488407,1717.3056640625,"(np.int64(1448), np.int64(280), np.int64(1456), np.int64(285))",552,12
214,409.42857142857144,1499.2857142857142,7.0,86550.63444519039,836.2940673828125,"(np.int64(1498), np.int64(409), np.int64(1502), np.int64(411))",452,62
214,1251.0,1498.5,2.0,24728.752698625824,768.70849609375,"(np.int64(1498), np.int64(1251), np.int64(1500), np.int64(1252))",527,9
214,1971.6,1627.6,5.0,61821.881746564555,672.72900390625,"(np.int64(1626), np.int64(1971), np.int64(1630), np.int64(1973))",360,74
214,1010.7030555555555,1670.238888888889,41.0,506939.4303218294,672.72900390625,"(np.int64(1668), np.int64(991), np.int64(1673), np.int64(1027))",291,50
214,1674.5,1706.0,2.0,24728.752698625824,735.9954833984375,"(np.int64(1706), np.int64(1674), np.int64(1707), np.int64(1676))",554,9
214,881.0,1739.0,1.0,12364.376349312912,612.261962890625,"(np.int64(1739), np.int64(881), np.int64(1740), np.int64(882))",89,127
214,1767.0,1829.0,5.0,61821.88174656456,642.0955810546875,"(np.int64(1828), np.int64(1765), np.int64(1831), np.int64(1770))",528,63
214,1840.5416666666665,1885.2083333333335,13.0,160736.89254106788,735.9954833984375,"(np.int64(1882), np.int64(1839), np.int64(1891), np.int64(1842))",466,73
215,48.75,167.5,3.0,37093.12904793874,642.15185546875,"(np.int64(167), np.int64(47), np.int64(169), np.int64(51))",230,129
215,72.68,227.24666666666667,150.0,1854656.4523969367,3108.247802734375,"(np.int64(220), np.int64(59), np.int64(233), np.int64(88))",395,76
215,55.0,222.0,1.0,12364.376349312912,612.2769775390625,"(np.int64(222), np.int64(55), np.int64(223), np.int64(56))",395,76
215,42.25,232.5,8.0,98915.0107945033,672.7030029296875,"(np.int64(231), np.int64(40), np.int64(235), np.int64(45))",395,76
215,35.54545454545455,240.27272727272728,11.0,136008.13984244203,802.1610107421875,"(np.int64(238), np.int64(35), np.int64(244), np.int64(37))",395,76
215,474.0,871.0,1.0,12364.376349312912,612.2769775390625,"(np.int64(871), np.int64(474), np.int64(872), np.int64(475))",547,6
215,791.0,1055.5,2.0,24728.752698625824,768.7208251953125,"(np.int64(1055), np.int64(791), np.int64(1057), np.int64(792))",501,22
215,1534.6666666666667,1227.6666666666667,3.0,37093.12904793874,768.7208251953125,"(np.int64(1227), np.int64(1534), np.int64(1229), np.int64(1536))",455,111
215,1554.3636363636363,1244.375,88.0,1088065.1187395363,1668.288330078125,"(np.int64(1237), np.int64(1550), np.int64(1255), np.int64(1560))",455,111
215,1558.0,1266.0,1.0,12364.376349312912,612.2769775390625,"(np.int64(1266), np.int64(1558), np.int64(1267), np.int64(1559))",455,111
215,1364.0700934579438,1277.677570093458,215.0,2658340.915102276,768.7208251953125,"(np.int64(1269), np.int64(1350), np.int64(1290), np.int64(1377))",380,139
215,1375.0,1270.0,1.0,12364.376349312912,612.2769775390625,"(np.int64(1270), np.int64(1375), np.int64(1271), np.int64(1376))",380,139
215,1352.0,1284.0,1.0,12364.376349312912,612.2769775390625,"(np.int64(1284), np.int64(1352), np.int64(1285), np.int64(1353))",380,139
215,110.5,1431.5,4.0,49457.50539725165,612.2769775390625,"(np.int64(1431), np.int64(109), np.int64(1433), np.int64(113))",128,52
215,283.6578947368421,1454.8815789473683,21.0,259651.90333557114,1619.9105224609375,"(np.int64(1450), np.int64(280), np.int64(1459), np.int64(286))",552,12
215,409.4,1499.8,5.0,61821.881746564555,642.15185546875,"(np.int64(1499), np.int64(409), np.int64(1502), np.int64(411))",452,62
215,1971.5,1629.0,4.0,49457.50539725165,642.15185546875,"(np.int64(1628), np.int64(1971), np.int64(1631), np.int64(1973))",360,74
215,984.0,1664.0,1.0,12364.376349312912,612.2769775390625,"(np.int64(1664), np.int64(984), np.int64(1665), np.int64(985))",291,50
215,1009.6904761904763,1670.3333333333333,15.0,185465.64523969367,612.2769775390625,"(np.int64(1669), np.int64(992), np.int64(1673), np.int64(1030))",291,50
215,1771.4,1828.8,6.0,74186.25809587746,612.2769775390625,"(np.int64(1828), np.int64(1766), np.int64(1831), np.int64(1777))",528,63
215,1840.0,1887.5,6.0,74186.25809587748,736.0181884765625,"(np.int64(1885), np.int64(1840), np.int64(1891), np.int64(1841))",466,73
215,1841.0,1927.0,1.0,12364.376349312912,612.2769775390625,"(np.int64(1927), np.int64(1841), np.int64(1928), np.int64(1842))",377,8
215,1602.0,2018.0,1.0,12364.376349312912,612.2769775390625,"(np.int64(2018), np.int64(1602), np.int64(2019), np.int64(1603))",557,7
216,75.33333333333333,228.38636363636363,132.0,1632097.6781093043,3042.12158203125,"(np.int64(221), np.int64(65), np.int64(233), np.int64(89))",395,76
216,55.95652173913044,224.1304347826087,23.0,284380.65603419696,942.9153442382812,"(np.int64(222), np.int64(48), np.int64(229), np.int64(66))",395,76
216,41.56666666666667,236.0666666666667,13.0,160736.89254106785,672.7030029296875,"(np.int64(232), np.int64(36), np.int64(245), np.int64(46))",395,76
216,1393.0,402.0,1.0,12364.376349312912,612.2452392578125,"(np.int64(402), np.int64(1393), np.int64(403), np.int64(1394))",555,24
216,791.3333333333334,1056.6666666666667,3.0,37093.12904793874,612.2452392578125,"(np.int64(1056), np.int64(791), np.int64(1058), np.int64(793))",501,22
216,1534.1818181818182,1229.3636363636363,11.0,136008.13984244203,871.1051025390625,"(np.int64(1228), np.int64(1531), np.int64(1231), np.int64(1538))",455,111
216,1555.7671232876712,1247.3287671232877,73.0,902599.4734998426,1717.352783203125,"(np.int64(1238), np.int64(1552), np.int64(1256), np.int64(1561))",455,111
216,1559.0,1266.5,4.0,49457.50539725165,672.7030029296875,"(np.int64(1264), np.int64(1557), np.int64(1269), np.int64(1561))",455,111
216,1367.7569444444443,1274.0659722222222,145.0,1792834.5706503722,768.7178344726562,"(np.int64(1270), np.int64(1355), np.int64(1285), np.int64(1378))",380,139
216,1353.2857142857142,1289.5714285714287,7.0,86550.63444519039,612.2452392578125,"(np.int64(1289), np.int64(1352), np.int64(1291), np.int64(1356))",380,139
216,107.0,1434.5,2.0,24728.752698625824,612.2452392578125,"(np.int64(1434), np.int64(106), np.int64(1436), np.int64(109))",128,52
216,283.72222222222223,1453.1666666666667,18.0,222558.7742876324,1095.10400390625,"(np.int64(1451), np.int64(282), np.int64(1457), np.int64(286))",552,12
216,411.0,1500.0,1.0,12364.376349312912,612.2452392578125,"(np.int64(1500), np.int64(411), np.int64(1501), np.int64(412))",452,62
216,1971.4,1633.3,10.0,123643.76349312911,1095.10400390625,"(np.int64(1630), np.int64(1970), np.int64(1637), np.int64(1974))",360,74
216,1010.15625,1671.5625,14.0,173101.26889038074,642.1260986328125,"(np.int64(1670), np.int64(996), np.int64(1674), np.int64(1029))",291,50
216,1679.0,1707.0,1.0,12364.376349312912,612.2452392578125,"(np.int64(1707), np.int64(1679), np.int64(1708), np.int64(1680))",554,9
216,1767.0,1830.0,1.0,12364.376349312912,612.2452392578125,"(np.int64(1830), np.int64(1767), np.int64(1831), np.int64(1768))",528,63
216,1841.0,1888.5,4.0,49457.50539725165,672.7030029296875,"(np.int64(1887), np.int64(1841), np.int64(1891), np.int64(1842))",466,73
216,1601.5714285714287,2018.2857142857142,7.0,86550.63444519039,703.97607421875,"(np.int64(2016), np.int64(1600), np.int64(2021), np.int64(1604))",557,7
217,63.28,221.68,25.0,309109.4087328228,768.6942749023438,"(np.int64(220), np.int64(54), np.int64(225), np.int64(72))",395,76
217,75.99361861861861,223.72747747747746,121.0,1496089.5382668623,3242.66455078125,"(np.int64(221), np.int64(65), np.int64(233), np.int64(89))",395,76
217,47.63725490196078,229.06862745098042,20.0,247287.52698625825,979.9083862304688,"(np.int64(225), np.int64(41), np.int64(235), np.int64(53))",395,76
217,951.0,549.0,1.0,12364.376349312912,612.2767333984375,"(np.int64(549), np.int64(951), np.int64(550), np.int64(952))",562,5
217,1533.642857142857,1228.5714285714287,14.0,173101.26889038077,1095.102294921875,"(np.int64(1228), np.int64(1531), np.int64(1231), np.int64(1538))",455,111
217,1554.71875,1246.09375,50.0,618218.8174656456,1525.3514404296875,"(np.int64(1242), np.int64(1552), np.int64(1257), np.int64(1561))",455,111
217,1563.0,1261.0,1.0,12364.376349312912,612.2767333984375,"(np.int64(1261), np.int64(1563), np.int64(1262), np.int64(1564))",455,111
217,1365.5714285714287,1278.6666666666667,126.0,1557911.4200134268,735.9979858398438,"(np.int64(1273), np.int64(1357), np.int64(1286), np.int64(1376))",380,139
217,1564.5,1273.5,2.0,24728.752698625824,642.1474609375,"(np.int64(1273), np.int64(1564), np.int64(1275), np.int64(1566))",455,111
217,283.44444444444446,1452.1666666666667,18.0,222558.7742876324,2026.6444091796875,"(np.int64(1450), np.int64(281), np.int64(1456), np.int64(286))",552,12
217,1971.7,1632.6,16.0,197830.0215890066,1175.480712890625,"(np.int64(1630), np.int64(1968), np.int64(1639), np.int64(1974))",360,74
217,1023.3333333333334,1669.1666666666667,4.0,49457.50539725165,612.2767333984375,"(np.int64(1668), np.int64(1018), np.int64(1672), np.int64(1030))",291,50
217,1675.5,1709.0,2.0,24728.752698625824,672.7245483398438,"(np.int64(1708), np.int64(1673), np.int64(1711), np.int64(1679))",554,9
217,370.2857142857143,1806.857142857143,7.0,86550.63444519039,735.9979858398438,"(np.int64(1805), np.int64(370), np.int64(1810), np.int64(372))",60,51
217,1771.0,1830.0,1.0,12364.376349312912,612.2767333984375,"(np.int64(1830), np.int64(1771), np.int64(1831), np.int64(1772))",528,63
217,1602.0,2019.0,9.0,111279.3871438162,642.1474609375,"(np.int64(2017), np.int64(1601), np.int64(2022), np.int64(1604))",557,7
218,78.66525423728814,224.16949152542372,120.0,1483725.1619175496,2303.993408203125,"(np.int64(219), np.int64(67), np.int64(233), np.int64(89))",395,76
218,64.66666666666667,226.66666666666666,3.0,37093.12904793874,642.1159057617188,"(np.int64(226), np.int64(64), np.int64(228), np.int64(66))",395,76
218,45.09090909090909,231.1818181818182,11.0,136008.13984244203,836.2752685546875,"(np.int64(230), np.int64(43), np.int64(233), np.int64(48))",395,76
218,36.5,239.0,10.0,123643.76349312911,979.8955078125,"(np.int64(237), np.int64(36), np.int64(242), np.int64(38))",395,76
218,950.0,549.5,2.0,24728.752698625824,612.256103515625,"(np.int64(549), np.int64(950), np.int64(551), np.int64(951))",562,5
218,790.0,1055.0,1.0,12364.376349312912,642.1159057617188,"(np.int64(1055), np.int64(790), np.int64(1056), np.int64(791))",501,22
218,669.0,1085.0,1.0,12364.376349312912,612.256103515625,"(np.int64(1085), np.int64(669), np.int64(1086), np.int64(670))",169,4
218,1534.6153846153845,1228.076923076923,13.0,160736.89254106785,1525.321044921875,"(np.int64(1227), np.int64(1532), np.int64(1230), np.int64(1538))",455,111
218,1555.9298245614036,1248.7894736842106,57.0,704769.4519108359,1525.321044921875,"(np.int64(1242), np.int64(1552), np.int64(1257), np.int64(1560))",455,111
218,1562.0,1264.0,2.0,24728.752698625824,612.256103515625,"(np.int64(1260), np.int64(1560), np.int64(1269), np.int64(1565))",455,111
218,1367.7896341463415,1281.3536585365855,88.0,1088065.1187395363,704.0121459960938,"(np.int64(1273), np.int64(1356), np.int64(1287), np.int64(1374))",380,139
218,283.625,1451.8125,16.0,197830.0215890066,3108.2666015625,"(np.int64(1450), np.int64(282), np.int64(1455), np.int64(286))",552,12
218,1969.3636363636363,1635.7272727272727,22.0,272016.27968488407,1258.6654052734375,"(np.int64(1631), np.int64(1966), np.int64(1640), np.int64(1973))",360,74
218,982.5,1666.0,2.0,24728.752698625824,642.1159057617188,"(np.int64(1665), np.int64(981), np.int64(1668), np.int64(985))",291,50
218,1020.3333333333334,1670.6666666666667,3.0,37093.12904793874,612.256103515625,"(np.int64(1669), np.int64(1018), np.int64(1674), np.int64(1023))",291,50
218,1007.0,1671.0,2.0,24728.752698625824,612.256103515625,"(np.int64(1670), np.int64(1006), np.int64(1673), np.int64(1009))",291,50
218,1671.0,1711.0,3.0,37093.12904793874,736.0014038085938,"(np.int64(1711), np.int64(1670), np.int64(1712), np.int64(1673))",554,9
218,370.42857142857144,1806.7142857142858,14.0,173101.26889038077,836.2752685546875,"(np.int64(1804), np.int64(369), np.int64(1811), np.int64(372))",60,51
218,1600.85,2019.7,7.0,86550.63444519037,612.256103515625,"(np.int64(2018), np.int64(1599), np.int64(2022), np.int64(1603))",557,7
219,75.39449541284404,225.47706422018348,109.0,1347717.0220751073,1717.3287353515625,"(np.int64(218), np.int64(64), np.int64(230), np.int64(89))",395,76
219,36.53333333333333,238.26666666666668,15.0,185465.64523969367,1055.994140625,"(np.int64(235), np.int64(36), np.int64(243), np.int64(38))",395,76
219,125.5,416.5,2.0,24728.752698625824,642.1126708984375,"(np.int64(416), np.int64(125), np.int64(418), np.int64(127))",530,4
219,666.5,1084.5,2.0,24728.752698625824,612.2884521484375,"(np.int64(1084), np.int64(666), np.int64(1086), np.int64(668))",169,4
219,1533.0,1226.1666666666667,6.0,74186.25809587748,906.6671142578125,"(np.int64(1226), np.int64(1531), np.int64(1228), np.int64(1536))",455,111
219,1555.6451612903227,1247.258064516129,62.0,766591.3336574006,1619.923583984375,"(np.int64(1241), np.int64(1551), np.int64(1256), np.int64(1562))",455,111
219,1363.4761904761904,1278.609375,41.0,506939.4303218294,672.7095336914062,"(np.int64(1273), np.int64(1357), np.int64(1286), np.int64(1371))",380,139
219,1350.0,1283.0,1.0,12364.376349312912,612.2884521484375,"(np.int64(1283), np.int64(1350), np.int64(1284), np.int64(1351))",380,139
219,282.85714285714283,1449.5,14.0,173101.26889038077,3379.9111328125,"(np.int64(1447), np.int64(281), np.int64(1453), np.int64(285))",552,12
219,1964.2777777777778,1636.2592592592591,28.0,346202.5377807615,1175.4453125,"(np.int64(1631), np.int64(1961), np.int64(1639), np.int64(1971))",360,74
219,984.0,1664.0,1.0,12364.376349312912,612.2884521484375,"(np.int64(1664), np.int64(984), np.int64(1665), np.int64(985))",291,50
219,1017.4,1669.0,5.0,61821.881746564555,612.2884521484375,"(np.int64(1667), np.int64(1009), np.int64(1672), np.int64(1027))",291,50
219,1674.5,1709.0,11.0,136008.13984244203,768.7238159179688,"(np.int64(1708), np.int64(1669), np.int64(1712), np.int64(1679))",554,9
219,1787.8333333333333,1755.1666666666667,6.0,74186.25809587748,703.9760131835938,"(np.int64(1754), np.int64(1787), np.int64(1757), np.int64(1790))",568,7
219,370.0,1805.0,3.0,37093.12904793874,642.1126708984375,"(np.int64(1804), np.int64(370), np.int64(1807), np.int64(371))",60,51
219,1600.1875,2018.8125,16.0,197830.0215890066,703.9760131835938,"(np.int64(2017), np.int64(1597), np.int64(2023), np.int64(1603))",557,7
220,75.62745098039215,223.25098039215686,87.0,1075700.7423902233,1572.2581787109375,"(np.int64(218), np.int64(64), np.int64(229), np.int64(89))",395,76
220,47.5,228.0,2.0,24728.752698625824,672.6973266601562,"(np.int64(228), np.int64(47), np.int64(229), np.int64(49))",395,76
220,37.48,239.12,25.0,309109.4087328228,1344.701904296875,"(np.int64(235), np.int64(36), np.int64(244), np.int64(41))",395,76
220,1848.5,532.0,2.0,24728.752698625824,871.1240234375,"(np.int64(532), np.int64(1848), np.int64(533), np.int64(1850))",115,70
220,768.0,1151.5,2.0,24728.752698625824,642.1359252929688,"(np.int64(1151), np.int64(768), np.int64(1153), np.int64(769))",569,5
220,1556.9245283018868,1249.188679245283,53.0,655311.9465135843,1095.12548828125,"(np.int64(1240), np.int64(1553), np.int64(1264), np.int64(1563))",455,111
220,1361.9464285714284,1279.6607142857142,17.0,210194.3979383195,642.1359252929688,"(np.int64(1273), np.int64(1358), np.int64(1284), np.int64(1366))",380,139
220,283.2307692307692,1448.1538461538462,13.0,160736.89254106785,3242.666748046875,"(np.int64(1446), np.int64(282), np.int64(1451), np.int64(286))",552,12
220,411.0,1496.0,1.0,12364.376349312912,612.2658081054688,"(np.int64(1496), np.int64(411), np.int64(1497), np.int64(412))",452,62
220,1966.093023255814,1635.2093023255813,43.0,531668.1830204552,1433.62109375,"(np.int64(1630), np.int64(1959), np.int64(1640), np.int64(1971))",360,74
220,982.0,1665.0,1.0,12364.376349312912,612.2658081054688,"(np.int64(1665), np.int64(982), np.int64(1666), np.int64(983))",291,50
220,998.0,1667.0,1.0,12364.376349312912,612.2658081054688,"(np.int64(1667), np.int64(998), np.int64(1668), np.int64(999))",291,50
220,1017.5,1669.0,2.0,24728.752698625824,642.1359252929688,"(np.int64(1669), np.int64(1015), np.int64(1670), np.int64(1021))",291,50
220,1670.25,1709.0,8.0,98915.0107945033,735.992431640625,"(np.int64(1708), np.int64(1669), np.int64(1711), np.int64(1673))",554,9
220,369.8333333333333,1804.6666666666667,12.0,148372.51619175496,906.6719970703125,"(np.int64(1802), np.int64(369), np.int64(1808), np.int64(372))",60,51
220,1601.857142857143,2020.2142857142858,14.0,173101.26889038077,703.999267578125,"(np.int64(2018), np.int64(1600), np.int64(2023), np.int64(1605))",557,7
221,76.375,225.609375,64.0,791320.0863560264,1973.3614501953125,"(np.int64(220), np.int64(64), np.int64(230), np.int64(88))",395,76
221,45.7,230.55,20.0,247287.52698625822,1017.602294921875,"(np.int64(227), np.int64(42), np.int64(234), np.int64(50))",395,76
221,37.3448275862069,240.86206896551724,29.0,358566.91413007444,1301.3282470703125,"(np.int64(236), np.int64(36), np.int64(247), np.int64(41))",395,76
221,126.25,417.5,8.0,98915.0107945033,703.978759765625,"(np.int64(416), np.int64(124), np.int64(420), np.int64(130))",530,4
221,766.6666666666666,1153.0,3.0,37093.12904793874,703.978759765625,"(np.int64(1152), np.int64(766), np.int64(1155), np.int64(768))",569,5
221,334.0,1223.0,1.0,12364.376349312912,612.2967529296875,"(np.int64(1223), np.int64(334), np.int64(1224), np.int64(335))",572,2
221,1557.5238095238096,1252.547619047619,42.0,519303.8066711423,1175.468994140625,"(np.int64(1243), np.int64(1553), np.int64(1266), np.int64(1563))",455,111
221,1355.625,1281.775,13.0,160736.89254106785,612.2967529296875,"(np.int64(1278), np.int64(1352), np.int64(1286), np.int64(1362))",380,139
221,1565.0,1278.0,1.0,12364.376349312912,612.2967529296875,"(np.int64(1278), np.int64(1565), np.int64(1279), np.int64(1566))",455,111
221,282.875,1449.125,8.0,98915.0107945033,2135.447509765625,"(np.int64(1448), np.int64(282), np.int64(1451), np.int64(285))",552,12
221,411.5,1498.0,2.0,24728.752698625824,642.134033203125,"(np.int64(1498), np.int64(411), np.int64(1499), np.int64(413))",452,62
221,1964.658536585366,1637.3658536585365,41.0,506939.4303218294,1258.65185546875,"(np.int64(1633), np.int64(1960), np.int64(1641), np.int64(1970))",360,74
221,994.0,1668.0,1.0,12364.376349312912,612.2967529296875,"(np.int64(1668), np.int64(994), np.int64(1669), np.int64(995))",291,50
221,1012.6666666666666,1670.3333333333333,3.0,37093.12904793874,612.2967529296875,"(np.int64(1670), np.int64(1004), np.int64(1672), np.int64(1022))",291,50
221,1669.0,1711.25,4.0,49457.50539725165,703.978759765625,"(np.int64(1711), np.int64(1668), np.int64(1713), np.int64(1671))",554,9
221,370.0,1806.0,5.0,61821.881746564555,703.978759765625,"(np.int64(1804), np.int64(370), np.int64(1809), np.int64(371))",60,51
221,1600.0,2020.0,1.0,12364.376349312912,612.2967529296875,"(np.int64(2020), np.int64(1600), np.int64(2021), np.int64(1601))",557,7
222,76.87692307692308,224.7076923076923,65.0,803684.4627053393,1017.61279296875,"(np.int64(218), np.int64(67), np.int64(230), np.int64(88))",395,76
222,61.0,222.0,1.0,12364.376349312912,612.260986328125,"(np.int64(222), np.int64(61), np.int64(223), np.int64(62))",395,76
222,1671.0,231.0,3.0,37093.12904793874,768.7254638671875,"(np.int64(231), np.int64(1670), np.int64(232), np.int64(1673))",576,4
222,47.0,234.0,1.0,12364.376349312912,612.260986328125,"(np.int64(234), np.int64(47), np.int64(235), np.int64(48))",395,76
222,38.5,242.82142857142858,28.0,346202.53778076154,1433.5892333984375,"(np.int64(238), np.int64(37), np.int64(249), np.int64(41))",395,76
222,1828.0,355.0,3.0,37093.12904793874,736.006103515625,"(np.int64(354), np.int64(1828), np.int64(357), np.int64(1829))",578,7
222,1401.5,399.0,2.0,24728.752698625824,672.6997680664062,"(np.int64(399), np.int64(1401), np.int64(400), np.int64(1403))",555,24
222,1396.6,477.0,5.0,61821.881746564555,672.6997680664062,"(np.int64(476), np.int64(1395), np.int64(479), np.int64(1399))",579,18
222,1436.0,476.0,1.0,12364.376349312912,612.260986328125,"(np.int64(476), np.int64(1436), np.int64(477), np.int64(1437))",580,2
222,716.75,569.25,4.0,49457.50539725165,642.1495361328125,"(np.int64(568), np.int64(715), np.int64(572), np.int64(719))",581,15
222,768.5,1154.0,2.0,24728.752698625824,642.1495361328125,"(np.int64(1154), np.int64(768), np.int64(1155), np.int64(770))",569,5
222,1533.2222222222222,1227.5555555555557,9.0,111279.3871438162,906.6612548828125,"(np.int64(1227), np.int64(1531), np.int64(1229), np.int64(1536))",455,111
222,1559.2051282051282,1252.5641025641025,39.0,482210.67762320355,906.6612548828125,"(np.int64(1242), np.int64(1554), np.int64(1266), np.int64(1565))",455,111
222,1362.75,1281.6458333333333,12.0,148372.51619175496,642.1495361328125,"(np.int64(1276), np.int64(1358), np.int64(1285), np.int64(1367))",380,139
222,284.0,1449.5,2.0,24728.752698625824,672.6997680664062,"(np.int64(1449), np.int64(284), np.int64(1451), np.int64(285))",552,12
222,1969.717391304348,1634.8695652173913,47.0,581125.6884177069,1216.72265625,"(np.int64(1631), np.int64(1961), np.int64(1643), np.int64(1973))",360,74
222,980.0,1669.5,2.0,24728.752698625824,612.260986328125,"(np.int64(1665), np.int64(979), np.int64(1675), np.int64(982))",291,50
222,1004.6428571428571,1670.7142857142858,11.0,136008.13984244203,612.260986328125,"(np.int64(1668), np.int64(989), np.int64(1674), np.int64(1022))",291,50
222,1786.0,1749.5,2.0,24728.752698625824,642.1495361328125,"(np.int64(1749), np.int64(1786), np.int64(1751), np.int64(1787))",568,7
223,79.85,222.9625,28.0,346202.5377807615,906.6749267578125,"(np.int64(218), np.int64(76), np.int64(229), np.int64(87))",395,76
223,68.92857142857143,224.39285714285714,28.0,346202.53778076154,1258.652587890625,"(np.int64(221), np.int64(62), np.int64(228), np.int64(75))",395,76
223,46.833333333333336,233.0,6.0,74186.25809587748,672.7185668945312,"(np.int64(232), np.int64(46), np.int64(235), np.int64(49))",395,76
223,1672.0,232.0,3.0,37093.12904793874,768.7255859375,"(np.int64(232), np.int64(1671), np.int64(233), np.int64(1674))",576,4
223,38.705882352941174,244.44117647058823,34.0,420388.795876639,1134.9478759765625,"(np.int64(239), np.int64(37), np.int64(251), np.int64(41))",395,76
223,1827.9444444444443,353.44444444444446,18.0,222558.7742876324,704.013427734375,"(np.int64(350), np.int64(1826), np.int64(357), np.int64(1831))",578,7
223,1403.5,399.75,7.0,86550.63444519039,735.9918212890625,"(np.int64(398), np.int64(1400), np.int64(402), np.int64(1407))",555,24
223,1396.75,478.375,16.0,197830.0215890066,735.9918212890625,"(np.int64(475), np.int64(1394), np.int64(482), np.int64(1400))",579,18
223,1438.0,480.0,1.0,12364.376349312912,612.2510375976562,"(np.int64(480), np.int64(1438), np.int64(481), np.int64(1439))",580,2
223,1572.5,1070.5,2.0,24728.752698625824,642.14306640625,"(np.int64(1070), np.int64(1572), np.int64(1072), np.int64(1574))",583,42
223,768.0,1153.5,2.0,24728.752698625824,642.14306640625,"(np.int64(1153), np.int64(768), np.int64(1155), np.int64(769))",569,5
223,1533.0,1228.0,3.0,37093.12904793874,768.7255859375,"(np.int64(1228), np.int64(1532), np.int64(1229), np.int64(1535))",455,111
223,1554.6,1244.0,10.0,123643.76349312911,735.9918212890625,"(np.int64(1242), np.int64(1553), np.int64(1247), np.int64(1557))",455,111
223,1560.3333333333333,1254.0,3.0,37093.12904793874,672.7185668945312,"(np.int64(1253), np.int64(1560), np.int64(1256), np.int64(1562))",455,111
223,1563.6363636363637,1263.4545454545455,11.0,136008.13984244203,768.7255859375,"(np.int64(1260), np.int64(1563), np.int64(1268), np.int64(1565))",455,111
223,1363.3,1280.9,11.0,136008.13984244203,642.14306640625,"(np.int64(1276), np.int64(1359), np.int64(1284), np.int64(1372))",380,139
223,1966.4489795918366,1639.265306122449,49.0,605854.4411163327,2026.672607421875,"(np.int64(1631), np.int64(1959), np.int64(1644), np.int64(1973))",360,74
223,982.2916666666666,1670.7083333333333,9.0,111279.3871438162,612.2510375976562,"(np.int64(1668), np.int64(977), np.int64(1674), np.int64(990))",291,50
223,1009.9047619047619,1671.9404761904761,12.0,148372.51619175496,642.14306640625,"(np.int64(1671), np.int64(1001), np.int64(1674), np.int64(1018))",291,50
223,1029.0,1671.0,1.0,12364.376349312912,612.2510375976562,"(np.int64(1671), np.int64(1029), np.int64(1672), np.int64(1030))",291,50
224,75.6031746031746,225.34920634920636,47.0,581125.6884177069,1056.0057373046875,"(np.int64(219), np.int64(62), np.int64(228), np.int64(83))",395,76
224,1672.6666666666667,232.33333333333334,3.0,37093.12904793874,768.718505859375,"(np.int64(232), np.int64(1672), np.int64(234), np.int64(1674))",576,4
224,46.5,233.0,2.0,24728.752698625824,672.6984252929688,"(np.int64(233), np.int64(46), np.int64(234), np.int64(48))",395,76
224,38.91304347826087,245.04347826086956,23.0,284380.65603419696,1216.7142333984375,"(np.int64(240), np.int64(38), np.int64(251), np.int64(41))",395,76
224,1405.25,400.375,13.0,160736.89254106788,768.718505859375,"(np.int64(396), np.int64(1399), np.int64(404), np.int64(1410))",555,24
224,1396.2307692307693,477.9230769230769,13.0,160736.89254106785,672.6984252929688,"(np.int64(475), np.int64(1394), np.int64(481), np.int64(1399))",579,18
224,1865.5,536.0,2.0,24728.752698625824,672.6984252929688,"(np.int64(536), np.int64(1865), np.int64(537), np.int64(1867))",115,70
224,718.0,571.0,1.0,12364.376349312912,612.2808837890625,"(np.int64(571), np.int64(718), np.int64(572), np.int64(719))",581,15
224,793.5,1057.5,4.0,49457.50539725165,871.1080932617188,"(np.int64(1057), np.int64(793), np.int64(1059), np.int64(795))",501,22
224,1572.0833333333335,1070.6666666666665,7.0,86550.63444519039,703.9933471679688,"(np.int64(1067), np.int64(1570), np.int64(1074), np.int64(1574))",583,42
224,1583.5,1085.5,8.0,98915.0107945033,802.1488647460938,"(np.int64(1084), np.int64(1583), np.int64(1088), np.int64(1585))",310,13
224,768.0,1154.0,1.0,12364.376349312912,612.2808837890625,"(np.int64(1154), np.int64(768), np.int64(1155), np.int64(769))",569,5
224,1554.4615384615386,1243.2307692307693,13.0,160736.89254106785,836.2786865234375,"(np.int64(1240), np.int64(1553), np.int64(1247), np.int64(1557))",455,111
224,1562.5833333333333,1259.8333333333333,9.0,111279.3871438162,672.6984252929688,"(np.int64(1251), np.int64(1558), np.int64(1269), np.int64(1567))",455,111
224,1360.625,1280.8333333333333,34.0,420388.79587663896,642.139892578125,"(np.int64(1277), np.int64(1353), np.int64(1285), np.int64(1373))",380,139
224,1571.0,1280.0,1.0,12364.376349312912,612.2808837890625,"(np.int64(1280), np.int64(1571), np.int64(1281), np.int64(1572))",455,111
224,287.0,1340.0,1.0,12364.376349312912,612.2808837890625,"(np.int64(1340), np.int64(287), np.int64(1341), np.int64(288))",302,15
224,1968.284090909091,1636.840909090909,45.0,556396.9357190811,1525.3187255859375,"(np.int64(1634), np.int64(1959), np.int64(1644), np.int64(1972))",360,74
224,977.0,1668.6,5.0,61821.881746564555,642.139892578125,"(np.int64(1668), np.int64(975), np.int64(1670), np.int64(980))",291,50
224,995.4109589041096,1671.5479452054794,73.0,902599.4734998426,672.6984252929688,"(np.int64(1669), np.int64(981), np.int64(1675), np.int64(1013))",291,50
224,1026.0,1671.0,1.0,12364.376349312912,612.2808837890625,"(np.int64(1671), np.int64(1026), np.int64(1672), np.int64(1027))",291,50
224,1014.0,1673.5,2.0,24728.752698625824,612.2808837890625,"(np.int64(1673), np.int64(1014), np.int64(1675), np.int64(1015))",291,50
224,1159.5,1679.5,4.0,49457.50539725165,642.139892578125,"(np.int64(1678), np.int64(1159), np.int64(1682), np.int64(1161))",243,14
224,1783.0,1743.0,1.0,12364.376349312912,612.2808837890625,"(np.int64(1743), np.int64(1783), np.int64(1744), np.int64(1784))",568,7
225,74.56451612903226,220.0,32.0,395660.0431780132,1056.0057373046875,"(np.int64(217), np.int64(64), np.int64(226), np.int64(79))",395,76
225,1674.0,232.0,1.0,12364.376349312912,642.139892578125,"(np.int64(232), np.int64(1674), np.int64(233), np.int64(1675))",576,4
225,39.0,245.85714285714286,21.0,259651.90333557114,1056.0057373046875,"(np.int64(241), np.int64(38), np.int64(252), np.int64(42))",395,76
225,1827.0,352.0,1.0,12364.376349312912,612.2808837890625,"(np.int64(352), np.int64(1827), np.int64(353), np.int64(1828))",578,7
225,1401.8947368421052,396.3157894736842,19.0,234923.15063694533,768.718505859375,"(np.int64(394), np.int64(1399), np.int64(399), np.int64(1405))",555,24
225,1396.25,478.6,7.0,86550.63444519037,672.6984252929688,"(np.int64(476), np.int64(1394), np.int64(481), np.int64(1399))",579,18
225,717.5,571.0,2.0,24728.752698625824,672.6984252929688,"(np.int64(571), np.int64(717), np.int64(572), np.int64(719))",581,15
225,1571.0,1067.5,6.0,74186.25809587746,672.6984252929688,"(np.int64(1064), np.int64(1570), np.int64(1070), np.int64(1573))",583,42
225,1583.0,1083.3076923076924,13.0,160736.89254106785,836.2786865234375,"(np.int64(1081), np.int64(1582), np.int64(1088), np.int64(1585))",310,13
225,357.8,1210.1333333333334,12.0,148372.51619175496,1095.10595703125,"(np.int64(1209), np.int64(351), np.int64(1212), np.int64(362))",587,12
225,1553.7368421052631,1245.0526315789473,19.0,234923.15063694533,1017.6050415039062,"(np.int64(1242), np.int64(1552), np.int64(1250), np.int64(1557))",455,111
225,1567.0,1268.5,4.0,49457.50539725165,612.2808837890625,"(np.int64(1266), np.int64(1565), np.int64(1271), np.int64(1569))",455,111
225,1367.4333333333334,1279.0888888888887,21.0,259651.9033355712,642.139892578125,"(np.int64(1273), np.int64(1358), np.int64(1285), np.int64(1376))",380,139
225,1966.8854166666667,1637.1145833333333,34.0,420388.79587663896,1344.728759765625,"(np.int64(1634), np.int64(1962), np.int64(1643), np.int64(1972))",360,74
225,992.2111111111111,1669.8916666666667,129.0,1595004.5490613657,735.98779296875,"(np.int64(1668), np.int64(979), np.int64(1675), np.int64(1020))",291,50
225,973.0,1672.0,4.0,49457.50539725165,642.139892578125,"(np.int64(1671), np.int64(969), np.int64(1674), np.int64(979))",291,50
225,1023.0,1672.0,1.0,12364.376349312912,612.2808837890625,"(np.int64(1672), np.int64(1023), np.int64(1673), np.int64(1024))",291,50
225,1158.0,1677.0,1.0,12364.376349312912,642.139892578125,"(np.int64(1677), np.int64(1158), np.int64(1678), np.int64(1159))",243,14
225,1786.0,1748.5,2.0,24728.752698625824,642.139892578125,"(np.int64(1746), np.int64(1785), np.int64(1752), np.int64(1788))",568,7
226,75.28260869565217,220.76086956521738,24.0,296745.03238350985,871.123291015625,"(np.int64(218), np.int64(71), np.int64(226), np.int64(84))",395,76
226,39.0,248.0,1.0,12364.376349312912,642.1329345703125,"(np.int64(248), np.int64(39), np.int64(249), np.int64(40))",395,76
226,1824.8333333333335,352.83333333333337,4.0,49457.50539725165,642.1329345703125,"(np.int64(351), np.int64(1824), np.int64(355), np.int64(1827))",578,7
226,1402.2525879917184,396.17184265010354,31.0,383295.6668287002,768.729248046875,"(np.int64(392), np.int64(1398), np.int64(401), np.int64(1406))",555,24
226,1398.0,480.5,2.0,24728.752698625824,642.1329345703125,"(np.int64(480), np.int64(1397), np.int64(482), np.int64(1400))",579,18
226,715.375,569.875,8.0,98915.0107945033,768.729248046875,"(np.int64(568), np.int64(714), np.int64(572), np.int64(718))",581,15
226,793.6666666666666,1055.6666666666667,3.0,37093.12904793874,704.0023193359375,"(np.int64(1055), np.int64(793), np.int64(1057), np.int64(795))",501,22
226,1569.0,1065.6,5.0,61821.881746564555,642.1329345703125,"(np.int64(1064), np.int64(1568), np.int64(1068), np.int64(1571))",583,42
226,1581.8636363636365,1083.5454545454545,14.0,173101.26889038077,836.2703247070312,"(np.int64(1079), np.int64(1581), np.int64(1088), np.int64(1584))",310,13
226,359.1969696969697,1209.5151515151515,29.0,358566.91413007444,1216.708740234375,"(np.int64(1207), np.int64(348), np.int64(1212), np.int64(371))",587,12
226,1547.8000000000002,1238.85,18.0,222558.77428763238,979.9251708984375,"(np.int64(1236), np.int64(1542), np.int64(1247), np.int64(1557))",455,111
226,1561.0,1255.0,1.0,12364.376349312912,612.2589721679688,"(np.int64(1255), np.int64(1561), np.int64(1256), np.int64(1562))",455,111
226,1365.7222222222224,1275.7666666666667,22.0,272016.27968488407,642.1329345703125,"(np.int64(1272), np.int64(1358), np.int64(1278), np.int64(1376))",380,139
226,1254.0,1289.0,1.0,12364.376349312912,612.2589721679688,"(np.int64(1289), np.int64(1254), np.int64(1290), np.int64(1255))",141,77
226,1168.0,1345.0,1.0,12364.376349312912,612.2589721679688,"(np.int64(1345), np.int64(1168), np.int64(1346), np.int64(1169))",146,2
226,1689.0,1551.0,1.0,12364.376349312912,642.1329345703125,"(np.int64(1551), np.int64(1689), np.int64(1552), np.int64(1690))",589,3
226,1966.3333333333333,1637.9333333333334,30.0,370931.29047938733,1095.0914306640625,"(np.int64(1633), np.int64(1963), np.int64(1642), np.int64(1971))",360,74
226,966.75,1666.75,3.0,37093.12904793874,612.2589721679688,"(np.int64(1665), np.int64(963), np.int64(1670), np.int64(972))",291,50
226,997.1273885350319,1671.0063694267517,158.0,1953571.46319144,735.9977416992188,"(np.int64(1668), np.int64(974), np.int64(1675), np.int64(1021))",291,50
226,1022.0,1670.5,2.0,24728.752698625824,612.2589721679688,"(np.int64(1670), np.int64(1022), np.int64(1672), np.int64(1023))",291,50
226,1157.3333333333333,1675.6666666666667,3.0,37093.12904793874,704.0023193359375,"(np.int64(1675), np.int64(1157), np.int64(1677), np.int64(1159))",243,14
226,1783.0,1742.0,1.0,12364.376349312912,612.2589721679688,"(np.int64(1742), np.int64(1783), np.int64(1743), np.int64(1784))",568,7
226,1811.0,1814.4,5.0,61821.881746564555,642.1329345703125,"(np.int64(1814), np.int64(1809), np.int64(1816), np.int64(1814))",528,63
227,82.5,225.33333333333334,6.0,74186.25809587748,768.7222900390625,"(np.int64(225), np.int64(81), np.int64(227), np.int64(85))",395,76
227,1824.857142857143,353.14285714285717,7.0,86550.63444519039,642.1478271484375,"(np.int64(351), np.int64(1824), np.int64(356), np.int64(1827))",578,7
227,1842.0,372.0,1.0,12364.376349312912,642.1478271484375,"(np.int64(372), np.int64(1842), np.int64(373), np.int64(1843))",379,52
227,1401.530612244898,396.16326530612247,49.0,605854.4411163327,871.12939453125,"(np.int64(392), np.int64(1398), np.int64(402), np.int64(1406))",555,24
227,1387.0,476.0,1.0,12364.376349312912,612.242919921875,"(np.int64(476), np.int64(1387), np.int64(477), np.int64(1388))",579,18
227,1398.5,483.5,5.0,61821.881746564555,642.1478271484375,"(np.int64(480), np.int64(1396), np.int64(487), np.int64(1401))",579,18
227,713.0,569.5,2.0,24728.752698625824,735.9775390625,"(np.int64(569), np.int64(713), np.int64(571), np.int64(714))",581,15
227,792.0,1057.0,1.0,12364.376349312912,672.6903076171875,"(np.int64(1057), np.int64(792), np.int64(1058), np.int64(793))",501,22
227,1581.0,1082.25,3.0,37093.12904793874,642.1478271484375,"(np.int64(1080), np.int64(1581), np.int64(1085), np.int64(1582))",310,13
227,352.1666666666667,1209.111111111111,18.0,222558.7742876324,942.93603515625,"(np.int64(1208), np.int64(348), np.int64(1211), np.int64(357))",587,12
227,367.7647058823529,1211.4705882352941,17.0,210194.3979383195,979.9114990234375,"(np.int64(1211), np.int64(364), np.int64(1213), np.int64(373))",587,12
227,1557.8541666666665,1249.90625,28.0,346202.53778076154,906.6559448242188,"(np.int64(1245), np.int64(1553), np.int64(1259), np.int64(1563))",455,111
227,1368.8125,1273.359375,23.0,284380.65603419696,672.6903076171875,"(np.int64(1268), np.int64(1360), np.int64(1280), np.int64(1374))",380,139
227,1689.0,1552.0,1.0,12364.376349312912,735.9775390625,"(np.int64(1552), np.int64(1689), np.int64(1553), np.int64(1690))",589,3
227,1967.8225806451615,1635.1935483870968,32.0,395660.0431780132,1134.9420166015625,"(np.int64(1632), np.int64(1961), np.int64(1643), np.int64(1971))",360,74
227,970.6,1666.6,5.0,61821.881746564555,612.242919921875,"(np.int64(1666), np.int64(965), np.int64(1670), np.int64(979))",291,50
227,1001.9370078740158,1671.8188976377953,128.0,1582640.1727120527,735.9775390625,"(np.int64(1668), np.int64(980), np.int64(1675), np.int64(1023))",291,50
227,1156.5,1675.5,4.0,49457.50539725165,802.1046142578125,"(np.int64(1675), np.int64(1156), np.int64(1677), np.int64(1158))",243,14
227,1159.0,1691.0,1.0,12364.376349312912,612.242919921875,"(np.int64(1691), np.int64(1159), np.int64(1692), np.int64(1160))",592,7
227,1783.0,1741.0,5.0,61821.881746564555,735.9775390625,"(np.int64(1740), np.int64(1782), np.int64(1743), np.int64(1785))",568,7
227,1808.5,1816.5,10.0,123643.76349312911,672.6903076171875,"(np.int64(1816), np.int64(1806), np.int64(1818), np.int64(1812))",528,63
227,1773.6666666666667,1825.5,4.0,49457.50539725165,612.242919921875,"(np.int64(1824), np.int64(1771), np.int64(1828), np.int64(1778))",528,63
228,119.0,47.0,1.0,12364.376349312912,642.1070556640625,"(np.int64(47), np.int64(119), np.int64(48), np.int64(120))",593,2
228,52.0,168.0,1.0,12364.376349312912,642.1070556640625,"(np.int64(168), np.int64(52), np.int64(169), np.int64(53))",230,129
228,73.25,219.75,4.0,49457.50539725165,672.73291015625,"(np.int64(219), np.int64(73), np.int64(222), np.int64(75))",395,76
228,1182.2,335.6666666666667,7.0,86550.63444519037,612.2467041015625,"(np.int64(330), np.int64(1179), np.int64(340), np.int64(1186))",594,2
228,1826.5,352.5,4.0,49457.50539725165,642.1070556640625,"(np.int64(350), np.int64(1826), np.int64(355), np.int64(1828))",578,7
228,1403.6166666666666,396.1,60.0,741862.5809587747,979.9219970703125,"(np.int64(390), np.int64(1400), np.int64(403), np.int64(1410))",555,24
228,1400.0,483.0,7.0,86550.63444519039,672.73291015625,"(np.int64(480), np.int64(1397), np.int64(487), np.int64(1404))",579,18
228,713.0,569.0,1.0,12364.376349312912,871.090576171875,"(np.int64(569), np.int64(713), np.int64(570), np.int64(714))",581,15
228,1581.8,1082.4,5.0,61821.881746564555,704.01513671875,"(np.int64(1081), np.int64(1581), np.int64(1085), np.int64(1583))",310,13
228,351.6666666666667,1209.3333333333333,7.0,86550.63444519039,704.01513671875,"(np.int64(1209), np.int64(348), np.int64(1211), np.int64(356))",587,12
228,371.5652173913044,1211.391304347826,23.0,284380.65603419696,942.9521484375,"(np.int64(1211), np.int64(366), np.int64(1213), np.int64(380))",587,12
228,1559.2685185185185,1251.6851851851852,33.0,408024.4195273261,871.090576171875,"(np.int64(1242), np.int64(1552), np.int64(1260), np.int64(1565))",455,111
228,1367.469387755102,1276.887755102041,22.0,272016.27968488407,642.1070556640625,"(np.int64(1273), np.int64(1359), np.int64(1281), np.int64(1377))",380,139
228,1352.0,1326.0,1.0,12364.376349312912,612.2467041015625,"(np.int64(1326), np.int64(1352), np.int64(1327), np.int64(1353))",27,63
228,413.5,1498.0,2.0,24728.752698625824,672.73291015625,"(np.int64(1498), np.int64(413), np.int64(1499), np.int64(415))",452,62
228,1966.9333333333334,1638.0,30.0,370931.29047938733,1344.69873046875,"(np.int64(1635), np.int64(1962), np.int64(1641), np.int64(1971))",360,74
228,983.5,1667.5,2.0,24728.752698625824,642.1070556640625,"(np.int64(1666), np.int64(981), np.int64(1670), np.int64(987))",291,50
228,1005.4,1671.8181818181818,111.0,1372445.7747737332,704.01513671875,"(np.int64(1670), np.int64(987), np.int64(1675), np.int64(1023))",291,50
228,1158.0,1675.0,1.0,12364.376349312912,672.73291015625,"(np.int64(1675), np.int64(1158), np.int64(1676), np.int64(1159))",243,14
228,1785.0,1740.5,2.0,24728.752698625824,612.2467041015625,"(np.int64(1740), np.int64(1785), np.int64(1742), np.int64(1786))",568,7
228,842.0,1758.0,1.0,12364.376349312912,612.2467041015625,"(np.int64(1758), np.int64(842), np.int64(1759), np.int64(843))",597,5
228,1810.0,1816.0,3.0,37093.12904793874,612.2467041015625,"(np.int64(1815), np.int64(1807), np.int64(1818), np.int64(1814))",528,63
228,1774.1666666666667,1825.8333333333333,6.0,74186.25809587748,612.2467041015625,"(np.int64(1825), np.int64(1772), np.int64(1827), np.int64(1777))",528,63
229,118.0,48.0,1.0,12364.376349312912,612.2535400390625,"(np.int64(48), np.int64(118), np.int64(49), np.int64(119))",593,2
229,1182.0,335.0,1.0,12364.376349312912,612.2535400390625,"(np.int64(335), np.int64(1182), np.int64(336), np.int64(1183))",594,2
229,1403.232142857143,395.73214285714283,56.0,692405.0755615231,906.6419677734375,"(np.int64(389), np.int64(1400), np.int64(403), np.int64(1408))",555,24
229,1398.0,480.5,2.0,24728.752698625824,642.1275634765625,"(np.int64(480), np.int64(1398), np.int64(482), np.int64(1399))",579,18
229,792.0,1057.0,1.0,12364.376349312912,672.7158203125,"(np.int64(1057), np.int64(792), np.int64(1058), np.int64(793))",501,22
229,371.05555555555554,1211.4444444444443,18.0,222558.7742876324,836.2432861328125,"(np.int64(1210), np.int64(367), np.int64(1214), np.int64(378))",587,12
229,383.0,1212.0,1.0,12364.376349312912,612.2535400390625,"(np.int64(1212), np.int64(383), np.int64(1213), np.int64(384))",587,12
229,1540.9166666666665,1232.9166666666665,7.0,86550.63444519039,802.1480712890625,"(np.int64(1232), np.int64(1539), np.int64(1235), np.int64(1544))",455,111
229,1550.75,1242.875,13.0,160736.89254106788,768.7021484375,"(np.int64(1242), np.int64(1549), np.int64(1246), np.int64(1555))",455,111
229,1560.0,1251.5,4.0,49457.50539725165,672.7158203125,"(np.int64(1251), np.int64(1559), np.int64(1253), np.int64(1562))",455,111
229,1370.1904761904761,1276.547619047619,16.0,197830.02158900662,642.1275634765625,"(np.int64(1274), np.int64(1367), np.int64(1279), np.int64(1374))",380,139
229,287.0,1348.0,1.0,12364.376349312912,612.2535400390625,"(np.int64(1348), np.int64(287), np.int64(1349), np.int64(288))",302,15
229,412.3076923076923,1499.3846153846155,13.0,160736.89254106785,979.8980712890625,"(np.int64(1497), np.int64(411), np.int64(1503), np.int64(415))",452,62
229,1690.0,1552.5,2.0,24728.752698625824,642.1275634765625,"(np.int64(1552), np.int64(1690), np.int64(1554), np.int64(1691))",589,3
229,1966.3055555555557,1637.9166666666667,36.0,445117.5485752648,1344.68505859375,"(np.int64(1634), np.int64(1961), np.int64(1641), np.int64(1971))",360,74
229,1009.4069264069263,1671.4155844155846,79.0,976785.7315957202,735.970703125,"(np.int64(1668), np.int64(995), np.int64(1675), np.int64(1022))",291,50
229,985.0,1670.0,1.0,12364.376349312912,612.2535400390625,"(np.int64(1670), np.int64(985), np.int64(1671), np.int64(986))",291,50
229,1024.0,1672.0,3.0,37093.12904793874,642.1275634765625,"(np.int64(1671), np.int64(1024), np.int64(1674), np.int64(1025))",291,50
229,1153.5,1691.0,2.0,24728.752698625824,612.2535400390625,"(np.int64(1691), np.int64(1153), np.int64(1692), np.int64(1155))",592,7
229,839.0,1760.0,1.0,12364.376349312912,612.2535400390625,"(np.int64(1760), np.int64(839), np.int64(1761), np.int64(840))",597,5
229,1806.0,1817.0,4.0,49457.50539725165,642.1275634765625,"(np.int64(1816), np.int64(1803), np.int64(1819), np.int64(1811))",528,63
229,1777.25,1825.25,4.0,49457.50539725165,642.1275634765625,"(np.int64(1823), np.int64(1774), np.int64(1828), np.int64(1781))",528,63
230,1841.0,373.0,1.0,12364.376349312912,612.26806640625,"(np.int64(373), np.int64(1841), np.int64(374), np.int64(1842))",379,52
230,1399.75,396.37,51.0,630583.1938149586,802.16064453125,"(np.int64(390), np.int64(1396), np.int64(402), np.int64(1409))",555,24
230,790.5,1058.3333333333333,6.0,74186.25809587748,1388.7969970703125,"(np.int64(1058), np.int64(789), np.int64(1060), np.int64(793))",501,22
230,1539.0,1098.0,1.0,12364.376349312912,612.26806640625,"(np.int64(1098), np.int64(1539), np.int64(1099), np.int64(1540))",241,21
230,368.95652173913044,1211.9565217391305,23.0,284380.65603419696,1216.699951171875,"(np.int64(1211), np.int64(365), np.int64(1214), np.int64(374))",587,12
230,388.0,1216.0,1.0,12364.376349312912,612.26806640625,"(np.int64(1216), np.int64(388), np.int64(1217), np.int64(389))",587,12
230,1539.0833333333335,1233.8333333333335,5.0,61821.88174656456,802.16064453125,"(np.int64(1233), np.int64(1537), np.int64(1235), np.int64(1542))",455,111
230,1554.0,1244.0,3.0,37093.12904793874,612.26806640625,"(np.int64(1244), np.int64(1553), np.int64(1245), np.int64(1556))",455,111
230,1367.625,1275.25,7.0,86550.63444519037,642.1131591796875,"(np.int64(1271), np.int64(1364), np.int64(1278), np.int64(1373))",380,139
230,410.84615384615387,1501.0,13.0,160736.89254106785,1258.650390625,"(np.int64(1499), np.int64(410), np.int64(1504), np.int64(413))",452,62
230,1965.2105263157894,1638.842105263158,38.0,469846.30127389065,1175.4747314453125,"(np.int64(1635), np.int64(1960), np.int64(1642), np.int64(1970))",360,74
230,1016.5597826086956,1673.2445652173913,50.0,618218.8174656456,703.9788818359375,"(np.int64(1669), np.int64(1004), np.int64(1675), np.int64(1023))",291,50
230,998.2,1671.15,11.0,136008.13984244203,672.683349609375,"(np.int64(1670), np.int64(995), np.int64(1673), np.int64(1003))",291,50
230,1154.4285714285716,1691.7142857142858,8.0,98915.0107945033,735.99951171875,"(np.int64(1691), np.int64(1150), np.int64(1694), np.int64(1158))",592,7
230,837.0,1742.0,1.0,12364.376349312912,612.26806640625,"(np.int64(1742), np.int64(837), np.int64(1743), np.int64(838))",89,127
230,841.5,1761.0,2.0,24728.752698625824,612.26806640625,"(np.int64(1761), np.int64(841), np.int64(1762), np.int64(843))",597,5
230,1803.6666666666665,1816.8333333333335,8.0,98915.0107945033,642.1131591796875,"(np.int64(1816), np.int64(1800), np.int64(1819), np.int64(1807))",528,63
230,1771.0,1826.0,3.0,37093.12904793874,612.26806640625,"(np.int64(1826), np.int64(1770), np.int64(1827), np.int64(1773))",528,63
231,73.33333333333333,221.33333333333334,3.0,37093.12904793874,735.98779296875,"(np.int64(221), np.int64(73), np.int64(223), np.int64(75))",395,76
231,689.0,299.0,1.0,12364.376349312912,836.2786865234375,"(np.int64(299), np.int64(689), np.int64(300), np.int64(690))",604,2
231,1048.5,376.0,4.0,49457.50539725165,703.9933471679688,"(np.int64(375), np.int64(1048), np.int64(378), np.int64(1050))",518,12
231,1404.5,396.8030303030303,66.0,816048.8390546521,871.1080932617188,"(np.int64(390), np.int64(1396), np.int64(405), np.int64(1410))",555,24
231,1409.0,493.0,1.0,12364.376349312912,612.2808837890625,"(np.int64(493), np.int64(1409), np.int64(494), np.int64(1410))",605,2
231,1847.0,519.0,1.0,12364.376349312912,642.139892578125,"(np.int64(519), np.int64(1847), np.int64(520), np.int64(1848))",606,6
231,710.0833333333333,566.25,5.0,61821.88174656456,703.9933471679688,"(np.int64(564), np.int64(708), np.int64(569), np.int64(713))",581,15
231,1166.0,808.0,1.0,12364.376349312912,612.2808837890625,"(np.int64(808), np.int64(1166), np.int64(809), np.int64(1167))",48,11
231,1539.0,1098.0,1.0,12364.376349312912,612.2808837890625,"(np.int64(1098), np.int64(1539), np.int64(1099), np.int64(1540))",241,21
231,376.2638888888889,1213.611111111111,29.0,358566.91413007444,1056.0057373046875,"(np.int64(1211), np.int64(366), np.int64(1217), np.int64(382))",587,12
231,1539.5,1235.0,2.0,24728.752698625824,612.2808837890625,"(np.int64(1235), np.int64(1539), np.int64(1236), np.int64(1541))",455,111
231,411.4166666666667,1502.4166666666667,12.0,148372.51619175496,1134.9425048828125,"(np.int64(1500), np.int64(410), np.int64(1506), np.int64(414))",452,62
231,1967.0,1639.7142857142858,28.0,346202.53778076154,1095.10595703125,"(np.int64(1636), np.int64(1963), np.int64(1643), np.int64(1972))",360,74
231,1002.75,1671.0,5.0,61821.88174656456,642.139892578125,"(np.int64(1670), np.int64(1002), np.int64(1673), np.int64(1005))",291,50
231,1014.0,1673.4411764705883,35.0,432753.1722259519,642.139892578125,"(np.int64(1671), np.int64(1006), np.int64(1676), np.int64(1022))",291,50
231,1026.0,1675.0,1.0,12364.376349312912,612.2808837890625,"(np.int64(1675), np.int64(1026), np.int64(1676), np.int64(1027))",291,50
231,1152.7,1693.8,10.0,123643.76349312911,768.718505859375,"(np.int64(1693), np.int64(1151), np.int64(1696), np.int64(1156))",592,7
231,1804.9166666666665,1817.5833333333335,7.0,86550.63444519039,642.139892578125,"(np.int64(1817), np.int64(1801), np.int64(1820), np.int64(1808))",528,63
231,1775.0,1825.0,1.0,12364.376349312912,612.2808837890625,"(np.int64(1825), np.int64(1775), np.int64(1826), np.int64(1776))",528,63
232,53.0,170.0,1.0,12364.376349312912,672.7119140625,"(np.int64(170), np.int64(53), np.int64(171), np.int64(54))",230,129
232,74.0,220.0,7.0,86550.63444519039,942.9468994140625,"(np.int64(219), np.int64(73), np.int64(222), np.int64(76))",395,76
232,1049.0,376.0,1.0,12364.376349312912,612.2650756835938,"(np.int64(376), np.int64(1049), np.int64(377), np.int64(1050))",518,12
232,1377.0,379.0,1.0,12364.376349312912,612.2650756835938,"(np.int64(379), np.int64(1377), np.int64(380), np.int64(1378))",608,5
232,1404.2111111111112,396.3222222222222,90.0,1112793.8714381622,871.128173828125,"(np.int64(389), np.int64(1397), np.int64(403), np.int64(1411))",555,24
232,1399.0,482.0,1.0,12364.376349312912,612.2650756835938,"(np.int64(482), np.int64(1399), np.int64(483), np.int64(1400))",579,18
232,1850.6666666666667,515.6666666666666,3.0,37093.12904793874,642.147705078125,"(np.int64(515), np.int64(1850), np.int64(517), np.int64(1852))",606,6
232,709.6666666666666,564.8333333333334,12.0,148372.51619175496,1216.697509765625,"(np.int64(562), np.int64(707), np.int64(568), np.int64(713))",581,15
232,794.5,1059.5,2.0,24728.752698625824,642.147705078125,"(np.int64(1059), np.int64(794), np.int64(1061), np.int64(796))",501,22
232,377.22222222222223,1212.6666666666667,36.0,445117.5485752648,871.128173828125,"(np.int64(1211), np.int64(367), np.int64(1216), np.int64(386))",587,12
232,1371.3333333333333,1273.6666666666667,3.0,37093.12904793874,642.147705078125,"(np.int64(1273), np.int64(1371), np.int64(1275), np.int64(1373))",380,139
232,411.4,1501.6,5.0,61821.881746564555,735.9927368164062,"(np.int64(1500), np.int64(411), np.int64(1504), np.int64(413))",452,62
232,1968.2307692307693,1638.076923076923,26.0,321473.7850821357,906.6788330078125,"(np.int64(1634), np.int64(1963), np.int64(1641), np.int64(1973))",360,74
232,1014.2777777777778,1671.0,6.0,74186.25809587748,612.2650756835938,"(np.int64(1670), np.int64(1010), np.int64(1674), np.int64(1021))",291,50
232,1153.0,1693.6363636363637,11.0,136008.13984244203,768.7093505859375,"(np.int64(1692), np.int64(1151), np.int64(1696), np.int64(1156))",592,7
232,843.0,1762.0,3.0,37093.12904793874,642.147705078125,"(np.int64(1762), np.int64(842), np.int64(1763), np.int64(845))",597,5
232,1804.988888888889,1816.9666666666665,12.0,148372.51619175496,642.147705078125,"(np.int64(1815), np.int64(1799), np.int64(1820), np.int64(1814))",528,63
232,1772.111111111111,1826.3333333333333,5.0,61821.881746564555,642.147705078125,"(np.int64(1824), np.int64(1766), np.int64(1829), np.int64(1777))",528,63
233,50.76923076923077,170.07692307692307,13.0,160736.89254106785,979.91650390625,"(np.int64(169), np.int64(48), np.int64(172), np.int64(55))",230,129
233,73.6,220.2,5.0,61821.881746564555,672.7074584960938,"(np.int64(219), np.int64(73), np.int64(222), np.int64(75))",395,76
233,1048.25,375.5,4.0,49457.50539725165,642.13134765625,"(np.int64(374), np.int64(1048), np.int64(378), np.int64(1050))",518,12
233,1840.0,374.0,1.0,12364.376349312912,612.2586669921875,"(np.int64(374), np.int64(1840), np.int64(375), np.int64(1841))",379,52
233,1377.0,378.5,2.0,24728.752698625824,642.13134765625,"(np.int64(378), np.int64(1377), np.int64(380), np.int64(1378))",608,5
233,1404.183908045977,396.13793103448273,89.0,1100429.4950888492,1017.609130859375,"(np.int64(389), np.int64(1396), np.int64(402), np.int64(1412))",555,24
233,1399.1764705882354,482.47058823529414,17.0,210194.3979383195,672.7074584960938,"(np.int64(480), np.int64(1396), np.int64(487), np.int64(1403))",579,18
233,1851.75,514.25,4.0,49457.50539725165,612.2586669921875,"(np.int64(514), np.int64(1851), np.int64(516), np.int64(1854))",606,6
233,1843.0,533.5,2.0,24728.752698625824,703.9869384765625,"(np.int64(533), np.int64(1843), np.int64(535), np.int64(1844))",115,70
233,708.6428571428571,564.3571428571429,14.0,173101.26889038077,1216.7054443359375,"(np.int64(561), np.int64(706), np.int64(568), np.int64(712))",581,15
233,1238.0,820.6666666666666,3.0,37093.12904793874,672.7074584960938,"(np.int64(820), np.int64(1237), np.int64(822), np.int64(1240))",610,7
233,948.0,952.0,1.0,12364.376349312912,612.2586669921875,"(np.int64(952), np.int64(948), np.int64(953), np.int64(949))",611,2
233,794.3333333333334,1060.6666666666667,3.0,37093.12904793874,979.91650390625,"(np.int64(1060), np.int64(794), np.int64(1062), np.int64(796))",501,22
233,376.76666666666665,1213.8,18.0,222558.77428763243,836.2626953125,"(np.int64(1212), np.int64(368), np.int64(1217), np.int64(384))",587,12
233,410.0,1500.5882352941176,17.0,210194.3979383195,1301.3172607421875,"(np.int64(1497), np.int64(409), np.int64(1506), np.int64(412))",452,62
233,1968.75,1638.375,16.0,197830.0215890066,942.9273071289062,"(np.int64(1636), np.int64(1966), np.int64(1641), np.int64(1972))",360,74
233,1158.0,1677.0,1.0,12364.376349312912,612.2586669921875,"(np.int64(1677), np.int64(1158), np.int64(1678), np.int64(1159))",243,14
233,1152.5,1694.0,2.0,24728.752698625824,612.2586669921875,"(np.int64(1694), np.int64(1152), np.int64(1695), np.int64(1154))",592,7
233,1802.5,1818.0,6.0,74186.25809587748,642.13134765625,"(np.int64(1817), np.int64(1798), np.int64(1820), np.int64(1809))",528,63
233,1782.0,1826.5,2.0,24728.752698625824,612.2586669921875,"(np.int64(1826), np.int64(1782), np.int64(1828), np.int64(1783))",528,63
233,1768.6666666666665,1827.6666666666665,6.0,74186.25809587748,642.13134765625,"(np.int64(1827), np.int64(1766), np.int64(1830), np.int64(1773))",528,63
233,1764.0,1841.0,1.0,12364.376349312912,612.2586669921875,"(np.int64(1841), np.int64(1764), np.int64(1842), np.int64(1765))",528,63
233,1751.0,1842.0,1.0,12364.376349312912,612.2586669921875,"(np.int64(1842), np.int64(1751), np.int64(1843), np.int64(1752))",528,63
234,49.5,170.05555555555554,18.0,222558.7742876324,1572.27587890625,"(np.int64(169), np.int64(46), np.int64(172), np.int64(54))",230,129
234,1047.0,376.0,3.0,37093.12904793874,703.9822387695312,"(np.int64(375), np.int64(1047), np.int64(378), np.int64(1048))",518,12
234,1375.6666666666667,377.6666666666667,3.0,37093.12904793874,642.1458740234375,"(np.int64(377), np.int64(1375), np.int64(379), np.int64(1377))",608,5
234,1403.6455696202531,396.0,79.0,976785.73159572,1095.09814453125,"(np.int64(390), np.int64(1395), np.int64(401), np.int64(1411))",555,24
234,1803.0,407.0,1.0,12364.376349312912,703.9822387695312,"(np.int64(407), np.int64(1803), np.int64(408), np.int64(1804))",612,2
234,1398.9285714285713,483.64285714285717,14.0,173101.26889038077,735.9998168945312,"(np.int64(482), np.int64(1396), np.int64(487), np.int64(1403))",579,18
234,1408.0,493.0,1.0,12364.376349312912,612.2499389648438,"(np.int64(493), np.int64(1408), np.int64(494), np.int64(1409))",605,2
234,1850.857142857143,513.7142857142857,7.0,86550.63444519039,703.9822387695312,"(np.int64(512), np.int64(1849), np.int64(516), np.int64(1854))",606,6
234,1841.4,533.8,5.0,61821.881746564555,906.6573486328125,"(np.int64(533), np.int64(1841), np.int64(536), np.int64(1843))",115,70
234,707.3846153846154,563.4615384615385,13.0,160736.89254106785,1619.9163818359375,"(np.int64(561), np.int64(705), np.int64(567), np.int64(711))",581,15
234,1235.4,822.0,5.0,61821.881746564555,703.9822387695312,"(np.int64(821), np.int64(1234), np.int64(824), np.int64(1238))",610,7
234,793.0,1060.5,2.0,24728.752698625824,768.7117309570312,"(np.int64(1060), np.int64(793), np.int64(1062), np.int64(794))",501,22
234,370.54545454545456,1213.4545454545455,11.0,136008.13984244203,768.7117309570312,"(np.int64(1212), np.int64(367), np.int64(1215), np.int64(376))",587,12
234,1550.0,1248.0,1.0,12364.376349312912,612.2499389648438,"(np.int64(1248), np.int64(1550), np.int64(1249), np.int64(1551))",455,111
234,1366.5,1278.75,3.0,37093.12904793874,642.1458740234375,"(np.int64(1277), np.int64(1362), np.int64(1281), np.int64(1372))",380,139
234,1271.0,1315.0,1.0,12364.376349312912,612.2499389648438,"(np.int64(1315), np.int64(1271), np.int64(1316), np.int64(1272))",141,77
234,408.6551724137931,1501.1724137931035,29.0,358566.91413007444,2538.66650390625,"(np.int64(1495), np.int64(407), np.int64(1507), np.int64(411))",452,62
234,1969.5416666666665,1634.9583333333335,16.0,197830.0215890066,871.12939453125,"(np.int64(1631), np.int64(1965), np.int64(1641), np.int64(1973))",360,74
234,1157.3333333333333,1678.3333333333333,3.0,37093.12904793874,703.9822387695312,"(np.int64(1678), np.int64(1157), np.int64(1680), np.int64(1159))",243,14
234,878.0,1744.0,1.0,12364.376349312912,612.2499389648438,"(np.int64(1744), np.int64(878), np.int64(1745), np.int64(879))",89,127
234,1774.857142857143,1828.5714285714287,9.0,111279.3871438162,642.1458740234375,"(np.int64(1827), np.int64(1767), np.int64(1830), np.int64(1780))",528,63
234,1756.0,1841.0,1.0,12364.376349312912,612.2499389648438,"(np.int64(1841), np.int64(1756), np.int64(1842), np.int64(1757))",528,63
235,50.81481481481482,169.37037037037038,27.0,333838.1614314486,1433.621826171875,"(np.int64(168), np.int64(47), np.int64(172), np.int64(57))",230,129
235,1843.0,371.0,1.0,12364.376349312912,612.2791748046875,"(np.int64(371), np.int64(1843), np.int64(372), np.int64(1844))",379,52
235,1048.0,376.5,2.0,24728.752698625824,672.725341796875,"(np.int64(376), np.int64(1048), np.int64(378), np.int64(1049))",518,12
235,1376.5,376.5,4.0,49457.50539725165,703.98193359375,"(np.int64(376), np.int64(1376), np.int64(378), np.int64(1378))",608,5
235,1404.7142857142858,395.3809523809524,84.0,1038607.6133422846,1095.0927734375,"(np.int64(389), np.int64(1397), np.int64(402), np.int64(1412))",555,24
235,1803.0,407.0,1.0,12364.376349312912,612.2791748046875,"(np.int64(407), np.int64(1803), np.int64(408), np.int64(1804))",612,2
235,1397.3636363636363,481.54545454545456,11.0,136008.13984244203,768.71337890625,"(np.int64(480), np.int64(1396), np.int64(484), np.int64(1400))",579,18
235,1850.0,514.5,2.0,24728.752698625824,612.2791748046875,"(np.int64(514), np.int64(1850), np.int64(516), np.int64(1851))",606,6
235,1844.625,533.125,10.0,123643.76349312912,906.6456909179688,"(np.int64(532), np.int64(1841), np.int64(535), np.int64(1849))",115,70
235,708.8181818181819,563.3636363636364,11.0,136008.13984244203,1344.6917724609375,"(np.int64(561), np.int64(707), np.int64(567), np.int64(712))",581,15
235,1381.5,755.0,2.0,24728.752698625824,768.71337890625,"(np.int64(755), np.int64(1381), np.int64(756), np.int64(1383))",283,7
235,555.8,805.6,5.0,61821.881746564555,836.2679443359375,"(np.int64(805), np.int64(555), np.int64(807), np.int64(558))",443,16
235,373.57142857142856,1213.4285714285713,7.0,86550.63444519039,735.9947509765625,"(np.int64(1213), np.int64(371), np.int64(1215), np.int64(377))",587,12
235,1364.15625,1277.5625,20.0,247287.52698625825,672.725341796875,"(np.int64(1275), np.int64(1359), np.int64(1281), np.int64(1373))",380,139
235,1272.0,1314.0,1.0,12364.376349312912,612.2791748046875,"(np.int64(1314), np.int64(1272), np.int64(1315), np.int64(1273))",141,77
235,409.325,1501.7,40.0,494575.05397251644,3310.933349609375,"(np.int64(1495), np.int64(408), np.int64(1508), np.int64(413))",452,62
235,1969.5555555555557,1635.3703703703704,27.0,333838.1614314486,979.8970336914062,"(np.int64(1630), np.int64(1966), np.int64(1640), np.int64(1974))",360,74
235,1159.4,1677.2,5.0,61821.881746564555,703.98193359375,"(np.int64(1676), np.int64(1159), np.int64(1679), np.int64(1161))",243,14
235,876.5,1741.6666666666667,4.0,49457.50539725165,612.2791748046875,"(np.int64(1740), np.int64(873), np.int64(1744), np.int64(880))",89,127
235,846.0,1762.0,1.0,12364.376349312912,612.2791748046875,"(np.int64(1762), np.int64(846), np.int64(1763), np.int64(847))",597,5
235,1772.142857142857,1828.2142857142858,8.0,98915.0107945033,642.1241455078125,"(np.int64(1826), np.int64(1767), np.int64(1830), np.int64(1776))",528,63
236,53.5,170.02941176470588,34.0,420388.795876639,1388.7884521484375,"(np.int64(168), np.int64(48), np.int64(174), np.int64(63))",230,129
236,74.0,219.33333333333334,3.0,37093.12904793874,612.2705078125,"(np.int64(219), np.int64(73), np.int64(221), np.int64(76))",395,76
236,1849.0,357.0,1.0,12364.376349312912,612.2705078125,"(np.int64(357), np.int64(1849), np.int64(358), np.int64(1850))",379,52
236,1377.0,376.0,1.0,12364.376349312912,612.2705078125,"(np.int64(376), np.int64(1377), np.int64(377), np.int64(1378))",608,5
236,1405.5632183908046,395.8045977011494,87.0,1075700.7423902233,1134.936767578125,"(np.int64(390), np.int64(1398), np.int64(402), np.int64(1413))",555,24
236,1398.5,483.5,4.0,49457.50539725165,612.2705078125,"(np.int64(482), np.int64(1397), np.int64(487), np.int64(1402))",579,18
236,1850.4444444444443,515.4444444444445,9.0,111279.3871438162,736.010498046875,"(np.int64(514), np.int64(1848), np.int64(518), np.int64(1854))",606,6
236,1874.0,530.0,1.0,12364.376349312912,642.1387939453125,"(np.int64(530), np.int64(1874), np.int64(531), np.int64(1875))",115,70
236,1845.142857142857,534.1428571428571,11.0,136008.13984244203,871.1288452148438,"(np.int64(533), np.int64(1841), np.int64(537), np.int64(1850))",115,70
236,710.0909090909091,564.2727272727273,11.0,136008.13984244203,1525.3291015625,"(np.int64(562), np.int64(708), np.int64(568), np.int64(713))",581,15
236,1382.3333333333333,755.6666666666666,3.0,37093.12904793874,906.686279296875,"(np.int64(755), np.int64(1382), np.int64(757), np.int64(1384))",283,7
236,556.8,806.6,5.0,61821.881746564555,1095.1123046875,"(np.int64(806), np.int64(556), np.int64(808), np.int64(559))",443,16
236,945.0,952.0,1.0,12364.376349312912,612.2705078125,"(np.int64(952), np.int64(945), np.int64(953), np.int64(946))",611,2
236,374.75,1214.5,3.0,37093.12904793874,642.1387939453125,"(np.int64(1214), np.int64(373), np.int64(1216), np.int64(377))",587,12
236,1361.9052287581699,1279.862745098039,54.0,667676.3228628972,672.6898193359375,"(np.int64(1274), np.int64(1356), np.int64(1282), np.int64(1374))",380,139
236,410.24242424242425,1503.3030303030303,33.0,408024.41952732607,2912.01318359375,"(np.int64(1499), np.int64(408), np.int64(1508), np.int64(414))",452,62
236,1969.9666666666667,1636.0333333333333,30.0,370931.29047938733,906.686279296875,"(np.int64(1631), np.int64(1965), np.int64(1640), np.int64(1975))",360,74
236,1784.0,1826.0,1.0,12364.376349312912,612.2705078125,"(np.int64(1826), np.int64(1784), np.int64(1827), np.int64(1785))",528,63
237,56.02777777777778,170.60416666666666,33.0,408024.4195273261,1301.318359375,"(np.int64(167), np.int64(48), np.int64(174), np.int64(62))",230,129
237,73.57142857142857,218.85714285714286,14.0,173101.26889038077,942.9141845703125,"(np.int64(217), np.int64(71), np.int64(221), np.int64(76))",395,76
237,1047.4,375.2,5.0,61821.881746564555,703.991943359375,"(np.int64(374), np.int64(1047), np.int64(377), np.int64(1049))",518,12
237,1405.6493506493507,395.23376623376623,77.0,952056.9788970943,1056.0159912109375,"(np.int64(390), np.int64(1397), np.int64(400), np.int64(1413))",555,24
237,1398.4285714285713,483.2857142857143,7.0,86550.63444519039,672.712890625,"(np.int64(481), np.int64(1397), np.int64(486), np.int64(1401))",579,18
237,1844.0625,534.6875,9.0,111279.3871438162,768.704345703125,"(np.int64(533), np.int64(1841), np.int64(537), np.int64(1849))",115,70
237,711.7142857142857,566.1428571428571,14.0,173101.26889038077,1344.6947021484375,"(np.int64(563), np.int64(710), np.int64(570), np.int64(715))",581,15
237,1381.3333333333333,754.6666666666666,3.0,37093.12904793874,642.1381225585938,"(np.int64(754), np.int64(1381), np.int64(756), np.int64(1383))",283,7
237,557.0,806.6666666666666,3.0,37093.12904793874,906.6636962890625,"(np.int64(806), np.int64(556), np.int64(808), np.int64(559))",443,16
237,1531.5,1233.8,10.0,123643.76349312911,802.1377563476562,"(np.int64(1232), np.int64(1530), np.int64(1236), np.int64(1534))",455,111
237,1363.8375,1279.5208333333333,65.0,803684.4627053392,736.0167236328125,"(np.int64(1273), np.int64(1355), np.int64(1283), np.int64(1374))",380,139
237,410.05555555555554,1502.638888888889,36.0,445117.5485752648,1767.10693359375,"(np.int64(1498), np.int64(408), np.int64(1508), np.int64(415))",452,62
237,1971.5454545454545,1633.8181818181818,11.0,136008.13984244203,736.0167236328125,"(np.int64(1631), np.int64(1970), np.int64(1637), np.int64(1974))",360,74
237,1161.0,1679.5,2.0,24728.752698625824,672.712890625,"(np.int64(1679), np.int64(1161), np.int64(1681), np.int64(1162))",243,14
237,871.0,1744.0,1.0,12364.376349312912,612.2676391601562,"(np.int64(1744), np.int64(871), np.int64(1745), np.int64(872))",89,127
237,1804.0,1816.5,2.0,24728.752698625824,612.2676391601562,"(np.int64(1816), np.int64(1802), np.int64(1818), np.int64(1807))",528,63
237,1775.0,1827.0,1.0,12364.376349312912,612.2676391601562,"(np.int64(1827), np.int64(1775), np.int64(1828), np.int64(1776))",528,63
237,1757.0,1845.0,1.0,12364.376349312912,612.2676391601562,"(np.int64(1845), np.int64(1757), np.int64(1846), np.int64(1758))",528,63
238,51.68,169.98000000000002,26.0,321473.7850821357,1619.8946533203125,"(np.int64(168), np.int64(48), np.int64(173), np.int64(61))",230,129
238,73.37931034482759,218.86206896551724,29.0,358566.91413007444,1973.323486328125,"(np.int64(216), np.int64(71), np.int64(223), np.int64(77))",395,76
238,58.142857142857146,223.42857142857142,7.0,86550.63444519039,906.6795654296875,"(np.int64(222), np.int64(56), np.int64(226), np.int64(61))",395,76
238,1046.4,375.2,5.0,61821.881746564555,703.98779296875,"(np.int64(374), np.int64(1046), np.int64(377), np.int64(1048))",518,12
238,1405.126984126984,394.6984126984127,63.0,778955.7100067134,979.8946533203125,"(np.int64(391), np.int64(1399), np.int64(399), np.int64(1412))",555,24
238,1875.5,525.0,2.0,24728.752698625824,612.2809448242188,"(np.int64(524), np.int64(1875), np.int64(527), np.int64(1877))",115,70
238,1846.111111111111,534.1111111111111,9.0,111279.3871438162,979.8946533203125,"(np.int64(533), np.int64(1845), np.int64(537), np.int64(1849))",115,70
238,713.1428571428571,568.7142857142857,14.0,173101.26889038077,871.097412109375,"(np.int64(565), np.int64(710), np.int64(573), np.int64(716))",581,15
238,1381.0,755.0,1.0,12364.376349312912,672.7124633789062,"(np.int64(755), np.int64(1381), np.int64(756), np.int64(1382))",283,7
238,556.0,807.0,1.0,12364.376349312912,612.2809448242188,"(np.int64(807), np.int64(556), np.int64(808), np.int64(557))",443,16
238,1540.0,1100.0,1.0,12364.376349312912,612.2809448242188,"(np.int64(1100), np.int64(1540), np.int64(1101), np.int64(1541))",241,21
238,940.0,1104.0,3.0,37093.12904793874,703.98779296875,"(np.int64(1104), np.int64(939), np.int64(1105), np.int64(942))",400,89
238,1533.8362573099414,1238.3040935672516,25.0,309109.4087328228,1433.609619140625,"(np.int64(1231), np.int64(1529), np.int64(1245), np.int64(1539))",455,111
238,1362.318181818182,1277.4949494949494,42.0,519303.80667114235,642.1207275390625,"(np.int64(1274), np.int64(1355), np.int64(1282), np.int64(1373))",380,139
238,409.14285714285717,1503.392857142857,28.0,346202.53778076154,1175.476806640625,"(np.int64(1501), np.int64(407), np.int64(1508), np.int64(413))",452,62
238,1970.3333333333333,1634.0,3.0,37093.12904793874,642.1207275390625,"(np.int64(1633), np.int64(1970), np.int64(1636), np.int64(1972))",360,74
238,1159.0,1680.0,1.0,12364.376349312912,612.2809448242188,"(np.int64(1680), np.int64(1159), np.int64(1681), np.int64(1160))",243,14
238,1145.0,1695.0,1.0,12364.376349312912,612.2809448242188,"(np.int64(1695), np.int64(1145), np.int64(1696), np.int64(1146))",592,7
238,1096.0,1756.0,1.0,12364.376349312912,612.2809448242188,"(np.int64(1756), np.int64(1096), np.int64(1757), np.int64(1097))",618,4
238,1800.0,1817.5,2.0,24728.752698625824,612.2809448242188,"(np.int64(1817), np.int64(1799), np.int64(1819), np.int64(1802))",528,63
238,1767.0,1830.0,1.0,12364.376349312912,612.2809448242188,"(np.int64(1830), np.int64(1767), np.int64(1831), np.int64(1768))",528,63
239,59.06666666666667,170.4,15.0,185465.64523969367,1767.1014404296875,"(np.int64(169), np.int64(57), np.int64(173), np.int64(62))",230,129
239,76.0952380952381,220.11904761904762,42.0,519303.8066711423,2247.1220703125,"(np.int64(216), np.int64(73), np.int64(228), np.int64(81))",395,76
239,58.888888888888886,224.88888888888889,9.0,111279.3871438162,1216.728759765625,"(np.int64(223), np.int64(56), np.int64(227), np.int64(62))",395,76
239,1407.2708333333333,395.0625,48.0,593490.0647670198,979.8931884765625,"(np.int64(392), np.int64(1403), np.int64(399), np.int64(1414))",555,24
239,1847.9166666666667,534.4166666666666,12.0,148372.51619175496,735.9885864257812,"(np.int64(533), np.int64(1846), np.int64(537), np.int64(1851))",115,70
239,158.1,880.6,10.0,123643.76349312911,979.8931884765625,"(np.int64(880), np.int64(156), np.int64(882), np.int64(162))",621,5
239,1532.9444444444443,1238.138888888889,22.0,272016.27968488407,1973.33251953125,"(np.int64(1232), np.int64(1530), np.int64(1244), np.int64(1536))",455,111
239,1363.3076923076924,1278.3108974358972,27.0,333838.1614314486,672.7055053710938,"(np.int64(1274), np.int64(1355), np.int64(1283), np.int64(1372))",380,139
239,411.0,1503.625,32.0,395660.0431780132,1717.321533203125,"(np.int64(1499), np.int64(408), np.int64(1509), np.int64(415))",452,62
239,1973.0,1633.5,2.0,24728.752698625824,642.143310546875,"(np.int64(1633), np.int64(1973), np.int64(1635), np.int64(1974))",360,74
239,1159.6666666666667,1679.3333333333333,3.0,37093.12904793874,672.7055053710938,"(np.int64(1679), np.int64(1159), np.int64(1681), np.int64(1161))",243,14
239,836.0,1742.0,1.0,12364.376349312912,612.2584228515625,"(np.int64(1742), np.int64(836), np.int64(1743), np.int64(837))",89,127
239,879.0,1742.0,1.0,12364.376349312912,612.2584228515625,"(np.int64(1742), np.int64(879), np.int64(1743), np.int64(880))",89,127
240,60.714285714285715,170.57142857142858,7.0,86550.63444519039,1868.798828125,"(np.int64(169), np.int64(60), np.int64(173), np.int64(63))",230,129
240,80.44897959183673,219.57142857142856,50.0,618218.8174656456,1868.798828125,"(np.int64(216), np.int64(71), np.int64(227), np.int64(85))",395,76
240,59.5,224.0,2.0,24728.752698625824,642.1207275390625,"(np.int64(223), np.int64(58), np.int64(226), np.int64(62))",395,76
240,1407.078947368421,394.13157894736844,38.0,469846.30127389065,979.8946533203125,"(np.int64(391), np.int64(1403), np.int64(398), np.int64(1413))",555,24
240,108.0,395.0,1.0,12364.376349312912,642.1207275390625,"(np.int64(395), np.int64(108), np.int64(396), np.int64(109))",623,53
240,1848.8461538461538,533.6923076923077,13.0,160736.89254106785,768.7261352539062,"(np.int64(532), np.int64(1847), np.int64(537), np.int64(1853))",115,70
240,717.0,571.0,1.0,12364.376349312912,612.2809448242188,"(np.int64(571), np.int64(717), np.int64(572), np.int64(718))",581,15
240,1383.0,754.0,1.0,12364.376349312912,642.1207275390625,"(np.int64(754), np.int64(1383), np.int64(755), np.int64(1384))",283,7
240,158.0,880.2666666666667,15.0,185465.64523969367,1134.9384765625,"(np.int64(879), np.int64(155), np.int64(882), np.int64(162))",621,5
240,1544.0,1100.5,2.0,24728.752698625824,642.1207275390625,"(np.int64(1100), np.int64(1543), np.int64(1102), np.int64(1546))",241,21
240,938.5,1103.0,2.0,24728.752698625824,703.98779296875,"(np.int64(1103), np.int64(938), np.int64(1104), np.int64(940))",400,89
240,1532.7857142857142,1233.0,14.0,173101.26889038077,1017.5960083007812,"(np.int64(1231), np.int64(1531), np.int64(1236), np.int64(1536))",455,111
240,1552.8333333333333,1246.1666666666667,6.0,74186.25809587748,768.7261352539062,"(np.int64(1245), np.int64(1552), np.int64(1248), np.int64(1555))",455,111
240,1362.25,1281.75,4.0,49457.50539725165,642.1207275390625,"(np.int64(1278), np.int64(1356), np.int64(1289), np.int64(1373))",380,139
240,1256.75,1293.75,4.0,49457.50539725165,672.7124633789062,"(np.int64(1293), np.int64(1256), np.int64(1295), np.int64(1259))",141,77
240,279.0,1345.0,1.0,12364.376349312912,642.1207275390625,"(np.int64(1345), np.int64(279), np.int64(1346), np.int64(280))",302,15
240,411.88235294117646,1503.9411764705883,17.0,210194.3979383195,1344.70556640625,"(np.int64(1501), np.int64(410), np.int64(1508), np.int64(415))",452,62
240,1160.6666666666667,1679.3333333333333,6.0,74186.25809587748,768.7261352539062,"(np.int64(1678), np.int64(1160), np.int64(1681), np.int64(1163))",243,14
240,1507.0,2043.0,1.0,12364.376349312912,642.1207275390625,"(np.int64(2043), np.int64(1507), np.int64(2044), np.int64(1508))",627,4
241,59.0,170.0,1.0,12364.376349312912,736.06298828125,"(np.int64(170), np.int64(59), np.int64(171), np.int64(60))",230,129
241,78.05434782608695,218.58695652173913,47.0,581125.6884177069,1479.041748046875,"(np.int64(215), np.int64(71), np.int64(227), np.int64(82))",395,76
241,84.5,391.5,2.0,24728.752698625824,612.337890625,"(np.int64(391), np.int64(84), np.int64(393), np.int64(86))",623,53
241,1405.92,393.88,25.0,309109.4087328228,768.6884765625,"(np.int64(392), np.int64(1402), np.int64(397), np.int64(1412))",555,24
241,106.57142857142857,395.7142857142857,7.0,86550.63444519039,1175.482666015625,"(np.int64(394), np.int64(106), np.int64(398), np.int64(108))",623,53
241,1849.5,531.75,3.0,37093.12904793874,612.337890625,"(np.int64(531), np.int64(1847), np.int64(534), np.int64(1853))",115,70
241,155.2941176470588,880.1176470588235,17.0,210194.3979383195,1134.9765625,"(np.int64(879), np.int64(152), np.int64(882), np.int64(159))",621,5
241,1531.0,1232.0,1.0,12364.376349312912,704.06787109375,"(np.int64(1232), np.int64(1531), np.int64(1233), np.int64(1532))",455,111
241,1551.0,1247.0,3.0,37093.12904793874,642.12646484375,"(np.int64(1246), np.int64(1551), np.int64(1249), np.int64(1552))",455,111
241,1254.6666666666667,1293.6666666666667,3.0,37093.12904793874,642.12646484375,"(np.int64(1293), np.int64(1254), np.int64(1295), np.int64(1256))",141,77
241,410.3333333333333,1503.1333333333334,15.0,185465.64523969367,1216.77685546875,"(np.int64(1500), np.int64(409), np.int64(1507), np.int64(413))",452,62
241,1159.5,1679.0,2.0,24728.752698625824,642.12646484375,"(np.int64(1679), np.int64(1159), np.int64(1680), np.int64(1161))",243,14
241,1436.0,1753.0,1.0,12364.376349312912,612.337890625,"(np.int64(1753), np.int64(1436), np.int64(1754), np.int64(1437))",630,2
241,1505.0,2042.0,1.0,12364.376349312912,612.337890625,"(np.int64(2042), np.int64(1505), np.int64(2043), np.int64(1506))",627,4
242,79.71875,220.25,33.0,408024.41952732607,1095.0927734375,"(np.int64(216), np.int64(72), np.int64(227), np.int64(85))",395,76
242,1406.2857142857142,395.07142857142856,14.0,173101.26889038077,703.98193359375,"(np.int64(394), np.int64(1404), np.int64(397), np.int64(1411))",555,24
242,107.38461538461539,397.0,13.0,160736.89254106785,1388.803955078125,"(np.int64(395), np.int64(106), np.int64(400), np.int64(110))",623,53
242,1404.25,441.0,4.0,49457.50539725165,672.725341796875,"(np.int64(440), np.int64(1404), np.int64(443), np.int64(1406))",224,39
242,155.54545454545453,880.2727272727273,11.0,136008.13984244203,768.71337890625,"(np.int64(879), np.int64(154), np.int64(882), np.int64(159))",621,5
242,1569.5,1056.0,2.0,24728.752698625824,612.2791748046875,"(np.int64(1056), np.int64(1568), np.int64(1057), np.int64(1572))",583,42
242,1544.0,1099.5,2.0,24728.752698625824,672.725341796875,"(np.int64(1099), np.int64(1542), np.int64(1101), np.int64(1547))",241,21
242,1531.0,1233.0,1.0,12364.376349312912,672.725341796875,"(np.int64(1233), np.int64(1531), np.int64(1234), np.int64(1532))",455,111
242,1366.0,1279.0,1.0,12364.376349312912,612.2791748046875,"(np.int64(1279), np.int64(1366), np.int64(1280), np.int64(1367))",380,139
242,1255.0,1294.0,1.0,12364.376349312912,612.2791748046875,"(np.int64(1294), np.int64(1255), np.int64(1295), np.int64(1256))",141,77
242,1374.0,1321.0,1.0,12364.376349312912,612.2791748046875,"(np.int64(1321), np.int64(1374), np.int64(1322), np.int64(1375))",632,14
242,410.5833333333333,1503.8333333333333,12.0,148372.51619175496,979.8970336914062,"(np.int64(1501), np.int64(409), np.int64(1508), np.int64(413))",452,62
242,1845.0,1895.0,1.0,12364.376349312912,612.2791748046875,"(np.int64(1895), np.int64(1845), np.int64(1896), np.int64(1846))",466,73
243,59.0,171.0,1.0,12364.376349312912,612.281494140625,"(np.int64(171), np.int64(59), np.int64(172), np.int64(60))",230,129
243,79.35185185185185,220.35185185185185,28.0,346202.5377807615,1479.1351318359375,"(np.int64(216), np.int64(72), np.int64(225), np.int64(85))",395,76
243,107.63636363636364,397.8181818181818,11.0,136008.13984244203,1525.32568359375,"(np.int64(396), np.int64(106), np.int64(401), np.int64(110))",623,53
243,1405.5,396.0,2.0,24728.752698625824,612.281494140625,"(np.int64(396), np.int64(1405), np.int64(397), np.int64(1407))",555,24
243,1849.5,532.5,2.0,24728.752698625824,612.281494140625,"(np.int64(532), np.int64(1849), np.int64(534), np.int64(1851))",115,70
243,1861.0,533.0,1.0,12364.376349312912,612.281494140625,"(np.int64(533), np.int64(1861), np.int64(534), np.int64(1862))",115,70
243,154.0,880.0,3.0,37093.12904793874,642.13623046875,"(np.int64(880), np.int64(153), np.int64(881), np.int64(156))",621,5
243,1543.0,1100.0,3.0,37093.12904793874,703.973876953125,"(np.int64(1100), np.int64(1542), np.int64(1101), np.int64(1545))",241,21
243,410.42857142857144,1504.0,14.0,173101.26889038077,1055.972900390625,"(np.int64(1501), np.int64(409), np.int64(1508), np.int64(413))",452,62
243,1974.0,1630.0,1.0,12364.376349312912,612.281494140625,"(np.int64(1630), np.int64(1974), np.int64(1631), np.int64(1975))",360,74
244,75.8,216.8,15.0,185465.64523969367,1216.7191162109375,"(np.int64(215), np.int64(73), np.int64(220), np.int64(79))",395,76
244,107.875,398.125,8.0,98915.0107945033,1619.9263916015625,"(np.int64(397), np.int64(107), np.int64(400), np.int64(110))",623,53
244,1403.0,439.75,4.0,49457.50539725165,642.1434936523438,"(np.int64(439), np.int64(1402), np.int64(441), np.int64(1405))",224,39
244,1855.0,536.1428571428571,7.0,86550.63444519039,735.9989013671875,"(np.int64(534), np.int64(1854), np.int64(539), np.int64(1858))",115,70
244,1563.0,1047.0,1.0,12364.376349312912,612.2581176757812,"(np.int64(1047), np.int64(1563), np.int64(1048), np.int64(1564))",583,42
244,1671.0,1385.5,2.0,24728.752698625824,612.2581176757812,"(np.int64(1385), np.int64(1671), np.int64(1387), np.int64(1672))",637,6
244,410.2,1504.5,10.0,123643.76349312911,942.9217529296875,"(np.int64(1502), np.int64(409), np.int64(1508), np.int64(412))",452,62
244,881.0,1749.0,1.0,12364.376349312912,612.2581176757812,"(np.int64(1749), np.int64(881), np.int64(1750), np.int64(882))",89,127
245,76.46153846153847,216.15384615384616,13.0,160736.89254106785,1056.0169677734375,"(np.int64(215), np.int64(74), np.int64(219), np.int64(80))",395,76
245,1829.0,354.0,1.0,12364.376349312912,612.263916015625,"(np.int64(354), np.int64(1829), np.int64(355), np.int64(1830))",578,7
245,108.8,398.5,10.0,123643.76349312911,1479.126220703125,"(np.int64(397), np.int64(108), np.int64(401), np.int64(111))",623,53
245,1850.0,537.0,1.0,12364.376349312912,612.263916015625,"(np.int64(537), np.int64(1850), np.int64(538), np.int64(1851))",115,70
245,1533.0,1236.0,1.0,12364.376349312912,612.263916015625,"(np.int64(1236), np.int64(1533), np.int64(1237), np.int64(1534))",455,111
245,1368.0,1280.0,1.0,12364.376349312912,612.263916015625,"(np.int64(1280), np.int64(1368), np.int64(1281), np.int64(1369))",380,139
245,1261.5,1283.0,2.0,24728.752698625824,642.12548828125,"(np.int64(1283), np.int64(1261), np.int64(1284), np.int64(1263))",141,77
245,149.5,1335.0,2.0,24728.752698625824,612.263916015625,"(np.int64(1335), np.int64(149), np.int64(1336), np.int64(151))",638,4
245,410.55555555555554,1504.0,9.0,111279.3871438162,836.2608642578125,"(np.int64(1502), np.int64(410), np.int64(1507), np.int64(412))",452,62
246,76.33333333333333,216.33333333333334,3.0,37093.12904793874,735.9989013671875,"(np.int64(216), np.int64(76), np.int64(218), np.int64(78))",395,76
246,108.91666666666667,398.9166666666667,12.0,148372.51619175496,1479.1083984375,"(np.int64(397), np.int64(108), np.int64(402), np.int64(111))",623,53
246,1881.0,479.0,1.0,12364.376349312912,612.2581176757812,"(np.int64(479), np.int64(1881), np.int64(480), np.int64(1882))",639,15
246,1354.0,991.0,3.0,37093.12904793874,612.2581176757812,"(np.int64(990), np.int64(1353), np.int64(993), np.int64(1356))",640,5
246,1549.0,1245.0,1.0,12364.376349312912,672.6937255859375,"(np.int64(1245), np.int64(1549), np.int64(1246), np.int64(1550))",455,111
246,1278.5,1309.0,4.0,49457.50539725165,642.1434936523438,"(np.int64(1309), np.int64(1277), np.int64(1310), np.int64(1281))",141,77
246,146.125,1334.875,8.0,98915.0107945033,768.7188110351562,"(np.int64(1334), np.int64(143), np.int64(1336), np.int64(150))",638,4
246,1357.0,1338.0,1.0,12364.376349312912,612.2581176757812,"(np.int64(1338), np.int64(1357), np.int64(1339), np.int64(1358))",27,63
246,411.0,1504.0,7.0,86550.63444519039,871.1129150390625,"(np.int64(1501), np.int64(411), np.int64(1508), np.int64(412))",452,62
247,52.0,174.0,2.0,24728.752698625824,612.2566528320312,"(np.int64(172), np.int64(49), np.int64(177), np.int64(56))",230,129
247,75.91666666666667,216.0,12.0,148372.51619175496,979.901611328125,"(np.int64(214), np.int64(74), np.int64(219), np.int64(79))",395,76
247,91.5,391.5,4.0,49457.50539725165,736.0030517578125,"(np.int64(390), np.int64(90), np.int64(394), np.int64(94))",623,53
247,108.71428571428571,398.35714285714283,14.0,173101.26889038077,1767.0914306640625,"(np.int64(396), np.int64(107), np.int64(401), np.int64(111))",623,53
247,1878.0,483.0,1.0,12364.376349312912,612.2566528320312,"(np.int64(483), np.int64(1878), np.int64(484), np.int64(1879))",639,15
247,1382.0,751.0,1.0,12364.376349312912,612.2566528320312,"(np.int64(751), np.int64(1382), np.int64(752), np.int64(1383))",283,7
247,1549.0,1244.5,2.0,24728.752698625824,704.0098876953125,"(np.int64(1244), np.int64(1549), np.int64(1246), np.int64(1550))",455,111
247,1297.0,1307.0,1.0,12364.376349312912,612.2566528320312,"(np.int64(1307), np.int64(1297), np.int64(1308), np.int64(1298))",141,77
247,145.0,1335.0,1.0,12364.376349312912,612.2566528320312,"(np.int64(1335), np.int64(145), np.int64(1336), np.int64(146))",638,4
247,1355.5,1337.5,2.0,24728.752698625824,612.2566528320312,"(np.int64(1337), np.int64(1355), np.int64(1339), np.int64(1357))",27,63
247,411.14285714285717,1502.7142857142858,7.0,86550.63444519039,736.0030517578125,"(np.int64(1500), np.int64(411), np.int64(1506), np.int64(413))",452,62
247,1833.0,1890.0,1.0,12364.376349312912,612.2566528320312,"(np.int64(1890), np.int64(1833), np.int64(1891), np.int64(1834))",466,73
248,77.54545454545455,210.0909090909091,11.0,136008.13984244203,768.6973876953125,"(np.int64(209), np.int64(75), np.int64(212), np.int64(81))",395,76
248,1845.0,379.0,1.0,12364.376349312912,612.2586669921875,"(np.int64(379), np.int64(1845), np.int64(380), np.int64(1846))",379,52
248,88.7,388.5,6.0,74186.25809587746,672.7074584960938,"(np.int64(387), np.int64(86), np.int64(392), np.int64(94))",623,53
248,108.16666666666667,397.3333333333333,18.0,222558.7742876324,1479.10546875,"(np.int64(395), np.int64(106), np.int64(401), np.int64(111))",623,53
248,1401.6666666666667,442.0,3.0,37093.12904793874,642.13134765625,"(np.int64(441), np.int64(1401), np.int64(444), np.int64(1403))",224,39
248,1877.0,486.0,1.0,12364.376349312912,612.2586669921875,"(np.int64(486), np.int64(1877), np.int64(487), np.int64(1878))",639,15
248,1044.5,1015.5,2.0,24728.752698625824,672.7074584960938,"(np.int64(1015), np.int64(1044), np.int64(1017), np.int64(1046))",642,5
248,1558.0,1045.0,1.0,12364.376349312912,612.2586669921875,"(np.int64(1045), np.int64(1558), np.int64(1046), np.int64(1559))",583,42
248,1531.5,1237.5,2.0,24728.752698625824,736.0111694335938,"(np.int64(1237), np.int64(1531), np.int64(1239), np.int64(1533))",455,111
248,1299.0,1305.0,1.0,12364.376349312912,612.2586669921875,"(np.int64(1305), np.int64(1299), np.int64(1306), np.int64(1300))",141,77
248,1274.625,1308.125,8.0,98915.0107945033,703.9869384765625,"(np.int64(1308), np.int64(1272), np.int64(1310), np.int64(1279))",141,77
248,1354.5,1336.0,2.0,24728.752698625824,612.2586669921875,"(np.int64(1336), np.int64(1354), np.int64(1337), np.int64(1356))",27,63
248,411.0,1500.7272727272727,11.0,136008.13984244203,1344.7196044921875,"(np.int64(1499), np.int64(410), np.int64(1504), np.int64(413))",452,62
248,1836.0,1891.0,1.0,12364.376349312912,612.2586669921875,"(np.int64(1891), np.int64(1836), np.int64(1892), np.int64(1837))",466,73
248,1845.8333333333333,1894.3333333333333,6.0,74186.25809587748,642.13134765625,"(np.int64(1893), np.int64(1845), np.int64(1897), np.int64(1848))",466,73
249,72.61363636363637,213.27272727272725,24.0,296745.0323835099,1216.70458984375,"(np.int64(209), np.int64(69), np.int64(217), np.int64(81))",395,76
249,84.0,387.0,1.0,12364.376349312912,612.279052734375,"(np.int64(387), np.int64(84), np.int64(388), np.int64(85))",623,53
249,106.38095238095238,397.8095238095238,21.0,259651.90333557114,2848.015625,"(np.int64(396), np.int64(104), np.int64(401), np.int64(110))",623,53
249,1398.8333333333333,442.25,12.0,148372.51619175496,704.0018310546875,"(np.int64(440), np.int64(1397), np.int64(446), np.int64(1401))",224,39
249,1407.0,449.75,3.0,37093.12904793874,672.6875,"(np.int64(449), np.int64(1406), np.int64(451), np.int64(1409))",224,39
249,1856.0,532.0,1.0,12364.376349312912,612.279052734375,"(np.int64(532), np.int64(1856), np.int64(533), np.int64(1857))",115,70
249,1041.0,1015.0,1.0,12364.376349312912,642.1131591796875,"(np.int64(1015), np.int64(1041), np.int64(1016), np.int64(1042))",642,5
249,1539.5,1098.0,2.0,24728.752698625824,672.6875,"(np.int64(1098), np.int64(1539), np.int64(1099), np.int64(1541))",241,21
249,1528.6333333333332,1234.3999999999999,15.0,185465.6452396937,836.2626953125,"(np.int64(1230), np.int64(1527), np.int64(1241), np.int64(1531))",455,111
249,1545.0,1244.0,1.0,12364.376349312912,612.279052734375,"(np.int64(1244), np.int64(1545), np.int64(1245), np.int64(1546))",455,111
249,1275.8636363636363,1308.590909090909,22.0,272016.27968488407,704.0018310546875,"(np.int64(1308), np.int64(1269), np.int64(1310), np.int64(1283))",141,77
249,1351.0,1335.0,1.0,12364.376349312912,642.1131591796875,"(np.int64(1335), np.int64(1351), np.int64(1336), np.int64(1352))",27,63
249,409.1666666666667,1500.6666666666667,6.0,74186.25809587748,735.99951171875,"(np.int64(1499), np.int64(409), np.int64(1504), np.int64(411))",452,62
249,1062.0,1687.3333333333333,3.0,37093.12904793874,642.1131591796875,"(np.int64(1687), np.int64(1061), np.int64(1689), np.int64(1064))",644,88
249,873.0,1752.0,1.0,12364.376349312912,612.279052734375,"(np.int64(1752), np.int64(873), np.int64(1753), np.int64(874))",89,127
249,1832.725,1890.7416666666668,13.0,160736.89254106785,704.0018310546875,"(np.int64(1888), np.int64(1826), np.int64(1898), np.int64(1844))",466,73
250,75.3725,213.235,33.0,408024.4195273261,1095.109375,"(np.int64(209), np.int64(70), np.int64(218), np.int64(85))",395,76
250,1842.0,375.0,1.0,12364.376349312912,612.2811279296875,"(np.int64(375), np.int64(1842), np.int64(376), np.int64(1843))",379,52
250,109.5,398.2692307692308,26.0,321473.7850821357,2660.25341796875,"(np.int64(397), np.int64(106), np.int64(401), np.int64(116))",623,53
250,1401.111111111111,442.8333333333333,18.0,222558.7742876324,871.0897827148438,"(np.int64(441), np.int64(1399), np.int64(446), np.int64(1404))",224,39
250,1409.5,450.5,4.0,49457.50539725165,672.697021484375,"(np.int64(450), np.int64(1408), np.int64(452), np.int64(1412))",224,39
250,1877.5,489.0,2.0,24728.752698625824,642.126220703125,"(np.int64(489), np.int64(1877), np.int64(490), np.int64(1879))",639,15
250,1854.6190476190477,534.952380952381,17.0,210194.3979383195,672.697021484375,"(np.int64(531), np.int64(1851), np.int64(538), np.int64(1864))",115,70
250,1042.4,1016.4,10.0,123643.76349312911,768.7183837890625,"(np.int64(1015), np.int64(1041), np.int64(1019), np.int64(1045))",642,5
250,1549.0,1057.0,1.0,12364.376349312912,612.2811279296875,"(np.int64(1057), np.int64(1549), np.int64(1058), np.int64(1550))",583,42
250,1529.725,1234.525,27.0,333838.16143144865,1344.7105712890625,"(np.int64(1230), np.int64(1528), np.int64(1241), np.int64(1532))",455,111
250,1544.0,1246.0,1.0,12364.376349312912,642.126220703125,"(np.int64(1246), np.int64(1544), np.int64(1247), np.int64(1545))",455,111
250,1357.5,1279.75,4.0,49457.50539725165,612.2811279296875,"(np.int64(1279), np.int64(1356), np.int64(1282), np.int64(1360))",380,139
250,1255.0,1297.5,2.0,24728.752698625824,672.697021484375,"(np.int64(1297), np.int64(1255), np.int64(1299), np.int64(1256))",141,77
250,1285.857142857143,1310.1904761904761,23.0,284380.65603419696,736.0158081054688,"(np.int64(1308), np.int64(1275), np.int64(1314), np.int64(1290))",141,77
250,1349.5,1335.5,2.0,24728.752698625824,612.2811279296875,"(np.int64(1335), np.int64(1348), np.int64(1337), np.int64(1352))",27,63
250,879.375,1749.125,8.0,98915.0107945033,642.126220703125,"(np.int64(1748), np.int64(878), np.int64(1751), np.int64(883))",89,127
250,1844.8333333333333,1895.1666666666667,6.0,74186.25809587748,768.7183837890625,"(np.int64(1894), np.int64(1844), np.int64(1897), np.int64(1847))",466,73
251,54.5,177.0,4.0,49457.50539725165,979.9379272460938,"(np.int64(177), np.int64(53), np.int64(178), np.int64(57))",230,129
251,1455.0,186.0,1.0,12364.376349312912,612.2813720703125,"(np.int64(186), np.int64(1455), np.int64(187), np.int64(1456))",647,7
251,79.7,213.83333333333334,60.0,741862.5809587747,1572.24560546875,"(np.int64(209), np.int64(72), np.int64(221), np.int64(88))",395,76
251,1848.5,377.5,2.0,24728.752698625824,612.2813720703125,"(np.int64(374), np.int64(1847), np.int64(382), np.int64(1851))",379,52
251,112.33333333333333,398.9259259259259,27.0,333838.1614314486,2912.015625,"(np.int64(397), np.int64(108), np.int64(402), np.int64(119))",623,53
251,1405.0,444.0,14.0,173101.26889038077,704.014404296875,"(np.int64(443), np.int64(1403), np.int64(447), np.int64(1409))",224,39
251,1412.0,452.0,3.0,37093.12904793874,672.6937255859375,"(np.int64(452), np.int64(1411), np.int64(453), np.int64(1414))",224,39
251,1858.7916666666667,533.875,24.0,296745.0323835099,736.00390625,"(np.int64(532), np.int64(1855), np.int64(537), np.int64(1865))",115,70
251,1044.2,1016.4,5.0,61821.881746564555,672.6937255859375,"(np.int64(1016), np.int64(1043), np.int64(1018), np.int64(1046))",642,5
251,1532.3461538461538,1235.2692307692307,26.0,321473.7850821357,1175.44189453125,"(np.int64(1231), np.int64(1530), np.int64(1241), np.int64(1535))",455,111
251,1363.8333333333333,1280.1666666666667,6.0,74186.25809587748,642.1531982421875,"(np.int64(1278), np.int64(1361), np.int64(1283), np.int64(1368))",380,139
251,1258.0,1297.5,2.0,24728.752698625824,642.1531982421875,"(np.int64(1297), np.int64(1258), np.int64(1299), np.int64(1259))",141,77
251,1293.1764705882354,1308.6470588235295,34.0,420388.795876639,672.6937255859375,"(np.int64(1306), np.int64(1285), np.int64(1311), np.int64(1300))",141,77
251,1278.0,1309.0,2.0,24728.752698625824,642.1531982421875,"(np.int64(1309), np.int64(1277), np.int64(1310), np.int64(1280))",141,77
251,1576.0,1317.5,2.0,24728.752698625824,642.1531982421875,"(np.int64(1317), np.int64(1576), np.int64(1319), np.int64(1577))",648,4
251,1355.0,1334.0,1.0,12364.376349312912,612.2813720703125,"(np.int64(1334), np.int64(1355), np.int64(1335), np.int64(1356))",27,63
251,1673.0,1387.0,2.0,24728.752698625824,672.6937255859375,"(np.int64(1386), np.int64(1673), np.int64(1389), np.int64(1674))",637,6
251,412.4,1499.6,5.0,61821.881746564555,672.6937255859375,"(np.int64(1498), np.int64(412), np.int64(1502), np.int64(414))",452,62
251,879.5,1750.0,4.0,49457.50539725165,642.1531982421875,"(np.int64(1750), np.int64(878), np.int64(1751), np.int64(883))",89,127
252,1223.0,50.0,1.0,12364.376349312912,612.2814331054688,"(np.int64(50), np.int64(1223), np.int64(51), np.int64(1224))",649,2
252,53.9,177.6,10.0,123643.76349312911,1095.1138916015625,"(np.int64(177), np.int64(51), np.int64(179), np.int64(57))",230,129
252,1455.5,187.0,4.0,49457.50539725165,672.7129516601562,"(np.int64(187), np.int64(1454), np.int64(188), np.int64(1458))",647,7
252,79.1470588235294,214.2058823529412,68.0,840777.591753278,1717.315185546875,"(np.int64(209), np.int64(71), np.int64(221), np.int64(88))",395,76
252,61.25,226.0,4.0,49457.50539725165,836.25439453125,"(np.int64(225), np.int64(60), np.int64(228), np.int64(63))",395,76
252,111.5909090909091,399.59090909090907,22.0,272016.27968488407,2722.11669921875,"(np.int64(398), np.int64(108), np.int64(402), np.int64(117))",623,53
252,1406.0,444.6666666666667,3.0,37093.12904793874,642.120849609375,"(np.int64(444), np.int64(1405), np.int64(446), np.int64(1408))",224,39
252,1879.0,490.0,1.0,12364.376349312912,612.2814331054688,"(np.int64(490), np.int64(1879), np.int64(491), np.int64(1880))",639,15
252,1858.3095238095239,533.6904761904761,42.0,519303.8066711423,1056.021484375,"(np.int64(531), np.int64(1853), np.int64(538), np.int64(1866))",115,70
252,1360.0,986.0,1.0,12364.376349312912,642.120849609375,"(np.int64(986), np.int64(1360), np.int64(987), np.int64(1361))",640,5
252,1044.5555555555557,1017.6666666666666,9.0,111279.3871438162,768.695068359375,"(np.int64(1017), np.int64(1043), np.int64(1020), np.int64(1047))",642,5
252,1531.6333333333332,1236.35,17.0,210194.39793831948,1479.1307373046875,"(np.int64(1232), np.int64(1529), np.int64(1240), np.int64(1535))",455,111
252,1361.98,1281.9,50.0,618218.8174656456,672.7129516601562,"(np.int64(1278), np.int64(1355), np.int64(1286), np.int64(1370))",380,139
252,1258.0,1298.0,1.0,12364.376349312912,612.2814331054688,"(np.int64(1298), np.int64(1258), np.int64(1299), np.int64(1259))",141,77
252,1302.1739130434783,1306.4347826086957,23.0,284380.65603419696,672.7129516601562,"(np.int64(1305), np.int64(1297), np.int64(1310), np.int64(1309))",141,77
252,1286.3684210526317,1308.421052631579,19.0,234923.15063694533,735.9779052734375,"(np.int64(1308), np.int64(1282), np.int64(1310), np.int64(1293))",141,77
252,1354.25,1332.25,6.0,74186.25809587748,735.9779052734375,"(np.int64(1329), np.int64(1353), np.int64(1337), np.int64(1358))",27,63
252,1673.0,1387.0,1.0,12364.376349312912,612.2814331054688,"(np.int64(1387), np.int64(1673), np.int64(1388), np.int64(1674))",637,6
252,186.64285714285714,1492.0,8.0,98915.0107945033,802.1205444335938,"(np.int64(1491), np.int64(184), np.int64(1494), np.int64(189))",53,106
252,412.7,1501.7,10.0,123643.76349312911,1344.720458984375,"(np.int64(1500), np.int64(412), np.int64(1505), np.int64(415))",452,62
252,1021.0,1838.0,1.0,12364.376349312912,612.2814331054688,"(np.int64(1838), np.int64(1021), np.int64(1839), np.int64(1022))",652,7
253,53.27272727272727,177.0,11.0,136008.13984244203,1017.6107177734375,"(np.int64(176), np.int64(51), np.int64(179), np.int64(57))",230,129
253,1455.5,186.0,2.0,24728.752698625824,612.2780151367188,"(np.int64(186), np.int64(1455), np.int64(187), np.int64(1457))",647,7
253,79.24615384615385,212.6769230769231,65.0,803684.4627053393,1301.3209228515625,"(np.int64(208), np.int64(71), np.int64(220), np.int64(88))",395,76
253,59.8,225.8,5.0,61821.881746564555,1258.6805419921875,"(np.int64(225), np.int64(58), np.int64(227), np.int64(62))",395,76
253,1848.0,377.0,1.0,12364.376349312912,612.2780151367188,"(np.int64(377), np.int64(1848), np.int64(378), np.int64(1849))",379,52
253,111.27272727272727,398.8181818181818,11.0,136008.13984244203,1134.9283447265625,"(np.int64(398), np.int64(109), np.int64(401), np.int64(114))",623,53
253,1844.0,531.5,2.0,24728.752698625824,735.9849243164062,"(np.int64(531), np.int64(1844), np.int64(533), np.int64(1845))",115,70
253,1857.3333333333333,533.2857142857143,42.0,519303.8066711423,1095.097412109375,"(np.int64(531), np.int64(1851), np.int64(539), np.int64(1865))",115,70
253,1360.0,985.0,1.0,12364.376349312912,642.139892578125,"(np.int64(985), np.int64(1360), np.int64(986), np.int64(1361))",640,5
253,941.4,1102.2,5.0,61821.881746564555,768.7015380859375,"(np.int64(1102), np.int64(940), np.int64(1104), np.int64(944))",400,89
253,1530.6666666666667,1233.3333333333333,18.0,222558.7742876324,1301.3209228515625,"(np.int64(1231), np.int64(1528), np.int64(1236), np.int64(1535))",455,111
253,1360.554054054054,1281.2972972972973,74.0,914963.8498491555,735.9849243164062,"(np.int64(1277), np.int64(1352), np.int64(1286), np.int64(1369))",380,139
253,1317.0,1300.0,1.0,12364.376349312912,612.2780151367188,"(np.int64(1300), np.int64(1317), np.int64(1301), np.int64(1318))",141,77
253,1303.7888888888888,1306.488888888889,46.0,568761.312068394,703.9933471679688,"(np.int64(1301), np.int64(1300), np.int64(1310), np.int64(1316))",141,77
253,1287.5,1307.0,12.0,148372.51619175496,735.9849243164062,"(np.int64(1306), np.int64(1285), np.int64(1309), np.int64(1291))",141,77
253,1277.5,1309.0,2.0,24728.752698625824,612.2780151367188,"(np.int64(1309), np.int64(1277), np.int64(1310), np.int64(1279))",141,77
253,1354.0,1328.0,3.0,37093.12904793874,612.2780151367188,"(np.int64(1328), np.int64(1353), np.int64(1329), np.int64(1356))",27,63
253,185.0,1490.0,1.0,12364.376349312912,612.2780151367188,"(np.int64(1490), np.int64(185), np.int64(1491), np.int64(186))",53,106
253,412.8571428571429,1502.2857142857142,8.0,98915.0107945033,1175.4842529296875,"(np.int64(1498), np.int64(412), np.int64(1506), np.int64(415))",452,62
253,1019.0,1837.0,1.0,12364.376349312912,642.139892578125,"(np.int64(1837), np.int64(1019), np.int64(1838), np.int64(1020))",652,7
254,51.5,178.0,2.0,24728.752698625824,642.1316528320312,"(np.int64(178), np.int64(51), np.int64(179), np.int64(53))",230,129
254,78.11267605633803,213.2394366197183,71.0,877870.7208012168,1175.4674072265625,"(np.int64(209), np.int64(69), np.int64(220), np.int64(87))",395,76
254,1878.5,490.0,6.0,74186.25809587748,672.7169189453125,"(np.int64(489), np.int64(1878), np.int64(492), np.int64(1880))",639,15
254,1857.0263157894738,534.0263157894736,38.0,469846.30127389065,736.0150756835938,"(np.int64(530), np.int64(1853), np.int64(538), np.int64(1862))",115,70
254,1357.3333333333333,987.0,3.0,37093.12904793874,642.1316528320312,"(np.int64(986), np.int64(1357), np.int64(989), np.int64(1359))",640,5
254,940.0,1102.6666666666667,6.0,74186.25809587748,672.7169189453125,"(np.int64(1102), np.int64(939), np.int64(1105), np.int64(942))",400,89
254,1528.92,1234.68,25.0,309109.4087328228,906.671875,"(np.int64(1232), np.int64(1527), np.int64(1238), np.int64(1533))",455,111
254,1359.1573033707866,1282.3033707865168,89.0,1100429.4950888492,768.7279663085938,"(np.int64(1278), np.int64(1352), np.int64(1287), np.int64(1369))",380,139
254,1348.0,1286.0,3.0,37093.12904793874,612.2556762695312,"(np.int64(1286), np.int64(1347), np.int64(1287), np.int64(1350))",380,139
254,1307.9809523809524,1304.731746031746,28.0,346202.5377807615,642.1316528320312,"(np.int64(1300), np.int64(1300), np.int64(1309), np.int64(1320))",141,77
254,1288.2857142857142,1306.4285714285713,7.0,86550.63444519039,642.1316528320312,"(np.int64(1306), np.int64(1287), np.int64(1308), np.int64(1291))",141,77
254,1371.0,1325.0,1.0,12364.376349312912,612.2556762695312,"(np.int64(1325), np.int64(1371), np.int64(1326), np.int64(1372))",632,14
254,411.6,1500.2,5.0,61821.881746564555,768.7279663085938,"(np.int64(1499), np.int64(411), np.int64(1502), np.int64(413))",452,62
255,51.5,177.0,2.0,24728.752698625824,703.979248046875,"(np.int64(177), np.int64(51), np.int64(178), np.int64(53))",230,129
255,1454.2,187.2,10.0,123643.76349312911,768.6875,"(np.int64(186), np.int64(1452), np.int64(189), np.int64(1457))",647,7
255,76.7159090909091,211.5568181818182,88.0,1088065.1187395363,1479.083251953125,"(np.int64(206), np.int64(68), np.int64(221), np.int64(87))",395,76
255,1412.7777777777778,448.94444444444446,18.0,222558.7742876324,802.1572265625,"(np.int64(447), np.int64(1409), np.int64(451), np.int64(1417))",224,39
255,1859.576923076923,531.4615384615385,40.0,494575.05397251644,1095.08740234375,"(np.int64(528), np.int64(1855), np.int64(542), np.int64(1863))",115,70
255,1841.75,717.75,5.0,61821.881746564555,672.74072265625,"(np.int64(716), np.int64(1841), np.int64(720), np.int64(1843))",659,4
255,1357.3333333333333,985.0,3.0,37093.12904793874,642.1298828125,"(np.int64(984), np.int64(1357), np.int64(987), np.int64(1359))",640,5
255,938.7272727272727,1101.4545454545455,11.0,136008.13984244203,871.118896484375,"(np.int64(1101), np.int64(936), np.int64(1103), np.int64(942))",400,89
255,1529.375,1234.0625,32.0,395660.0431780132,1868.7969970703125,"(np.int64(1231), np.int64(1526), np.int64(1239), np.int64(1533))",455,111
255,1356.6030534351146,1281.7862595419847,131.0,1619733.3017599913,836.2545166015625,"(np.int64(1276), np.int64(1347), np.int64(1289), np.int64(1367))",380,139
255,1306.8061224489795,1303.5204081632653,14.0,173101.2688903808,642.1298828125,"(np.int64(1297), np.int64(1296), np.int64(1307), np.int64(1319))",141,77
255,1368.7,1323.1,6.0,74186.25809587746,642.1298828125,"(np.int64(1320), np.int64(1367), np.int64(1326), np.int64(1371))",632,14
255,1345.0,1325.0,1.0,12364.376349312912,612.2860107421875,"(np.int64(1325), np.int64(1345), np.int64(1326), np.int64(1346))",27,63
255,1466.0,1768.0,1.0,12364.376349312912,612.2860107421875,"(np.int64(1768), np.int64(1466), np.int64(1769), np.int64(1467))",194,10
256,1455.7142857142858,186.57142857142858,7.0,86550.63444519039,735.9993896484375,"(np.int64(186), np.int64(1454), np.int64(188), np.int64(1458))",647,7
256,77.42156862745098,210.19607843137254,102.0,1261166.387629917,1433.6226806640625,"(np.int64(204), np.int64(69), np.int64(222), np.int64(88))",395,76
256,111.33333333333333,397.3333333333333,3.0,37093.12904793874,906.68408203125,"(np.int64(397), np.int64(111), np.int64(399), np.int64(113))",623,53
256,1409.4583333333333,444.77777777777777,15.0,185465.6452396937,836.3009033203125,"(np.int64(441), np.int64(1405), np.int64(450), np.int64(1417))",224,39
256,1862.0151515151513,529.3409090909091,46.0,568761.3120683939,1301.308349609375,"(np.int64(524), np.int64(1855), np.int64(543), np.int64(1867))",115,70
256,1843.0,716.7142857142857,7.0,86550.63444519039,906.68408203125,"(np.int64(715), np.int64(1842), np.int64(720), np.int64(1845))",659,4
256,940.0,1100.75,8.0,98915.0107945033,979.909423828125,"(np.int64(1100), np.int64(937), np.int64(1102), np.int64(943))",400,89
256,1531.1818181818182,1234.3939393939395,33.0,408024.41952732607,2247.105224609375,"(np.int64(1231), np.int64(1528), np.int64(1241), np.int64(1535))",455,111
256,1356.1544117647059,1281.1544117647059,137.0,1693919.5598558688,802.119140625,"(np.int64(1275), np.int64(1346), np.int64(1288), np.int64(1368))",380,139
256,1315.0,1304.0,1.0,12364.376349312912,612.28662109375,"(np.int64(1304), np.int64(1315), np.int64(1305), np.int64(1316))",141,77
256,1295.6060606060605,1305.8484848484848,33.0,408024.41952732607,703.986572265625,"(np.int64(1305), np.int64(1289), np.int64(1308), np.int64(1303))",141,77
256,1281.0,1308.0,3.0,37093.12904793874,642.1302490234375,"(np.int64(1308), np.int64(1280), np.int64(1309), np.int64(1283))",141,77
256,1369.3333333333333,1320.6666666666667,6.0,74186.25809587748,672.7218017578125,"(np.int64(1319), np.int64(1368), np.int64(1323), np.int64(1372))",632,14
256,157.0,1334.0,1.0,12364.376349312912,612.28662109375,"(np.int64(1334), np.int64(157), np.int64(1335), np.int64(158))",638,4
256,1349.0,1334.0,1.0,12364.376349312912,612.28662109375,"(np.int64(1334), np.int64(1349), np.int64(1335), np.int64(1350))",27,63
256,1971.75,1638.25,4.0,49457.50539725165,836.3009033203125,"(np.int64(1638), np.int64(1971), np.int64(1640), np.int64(1974))",360,74
257,77.52542372881356,210.44915254237287,118.0,1458996.4092189237,1572.2568359375,"(np.int64(204), np.int64(68), np.int64(222), np.int64(88))",395,76
257,59.0,227.0,3.0,37093.12904793874,836.25244140625,"(np.int64(227), np.int64(58), np.int64(228), np.int64(61))",395,76
257,112.0,398.0,1.0,12364.376349312912,704.0262451171875,"(np.int64(398), np.int64(112), np.int64(399), np.int64(113))",623,53
257,1407.3333333333335,445.4333333333334,10.0,123643.76349312912,704.0262451171875,"(np.int64(442), np.int64(1403), np.int64(451), np.int64(1414))",224,39
257,1881.0,488.0,2.0,24728.752698625824,672.705078125,"(np.int64(486), np.int64(1880), np.int64(491), np.int64(1883))",639,15
257,1867.0,525.0,1.0,12364.376349312912,612.294189453125,"(np.int64(525), np.int64(1867), np.int64(526), np.int64(1868))",115,70
257,1858.123076923077,536.3538461538461,65.0,803684.4627053393,1301.3582763671875,"(np.int64(528), np.int64(1854), np.int64(548), np.int64(1866))",115,70
257,1843.0,718.0,3.0,37093.12904793874,704.0262451171875,"(np.int64(717), np.int64(1843), np.int64(720), np.int64(1844))",659,4
257,939.0714285714286,1101.4285714285713,14.0,173101.26889038077,942.9425048828125,"(np.int64(1101), np.int64(936), np.int64(1103), np.int64(944))",400,89
257,1534.5192307692307,1237.4423076923076,27.0,333838.1614314486,2135.4580078125,"(np.int64(1233), np.int64(1529), np.int64(1241), np.int64(1539))",455,111
257,1357.8093220338983,1284.6822033898306,119.0,1471360.7855682366,768.734375,"(np.int64(1277), np.int64(1345), np.int64(1289), np.int64(1365))",380,139
257,1366.3333333333333,1277.3333333333333,3.0,37093.12904793874,612.294189453125,"(np.int64(1277), np.int64(1366), np.int64(1279), np.int64(1368))",380,139
257,1265.0,1300.0,1.0,12364.376349312912,612.294189453125,"(np.int64(1300), np.int64(1265), np.int64(1301), np.int64(1266))",141,77
257,1302.5,1306.4666666666667,16.0,197830.0215890066,642.127685546875,"(np.int64(1306), np.int64(1295), np.int64(1309), np.int64(1307))",141,77
257,1372.0,1323.0,1.0,12364.376349312912,642.127685546875,"(np.int64(1323), np.int64(1372), np.int64(1324), np.int64(1373))",632,14
257,1353.4285714285713,1329.7142857142858,7.0,86550.63444519039,612.294189453125,"(np.int64(1329), np.int64(1351), np.int64(1331), np.int64(1356))",27,63
257,1972.3333333333333,1637.7222222222222,18.0,222558.7742876324,1017.5677490234375,"(np.int64(1635), np.int64(1969), np.int64(1640), np.int64(1976))",360,74
258,77.5327868852459,209.08196721311475,122.0,1508453.9146161752,1572.261962890625,"(np.int64(201), np.int64(68), np.int64(221), np.int64(88))",395,76
258,58.0,228.0,1.0,12364.376349312912,612.2821044921875,"(np.int64(228), np.int64(58), np.int64(229), np.int64(59))",395,76
258,82.0,243.0,1.0,12364.376349312912,612.2821044921875,"(np.int64(243), np.int64(82), np.int64(244), np.int64(83))",664,2
258,1411.3333333333333,446.8333333333333,6.0,74186.25809587748,672.706298828125,"(np.int64(444), np.int64(1409), np.int64(451), np.int64(1415))",224,39
258,1866.0,527.0,1.0,12364.376349312912,612.2821044921875,"(np.int64(527), np.int64(1866), np.int64(528), np.int64(1867))",115,70
258,1858.3552631578948,536.75,76.0,939692.6025477813,1344.72314453125,"(np.int64(528), np.int64(1854), np.int64(548), np.int64(1866))",115,70
258,939.5384615384615,1101.3076923076924,13.0,160736.89254106785,871.077392578125,"(np.int64(1101), np.int64(936), np.int64(1103), np.int64(945))",400,89
258,1545.0,1222.0,1.0,12364.376349312912,703.962890625,"(np.int64(1222), np.int64(1545), np.int64(1223), np.int64(1546))",455,111
258,1534.590909090909,1237.068181818182,23.0,284380.65603419696,2080.72314453125,"(np.int64(1234), np.int64(1529), np.int64(1240), np.int64(1539))",455,111
258,1267.0,1275.5,2.0,24728.752698625824,612.2821044921875,"(np.int64(1275), np.int64(1267), np.int64(1277), np.int64(1268))",141,77
258,1356.112359550562,1284.2303370786517,92.0,1137522.6241367878,735.9931640625,"(np.int64(1277), np.int64(1346), np.int64(1288), np.int64(1362))",380,139
258,1364.5,1277.5,2.0,24728.752698625824,612.2821044921875,"(np.int64(1277), np.int64(1364), np.int64(1279), np.int64(1366))",380,139
258,1299.25,1307.5,3.0,37093.12904793874,612.2821044921875,"(np.int64(1307), np.int64(1298), np.int64(1309), np.int64(1302))",141,77
258,1371.0,1321.0,2.0,24728.752698625824,612.2821044921875,"(np.int64(1319), np.int64(1371), np.int64(1324), np.int64(1372))",632,14
258,1574.0,1320.0,1.0,12364.376349312912,612.2821044921875,"(np.int64(1320), np.int64(1574), np.int64(1321), np.int64(1575))",648,4
258,1353.8461538461538,1328.2307692307693,13.0,160736.89254106785,703.962890625,"(np.int64(1327), np.int64(1351), np.int64(1330), np.int64(1357))",27,63
258,185.0,1501.0,1.0,12364.376349312912,642.1461181640625,"(np.int64(1501), np.int64(185), np.int64(1502), np.int64(186))",53,106
258,1972.2608695652175,1637.5652173913043,23.0,284380.65603419696,1344.72314453125,"(np.int64(1636), np.int64(1969), np.int64(1640), np.int64(1976))",360,74
258,1016.4,1835.6,5.0,61821.881746564555,735.9931640625,"(np.int64(1835), np.int64(1015), np.int64(1837), np.int64(1019))",652,7
259,77.15384615384616,208.5,104.0,1285895.1403285428,1134.9046630859375,"(np.int64(198), np.int64(69), np.int64(220), np.int64(87))",395,76
259,69.0,221.0,1.0,12364.376349312912,642.1376953125,"(np.int64(221), np.int64(69), np.int64(222), np.int64(70))",395,76
259,82.0,244.0,1.0,12364.376349312912,642.1376953125,"(np.int64(244), np.int64(82), np.int64(245), np.int64(83))",664,2
259,1850.0,374.0,1.0,12364.376349312912,612.248779296875,"(np.int64(374), np.int64(1850), np.int64(375), np.int64(1851))",379,52
259,1409.0,446.6666666666667,9.0,111279.3871438162,735.9775390625,"(np.int64(445), np.int64(1408), np.int64(449), np.int64(1411))",224,39
259,1859.59,537.2,100.0,1236437.6349312912,1344.7403564453125,"(np.int64(528), np.int64(1855), np.int64(549), np.int64(1868))",115,70
259,1541.3333333333333,1087.3333333333333,3.0,37093.12904793874,768.6895751953125,"(np.int64(1087), np.int64(1541), np.int64(1089), np.int64(1543))",241,21
259,940.4444444444445,1102.4444444444443,9.0,111279.3871438162,802.1380615234375,"(np.int64(1102), np.int64(937), np.int64(1104), np.int64(945))",400,89
259,341.0,1216.0,3.0,37093.12904793874,672.70166015625,"(np.int64(1216), np.int64(340), np.int64(1217), np.int64(343))",572,2
259,1534.6136363636365,1238.159090909091,23.0,284380.65603419696,2190.956787109375,"(np.int64(1235), np.int64(1529), np.int64(1241), np.int64(1539))",455,111
259,1361.0,1276.0,1.0,12364.376349312912,612.248779296875,"(np.int64(1276), np.int64(1361), np.int64(1277), np.int64(1362))",380,139
259,1349.0220588235293,1284.9264705882351,70.0,865506.3444519038,704.0020751953125,"(np.int64(1278), np.int64(1345), np.int64(1288), np.int64(1363))",380,139
259,1300.0,1307.0,1.0,12364.376349312912,612.248779296875,"(np.int64(1307), np.int64(1300), np.int64(1308), np.int64(1301))",141,77
259,1574.5,1319.5,2.0,24728.752698625824,672.70166015625,"(np.int64(1319), np.int64(1574), np.int64(1321), np.int64(1576))",648,4
259,1369.0,1322.0,1.0,12364.376349312912,612.248779296875,"(np.int64(1322), np.int64(1369), np.int64(1323), np.int64(1370))",632,14
259,1353.5,1329.4166666666667,12.0,148372.51619175496,672.70166015625,"(np.int64(1329), np.int64(1350), np.int64(1331), np.int64(1358))",27,63
259,184.5,1502.0,6.0,74186.25809587748,871.121826171875,"(np.int64(1501), np.int64(183), np.int64(1504), np.int64(187))",53,106
259,1972.1363636363637,1638.6363636363637,22.0,272016.27968488407,979.9368896484375,"(np.int64(1637), np.int64(1969), np.int64(1641), np.int64(1976))",360,74
259,1017.0,1837.0,1.0,12364.376349312912,672.70166015625,"(np.int64(1837), np.int64(1017), np.int64(1838), np.int64(1018))",652,7
260,75.22857142857143,210.67142857142858,70.0,865506.3444519038,1134.919677734375,"(np.int64(199), np.int64(68), np.int64(223), np.int64(84))",395,76
260,85.0,208.0,1.0,12364.376349312912,612.2791748046875,"(np.int64(208), np.int64(85), np.int64(209), np.int64(86))",395,76
260,1848.0,377.0,1.0,12364.376349312912,612.2791748046875,"(np.int64(377), np.int64(1848), np.int64(378), np.int64(1849))",379,52
260,1409.5,446.0,10.0,123643.76349312911,735.9947509765625,"(np.int64(445), np.int64(1408), np.int64(448), np.int64(1412))",224,39
260,1855.9669117647059,534.5588235294117,137.0,1693919.559855869,1817.624267578125,"(np.int64(529), np.int64(1852), np.int64(549), np.int64(1869))",115,70
260,1842.0,717.0,1.0,12364.376349312912,612.2791748046875,"(np.int64(717), np.int64(1842), np.int64(718), np.int64(1843))",659,4
260,1540.3333333333333,1086.6666666666667,3.0,37093.12904793874,735.9947509765625,"(np.int64(1086), np.int64(1540), np.int64(1088), np.int64(1542))",241,21
260,940.1,1102.3,10.0,123643.76349312911,768.71337890625,"(np.int64(1101), np.int64(937), np.int64(1104), np.int64(944))",400,89
260,1766.8333333333333,1215.6666666666667,6.0,74186.25809587748,612.2791748046875,"(np.int64(1215), np.int64(1765), np.int64(1217), np.int64(1769))",667,10
260,1534.875,1238.4166666666665,25.0,309109.4087328228,2304.01708984375,"(np.int64(1235), np.int64(1530), np.int64(1242), np.int64(1539))",455,111
260,1355.8851282051282,1281.0348717948718,39.0,482210.6776232036,703.98193359375,"(np.int64(1277), np.int64(1347), np.int64(1286), np.int64(1364))",380,139
260,1353.0,1329.0,3.0,37093.12904793874,672.725341796875,"(np.int64(1329), np.int64(1352), np.int64(1330), np.int64(1355))",27,63
260,1668.8333333333335,1395.8333333333335,4.0,49457.50539725165,642.1241455078125,"(np.int64(1392), np.int64(1665), np.int64(1400), np.int64(1674))",637,6
260,307.0,1478.0,1.0,12364.376349312912,612.2791748046875,"(np.int64(1478), np.int64(307), np.int64(1479), np.int64(308))",668,5
260,184.85714285714286,1500.7142857142858,7.0,86550.63444519039,871.1038818359375,"(np.int64(1499), np.int64(183), np.int64(1503), np.int64(188))",53,106
260,310.5,1529.3333333333333,4.0,49457.50539725165,642.1241455078125,"(np.int64(1526), np.int64(307), np.int64(1534), np.int64(314))",35,105
260,1972.5714285714287,1638.5714285714287,21.0,259651.90333557114,871.1038818359375,"(np.int64(1637), np.int64(1969), np.int64(1641), np.int64(1977))",360,74
260,1107.0,1645.0,1.0,12364.376349312912,642.1241455078125,"(np.int64(1645), np.int64(1107), np.int64(1646), np.int64(1108))",669,3
260,1017.0,1837.0,1.0,12364.376349312912,612.2791748046875,"(np.int64(1837), np.int64(1017), np.int64(1838), np.int64(1018))",652,7
261,78.18021680216803,209.6178861788618,52.0,642947.5701642714,979.8931884765625,"(np.int64(207), np.int64(68), np.int64(222), np.int64(86))",395,76
261,93.5,394.0,2.0,24728.752698625824,642.143310546875,"(np.int64(394), np.int64(93), np.int64(395), np.int64(95))",623,53
261,1409.0,446.0,1.0,12364.376349312912,612.2584228515625,"(np.int64(446), np.int64(1409), np.int64(447), np.int64(1410))",224,39
261,1889.0,492.0,1.0,12364.376349312912,612.2584228515625,"(np.int64(492), np.int64(1889), np.int64(493), np.int64(1890))",639,15
261,1857.7830687830688,536.0529100529101,189.0,2336867.13002014,1817.6009521484375,"(np.int64(529), np.int64(1846), np.int64(549), np.int64(1869))",115,70
261,1547.0,1051.0,1.0,12364.376349312912,612.2584228515625,"(np.int64(1051), np.int64(1547), np.int64(1052), np.int64(1548))",583,42
261,1540.7142857142858,1087.142857142857,7.0,86550.63444519039,672.7055053710938,"(np.int64(1086), np.int64(1539), np.int64(1089), np.int64(1543))",241,21
261,939.875,1102.375,8.0,98915.0107945033,768.7095947265625,"(np.int64(1102), np.int64(937), np.int64(1104), np.int64(944))",400,89
261,1771.3240740740741,1216.4166666666667,14.0,173101.26889038077,672.7055053710938,"(np.int64(1215), np.int64(1767), np.int64(1219), np.int64(1776))",667,10
261,1530.888888888889,1237.888888888889,18.0,222558.7742876324,2660.26123046875,"(np.int64(1236), np.int64(1529), np.int64(1241), np.int64(1534))",455,111
261,1546.0,1251.0,1.0,12364.376349312912,612.2584228515625,"(np.int64(1251), np.int64(1546), np.int64(1252), np.int64(1547))",455,111
261,1359.5,1277.0,2.0,24728.752698625824,612.2584228515625,"(np.int64(1277), np.int64(1359), np.int64(1278), np.int64(1361))",380,139
261,1351.388888888889,1283.888888888889,18.0,222558.7742876324,672.7055053710938,"(np.int64(1282), np.int64(1349), np.int64(1287), np.int64(1355))",380,139
261,1370.0,1321.0,1.0,12364.376349312912,612.2584228515625,"(np.int64(1321), np.int64(1370), np.int64(1322), np.int64(1371))",632,14
261,1332.1818181818182,1331.909090909091,11.0,136008.13984244203,836.2680053710938,"(np.int64(1331), np.int64(1329), np.int64(1334), np.int64(1336))",27,63
261,1673.3333333333333,1392.1666666666667,6.0,74186.25809587748,672.7055053710938,"(np.int64(1391), np.int64(1673), np.int64(1395), np.int64(1675))",637,6
261,1665.0,1400.0,1.0,12364.376349312912,612.2584228515625,"(np.int64(1400), np.int64(1665), np.int64(1401), np.int64(1666))",637,6
261,1733.0,1456.0,1.0,12364.376349312912,612.2584228515625,"(np.int64(1456), np.int64(1733), np.int64(1457), np.int64(1734))",670,6
261,456.0,1478.0,1.0,12364.376349312912,612.2584228515625,"(np.int64(1478), np.int64(456), np.int64(1479), np.int64(457))",671,5
261,305.0,1480.0,1.0,12364.376349312912,612.2584228515625,"(np.int64(1480), np.int64(305), np.int64(1481), np.int64(306))",668,5
261,309.72222222222223,1529.9444444444443,12.0,148372.51619175496,735.9885864257812,"(np.int64(1525), np.int64(306), np.int64(1535), np.int64(313))",35,105
261,1972.5714285714287,1639.642857142857,14.0,173101.26889038077,1017.609130859375,"(np.int64(1638), np.int64(1971), np.int64(1642), np.int64(1976))",360,74
261,1106.2222222222222,1644.5555555555557,9.0,111279.3871438162,672.7055053710938,"(np.int64(1642), np.int64(1103), np.int64(1648), np.int64(1109))",669,3
262,1455.0,188.0,1.0,12364.376349312912,612.281982421875,"(np.int64(188), np.int64(1455), np.int64(189), np.int64(1456))",647,7
262,72.23529411764706,215.3235294117647,34.0,420388.795876639,906.6376953125,"(np.int64(211), np.int64(70), np.int64(221), np.int64(76))",395,76
262,1851.5,373.5,2.0,24728.752698625824,642.172119140625,"(np.int64(373), np.int64(1851), np.int64(375), np.int64(1853))",379,52
262,92.28571428571428,389.92857142857144,15.0,185465.6452396937,1095.065673828125,"(np.int64(385), np.int64(88), np.int64(393), np.int64(96))",623,53
262,1411.6875,447.3125,9.0,111279.3871438162,802.123779296875,"(np.int64(447), np.int64(1409), np.int64(449), np.int64(1417))",224,39
262,1891.5,488.0,2.0,24728.752698625824,612.281982421875,"(np.int64(488), np.int64(1891), np.int64(489), np.int64(1893))",639,15
262,1857.425,534.415,200.0,2472875.2698625824,2080.72802734375,"(np.int64(527), np.int64(1845), np.int64(548), np.int64(1867))",115,70
262,1802.0,980.0,1.0,12364.376349312912,1301.3671875,"(np.int64(980), np.int64(1802), np.int64(981), np.int64(1803))",180,2
262,1543.5,1043.0,2.0,24728.752698625824,612.281982421875,"(np.int64(1043), np.int64(1543), np.int64(1044), np.int64(1545))",583,42
262,1592.3333333333333,1094.3333333333333,5.0,61821.88174656456,672.66796875,"(np.int64(1092), np.int64(1591), np.int64(1099), np.int64(1596))",310,13
262,940.4285714285714,1101.4285714285713,7.0,86550.63444519039,836.2548828125,"(np.int64(1101), np.int64(938), np.int64(1103), np.int64(944))",400,89
262,1777.2857142857142,1213.9285714285716,15.0,185465.6452396937,672.66796875,"(np.int64(1212), np.int64(1769), np.int64(1216), np.int64(1783))",667,10
262,1531.4,1236.9333333333334,15.0,185465.64523969367,2538.6708984375,"(np.int64(1235), np.int64(1530), np.int64(1240), np.int64(1534))",455,111
262,1547.0,1248.5,2.0,24728.752698625824,612.281982421875,"(np.int64(1248), np.int64(1547), np.int64(1250), np.int64(1548))",455,111
262,1270.0,1275.0,1.0,12364.376349312912,612.281982421875,"(np.int64(1275), np.int64(1270), np.int64(1276), np.int64(1271))",141,77
262,1355.7129629629628,1282.4629629629628,15.0,185465.64523969367,642.172119140625,"(np.int64(1281), np.int64(1350), np.int64(1285), np.int64(1361))",380,139
262,1334.625,1331.0625,16.0,197830.0215890066,836.2548828125,"(np.int64(1329), np.int64(1331), np.int64(1334), np.int64(1340))",27,63
262,1674.0,1388.0,1.0,12364.376349312912,642.172119140625,"(np.int64(1388), np.int64(1674), np.int64(1389), np.int64(1675))",637,6
262,307.5,1477.1666666666665,4.0,49457.50539725165,642.172119140625,"(np.int64(1476), np.int64(305), np.int64(1480), np.int64(310))",668,5
262,457.0,1476.0,1.0,12364.376349312912,642.172119140625,"(np.int64(1476), np.int64(457), np.int64(1477), np.int64(458))",671,5
262,311.5,1528.0,4.0,49457.50539725165,612.281982421875,"(np.int64(1525), np.int64(311), np.int64(1532), np.int64(313))",35,105
262,1973.3333333333333,1639.0,9.0,111279.3871438162,871.0927734375,"(np.int64(1638), np.int64(1972), np.int64(1641), np.int64(1976))",360,74
262,1108.75,1641.125,8.0,98915.0107945033,642.172119140625,"(np.int64(1640), np.int64(1107), np.int64(1643), np.int64(1111))",669,3
263,1453.0,188.0,1.0,12364.376349312912,642.1195068359375,"(np.int64(188), np.int64(1453), np.int64(189), np.int64(1454))",647,7
263,73.01612903225806,211.9516129032258,32.0,395660.0431780132,768.722412109375,"(np.int64(209), np.int64(68), np.int64(220), np.int64(76))",395,76
263,88.63636363636364,389.22727272727275,22.0,272016.27968488407,1572.26708984375,"(np.int64(386), np.int64(86), np.int64(393), np.int64(92))",623,53
263,113.5,396.0,2.0,24728.752698625824,612.242919921875,"(np.int64(396), np.int64(113), np.int64(397), np.int64(115))",623,53
263,1412.6,448.06666666666666,15.0,185465.64523969367,871.1258544921875,"(np.int64(447), np.int64(1410), np.int64(450), np.int64(1416))",224,39
263,1401.0,450.0,1.0,12364.376349312912,612.242919921875,"(np.int64(450), np.int64(1401), np.int64(451), np.int64(1402))",224,39
263,1887.25,490.0,4.0,49457.50539725165,642.1195068359375,"(np.int64(489), np.int64(1887), np.int64(492), np.int64(1889))",639,15
263,1858.0,534.3315789473684,190.0,2349231.5063694534,1767.138916015625,"(np.int64(524), np.int64(1849), np.int64(547), np.int64(1867))",115,70
263,1845.1764705882354,531.2941176470588,17.0,210194.3979383195,768.722412109375,"(np.int64(528), np.int64(1844), np.int64(535), np.int64(1848))",115,70
263,1543.6666666666667,1047.0,3.0,37093.12904793874,612.242919921875,"(np.int64(1046), np.int64(1543), np.int64(1049), np.int64(1545))",583,42
263,1561.0,1051.0,1.0,12364.376349312912,642.1195068359375,"(np.int64(1051), np.int64(1561), np.int64(1052), np.int64(1562))",583,42
263,1593.5,1097.7,10.0,123643.76349312911,768.722412109375,"(np.int64(1095), np.int64(1591), np.int64(1101), np.int64(1597))",310,13
263,938.75,1102.0,5.0,61821.881746564555,704.0015869140625,"(np.int64(1101), np.int64(936), np.int64(1104), np.int64(944))",400,89
263,1772.8333333333333,1215.0833333333333,12.0,148372.51619175496,642.1195068359375,"(np.int64(1214), np.int64(1770), np.int64(1217), np.int64(1776))",667,10
263,1530.25,1237.8333333333333,12.0,148372.51619175496,1920.708740234375,"(np.int64(1236), np.int64(1529), np.int64(1241), np.int64(1533))",455,111
263,1537.6666666666667,1248.3333333333333,3.0,37093.12904793874,704.0015869140625,"(np.int64(1248), np.int64(1537), np.int64(1250), np.int64(1539))",455,111
263,1353.6888888888889,1280.7777777777778,21.0,259651.90333557114,672.705810546875,"(np.int64(1276), np.int64(1349), np.int64(1285), np.int64(1362))",380,139
263,1333.1764705882354,1331.5882352941176,17.0,210194.3979383195,802.147216796875,"(np.int64(1329), np.int64(1330), np.int64(1335), np.int64(1337))",27,63
263,1735.75,1454.25,4.0,49457.50539725165,672.705810546875,"(np.int64(1454), np.int64(1735), np.int64(1456), np.int64(1738))",670,6
263,306.3333333333333,1477.3333333333333,3.0,37093.12904793874,642.1195068359375,"(np.int64(1477), np.int64(306), np.int64(1479), np.int64(308))",668,5
263,456.5,1477.5,4.0,49457.50539725165,836.28173828125,"(np.int64(1477), np.int64(456), np.int64(1479), np.int64(458))",671,5
263,1063.0,1674.0,1.0,12364.376349312912,612.242919921875,"(np.int64(1674), np.int64(1063), np.int64(1675), np.int64(1064))",644,88
263,871.0,1742.0,1.0,12364.376349312912,612.242919921875,"(np.int64(1742), np.int64(871), np.int64(1743), np.int64(872))",89,127
264,70.15,214.25,7.0,86550.63444519037,612.30810546875,"(np.int64(211), np.int64(68), np.int64(219), np.int64(73))",395,76
264,87.0,386.1111111111111,27.0,333838.1614314486,942.926025390625,"(np.int64(381), np.int64(85), np.int64(392), np.int64(90))",623,53
264,107.0,400.0,1.0,12364.376349312912,735.992431640625,"(np.int64(400), np.int64(107), np.int64(401), np.int64(108))",623,53
264,1411.6,448.0,20.0,247287.52698625822,1017.6123046875,"(np.int64(447), np.int64(1409), np.int64(451), np.int64(1416))",224,39
264,1887.0,489.75,4.0,49457.50539725165,642.087646484375,"(np.int64(489), np.int64(1886), np.int64(491), np.int64(1889))",639,15
264,1855.2183406113538,533.5633187772926,229.0,2831442.183992657,1817.564453125,"(np.int64(525), np.int64(1843), np.int64(546), np.int64(1865))",115,70
264,1543.5,1044.5,2.0,24728.752698625824,672.72314453125,"(np.int64(1043), np.int64(1542), np.int64(1047), np.int64(1546))",583,42
264,1559.0,1047.0,1.0,12364.376349312912,612.30810546875,"(np.int64(1047), np.int64(1559), np.int64(1048), np.int64(1560))",583,42
264,1591.888888888889,1096.111111111111,9.0,111279.3871438162,735.992431640625,"(np.int64(1094), np.int64(1590), np.int64(1099), np.int64(1595))",310,13
264,940.0,1100.8,5.0,61821.881746564555,768.72119140625,"(np.int64(1100), np.int64(938), np.int64(1102), np.int64(943))",400,89
264,1771.711111111111,1214.9555555555555,9.0,111279.3871438162,612.30810546875,"(np.int64(1213), np.int64(1767), np.int64(1218), np.int64(1776))",667,10
264,1529.3636363636363,1237.909090909091,11.0,136008.13984244203,1619.954833984375,"(np.int64(1236), np.int64(1528), np.int64(1241), np.int64(1532))",455,111
264,1539.75,1248.25,3.0,37093.12904793874,642.087646484375,"(np.int64(1248), np.int64(1536), np.int64(1250), np.int64(1544))",455,111
264,1361.0,1277.0,1.0,12364.376349312912,612.30810546875,"(np.int64(1277), np.int64(1361), np.int64(1278), np.int64(1362))",380,139
264,1349.8947368421054,1282.8947368421054,20.0,247287.52698625825,672.72314453125,"(np.int64(1280), np.int64(1348), np.int64(1285), np.int64(1358))",380,139
264,1365.0,1320.0,1.0,12364.376349312912,612.30810546875,"(np.int64(1320), np.int64(1365), np.int64(1321), np.int64(1366))",632,14
264,1733.5,1454.0,6.0,74186.25809587748,802.115966796875,"(np.int64(1454), np.int64(1731), np.int64(1455), np.int64(1737))",670,6
264,456.0,1477.5,2.0,24728.752698625824,768.72119140625,"(np.int64(1477), np.int64(456), np.int64(1479), np.int64(457))",671,5
264,870.5,1741.0,2.0,24728.752698625824,612.30810546875,"(np.int64(1741), np.int64(870), np.int64(1742), np.int64(872))",89,127
264,1803.0,1812.0,1.0,12364.376349312912,612.30810546875,"(np.int64(1812), np.int64(1803), np.int64(1813), np.int64(1804))",528,63
265,50.0,172.5,4.0,49457.50539725165,735.9658203125,"(np.int64(172), np.int64(49), np.int64(174), np.int64(52))",230,129
265,87.56666666666666,386.33333333333337,16.0,197830.0215890066,836.239990234375,"(np.int64(384), np.int64(86), np.int64(392), np.int64(90))",623,53
265,107.5,401.0,2.0,24728.752698625824,642.142822265625,"(np.int64(401), np.int64(107), np.int64(402), np.int64(109))",623,53
265,1402.6666666666667,439.0,3.0,37093.12904793874,612.264404296875,"(np.int64(438), np.int64(1402), np.int64(441), np.int64(1404))",224,39
265,1411.1538461538462,448.46153846153845,26.0,321473.7850821357,1344.74072265625,"(np.int64(447), np.int64(1408), np.int64(452), np.int64(1416))",224,39
265,1885.0,491.0,3.0,37093.12904793874,612.264404296875,"(np.int64(490), np.int64(1885), np.int64(493), np.int64(1886))",639,15
265,1853.780701754386,533.8421052631579,228.0,2819077.8076433437,1619.8720703125,"(np.int64(527), np.int64(1842), np.int64(547), np.int64(1863))",115,70
265,1543.1666666666667,1047.5,4.0,49457.50539725165,612.264404296875,"(np.int64(1046), np.int64(1542), np.int64(1051), np.int64(1546))",583,42
265,1562.0,1050.0,1.0,12364.376349312912,612.264404296875,"(np.int64(1050), np.int64(1562), np.int64(1051), np.int64(1563))",583,42
265,1532.0,1083.0,1.0,12364.376349312912,672.700439453125,"(np.int64(1083), np.int64(1532), np.int64(1084), np.int64(1533))",241,21
265,1591.0,1096.0,3.0,37093.12904793874,672.700439453125,"(np.int64(1095), np.int64(1590), np.int64(1098), np.int64(1593))",310,13
265,935.0,1104.0,2.0,24728.752698625824,612.264404296875,"(np.int64(1101), np.int64(931), np.int64(1108), np.int64(940))",400,89
265,1770.7777777777776,1214.888888888889,7.0,86550.63444519039,642.142822265625,"(np.int64(1214), np.int64(1767), np.int64(1217), np.int64(1776))",667,10
265,1529.0,1239.0,11.0,136008.13984244203,1216.738525390625,"(np.int64(1237), np.int64(1528), np.int64(1242), np.int64(1531))",455,111
265,1195.6666666666667,1248.3333333333333,3.0,37093.12904793874,704.05029296875,"(np.int64(1248), np.int64(1195), np.int64(1250), np.int64(1197))",681,2
265,1541.0,1248.5,2.0,24728.752698625824,612.264404296875,"(np.int64(1248), np.int64(1541), np.int64(1250), np.int64(1542))",455,111
265,1350.0588235294117,1281.8823529411766,17.0,210194.3979383195,642.142822265625,"(np.int64(1280), np.int64(1348), np.int64(1286), np.int64(1354))",380,139
265,303.0,1349.0,1.0,12364.376349312912,612.264404296875,"(np.int64(1349), np.int64(303), np.int64(1350), np.int64(304))",302,15
265,1733.5,1454.0,2.0,24728.752698625824,612.264404296875,"(np.int64(1454), np.int64(1732), np.int64(1455), np.int64(1736))",670,6
265,456.3333333333333,1478.6666666666667,3.0,37093.12904793874,704.05029296875,"(np.int64(1478), np.int64(456), np.int64(1480), np.int64(458))",671,5
265,307.0,1525.0,1.0,12364.376349312912,612.264404296875,"(np.int64(1525), np.int64(307), np.int64(1526), np.int64(308))",35,105
265,528.5,1720.0,12.0,148372.51619175496,768.673828125,"(np.int64(1717), np.int64(528), np.int64(1724), np.int64(530))",682,5
265,869.0,1741.0,1.0,12364.376349312912,612.264404296875,"(np.int64(1741), np.int64(869), np.int64(1742), np.int64(870))",89,127
265,1799.0833333333335,1813.8333333333335,7.0,86550.63444519039,642.142822265625,"(np.int64(1813), np.int64(1795), np.int64(1816), np.int64(1802))",528,63
265,1759.0,1836.0,1.0,12364.376349312912,612.264404296875,"(np.int64(1836), np.int64(1759), np.int64(1837), np.int64(1760))",528,63
265,2047.0,1992.0,1.0,12364.376349312912,612.264404296875,"(np.int64(1992), np.int64(2047), np.int64(1993), np.int64(2048))",414,31
266,51.5,174.0,6.0,74186.25809587748,906.666015625,"(np.int64(173), np.int64(51), np.int64(176), np.int64(53))",230,129
266,1852.0,374.0,1.0,12364.376349312912,612.3076171875,"(np.int64(374), np.int64(1852), np.int64(375), np.int64(1853))",379,52
266,89.77777777777777,391.44444444444446,9.0,111279.3871438162,768.7119140625,"(np.int64(390), np.int64(88), np.int64(394), np.int64(93))",623,53
266,1404.5,441.5,6.0,74186.25809587748,703.99609375,"(np.int64(440), np.int64(1404), np.int64(444), np.int64(1406))",224,39
266,1413.7142857142858,450.1142857142857,35.0,432753.1722259519,1388.802978515625,"(np.int64(448), np.int64(1410), np.int64(454), np.int64(1419))",224,39
266,1413.0,466.0,1.0,12364.376349312912,612.3076171875,"(np.int64(466), np.int64(1413), np.int64(467), np.int64(1414))",224,39
266,1887.5,495.0,4.0,49457.50539725165,642.090087890625,"(np.int64(494), np.int64(1887), np.int64(497), np.int64(1889))",639,15
266,1865.0,526.0,1.0,12364.376349312912,612.3076171875,"(np.int64(526), np.int64(1865), np.int64(527), np.int64(1866))",115,70
266,1854.419642857143,534.9241071428571,224.0,2769620.3022460924,1572.2735595703125,"(np.int64(528), np.int64(1843), np.int64(548), np.int64(1864))",115,70
266,1545.75,1046.75,3.0,37093.12904793874,612.3076171875,"(np.int64(1045), np.int64(1544), np.int64(1050), np.int64(1548))",583,42
266,1535.0,1085.0,3.0,37093.12904793874,736.026123046875,"(np.int64(1085), np.int64(1534), np.int64(1086), np.int64(1537))",241,21
266,945.0,1101.0,1.0,12364.376349312912,672.71533203125,"(np.int64(1101), np.int64(945), np.int64(1102), np.int64(946))",400,89
266,934.1538461538462,1106.4615384615386,13.0,160736.89254106785,1619.944091796875,"(np.int64(1105), np.int64(933), np.int64(1109), np.int64(937))",400,89
266,1775.0,1216.0,5.0,61821.881746564555,612.3076171875,"(np.int64(1216), np.int64(1773), np.int64(1217), np.int64(1778))",667,10
266,1530.5555555555557,1240.2222222222222,9.0,111279.3871438162,1767.076416015625,"(np.int64(1239), np.int64(1529), np.int64(1243), np.int64(1533))",455,111
266,1197.7777777777778,1249.0,9.0,111279.3871438162,768.7119140625,"(np.int64(1247), np.int64(1197), np.int64(1252), np.int64(1200))",681,2
266,1543.0,1250.5,2.0,24728.752698625824,703.99609375,"(np.int64(1250), np.int64(1543), np.int64(1252), np.int64(1544))",455,111
266,1364.5238095238094,1277.4761904761906,9.0,111279.3871438162,612.3076171875,"(np.int64(1276), np.int64(1359), np.int64(1279), np.int64(1369))",380,139
266,1351.2857142857142,1282.4285714285713,7.0,86550.63444519039,642.090087890625,"(np.int64(1282), np.int64(1350), np.int64(1284), np.int64(1354))",380,139
266,1736.0,1456.0,1.0,12364.376349312912,612.3076171875,"(np.int64(1456), np.int64(1736), np.int64(1457), np.int64(1737))",670,6
266,530.3,1722.6,10.0,123643.76349312911,736.026123046875,"(np.int64(1719), np.int64(530), np.int64(1726), np.int64(532))",682,5
266,1554.0,1776.0,1.0,12364.376349312912,612.3076171875,"(np.int64(1776), np.int64(1554), np.int64(1777), np.int64(1555))",683,2
266,1798.4,1816.0,20.0,247287.52698625822,703.99609375,"(np.int64(1814), np.int64(1791), np.int64(1819), np.int64(1806))",528,63
266,1762.0,1834.0,2.0,24728.752698625824,612.3076171875,"(np.int64(1834), np.int64(1760), np.int64(1835), np.int64(1765))",528,63
267,50.75,175.0,4.0,49457.50539725165,802.1536865234375,"(np.int64(174), np.int64(50), np.int64(177), np.int64(52))",230,129
267,1851.0,377.0,1.0,12364.376349312912,612.2819213867188,"(np.int64(377), np.int64(1851), np.int64(378), np.int64(1852))",379,52
267,88.875,391.125,8.0,98915.0107945033,871.1163330078125,"(np.int64(390), np.int64(88), np.int64(393), np.int64(91))",623,53
267,107.91666666666666,398.83333333333337,5.0,61821.88174656456,735.9797973632812,"(np.int64(396), np.int64(106), np.int64(403), np.int64(111))",623,53
267,1414.638888888889,450.75,36.0,445117.5485752648,1344.732421875,"(np.int64(449), np.int64(1410), np.int64(454), np.int64(1420))",224,39
267,1412.3333333333333,467.3333333333333,3.0,37093.12904793874,642.1546630859375,"(np.int64(467), np.int64(1412), np.int64(469), np.int64(1414))",224,39
267,1887.0,495.0,1.0,12364.376349312912,642.1546630859375,"(np.int64(495), np.int64(1887), np.int64(496), np.int64(1888))",639,15
267,1853.5424528301887,535.2547169811321,212.0,2621247.7860543374,1619.9212646484375,"(np.int64(529), np.int64(1843), np.int64(547), np.int64(1863))",115,70
267,1547.25,1046.0,3.0,37093.12904793874,642.1546630859375,"(np.int64(1042), np.int64(1544), np.int64(1051), np.int64(1551))",583,42
267,1568.0,1057.0,1.0,12364.376349312912,642.1546630859375,"(np.int64(1057), np.int64(1568), np.int64(1058), np.int64(1569))",583,42
267,1535.5,1086.0,4.0,49457.50539725165,871.1163330078125,"(np.int64(1086), np.int64(1534), np.int64(1087), np.int64(1538))",241,21
267,934.2307692307693,1106.7692307692307,13.0,160736.89254106785,1717.338623046875,"(np.int64(1105), np.int64(933), np.int64(1110), np.int64(937))",400,89
267,1530.2,1241.0,10.0,123643.76349312911,1525.33984375,"(np.int64(1240), np.int64(1529), np.int64(1243), np.int64(1533))",455,111
267,1543.0,1249.5,4.0,49457.50539725165,672.689208984375,"(np.int64(1248), np.int64(1543), np.int64(1252), np.int64(1544))",455,111
267,1364.5,1279.5,2.0,24728.752698625824,612.2819213867188,"(np.int64(1278), np.int64(1364), np.int64(1282), np.int64(1366))",380,139
267,1350.0,1284.0,1.0,12364.376349312912,642.1546630859375,"(np.int64(1284), np.int64(1350), np.int64(1285), np.int64(1351))",380,139
267,1369.0,1322.0,3.0,37093.12904793874,672.689208984375,"(np.int64(1322), np.int64(1368), np.int64(1323), np.int64(1371))",632,14
267,1063.0,1673.0,1.0,12364.376349312912,642.1546630859375,"(np.int64(1673), np.int64(1063), np.int64(1674), np.int64(1064))",644,88
267,530.1111111111111,1724.0,9.0,111279.3871438162,906.6611938476562,"(np.int64(1721), np.int64(529), np.int64(1727), np.int64(532))",682,5
267,1553.5,1776.0,4.0,49457.50539725165,735.9797973632812,"(np.int64(1775), np.int64(1553), np.int64(1778), np.int64(1555))",683,2
267,1804.0,1814.5,8.0,98915.0107945033,642.1546630859375,"(np.int64(1814), np.int64(1801), np.int64(1816), np.int64(1808))",528,63
267,1792.2142857142858,1819.0,14.0,173101.26889038077,703.97998046875,"(np.int64(1818), np.int64(1788), np.int64(1821), np.int64(1797))",528,63
267,1763.5,1836.25,6.0,74186.25809587748,612.2819213867188,"(np.int64(1835), np.int64(1761), np.int64(1839), np.int64(1768))",528,63
267,1886.0,1952.0,1.0,12364.376349312912,612.2819213867188,"(np.int64(1952), np.int64(1886), np.int64(1953), np.int64(1887))",685,2
268,52.0,174.0,1.0,12364.376349312912,642.1370849609375,"(np.int64(174), np.int64(52), np.int64(175), np.int64(53))",230,129
268,1852.0,376.0,1.0,12364.376349312912,612.251708984375,"(np.int64(376), np.int64(1852), np.int64(377), np.int64(1853))",379,52
268,1416.909090909091,450.22727272727275,44.0,544032.5593697681,2247.09228515625,"(np.int64(447), np.int64(1412), np.int64(454), np.int64(1423))",224,39
268,1416.0,465.125,6.0,74186.25809587748,735.999755859375,"(np.int64(464), np.int64(1411), np.int64(468), np.int64(1421))",224,39
268,1865.0,526.0,1.0,12364.376349312912,612.251708984375,"(np.int64(526), np.int64(1865), np.int64(527), np.int64(1866))",115,70
268,1853.2216748768474,534.2068965517242,203.0,2509968.398910521,1388.77783203125,"(np.int64(528), np.int64(1843), np.int64(547), np.int64(1863))",115,70
268,1212.3333333333333,726.6666666666666,3.0,37093.12904793874,612.251708984375,"(np.int64(726), np.int64(1212), np.int64(728), np.int64(1214))",686,2
268,1545.375,1048.0,5.0,61821.881746564555,642.1370849609375,"(np.int64(1047), np.int64(1544), np.int64(1050), np.int64(1548))",583,42
268,1567.0,1055.0,1.0,12364.376349312912,612.251708984375,"(np.int64(1055), np.int64(1567), np.int64(1056), np.int64(1568))",583,42
268,1536.5,1085.5,4.0,49457.50539725165,942.9568481445312,"(np.int64(1085), np.int64(1536), np.int64(1087), np.int64(1538))",241,21
268,945.0,1100.0,1.0,12364.376349312912,612.251708984375,"(np.int64(1100), np.int64(945), np.int64(1101), np.int64(946))",400,89
268,934.9,1105.8,10.0,123643.76349312911,1216.732421875,"(np.int64(1105), np.int64(933), np.int64(1108), np.int64(938))",400,89
268,333.0,1236.0,1.0,12364.376349312912,612.251708984375,"(np.int64(1236), np.int64(333), np.int64(1237), np.int64(334))",51,3
268,1530.6666666666667,1240.4444444444443,9.0,111279.3871438162,1668.2900390625,"(np.int64(1239), np.int64(1529), np.int64(1243), np.int64(1533))",455,111
268,1543.75,1248.75,4.0,49457.50539725165,642.1370849609375,"(np.int64(1248), np.int64(1543), np.int64(1251), np.int64(1545))",455,111
268,1361.8333333333333,1277.0,6.0,74186.25809587748,612.251708984375,"(np.int64(1275), np.int64(1360), np.int64(1279), np.int64(1364))",380,139
268,1370.25,1320.625,8.0,98915.0107945033,642.1370849609375,"(np.int64(1320), np.int64(1368), np.int64(1322), np.int64(1374))",632,14
268,531.4444444444445,1723.7777777777778,9.0,111279.3871438162,906.6792602539062,"(np.int64(1722), np.int64(531), np.int64(1727), np.int64(533))",682,5
268,1809.0,1812.0,1.0,12364.376349312912,612.251708984375,"(np.int64(1812), np.int64(1809), np.int64(1813), np.int64(1810))",528,63
268,1791.5,1818.75,4.0,49457.50539725165,642.1370849609375,"(np.int64(1818), np.int64(1790), np.int64(1820), np.int64(1794))",528,63
268,1759.0,1831.0,1.0,12364.376349312912,612.251708984375,"(np.int64(1831), np.int64(1759), np.int64(1832), np.int64(1760))",528,63
268,1886.0,1951.5,4.0,49457.50539725165,642.1370849609375,"(np.int64(1951), np.int64(1885), np.int64(1953), np.int64(1888))",685,2
269,51.0,175.0,1.0,12364.376349312912,642.1361083984375,"(np.int64(175), np.int64(51), np.int64(176), np.int64(52))",230,129
269,760.0,201.0,1.0,12364.376349312912,612.2689208984375,"(np.int64(201), np.int64(760), np.int64(202), np.int64(761))",690,2
269,1848.0,374.0,1.0,12364.376349312912,612.2689208984375,"(np.int64(374), np.int64(1848), np.int64(375), np.int64(1849))",379,52
269,1401.0,435.5,2.0,24728.752698625824,642.1361083984375,"(np.int64(435), np.int64(1401), np.int64(437), np.int64(1402))",224,39
269,1416.8536585365853,450.2926829268293,41.0,506939.4303218294,2190.898681640625,"(np.int64(448), np.int64(1413), np.int64(454), np.int64(1422))",224,39
269,1411.0,467.0,1.0,12364.376349312912,612.2689208984375,"(np.int64(467), np.int64(1411), np.int64(468), np.int64(1412))",224,39
269,1853.264705882353,533.6715686274509,204.0,2522332.775259834,1388.8134765625,"(np.int64(527), np.int64(1842), np.int64(546), np.int64(1864))",115,70
269,1544.9166666666665,1046.5833333333335,5.0,61821.88174656456,642.1361083984375,"(np.int64(1046), np.int64(1543), np.int64(1048), np.int64(1548))",583,42
269,1537.0,1086.0,1.0,12364.376349312912,735.994140625,"(np.int64(1086), np.int64(1537), np.int64(1087), np.int64(1538))",241,21
269,944.0,1100.3333333333333,3.0,37093.12904793874,672.7010498046875,"(np.int64(1100), np.int64(943), np.int64(1102), np.int64(946))",400,89
269,1535.9777777777774,1245.688888888889,18.0,222558.77428763243,1388.8134765625,"(np.int64(1239), np.int64(1529), np.int64(1252), np.int64(1544))",455,111
269,1360.111111111111,1278.4444444444443,5.0,61821.881746564555,642.1361083984375,"(np.int64(1276), np.int64(1355), np.int64(1281), np.int64(1365))",380,139
269,1371.4444444444443,1320.2222222222222,9.0,111279.3871438162,704.0335693359375,"(np.int64(1319), np.int64(1369), np.int64(1322), np.int64(1374))",632,14
269,311.8333333333333,1522.5,6.0,74186.25809587748,768.7222900390625,"(np.int64(1521), np.int64(310), np.int64(1525), np.int64(314))",35,105
269,1065.5,1671.0,2.0,24728.752698625824,612.2689208984375,"(np.int64(1670), np.int64(1064), np.int64(1673), np.int64(1068))",644,88
269,530.3333333333334,1724.8333333333333,6.0,74186.25809587748,704.0335693359375,"(np.int64(1723), np.int64(530), np.int64(1727), np.int64(532))",682,5
269,1090.0,1776.5,2.0,24728.752698625824,642.1361083984375,"(np.int64(1775), np.int64(1087), np.int64(1779), np.int64(1094))",692,4
269,1810.0,1812.0,1.0,12364.376349312912,612.2689208984375,"(np.int64(1812), np.int64(1810), np.int64(1813), np.int64(1811))",528,63
269,1761.3333333333333,1833.0,3.0,37093.12904793874,642.1361083984375,"(np.int64(1831), np.int64(1758), np.int64(1837), np.int64(1765))",528,63
269,1015.0,1836.0,1.0,12364.376349312912,612.2689208984375,"(np.int64(1836), np.int64(1015), np.int64(1837), np.int64(1016))",652,7
270,52.0,174.0,1.0,12364.376349312912,672.712890625,"(np.int64(174), np.int64(52), np.int64(175), np.int64(53))",230,129
270,115.0,397.0,1.0,12364.376349312912,612.2676391601562,"(np.int64(397), np.int64(115), np.int64(398), np.int64(116))",623,53
270,1401.625,434.125,8.0,98915.0107945033,736.0167236328125,"(np.int64(432), np.int64(1401), np.int64(437), np.int64(1403))",224,39
270,1417.1612903225807,449.6774193548387,31.0,383295.6668287003,1817.6092529296875,"(np.int64(448), np.int64(1414), np.int64(453), np.int64(1422))",224,39
270,1411.0,467.0,1.0,12364.376349312912,612.2676391601562,"(np.int64(467), np.int64(1411), np.int64(468), np.int64(1412))",224,39
270,1854.134529147982,533.829596412556,223.0,2757255.925896779,1258.646240234375,"(np.int64(528), np.int64(1841), np.int64(546), np.int64(1864))",115,70
270,1545.625,1045.25,7.0,86550.63444519039,642.1381225585938,"(np.int64(1042), np.int64(1544), np.int64(1048), np.int64(1548))",583,42
270,1544.0,1086.0,1.0,12364.376349312912,642.1381225585938,"(np.int64(1086), np.int64(1544), np.int64(1087), np.int64(1545))",241,21
270,936.5,1103.5,4.0,49457.50539725165,1175.4564208984375,"(np.int64(1103), np.int64(936), np.int64(1105), np.int64(938))",400,89
270,1530.7142857142858,1241.0714285714287,14.0,173101.26889038077,1216.7198486328125,"(np.int64(1238), np.int64(1528), np.int64(1246), np.int64(1535))",455,111
270,1543.0,1249.1666666666667,6.0,74186.25809587748,736.0167236328125,"(np.int64(1248), np.int64(1542), np.int64(1252), np.int64(1545))",455,111
270,1360.0,1277.0,1.0,12364.376349312912,612.2676391601562,"(np.int64(1277), np.int64(1360), np.int64(1278), np.int64(1361))",380,139
270,1370.4,1319.6,5.0,61821.881746564555,703.991943359375,"(np.int64(1319), np.int64(1369), np.int64(1321), np.int64(1373))",632,14
270,311.64285714285717,1523.357142857143,14.0,173101.26889038077,768.704345703125,"(np.int64(1520), np.int64(310), np.int64(1528), np.int64(315))",35,105
270,1972.0,1647.0,3.0,37093.12904793874,672.712890625,"(np.int64(1646), np.int64(1972), np.int64(1649), np.int64(1973))",360,74
270,1065.0,1671.0,1.0,12364.376349312912,612.2676391601562,"(np.int64(1671), np.int64(1065), np.int64(1672), np.int64(1066))",644,88
270,1065.25,1687.5,3.0,37093.12904793874,612.2676391601562,"(np.int64(1687), np.int64(1064), np.int64(1689), np.int64(1068))",644,88
270,1806.0,1813.0,3.0,37093.12904793874,642.1381225585938,"(np.int64(1813), np.int64(1805), np.int64(1814), np.int64(1808))",528,63
270,1786.25,1819.5,3.0,37093.12904793874,612.2676391601562,"(np.int64(1818), np.int64(1783), np.int64(1822), np.int64(1791))",528,63
270,1769.6666666666667,1836.6666666666667,3.0,37093.12904793874,612.2676391601562,"(np.int64(1836), np.int64(1769), np.int64(1838), np.int64(1771))",528,63
270,1017.0,1839.0,1.0,12364.376349312912,612.2676391601562,"(np.int64(1839), np.int64(1017), np.int64(1840), np.int64(1018))",652,7
271,50.0,175.0,1.0,12364.376349312912,612.2565307617188,"(np.int64(175), np.int64(50), np.int64(176), np.int64(51))",230,129
271,68.5,216.0,2.0,24728.752698625824,736.0146484375,"(np.int64(216), np.int64(68), np.int64(217), np.int64(70))",395,76
271,1401.0,432.5,2.0,24728.752698625824,642.1182861328125,"(np.int64(432), np.int64(1401), np.int64(434), np.int64(1402))",224,39
271,1415.1724137931035,449.41379310344826,29.0,358566.91413007444,1301.331298828125,"(np.int64(447), np.int64(1412), np.int64(453), np.int64(1419))",224,39
271,1865.0,523.0,1.0,12364.376349312912,612.2565307617188,"(np.int64(523), np.int64(1865), np.int64(524), np.int64(1866))",115,70
271,1855.7777777777778,533.7708333333334,144.0,1780470.1943010592,1017.5852661132812,"(np.int64(525), np.int64(1846), np.int64(546), np.int64(1865))",115,70
271,1842.6363636363637,532.3181818181819,22.0,272016.27968488407,736.0146484375,"(np.int64(530), np.int64(1840), np.int64(537), np.int64(1845))",115,70
271,1547.25,1049.0,3.0,37093.12904793874,612.2565307617188,"(np.int64(1047), np.int64(1543), np.int64(1052), np.int64(1552))",583,42
271,935.0,1103.0,1.0,12364.376349312912,612.2565307617188,"(np.int64(1103), np.int64(935), np.int64(1104), np.int64(936))",400,89
271,1529.6666666666667,1241.3333333333333,12.0,148372.51619175496,1479.117431640625,"(np.int64(1240), np.int64(1528), np.int64(1244), np.int64(1532))",455,111
271,1367.0,1318.5,2.0,24728.752698625824,612.2565307617188,"(np.int64(1318), np.int64(1367), np.int64(1320), np.int64(1368))",632,14
271,413.0,1502.0,3.0,37093.12904793874,836.2789306640625,"(np.int64(1501), np.int64(413), np.int64(1504), np.int64(414))",452,62
271,309.9259259259259,1525.2962962962963,27.0,333838.1614314486,704.01708984375,"(np.int64(1521), np.int64(308), np.int64(1530), np.int64(313))",35,105
271,1970.857142857143,1647.142857142857,7.0,86550.63444519039,768.7241821289062,"(np.int64(1646), np.int64(1969), np.int64(1649), np.int64(1973))",360,74
271,1064.5,1687.0,2.0,24728.752698625824,642.1182861328125,"(np.int64(1687), np.int64(1064), np.int64(1688), np.int64(1066))",644,88
271,1046.0,1729.0,1.0,12364.376349312912,612.2565307617188,"(np.int64(1729), np.int64(1046), np.int64(1730), np.int64(1047))",82,64
271,1805.0,1813.0,1.0,12364.376349312912,612.2565307617188,"(np.int64(1813), np.int64(1805), np.int64(1814), np.int64(1806))",528,63
271,1788.0,1818.0,1.0,12364.376349312912,612.2565307617188,"(np.int64(1818), np.int64(1788), np.int64(1819), np.int64(1789))",528,63
271,1759.0,1829.0,1.0,12364.376349312912,612.2565307617188,"(np.int64(1829), np.int64(1759), np.int64(1830), np.int64(1760))",528,63
272,68.0,214.5,4.0,49457.50539725165,836.2706298828125,"(np.int64(213), np.int64(68), np.int64(217), np.int64(69))",395,76
272,1844.0,373.5,2.0,24728.752698625824,612.2646484375,"(np.int64(373), np.int64(1844), np.int64(375), np.int64(1845))",379,52
272,1414.608695652174,448.9130434782609,23.0,284380.65603419696,1095.130859375,"(np.int64(447), np.int64(1412), np.int64(452), np.int64(1418))",224,39
272,1856.5698924731182,532.0,93.0,1149887.0004861008,1175.4873046875,"(np.int64(526), np.int64(1851), np.int64(543), np.int64(1862))",115,70
272,1543.9444444444443,1050.6666666666665,10.0,123643.76349312911,612.2646484375,"(np.int64(1048), np.int64(1540), np.int64(1054), np.int64(1547))",583,42
272,1530.2631578947369,1241.3684210526317,19.0,234923.15063694533,2026.6705322265625,"(np.int64(1239), np.int64(1528), np.int64(1246), np.int64(1534))",455,111
272,310.3636363636364,1525.159090909091,13.0,160736.89254106785,672.7138671875,"(np.int64(1522), np.int64(310), np.int64(1533), np.int64(312))",35,105
272,1970.5,1647.5,4.0,49457.50539725165,836.2706298828125,"(np.int64(1647), np.int64(1970), np.int64(1649), np.int64(1972))",360,74
272,1102.0,1754.0,1.0,12364.376349312912,612.2646484375,"(np.int64(1754), np.int64(1102), np.int64(1755), np.int64(1103))",618,4
272,1800.6666666666667,1814.3333333333333,3.0,37093.12904793874,612.2646484375,"(np.int64(1811), np.int64(1794), np.int64(1820), np.int64(1808))",528,63
272,1764.0,1834.0,1.0,12364.376349312912,612.2646484375,"(np.int64(1834), np.int64(1764), np.int64(1835), np.int64(1765))",528,63
272,366.0,1843.0,1.0,12364.376349312912,642.1585693359375,"(np.int64(1843), np.int64(366), np.int64(1844), np.int64(367))",60,51
273,1842.625,373.125,8.0,98915.0107945033,642.1340942382812,"(np.int64(372), np.int64(1840), np.int64(375), np.int64(1846))",379,52
273,114.5,397.6666666666667,6.0,74186.25809587748,802.1345825195312,"(np.int64(397), np.int64(113), np.int64(399), np.int64(117))",623,53
273,1414.142857142857,449.8095238095238,21.0,259651.90333557114,1095.1292724609375,"(np.int64(447), np.int64(1412), np.int64(453), np.int64(1417))",224,39
273,1856.5204081632653,533.6530612244898,98.0,1211708.8822326653,1216.6949462890625,"(np.int64(527), np.int64(1851), np.int64(546), np.int64(1864))",115,70
273,1883.0,532.0,1.0,12364.376349312912,768.71630859375,"(np.int64(532), np.int64(1883), np.int64(533), np.int64(1884))",115,70
273,1542.4166666666667,1048.5555555555554,9.0,111279.3871438162,642.1340942382812,"(np.int64(1042), np.int64(1540), np.int64(1056), np.int64(1546))",583,42
273,1530.9705882352941,1245.1764705882351,18.0,222558.77428763243,1668.2568359375,"(np.int64(1240), np.int64(1527), np.int64(1249), np.int64(1534))",455,111
273,309.4,1525.2,5.0,61821.881746564555,642.1340942382812,"(np.int64(1524), np.int64(309), np.int64(1528), np.int64(311))",35,105
273,1969.2857142857142,1649.4285714285713,7.0,86550.63444519039,942.9365234375,"(np.int64(1649), np.int64(1968), np.int64(1651), np.int64(1972))",360,74
273,1088.0,1780.0,3.0,37093.12904793874,612.2613525390625,"(np.int64(1780), np.int64(1087), np.int64(1781), np.int64(1090))",692,4
273,1764.0,1832.0,1.0,12364.376349312912,612.2613525390625,"(np.int64(1832), np.int64(1764), np.int64(1833), np.int64(1765))",528,63
273,2034.0,1982.0,1.0,12364.376349312912,612.2613525390625,"(np.int64(1982), np.int64(2034), np.int64(1983), np.int64(2035))",414,31
274,70.5,218.0,2.0,24728.752698625824,642.1430053710938,"(np.int64(218), np.int64(70), np.int64(219), np.int64(72))",395,76
274,1843.0,374.2857142857143,7.0,86550.63444519039,672.7046508789062,"(np.int64(373), np.int64(1842), np.int64(376), np.int64(1845))",379,52
274,115.625,398.5,16.0,197830.0215890066,1668.2772216796875,"(np.int64(397), np.int64(112), np.int64(401), np.int64(120))",623,53
274,1416.7,450.9,20.0,247287.52698625822,979.925048828125,"(np.int64(449), np.int64(1414), np.int64(454), np.int64(1421))",224,39
274,1894.0,499.0,1.0,12364.376349312912,612.2749633789062,"(np.int64(499), np.int64(1894), np.int64(500), np.int64(1895))",639,15
274,1858.2644628099174,534.7272727272727,121.0,1496089.5382668623,1175.4761962890625,"(np.int64(527), np.int64(1852), np.int64(547), np.int64(1863))",115,70
274,1545.4285714285713,1048.1666666666667,10.0,123643.76349312911,642.1430053710938,"(np.int64(1046), np.int64(1542), np.int64(1052), np.int64(1551))",583,42
274,1532.0,1062.0,1.0,12364.376349312912,612.2749633789062,"(np.int64(1062), np.int64(1532), np.int64(1063), np.int64(1533))",701,2
274,1531.1666666666667,1244.0833333333333,24.0,296745.0323835099,1433.5811767578125,"(np.int64(1240), np.int64(1528), np.int64(1250), np.int64(1536))",455,111
274,1121.5,1621.5,2.0,24728.752698625824,612.2749633789062,"(np.int64(1621), np.int64(1121), np.int64(1623), np.int64(1123))",702,44
274,1971.2,1650.4,5.0,61821.881746564555,942.9476318359375,"(np.int64(1650), np.int64(1970), np.int64(1652), np.int64(1973))",360,74
274,1067.6666666666667,1687.3333333333333,3.0,37093.12904793874,642.1430053710938,"(np.int64(1687), np.int64(1067), np.int64(1689), np.int64(1069))",644,88
274,1100.0,1752.0,1.0,12364.376349312912,612.2749633789062,"(np.int64(1752), np.int64(1100), np.int64(1753), np.int64(1101))",618,4
274,1089.5,1781.0,2.0,24728.752698625824,612.2749633789062,"(np.int64(1781), np.int64(1089), np.int64(1782), np.int64(1091))",692,4
274,1777.0,1835.0,1.0,12364.376349312912,612.2749633789062,"(np.int64(1835), np.int64(1777), np.int64(1836), np.int64(1778))",528,63
274,366.0,1846.0,1.0,12364.376349312912,642.1430053710938,"(np.int64(1846), np.int64(366), np.int64(1847), np.int64(367))",60,51
274,2023.4444444444443,1987.4444444444443,9.0,111279.3871438162,704.0032348632812,"(np.int64(1985), np.int64(2022), np.int64(1990), np.int64(2026))",414,31
275,51.0,174.5,2.0,24728.752698625824,612.2589721679688,"(np.int64(174), np.int64(51), np.int64(176), np.int64(52))",230,129
275,70.0,217.5,2.0,24728.752698625824,704.0023193359375,"(np.int64(217), np.int64(70), np.int64(219), np.int64(71))",395,76
275,89.0,392.0,1.0,12364.376349312912,642.1329345703125,"(np.int64(392), np.int64(89), np.int64(393), np.int64(90))",623,53
275,118.5,397.8333333333333,18.0,222558.7742876324,1572.2520751953125,"(np.int64(397), np.int64(115), np.int64(400), np.int64(124))",623,53
275,1418.5,449.6111111111111,18.0,222558.7742876324,906.6690063476562,"(np.int64(448), np.int64(1416), np.int64(452), np.int64(1422))",224,39
275,1859.0735294117646,533.6397058823529,136.0,1681555.183506556,1017.59228515625,"(np.int64(525), np.int64(1851), np.int64(548), np.int64(1864))",115,70
275,1547.25,1046.75,4.0,49457.50539725165,612.2589721679688,"(np.int64(1042), np.int64(1543), np.int64(1053), np.int64(1551))",583,42
275,1771.0,1213.0,1.0,12364.376349312912,612.2589721679688,"(np.int64(1213), np.int64(1771), np.int64(1214), np.int64(1772))",667,10
275,1531.6363636363637,1243.3939393939395,33.0,408024.41952732607,1619.9205322265625,"(np.int64(1239), np.int64(1528), np.int64(1250), np.int64(1537))",455,111
275,1972.0,1650.0,1.0,12364.376349312912,672.6995849609375,"(np.int64(1650), np.int64(1972), np.int64(1651), np.int64(1973))",360,74
275,1069.3333333333333,1682.5,9.0,111279.3871438162,704.0023193359375,"(np.int64(1678), np.int64(1068), np.int64(1688), np.int64(1072))",644,88
275,1046.0,1729.0,1.0,12364.376349312912,612.2589721679688,"(np.int64(1729), np.int64(1046), np.int64(1730), np.int64(1047))",82,64
275,866.75,1746.0,3.0,37093.12904793874,642.1329345703125,"(np.int64(1745), np.int64(865), np.int64(1748), np.int64(870))",89,127
275,1090.5,1781.5,2.0,24728.752698625824,642.1329345703125,"(np.int64(1781), np.int64(1090), np.int64(1783), np.int64(1092))",692,4
275,1771.3333333333333,1836.6666666666667,3.0,37093.12904793874,612.2589721679688,"(np.int64(1836), np.int64(1771), np.int64(1838), np.int64(1773))",528,63
275,367.5,1845.0,2.0,24728.752698625824,735.9977416992188,"(np.int64(1845), np.int64(367), np.int64(1846), np.int64(369))",60,51
275,2024.1333333333334,1986.4666666666667,15.0,185465.64523969367,704.0023193359375,"(np.int64(1983), np.int64(2022), np.int64(1990), np.int64(2027))",414,31
276,50.25,174.0,4.0,49457.50539725165,703.9900512695312,"(np.int64(173), np.int64(49), np.int64(176), np.int64(52))",230,129
276,117.5,398.0,6.0,74186.25809587748,703.9900512695312,"(np.int64(398), np.int64(115), np.int64(399), np.int64(121))",623,53
276,1417.9,449.9,10.0,123643.76349312911,871.1019287109375,"(np.int64(449), np.int64(1416), np.int64(452), np.int64(1421))",224,39
276,1858.6416666666667,531.3416666666667,120.0,1483725.1619175493,906.6798095703125,"(np.int64(524), np.int64(1851), np.int64(543), np.int64(1864))",115,70
276,1545.277777777778,1048.5555555555554,12.0,148372.51619175496,612.2832641601562,"(np.int64(1043), np.int64(1543), np.int64(1055), np.int64(1552))",583,42
276,1531.888888888889,1243.8333333333333,18.0,222558.7742876324,1134.9423828125,"(np.int64(1241), np.int64(1529), np.int64(1249), np.int64(1536))",455,111
276,1544.0,1251.0,1.0,12364.376349312912,612.2832641601562,"(np.int64(1251), np.int64(1544), np.int64(1252), np.int64(1545))",455,111
276,1253.0,1300.0,1.0,12364.376349312912,612.2832641601562,"(np.int64(1300), np.int64(1253), np.int64(1301), np.int64(1254))",141,77
276,1067.4285714285713,1681.857142857143,7.0,86550.63444519039,672.7000122070312,"(np.int64(1680), np.int64(1067), np.int64(1685), np.int64(1069))",644,88
276,866.5,1744.5,4.0,49457.50539725165,703.9900512695312,"(np.int64(1743), np.int64(864), np.int64(1747), np.int64(869))",89,127
276,1771.5,1835.0,2.0,24728.752698625824,612.2832641601562,"(np.int64(1834), np.int64(1771), np.int64(1837), np.int64(1773))",528,63
276,1851.0,1854.0,1.0,12364.376349312912,612.2832641601562,"(np.int64(1854), np.int64(1851), np.int64(1855), np.int64(1852))",337,20
276,2025.4,1984.65,11.0,136008.13984244203,612.2832641601562,"(np.int64(1983), np.int64(2022), np.int64(1989), np.int64(2028))",414,31
277,50.0,173.83333333333334,6.0,74186.25809587748,703.9778442382812,"(np.int64(173), np.int64(49), np.int64(176), np.int64(52))",230,129
277,1847.0,372.5,2.0,24728.752698625824,612.2465209960938,"(np.int64(372), np.int64(1847), np.int64(374), np.int64(1848))",379,52
277,1414.0,448.0,1.0,12364.376349312912,642.1331787109375,"(np.int64(448), np.int64(1414), np.int64(449), np.int64(1415))",224,39
277,1858.8846153846155,530.2788461538462,104.0,1285895.1403285428,906.6744384765625,"(np.int64(524), np.int64(1851), np.int64(541), np.int64(1865))",115,70
277,1209.0,718.0,3.0,37093.12904793874,642.1331787109375,"(np.int64(717), np.int64(1209), np.int64(720), np.int64(1210))",686,2
277,1547.2820512820515,1048.7179487179487,15.0,185465.6452396937,642.1331787109375,"(np.int64(1041), np.int64(1546), np.int64(1055), np.int64(1549))",583,42
277,1532.375,1244.875,9.0,111279.3871438162,871.1162109375,"(np.int64(1241), np.int64(1529), np.int64(1248), np.int64(1535))",455,111
277,1544.0,1250.5,2.0,24728.752698625824,672.7102661132812,"(np.int64(1250), np.int64(1544), np.int64(1252), np.int64(1545))",455,111
277,417.5,1499.5,18.0,222558.7742876324,768.7322387695312,"(np.int64(1497), np.int64(415), np.int64(1503), np.int64(421))",452,62
277,1067.7777777777778,1681.6666666666667,9.0,111279.3871438162,672.7102661132812,"(np.int64(1678), np.int64(1067), np.int64(1686), np.int64(1070))",644,88
277,1046.0,1729.0,1.0,12364.376349312912,612.2465209960938,"(np.int64(1729), np.int64(1046), np.int64(1730), np.int64(1047))",82,64
277,1101.0,1749.0,1.0,12364.376349312912,612.2465209960938,"(np.int64(1749), np.int64(1101), np.int64(1750), np.int64(1102))",618,4
277,1813.0,1810.0,2.0,24728.752698625824,612.2465209960938,"(np.int64(1809), np.int64(1811), np.int64(1812), np.int64(1816))",528,63
277,1850.6666666666667,1851.6666666666667,3.0,37093.12904793874,612.2465209960938,"(np.int64(1851), np.int64(1850), np.int64(1853), np.int64(1852))",337,20
277,2024.0,1985.75,8.0,98915.0107945033,642.1331787109375,"(np.int64(1984), np.int64(2022), np.int64(1988), np.int64(2027))",414,31
278,48.714285714285715,173.0,7.0,86550.63444519039,703.99658203125,"(np.int64(172), np.int64(48), np.int64(175), np.int64(51))",230,129
278,1413.0,446.5,2.0,24728.752698625824,612.2646484375,"(np.int64(446), np.int64(1413), np.int64(448), np.int64(1414))",224,39
278,1858.0121951219512,529.2682926829268,82.0,1013878.8606436588,942.9495849609375,"(np.int64(524), np.int64(1850), np.int64(540), np.int64(1863))",115,70
278,1545.06,1047.3,10.0,123643.7634931291,672.7138671875,"(np.int64(1041), np.int64(1541), np.int64(1053), np.int64(1548))",583,42
278,1529.5454545454545,1242.6363636363637,11.0,136008.13984244203,1216.690673828125,"(np.int64(1241), np.int64(1527), np.int64(1245), np.int64(1533))",455,111
278,1542.0,1250.5,2.0,24728.752698625824,642.1585693359375,"(np.int64(1250), np.int64(1542), np.int64(1252), np.int64(1543))",455,111
278,1263.0,1288.0,1.0,12364.376349312912,612.2646484375,"(np.int64(1288), np.int64(1263), np.int64(1289), np.int64(1264))",141,77
278,415.0833333333333,1500.5833333333333,36.0,445117.5485752648,802.1439208984375,"(np.int64(1496), np.int64(413), np.int64(1507), np.int64(419))",452,62
278,1892.0,1539.0,1.0,12364.376349312912,672.7138671875,"(np.int64(1539), np.int64(1892), np.int64(1540), np.int64(1893))",710,10
278,475.0,1570.0,1.0,12364.376349312912,736.0069580078125,"(np.int64(1570), np.int64(475), np.int64(1571), np.int64(476))",711,2
278,1066.6,1680.9,10.0,123643.76349312911,703.99658203125,"(np.int64(1678), np.int64(1066), np.int64(1684), np.int64(1068))",644,88
278,1807.0,1811.0,1.0,12364.376349312912,612.2646484375,"(np.int64(1811), np.int64(1807), np.int64(1812), np.int64(1808))",528,63
278,1762.0,1826.0,1.0,12364.376349312912,612.2646484375,"(np.int64(1826), np.int64(1762), np.int64(1827), np.int64(1763))",528,63
278,1850.5,1849.0,2.0,24728.752698625824,612.2646484375,"(np.int64(1848), np.int64(1850), np.int64(1851), np.int64(1852))",337,20
278,1335.0,1979.0,1.0,12364.376349312912,612.2646484375,"(np.int64(1979), np.int64(1335), np.int64(1980), np.int64(1336))",712,4
279,48.92857142857143,173.92857142857142,14.0,173101.26889038077,979.9119873046875,"(np.int64(172), np.int64(47), np.int64(177), np.int64(52))",230,129
279,1858.2168674698796,530.6265060240963,83.0,1026243.2369929716,942.918212890625,"(np.int64(524), np.int64(1853), np.int64(541), np.int64(1863))",115,70
279,1543.7916666666665,1044.75,7.0,86550.63444519039,642.1458740234375,"(np.int64(1042), np.int64(1543), np.int64(1049), np.int64(1546))",583,42
279,1529.2857142857142,1244.0,7.0,86550.63444519039,942.918212890625,"(np.int64(1243), np.int64(1528), np.int64(1246), np.int64(1532))",455,111
279,1542.0,1251.5,2.0,24728.752698625824,642.1458740234375,"(np.int64(1251), np.int64(1542), np.int64(1253), np.int64(1543))",455,111
279,414.375,1503.2916666666667,48.0,593490.0647670198,1388.811279296875,"(np.int64(1496), np.int64(413), np.int64(1511), np.int64(418))",452,62
279,1892.0,1540.0,1.0,12364.376349312912,703.9822387695312,"(np.int64(1540), np.int64(1892), np.int64(1541), np.int64(1893))",710,10
279,1066.7142857142858,1680.642857142857,14.0,173101.26889038077,735.9998168945312,"(np.int64(1677), np.int64(1066), np.int64(1685), np.int64(1069))",644,88
279,1824.0,1802.0,1.0,12364.376349312912,612.2499389648438,"(np.int64(1802), np.int64(1824), np.int64(1803), np.int64(1825))",528,63
279,1811.0,1810.0,1.0,12364.376349312912,612.2499389648438,"(np.int64(1810), np.int64(1811), np.int64(1811), np.int64(1812))",528,63
279,1763.0,1835.0,1.0,12364.376349312912,612.2499389648438,"(np.int64(1835), np.int64(1763), np.int64(1836), np.int64(1764))",528,63
279,361.2,1846.4,5.0,61821.881746564555,703.9822387695312,"(np.int64(1846), np.int64(360), np.int64(1848), np.int64(363))",60,51
280,49.64705882352941,173.52941176470588,17.0,210194.3979383195,1095.116455078125,"(np.int64(172), np.int64(47), np.int64(176), np.int64(53))",230,129
280,1858.5714285714287,531.1038961038961,77.0,952056.9788970943,1056.013671875,"(np.int64(524), np.int64(1854), np.int64(542), np.int64(1863))",115,70
280,1860.0,545.0,3.0,37093.12904793874,612.2566528320312,"(np.int64(544), np.int64(1860), np.int64(547), np.int64(1861))",115,70
280,1546.0,1043.3333333333333,3.0,37093.12904793874,612.2566528320312,"(np.int64(1043), np.int64(1545), np.int64(1045), np.int64(1548))",583,42
280,1529.8,1244.4,15.0,185465.64523969367,1258.676513671875,"(np.int64(1243), np.int64(1527), np.int64(1247), np.int64(1533))",455,111
280,414.530303030303,1503.7575757575758,66.0,816048.8390546521,1301.3341064453125,"(np.int64(1495), np.int64(413), np.int64(1515), np.int64(419))",452,62
280,804.0,1564.0,1.0,12364.376349312912,612.2566528320312,"(np.int64(1564), np.int64(804), np.int64(1565), np.int64(805))",716,2
280,1067.2727272727273,1680.4545454545455,11.0,136008.13984244203,768.7072143554688,"(np.int64(1678), np.int64(1066), np.int64(1684), np.int64(1069))",644,88
280,887.5,1739.0,4.0,49457.50539725165,612.2566528320312,"(np.int64(1738), np.int64(887), np.int64(1741), np.int64(889))",89,127
280,363.72222222222223,1845.7777777777778,18.0,222558.7742876324,836.248291015625,"(np.int64(1844), np.int64(358), np.int64(1849), np.int64(371))",60,51
281,50.2,173.05,20.0,247287.52698625822,1017.5823974609375,"(np.int64(171), np.int64(48), np.int64(176), np.int64(54))",230,129
281,1859.4157303370787,530.314606741573,89.0,1100429.4950888492,1017.5823974609375,"(np.int64(524), np.int64(1854), np.int64(541), np.int64(1866))",115,70
281,1860.5,546.75,5.0,61821.88174656456,612.2566528320312,"(np.int64(544), np.int64(1860), np.int64(550), np.int64(1862))",115,70
281,1530.3725490196077,1240.0294117647059,20.0,247287.52698625825,1258.676513671875,"(np.int64(1236), np.int64(1529), np.int64(1248), np.int64(1535))",455,111
281,1544.0,1247.0,1.0,12364.376349312912,612.2566528320312,"(np.int64(1247), np.int64(1544), np.int64(1248), np.int64(1545))",455,111
281,415.2,1504.2222222222222,45.0,556396.9357190811,1258.676513671875,"(np.int64(1494), np.int64(414), np.int64(1515), np.int64(418))",452,62
281,805.4,1564.8,5.0,61821.881746564555,672.7277221679688,"(np.int64(1564), np.int64(805), np.int64(1567), np.int64(807))",716,2
281,1068.3333333333333,1679.0,9.0,111279.3871438162,704.0098876953125,"(np.int64(1677), np.int64(1068), np.int64(1683), np.int64(1070))",644,88
281,890.0,1736.0,3.0,37093.12904793874,672.7277221679688,"(np.int64(1735), np.int64(890), np.int64(1738), np.int64(891))",89,127
281,365.7142857142857,1844.5,28.0,346202.53778076154,1017.5823974609375,"(np.int64(1843), np.int64(360), np.int64(1848), np.int64(373))",60,51
282,51.111111111111114,172.38888888888889,18.0,222558.7742876324,1258.660400390625,"(np.int64(171), np.int64(49), np.int64(175), np.int64(55))",230,129
282,1906.0,493.0,1.0,12364.376349312912,612.2723388671875,"(np.int64(493), np.int64(1906), np.int64(494), np.int64(1907))",719,4
282,1860.1868131868132,528.1648351648352,91.0,1125158.247787475,979.9097900390625,"(np.int64(523), np.int64(1854), np.int64(537), np.int64(1868))",115,70
282,1861.5,541.75,3.0,37093.12904793874,612.2723388671875,"(np.int64(540), np.int64(1861), np.int64(545), np.int64(1863))",115,70
282,1928.0,1013.0,1.0,12364.376349312912,612.2723388671875,"(np.int64(1013), np.int64(1928), np.int64(1014), np.int64(1929))",95,2
282,1515.0,1097.0,1.0,12364.376349312912,672.722900390625,"(np.int64(1097), np.int64(1515), np.int64(1098), np.int64(1516))",720,2
282,1531.142857142857,1243.857142857143,14.0,173101.26889038077,1433.6092529296875,"(np.int64(1241), np.int64(1529), np.int64(1247), np.int64(1535))",455,111
282,415.13793103448273,1502.5172413793102,29.0,358566.91413007444,1095.1236572265625,"(np.int64(1495), np.int64(414), np.int64(1511), np.int64(418))",452,62
282,1068.1666666666665,1675.75,7.0,86550.63444519039,672.722900390625,"(np.int64(1674), np.int64(1067), np.int64(1680), np.int64(1071))",644,88
282,364.74,1844.69,27.0,333838.16143144865,1216.7027587890625,"(np.int64(1842), np.int64(360), np.int64(1848), np.int64(373))",60,51
282,2040.5,1999.0,6.0,74186.25809587748,672.722900390625,"(np.int64(1999), np.int64(2038), np.int64(2000), np.int64(2044))",414,31
283,51.4,171.86666666666667,15.0,185465.64523969367,1175.4541015625,"(np.int64(170), np.int64(49), np.int64(174), np.int64(55))",230,129
283,1860.0357142857142,528.547619047619,84.0,1038607.6133422846,1056.0228271484375,"(np.int64(523), np.int64(1854), np.int64(540), np.int64(1868))",115,70
283,1860.75,542.5,4.0,49457.50539725165,612.2658081054688,"(np.int64(541), np.int64(1860), np.int64(545), np.int64(1862))",115,70
283,800.5,651.0,4.0,49457.50539725165,672.6973266601562,"(np.int64(651), np.int64(799), np.int64(652), np.int64(803))",721,2
283,1546.75,1044.25,3.0,37093.12904793874,612.2658081054688,"(np.int64(1043), np.int64(1545), np.int64(1046), np.int64(1549))",583,42
283,1514.0,1096.0,1.0,12364.376349312912,612.2658081054688,"(np.int64(1096), np.int64(1514), np.int64(1097), np.int64(1515))",720,2
283,906.0,1131.6666666666667,3.0,37093.12904793874,672.6973266601562,"(np.int64(1131), np.int64(905), np.int64(1133), np.int64(908))",722,2
283,903.6666666666666,1228.3333333333333,3.0,37093.12904793874,672.6973266601562,"(np.int64(1228), np.int64(903), np.int64(1230), np.int64(905))",723,2
283,1530.1818181818182,1243.8181818181818,11.0,136008.13984244203,1258.646240234375,"(np.int64(1242), np.int64(1528), np.int64(1246), np.int64(1534))",455,111
283,535.0,1408.0,1.0,12364.376349312912,612.2658081054688,"(np.int64(1408), np.int64(535), np.int64(1409), np.int64(536))",724,2
283,414.1470588235294,1501.5,34.0,420388.795876639,1868.787353515625,"(np.int64(1495), np.int64(413), np.int64(1509), np.int64(417))",452,62
283,1067.611111111111,1676.9444444444443,10.0,123643.76349312911,672.6973266601562,"(np.int64(1674), np.int64(1067), np.int64(1684), np.int64(1070))",644,88
283,367.18518518518516,1842.2962962962963,27.0,333838.1614314486,942.9111938476562,"(np.int64(1841), np.int64(360), np.int64(1845), np.int64(374))",60,51
283,1850.0,1852.0,1.0,12364.376349312912,612.2658081054688,"(np.int64(1852), np.int64(1850), np.int64(1853), np.int64(1851))",337,20
283,2042.875,1999.1666666666667,10.0,123643.76349312911,672.6973266601562,"(np.int64(1998), np.int64(2035), np.int64(2001), np.int64(2048))",414,31
284,50.61538461538461,172.15384615384616,13.0,160736.89254106785,1175.4739990234375,"(np.int64(171), np.int64(48), np.int64(174), np.int64(54))",230,129
284,1907.9166666666665,488.91666666666663,7.0,86550.63444519039,612.2459716796875,"(np.int64(488), np.int64(1905), np.int64(491), np.int64(1912))",719,4
284,1860.5,527.7708333333333,49.0,605854.4411163328,736.0274658203125,"(np.int64(524), np.int64(1853), np.int64(533), np.int64(1864))",115,70
284,798.5,651.0,2.0,24728.752698625824,642.124267578125,"(np.int64(651), np.int64(798), np.int64(652), np.int64(800))",721,2
284,1546.0,1047.0,1.0,12364.376349312912,612.2459716796875,"(np.int64(1047), np.int64(1546), np.int64(1048), np.int64(1547))",583,42
284,1528.5,1243.75,8.0,98915.0107945033,942.9456787109375,"(np.int64(1242), np.int64(1527), np.int64(1246), np.int64(1531))",455,111
284,533.5,1408.5,6.0,74186.25809587748,703.983154296875,"(np.int64(1407), np.int64(533), np.int64(1411), np.int64(535))",724,2
284,413.44,1504.0,50.0,618218.8174656456,2080.741455078125,"(np.int64(1496), np.int64(412), np.int64(1513), np.int64(417))",452,62
284,1469.5,1614.0,2.0,24728.752698625824,612.2459716796875,"(np.int64(1614), np.int64(1469), np.int64(1615), np.int64(1471))",726,5
284,1067.388888888889,1679.0,18.0,222558.7742876324,768.7088623046875,"(np.int64(1675), np.int64(1066), np.int64(1684), np.int64(1069))",644,88
284,367.8181818181818,1842.3636363636363,11.0,136008.13984244203,736.0274658203125,"(np.int64(1842), np.int64(365), np.int64(1844), np.int64(372))",60,51
284,2038.4642857142858,1999.375,11.0,136008.13984244203,642.124267578125,"(np.int64(1997), np.int64(2029), np.int64(2002), np.int64(2048))",414,31
285,52.36363636363637,172.0909090909091,11.0,136008.13984244203,906.661865234375,"(np.int64(171), np.int64(51), np.int64(174), np.int64(55))",230,129
285,1907.0,488.5,6.0,74186.25809587748,672.7030029296875,"(np.int64(488), np.int64(1906), np.int64(490), np.int64(1909))",719,4
285,1859.0,528.9512195121952,41.0,506939.4303218294,672.7030029296875,"(np.int64(523), np.int64(1854), np.int64(538), np.int64(1863))",115,70
285,1562.0,1049.0,1.0,12364.376349312912,642.15185546875,"(np.int64(1049), np.int64(1562), np.int64(1050), np.int64(1563))",583,42
285,1529.0,1242.375,8.0,98915.0107945033,1095.132080078125,"(np.int64(1240), np.int64(1527), np.int64(1245), np.int64(1532))",455,111
285,1730.0,1452.0,1.0,12364.376349312912,612.2769775390625,"(np.int64(1452), np.int64(1730), np.int64(1453), np.int64(1731))",670,6
285,414.80555555555554,1504.6944444444443,72.0,890235.0971505296,3242.68505859375,"(np.int64(1495), np.int64(413), np.int64(1516), np.int64(418))",452,62
285,413.5,1547.0,2.0,24728.752698625824,612.2769775390625,"(np.int64(1547), np.int64(413), np.int64(1548), np.int64(415))",496,20
285,1470.2,1614.2,5.0,61821.881746564555,642.15185546875,"(np.int64(1613), np.int64(1469), np.int64(1616), np.int64(1472))",726,5
285,1068.576923076923,1678.1538461538462,26.0,321473.7850821357,942.9298095703125,"(np.int64(1673), np.int64(1067), np.int64(1684), np.int64(1071))",644,88
285,568.0,1744.0,1.0,12364.376349312912,612.2769775390625,"(np.int64(1744), np.int64(568), np.int64(1745), np.int64(569))",727,2
285,1774.0,1836.0,1.0,12364.376349312912,642.15185546875,"(np.int64(1836), np.int64(1774), np.int64(1837), np.int64(1775))",528,63
285,369.0,1842.0,1.0,12364.376349312912,612.2769775390625,"(np.int64(1842), np.int64(369), np.int64(1843), np.int64(370))",60,51
285,2031.8695652173913,1998.2173913043478,23.0,284380.65603419696,642.15185546875,"(np.int64(1995), np.int64(2029), np.int64(2001), np.int64(2036))",414,31
285,2047.0,2001.0,1.0,12364.376349312912,612.2769775390625,"(np.int64(2001), np.int64(2047), np.int64(2002), np.int64(2048))",414,31
286,51.125,173.125,8.0,98915.0107945033,704.024169921875,"(np.int64(172), np.int64(50), np.int64(175), np.int64(53))",230,129
286,519.5,454.0,4.0,49457.50539725165,672.7164306640625,"(np.int64(453), np.int64(519), np.int64(456), np.int64(521))",728,2
286,1908.0,488.0,3.0,37093.12904793874,612.254638671875,"(np.int64(488), np.int64(1907), np.int64(489), np.int64(1910))",719,4
286,1856.0,524.5,2.0,24728.752698625824,612.254638671875,"(np.int64(524), np.int64(1856), np.int64(526), np.int64(1857))",115,70
286,1860.0,534.0,1.0,12364.376349312912,642.14404296875,"(np.int64(534), np.int64(1860), np.int64(535), np.int64(1861))",115,70
286,1529.0,1242.9166666666667,12.0,148372.51619175496,802.14990234375,"(np.int64(1240), np.int64(1527), np.int64(1246), np.int64(1532))",455,111
286,414.0,1494.0,1.0,12364.376349312912,612.254638671875,"(np.int64(1494), np.int64(414), np.int64(1495), np.int64(415))",452,62
286,415.01428571428573,1505.9714285714285,70.0,865506.3444519038,1868.8203125,"(np.int64(1496), np.int64(413), np.int64(1518), np.int64(418))",452,62
286,1469.125,1615.75,8.0,98915.0107945033,672.7164306640625,"(np.int64(1614), np.int64(1468), np.int64(1618), np.int64(1471))",726,5
286,1068.09375,1679.71875,17.0,210194.3979383195,736.0148315429688,"(np.int64(1673), np.int64(1066), np.int64(1684), np.int64(1071))",644,88
286,567.0,1742.0,1.0,12364.376349312912,612.254638671875,"(np.int64(1742), np.int64(567), np.int64(1743), np.int64(568))",727,2
286,1819.0,1803.0,1.0,12364.376349312912,612.254638671875,"(np.int64(1803), np.int64(1819), np.int64(1804), np.int64(1820))",528,63
286,1775.5,1835.5,2.0,24728.752698625824,612.254638671875,"(np.int64(1835), np.int64(1775), np.int64(1837), np.int64(1777))",528,63
286,1403.0,1927.0,1.0,12364.376349312912,612.254638671875,"(np.int64(1927), np.int64(1403), np.int64(1928), np.int64(1404))",730,3
286,1326.0,1974.0,1.0,12364.376349312912,612.254638671875,"(np.int64(1974), np.int64(1326), np.int64(1975), np.int64(1327))",712,4
286,2033.5,1999.75,3.0,37093.12904793874,612.254638671875,"(np.int64(1998), np.int64(2033), np.int64(2003), np.int64(2035))",414,31
287,50.0,174.5,2.0,24728.752698625824,642.1502685546875,"(np.int64(174), np.int64(50), np.int64(176), np.int64(51))",230,129
287,520.0,456.0,1.0,12364.376349312912,642.1502685546875,"(np.int64(456), np.int64(520), np.int64(457), np.int64(521))",728,2
287,1692.8,540.4,5.0,61821.881746564555,704.0079345703125,"(np.int64(539), np.int64(1692), np.int64(543), np.int64(1695))",731,16
287,1527.0,1243.5,4.0,49457.50539725165,906.65771484375,"(np.int64(1243), np.int64(1526), np.int64(1245), np.int64(1529))",455,111
287,1570.0,1315.0,1.0,12364.376349312912,704.0079345703125,"(np.int64(1315), np.int64(1570), np.int64(1316), np.int64(1571))",648,4
287,414.03636363636366,1506.2181818181818,55.0,680040.6992122101,2247.132080078125,"(np.int64(1497), np.int64(412), np.int64(1517), np.int64(417))",452,62
287,1494.5,1608.5,4.0,49457.50539725165,672.7412109375,"(np.int64(1607), np.int64(1491), np.int64(1611), np.int64(1498))",735,2
287,1468.6,1617.2,5.0,61821.881746564555,672.7412109375,"(np.int64(1616), np.int64(1468), np.int64(1619), np.int64(1470))",726,5
287,1067.409090909091,1676.6363636363637,22.0,272016.27968488407,736.01171875,"(np.int64(1673), np.int64(1065), np.int64(1683), np.int64(1070))",644,88
287,1823.0,1802.0,1.0,12364.376349312912,612.29638671875,"(np.int64(1802), np.int64(1823), np.int64(1803), np.int64(1824))",528,63
287,1806.0,1810.0,1.0,12364.376349312912,612.29638671875,"(np.int64(1810), np.int64(1806), np.int64(1811), np.int64(1807))",528,63
287,1773.0,1836.0,1.0,12364.376349312912,612.29638671875,"(np.int64(1836), np.int64(1773), np.int64(1837), np.int64(1774))",528,63
287,1326.0,1975.0,1.0,12364.376349312912,612.29638671875,"(np.int64(1975), np.int64(1326), np.int64(1976), np.int64(1327))",712,4
287,2031.0,2003.0,6.0,74186.25809587748,642.1502685546875,"(np.int64(2002), np.int64(2026), np.int64(2005), np.int64(2037))",414,31
288,1862.0,528.0,1.0,12364.376349312912,612.297119140625,"(np.int64(528), np.int64(1862), np.int64(529), np.int64(1863))",115,70
288,1694.25,539.25,4.0,49457.50539725165,802.181884765625,"(np.int64(538), np.int64(1694), np.int64(541), np.int64(1696))",731,16
288,1527.0,1241.5,2.0,24728.752698625824,612.297119140625,"(np.int64(1241), np.int64(1527), np.int64(1243), np.int64(1528))",455,111
288,1441.0,1287.0,1.0,12364.376349312912,642.18115234375,"(np.int64(1287), np.int64(1441), np.int64(1288), np.int64(1442))",102,60
288,295.0,1459.0,1.0,12364.376349312912,612.297119140625,"(np.int64(1459), np.int64(295), np.int64(1460), np.int64(296))",361,2
288,414.7647058823529,1502.8235294117646,34.0,420388.795876639,1868.814453125,"(np.int64(1496), np.int64(414), np.int64(1511), np.int64(417))",452,62
288,1497.0,1607.0,1.0,12364.376349312912,642.18115234375,"(np.int64(1607), np.int64(1497), np.int64(1608), np.int64(1498))",735,2
288,1468.75,1616.875,8.0,98915.0107945033,768.693359375,"(np.int64(1615), np.int64(1467), np.int64(1619), np.int64(1471))",726,5
288,1067.8947368421052,1675.578947368421,19.0,234923.15063694533,672.7626953125,"(np.int64(1671), np.int64(1065), np.int64(1681), np.int64(1071))",644,88
288,859.0,1768.0,1.0,12364.376349312912,612.297119140625,"(np.int64(1768), np.int64(859), np.int64(1769), np.int64(860))",428,2
288,1776.0,1835.0,1.0,12364.376349312912,612.297119140625,"(np.int64(1835), np.int64(1776), np.int64(1836), np.int64(1777))",528,63
288,1764.0,1837.0,1.0,12364.376349312912,612.297119140625,"(np.int64(1837), np.int64(1764), np.int64(1838), np.int64(1765))",528,63
288,1743.0,1945.0,1.0,12364.376349312912,642.18115234375,"(np.int64(1945), np.int64(1743), np.int64(1946), np.int64(1744))",435,2
288,2034.047619047619,2001.2380952380952,21.0,259651.90333557114,736.018798828125,"(np.int64(2000), np.int64(2030), np.int64(2004), np.int64(2039))",414,31
289,1693.0,532.0,1.0,12364.376349312912,672.69189453125,"(np.int64(532), np.int64(1693), np.int64(533), np.int64(1694))",731,16
289,1598.5,1097.0,2.0,24728.752698625824,642.14453125,"(np.int64(1097), np.int64(1598), np.int64(1098), np.int64(1600))",310,13
289,940.5,1105.0,2.0,24728.752698625824,642.14453125,"(np.int64(1105), np.int64(940), np.int64(1106), np.int64(942))",400,89
289,1780.0,1208.0,2.0,24728.752698625824,612.243408203125,"(np.int64(1207), np.int64(1779), np.int64(1210), np.int64(1782))",667,10
289,1442.25,1286.0,4.0,49457.50539725165,703.9775390625,"(np.int64(1285), np.int64(1442), np.int64(1288), np.int64(1444))",102,60
289,1230.0,1344.0,1.0,12364.376349312912,703.9775390625,"(np.int64(1344), np.int64(1230), np.int64(1345), np.int64(1231))",136,2
289,415.7,1502.5,10.0,123643.76349312911,768.67138671875,"(np.int64(1498), np.int64(415), np.int64(1508), np.int64(417))",452,62
289,1100.0,1658.0,1.0,12364.376349312912,612.243408203125,"(np.int64(1658), np.int64(1100), np.int64(1659), np.int64(1101))",644,88
289,1068.625,1674.0625,16.0,197830.0215890066,703.9775390625,"(np.int64(1671), np.int64(1066), np.int64(1679), np.int64(1072))",644,88
289,1777.0,1823.0,1.0,12364.376349312912,612.243408203125,"(np.int64(1823), np.int64(1777), np.int64(1824), np.int64(1778))",528,63
289,1758.0,1827.0,1.0,12364.376349312912,612.243408203125,"(np.int64(1827), np.int64(1758), np.int64(1828), np.int64(1759))",528,63
289,1780.0,1833.0,1.0,12364.376349312912,612.243408203125,"(np.int64(1833), np.int64(1780), np.int64(1834), np.int64(1781))",528,63
289,1764.3333333333333,1841.5,6.0,74186.25809587748,642.14453125,"(np.int64(1840), np.int64(1762), np.int64(1843), np.int64(1767))",528,63
289,1330.0,1977.0,2.0,24728.752698625824,612.243408203125,"(np.int64(1975), np.int64(1327), np.int64(1980), np.int64(1334))",712,4
289,2034.7142857142858,2000.4285714285713,7.0,86550.63444519039,672.69189453125,"(np.int64(2000), np.int64(2033), np.int64(2002), np.int64(2037))",414,31
290,117.0,401.0,1.0,12364.376349312912,736.001953125,"(np.int64(401), np.int64(117), np.int64(402), np.int64(118))",623,53
290,1693.5,533.0,4.0,49457.50539725165,768.671875,"(np.int64(532), np.int64(1693), np.int64(535), np.int64(1695))",731,16
290,274.5,1012.5,2.0,24728.752698625824,612.3359375,"(np.int64(1010), np.int64(274), np.int64(1016), np.int64(276))",738,20
290,1597.0,1097.0,1.0,12364.376349312912,612.3359375,"(np.int64(1097), np.int64(1597), np.int64(1098), np.int64(1598))",310,13
290,941.375,1103.5625,16.0,197830.0215890066,1767.04296875,"(np.int64(1102), np.int64(939), np.int64(1107), np.int64(945))",400,89
290,1893.5,1538.0,2.0,24728.752698625824,642.052734375,"(np.int64(1538), np.int64(1893), np.int64(1539), np.int64(1895))",710,10
290,1068.5333333333333,1671.8333333333333,8.0,98915.0107945033,672.6923828125,"(np.int64(1670), np.int64(1067), np.int64(1678), np.int64(1071))",644,88
290,1769.0,1837.0,3.0,37093.12904793874,642.052734375,"(np.int64(1837), np.int64(1768), np.int64(1838), np.int64(1771))",528,63
290,1852.0,1848.0,1.0,12364.376349312912,612.3359375,"(np.int64(1848), np.int64(1852), np.int64(1849), np.int64(1853))",337,20
291,100.0,398.6666666666667,3.0,37093.12904793874,642.12646484375,"(np.int64(398), np.int64(99), np.int64(400), np.int64(102))",623,53
291,1693.5,535.0,4.0,49457.50539725165,943.00634765625,"(np.int64(534), np.int64(1693), np.int64(537), np.int64(1695))",731,16
291,1689.0,555.5,2.0,24728.752698625824,642.12646484375,"(np.int64(555), np.int64(1689), np.int64(557), np.int64(1690))",731,16
291,68.5,913.0,2.0,24728.752698625824,612.337890625,"(np.int64(913), np.int64(68), np.int64(914), np.int64(70))",740,4
291,272.57142857142856,1008.8571428571429,7.0,86550.63444519039,736.06298828125,"(np.int64(1007), np.int64(272), np.int64(1012), np.int64(274))",738,20
291,940.65,1103.95,20.0,247287.52698625822,2361.6640625,"(np.int64(1102), np.int64(937), np.int64(1108), np.int64(945))",400,89
291,1586.0,1434.0,1.0,12364.376349312912,612.337890625,"(np.int64(1434), np.int64(1586), np.int64(1435), np.int64(1587))",743,2
291,1892.5,1538.0,6.0,74186.25809587748,736.06298828125,"(np.int64(1537), np.int64(1892), np.int64(1540), np.int64(1894))",710,10
291,1067.875,1675.0,5.0,61821.881746564555,642.12646484375,"(np.int64(1674), np.int64(1067), np.int64(1678), np.int64(1070))",644,88
291,1823.0,1803.0,1.0,12364.376349312912,612.337890625,"(np.int64(1803), np.int64(1823), np.int64(1804), np.int64(1824))",528,63
291,1773.0,1822.0,1.0,12364.376349312912,612.337890625,"(np.int64(1822), np.int64(1773), np.int64(1823), np.int64(1774))",528,63
291,1769.0,1838.25,7.0,86550.63444519039,612.337890625,"(np.int64(1837), np.int64(1764), np.int64(1841), np.int64(1774))",528,63
292,51.0,172.57142857142858,7.0,86550.63444519039,672.7138671875,"(np.int64(171), np.int64(50), np.int64(175), np.int64(53))",230,129
292,96.0,394.375,5.0,61821.881746564555,672.7138671875,"(np.int64(391), np.int64(92), np.int64(398), np.int64(100))",623,53
292,1692.9375,543.125,14.0,173101.26889038074,1344.73193359375,"(np.int64(532), np.int64(1689), np.int64(554), np.int64(1696))",731,16
292,272.0,1006.5,2.0,24728.752698625824,703.99658203125,"(np.int64(1006), np.int64(272), np.int64(1008), np.int64(273))",738,20
292,940.0,1102.857142857143,14.0,173101.26889038077,1258.687744140625,"(np.int64(1101), np.int64(936), np.int64(1106), np.int64(944))",400,89
292,1586.5,1435.0,2.0,24728.752698625824,642.1585693359375,"(np.int64(1434), np.int64(1586), np.int64(1437), np.int64(1588))",743,2
292,1892.857142857143,1538.2857142857142,14.0,173101.26889038077,836.2706298828125,"(np.int64(1536), np.int64(1892), np.int64(1542), np.int64(1896))",710,10
292,1067.7692307692307,1671.923076923077,13.0,160736.89254106785,768.6785888671875,"(np.int64(1670), np.int64(1066), np.int64(1675), np.int64(1070))",644,88
292,1778.0,1832.3333333333333,3.0,37093.12904793874,612.2646484375,"(np.int64(1830), np.int64(1775), np.int64(1835), np.int64(1781))",528,63
292,1764.25,1839.25,4.0,49457.50539725165,612.2646484375,"(np.int64(1839), np.int64(1763), np.int64(1841), np.int64(1766))",528,63
292,1850.0,1848.0,1.0,12364.376349312912,642.1585693359375,"(np.int64(1848), np.int64(1850), np.int64(1849), np.int64(1851))",337,20
293,50.0,171.54545454545453,11.0,136008.13984244203,704.0185546875,"(np.int64(170), np.int64(48), np.int64(174), np.int64(53))",230,129
293,91.16666666666667,388.55555555555554,18.0,222558.7742876324,672.7158203125,"(np.int64(385), np.int64(89), np.int64(394), np.int64(95))",623,53
293,1421.0,449.0,1.0,12364.376349312912,612.2535400390625,"(np.int64(449), np.int64(1421), np.int64(450), np.int64(1422))",224,39
293,1692.5,532.5,6.0,74186.25809587748,1134.91796875,"(np.int64(531), np.int64(1692), np.int64(535), np.int64(1694))",731,16
293,1691.5,546.75,4.0,49457.50539725165,612.2535400390625,"(np.int64(543), np.int64(1690), np.int64(551), np.int64(1694))",731,16
293,1231.0,824.0,1.0,12364.376349312912,704.0185546875,"(np.int64(824), np.int64(1231), np.int64(825), np.int64(1232))",610,7
293,158.5,825.0,4.0,49457.50539725165,642.1275634765625,"(np.int64(825), np.int64(157), np.int64(826), np.int64(161))",747,4
293,271.22222222222223,1005.3333333333334,9.0,111279.3871438162,836.2432861328125,"(np.int64(1002), np.int64(270), np.int64(1009), np.int64(273))",738,20
293,937.7,1103.2833333333333,17.0,210194.39793831948,1619.9151611328125,"(np.int64(1100), np.int64(936), np.int64(1106), np.int64(943))",400,89
293,1891.4705882352941,1538.1176470588234,17.0,210194.3979383195,979.8980712890625,"(np.int64(1535), np.int64(1890), np.int64(1542), np.int64(1895))",710,10
293,1066.962962962963,1668.6666666666667,27.0,333838.1614314486,704.0185546875,"(np.int64(1666), np.int64(1064), np.int64(1674), np.int64(1071))",644,88
293,1773.0,1833.0,3.0,37093.12904793874,612.2535400390625,"(np.int64(1831), np.int64(1767), np.int64(1836), np.int64(1779))",528,63
293,1849.0,1848.0,1.0,12364.376349312912,612.2535400390625,"(np.int64(1848), np.int64(1849), np.int64(1849), np.int64(1850))",337,20
294,49.0,171.5,2.0,24728.752698625824,672.71630859375,"(np.int64(171), np.int64(49), np.int64(173), np.int64(50))",230,129
294,91.55555555555556,391.0,27.0,333838.1614314486,1056.008544921875,"(np.int64(386), np.int64(89), np.int64(397), np.int64(98))",623,53
294,1693.511111111111,536.8555555555555,10.0,123643.76349312911,802.17333984375,"(np.int64(531), np.int64(1692), np.int64(544), np.int64(1696))",731,16
294,158.25,825.5,5.0,61821.881746564555,642.08349609375,"(np.int64(825), np.int64(155), np.int64(827), np.int64(161))",747,4
294,1227.0,828.0,1.0,12364.376349312912,703.96435546875,"(np.int64(828), np.int64(1227), np.int64(829), np.int64(1228))",610,7
294,64.0,912.5,4.0,49457.50539725165,703.96435546875,"(np.int64(912), np.int64(63), np.int64(914), np.int64(66))",740,4
294,271.3333333333333,1006.0,9.0,111279.3871438162,802.17333984375,"(np.int64(1003), np.int64(271), np.int64(1009), np.int64(273))",738,20
294,938.32,1102.36,25.0,309109.4087328228,3310.9677734375,"(np.int64(1100), np.int64(936), np.int64(1105), np.int64(942))",400,89
294,327.0,1502.0,1.0,12364.376349312912,642.08349609375,"(np.int64(1502), np.int64(327), np.int64(1503), np.int64(328))",749,4
294,1890.857142857143,1538.7857142857142,14.0,173101.26889038077,871.13525390625,"(np.int64(1537), np.int64(1889), np.int64(1543), np.int64(1894))",710,10
294,1067.4827586206898,1670.2931034482758,30.0,370931.29047938733,836.19287109375,"(np.int64(1664), np.int64(1063), np.int64(1674), np.int64(1070))",644,88
294,1102.75,1694.75,4.0,49457.50539725165,612.220703125,"(np.int64(1694), np.int64(1102), np.int64(1697), np.int64(1104))",644,88
294,1773.0,1832.0,1.0,12364.376349312912,612.220703125,"(np.int64(1832), np.int64(1773), np.int64(1833), np.int64(1774))",528,63
295,51.0,174.0,1.0,12364.376349312912,642.1220703125,"(np.int64(174), np.int64(51), np.int64(175), np.int64(52))",230,129
295,93.0,393.6666666666667,21.0,259651.90333557114,1017.6358642578125,"(np.int64(390), np.int64(91), np.int64(397), np.int64(98))",623,53
295,116.8,403.2,5.0,61821.881746564555,906.6402587890625,"(np.int64(402), np.int64(116), np.int64(405), np.int64(119))",623,53
295,1429.6666666666667,449.6666666666667,3.0,37093.12904793874,672.704833984375,"(np.int64(449), np.int64(1429), np.int64(451), np.int64(1431))",224,39
295,1424.0,464.5,4.0,49457.50539725165,703.9722900390625,"(np.int64(464), np.int64(1423), np.int64(466), np.int64(1426))",224,39
295,1696.0,540.5,2.0,24728.752698625824,672.704833984375,"(np.int64(540), np.int64(1696), np.int64(542), np.int64(1697))",731,16
295,825.5,795.5,2.0,24728.752698625824,836.2694091796875,"(np.int64(795), np.int64(825), np.int64(797), np.int64(827))",750,2
295,159.28571428571428,827.7142857142857,7.0,86550.63444519039,672.704833984375,"(np.int64(827), np.int64(157), np.int64(829), np.int64(163))",747,4
295,1230.5,828.5,4.0,49457.50539725165,672.704833984375,"(np.int64(827), np.int64(1229), np.int64(831), np.int64(1233))",610,7
295,69.0,914.0,1.0,12364.376349312912,768.7135009765625,"(np.int64(914), np.int64(69), np.int64(915), np.int64(70))",740,4
295,272.46153846153845,1009.6923076923077,13.0,160736.89254106785,1055.9783935546875,"(np.int64(1006), np.int64(272), np.int64(1014), np.int64(274))",738,20
295,940.0454545454545,1104.7272727272727,22.0,272016.27968488407,2660.280517578125,"(np.int64(1103), np.int64(937), np.int64(1108), np.int64(944))",400,89
295,1442.5,1291.0,2.0,24728.752698625824,642.1220703125,"(np.int64(1290), np.int64(1442), np.int64(1293), np.int64(1444))",102,60
295,310.8888888888889,1522.4444444444443,9.0,111279.3871438162,768.7135009765625,"(np.int64(1521), np.int64(310), np.int64(1525), np.int64(313))",35,105
295,389.0,1522.0,1.0,12364.376349312912,642.1220703125,"(np.int64(1522), np.int64(389), np.int64(1523), np.int64(390))",751,3
295,1891.0666666666666,1541.4666666666667,15.0,185465.64523969367,802.111083984375,"(np.int64(1539), np.int64(1890), np.int64(1545), np.int64(1894))",710,10
295,1067.3333333333333,1669.037037037037,27.0,333838.1614314486,703.9722900390625,"(np.int64(1666), np.int64(1064), np.int64(1673), np.int64(1072))",644,88
295,1071.0,1683.75,3.0,37093.12904793874,612.300048828125,"(np.int64(1683), np.int64(1069), np.int64(1685), np.int64(1074))",644,88
295,1763.0,1840.5,2.0,24728.752698625824,612.300048828125,"(np.int64(1840), np.int64(1761), np.int64(1842), np.int64(1766))",528,63
295,1851.0,1896.0,1.0,12364.376349312912,736.00048828125,"(np.int64(1896), np.int64(1851), np.int64(1897), np.int64(1852))",466,73
296,95.65,393.2,7.0,86550.63444519037,906.65771484375,"(np.int64(390), np.int64(93), np.int64(396), np.int64(99))",623,53
296,118.25,402.0,4.0,49457.50539725165,979.94091796875,"(np.int64(401), np.int64(117), np.int64(404), np.int64(120))",623,53
296,1425.0,462.5,2.0,24728.752698625824,642.1502685546875,"(np.int64(462), np.int64(1425), np.int64(464), np.int64(1426))",224,39
296,1696.0,539.0,1.0,12364.376349312912,612.29638671875,"(np.int64(539), np.int64(1696), np.int64(540), np.int64(1697))",731,16
296,825.6666666666666,793.3333333333334,3.0,37093.12904793874,871.091064453125,"(np.int64(793), np.int64(825), np.int64(795), np.int64(827))",750,2
296,161.5,827.0,2.0,24728.752698625824,642.1502685546875,"(np.int64(827), np.int64(161), np.int64(828), np.int64(163))",747,4
296,1229.0,830.0,1.0,12364.376349312912,612.29638671875,"(np.int64(830), np.int64(1229), np.int64(831), np.int64(1230))",610,7
296,272.77777777777777,1007.2222222222222,9.0,111279.3871438162,768.691162109375,"(np.int64(1004), np.int64(272), np.int64(1011), np.int64(275))",738,20
296,942.0,1103.875,8.0,98915.0107945033,871.091064453125,"(np.int64(1102), np.int64(940), np.int64(1107), np.int64(945))",400,89
296,1443.0,1289.0,5.0,61821.881746564555,979.94091796875,"(np.int64(1288), np.int64(1442), np.int64(1291), np.int64(1445))",102,60
296,310.2,1521.4,5.0,61821.881746564555,672.7412109375,"(np.int64(1520), np.int64(309), np.int64(1524), np.int64(312))",35,105
296,390.0,1520.0,3.0,37093.12904793874,736.01171875,"(np.int64(1520), np.int64(389), np.int64(1521), np.int64(392))",751,3
296,1892.0,1540.3333333333333,9.0,111279.3871438162,736.01171875,"(np.int64(1539), np.int64(1891), np.int64(1543), np.int64(1894))",710,10
296,1068.4117647058824,1666.9411764705883,17.0,210194.3979383195,736.01171875,"(np.int64(1664), np.int64(1066), np.int64(1670), np.int64(1071))",644,88
296,1071.0,1681.0,1.0,12364.376349312912,612.29638671875,"(np.int64(1681), np.int64(1071), np.int64(1682), np.int64(1072))",644,88
296,1764.0,1840.0,1.0,12364.376349312912,612.29638671875,"(np.int64(1840), np.int64(1764), np.int64(1841), np.int64(1765))",528,63
296,1852.5,1893.0,6.0,74186.25809587748,768.691162109375,"(np.int64(1892), np.int64(1852), np.int64(1895), np.int64(1854))",466,73
297,95.5,392.0,2.0,24728.752698625824,642.1585693359375,"(np.int64(392), np.int64(95), np.int64(393), np.int64(97))",623,53
297,111.5,394.5,2.0,24728.752698625824,642.1585693359375,"(np.int64(394), np.int64(111), np.int64(396), np.int64(113))",623,53
297,1427.0,463.0,1.0,12364.376349312912,642.1585693359375,"(np.int64(463), np.int64(1427), np.int64(464), np.int64(1428))",224,39
297,1231.0,828.0,1.0,12364.376349312912,612.2646484375,"(np.int64(828), np.int64(1231), np.int64(829), np.int64(1232))",610,7
297,273.0,1004.5,2.0,24728.752698625824,612.2646484375,"(np.int64(1004), np.int64(273), np.int64(1006), np.int64(274))",738,20
297,1591.5,1087.0,2.0,24728.752698625824,612.2646484375,"(np.int64(1086), np.int64(1591), np.int64(1089), np.int64(1593))",310,13
297,944.2,1104.8,5.0,61821.881746564555,836.2706298828125,"(np.int64(1104), np.int64(943), np.int64(1107), np.int64(946))",400,89
297,1443.875,1288.75,8.0,98915.0107945033,1258.687744140625,"(np.int64(1287), np.int64(1443), np.int64(1291), np.int64(1446))",102,60
297,1893.0,1540.0,1.0,12364.376349312912,612.2646484375,"(np.int64(1540), np.int64(1893), np.int64(1541), np.int64(1894))",710,10
297,1069.2307692307693,1666.7692307692307,13.0,160736.89254106785,768.6785888671875,"(np.int64(1665), np.int64(1067), np.int64(1670), np.int64(1072))",644,88
297,1071.6666666666667,1679.0,3.0,37093.12904793874,642.1585693359375,"(np.int64(1678), np.int64(1071), np.int64(1681), np.int64(1073))",644,88
297,1852.6,1893.6,5.0,61821.881746564555,768.6785888671875,"(np.int64(1892), np.int64(1852), np.int64(1896), np.int64(1854))",466,73
298,710.3333333333334,311.3333333333333,3.0,37093.12904793874,642.158447265625,"(np.int64(311), np.int64(710), np.int64(313), np.int64(712))",758,3
298,118.71428571428571,400.7142857142857,7.0,86550.63444519039,942.930908203125,"(np.int64(400), np.int64(117), np.int64(403), np.int64(121))",623,53
298,1425.0,462.0,1.0,12364.376349312912,612.2474365234375,"(np.int64(462), np.int64(1425), np.int64(463), np.int64(1426))",224,39
298,270.5,998.25,5.0,61821.881746564555,642.158447265625,"(np.int64(995), np.int64(270), np.int64(1001), np.int64(272))",738,20
298,944.1666666666667,1104.8333333333335,4.0,49457.50539725165,612.2474365234375,"(np.int64(1104), np.int64(943), np.int64(1107), np.int64(947))",400,89
298,1443.3333333333333,1288.0,3.0,37093.12904793874,871.1014404296875,"(np.int64(1287), np.int64(1443), np.int64(1290), np.int64(1445))",102,60
298,1072.98,1672.0600000000002,30.0,370931.29047938733,704.017578125,"(np.int64(1663), np.int64(1066), np.int64(1680), np.int64(1078))",644,88
298,1105.0,1695.0,1.0,12364.376349312912,612.2474365234375,"(np.int64(1695), np.int64(1105), np.int64(1696), np.int64(1106))",644,88
298,1853.2857142857142,1894.357142857143,14.0,173101.26889038077,906.6409301757812,"(np.int64(1892), np.int64(1852), np.int64(1898), np.int64(1856))",466,73
299,602.0,46.0,1.0,12364.376349312912,612.25048828125,"(np.int64(46), np.int64(602), np.int64(47), np.int64(603))",429,7
299,710.6,310.2,5.0,61821.881746564555,768.6932983398438,"(np.int64(309), np.int64(710), np.int64(312), np.int64(712))",758,3
299,586.0,362.0,1.0,12364.376349312912,642.1484375,"(np.int64(362), np.int64(586), np.int64(363), np.int64(587))",759,3
299,268.1578947368421,992.8421052631579,38.0,469846.30127389065,736.01416015625,"(np.int64(981), np.int64(264), np.int64(1007), np.int64(273))",738,20
299,1443.3333333333333,1288.0,3.0,37093.12904793874,703.976806640625,"(np.int64(1287), np.int64(1443), np.int64(1290), np.int64(1445))",102,60
299,1069.9166666666667,1666.0,12.0,148372.51619175496,703.976806640625,"(np.int64(1664), np.int64(1068), np.int64(1669), np.int64(1073))",644,88
299,1071.0,1677.5,2.0,24728.752698625824,612.25048828125,"(np.int64(1677), np.int64(1071), np.int64(1679), np.int64(1072))",644,88
299,1828.0,1810.0,1.0,12364.376349312912,612.25048828125,"(np.int64(1810), np.int64(1828), np.int64(1811), np.int64(1829))",528,63
299,1852.7631578947369,1895.157894736842,38.0,469846.30127389065,2026.653564453125,"(np.int64(1890), np.int64(1851), np.int64(1901), np.int64(1856))",466,73
300,710.6666666666666,310.6666666666667,3.0,37093.12904793874,704.0110473632812,"(np.int64(310), np.int64(710), np.int64(312), np.int64(712))",758,3
300,268.13793103448273,993.9310344827586,29.0,358566.91413007444,768.6875610351562,"(np.int64(986), np.int64(265), np.int64(1005), np.int64(272))",738,20
300,1548.0,1051.0,1.0,12364.376349312912,612.291748046875,"(np.int64(1051), np.int64(1548), np.int64(1052), np.int64(1549))",583,42
300,1442.3333333333333,1288.0,3.0,37093.12904793874,768.6875610351562,"(np.int64(1287), np.int64(1442), np.int64(1290), np.int64(1444))",102,60
300,386.3333333333333,1521.3333333333333,3.0,37093.12904793874,642.11083984375,"(np.int64(1521), np.int64(386), np.int64(1523), np.int64(388))",751,3
300,1070.6984126984125,1670.6904761904761,30.0,370931.29047938733,704.0110473632812,"(np.int64(1663), np.int64(1068), np.int64(1677), np.int64(1074))",644,88
300,1103.0,1697.5,2.0,24728.752698625824,612.291748046875,"(np.int64(1697), np.int64(1103), np.int64(1699), np.int64(1104))",644,88
300,1431.0,1757.0,1.0,12364.376349312912,612.291748046875,"(np.int64(1757), np.int64(1431), np.int64(1758), np.int64(1432))",630,2
300,1851.7916666666667,1894.625,48.0,593490.0647670198,3379.9111328125,"(np.int64(1890), np.int64(1849), np.int64(1901), np.int64(1855))",466,73
300,1839.0,1909.0,1.0,12364.376349312912,642.11083984375,"(np.int64(1909), np.int64(1839), np.int64(1910), np.int64(1840))",466,73
301,1854.0,371.0,1.0,12364.376349312912,612.271240234375,"(np.int64(371), np.int64(1854), np.int64(372), np.int64(1855))",379,52
301,94.0,386.5,2.0,24728.752698625824,768.69140625,"(np.int64(386), np.int64(94), np.int64(388), np.int64(95))",623,53
301,269.7435897435898,1001.0897435897435,16.0,197830.0215890066,703.994384765625,"(np.int64(990), np.int64(267), np.int64(1007), np.int64(272))",738,20
301,935.0,1107.5,2.0,24728.752698625824,612.271240234375,"(np.int64(1107), np.int64(935), np.int64(1109), np.int64(936))",400,89
301,1071.695,1670.2383333333335,34.0,420388.79587663896,703.994384765625,"(np.int64(1662), np.int64(1065), np.int64(1677), np.int64(1076))",644,88
301,1102.0,1696.5,2.0,24728.752698625824,642.135986328125,"(np.int64(1696), np.int64(1102), np.int64(1698), np.int64(1103))",644,88
301,1850.5777777777778,1893.3777777777777,45.0,556396.9357190811,3882.666748046875,"(np.int64(1888), np.int64(1848), np.int64(1898), np.int64(1854))",466,73
301,1838.857142857143,1907.5714285714287,7.0,86550.63444519039,802.1044921875,"(np.int64(1906), np.int64(1838), np.int64(1910), np.int64(1841))",466,73
302,960.0,265.0,1.0,12364.376349312912,735.9851684570312,"(np.int64(265), np.int64(960), np.int64(266), np.int64(961))",765,2
302,94.33333333333333,383.0,9.0,111279.3871438162,1095.1181640625,"(np.int64(380), np.int64(94), np.int64(386), np.int64(96))",623,53
302,268.2,995.55,21.0,259651.90333557114,802.1204833984375,"(np.int64(992), np.int64(267), np.int64(1005), np.int64(272))",738,20
302,275.0,1015.5,2.0,24728.752698625824,642.1331787109375,"(np.int64(1015), np.int64(275), np.int64(1017), np.int64(276))",738,20
302,1545.0,1050.6666666666667,3.0,37093.12904793874,612.2465209960938,"(np.int64(1048), np.int64(1542), np.int64(1055), np.int64(1549))",583,42
302,937.75,1105.0,3.0,37093.12904793874,735.9851684570312,"(np.int64(1104), np.int64(936), np.int64(1107), np.int64(940))",400,89
302,1070.9807692307693,1669.6346153846152,30.0,370931.29047938733,672.7102661132812,"(np.int64(1661), np.int64(1066), np.int64(1675), np.int64(1077))",644,88
302,1101.0,1693.0,1.0,12364.376349312912,612.2465209960938,"(np.int64(1693), np.int64(1101), np.int64(1694), np.int64(1102))",644,88
302,895.1666666666667,1717.6666666666665,4.0,49457.50539725165,642.1331787109375,"(np.int64(1714), np.int64(894), np.int64(1723), np.int64(897))",89,127
302,1845.1203703703704,1895.6666666666667,38.0,469846.3012738906,2247.13525390625,"(np.int64(1888), np.int64(1842), np.int64(1899), np.int64(1854))",466,73
302,1838.6363636363637,1909.090909090909,11.0,136008.13984244203,703.9778442382812,"(np.int64(1906), np.int64(1837), np.int64(1912), np.int64(1841))",466,73
303,96.07692307692308,382.3076923076923,13.0,160736.89254106785,802.151123046875,"(np.int64(378), np.int64(95), np.int64(387), np.int64(98))",623,53
303,236.5,720.5,2.0,24728.752698625824,642.1359252929688,"(np.int64(720), np.int64(236), np.int64(722), np.int64(238))",767,3
303,686.0,897.0,1.0,12364.376349312912,612.2658081054688,"(np.int64(897), np.int64(686), np.int64(898), np.int64(687))",768,2
303,66.0,915.0,1.0,12364.376349312912,642.1359252929688,"(np.int64(915), np.int64(66), np.int64(916), np.int64(67))",740,4
303,273.6931818181818,1008.9318181818182,23.0,284380.65603419696,703.999267578125,"(np.int64(998), np.int64(270), np.int64(1019), np.int64(277))",738,20
303,940.3333333333334,1105.6666666666667,9.0,111279.3871438162,871.1240234375,"(np.int64(1105), np.int64(939), np.int64(1108), np.int64(943))",400,89
303,1125.0,1657.0,2.0,24728.752698625824,612.2658081054688,"(np.int64(1656), np.int64(1123), np.int64(1659), np.int64(1128))",702,44
303,1071.875,1669.125,22.0,272016.27968488407,703.999267578125,"(np.int64(1665), np.int64(1068), np.int64(1677), np.int64(1078))",644,88
303,1102.0,1697.0,1.0,12364.376349312912,642.1359252929688,"(np.int64(1697), np.int64(1102), np.int64(1698), np.int64(1103))",644,88
303,893.3333333333334,1728.6666666666667,3.0,37093.12904793874,612.2658081054688,"(np.int64(1728), np.int64(893), np.int64(1730), np.int64(895))",89,127
303,1861.5,1801.0,2.0,24728.752698625824,642.1359252929688,"(np.int64(1801), np.int64(1861), np.int64(1802), np.int64(1863))",769,11
303,1852.121951219512,1894.9756097560976,41.0,506939.4303218294,1868.787353515625,"(np.int64(1889), np.int64(1849), np.int64(1900), np.int64(1856))",466,73
303,1840.1875,1909.5625,10.0,123643.76349312911,735.992431640625,"(np.int64(1907), np.int64(1839), np.int64(1914), np.int64(1842))",466,73
304,97.0,379.0,2.0,24728.752698625824,642.1331787109375,"(np.int64(376), np.int64(96), np.int64(383), np.int64(99))",623,53
304,686.0,895.0,1.0,12364.376349312912,612.2465209960938,"(np.int64(895), np.int64(686), np.int64(896), np.int64(687))",768,2
304,272.58333333333337,1002.0833333333333,7.0,86550.63444519039,642.1331787109375,"(np.int64(999), np.int64(271), np.int64(1006), np.int64(275))",738,20
304,941.2857142857143,1103.5714285714287,7.0,86550.63444519039,1017.5903930664062,"(np.int64(1103), np.int64(940), np.int64(1105), np.int64(944))",400,89
304,331.25,1501.5,3.0,37093.12904793874,642.1331787109375,"(np.int64(1500), np.int64(329), np.int64(1504), np.int64(335))",749,4
304,416.5,1550.0,2.0,24728.752698625824,612.2465209960938,"(np.int64(1550), np.int64(416), np.int64(1551), np.int64(418))",496,20
304,1128.0,1655.5,6.0,74186.25809587748,703.9778442382812,"(np.int64(1655), np.int64(1127), np.int64(1657), np.int64(1130))",702,44
304,1073.969696969697,1668.6363636363637,33.0,408024.41952732607,735.9851684570312,"(np.int64(1663), np.int64(1069), np.int64(1674), np.int64(1080))",644,88
304,1862.0,1800.0,3.0,37093.12904793874,672.7102661132812,"(np.int64(1800), np.int64(1861), np.int64(1801), np.int64(1864))",769,11
304,1849.1159420289853,1894.0434782608697,49.0,605854.4411163327,2026.6842041015625,"(np.int64(1886), np.int64(1846), np.int64(1901), np.int64(1857))",466,73
304,1841.2222222222222,1909.888888888889,9.0,111279.3871438162,672.7102661132812,"(np.int64(1907), np.int64(1840), np.int64(1913), np.int64(1844))",466,73
305,960.0,266.0,1.0,12364.376349312912,612.291748046875,"(np.int64(266), np.int64(960), np.int64(267), np.int64(961))",765,2
305,118.5,398.0,2.0,24728.752698625824,735.9894409179688,"(np.int64(398), np.int64(118), np.int64(399), np.int64(120))",623,53
305,274.75,1007.5,4.0,49457.50539725165,672.7010498046875,"(np.int64(1006), np.int64(274), np.int64(1010), np.int64(276))",738,20
305,940.75,1103.75,8.0,98915.0107945033,1258.6455078125,"(np.int64(1103), np.int64(939), np.int64(1106), np.int64(943))",400,89
305,1091.5,1654.0,2.0,24728.752698625824,612.291748046875,"(np.int64(1654), np.int64(1091), np.int64(1655), np.int64(1093))",644,88
305,1073.7169811320755,1667.5094339622642,53.0,655311.9465135843,768.6875610351562,"(np.int64(1662), np.int64(1066), np.int64(1673), np.int64(1080))",644,88
305,1849.6319444444443,1890.861111111111,53.0,655311.9465135843,1817.5985107421875,"(np.int64(1886), np.int64(1847), np.int64(1900), np.int64(1857))",466,73
305,1839.5,1906.0,2.0,24728.752698625824,612.291748046875,"(np.int64(1904), np.int64(1839), np.int64(1909), np.int64(1841))",466,73
306,97.9375,385.0,16.0,197830.0215890066,906.6777954101562,"(np.int64(382), np.int64(96), np.int64(389), np.int64(103))",623,53
306,116.5,399.0,2.0,24728.752698625824,768.6875610351562,"(np.int64(399), np.int64(116), np.int64(400), np.int64(118))",623,53
306,1359.5,589.5,2.0,24728.752698625824,612.291748046875,"(np.int64(589), np.int64(1359), np.int64(591), np.int64(1361))",774,10
306,275.0,1008.0,3.0,37093.12904793874,672.7010498046875,"(np.int64(1007), np.int64(275), np.int64(1010), np.int64(276))",738,20
306,1544.0,1044.0,1.0,12364.376349312912,612.291748046875,"(np.int64(1044), np.int64(1544), np.int64(1045), np.int64(1545))",583,42
306,941.3333333333334,1103.6666666666667,3.0,37093.12904793874,942.92333984375,"(np.int64(1103), np.int64(941), np.int64(1105), np.int64(943))",400,89
306,330.5,1501.1666666666667,6.0,74186.25809587748,642.11083984375,"(np.int64(1499), np.int64(326), np.int64(1505), np.int64(333))",749,4
306,1077.566037735849,1664.3962264150944,54.0,667676.3228628973,768.6875610351562,"(np.int64(1662), np.int64(1069), np.int64(1672), np.int64(1082))",644,88
306,1862.0,1800.0,1.0,12364.376349312912,642.11083984375,"(np.int64(1800), np.int64(1862), np.int64(1801), np.int64(1863))",769,11
306,1850.5555555555557,1890.574074074074,58.0,717133.8282601489,1767.1116943359375,"(np.int64(1886), np.int64(1847), np.int64(1900), np.int64(1857))",466,73
307,605.5,49.5,2.0,24728.752698625824,642.112060546875,"(np.int64(49), np.int64(605), np.int64(51), np.int64(607))",429,7
307,96.66666666666667,381.53333333333336,15.0,185465.64523969367,979.9134521484375,"(np.int64(378), np.int64(95), np.int64(385), np.int64(99))",623,53
307,118.0,400.0,1.0,12364.376349312912,612.2830810546875,"(np.int64(400), np.int64(118), np.int64(401), np.int64(119))",623,53
307,1362.6153846153845,593.3076923076923,13.0,160736.89254106785,1258.641845703125,"(np.int64(592), np.int64(1360), np.int64(597), np.int64(1366))",774,10
307,307.0,983.5,2.0,24728.752698625824,612.2830810546875,"(np.int64(983), np.int64(307), np.int64(985), np.int64(308))",778,17
307,272.6071428571429,1004.4285714285714,12.0,148372.51619175496,672.7208251953125,"(np.int64(999), np.int64(271), np.int64(1012), np.int64(276))",738,20
307,941.1428571428571,1104.142857142857,7.0,86550.63444519039,768.706298828125,"(np.int64(1103), np.int64(940), np.int64(1106), np.int64(944))",400,89
307,333.6,1500.8,5.0,61821.881746564555,736.0179443359375,"(np.int64(1500), np.int64(333), np.int64(1503), np.int64(335))",749,4
307,1114.0,1630.0,1.0,12364.376349312912,612.2830810546875,"(np.int64(1630), np.int64(1114), np.int64(1631), np.int64(1115))",702,44
307,1122.25,1642.75,4.0,49457.50539725165,612.2830810546875,"(np.int64(1642), np.int64(1121), np.int64(1645), np.int64(1124))",702,44
307,1091.0,1655.0,1.0,12364.376349312912,612.2830810546875,"(np.int64(1655), np.int64(1091), np.int64(1656), np.int64(1092))",644,88
307,1073.3725490196077,1667.137254901961,51.0,630583.1938149584,871.12548828125,"(np.int64(1663), np.int64(1069), np.int64(1673), np.int64(1078))",644,88
307,1105.5,1686.5,2.0,24728.752698625824,642.112060546875,"(np.int64(1686), np.int64(1105), np.int64(1688), np.int64(1107))",644,88
307,1850.3667452830189,1890.680424528302,61.0,754226.9573080876,1388.810302734375,"(np.int64(1886), np.int64(1847), np.int64(1900), np.int64(1857))",466,73
308,604.0,46.0,1.0,12364.376349312912,612.2701416015625,"(np.int64(46), np.int64(604), np.int64(47), np.int64(605))",429,7
308,117.0,397.0,3.0,37093.12904793874,642.117919921875,"(np.int64(397), np.int64(116), np.int64(398), np.int64(119))",623,53
308,1360.2222222222222,590.3333333333334,9.0,111279.3871438162,1017.6014404296875,"(np.int64(589), np.int64(1358), np.int64(593), np.int64(1363))",774,10
308,269.8181818181818,997.9090909090909,11.0,136008.13984244203,703.977294921875,"(np.int64(994), np.int64(269), np.int64(1003), np.int64(272))",738,20
308,939.2857142857143,1101.4285714285713,7.0,86550.63444519039,906.6746826171875,"(np.int64(1101), np.int64(938), np.int64(1103), np.int64(942))",400,89
308,1071.7073170731708,1663.9268292682927,42.0,519303.8066711423,768.700439453125,"(np.int64(1660), np.int64(1067), np.int64(1669), np.int64(1076))",644,88
308,1103.0,1686.0,1.0,12364.376349312912,612.2701416015625,"(np.int64(1686), np.int64(1103), np.int64(1687), np.int64(1104))",644,88
308,1853.3333333333333,1795.6666666666667,3.0,37093.12904793874,672.7293701171875,"(np.int64(1795), np.int64(1853), np.int64(1797), np.int64(1855))",769,11
308,1847.0,1881.0,1.0,12364.376349312912,612.2701416015625,"(np.int64(1881), np.int64(1847), np.int64(1882), np.int64(1848))",466,73
308,1852.35,1891.1666666666667,60.0,741862.5809587747,1216.73486328125,"(np.int64(1884), np.int64(1850), np.int64(1899), np.int64(1856))",466,73
308,1851.6666666666667,1912.6666666666667,3.0,37093.12904793874,672.7293701171875,"(np.int64(1912), np.int64(1851), np.int64(1914), np.int64(1853))",466,73
309,605.5,47.0,2.0,24728.752698625824,672.7568359375,"(np.int64(47), np.int64(605), np.int64(48), np.int64(607))",429,7
309,116.28571428571429,398.42857142857144,7.0,86550.63444519039,1095.11328125,"(np.int64(398), np.int64(115), np.int64(400), np.int64(119))",623,53
309,272.0,1000.3333333333334,3.0,37093.12904793874,612.3125,"(np.int64(998), np.int64(271), np.int64(1004), np.int64(274))",738,20
309,941.0,1102.0,1.0,12364.376349312912,612.3125,"(np.int64(1102), np.int64(941), np.int64(1103), np.int64(942))",400,89
309,904.0,1228.0,1.0,12364.376349312912,612.3125,"(np.int64(1228), np.int64(904), np.int64(1229), np.int64(905))",723,2
309,243.0,1462.5,2.0,24728.752698625824,612.3125,"(np.int64(1462), np.int64(243), np.int64(1464), np.int64(244))",270,10
309,1123.0,1639.0,1.0,12364.376349312912,642.03076171875,"(np.int64(1639), np.int64(1123), np.int64(1640), np.int64(1124))",702,44
309,1072.7884615384614,1667.4807692307693,30.0,370931.29047938733,735.9716796875,"(np.int64(1660), np.int64(1069), np.int64(1674), np.int64(1076))",644,88
309,1855.0,1796.0,1.0,12364.376349312912,612.3125,"(np.int64(1796), np.int64(1855), np.int64(1797), np.int64(1856))",769,11
309,1854.0253164556962,1891.5443037974683,79.0,976785.73159572,1388.77294921875,"(np.int64(1881), np.int64(1851), np.int64(1900), np.int64(1858))",466,73
309,1852.5,1913.0,2.0,24728.752698625824,672.7568359375,"(np.int64(1913), np.int64(1852), np.int64(1914), np.int64(1854))",466,73
310,1854.0,372.0,1.0,12364.376349312912,612.2933349609375,"(np.int64(372), np.int64(1854), np.int64(373), np.int64(1855))",379,52
310,119.0,399.5,12.0,148372.51619175496,1017.6028442382812,"(np.int64(399), np.int64(116), np.int64(401), np.int64(123))",623,53
310,1363.0,593.0,1.0,12364.376349312912,642.1331787109375,"(np.int64(593), np.int64(1363), np.int64(594), np.int64(1364))",774,10
310,236.0,717.0,1.0,12364.376349312912,642.1331787109375,"(np.int64(717), np.int64(236), np.int64(718), np.int64(237))",767,3
310,1285.5,1306.8333333333333,6.0,74186.25809587748,703.9725341796875,"(np.int64(1306), np.int64(1284), np.int64(1309), np.int64(1288))",141,77
310,1072.8645833333333,1663.6527777777776,36.0,445117.5485752648,871.1321411132812,"(np.int64(1661), np.int64(1070), np.int64(1676), np.int64(1077))",644,88
310,1851.6727053140096,1886.3743961352657,97.0,1199344.5058833524,1572.28173828125,"(np.int64(1880), np.int64(1849), np.int64(1902), np.int64(1860))",466,73
310,1854.25,1913.875,8.0,98915.0107945033,768.710693359375,"(np.int64(1913), np.int64(1853), np.int64(1916), np.int64(1857))",466,73
311,96.25,386.75,4.0,49457.50539725165,672.7227172851562,"(np.int64(386), np.int64(96), np.int64(389), np.int64(98))",623,53
311,115.8,400.4,5.0,61821.881746564555,836.2614135742188,"(np.int64(400), np.int64(115), np.int64(402), np.int64(118))",623,53
311,234.5,716.0,2.0,24728.752698625824,672.7227172851562,"(np.int64(716), np.int64(234), np.int64(717), np.int64(236))",767,3
311,943.0,1102.5,2.0,24728.752698625824,642.1226806640625,"(np.int64(1102), np.int64(942), np.int64(1104), np.int64(945))",400,89
311,1292.1875,1307.25,10.0,123643.76349312911,736.00146484375,"(np.int64(1305), np.int64(1287), np.int64(1310), np.int64(1297))",141,77
311,1270.3333333333333,1309.3333333333333,3.0,37093.12904793874,672.7227172851562,"(np.int64(1309), np.int64(1270), np.int64(1311), np.int64(1272))",141,77
311,243.0,1461.5,2.0,24728.752698625824,642.1226806640625,"(np.int64(1461), np.int64(243), np.int64(1463), np.int64(244))",270,10
311,1074.9803921568628,1668.9019607843138,51.0,630583.1938149584,1056.02099609375,"(np.int64(1664), np.int64(1072), np.int64(1675), np.int64(1079))",644,88
311,859.5,1682.0,2.0,24728.752698625824,612.2477416992188,"(np.int64(1682), np.int64(859), np.int64(1683), np.int64(861))",788,4
311,1854.7477477477478,1892.027027027027,111.0,1372445.7747737332,1717.330322265625,"(np.int64(1881), np.int64(1849), np.int64(1902), np.int64(1859))",466,73
311,1856.0,1903.0,1.0,12364.376349312912,642.1226806640625,"(np.int64(1903), np.int64(1856), np.int64(1904), np.int64(1857))",466,73
311,1853.0,1913.75,4.0,49457.50539725165,802.1324462890625,"(np.int64(1913), np.int64(1852), np.int64(1915), np.int64(1855))",466,73
312,1849.625,373.5,5.0,61821.881746564555,612.2658081054688,"(np.int64(370), np.int64(1848), np.int64(377), np.int64(1853))",379,52
312,97.625,386.0,8.0,98915.0107945033,942.9111938476562,"(np.int64(384), np.int64(97), np.int64(389), np.int64(99))",623,53
312,115.0,400.0,3.0,37093.12904793874,836.2672729492188,"(np.int64(400), np.int64(114), np.int64(401), np.int64(117))",623,53
312,942.0,1101.0,1.0,12364.376349312912,612.2658081054688,"(np.int64(1101), np.int64(942), np.int64(1102), np.int64(943))",400,89
312,1543.0,1103.0,1.0,12364.376349312912,612.2658081054688,"(np.int64(1103), np.int64(1543), np.int64(1104), np.int64(1544))",241,21
312,1276.3579545454545,1307.3238636363635,28.0,346202.5377807615,768.7261962890625,"(np.int64(1305), np.int64(1271), np.int64(1310), np.int64(1289))",141,77
312,243.0,1460.5,2.0,24728.752698625824,612.2658081054688,"(np.int64(1460), np.int64(243), np.int64(1462), np.int64(244))",270,10
312,1122.0,1654.0,1.0,12364.376349312912,612.2658081054688,"(np.int64(1654), np.int64(1122), np.int64(1655), np.int64(1123))",702,44
312,1076.3809523809523,1668.3333333333333,84.0,1038607.6133422846,1258.646240234375,"(np.int64(1663), np.int64(1071), np.int64(1676), np.int64(1084))",644,88
312,862.0344827586207,1681.344827586207,29.0,358566.91413007444,703.999267578125,"(np.int64(1678), np.int64(859), np.int64(1687), np.int64(866))",788,4
312,374.25,1798.75,4.0,49457.50539725165,612.2658081054688,"(np.int64(1798), np.int64(374), np.int64(1801), np.int64(376))",60,51
312,1850.9865319865319,1887.6767676767677,105.0,1298259.5166778555,1767.130126953125,"(np.int64(1880), np.int64(1848), np.int64(1901), np.int64(1860))",466,73
312,1853.0,1913.0,3.0,37093.12904793874,672.6973266601562,"(np.int64(1913), np.int64(1851), np.int64(1914), np.int64(1856))",466,73
312,2036.0,1990.0,1.0,12364.376349312912,612.2658081054688,"(np.int64(1990), np.int64(2036), np.int64(1991), np.int64(2037))",414,31
312,1099.0,2017.0,1.0,12364.376349312912,612.2658081054688,"(np.int64(2017), np.int64(1099), np.int64(2018), np.int64(1100))",790,13
313,1853.5,375.5,6.0,74186.25809587748,642.134033203125,"(np.int64(375), np.int64(1852), np.int64(377), np.int64(1856))",379,52
313,99.57142857142857,387.7142857142857,7.0,86550.63444519039,1017.602294921875,"(np.int64(386), np.int64(99), np.int64(390), np.int64(101))",623,53
313,116.28571428571429,401.57142857142856,7.0,86550.63444519039,1175.468994140625,"(np.int64(401), np.int64(115), np.int64(403), np.int64(119))",623,53
313,1545.0,1105.0,1.0,12364.376349312912,612.2967529296875,"(np.int64(1105), np.int64(1545), np.int64(1106), np.int64(1546))",241,21
313,876.0,1226.0,1.0,12364.376349312912,612.2967529296875,"(np.int64(1226), np.int64(876), np.int64(1227), np.int64(877))",792,4
313,1276.1875,1309.375,16.0,197830.0215890066,768.7166748046875,"(np.int64(1308), np.int64(1273), np.int64(1312), np.int64(1280))",141,77
313,245.0,1462.0,1.0,12364.376349312912,612.2967529296875,"(np.int64(1462), np.int64(245), np.int64(1463), np.int64(246))",270,10
313,579.0,1547.0,1.0,12364.376349312912,612.2967529296875,"(np.int64(1547), np.int64(579), np.int64(1548), np.int64(580))",793,6
313,1078.7363636363636,1670.8090909090909,58.0,717133.8282601489,1134.96240234375,"(np.int64(1664), np.int64(1071), np.int64(1678), np.int64(1082))",644,88
313,865.875,1680.6458333333335,25.0,309109.4087328228,735.986083984375,"(np.int64(1679), np.int64(861), np.int64(1688), np.int64(869))",788,4
313,375.0,1800.5,2.0,24728.752698625824,703.978759765625,"(np.int64(1800), np.int64(375), np.int64(1802), np.int64(376))",60,51
313,1856.5555555555557,1891.4040404040404,99.0,1224073.2585819783,1134.96240234375,"(np.int64(1880), np.int64(1852), np.int64(1902), np.int64(1860))",466,73
313,1851.0,1882.0,1.0,12364.376349312912,612.2967529296875,"(np.int64(1882), np.int64(1851), np.int64(1883), np.int64(1852))",466,73
313,1864.0,1900.0,1.0,12364.376349312912,612.2967529296875,"(np.int64(1900), np.int64(1864), np.int64(1901), np.int64(1865))",466,73
313,1843.0,1911.0,1.0,12364.376349312912,642.134033203125,"(np.int64(1911), np.int64(1843), np.int64(1912), np.int64(1844))",466,73
313,1852.3333333333333,1915.3333333333333,3.0,37093.12904793874,672.6947021484375,"(np.int64(1915), np.int64(1852), np.int64(1917), np.int64(1854))",466,73
313,1401.0,1935.0,1.0,12364.376349312912,612.2967529296875,"(np.int64(1935), np.int64(1401), np.int64(1936), np.int64(1402))",730,3
313,2034.5727272727272,1995.6,16.0,197830.02158900662,703.978759765625,"(np.int64(1991), np.int64(2026), np.int64(2002), np.int64(2042))",414,31
313,1099.7,2018.8,10.0,123643.76349312911,703.978759765625,"(np.int64(2018), np.int64(1098), np.int64(2021), np.int64(1103))",790,13
314,1851.5,373.0,2.0,24728.752698625824,612.2722778320312,"(np.int64(373), np.int64(1851), np.int64(374), np.int64(1853))",379,52
314,100.0,388.0,1.0,12364.376349312912,612.2722778320312,"(np.int64(388), np.int64(100), np.int64(389), np.int64(101))",623,53
314,117.3076923076923,401.53846153846155,13.0,160736.89254106785,1717.3271484375,"(np.int64(400), np.int64(115), np.int64(404), np.int64(120))",623,53
314,904.0,1138.5,2.0,24728.752698625824,612.2722778320312,"(np.int64(1138), np.int64(903), np.int64(1140), np.int64(906))",722,2
314,294.0,1519.5,4.0,49457.50539725165,642.1436157226562,"(np.int64(1519), np.int64(293), np.int64(1521), np.int64(296))",796,4
314,577.5,1549.0,2.0,24728.752698625824,612.2722778320312,"(np.int64(1548), np.int64(576), np.int64(1551), np.int64(580))",793,6
314,1126.0,1642.0,1.0,12364.376349312912,612.2722778320312,"(np.int64(1642), np.int64(1126), np.int64(1643), np.int64(1127))",702,44
314,1102.0,1662.0,1.0,12364.376349312912,612.2722778320312,"(np.int64(1662), np.int64(1102), np.int64(1663), np.int64(1103))",644,88
314,1077.4177215189873,1669.1518987341772,80.0,989150.1079450329,1134.9515380859375,"(np.int64(1663), np.int64(1072), np.int64(1677), np.int64(1084))",644,88
314,279.0,1681.0,1.0,12364.376349312912,612.2722778320312,"(np.int64(1681), np.int64(279), np.int64(1682), np.int64(280))",233,19
314,863.0,1683.5,2.0,24728.752698625824,612.2722778320312,"(np.int64(1683), np.int64(863), np.int64(1685), np.int64(864))",788,4
314,1105.0,1691.0,1.0,12364.376349312912,672.7096557617188,"(np.int64(1691), np.int64(1105), np.int64(1692), np.int64(1106))",644,88
314,1856.5070422535211,1892.7605633802816,71.0,877870.7208012168,1216.6925048828125,"(np.int64(1884), np.int64(1854), np.int64(1902), np.int64(1860))",466,73
314,1865.5,1901.5,4.0,49457.50539725165,672.7096557617188,"(np.int64(1900), np.int64(1865), np.int64(1904), np.int64(1867))",466,73
314,1845.0,1912.0,1.0,12364.376349312912,612.2722778320312,"(np.int64(1912), np.int64(1845), np.int64(1913), np.int64(1846))",466,73
314,2032.5982905982908,1995.136752136752,41.0,506939.43032182934,704.0166625976562,"(np.int64(1992), np.int64(2029), np.int64(1999), np.int64(2044))",414,31
314,1099.7142857142858,2018.357142857143,14.0,173101.26889038077,704.0166625976562,"(np.int64(2017), np.int64(1097), np.int64(2021), np.int64(1103))",790,13
315,1853.0,370.0,1.0,12364.376349312912,612.2814331054688,"(np.int64(370), np.int64(1853), np.int64(371), np.int64(1854))",379,52
315,117.16666666666667,401.0,6.0,74186.25809587748,871.0966186523438,"(np.int64(400), np.int64(115), np.int64(403), np.int64(120))",623,53
315,531.0,477.0,1.0,12364.376349312912,642.120849609375,"(np.int64(477), np.int64(531), np.int64(478), np.int64(532))",798,3
315,1689.0,563.5,2.0,24728.752698625824,642.120849609375,"(np.int64(563), np.int64(1689), np.int64(565), np.int64(1690))",731,16
315,179.625,1036.625,8.0,98915.0107945033,735.9779052734375,"(np.int64(1036), np.int64(178), np.int64(1038), np.int64(183))",799,2
315,944.0,1102.0,1.0,12364.376349312912,704.0133666992188,"(np.int64(1102), np.int64(944), np.int64(1103), np.int64(945))",400,89
315,876.0,1224.0,1.0,12364.376349312912,612.2814331054688,"(np.int64(1224), np.int64(876), np.int64(1225), np.int64(877))",792,4
315,294.0,1519.6666666666667,5.0,61821.881746564555,642.120849609375,"(np.int64(1517), np.int64(291), np.int64(1523), np.int64(299))",796,4
315,580.4285714285714,1545.7857142857142,8.0,98915.0107945033,672.7129516601562,"(np.int64(1544), np.int64(577), np.int64(1550), np.int64(583))",793,6
315,1077.75,1547.5,5.0,61821.88174656456,704.0133666992188,"(np.int64(1547), np.int64(1074), np.int64(1549), np.int64(1082))",800,6
315,1114.0,1630.0,1.0,12364.376349312912,672.7129516601562,"(np.int64(1630), np.int64(1114), np.int64(1631), np.int64(1115))",702,44
315,1125.0,1642.0,1.0,12364.376349312912,612.2814331054688,"(np.int64(1642), np.int64(1125), np.int64(1643), np.int64(1126))",702,44
315,1077.34375,1669.359375,64.0,791320.0863560264,942.9503784179688,"(np.int64(1662), np.int64(1072), np.int64(1678), np.int64(1083))",644,88
315,1103.4285714285713,1693.857142857143,7.0,86550.63444519039,768.695068359375,"(np.int64(1692), np.int64(1102), np.int64(1696), np.int64(1105))",644,88
315,1842.0,1844.0,1.0,12364.376349312912,612.2814331054688,"(np.int64(1844), np.int64(1842), np.int64(1845), np.int64(1843))",337,20
315,1851.94,1890.87,51.0,630583.1938149586,979.9176025390625,"(np.int64(1887), np.int64(1849), np.int64(1901), np.int64(1859))",466,73
315,1865.2,1900.9333333333334,15.0,185465.64523969367,768.695068359375,"(np.int64(1898), np.int64(1862), np.int64(1904), np.int64(1869))",466,73
315,1852.0,1914.0,1.0,12364.376349312912,612.2814331054688,"(np.int64(1914), np.int64(1852), np.int64(1915), np.int64(1853))",466,73
315,2034.720238095238,1994.9583333333333,51.0,630583.1938149584,768.695068359375,"(np.int64(1992), np.int64(2026), np.int64(2001), np.int64(2047))",414,31
315,1099.15,2018.05,20.0,247287.52698625822,768.695068359375,"(np.int64(2016), np.int64(1096), np.int64(2021), np.int64(1104))",790,13
316,116.5,402.0,2.0,24728.752698625824,871.1102905273438,"(np.int64(402), np.int64(116), np.int64(403), np.int64(118))",623,53
316,531.5,477.0,2.0,24728.752698625824,642.133544921875,"(np.int64(477), np.int64(531), np.int64(478), np.int64(533))",798,3
316,619.5,511.0,2.0,24728.752698625824,612.2509155273438,"(np.int64(511), np.int64(619), np.int64(512), np.int64(621))",341,14
316,1689.2,563.6,5.0,61821.881746564555,703.9804077148438,"(np.int64(563), np.int64(1688), np.int64(565), np.int64(1691))",731,16
316,1361.0,590.0,1.0,12364.376349312912,612.2509155273438,"(np.int64(590), np.int64(1361), np.int64(591), np.int64(1362))",774,10
316,178.2,1034.4,10.0,123643.76349312911,703.9804077148438,"(np.int64(1033), np.int64(176), np.int64(1036), np.int64(182))",799,2
316,876.25,1222.75,4.0,49457.50539725165,672.7100219726562,"(np.int64(1222), np.int64(876), np.int64(1225), np.int64(878))",792,4
316,1281.5,1309.5,2.0,24728.752698625824,612.2509155273438,"(np.int64(1309), np.int64(1281), np.int64(1311), np.int64(1283))",141,77
316,294.75,1519.25,4.0,49457.50539725165,672.7100219726562,"(np.int64(1519), np.int64(294), np.int64(1521), np.int64(297))",796,4
316,579.375,1547.5,6.0,74186.25809587748,672.7100219726562,"(np.int64(1545), np.int64(577), np.int64(1552), np.int64(582))",793,6
316,1074.25,1547.25,16.0,197830.0215890066,768.6952514648438,"(np.int64(1547), np.int64(1069), np.int64(1549), np.int64(1081))",800,6
316,1114.5,1629.5,4.0,49457.50539725165,735.9908447265625,"(np.int64(1629), np.int64(1114), np.int64(1631), np.int64(1116))",702,44
316,1082.0632911392404,1668.23417721519,80.0,989150.107945033,802.1397094726562,"(np.int64(1663), np.int64(1073), np.int64(1678), np.int64(1086))",644,88
316,1102.8823529411766,1693.7941176470588,18.0,222558.77428763243,768.6952514648438,"(np.int64(1692), np.int64(1100), np.int64(1699), np.int64(1105))",644,88
316,1842.0,1842.75,4.0,49457.50539725165,703.9804077148438,"(np.int64(1842), np.int64(1841), np.int64(1845), np.int64(1844))",337,20
316,1849.0,1884.0,3.0,37093.12904793874,642.133544921875,"(np.int64(1883), np.int64(1849), np.int64(1886), np.int64(1850))",466,73
316,1854.96,1893.62,50.0,618218.8174656456,1017.609130859375,"(np.int64(1885), np.int64(1852), np.int64(1900), np.int64(1860))",466,73
316,1864.7272727272727,1900.4545454545455,11.0,136008.13984244203,703.9804077148438,"(np.int64(1898), np.int64(1863), np.int64(1903), np.int64(1868))",466,73
316,2024.0,1988.0,1.0,12364.376349312912,612.2509155273438,"(np.int64(1988), np.int64(2024), np.int64(1989), np.int64(2025))",414,31
316,2038.5165692007797,1996.1267056530214,48.0,593490.0647670198,672.7100219726562,"(np.int64(1993), np.int64(2027), np.int64(2001), np.int64(2048))",414,31
316,1098.8064516129032,2017.032258064516,31.0,383295.6668287003,871.1102905273438,"(np.int64(2015), np.int64(1095), np.int64(2021), np.int64(1104))",790,13
317,1854.5,373.0,2.0,24728.752698625824,672.7327880859375,"(np.int64(373), np.int64(1854), np.int64(374), np.int64(1856))",379,52
317,625.2,502.6,5.0,61821.881746564555,906.6893920898438,"(np.int64(502), np.int64(624), np.int64(504), np.int64(627))",341,14
317,1691.0,564.0,1.0,12364.376349312912,642.1159057617188,"(np.int64(564), np.int64(1691), np.int64(565), np.int64(1692))",731,16
317,1363.0,588.5,4.0,49457.50539725165,672.7327880859375,"(np.int64(588), np.int64(1362), np.int64(590), np.int64(1365))",774,10
317,877.3333333333334,1222.3333333333333,3.0,37093.12904793874,642.1159057617188,"(np.int64(1222), np.int64(877), np.int64(1224), np.int64(879))",792,4
317,1244.0,1309.0,1.0,12364.376349312912,612.256103515625,"(np.int64(1309), np.int64(1244), np.int64(1310), np.int64(1245))",141,77
317,247.5,1456.0,2.0,24728.752698625824,612.256103515625,"(np.int64(1456), np.int64(247), np.int64(1457), np.int64(249))",270,10
317,293.0,1519.0,1.0,12364.376349312912,612.256103515625,"(np.int64(1519), np.int64(293), np.int64(1520), np.int64(294))",796,4
317,1076.2222222222222,1547.111111111111,18.0,222558.7742876324,802.1566162109375,"(np.int64(1546), np.int64(1072), np.int64(1549), np.int64(1082))",800,6
317,1294.0,1594.0,1.0,12364.376349312912,612.256103515625,"(np.int64(1594), np.int64(1294), np.int64(1595), np.int64(1295))",802,11
317,1115.0,1629.75,4.0,49457.50539725165,736.0014038085938,"(np.int64(1629), np.int64(1114), np.int64(1631), np.int64(1117))",702,44
317,1079.1283602150538,1673.6673387096776,101.0,1248802.0112806042,768.700439453125,"(np.int64(1662), np.int64(1074), np.int64(1680), np.int64(1090))",644,88
317,1098.0,1664.0,1.0,12364.376349312912,612.256103515625,"(np.int64(1664), np.int64(1098), np.int64(1665), np.int64(1099))",644,88
317,1102.3333333333333,1696.5,12.0,148372.51619175496,836.2752685546875,"(np.int64(1694), np.int64(1101), np.int64(1700), np.int64(1105))",644,88
317,1841.0,1844.0,1.0,12364.376349312912,612.256103515625,"(np.int64(1844), np.int64(1841), np.int64(1845), np.int64(1842))",337,20
317,1853.9181818181817,1887.639393939394,64.0,791320.0863560264,802.1566162109375,"(np.int64(1883), np.int64(1850), np.int64(1900), np.int64(1860))",466,73
317,1865.4285714285713,1900.7142857142858,7.0,86550.63444519039,672.7327880859375,"(np.int64(1899), np.int64(1864), np.int64(1903), np.int64(1868))",466,73
317,1850.5,1911.75,3.0,37093.12904793874,672.7327880859375,"(np.int64(1910), np.int64(1847), np.int64(1915), np.int64(1855))",466,73
317,2030.7142857142858,1998.857142857143,7.0,86550.63444519039,704.0121459960938,"(np.int64(1998), np.int64(2028), np.int64(2000), np.int64(2034))",414,31
317,1099.3548387096773,2016.516129032258,31.0,383295.6668287003,871.103759765625,"(np.int64(2014), np.int64(1095), np.int64(2021), np.int64(1105))",790,13
318,1855.0,372.0,1.0,12364.376349312912,642.1436157226562,"(np.int64(372), np.int64(1855), np.int64(373), np.int64(1856))",379,52
318,537.0,461.0,1.0,12364.376349312912,642.1436157226562,"(np.int64(461), np.int64(537), np.int64(462), np.int64(538))",804,3
318,625.4,503.4,5.0,61821.881746564555,704.0166625976562,"(np.int64(503), np.int64(624), np.int64(505), np.int64(628))",341,14
318,949.0,545.0,3.0,37093.12904793874,736.0183715820312,"(np.int64(544), np.int64(949), np.int64(547), np.int64(950))",562,5
318,1690.6666666666667,564.6666666666666,3.0,37093.12904793874,672.7096557617188,"(np.int64(564), np.int64(1690), np.int64(566), np.int64(1692))",731,16
318,1360.0,587.5,4.0,49457.50539725165,704.0166625976562,"(np.int64(587), np.int64(1359), np.int64(589), np.int64(1362))",774,10
318,163.85714285714286,936.5714285714286,7.0,86550.63444519039,704.0166625976562,"(np.int64(935), np.int64(163), np.int64(940), np.int64(166))",805,3
318,935.4,1105.2,5.0,61821.881746564555,871.1110229492188,"(np.int64(1104), np.int64(935), np.int64(1107), np.int64(937))",400,89
318,1281.0,1310.0,1.0,12364.376349312912,612.2722778320312,"(np.int64(1310), np.int64(1281), np.int64(1311), np.int64(1282))",141,77
318,247.0,1458.0,1.0,12364.376349312912,612.2722778320312,"(np.int64(1458), np.int64(247), np.int64(1459), np.int64(248))",270,10
318,1075.0,1547.125,8.0,98915.0107945033,642.1436157226562,"(np.int64(1547), np.int64(1072), np.int64(1549), np.int64(1079))",800,6
318,1115.0,1631.0,1.0,12364.376349312912,612.2722778320312,"(np.int64(1631), np.int64(1115), np.int64(1632), np.int64(1116))",702,44
318,1081.4233333333334,1676.4099999999999,110.0,1360081.3984244203,802.1522216796875,"(np.int64(1662), np.int64(1075), np.int64(1682), np.int64(1092))",644,88
318,1102.076923076923,1696.5384615384614,13.0,160736.89254106785,768.7147827148438,"(np.int64(1693), np.int64(1101), np.int64(1701), np.int64(1104))",644,88
318,1856.047619047619,1891.3690476190477,84.0,1038607.6133422846,836.2842407226562,"(np.int64(1880), np.int64(1853), np.int64(1900), np.int64(1860))",466,73
318,1866.8,1901.9,10.0,123643.76349312911,704.0166625976562,"(np.int64(1901), np.int64(1865), np.int64(1904), np.int64(1870))",466,73
318,1850.3333333333333,1912.4166666666665,9.0,111279.38714381622,736.0183715820312,"(np.int64(1909), np.int64(1846), np.int64(1916), np.int64(1856))",466,73
318,2033.0833333333333,1998.375,11.0,136008.13984244203,704.0166625976562,"(np.int64(1997), np.int64(2026), np.int64(2001), np.int64(2042))",414,31
318,1102.155172413793,2014.7068965517242,30.0,370931.29047938733,802.1522216796875,"(np.int64(2013), np.int64(1096), np.int64(2020), np.int64(1106))",790,13
319,1854.0,373.5,2.0,24728.752698625824,642.158447265625,"(np.int64(373), np.int64(1854), np.int64(375), np.int64(1855))",379,52
319,625.5,503.5,4.0,49457.50539725165,672.7127685546875,"(np.int64(503), np.int64(625), np.int64(505), np.int64(627))",341,14
319,1699.9285714285716,546.3571428571429,8.0,98915.0107945033,768.7176513671875,"(np.int64(545), np.int64(1696), np.int64(550), np.int64(1703))",731,16
319,1689.6666666666667,565.6666666666666,3.0,37093.12904793874,612.2474365234375,"(np.int64(565), np.int64(1689), np.int64(567), np.int64(1691))",731,16
319,163.5,936.5,4.0,49457.50539725165,642.158447265625,"(np.int64(935), np.int64(163), np.int64(939), np.int64(165))",805,3
319,307.5,984.5,2.0,24728.752698625824,612.2474365234375,"(np.int64(984), np.int64(307), np.int64(986), np.int64(309))",778,17
319,935.4285714285714,1105.7142857142858,7.0,86550.63444519039,1095.11279296875,"(np.int64(1104), np.int64(935), np.int64(1108), np.int64(937))",400,89
319,844.0,1120.1666666666667,6.0,74186.25809587748,1017.6013793945312,"(np.int64(1119), np.int64(843), np.int64(1122), np.int64(846))",808,4
319,1331.0,1338.0,1.0,12364.376349312912,612.2474365234375,"(np.int64(1338), np.int64(1331), np.int64(1339), np.int64(1332))",27,63
319,246.66666666666666,1458.6666666666667,3.0,37093.12904793874,642.158447265625,"(np.int64(1458), np.int64(246), np.int64(1460), np.int64(248))",270,10
319,408.0,1542.857142857143,7.0,86550.63444519039,836.2587890625,"(np.int64(1542), np.int64(405), np.int64(1544), np.int64(412))",496,20
319,1075.0,1547.0,1.0,12364.376349312912,612.2474365234375,"(np.int64(1547), np.int64(1075), np.int64(1548), np.int64(1076))",800,6
319,1115.0,1630.0,1.0,12364.376349312912,612.2474365234375,"(np.int64(1630), np.int64(1115), np.int64(1631), np.int64(1116))",702,44
319,1126.0,1653.0,1.0,12364.376349312912,612.2474365234375,"(np.int64(1653), np.int64(1126), np.int64(1654), np.int64(1127))",702,44
319,1094.0,1658.5,2.0,24728.752698625824,612.2474365234375,"(np.int64(1658), np.int64(1093), np.int64(1660), np.int64(1096))",644,88
319,1082.1416666666667,1675.075,86.0,1063336.3660409104,802.113037109375,"(np.int64(1664), np.int64(1077), np.int64(1683), np.int64(1094))",644,88
319,1100.6470588235293,1693.1029411764707,19.0,234923.15063694533,736.0191650390625,"(np.int64(1689), np.int64(1099), np.int64(1701), np.int64(1105))",644,88
319,1857.5,1881.0,4.0,49457.50539725165,672.7127685546875,"(np.int64(1880), np.int64(1857), np.int64(1883), np.int64(1859))",466,73
319,1856.6666666666667,1893.5666666666666,60.0,741862.5809587747,802.113037109375,"(np.int64(1884), np.int64(1853), np.int64(1901), np.int64(1860))",466,73
319,1866.75,1902.75,4.0,49457.50539725165,672.7127685546875,"(np.int64(1902), np.int64(1866), np.int64(1904), np.int64(1869))",466,73
319,1845.0,1910.0,1.0,12364.376349312912,612.2474365234375,"(np.int64(1910), np.int64(1845), np.int64(1911), np.int64(1846))",466,73
319,1854.0,1914.5,2.0,24728.752698625824,612.2474365234375,"(np.int64(1914), np.int64(1854), np.int64(1916), np.int64(1855))",466,73
319,2030.6666666666667,1999.0666666666666,15.0,185465.64523969367,672.7127685546875,"(np.int64(1998), np.int64(2027), np.int64(2001), np.int64(2035))",414,31
319,1098.3333333333333,2016.875,24.0,296745.0323835099,802.113037109375,"(np.int64(2014), np.int64(1095), np.int64(2021), np.int64(1102))",790,13
320,627.0,502.5,8.0,98915.0107945033,735.9847412109375,"(np.int64(501), np.int64(625), np.int64(505), np.int64(630))",341,14
320,1691.25,565.25,8.0,98915.0107945033,703.979248046875,"(np.int64(564), np.int64(1690), np.int64(567), np.int64(1694))",731,16
320,1446.75,731.25,4.0,49457.50539725165,768.6875,"(np.int64(730), np.int64(1446), np.int64(733), np.int64(1448))",811,15
320,307.3333333333333,984.6666666666666,3.0,37093.12904793874,768.6875,"(np.int64(984), np.int64(307), np.int64(986), np.int64(309))",778,17
320,935.9047619047619,1106.7142857142858,21.0,259651.90333557114,1525.3134765625,"(np.int64(1105), np.int64(934), np.int64(1110), np.int64(940))",400,89
320,844.5714285714286,1120.7142857142858,7.0,86550.63444519039,942.939453125,"(np.int64(1120), np.int64(843), np.int64(1123), np.int64(847))",808,4
320,246.5,1463.0,2.0,24728.752698625824,672.74072265625,"(np.int64(1463), np.int64(246), np.int64(1464), np.int64(248))",270,10
320,409.8,1542.8,5.0,61821.881746564555,703.979248046875,"(np.int64(1542), np.int64(408), np.int64(1544), np.int64(412))",496,20
320,1075.75,1547.5,3.0,37093.12904793874,642.1298828125,"(np.int64(1547), np.int64(1073), np.int64(1549), np.int64(1080))",800,6
320,1116.0,1630.0,1.0,12364.376349312912,642.1298828125,"(np.int64(1630), np.int64(1116), np.int64(1631), np.int64(1117))",702,44
320,1125.0,1652.0,1.0,12364.376349312912,612.2860107421875,"(np.int64(1652), np.int64(1125), np.int64(1653), np.int64(1126))",702,44
320,1094.0,1658.1666666666665,4.0,49457.50539725165,642.1298828125,"(np.int64(1657), np.int64(1093), np.int64(1661), np.int64(1096))",644,88
320,1085.1236363636363,1673.6654545454544,59.0,729498.204609462,802.1572265625,"(np.int64(1668), np.int64(1078), np.int64(1679), np.int64(1093))",644,88
320,1096.0,1684.8148148148148,27.0,333838.1614314486,703.979248046875,"(np.int64(1679), np.int64(1092), np.int64(1691), np.int64(1100))",644,88
320,1101.76,1695.36,25.0,309109.4087328228,768.6875,"(np.int64(1691), np.int64(1100), np.int64(1701), np.int64(1104))",644,88
320,1046.0,1729.0,1.0,12364.376349312912,612.2860107421875,"(np.int64(1729), np.int64(1046), np.int64(1730), np.int64(1047))",82,64
320,897.0,1730.5,2.0,24728.752698625824,612.2860107421875,"(np.int64(1730), np.int64(897), np.int64(1732), np.int64(898))",89,127
320,1854.5,1797.0,2.0,24728.752698625824,612.2860107421875,"(np.int64(1797), np.int64(1854), np.int64(1798), np.int64(1856))",769,11
320,1847.5,1835.5,2.0,24728.752698625824,735.9847412109375,"(np.int64(1835), np.int64(1847), np.int64(1837), np.int64(1849))",337,20
320,1857.1147540983607,1892.5081967213114,61.0,754226.9573080876,979.8956298828125,"(np.int64(1879), np.int64(1853), np.int64(1902), np.int64(1860))",466,73
320,1867.1666666666667,1903.6666666666667,6.0,74186.25809587748,672.74072265625,"(np.int64(1903), np.int64(1866), np.int64(1905), np.int64(1870))",466,73
320,1844.3333333333333,1910.8333333333333,6.0,74186.25809587748,703.979248046875,"(np.int64(1909), np.int64(1844), np.int64(1913), np.int64(1846))",466,73
320,1855.0,1914.0,1.0,12364.376349312912,612.2860107421875,"(np.int64(1914), np.int64(1855), np.int64(1915), np.int64(1856))",466,73
320,2029.0,2000.0,5.0,61821.881746564555,612.2860107421875,"(np.int64(2000), np.int64(2027), np.int64(2001), np.int64(2032))",414,31
320,1098.5263157894738,2016.7368421052631,19.0,234923.15063694533,703.979248046875,"(np.int64(2015), np.int64(1096), np.int64(2020), np.int64(1102))",790,13
321,1839.0,280.0,1.0,12364.376349312912,612.26806640625,"(np.int64(280), np.int64(1839), np.int64(281), np.int64(1840))",99,17
321,1283.0,535.0,1.0,12364.376349312912,612.26806640625,"(np.int64(535), np.int64(1283), np.int64(536), np.int64(1284))",813,6
321,1446.5,731.0,4.0,49457.50539725165,703.9788818359375,"(np.int64(730), np.int64(1446), np.int64(733), np.int64(1448))",811,15
321,307.4,984.2,5.0,61821.881746564555,768.6895751953125,"(np.int64(983), np.int64(307), np.int64(986), np.int64(309))",778,17
321,937.7906976744187,1105.5116279069769,43.0,531668.1830204552,1619.914794921875,"(np.int64(1102), np.int64(934), np.int64(1111), np.int64(942))",400,89
321,845.0,1120.5,4.0,49457.50539725165,871.111083984375,"(np.int64(1120), np.int64(844), np.int64(1122), np.int64(847))",808,4
321,1339.0,1336.0,1.0,12364.376349312912,612.26806640625,"(np.int64(1336), np.int64(1339), np.int64(1337), np.int64(1340))",27,63
321,410.6666666666667,1541.6666666666667,3.0,37093.12904793874,703.9788818359375,"(np.int64(1541), np.int64(410), np.int64(1543), np.int64(412))",496,20
321,1090.131111111111,1667.5648717948716,60.0,741862.5809587747,802.16064453125,"(np.int64(1656), np.int64(1078), np.int64(1678), np.int64(1103))",644,88
321,1098.611111111111,1687.1555555555556,90.0,1112793.8714381622,906.6461791992188,"(np.int64(1676), np.int64(1091), np.int64(1701), np.int64(1104))",644,88
321,1852.4375,1796.375,16.0,197830.0215890066,1216.699951171875,"(np.int64(1794), np.int64(1850), np.int64(1799), np.int64(1857))",769,11
321,1849.0,1832.0,1.0,12364.376349312912,612.26806640625,"(np.int64(1832), np.int64(1849), np.int64(1833), np.int64(1850))",337,20
321,1856.2162162162163,1893.418918918919,74.0,914963.8498491555,836.245361328125,"(np.int64(1884), np.int64(1848), np.int64(1901), np.int64(1861))",466,73
321,1866.75,1902.75,4.0,49457.50539725165,672.683349609375,"(np.int64(1902), np.int64(1866), np.int64(1904), np.int64(1869))",466,73
321,1854.25,1914.0,4.0,49457.50539725165,672.683349609375,"(np.int64(1913), np.int64(1854), np.int64(1916), np.int64(1856))",466,73
321,2027.0,2000.0,1.0,12364.376349312912,612.26806640625,"(np.int64(2000), np.int64(2027), np.int64(2001), np.int64(2028))",414,31
321,1098.5454545454545,2015.8181818181818,11.0,136008.13984244203,672.683349609375,"(np.int64(2014), np.int64(1097), np.int64(2018), np.int64(1101))",790,13
322,1838.3333333333333,277.3333333333333,3.0,37093.12904793874,642.1397705078125,"(np.int64(277), np.int64(1838), np.int64(279), np.int64(1840))",99,17
322,1281.3333333333333,533.6666666666666,3.0,37093.12904793874,768.70947265625,"(np.int64(533), np.int64(1281), np.int64(535), np.int64(1283))",813,6
322,948.5,543.0,2.0,24728.752698625824,642.1397705078125,"(np.int64(542), np.int64(948), np.int64(545), np.int64(950))",562,5
322,1445.0,730.0,1.0,12364.376349312912,642.1397705078125,"(np.int64(730), np.int64(1445), np.int64(731), np.int64(1446))",811,15
322,143.83333333333334,798.3333333333334,6.0,74186.25809587748,672.7191162109375,"(np.int64(798), np.int64(142), np.int64(800), np.int64(146))",816,2
322,306.4,984.2,5.0,61821.881746564555,736.0040283203125,"(np.int64(983), np.int64(306), np.int64(986), np.int64(308))",778,17
322,1047.0,1046.0,1.0,12364.376349312912,612.248291015625,"(np.int64(1046), np.int64(1047), np.int64(1047), np.int64(1048))",66,14
322,937.804347826087,1106.8333333333333,48.0,593490.0647670198,1479.1009521484375,"(np.int64(1101), np.int64(933), np.int64(1111), np.int64(942))",400,89
322,844.3333333333334,1119.3333333333333,9.0,111279.3871438162,1095.139404296875,"(np.int64(1118), np.int64(843), np.int64(1122), np.int64(847))",808,4
322,415.0,1537.0,1.0,12364.376349312912,612.248291015625,"(np.int64(1537), np.int64(415), np.int64(1538), np.int64(416))",496,20
322,470.0,1570.0,1.0,12364.376349312912,642.1397705078125,"(np.int64(1570), np.int64(470), np.int64(1571), np.int64(471))",711,2
322,1115.0,1627.0,1.0,12364.376349312912,612.248291015625,"(np.int64(1627), np.int64(1115), np.int64(1628), np.int64(1116))",702,44
322,1095.4,1655.9625,13.0,160736.89254106782,672.7191162109375,"(np.int64(1652), np.int64(1089), np.int64(1661), np.int64(1102))",644,88
322,1080.5885416666665,1670.2864583333335,97.0,1199344.5058833526,768.70947265625,"(np.int64(1664), np.int64(1077), np.int64(1681), np.int64(1096))",644,88
322,1076.0,1679.0,1.0,12364.376349312912,612.248291015625,"(np.int64(1679), np.int64(1076), np.int64(1680), np.int64(1077))",644,88
322,1099.1979166666665,1688.28125,50.0,618218.8174656456,906.6605224609375,"(np.int64(1684), np.int64(1097), np.int64(1701), np.int64(1105))",644,88
322,1851.4,1795.8,15.0,185465.64523969367,1055.9927978515625,"(np.int64(1794), np.int64(1849), np.int64(1798), np.int64(1856))",769,11
322,1845.2063492063492,1833.1825396825398,18.0,222558.77428763243,736.0040283203125,"(np.int64(1825), np.int64(1841), np.int64(1842), np.int64(1851))",337,20
322,1855.340425531915,1892.4787234042553,94.0,1162251.3768354137,1134.9112548828125,"(np.int64(1883), np.int64(1849), np.int64(1902), np.int64(1860))",466,73
322,1850.0,1884.0,1.0,12364.376349312912,612.248291015625,"(np.int64(1884), np.int64(1850), np.int64(1885), np.int64(1851))",466,73
322,1865.0,1901.0,1.0,12364.376349312912,703.986328125,"(np.int64(1901), np.int64(1865), np.int64(1902), np.int64(1866))",466,73
322,2028.0,1996.25,3.0,37093.12904793874,612.248291015625,"(np.int64(1996), np.int64(2027), np.int64(1998), np.int64(2030))",414,31
322,1097.3636363636363,2014.909090909091,11.0,136008.13984244203,672.7191162109375,"(np.int64(2013), np.int64(1096), np.int64(2018), np.int64(1100))",790,13
322,1504.0,2032.0,1.0,12364.376349312912,612.248291015625,"(np.int64(2032), np.int64(1504), np.int64(2033), np.int64(1505))",627,4
323,1282.3333333333333,534.6666666666666,3.0,37093.12904793874,768.7431640625,"(np.int64(534), np.int64(1282), np.int64(536), np.int64(1284))",813,6
323,145.625,799.375,8.0,98915.0107945033,642.1412353515625,"(np.int64(798), np.int64(144), np.int64(801), np.int64(149))",816,2
323,937.0545454545454,1106.0181818181818,55.0,680040.6992122101,1479.1282958984375,"(np.int64(1102), np.int64(933), np.int64(1112), np.int64(943))",400,89
323,414.5909090909091,1538.5227272727273,23.0,284380.65603419696,1017.5699462890625,"(np.int64(1529), np.int64(411), np.int64(1543), np.int64(422))",496,20
323,1100.2666666666667,1660.0333333333335,10.0,123643.76349312912,612.24169921875,"(np.int64(1654), np.int64(1095), np.int64(1666), np.int64(1106))",644,88
323,1083.0401785714284,1668.455357142857,121.0,1496089.5382668625,768.7431640625,"(np.int64(1663), np.int64(1077), np.int64(1680), np.int64(1094))",644,88
323,1077.0,1680.0,1.0,12364.376349312912,612.24169921875,"(np.int64(1680), np.int64(1077), np.int64(1681), np.int64(1078))",644,88
323,1100.111111111111,1696.288888888889,32.0,395660.0431780131,1134.946044921875,"(np.int64(1691), np.int64(1097), np.int64(1703), np.int64(1104))",644,88
323,1852.4347826086957,1797.0,23.0,284380.65603419696,1388.823486328125,"(np.int64(1795), np.int64(1849), np.int64(1800), np.int64(1858))",769,11
323,1837.625,1846.0,5.0,61821.881746564555,672.71435546875,"(np.int64(1845), np.int64(1835), np.int64(1849), np.int64(1840))",337,20
323,1862.0,1854.0,1.0,12364.376349312912,642.1412353515625,"(np.int64(1854), np.int64(1862), np.int64(1855), np.int64(1863))",817,2
323,1856.9701492537313,1888.4738805970148,74.0,914963.8498491555,1095.0799560546875,"(np.int64(1883), np.int64(1852), np.int64(1901), np.int64(1863))",466,73
323,1866.5,1902.0,2.0,24728.752698625824,642.1412353515625,"(np.int64(1902), np.int64(1866), np.int64(1903), np.int64(1868))",466,73
323,1098.3333333333333,2015.111111111111,9.0,111279.3871438162,672.71435546875,"(np.int64(2014), np.int64(1097), np.int64(2017), np.int64(1101))",790,13
323,1506.0,2034.0,1.0,12364.376349312912,612.24169921875,"(np.int64(2034), np.int64(1506), np.int64(2035), np.int64(1507))",627,4
324,1834.05,280.35,9.0,111279.3871438162,642.1131591796875,"(np.int64(276), np.int64(1830), np.int64(285), np.int64(1842))",99,17
324,745.0,322.0,1.0,12364.376349312912,642.1131591796875,"(np.int64(322), np.int64(745), np.int64(323), np.int64(746))",818,2
324,1283.0,535.5,4.0,49457.50539725165,871.111083984375,"(np.int64(535), np.int64(1282), np.int64(537), np.int64(1285))",813,6
324,950.5,544.5,2.0,24728.752698625824,642.1131591796875,"(np.int64(544), np.int64(950), np.int64(546), np.int64(952))",562,5
324,936.8507462686567,1107.5373134328358,67.0,828413.2154039651,2784.7080078125,"(np.int64(1103), np.int64(932), np.int64(1115), np.int64(944))",400,89
324,416.0,1539.8333333333335,4.0,49457.50539725165,612.26806640625,"(np.int64(1538), np.int64(415), np.int64(1542), np.int64(419))",496,20
324,1124.2857142857142,1649.2857142857142,7.0,86550.63444519039,642.1131591796875,"(np.int64(1648), np.int64(1123), np.int64(1651), np.int64(1127))",702,44
324,1102.0877192982455,1659.4342105263158,43.0,531668.1830204552,703.9788818359375,"(np.int64(1654), np.int64(1094), np.int64(1663), np.int64(1110))",644,88
324,1979.6666666666667,1655.6666666666667,3.0,37093.12904793874,735.99951171875,"(np.int64(1655), np.int64(1979), np.int64(1657), np.int64(1981))",360,74
324,1083.2281879194632,1673.3020134228188,149.0,1842292.0760476238,836.245361328125,"(np.int64(1664), np.int64(1075), np.int64(1685), np.int64(1094))",644,88
324,1093.1666666666665,1678.8333333333335,4.0,49457.50539725165,612.26806640625,"(np.int64(1678), np.int64(1091), np.int64(1681), np.int64(1096))",644,88
324,1102.28,1699.6,25.0,309109.4087328228,1017.602783203125,"(np.int64(1695), np.int64(1100), np.int64(1705), np.int64(1105))",644,88
324,1854.857142857143,1797.9142857142858,35.0,432753.1722259519,942.9065551757812,"(np.int64(1796), np.int64(1850), np.int64(1802), np.int64(1861))",769,11
324,1839.0,1846.0,1.0,12364.376349312912,672.683349609375,"(np.int64(1846), np.int64(1839), np.int64(1847), np.int64(1840))",337,20
324,1867.0,1856.0,1.0,12364.376349312912,612.26806640625,"(np.int64(1856), np.int64(1867), np.int64(1857), np.int64(1868))",817,2
324,1853.0,1888.5,2.0,24728.752698625824,642.1131591796875,"(np.int64(1888), np.int64(1853), np.int64(1890), np.int64(1854))",466,73
324,1863.4432773109243,1898.7447478991598,75.0,927328.2261984685,1433.592529296875,"(np.int64(1889), np.int64(1855), np.int64(1904), np.int64(1869))",466,73
324,1848.5,1910.75,5.0,61821.881746564555,642.1131591796875,"(np.int64(1908), np.int64(1844), np.int64(1913), np.int64(1854))",466,73
324,1100.0,2016.5,4.0,49457.50539725165,642.1131591796875,"(np.int64(2015), np.int64(1099), np.int64(2018), np.int64(1102))",790,13
325,1837.0,269.0,1.0,12364.376349312912,612.2780151367188,"(np.int64(269), np.int64(1837), np.int64(270), np.int64(1838))",99,17
325,1836.0,280.5,2.0,24728.752698625824,612.2780151367188,"(np.int64(280), np.int64(1836), np.int64(282), np.int64(1837))",99,17
325,745.0,321.0,1.0,12364.376349312912,612.2780151367188,"(np.int64(321), np.int64(745), np.int64(322), np.int64(746))",818,2
325,536.5,460.0,2.0,24728.752698625824,642.139892578125,"(np.int64(460), np.int64(536), np.int64(461), np.int64(538))",804,3
325,531.0,477.0,1.0,12364.376349312912,612.2780151367188,"(np.int64(477), np.int64(531), np.int64(478), np.int64(532))",798,3
325,1283.5,534.5,2.0,24728.752698625824,802.1431884765625,"(np.int64(534), np.int64(1283), np.int64(536), np.int64(1285))",813,6
325,936.8360655737705,1106.5245901639344,61.0,754226.9573080876,2538.661865234375,"(np.int64(1102), np.int64(934), np.int64(1114), np.int64(943))",400,89
325,1770.0,1194.0,1.0,12364.376349312912,612.2780151367188,"(np.int64(1194), np.int64(1770), np.int64(1195), np.int64(1771))",820,9
325,1367.0,1297.0,1.0,12364.376349312912,612.2780151367188,"(np.int64(1297), np.int64(1367), np.int64(1298), np.int64(1368))",380,139
325,1125.5714285714287,1648.857142857143,7.0,86550.63444519039,642.139892578125,"(np.int64(1648), np.int64(1124), np.int64(1651), np.int64(1128))",702,44
325,1102.0277777777776,1662.7222222222224,63.0,778955.7100067134,768.7015380859375,"(np.int64(1653), np.int64(1092), np.int64(1667), np.int64(1108))",644,88
325,1980.0,1655.5,6.0,74186.25809587748,942.9334106445312,"(np.int64(1655), np.int64(1979), np.int64(1657), np.int64(1982))",360,74
325,1082.241883116883,1673.8306277056276,135.0,1669190.8071572431,836.2645263671875,"(np.int64(1663), np.int64(1075), np.int64(1679), np.int64(1097))",644,88
325,1096.5,1677.0,2.0,24728.752698625824,612.2780151367188,"(np.int64(1677), np.int64(1096), np.int64(1678), np.int64(1098))",644,88
325,1109.0,1682.0,3.0,37093.12904793874,612.2780151367188,"(np.int64(1681), np.int64(1109), np.int64(1684), np.int64(1110))",644,88
325,1102.8947368421052,1696.421052631579,19.0,234923.15063694533,942.9334106445312,"(np.int64(1693), np.int64(1102), np.int64(1702), np.int64(1105))",644,88
325,1853.9473684210527,1797.6842105263158,19.0,234923.15063694533,836.2645263671875,"(np.int64(1796), np.int64(1851), np.int64(1801), np.int64(1858))",769,11
325,1837.0,1847.0,1.0,12364.376349312912,612.2780151367188,"(np.int64(1847), np.int64(1837), np.int64(1848), np.int64(1838))",337,20
325,1853.75,1887.25,4.0,49457.50539725165,612.2780151367188,"(np.int64(1886), np.int64(1853), np.int64(1889), np.int64(1855))",466,73
325,1864.9384615384615,1897.4692307692308,78.0,964421.3552464072,1433.5921630859375,"(np.int64(1887), np.int64(1857), np.int64(1903), np.int64(1872))",466,73
326,1838.0,280.0,2.0,24728.752698625824,612.2780151367188,"(np.int64(280), np.int64(1837), np.int64(281), np.int64(1840))",99,17
326,1858.0,371.0,1.0,12364.376349312912,612.2780151367188,"(np.int64(371), np.int64(1858), np.int64(372), np.int64(1859))",379,52
326,1285.0,535.0,1.0,12364.376349312912,703.9933471679688,"(np.int64(535), np.int64(1285), np.int64(536), np.int64(1286))",813,6
326,935.6643835616438,1108.2808219178082,74.0,914963.8498491555,2478.938232421875,"(np.int64(1102), np.int64(933), np.int64(1116), np.int64(945))",400,89
326,1297.0,1595.0,1.0,12364.376349312912,612.2780151367188,"(np.int64(1595), np.int64(1297), np.int64(1596), np.int64(1298))",802,11
326,1126.6,1649.0,5.0,61821.881746564555,642.139892578125,"(np.int64(1648), np.int64(1125), np.int64(1651), np.int64(1129))",702,44
326,1094.851388888889,1665.2406250000001,220.0,2720162.7968488405,906.6823120117188,"(np.int64(1654), np.int64(1081), np.int64(1677), np.int64(1110))",644,88
326,1981.6,1656.2,5.0,61821.881746564555,768.7015380859375,"(np.int64(1655), np.int64(1981), np.int64(1658), np.int64(1983))",360,74
326,1107.0,1665.0,1.0,12364.376349312912,612.2780151367188,"(np.int64(1665), np.int64(1107), np.int64(1666), np.int64(1108))",644,88
326,1083.5738095238096,1673.8761904761905,42.0,519303.8066711423,703.9933471679688,"(np.int64(1667), np.int64(1077), np.int64(1682), np.int64(1093))",644,88
326,1109.075,1683.725,9.0,111279.3871438162,672.7267456054688,"(np.int64(1682), np.int64(1107), np.int64(1686), np.int64(1112))",644,88
326,1067.0,1684.5,2.0,24728.752698625824,612.2780151367188,"(np.int64(1684), np.int64(1067), np.int64(1686), np.int64(1068))",644,88
326,1103.95,1696.6,20.0,247287.52698625822,1433.5921630859375,"(np.int64(1693), np.int64(1102), np.int64(1701), np.int64(1106))",644,88
326,1864.7912087912089,1895.065934065934,91.0,1125158.247787475,1433.5921630859375,"(np.int64(1886), np.int64(1859), np.int64(1903), np.int64(1875))",466,73
326,1853.0,1910.5,2.0,24728.752698625824,612.2780151367188,"(np.int64(1910), np.int64(1853), np.int64(1912), np.int64(1854))",466,73
327,937.8133333333334,1106.56,75.0,927328.2261984684,4825.599609375,"(np.int64(1103), np.int64(933), np.int64(1113), np.int64(946))",400,89
327,1117.0,1626.0,1.0,12364.376349312912,642.1611328125,"(np.int64(1626), np.int64(1117), np.int64(1627), np.int64(1118))",702,44
327,1094.4263959390864,1664.3451776649745,198.0,2448146.5171639565,871.1007080078125,"(np.int64(1654), np.int64(1080), np.int64(1672), np.int64(1109))",644,88
327,1085.452380952381,1677.5714285714287,42.0,519303.8066711423,672.7255859375,"(np.int64(1674), np.int64(1079), np.int64(1682), np.int64(1091))",644,88
327,1104.2702702702702,1691.418918918919,74.0,914963.8498491555,1525.298095703125,"(np.int64(1684), np.int64(1100), np.int64(1704), np.int64(1111))",644,88
327,1067.0,1685.0,1.0,12364.376349312912,642.1611328125,"(np.int64(1685), np.int64(1067), np.int64(1686), np.int64(1068))",644,88
327,1862.820512820513,1894.923076923077,78.0,964421.3552464071,1134.939697265625,"(np.int64(1887), np.int64(1858), np.int64(1901), np.int64(1868))",466,73
327,1871.3333333333333,1902.75,12.0,148372.51619175496,672.7255859375,"(np.int64(1901), np.int64(1868), np.int64(1905), np.int64(1877))",466,73
327,1853.0,1912.8333333333333,6.0,74186.25809587748,704.0247802734375,"(np.int64(1912), np.int64(1852), np.int64(1915), np.int64(1855))",466,73
328,1362.6666666666667,592.6666666666666,6.0,74186.25809587748,642.1396484375,"(np.int64(591), np.int64(1361), np.int64(595), np.int64(1366))",774,10
328,937.4736842105264,1105.1842105263158,76.0,939692.6025477813,9856.7109375,"(np.int64(1102), np.int64(932), np.int64(1112), np.int64(946))",400,89
328,301.0,1483.0,7.0,86550.63444519039,802.1484375,"(np.int64(1482), np.int64(300), np.int64(1485), np.int64(303))",668,5
328,1090.854743833017,1669.29995256167,211.0,2608883.409705024,836.25390625,"(np.int64(1651), np.int64(1078), np.int64(1679), np.int64(1105))",644,88
328,1106.1666666666667,1686.1666666666667,24.0,296745.0323835099,906.7177734375,"(np.int64(1683), np.int64(1104), np.int64(1690), np.int64(1109))",644,88
328,1067.0,1685.0,1.0,12364.376349312912,612.2412109375,"(np.int64(1685), np.int64(1067), np.int64(1686), np.int64(1068))",644,88
328,1103.2162162162163,1695.8918918918919,37.0,457481.92492457776,1479.144775390625,"(np.int64(1691), np.int64(1101), np.int64(1702), np.int64(1106))",644,88
328,1862.5925925925926,1893.6851851851852,54.0,667676.3228628972,906.7177734375,"(np.int64(1888), np.int64(1858), np.int64(1898), np.int64(1867))",466,73
328,1873.0714285714287,1901.857142857143,14.0,173101.26889038077,704.03955078125,"(np.int64(1901), np.int64(1870), np.int64(1904), np.int64(1878))",466,73
328,1853.142857142857,1912.4285714285713,7.0,86550.63444519039,768.64404296875,"(np.int64(1911), np.int64(1852), np.int64(1915), np.int64(1855))",466,73
328,1410.0,1933.0,1.0,12364.376349312912,612.2412109375,"(np.int64(1933), np.int64(1410), np.int64(1934), np.int64(1411))",730,3
329,1028.0,56.5,2.0,24728.752698625824,672.78515625,"(np.int64(56), np.int64(1028), np.int64(58), np.int64(1029))",824,4
329,1837.0,283.0,1.0,12364.376349312912,612.19873046875,"(np.int64(283), np.int64(1837), np.int64(284), np.int64(1838))",99,17
329,1361.4166666666665,591.3333333333333,5.0,61821.88174656456,642.2333984375,"(np.int64(590), np.int64(1359), np.int64(594), np.int64(1365))",774,10
329,375.0,957.0,1.0,12364.376349312912,672.78515625,"(np.int64(957), np.int64(375), np.int64(958), np.int64(376))",826,11
329,936.3296703296703,1103.2747252747254,91.0,1125158.247787475,16974.93359375,"(np.int64(1099), np.int64(930), np.int64(1110), np.int64(945))",400,89
329,1770.0,1195.0,1.0,12364.376349312912,612.19873046875,"(np.int64(1195), np.int64(1770), np.int64(1196), np.int64(1771))",820,9
329,1260.0,1316.0,1.0,12364.376349312912,612.19873046875,"(np.int64(1316), np.int64(1260), np.int64(1317), np.int64(1261))",141,77
329,228.0,1532.0,1.0,12364.376349312912,612.19873046875,"(np.int64(1532), np.int64(228), np.int64(1533), np.int64(229))",119,4
329,1088.0,1650.0,1.0,12364.376349312912,642.2333984375,"(np.int64(1650), np.int64(1088), np.int64(1651), np.int64(1089))",644,88
329,1096.0462962962963,1659.2685185185185,108.0,1335352.6457257944,802.24365234375,"(np.int64(1651), np.int64(1088), np.int64(1674), np.int64(1103))",644,88
329,1082.7380952380952,1658.7619047619046,12.0,148372.51619175496,704.1142578125,"(np.int64(1655), np.int64(1077), np.int64(1662), np.int64(1087))",644,88
329,1093.9558823529412,1673.4411764705883,19.0,234923.15063694533,642.2333984375,"(np.int64(1670), np.int64(1087), np.int64(1676), np.int64(1100))",644,88
329,1067.142857142857,1682.0,7.0,86550.63444519039,704.1142578125,"(np.int64(1681), np.int64(1066), np.int64(1684), np.int64(1069))",644,88
329,1103.2542372881355,1691.7796610169491,59.0,729498.2046094618,1134.951171875,"(np.int64(1683), np.int64(1100), np.int64(1701), np.int64(1109))",644,88
329,1859.0666666666666,1894.2,15.0,185465.64523969367,802.24365234375,"(np.int64(1893), np.int64(1857), np.int64(1897), np.int64(1862))",466,73
329,1871.3076923076924,1900.2307692307693,13.0,160736.89254106785,735.9609375,"(np.int64(1899), np.int64(1869), np.int64(1902), np.int64(1876))",466,73
329,1852.0,1912.0,1.0,12364.376349312912,612.19873046875,"(np.int64(1912), np.int64(1852), np.int64(1913), np.int64(1853))",466,73
330,372.5,958.1666666666666,6.0,74186.25809587748,942.82373046875,"(np.int64(957), np.int64(371), np.int64(960), np.int64(375))",826,11
330,936.4239130434783,1103.9565217391305,92.0,1137522.6241367878,15754.6669921875,"(np.int64(1100), np.int64(930), np.int64(1111), np.int64(945))",400,89
330,224.0,1532.0,1.0,12364.376349312912,612.1767578125,"(np.int64(1532), np.int64(224), np.int64(1533), np.int64(225))",119,4
330,1089.2550366300368,1656.3777472527472,61.0,754226.9573080877,836.37255859375,"(np.int64(1649), np.int64(1079), np.int64(1664), np.int64(1100))",644,88
330,1089.6130268199233,1674.516730523627,59.0,729498.2046094618,672.7314453125,"(np.int64(1664), np.int64(1083), np.int64(1680), np.int64(1102))",644,88
330,1106.25,1684.75,12.0,148372.51619175496,703.9697265625,"(np.int64(1682), np.int64(1104), np.int64(1687), np.int64(1109))",644,88
330,1067.3333333333333,1683.6666666666667,3.0,37093.12904793874,612.1767578125,"(np.int64(1683), np.int64(1067), np.int64(1685), np.int64(1069))",644,88
330,1101.578947368421,1699.2105263157894,19.0,234923.15063694533,906.779296875,"(np.int64(1696), np.int64(1099), np.int64(1703), np.int64(1104))",644,88
330,1046.0,1729.0,1.0,12364.376349312912,642.21337890625,"(np.int64(1729), np.int64(1046), np.int64(1730), np.int64(1047))",82,64
330,1866.779761904762,1897.6369047619046,23.0,284380.65603419696,735.92919921875,"(np.int64(1894), np.int64(1857), np.int64(1903), np.int64(1875))",466,73
330,1850.5,1910.0,2.0,24728.752698625824,612.1767578125,"(np.int64(1910), np.int64(1850), np.int64(1911), np.int64(1852))",466,73
331,537.0,465.0,1.0,12364.376349312912,612.224609375,"(np.int64(465), np.int64(537), np.int64(466), np.int64(538))",804,3
331,1371.0,465.0,1.0,12364.376349312912,642.0205078125,"(np.int64(465), np.int64(1371), np.int64(466), np.int64(1372))",828,2
331,1361.3333333333333,591.6666666666666,3.0,37093.12904793874,642.0205078125,"(np.int64(591), np.int64(1361), np.int64(593), np.int64(1363))",774,10
331,1448.0,730.0,1.0,12364.376349312912,612.224609375,"(np.int64(730), np.int64(1448), np.int64(731), np.int64(1449))",811,15
331,373.25,960.0,4.0,49457.50539725165,802.00634765625,"(np.int64(959), np.int64(372), np.int64(962), np.int64(375))",826,11
331,938.491935483871,1105.467741935484,124.0,1533182.6673148011,17602.1328125,"(np.int64(1099), np.int64(931), np.int64(1113), np.int64(948))",400,89
331,1299.0,1337.0,1.0,12364.376349312912,612.224609375,"(np.int64(1337), np.int64(1299), np.int64(1338), np.int64(1300))",27,63
331,1115.25,1629.25,4.0,49457.50539725165,642.0205078125,"(np.int64(1628), np.int64(1114), np.int64(1631), np.int64(1117))",702,44
331,1093.566456582633,1662.0816993464055,166.0,2052486.4739859432,836.36572265625,"(np.int64(1651), np.int64(1088), np.int64(1678), np.int64(1105))",644,88
331,1084.7058823529412,1676.4705882352941,17.0,210194.3979383195,642.0205078125,"(np.int64(1674), np.int64(1083), np.int64(1680), np.int64(1088))",644,88
331,1103.349019607843,1694.0029411764706,39.0,482210.67762320355,802.00634765625,"(np.int64(1683), np.int64(1094), np.int64(1706), np.int64(1110))",644,88
331,1072.5,1686.0,4.0,49457.50539725165,612.224609375,"(np.int64(1686), np.int64(1071), np.int64(1687), np.int64(1075))",644,88
331,1661.0,1725.75,4.0,49457.50539725165,704.0283203125,"(np.int64(1725), np.int64(1660), np.int64(1727), np.int64(1663))",830,8
331,1860.0,1896.0,1.0,12364.376349312912,704.0283203125,"(np.int64(1896), np.int64(1860), np.int64(1897), np.int64(1861))",466,73
331,1871.090909090909,1900.2272727272727,22.0,272016.27968488407,735.97216796875,"(np.int64(1897), np.int64(1867), np.int64(1904), np.int64(1878))",466,73
332,1839.5,284.0,2.0,24728.752698625824,612.3232421875,"(np.int64(284), np.int64(1839), np.int64(285), np.int64(1841))",99,17
332,1448.142857142857,730.1428571428571,7.0,86550.63444519039,836.2421875,"(np.int64(728), np.int64(1447), np.int64(733), np.int64(1450))",811,15
332,374.0,959.3333333333334,3.0,37093.12904793874,672.7978515625,"(np.int64(959), np.int64(373), np.int64(961), np.int64(376))",826,11
332,1543.75,1048.25,3.0,37093.12904793874,642.2099609375,"(np.int64(1046), np.int64(1543), np.int64(1051), np.int64(1545))",583,42
332,939.5151515151515,1105.3131313131314,100.0,1236437.6349312912,15308.80078125,"(np.int64(1100), np.int64(933), np.int64(1112), np.int64(948))",400,89
332,1302.3,1340.4,7.0,86550.63444519037,612.3232421875,"(np.int64(1337), np.int64(1299), np.int64(1344), np.int64(1307))",27,63
332,1116.75,1628.25,4.0,49457.50539725165,612.3232421875,"(np.int64(1627), np.int64(1116), np.int64(1630), np.int64(1118))",702,44
332,1098.546218487395,1663.8655462184875,120.0,1483725.1619175493,768.76318359375,"(np.int64(1653), np.int64(1089), np.int64(1677), np.int64(1106))",644,88
332,1083.0,1657.0,1.0,12364.376349312912,612.3232421875,"(np.int64(1657), np.int64(1083), np.int64(1658), np.int64(1084))",644,88
332,1083.2666666666667,1675.0333333333335,8.0,98915.01079450328,704.08544921875,"(np.int64(1671), np.int64(1082), np.int64(1680), np.int64(1086))",644,88
332,1110.0,1679.0,1.0,12364.376349312912,612.3232421875,"(np.int64(1679), np.int64(1110), np.int64(1680), np.int64(1111))",644,88
332,1071.0,1683.0,1.0,12364.376349312912,612.3232421875,"(np.int64(1683), np.int64(1071), np.int64(1684), np.int64(1072))",644,88
332,1100.9868421052631,1692.8552631578946,25.0,309109.4087328228,942.9482421875,"(np.int64(1690), np.int64(1097), np.int64(1697), np.int64(1108))",644,88
332,1658.8333333333335,1726.3333333333335,4.0,49457.50539725165,672.7978515625,"(np.int64(1725), np.int64(1657), np.int64(1728), np.int64(1662))",830,8
332,1873.2380952380952,1900.4761904761904,21.0,259651.90333557114,736.07421875,"(np.int64(1898), np.int64(1868), np.int64(1904), np.int64(1880))",466,73
333,691.0,296.5,4.0,49457.50539725165,703.962158203125,"(np.int64(295), np.int64(691), np.int64(299), np.int64(692))",604,2
333,1448.2857142857142,729.2857142857143,7.0,86550.63444519039,735.9951171875,"(np.int64(727), np.int64(1448), np.int64(733), np.int64(1450))",811,15
333,373.5,959.6666666666667,4.0,49457.50539725165,672.734619140625,"(np.int64(959), np.int64(371), np.int64(962), np.int64(376))",826,11
333,1082.0,1030.0,1.0,12364.376349312912,642.13330078125,"(np.int64(1030), np.int64(1082), np.int64(1031), np.int64(1083))",834,9
333,939.0471014492753,1103.4420289855072,75.0,927328.2261984684,5870.93359375,"(np.int64(1100), np.int64(934), np.int64(1113), np.int64(945))",400,89
333,1260.0,1312.0,1.0,12364.376349312912,612.247802734375,"(np.int64(1312), np.int64(1260), np.int64(1313), np.int64(1261))",141,77
333,1298.75,1339.0,3.0,37093.12904793874,612.247802734375,"(np.int64(1338), np.int64(1298), np.int64(1341), np.int64(1301))",27,63
333,1315.2222222222222,1344.9444444444443,15.0,185465.6452396937,672.734619140625,"(np.int64(1343), np.int64(1311), np.int64(1347), np.int64(1321))",27,63
333,223.0,1536.0,1.0,12364.376349312912,612.247802734375,"(np.int64(1536), np.int64(223), np.int64(1537), np.int64(224))",119,4
333,1116.5,1629.5,2.0,24728.752698625824,612.247802734375,"(np.int64(1629), np.int64(1116), np.int64(1631), np.int64(1118))",702,44
333,1101.2607843137255,1663.4450980392157,74.0,914963.8498491555,735.9951171875,"(np.int64(1655), np.int64(1094), np.int64(1674), np.int64(1106))",644,88
333,1083.0,1657.0,1.0,12364.376349312912,642.13330078125,"(np.int64(1657), np.int64(1083), np.int64(1658), np.int64(1084))",644,88
333,1110.0,1678.0,1.0,12364.376349312912,612.247802734375,"(np.int64(1678), np.int64(1110), np.int64(1679), np.int64(1111))",644,88
333,1071.0,1684.0,1.0,12364.376349312912,612.247802734375,"(np.int64(1684), np.int64(1071), np.int64(1685), np.int64(1072))",644,88
333,1101.3630952380952,1693.8809523809523,26.0,321473.7850821357,768.743896484375,"(np.int64(1691), np.int64(1097), np.int64(1697), np.int64(1106))",644,88
333,1658.9285714285713,1726.2857142857142,14.0,173101.26889038077,735.9951171875,"(np.int64(1724), np.int64(1655), np.int64(1729), np.int64(1663))",830,8
333,1873.2272727272727,1900.590909090909,12.0,148372.51619175496,768.743896484375,"(np.int64(1898), np.int64(1868), np.int64(1903), np.int64(1877))",466,73
334,606.0,50.0,1.0,12364.376349312912,672.68212890625,"(np.int64(50), np.int64(606), np.int64(51), np.int64(607))",429,7
334,1447.6666666666667,729.0,3.0,37093.12904793874,672.68212890625,"(np.int64(728), np.int64(1447), np.int64(731), np.int64(1449))",811,15
334,372.8333333333333,960.1666666666666,6.0,74186.25809587748,768.712890625,"(np.int64(959), np.int64(371), np.int64(962), np.int64(376))",826,11
334,1508.0,1082.0,1.0,12364.376349312912,642.1597900390625,"(np.int64(1082), np.int64(1508), np.int64(1083), np.int64(1509))",838,3
334,939.2264150943397,1103.4716981132076,54.0,667676.3228628973,3957.33349609375,"(np.int64(1101), np.int64(935), np.int64(1111), np.int64(948))",400,89
334,1256.0,1313.0,1.0,12364.376349312912,612.2406005859375,"(np.int64(1313), np.int64(1256), np.int64(1314), np.int64(1257))",141,77
334,1308.590101010101,1342.7428282828282,28.0,346202.53778076154,672.68212890625,"(np.int64(1340), np.int64(1300), np.int64(1347), np.int64(1322))",27,63
334,1129.0,1650.0,1.0,12364.376349312912,612.2406005859375,"(np.int64(1650), np.int64(1129), np.int64(1651), np.int64(1130))",702,44
334,1098.3425925925926,1659.2407407407409,111.0,1372445.7747737332,703.9886474609375,"(np.int64(1654), np.int64(1081), np.int64(1673), np.int64(1104))",644,88
334,1084.75,1675.0,3.0,37093.12904793874,672.68212890625,"(np.int64(1671), np.int64(1084), np.int64(1680), np.int64(1087))",644,88
334,1099.4,1696.6,5.0,61821.881746564555,672.68212890625,"(np.int64(1695), np.int64(1099), np.int64(1699), np.int64(1101))",644,88
334,1658.8461538461538,1725.4615384615386,13.0,160736.89254106785,768.712890625,"(np.int64(1724), np.int64(1656), np.int64(1728), np.int64(1662))",830,8
334,1870.5,1898.75,7.0,86550.63444519039,736.0189208984375,"(np.int64(1898), np.int64(1869), np.int64(1901), np.int64(1874))",466,73
335,372.6,960.6,5.0,61821.881746564555,836.2877197265625,"(np.int64(960), np.int64(371), np.int64(962), np.int64(375))",826,11
335,1083.0,1028.0,1.0,12364.376349312912,612.2967529296875,"(np.int64(1028), np.int64(1083), np.int64(1029), np.int64(1084))",834,9
335,1549.0,1047.0,1.0,12364.376349312912,612.2967529296875,"(np.int64(1047), np.int64(1549), np.int64(1048), np.int64(1550))",583,42
335,1506.0,1079.0,1.0,12364.376349312912,612.2967529296875,"(np.int64(1079), np.int64(1506), np.int64(1080), np.int64(1507))",838,3
335,940.8139534883721,1105.6046511627908,43.0,531668.1830204552,3957.33349609375,"(np.int64(1103), np.int64(936), np.int64(1110), np.int64(948))",400,89
335,1306.3083333333334,1340.4261904761904,54.0,667676.3228628973,735.986083984375,"(np.int64(1337), np.int64(1297), np.int64(1347), np.int64(1324))",27,63
335,1478.6666666666667,1605.6666666666667,3.0,37093.12904793874,612.2967529296875,"(np.int64(1605), np.int64(1478), np.int64(1607), np.int64(1480))",842,2
335,1115.5,1630.5,2.0,24728.752698625824,612.2967529296875,"(np.int64(1630), np.int64(1114), np.int64(1632), np.int64(1118))",702,44
335,1093.3958594976452,1667.1441359236,96.0,1186980.1295340399,703.978759765625,"(np.int64(1657), np.int64(1081), np.int64(1678), np.int64(1103))",644,88
335,1099.5,1697.0,2.0,24728.752698625824,612.2967529296875,"(np.int64(1697), np.int64(1099), np.int64(1698), np.int64(1101))",644,88
335,1657.2380952380952,1725.952380952381,21.0,259651.90333557114,942.9185791015625,"(np.int64(1724), np.int64(1654), np.int64(1728), np.int64(1662))",830,8
335,1868.875,1898.875,5.0,61821.881746564555,672.6947021484375,"(np.int64(1898), np.int64(1867), np.int64(1901), np.int64(1873))",466,73
336,1396.6,473.2,5.0,61821.881746564555,736.012451171875,"(np.int64(472), np.int64(1396), np.int64(475), np.int64(1398))",579,18
336,1446.5,729.5,4.0,49457.50539725165,612.27587890625,"(np.int64(728), np.int64(1446), np.int64(732), np.int64(1448))",811,15
336,371.6,960.6,5.0,61821.881746564555,736.012451171875,"(np.int64(960), np.int64(370), np.int64(962), np.int64(374))",826,11
336,1082.25,1027.125,8.0,98915.0107945033,642.1228637695312,"(np.int64(1026), np.int64(1081), np.int64(1029), np.int64(1085))",834,9
336,1546.0,1049.0,1.0,12364.376349312912,612.27587890625,"(np.int64(1049), np.int64(1546), np.int64(1050), np.int64(1547))",583,42
336,1256.0,1068.0,1.0,12364.376349312912,612.27587890625,"(np.int64(1068), np.int64(1256), np.int64(1069), np.int64(1257))",845,3
336,943.1954022988506,1104.7471264367816,31.0,383295.6668287002,3242.66650390625,"(np.int64(1104), np.int64(937), np.int64(1110), np.int64(947))",400,89
336,1366.0,1296.0,1.0,12364.376349312912,612.27587890625,"(np.int64(1296), np.int64(1366), np.int64(1297), np.int64(1367))",380,139
336,1310.0781623931623,1340.8259401709402,58.0,717133.8282601489,703.9911499023438,"(np.int64(1337), np.int64(1298), np.int64(1347), np.int64(1325))",27,63
336,1480.5,1606.0,4.0,49457.50539725165,703.9911499023438,"(np.int64(1606), np.int64(1479), np.int64(1607), np.int64(1483))",842,2
336,1117.3333333333333,1632.2222222222222,9.0,111279.3871438162,768.7255859375,"(np.int64(1631), np.int64(1116), np.int64(1634), np.int64(1120))",702,44
336,1124.0,1640.0,1.0,12364.376349312912,612.27587890625,"(np.int64(1640), np.int64(1124), np.int64(1641), np.int64(1125))",702,44
336,1090.8407407407408,1664.7120370370371,90.0,1112793.871438162,736.012451171875,"(np.int64(1656), np.int64(1083), np.int64(1680), np.int64(1102))",644,88
336,1101.5,1698.0,2.0,24728.752698625824,612.27587890625,"(np.int64(1698), np.int64(1101), np.int64(1699), np.int64(1103))",644,88
336,1654.590909090909,1725.909090909091,22.0,272016.27968488407,942.9154663085938,"(np.int64(1724), np.int64(1650), np.int64(1728), np.int64(1659))",830,8
336,1846.0,1838.0,1.0,12364.376349312912,612.27587890625,"(np.int64(1838), np.int64(1846), np.int64(1839), np.int64(1847))",337,20
336,1870.5,1899.8,10.0,123643.76349312911,836.2766723632812,"(np.int64(1899), np.int64(1869), np.int64(1902), np.int64(1873))",466,73
337,50.0,171.5,4.0,49457.50539725165,703.9778442382812,"(np.int64(171), np.int64(49), np.int64(173), np.int64(52))",230,129
337,1370.0,464.0,1.0,12364.376349312912,672.7102661132812,"(np.int64(464), np.int64(1370), np.int64(465), np.int64(1371))",828,2
337,1396.6666666666667,471.8333333333333,6.0,74186.25809587748,942.923095703125,"(np.int64(470), np.int64(1396), np.int64(474), np.int64(1398))",579,18
337,1446.75,727.625,8.0,98915.0107945033,1134.917724609375,"(np.int64(726), np.int64(1446), np.int64(730), np.int64(1449))",811,15
337,370.5,959.5,4.0,49457.50539725165,768.7322387695312,"(np.int64(959), np.int64(369), np.int64(961), np.int64(373))",826,11
337,1082.7777777777778,1025.3333333333333,9.0,111279.3871438162,703.9778442382812,"(np.int64(1024), np.int64(1081), np.int64(1028), np.int64(1085))",834,9
337,1548.0,1051.5,2.0,24728.752698625824,672.7102661132812,"(np.int64(1051), np.int64(1548), np.int64(1053), np.int64(1549))",583,42
337,1256.5,1066.0,2.0,24728.752698625824,642.1331787109375,"(np.int64(1066), np.int64(1256), np.int64(1067), np.int64(1258))",845,3
337,938.65,1102.975,21.0,259651.90333557114,2303.998779296875,"(np.int64(1101), np.int64(937), np.int64(1108), np.int64(943))",400,89
337,1309.3141025641025,1339.786324786325,48.0,593490.0647670198,703.9778442382812,"(np.int64(1336), np.int64(1299), np.int64(1345), np.int64(1318))",27,63
337,1566.0,1628.0,1.0,12364.376349312912,612.2465209960938,"(np.int64(1628), np.int64(1566), np.int64(1629), np.int64(1567))",846,2
337,1117.6923076923076,1630.8461538461538,13.0,160736.89254106785,735.9851684570312,"(np.int64(1629), np.int64(1116), np.int64(1633), np.int64(1121))",702,44
337,1094.784090909091,1663.9829545454545,31.0,383295.6668287003,672.7102661132812,"(np.int64(1654), np.int64(1090), np.int64(1677), np.int64(1103))",644,88
337,1107.0,1688.0,1.0,12364.376349312912,672.7102661132812,"(np.int64(1688), np.int64(1107), np.int64(1689), np.int64(1108))",644,88
337,1654.0,1724.142857142857,14.0,173101.26889038077,942.923095703125,"(np.int64(1723), np.int64(1651), np.int64(1726), np.int64(1657))",830,8
337,1827.0,1885.0,1.0,12364.376349312912,612.2465209960938,"(np.int64(1885), np.int64(1827), np.int64(1886), np.int64(1828))",466,73
337,1870.2631578947369,1897.7368421052631,19.0,234923.15063694533,1056.009033203125,"(np.int64(1896), np.int64(1868), np.int64(1901), np.int64(1874))",466,73
337,1849.0,1912.0,1.0,12364.376349312912,612.2465209960938,"(np.int64(1912), np.int64(1849), np.int64(1913), np.int64(1850))",466,73
337,2043.5,1985.0,2.0,24728.752698625824,642.1331787109375,"(np.int64(1985), np.int64(2043), np.int64(1986), np.int64(2045))",414,31
338,1029.0,53.5,2.0,24728.752698625824,642.12890625,"(np.int64(53), np.int64(1029), np.int64(55), np.int64(1030))",824,4
338,51.333333333333336,171.33333333333334,3.0,37093.12904793874,768.7200927734375,"(np.int64(171), np.int64(51), np.int64(173), np.int64(53))",230,129
338,1845.0,370.0,1.0,12364.376349312912,612.257568359375,"(np.int64(370), np.int64(1845), np.int64(371), np.int64(1846))",379,52
338,1397.4,470.8,5.0,61821.881746564555,942.9244384765625,"(np.int64(470), np.int64(1397), np.int64(473), np.int64(1399))",579,18
338,729.0,525.0,1.0,12364.376349312912,1817.612060546875,"(np.int64(525), np.int64(729), np.int64(526), np.int64(730))",85,4
338,1447.5,727.0,2.0,24728.752698625824,871.097412109375,"(np.int64(727), np.int64(1447), np.int64(728), np.int64(1449))",811,15
338,371.0,959.4,5.0,61821.881746564555,802.1217041015625,"(np.int64(959), np.int64(369), np.int64(961), np.int64(374))",826,11
338,300.0,982.25,4.0,49457.50539725165,768.7200927734375,"(np.int64(982), np.int64(299), np.int64(984), np.int64(302))",778,17
338,1083.25,1025.25,4.0,49457.50539725165,612.257568359375,"(np.int64(1024), np.int64(1083), np.int64(1027), np.int64(1085))",834,9
338,1547.0,1050.8333333333333,4.0,49457.50539725165,612.257568359375,"(np.int64(1048), np.int64(1544), np.int64(1054), np.int64(1551))",583,42
338,939.5357142857143,1104.2857142857142,28.0,346202.53778076154,2080.706298828125,"(np.int64(1102), np.int64(936), np.int64(1108), np.int64(944))",400,89
338,1313.3552631578946,1341.7105263157896,21.0,259651.90333557114,672.7244262695312,"(np.int64(1340), np.int64(1306), np.int64(1346), np.int64(1318))",27,63
338,1324.5,1342.1666666666667,6.0,74186.25809587748,612.257568359375,"(np.int64(1342), np.int64(1322), np.int64(1344), np.int64(1328))",27,63
338,1117.8823529411766,1631.235294117647,17.0,210194.3979383195,768.7200927734375,"(np.int64(1629), np.int64(1116), np.int64(1634), np.int64(1121))",702,44
338,1566.0,1629.0,1.0,12364.376349312912,612.257568359375,"(np.int64(1629), np.int64(1566), np.int64(1630), np.int64(1567))",846,2
338,1125.3333333333333,1640.6666666666667,3.0,37093.12904793874,642.12890625,"(np.int64(1640), np.int64(1125), np.int64(1642), np.int64(1127))",702,44
338,1097.530303030303,1663.0692640692641,30.0,370931.29047938733,642.12890625,"(np.int64(1657), np.int64(1093), np.int64(1669), np.int64(1104))",644,88
338,1087.0,1658.0,1.0,12364.376349312912,612.257568359375,"(np.int64(1658), np.int64(1087), np.int64(1659), np.int64(1088))",644,88
338,1653.3333333333333,1723.6666666666667,9.0,111279.3871438162,672.7244262695312,"(np.int64(1722), np.int64(1651), np.int64(1726), np.int64(1657))",830,8
338,1827.0,1885.0,1.0,12364.376349312912,612.257568359375,"(np.int64(1885), np.int64(1827), np.int64(1886), np.int64(1828))",466,73
338,1869.95,1897.6,20.0,247287.52698625822,1216.699951171875,"(np.int64(1896), np.int64(1867), np.int64(1900), np.int64(1873))",466,73
338,1849.0,1912.0,1.0,12364.376349312912,612.257568359375,"(np.int64(1912), np.int64(1849), np.int64(1913), np.int64(1850))",466,73
338,2029.5,1994.0,2.0,24728.752698625824,612.257568359375,"(np.int64(1994), np.int64(2029), np.int64(1995), np.int64(2031))",414,31
339,1025.0,47.0,1.0,12364.376349312912,612.2265625,"(np.int64(47), np.int64(1025), np.int64(48), np.int64(1026))",824,4
339,605.0,55.0,1.0,12364.376349312912,612.2265625,"(np.int64(55), np.int64(605), np.int64(56), np.int64(606))",429,7
339,1849.75,372.25,4.0,49457.50539725165,642.112060546875,"(np.int64(369), np.int64(1847), np.int64(376), np.int64(1854))",379,52
339,1397.0,471.0,1.0,12364.376349312912,612.2265625,"(np.int64(471), np.int64(1397), np.int64(472), np.int64(1398))",579,18
339,1446.6666666666667,727.3333333333334,3.0,37093.12904793874,768.777099609375,"(np.int64(727), np.int64(1446), np.int64(729), np.int64(1448))",811,15
339,161.0,933.0,1.0,12364.376349312912,612.2265625,"(np.int64(933), np.int64(161), np.int64(934), np.int64(162))",805,3
339,370.0,960.0,1.0,12364.376349312912,612.2265625,"(np.int64(960), np.int64(370), np.int64(961), np.int64(371))",826,11
339,299.3333333333333,983.3333333333334,3.0,37093.12904793874,612.2265625,"(np.int64(983), np.int64(299), np.int64(985), np.int64(301))",778,17
339,1082.25,1023.25,3.0,37093.12904793874,612.2265625,"(np.int64(1022), np.int64(1081), np.int64(1026), np.int64(1085))",834,9
339,1547.25,1048.5,3.0,37093.12904793874,612.2265625,"(np.int64(1044), np.int64(1545), np.int64(1054), np.int64(1550))",583,42
339,1257.0,1067.0,1.0,12364.376349312912,642.112060546875,"(np.int64(1067), np.int64(1257), np.int64(1068), np.int64(1258))",845,3
339,940.3243243243244,1104.054054054054,37.0,457481.92492457776,1668.2802734375,"(np.int64(1101), np.int64(937), np.int64(1108), np.int64(946))",400,89
339,1318.2777777777778,1342.5555555555557,14.0,173101.26889038074,672.696044921875,"(np.int64(1341), np.int64(1313), np.int64(1345), np.int64(1328))",27,63
339,1115.8444444444444,1628.711111111111,19.0,234923.15063694533,768.777099609375,"(np.int64(1626), np.int64(1114), np.int64(1635), np.int64(1121))",702,44
339,1124.5,1641.0,4.0,49457.50539725165,703.978271484375,"(np.int64(1640), np.int64(1124), np.int64(1643), np.int64(1126))",702,44
339,1122.75,1655.0,3.0,37093.12904793874,642.112060546875,"(np.int64(1655), np.int64(1121), np.int64(1656), np.int64(1125))",702,44
339,1096.9509803921567,1661.1176470588234,39.0,482210.6776232036,703.978271484375,"(np.int64(1658), np.int64(1092), np.int64(1668), np.int64(1104))",644,88
339,1090.3095238095239,1671.9761904761904,42.0,519303.8066711423,735.958740234375,"(np.int64(1669), np.int64(1084), np.int64(1676), np.int64(1097))",644,88
339,1107.0,1686.0,1.0,12364.376349312912,612.2265625,"(np.int64(1686), np.int64(1107), np.int64(1687), np.int64(1108))",644,88
339,1869.888888888889,1897.888888888889,18.0,222558.7742876324,802.154052734375,"(np.int64(1896), np.int64(1868), np.int64(1901), np.int64(1873))",466,73
339,2028.1666666666667,1994.3333333333333,6.0,74186.25809587748,642.112060546875,"(np.int64(1994), np.int64(2027), np.int64(1996), np.int64(2031))",414,31
340,1030.0,49.0,1.0,12364.376349312912,612.2819213867188,"(np.int64(49), np.int64(1030), np.int64(50), np.int64(1031))",824,4
340,1112.0,273.0,1.0,12364.376349312912,642.1546630859375,"(np.int64(273), np.int64(1112), np.int64(274), np.int64(1113))",46,5
340,1448.3333333333333,728.3333333333334,3.0,37093.12904793874,735.9797973632812,"(np.int64(728), np.int64(1448), np.int64(730), np.int64(1450))",811,15
340,301.25,983.375,8.0,98915.0107945033,1055.9779052734375,"(np.int64(982), np.int64(300), np.int64(985), np.int64(304))",778,17
340,1083.5,1024.5,2.0,24728.752698625824,612.2819213867188,"(np.int64(1024), np.int64(1083), np.int64(1026), np.int64(1085))",834,9
340,942.125,1104.85,40.0,494575.05397251644,1619.9212646484375,"(np.int64(1103), np.int64(938), np.int64(1109), np.int64(949))",400,89
340,1776.0,1208.5,2.0,24728.752698625824,612.2819213867188,"(np.int64(1208), np.int64(1775), np.int64(1210), np.int64(1778))",667,10
340,1369.0,1293.0,1.0,12364.376349312912,612.2819213867188,"(np.int64(1293), np.int64(1369), np.int64(1294), np.int64(1370))",380,139
340,1321.6666666666667,1343.0,5.0,61821.881746564555,612.2819213867188,"(np.int64(1341), np.int64(1316), np.int64(1346), np.int64(1329))",27,63
340,1115.8387096774195,1632.241935483871,32.0,395660.0431780132,703.97998046875,"(np.int64(1627), np.int64(1114), np.int64(1635), np.int64(1121))",702,44
340,1126.5,1641.0,2.0,24728.752698625824,612.2819213867188,"(np.int64(1641), np.int64(1126), np.int64(1642), np.int64(1128))",702,44
340,1096.795467180431,1666.9155931293612,134.0,1656826.4308079302,802.1536865234375,"(np.int64(1650), np.int64(1087), np.int64(1679), np.int64(1108))",644,88
340,1107.0,1688.2857142857142,14.0,173101.26889038077,768.6885986328125,"(np.int64(1686), np.int64(1105), np.int64(1691), np.int64(1110))",644,88
340,1829.0,1887.0,1.0,12364.376349312912,642.1546630859375,"(np.int64(1887), np.int64(1829), np.int64(1888), np.int64(1830))",466,73
340,1852.0,1888.0,1.0,12364.376349312912,612.2819213867188,"(np.int64(1888), np.int64(1852), np.int64(1889), np.int64(1853))",466,73
340,1872.0,1898.6666666666667,9.0,111279.3871438162,672.689208984375,"(np.int64(1898), np.int64(1870), np.int64(1901), np.int64(1875))",466,73
340,2029.5,1996.0,2.0,24728.752698625824,612.2819213867188,"(np.int64(1996), np.int64(2029), np.int64(1997), np.int64(2031))",414,31
341,1855.5,374.25,3.0,37093.12904793874,612.2477416992188,"(np.int64(373), np.int64(1855), np.int64(377), np.int64(1857))",379,52
341,299.1764705882353,981.7058823529412,17.0,210194.3979383195,906.6463623046875,"(np.int64(979), np.int64(296), np.int64(986), np.int64(303))",778,17
341,1088.0,1026.5,2.0,24728.752698625824,612.2477416992188,"(np.int64(1026), np.int64(1088), np.int64(1028), np.int64(1089))",834,9
341,1547.0,1048.5,2.0,24728.752698625824,612.2477416992188,"(np.int64(1045), np.int64(1546), np.int64(1053), np.int64(1549))",583,42
341,944.0,1104.5,20.0,247287.52698625822,1134.9140625,"(np.int64(1103), np.int64(940), np.int64(1108), np.int64(950))",400,89
341,1361.0,1291.0,1.0,12364.376349312912,612.2477416992188,"(np.int64(1291), np.int64(1361), np.int64(1292), np.int64(1362))",380,139
341,1256.0,1309.0,1.0,12364.376349312912,642.1226806640625,"(np.int64(1309), np.int64(1256), np.int64(1310), np.int64(1257))",141,77
341,1313.0833333333333,1342.25,10.0,123643.76349312911,642.1226806640625,"(np.int64(1339), np.int64(1309), np.int64(1345), np.int64(1317))",27,63
341,1117.8,1627.647619047619,37.0,457481.9249245777,768.7285766601562,"(np.int64(1623), np.int64(1112), np.int64(1634), np.int64(1124))",702,44
341,1128.0,1642.5,6.0,74186.25809587748,642.1226806640625,"(np.int64(1642), np.int64(1127), np.int64(1644), np.int64(1130))",702,44
341,1104.0416666666667,1656.486111111111,23.0,284380.65603419696,642.1226806640625,"(np.int64(1651), np.int64(1098), np.int64(1665), np.int64(1110))",644,88
341,1122.5,1654.5,2.0,24728.752698625824,612.2477416992188,"(np.int64(1654), np.int64(1122), np.int64(1656), np.int64(1124))",702,44
341,1092.8032786885246,1673.5573770491803,61.0,754226.9573080876,942.95068359375,"(np.int64(1669), np.int64(1089), np.int64(1679), np.int64(1099))",644,88
341,1107.5333333333333,1687.9333333333334,15.0,185465.64523969367,836.2614135742188,"(np.int64(1685), np.int64(1106), np.int64(1691), np.int64(1110))",644,88
341,1830.076923076923,1887.3076923076924,13.0,160736.89254106785,768.7285766601562,"(np.int64(1886), np.int64(1828), np.int64(1890), np.int64(1833))",466,73
341,1853.6785714285716,1889.6785714285716,9.0,111279.38714381622,672.7227172851562,"(np.int64(1887), np.int64(1852), np.int64(1895), np.int64(1857))",466,73
341,1871.6666666666667,1898.6666666666667,9.0,111279.3871438162,736.00146484375,"(np.int64(1897), np.int64(1870), np.int64(1901), np.int64(1874))",466,73
342,1226.0,44.0,1.0,12364.376349312912,612.256103515625,"(np.int64(44), np.int64(1226), np.int64(45), np.int64(1227))",649,2
342,1862.0,362.0,3.0,37093.12904793874,672.7327880859375,"(np.int64(361), np.int64(1862), np.int64(364), np.int64(1863))",379,52
342,1849.0,364.0,1.0,12364.376349312912,612.256103515625,"(np.int64(364), np.int64(1849), np.int64(365), np.int64(1850))",379,52
342,1853.75,374.25,3.0,37093.12904793874,612.256103515625,"(np.int64(374), np.int64(1852), np.int64(376), np.int64(1857))",379,52
342,2040.0,684.0,1.0,12364.376349312912,736.0014038085938,"(np.int64(684), np.int64(2040), np.int64(685), np.int64(2041))",853,7
342,1448.0,728.0,1.0,12364.376349312912,642.1159057617188,"(np.int64(728), np.int64(1448), np.int64(729), np.int64(1449))",811,15
342,298.8645833333333,982.2232142857142,32.0,395660.0431780131,1479.088134765625,"(np.int64(976), np.int64(289), np.int64(988), np.int64(307))",778,17
342,1087.0,1028.0,1.0,12364.376349312912,612.256103515625,"(np.int64(1028), np.int64(1087), np.int64(1029), np.int64(1088))",834,9
342,947.0,1103.75,8.0,98915.0107945033,802.1566162109375,"(np.int64(1103), np.int64(944), np.int64(1105), np.int64(950))",400,89
342,1310.7142857142858,1340.4285714285713,7.0,86550.63444519039,642.1159057617188,"(np.int64(1340), np.int64(1309), np.int64(1342), np.int64(1313))",27,63
342,1122.740909090909,1620.5136363636364,51.0,630583.1938149586,768.700439453125,"(np.int64(1613), np.int64(1114), np.int64(1631), np.int64(1128))",702,44
342,1128.6666666666667,1642.3333333333333,3.0,37093.12904793874,642.1159057617188,"(np.int64(1642), np.int64(1128), np.int64(1644), np.int64(1130))",702,44
342,1102.2564102564102,1663.2029914529915,91.0,1125158.2477874751,802.1566162109375,"(np.int64(1657), np.int64(1090), np.int64(1679), np.int64(1109))",644,88
342,1106.9285714285713,1688.7857142857142,14.0,173101.26889038077,768.700439453125,"(np.int64(1686), np.int64(1105), np.int64(1692), np.int64(1109))",644,88
342,1830.9333333333334,1888.0,15.0,185465.64523969367,704.0121459960938,"(np.int64(1886), np.int64(1829), np.int64(1891), np.int64(1834))",466,73
342,1855.7272727272727,1892.8181818181818,11.0,136008.13984244203,704.0121459960938,"(np.int64(1890), np.int64(1855), np.int64(1897), np.int64(1858))",466,73
342,1871.8,1899.0,10.0,123643.76349312911,768.700439453125,"(np.int64(1898), np.int64(1870), np.int64(1901), np.int64(1874))",466,73
343,1860.0,361.5,2.0,24728.752698625824,612.256103515625,"(np.int64(361), np.int64(1860), np.int64(363), np.int64(1861))",379,52
343,1845.3333333333333,365.6666666666667,3.0,37093.12904793874,642.1159057617188,"(np.int64(365), np.int64(1845), np.int64(367), np.int64(1847))",379,52
343,1445.4,727.8,5.0,61821.881746564555,704.0121459960938,"(np.int64(727), np.int64(1445), np.int64(730), np.int64(1447))",811,15
343,300.6,984.45,20.0,247287.52698625822,942.9375610351562,"(np.int64(982), np.int64(298), np.int64(988), np.int64(305))",778,17
343,1506.0,1078.0,1.0,12364.376349312912,612.256103515625,"(np.int64(1078), np.int64(1506), np.int64(1079), np.int64(1507))",838,3
343,942.8823529411765,1104.5294117647059,17.0,210194.3979383195,942.9375610351562,"(np.int64(1103), np.int64(939), np.int64(1108), np.int64(949))",400,89
343,1362.0,1290.0,1.0,12364.376349312912,612.256103515625,"(np.int64(1290), np.int64(1362), np.int64(1291), np.int64(1363))",380,139
343,1255.5,1307.5,2.0,24728.752698625824,642.1159057617188,"(np.int64(1306), np.int64(1253), np.int64(1310), np.int64(1259))",141,77
343,1117.5735294117646,1621.7058823529412,68.0,840777.591753278,802.1566162109375,"(np.int64(1612), np.int64(1112), np.int64(1630), np.int64(1125))",702,44
343,1124.8181818181818,1643.5454545454545,11.0,136008.13984244203,672.7327880859375,"(np.int64(1642), np.int64(1123), np.int64(1646), np.int64(1127))",702,44
343,1102.25,1660.2307692307693,27.0,333838.1614314486,672.7327880859375,"(np.int64(1658), np.int64(1094), np.int64(1664), np.int64(1107))",644,88
343,1094.0964912280701,1674.140350877193,58.0,717133.8282601489,802.1566162109375,"(np.int64(1667), np.int64(1088), np.int64(1679), np.int64(1098))",644,88
343,1103.6666666666667,1690.0833333333333,12.0,148372.51619175496,768.700439453125,"(np.int64(1688), np.int64(1102), np.int64(1693), np.int64(1106))",644,88
343,1853.9642857142858,1891.0357142857142,15.0,185465.6452396937,736.0014038085938,"(np.int64(1888), np.int64(1853), np.int64(1898), np.int64(1857))",466,73
343,1870.090909090909,1899.0,11.0,136008.13984244203,672.7327880859375,"(np.int64(1897), np.int64(1868), np.int64(1901), np.int64(1873))",466,73
344,1851.25,368.5,4.0,49457.50539725165,612.2818603515625,"(np.int64(366), np.int64(1847), np.int64(374), np.int64(1855))",379,52
344,1446.3333333333333,726.3333333333334,3.0,37093.12904793874,703.98974609375,"(np.int64(726), np.int64(1446), np.int64(728), np.int64(1448))",811,15
344,290.46666666666664,978.3333333333334,15.0,185465.64523969367,736.00439453125,"(np.int64(975), np.int64(288), np.int64(982), np.int64(295))",778,17
344,301.0,984.6,25.0,309109.4087328228,1301.355712890625,"(np.int64(982), np.int64(298), np.int64(989), np.int64(305))",778,17
344,942.0,1104.36,25.0,309109.4087328228,1388.7998046875,"(np.int64(1103), np.int64(937), np.int64(1107), np.int64(949))",400,89
344,1255.75,1308.75,3.0,37093.12904793874,642.1285400390625,"(np.int64(1308), np.int64(1254), np.int64(1310), np.int64(1258))",141,77
344,1118.012048192771,1620.698795180723,83.0,1026243.2369929716,768.74169921875,"(np.int64(1610), np.int64(1112), np.int64(1632), np.int64(1126))",702,44
344,1125.3846153846155,1641.6153846153845,13.0,160736.89254106785,802.1295166015625,"(np.int64(1640), np.int64(1124), np.int64(1644), np.int64(1128))",702,44
344,1096.497984496124,1661.5057364341083,66.0,816048.8390546521,672.69775390625,"(np.int64(1655), np.int64(1090), np.int64(1677), np.int64(1105))",644,88
344,1102.4,1691.4,5.0,61821.881746564555,672.69775390625,"(np.int64(1690), np.int64(1101), np.int64(1693), np.int64(1104))",644,88
344,1857.7619047619046,1891.952380952381,17.0,210194.3979383195,736.00439453125,"(np.int64(1884), np.int64(1855), np.int64(1899), np.int64(1860))",466,73
344,1875.159090909091,1899.2954545454545,17.0,210194.3979383195,836.2398681640625,"(np.int64(1898), np.int64(1868), np.int64(1901), np.int64(1882))",466,73
345,1827.0,268.0,1.0,12364.376349312912,612.24169921875,"(np.int64(268), np.int64(1827), np.int64(269), np.int64(1828))",99,17
345,1854.0,364.0,1.0,12364.376349312912,612.24169921875,"(np.int64(364), np.int64(1854), np.int64(365), np.int64(1855))",379,52
345,295.2325581395349,981.5581395348837,86.0,1063336.3660409104,1479.1282958984375,"(np.int64(975), np.int64(287), np.int64(987), np.int64(306))",778,17
345,1552.0,1046.0,1.0,12364.376349312912,612.24169921875,"(np.int64(1046), np.int64(1552), np.int64(1047), np.int64(1553))",583,42
345,943.7586206896551,1103.8275862068965,29.0,358566.91413007444,1344.7147216796875,"(np.int64(1102), np.int64(939), np.int64(1107), np.int64(951))",400,89
345,1778.0,1194.0,1.0,12364.376349312912,642.1412353515625,"(np.int64(1194), np.int64(1778), np.int64(1195), np.int64(1779))",820,9
345,1251.5833333333333,1309.5833333333333,7.0,86550.63444519039,612.24169921875,"(np.int64(1306), np.int64(1248), np.int64(1314), np.int64(1258))",141,77
345,582.0,1551.0,1.0,12364.376349312912,612.24169921875,"(np.int64(1551), np.int64(582), np.int64(1552), np.int64(583))",793,6
345,1128.5,1608.0,2.0,24728.752698625824,612.24169921875,"(np.int64(1608), np.int64(1128), np.int64(1609), np.int64(1130))",702,44
345,1118.7738095238096,1620.047619047619,84.0,1038607.6133422846,768.7431640625,"(np.int64(1610), np.int64(1112), np.int64(1630), np.int64(1127))",702,44
345,1126.0833333333333,1641.0833333333333,12.0,148372.51619175496,768.7431640625,"(np.int64(1639), np.int64(1125), np.int64(1644), np.int64(1128))",702,44
345,1095.535851122058,1663.9230067505928,91.0,1125158.247787475,704.028076171875,"(np.int64(1650), np.int64(1083), np.int64(1680), np.int64(1106))",644,88
345,337.0,1670.0,5.0,61821.881746564555,704.028076171875,"(np.int64(1670), np.int64(335), np.int64(1671), np.int64(340))",858,2
345,1877.1666666666667,1898.9444444444443,27.0,333838.1614314486,836.2867431640625,"(np.int64(1897), np.int64(1871), np.int64(1901), np.int64(1884))",466,73
346,1851.0,366.0,2.0,24728.752698625824,612.248291015625,"(np.int64(365), np.int64(1850), np.int64(368), np.int64(1853))",379,52
346,296.32793522267207,981.1113360323887,52.0,642947.5701642714,979.8883056640625,"(np.int64(972), np.int64(284), np.int64(987), np.int64(306))",778,17
346,944.625,1104.78125,32.0,395660.0431780132,1479.1009521484375,"(np.int64(1103), np.int64(939), np.int64(1107), np.int64(952))",400,89
346,1288.0,1124.0,3.0,37093.12904793874,642.1397705078125,"(np.int64(1124), np.int64(1287), np.int64(1125), np.int64(1290))",861,4
346,1779.0,1192.5,2.0,24728.752698625824,612.248291015625,"(np.int64(1191), np.int64(1778), np.int64(1195), np.int64(1781))",820,9
346,1255.0,1293.0,1.0,12364.376349312912,768.70947265625,"(np.int64(1293), np.int64(1255), np.int64(1294), np.int64(1256))",141,77
346,1255.0333333333333,1308.3333333333333,8.0,98915.0107945033,642.1397705078125,"(np.int64(1304), np.int64(1248), np.int64(1313), np.int64(1261))",141,77
346,1327.3333333333333,1333.3333333333333,3.0,37093.12904793874,642.1397705078125,"(np.int64(1333), np.int64(1327), np.int64(1335), np.int64(1329))",27,63
346,1129.0,1608.0,1.0,12364.376349312912,612.248291015625,"(np.int64(1608), np.int64(1129), np.int64(1609), np.int64(1130))",702,44
346,1119.471264367816,1620.7356321839081,88.0,1088065.1187395363,836.2467041015625,"(np.int64(1611), np.int64(1113), np.int64(1630), np.int64(1128))",702,44
346,1126.625,1640.625,8.0,98915.0107945033,736.0040283203125,"(np.int64(1639), np.int64(1126), np.int64(1643), np.int64(1129))",702,44
346,1101.5370370370372,1662.3240740740741,14.0,173101.26889038074,612.248291015625,"(np.int64(1655), np.int64(1094), np.int64(1669), np.int64(1111))",644,88
346,1091.4,1672.05,11.0,136008.13984244203,672.7191162109375,"(np.int64(1670), np.int64(1091), np.int64(1677), np.int64(1094))",644,88
346,337.0,1671.2857142857142,7.0,86550.63444519039,703.986328125,"(np.int64(1671), np.int64(334), np.int64(1673), np.int64(341))",858,2
346,1875.0142857142857,1899.6571428571428,36.0,445117.5485752648,802.1029052734375,"(np.int64(1897), np.int64(1871), np.int64(1902), np.int64(1888))",466,73
347,1833.0,288.0,2.0,24728.752698625824,642.1329345703125,"(np.int64(286), np.int64(1831), np.int64(291), np.int64(1836))",99,17
347,1861.0,361.0,1.0,12364.376349312912,612.2589721679688,"(np.int64(361), np.int64(1861), np.int64(362), np.int64(1862))",379,52
347,1850.0,367.0,1.0,12364.376349312912,612.2589721679688,"(np.int64(367), np.int64(1850), np.int64(368), np.int64(1851))",379,52
347,944.92,1105.52,25.0,309109.4087328228,1095.0914306640625,"(np.int64(1104), np.int64(939), np.int64(1108), np.int64(951))",400,89
347,1288.5,1125.0,4.0,49457.50539725165,672.6995849609375,"(np.int64(1125), np.int64(1287), np.int64(1126), np.int64(1291))",861,4
347,1779.3333333333333,1195.6666666666667,3.0,37093.12904793874,642.1329345703125,"(np.int64(1195), np.int64(1779), np.int64(1197), np.int64(1781))",820,9
347,1501.0,1223.0,1.0,12364.376349312912,642.1329345703125,"(np.int64(1223), np.int64(1501), np.int64(1224), np.int64(1502))",408,4
347,1253.75,1312.0,3.0,37093.12904793874,612.2589721679688,"(np.int64(1311), np.int64(1249), np.int64(1314), np.int64(1259))",141,77
347,583.0,1553.0,1.0,12364.376349312912,612.2589721679688,"(np.int64(1553), np.int64(583), np.int64(1554), np.int64(584))",793,6
347,1118.3661971830986,1621.6478873239437,71.0,877870.7208012168,768.729248046875,"(np.int64(1614), np.int64(1112), np.int64(1630), np.int64(1125))",702,44
347,1126.25,1640.75,8.0,98915.0107945033,768.729248046875,"(np.int64(1640), np.int64(1125), np.int64(1643), np.int64(1129))",702,44
347,1108.75,1667.0,5.0,61821.88174656456,642.1329345703125,"(np.int64(1666), np.int64(1106), np.int64(1669), np.int64(1113))",644,88
347,1091.4285714285713,1673.0,14.0,173101.26889038077,672.6995849609375,"(np.int64(1671), np.int64(1090), np.int64(1676), np.int64(1094))",644,88
347,1075.8333333333333,1683.6666666666667,4.0,49457.50539725165,642.1329345703125,"(np.int64(1681), np.int64(1072), np.int64(1687), np.int64(1082))",644,88
347,810.5,1684.5,2.0,24728.752698625824,642.1329345703125,"(np.int64(1684), np.int64(810), np.int64(1686), np.int64(812))",863,7
347,1046.0,1729.0,1.0,12364.376349312912,612.2589721679688,"(np.int64(1729), np.int64(1046), np.int64(1730), np.int64(1047))",82,64
347,1880.0,1878.0,1.0,12364.376349312912,612.2589721679688,"(np.int64(1878), np.int64(1880), np.int64(1879), np.int64(1881))",864,4
347,1876.325,1900.2,40.0,494575.05397251644,768.729248046875,"(np.int64(1897), np.int64(1868), np.int64(1903), np.int64(1885))",466,73
348,1832.5,290.5,2.0,24728.752698625824,672.718994140625,"(np.int64(290), np.int64(1832), np.int64(292), np.int64(1834))",99,17
348,304.3333333333333,985.6666666666666,3.0,37093.12904793874,736.003173828125,"(np.int64(985), np.int64(304), np.int64(987), np.int64(306))",778,17
348,945.9444444444445,1105.3333333333333,18.0,222558.7742876324,768.7076416015625,"(np.int64(1104), np.int64(941), np.int64(1108), np.int64(951))",400,89
348,1779.5,1194.75,4.0,49457.50539725165,612.2526245117188,"(np.int64(1193), np.int64(1778), np.int64(1197), np.int64(1782))",820,9
348,1501.0,1222.5,2.0,24728.752698625824,642.1393432617188,"(np.int64(1222), np.int64(1501), np.int64(1224), np.int64(1502))",408,4
348,1252.0,1309.3333333333333,3.0,37093.12904793874,642.1393432617188,"(np.int64(1308), np.int64(1248), np.int64(1311), np.int64(1259))",141,77
348,1311.0,1342.0,1.0,12364.376349312912,612.2526245117188,"(np.int64(1342), np.int64(1311), np.int64(1343), np.int64(1312))",27,63
348,1955.5,1524.5,2.0,24728.752698625824,612.2526245117188,"(np.int64(1524), np.int64(1955), np.int64(1526), np.int64(1957))",867,6
348,1120.171111111111,1617.4722222222222,54.0,667676.3228628972,736.003173828125,"(np.int64(1608), np.int64(1113), np.int64(1630), np.int64(1128))",702,44
348,1126.0,1640.5,6.0,74186.25809587748,703.9915161132812,"(np.int64(1640), np.int64(1125), np.int64(1642), np.int64(1128))",702,44
348,812.1428571428571,1686.0,8.0,98915.0107945033,672.718994140625,"(np.int64(1683), np.int64(810), np.int64(1689), np.int64(814))",863,7
348,1073.0,1684.0,1.0,12364.376349312912,612.2526245117188,"(np.int64(1684), np.int64(1073), np.int64(1685), np.int64(1074))",644,88
348,1866.2567956349208,1888.365277777778,117.0,1446632.0328696107,1134.92431640625,"(np.int64(1878), np.int64(1855), np.int64(1904), np.int64(1887))",466,73
348,1879.75,1879.75,3.0,37093.12904793874,642.1393432617188,"(np.int64(1878), np.int64(1879), np.int64(1883), np.int64(1881))",864,4
349,1133.0,217.0,1.0,12364.376349312912,642.1159057617188,"(np.int64(217), np.int64(1133), np.int64(218), np.int64(1134))",868,9
349,1829.0,292.0,1.0,12364.376349312912,612.256103515625,"(np.int64(292), np.int64(1829), np.int64(293), np.int64(1830))",99,17
349,1847.0,367.0,1.0,12364.376349312912,612.256103515625,"(np.int64(367), np.int64(1847), np.int64(368), np.int64(1848))",379,52
349,291.0,963.0,1.0,12364.376349312912,704.0121459960938,"(np.int64(963), np.int64(291), np.int64(964), np.int64(292))",869,7
349,298.3125,982.96875,17.0,210194.3979383195,1216.69140625,"(np.int64(981), np.int64(295), np.int64(988), np.int64(305))",778,17
349,943.6315789473684,1105.3684210526317,19.0,234923.15063694533,906.6893920898438,"(np.int64(1104), np.int64(938), np.int64(1107), np.int64(949))",400,89
349,1779.0,1195.0,2.0,24728.752698625824,612.256103515625,"(np.int64(1194), np.int64(1778), np.int64(1197), np.int64(1781))",820,9
349,1263.0,1303.0,1.0,12364.376349312912,612.256103515625,"(np.int64(1303), np.int64(1263), np.int64(1304), np.int64(1264))",141,77
349,1252.0,1308.0,2.0,24728.752698625824,612.256103515625,"(np.int64(1305), np.int64(1249), np.int64(1312), np.int64(1256))",141,77
349,1311.25,1342.0,3.0,37093.12904793874,612.256103515625,"(np.int64(1342), np.int64(1310), np.int64(1343), np.int64(1314))",27,63
349,1953.0,1531.0,1.0,12364.376349312912,612.256103515625,"(np.int64(1531), np.int64(1953), np.int64(1532), np.int64(1954))",867,6
349,1119.2857142857142,1616.142857142857,14.0,173101.26889038077,642.1159057617188,"(np.int64(1613), np.int64(1117), np.int64(1620), np.int64(1122))",702,44
349,1117.2727272727273,1626.8181818181818,11.0,136008.13984244203,704.0121459960938,"(np.int64(1625), np.int64(1115), np.int64(1630), np.int64(1120))",702,44
349,1125.1666666666667,1640.1666666666667,6.0,74186.25809587748,736.0014038085938,"(np.int64(1639), np.int64(1124), np.int64(1642), np.int64(1127))",702,44
349,810.7777777777778,1684.7777777777778,9.0,111279.3871438162,704.0121459960938,"(np.int64(1683), np.int64(809), np.int64(1688), np.int64(813))",863,7
349,1071.0,1684.0,1.0,12364.376349312912,612.256103515625,"(np.int64(1684), np.int64(1071), np.int64(1685), np.int64(1072))",644,88
349,1046.0,1729.0,1.0,12364.376349312912,612.256103515625,"(np.int64(1729), np.int64(1046), np.int64(1730), np.int64(1047))",82,64
349,433.0,1742.5,2.0,24728.752698625824,642.1159057617188,"(np.int64(1742), np.int64(433), np.int64(1744), np.int64(434))",870,5
349,1866.7618685221425,1891.9666412988329,165.0,2040122.09763663,906.6893920898438,"(np.int64(1876), np.int64(1854), np.int64(1902), np.int64(1888))",466,73
349,1880.0,1880.0,1.0,12364.376349312912,642.1159057617188,"(np.int64(1880), np.int64(1880), np.int64(1881), np.int64(1881))",864,4
350,1131.5,216.5,4.0,49457.50539725165,703.999267578125,"(np.int64(216), np.int64(1131), np.int64(218), np.int64(1133))",868,9
350,1851.6666666666667,365.3333333333333,3.0,37093.12904793874,612.2658081054688,"(np.int64(364), np.int64(1848), np.int64(369), np.int64(1855))",379,52
350,290.0,963.5,2.0,24728.752698625824,612.2658081054688,"(np.int64(963), np.int64(290), np.int64(965), np.int64(291))",869,7
350,291.42857142857144,980.4285714285714,7.0,86550.63444519039,703.999267578125,"(np.int64(979), np.int64(289), np.int64(983), np.int64(294))",778,17
350,301.2307692307692,985.0,13.0,160736.89254106785,1017.6112670898438,"(np.int64(983), np.int64(300), np.int64(988), np.int64(304))",778,17
350,943.36,1104.64,25.0,309109.4087328228,802.151123046875,"(np.int64(1103), np.int64(937), np.int64(1107), np.int64(950))",400,89
350,1287.5,1125.0,2.0,24728.752698625824,612.2658081054688,"(np.int64(1125), np.int64(1287), np.int64(1126), np.int64(1289))",861,4
350,1315.2916666666667,1342.2291666666667,15.0,185465.6452396937,703.999267578125,"(np.int64(1341), np.int64(1309), np.int64(1345), np.int64(1325))",27,63
350,1290.0,1594.0,1.0,12364.376349312912,612.2658081054688,"(np.int64(1594), np.int64(1290), np.int64(1595), np.int64(1291))",802,11
350,1120.625,1614.125,5.0,61821.881746564555,612.2658081054688,"(np.int64(1612), np.int64(1117), np.int64(1618), np.int64(1124))",702,44
350,1103.0,1623.0,1.0,12364.376349312912,612.2658081054688,"(np.int64(1623), np.int64(1103), np.int64(1624), np.int64(1104))",702,44
350,1115.0,1626.0,1.0,12364.376349312912,612.2658081054688,"(np.int64(1626), np.int64(1115), np.int64(1627), np.int64(1116))",702,44
350,1125.0,1640.5,2.0,24728.752698625824,642.1359252929688,"(np.int64(1640), np.int64(1125), np.int64(1642), np.int64(1126))",702,44
350,1071.0,1683.0,3.0,37093.12904793874,612.2658081054688,"(np.int64(1682), np.int64(1071), np.int64(1685), np.int64(1072))",644,88
350,812.0,1683.5,4.0,49457.50539725165,612.2658081054688,"(np.int64(1683), np.int64(811), np.int64(1685), np.int64(814))",863,7
350,432.125,1739.3333333333333,10.0,123643.76349312911,672.6973266601562,"(np.int64(1734), np.int64(430), np.int64(1745), np.int64(435))",870,5
350,1859.8382352941176,1886.6470588235295,68.0,840777.591753278,802.151123046875,"(np.int64(1879), np.int64(1857), np.int64(1894), np.int64(1864))",466,73
350,759.0,1881.0,1.0,12364.376349312912,612.2658081054688,"(np.int64(1881), np.int64(759), np.int64(1882), np.int64(760))",871,3
350,1870.5551948051948,1893.7922077922078,79.0,976785.73159572,802.151123046875,"(np.int64(1888), np.int64(1865), np.int64(1902), np.int64(1880))",466,73
350,1882.375,1898.25,8.0,98915.0107945033,735.992431640625,"(np.int64(1897), np.int64(1881), np.int64(1900), np.int64(1885))",466,73
350,1856.0,1898.0,1.0,12364.376349312912,612.2658081054688,"(np.int64(1898), np.int64(1856), np.int64(1899), np.int64(1857))",466,73
351,1134.2380952380952,216.26190476190473,10.0,123643.76349312912,672.7261962890625,"(np.int64(212), np.int64(1131), np.int64(222), np.int64(1136))",868,9
351,1818.0,267.0,1.0,12364.376349312912,612.253173828125,"(np.int64(267), np.int64(1818), np.int64(268), np.int64(1819))",99,17
351,1829.0,294.0,1.0,12364.376349312912,612.253173828125,"(np.int64(294), np.int64(1829), np.int64(295), np.int64(1830))",99,17
351,1854.75,366.75,4.0,49457.50539725165,642.1551513671875,"(np.int64(366), np.int64(1854), np.int64(369), np.int64(1857))",379,52
351,1846.0,400.0,1.0,12364.376349312912,612.253173828125,"(np.int64(400), np.int64(1846), np.int64(401), np.int64(1847))",138,25
351,945.4193548387096,1103.0967741935483,31.0,383295.6668287003,871.1292114257812,"(np.int64(1101), np.int64(939), np.int64(1106), np.int64(952))",400,89
351,1289.0,1124.0,1.0,12364.376349312912,672.7261962890625,"(np.int64(1124), np.int64(1289), np.int64(1125), np.int64(1290))",861,4
351,1324.2272727272727,1340.4545454545455,22.0,272016.27968488407,672.7261962890625,"(np.int64(1338), np.int64(1321), np.int64(1344), np.int64(1330))",27,63
351,1957.0,1518.0,1.0,12364.376349312912,612.253173828125,"(np.int64(1518), np.int64(1957), np.int64(1519), np.int64(1958))",867,6
351,1291.5,1592.0,2.0,24728.752698625824,612.253173828125,"(np.int64(1592), np.int64(1291), np.int64(1593), np.int64(1293))",802,11
351,1119.0,1616.0,1.0,12364.376349312912,612.253173828125,"(np.int64(1616), np.int64(1119), np.int64(1617), np.int64(1120))",702,44
351,1085.0,1672.0,1.0,12364.376349312912,612.253173828125,"(np.int64(1672), np.int64(1085), np.int64(1673), np.int64(1086))",644,88
351,1072.0,1681.5,4.0,49457.50539725165,612.253173828125,"(np.int64(1681), np.int64(1071), np.int64(1683), np.int64(1074))",644,88
351,433.6875,1741.375,9.0,111279.3871438162,768.7110595703125,"(np.int64(1736), np.int64(433), np.int64(1745), np.int64(435))",870,5
351,1868.045112781955,1889.9022556390978,133.0,1644462.0544586172,871.1292114257812,"(np.int64(1877), np.int64(1860), np.int64(1901), np.int64(1880))",466,73
351,1881.5,1881.0,2.0,24728.752698625824,642.1551513671875,"(np.int64(1880), np.int64(1881), np.int64(1883), np.int64(1883))",864,4
351,1883.0,1897.5,2.0,24728.752698625824,612.253173828125,"(np.int64(1897), np.int64(1883), np.int64(1899), np.int64(1884))",466,73
352,1132.4285714285713,215.14285714285714,7.0,86550.63444519039,735.988037109375,"(np.int64(214), np.int64(1131), np.int64(217), np.int64(1135))",868,9
352,1830.0,269.5,2.0,24728.752698625824,612.240234375,"(np.int64(269), np.int64(1830), np.int64(271), np.int64(1831))",99,17
352,1855.5,364.5,14.0,173101.26889038077,672.7374267578125,"(np.int64(363), np.int64(1854), np.int64(368), np.int64(1859))",379,52
352,946.0833333333334,1102.361111111111,36.0,445117.5485752648,906.701904296875,"(np.int64(1099), np.int64(939), np.int64(1105), np.int64(955))",400,89
352,812.6666666666666,1164.5,6.0,74186.25809587748,802.1495361328125,"(np.int64(1163), np.int64(812), np.int64(1167), np.int64(814))",876,8
352,1779.0,1196.0,1.0,12364.376349312912,612.240234375,"(np.int64(1196), np.int64(1779), np.int64(1197), np.int64(1780))",820,9
352,1321.6666666666667,1325.25,11.0,136008.13984244203,642.1348876953125,"(np.int64(1325), np.int64(1319), np.int64(1327), np.int64(1329))",27,63
352,1324.3478260869565,1340.7391304347825,46.0,568761.3120683939,768.71484375,"(np.int64(1338), np.int64(1317), np.int64(1344), np.int64(1332))",27,63
352,1957.0,1519.0,6.0,74186.25809587748,672.7374267578125,"(np.int64(1517), np.int64(1956), np.int64(1522), np.int64(1959))",867,6
352,473.0,1592.0,1.0,12364.376349312912,672.7374267578125,"(np.int64(1592), np.int64(473), np.int64(1593), np.int64(474))",878,5
352,1292.0,1592.0,1.0,12364.376349312912,703.969482421875,"(np.int64(1592), np.int64(1292), np.int64(1593), np.int64(1293))",802,11
352,1071.375,1681.25,8.0,98915.0107945033,735.988037109375,"(np.int64(1679), np.int64(1070), np.int64(1684), np.int64(1073))",644,88
352,814.0,1681.5,2.0,24728.752698625824,642.1348876953125,"(np.int64(1681), np.int64(813), np.int64(1683), np.int64(816))",863,7
352,433.6,1738.4,5.0,61821.881746564555,672.7374267578125,"(np.int64(1737), np.int64(433), np.int64(1741), np.int64(435))",870,5
352,1483.0,1761.0,1.0,12364.376349312912,612.240234375,"(np.int64(1761), np.int64(1483), np.int64(1762), np.int64(1484))",194,10
352,1862.871794871795,1885.3333333333333,78.0,964421.3552464071,871.14306640625,"(np.int64(1877), np.int64(1860), np.int64(1894), np.int64(1868))",466,73
352,758.0,1880.5,2.0,24728.752698625824,612.240234375,"(np.int64(1880), np.int64(758), np.int64(1882), np.int64(759))",871,3
352,1880.6716101694915,1894.3262711864406,63.0,778955.7100067135,768.71484375,"(np.int64(1888), np.int64(1869), np.int64(1900), np.int64(1886))",466,73
352,1855.0,1893.0,5.0,61821.881746564555,703.969482421875,"(np.int64(1891), np.int64(1855), np.int64(1896), np.int64(1856))",466,73
353,1133.8,215.4,5.0,61821.881746564555,642.139892578125,"(np.int64(215), np.int64(1133), np.int64(217), np.int64(1136))",868,9
353,1855.611111111111,368.66666666666663,10.0,123643.76349312911,703.9933471679688,"(np.int64(366), np.int64(1854), np.int64(371), np.int64(1859))",379,52
353,930.5,1093.0,2.0,24728.752698625824,612.2780151367188,"(np.int64(1093), np.int64(930), np.int64(1094), np.int64(932))",879,4
353,945.0425531914893,1102.7446808510638,47.0,581125.6884177069,942.9334106445312,"(np.int64(1099), np.int64(937), np.int64(1106), np.int64(956))",400,89
353,813.1111111111111,1164.7777777777778,9.0,111279.3871438162,1095.097412109375,"(np.int64(1163), np.int64(812), np.int64(1168), np.int64(815))",876,8
353,1325.0,1325.0,2.0,24728.752698625824,612.2780151367188,"(np.int64(1325), np.int64(1323), np.int64(1326), np.int64(1328))",27,63
353,1338.0833333333335,1336.1666666666665,5.0,61821.88174656456,703.9933471679688,"(np.int64(1336), np.int64(1336), np.int64(1338), np.int64(1341))",27,63
353,1326.404761904762,1341.095238095238,42.0,519303.8066711423,802.1431884765625,"(np.int64(1339), np.int64(1320), np.int64(1344), np.int64(1333))",27,63
353,282.0,1351.0,2.0,24728.752698625824,612.2780151367188,"(np.int64(1351), np.int64(280), np.int64(1352), np.int64(285))",302,15
353,1957.3333333333333,1520.1666666666667,4.0,49457.50539725165,612.2780151367188,"(np.int64(1517), np.int64(1956), np.int64(1525), np.int64(1960))",867,6
353,1293.3333333333333,1592.6666666666667,3.0,37093.12904793874,672.7267456054688,"(np.int64(1592), np.int64(1293), np.int64(1594), np.int64(1295))",802,11
353,2010.0,1621.0,1.0,12364.376349312912,612.2780151367188,"(np.int64(1621), np.int64(2010), np.int64(1622), np.int64(2011))",514,4
353,1127.5,1638.0,2.0,24728.752698625824,612.2780151367188,"(np.int64(1638), np.int64(1127), np.int64(1639), np.int64(1129))",702,44
353,1071.6,1681.8,5.0,61821.881746564555,703.9933471679688,"(np.int64(1681), np.int64(1071), np.int64(1684), np.int64(1074))",644,88
353,1046.0,1729.0,1.0,12364.376349312912,612.2780151367188,"(np.int64(1729), np.int64(1046), np.int64(1730), np.int64(1047))",82,64
353,433.3333333333333,1737.6666666666667,3.0,37093.12904793874,612.2780151367188,"(np.int64(1737), np.int64(433), np.int64(1739), np.int64(435))",870,5
353,1870.3372972972973,1889.1156756756757,77.0,952056.9788970943,768.7015380859375,"(np.int64(1877), np.int64(1855), np.int64(1899), np.int64(1886))",466,73
353,758.0,1881.5,2.0,24728.752698625824,672.7267456054688,"(np.int64(1881), np.int64(758), np.int64(1883), np.int64(759))",871,3
354,1134.0,215.5,4.0,49457.50539725165,672.7055053710938,"(np.int64(215), np.int64(1133), np.int64(217), np.int64(1136))",868,9
354,1855.857142857143,367.42857142857144,14.0,173101.26889038077,642.143310546875,"(np.int64(366), np.int64(1853), np.int64(371), np.int64(1860))",379,52
354,2038.5,681.5,2.0,24728.752698625824,612.2584228515625,"(np.int64(681), np.int64(2038), np.int64(683), np.int64(2040))",853,7
354,356.0,958.0,1.0,12364.376349312912,703.9872436523438,"(np.int64(958), np.int64(356), np.int64(959), np.int64(357))",880,2
354,294.0,965.0,2.0,24728.752698625824,642.143310546875,"(np.int64(964), np.int64(293), np.int64(967), np.int64(296))",869,7
354,929.6666666666666,1092.6666666666667,3.0,37093.12904793874,672.7055053710938,"(np.int64(1092), np.int64(929), np.int64(1094), np.int64(931))",879,4
354,954.3333333333334,1099.3333333333333,3.0,37093.12904793874,642.143310546875,"(np.int64(1099), np.int64(954), np.int64(1101), np.int64(956))",400,89
354,942.575,1103.4,40.0,494575.05397251644,836.2680053710938,"(np.int64(1102), np.int64(935), np.int64(1106), np.int64(951))",400,89
354,813.1428571428571,1165.142857142857,14.0,173101.26889038077,1572.2572021484375,"(np.int64(1163), np.int64(811), np.int64(1168), np.int64(816))",876,8
354,1329.8260869565217,1339.7826086956522,46.0,568761.3120683939,768.7095947265625,"(np.int64(1335), np.int64(1323), np.int64(1344), np.int64(1342))",27,63
354,1957.0,1520.0,1.0,12364.376349312912,612.2584228515625,"(np.int64(1520), np.int64(1957), np.int64(1521), np.int64(1958))",867,6
354,1293.5,1592.5,4.0,49457.50539725165,642.143310546875,"(np.int64(1592), np.int64(1293), np.int64(1594), np.int64(1295))",802,11
354,2009.0,1622.0,3.0,37093.12904793874,642.143310546875,"(np.int64(1621), np.int64(2009), np.int64(1624), np.int64(2010))",514,4
354,1126.0,1640.0,1.0,12364.376349312912,612.2584228515625,"(np.int64(1640), np.int64(1126), np.int64(1641), np.int64(1127))",702,44
354,1070.3333333333333,1682.3333333333333,3.0,37093.12904793874,672.7055053710938,"(np.int64(1682), np.int64(1070), np.int64(1684), np.int64(1072))",644,88
354,1046.0,1729.0,1.0,12364.376349312912,612.2584228515625,"(np.int64(1729), np.int64(1046), np.int64(1730), np.int64(1047))",82,64
354,1861.75,1878.25,4.0,49457.50539725165,672.7055053710938,"(np.int64(1877), np.int64(1861), np.int64(1880), np.int64(1863))",466,73
354,1868.0,1894.9166666666665,8.0,98915.0107945033,735.9885864257812,"(np.int64(1893), np.int64(1863), np.int64(1898), np.int64(1875))",466,73
355,1135.0,217.0,1.0,12364.376349312912,612.2780151367188,"(np.int64(217), np.int64(1135), np.int64(218), np.int64(1136))",868,9
355,1829.0,274.0,1.0,12364.376349312912,612.2780151367188,"(np.int64(274), np.int64(1829), np.int64(275), np.int64(1830))",99,17
355,1855.0833333333335,370.25,7.0,86550.63444519039,672.7267456054688,"(np.int64(369), np.int64(1853), np.int64(373), np.int64(1857))",379,52
355,1855.0,383.0,1.0,12364.376349312912,612.2780151367188,"(np.int64(383), np.int64(1855), np.int64(384), np.int64(1856))",379,52
355,2037.5,682.0,4.0,49457.50539725165,979.9095458984375,"(np.int64(681), np.int64(2037), np.int64(684), np.int64(2039))",853,7
355,294.09090909090907,966.0909090909091,11.0,136008.13984244203,703.9933471679688,"(np.int64(964), np.int64(292), np.int64(969), np.int64(298))",869,7
355,942.6153846153846,1104.8653846153848,27.0,333838.1614314486,802.1431884765625,"(np.int64(1101), np.int64(938), np.int64(1107), np.int64(955))",400,89
355,812.7692307692307,1166.1538461538462,13.0,160736.89254106785,1433.5921630859375,"(np.int64(1165), np.int64(810), np.int64(1169), np.int64(816))",876,8
355,332.0,1237.0,1.0,12364.376349312912,612.2780151367188,"(np.int64(1237), np.int64(332), np.int64(1238), np.int64(333))",51,3
355,1338.0,1337.0,3.0,37093.12904793874,672.7267456054688,"(np.int64(1337), np.int64(1337), np.int64(1338), np.int64(1340))",27,63
355,1328.3333333333333,1342.111111111111,9.0,111279.3871438162,672.7267456054688,"(np.int64(1341), np.int64(1326), np.int64(1344), np.int64(1332))",27,63
355,476.7692307692308,1591.1538461538462,13.0,160736.89254106785,942.9334106445312,"(np.int64(1590), np.int64(474), np.int64(1594), np.int64(481))",878,5
355,1293.0,1594.0,1.0,12364.376349312912,612.2780151367188,"(np.int64(1594), np.int64(1293), np.int64(1595), np.int64(1294))",802,11
355,869.0,1737.0,1.0,12364.376349312912,612.2780151367188,"(np.int64(1737), np.int64(869), np.int64(1738), np.int64(870))",89,127
355,1861.0,1878.0,3.0,37093.12904793874,642.139892578125,"(np.int64(1877), np.int64(1861), np.int64(1880), np.int64(1862))",466,73
355,1862.0,1891.0,1.0,12364.376349312912,612.2780151367188,"(np.int64(1891), np.int64(1862), np.int64(1892), np.int64(1863))",466,73
356,1134.3333333333333,215.66666666666666,3.0,37093.12904793874,642.1316528320312,"(np.int64(215), np.int64(1134), np.int64(217), np.int64(1136))",868,9
356,1827.0,267.0,1.0,12364.376349312912,612.2556762695312,"(np.int64(267), np.int64(1827), np.int64(268), np.int64(1828))",99,17
356,1855.25,367.8333333333333,7.0,86550.63444519037,642.1316528320312,"(np.int64(364), np.int64(1854), np.int64(373), np.int64(1857))",379,52
356,2037.0,681.0,7.0,86550.63444519039,1388.810546875,"(np.int64(680), np.int64(2036), np.int64(683), np.int64(2039))",853,7
356,356.0,958.0,1.0,12364.376349312912,642.1316528320312,"(np.int64(958), np.int64(356), np.int64(959), np.int64(357))",880,2
356,295.0769230769231,965.8461538461538,13.0,160736.89254106785,736.0150756835938,"(np.int64(963), np.int64(292), np.int64(968), np.int64(299))",869,7
356,1535.25,1064.0,4.0,49457.50539725165,871.1220703125,"(np.int64(1063), np.int64(1535), np.int64(1066), np.int64(1537))",701,2
356,948.45,1104.2,11.0,136008.13984244203,768.7279663085938,"(np.int64(1103), np.int64(942), np.int64(1107), np.int64(952))",400,89
356,813.0,1165.375,16.0,197830.0215890066,1717.313720703125,"(np.int64(1163), np.int64(810), np.int64(1168), np.int64(816))",876,8
356,476.53846153846155,1591.0,13.0,160736.89254106785,871.1220703125,"(np.int64(1590), np.int64(474), np.int64(1594), np.int64(481))",878,5
356,1293.5,1592.5,4.0,49457.50539725165,612.2556762695312,"(np.int64(1592), np.int64(1293), np.int64(1594), np.int64(1295))",802,11
356,1105.4,1623.2,5.0,61821.881746564555,704.0113525390625,"(np.int64(1622), np.int64(1104), np.int64(1625), np.int64(1108))",702,44
356,821.0,1682.0,1.0,12364.376349312912,612.2556762695312,"(np.int64(1682), np.int64(821), np.int64(1683), np.int64(822))",863,7
356,1046.0,1729.0,1.0,12364.376349312912,642.1316528320312,"(np.int64(1729), np.int64(1046), np.int64(1730), np.int64(1047))",82,64
356,872.0,1743.5,2.0,24728.752698625824,704.0113525390625,"(np.int64(1743), np.int64(872), np.int64(1745), np.int64(873))",89,127
356,1770.0,1836.0,1.0,12364.376349312912,612.2556762695312,"(np.int64(1836), np.int64(1770), np.int64(1837), np.int64(1771))",528,63
356,1871.0,1899.0,1.0,12364.376349312912,612.2556762695312,"(np.int64(1899), np.int64(1871), np.int64(1900), np.int64(1872))",466,73
357,1135.0,216.0,1.0,12364.376349312912,642.133544921875,"(np.int64(216), np.int64(1135), np.int64(217), np.int64(1136))",868,9
357,2036.875,679.75,8.0,98915.0107945033,1216.7032470703125,"(np.int64(678), np.int64(2036), np.int64(682), np.int64(2039))",853,7
357,294.75,964.5833333333334,12.0,148372.51619175496,768.6952514648438,"(np.int64(962), np.int64(292), np.int64(967), np.int64(299))",869,7
357,927.3333333333334,1093.8333333333333,6.0,74186.25809587748,735.9908447265625,"(np.int64(1092), np.int64(927), np.int64(1096), np.int64(929))",879,4
357,939.25,1103.8333333333335,7.0,86550.63444519039,672.7100219726562,"(np.int64(1102), np.int64(935), np.int64(1107), np.int64(947))",400,89
357,813.8235294117648,1164.8823529411766,17.0,210194.3979383195,2303.99560546875,"(np.int64(1162), np.int64(811), np.int64(1168), np.int64(817))",876,8
357,1783.0,1195.0,1.0,12364.376349312912,612.2509155273438,"(np.int64(1195), np.int64(1783), np.int64(1196), np.int64(1784))",820,9
357,1360.0,1289.5,2.0,24728.752698625824,612.2509155273438,"(np.int64(1289), np.int64(1360), np.int64(1291), np.int64(1361))",380,139
357,0.0,1314.5,2.0,24728.752698625824,735.9908447265625,"(np.int64(1314), np.int64(0), np.int64(1316), np.int64(1))",889,2
357,1344.0,1328.0,1.0,12364.376349312912,642.133544921875,"(np.int64(1328), np.int64(1344), np.int64(1329), np.int64(1345))",27,63
357,475.9,1591.0,10.0,123643.76349312911,871.1102905273438,"(np.int64(1589), np.int64(474), np.int64(1594), np.int64(479))",878,5
357,1105.8333333333335,1621.8333333333335,4.0,49457.50539725165,735.9908447265625,"(np.int64(1621), np.int64(1104), np.int64(1624), np.int64(1108))",702,44
357,873.8333333333333,1741.0,4.0,49457.50539725165,642.133544921875,"(np.int64(1739), np.int64(873), np.int64(1743), np.int64(876))",89,127
357,1821.0,1814.0,1.0,12364.376349312912,612.2509155273438,"(np.int64(1814), np.int64(1821), np.int64(1815), np.int64(1822))",528,63
357,1769.5,1834.0,4.0,49457.50539725165,612.2509155273438,"(np.int64(1834), np.int64(1767), np.int64(1835), np.int64(1772))",528,63
358,588.0,355.0,1.0,12364.376349312912,612.2780151367188,"(np.int64(355), np.int64(588), np.int64(356), np.int64(589))",759,3
358,1856.722222222222,369.11111111111114,10.0,123643.76349312912,642.139892578125,"(np.int64(363), np.int64(1853), np.int64(377), np.int64(1863))",379,52
358,2037.0,679.0,1.0,12364.376349312912,612.2780151367188,"(np.int64(679), np.int64(2037), np.int64(680), np.int64(2038))",853,7
358,295.7142857142857,964.2857142857143,7.0,86550.63444519039,836.2645263671875,"(np.int64(963), np.int64(294), np.int64(967), np.int64(298))",869,7
358,927.0,1092.5,2.0,24728.752698625824,642.139892578125,"(np.int64(1092), np.int64(927), np.int64(1094), np.int64(928))",879,4
358,938.9629629629629,1104.4074074074074,11.0,136008.13984244203,836.2645263671875,"(np.int64(1103), np.int64(936), np.int64(1108), np.int64(947))",400,89
358,814.8260869565217,1164.6521739130435,23.0,284380.65603419696,2247.1123046875,"(np.int64(1162), np.int64(812), np.int64(1168), np.int64(818))",876,8
358,1368.875,1290.1625,11.0,136008.13984244203,642.139892578125,"(np.int64(1289), np.int64(1357), np.int64(1293), np.int64(1380))",380,139
358,0.25,1314.0,4.0,49457.50539725165,836.2645263671875,"(np.int64(1313), np.int64(0), np.int64(1316), np.int64(2))",889,2
358,1353.0,1334.0,1.0,12364.376349312912,612.2780151367188,"(np.int64(1334), np.int64(1353), np.int64(1335), np.int64(1354))",27,63
358,475.75,1591.0,3.0,37093.12904793874,642.139892578125,"(np.int64(1590), np.int64(475), np.int64(1593), np.int64(478))",878,5
358,1294.25,1591.75,8.0,98915.0107945033,612.2780151367188,"(np.int64(1590), np.int64(1293), np.int64(1595), np.int64(1296))",802,11
358,1105.6666666666667,1622.6666666666667,3.0,37093.12904793874,672.7267456054688,"(np.int64(1622), np.int64(1105), np.int64(1624), np.int64(1107))",702,44
358,1107.0,1667.0,1.0,12364.376349312912,612.2780151367188,"(np.int64(1667), np.int64(1107), np.int64(1668), np.int64(1108))",644,88
358,816.0,1682.0,1.0,12364.376349312912,612.2780151367188,"(np.int64(1682), np.int64(816), np.int64(1683), np.int64(817))",863,7
358,870.0,1734.5,2.0,24728.752698625824,612.2780151367188,"(np.int64(1734), np.int64(869), np.int64(1736), np.int64(872))",89,127
358,1457.0,1762.0,1.0,12364.376349312912,612.2780151367188,"(np.int64(1762), np.int64(1457), np.int64(1763), np.int64(1458))",194,10
358,1823.0,1814.642857142857,8.0,98915.0107945033,768.7015380859375,"(np.int64(1813), np.int64(1820), np.int64(1816), np.int64(1826))",528,63
358,1768.0,1840.0,1.0,12364.376349312912,612.2780151367188,"(np.int64(1840), np.int64(1768), np.int64(1841), np.int64(1769))",528,63
359,757.0,209.0,1.0,12364.376349312912,612.2713623046875,"(np.int64(209), np.int64(757), np.int64(210), np.int64(758))",690,2
359,584.0,351.0,1.0,12364.376349312912,612.2713623046875,"(np.int64(351), np.int64(584), np.int64(352), np.int64(585))",759,3
359,1853.4,371.75,8.0,98915.0107945033,703.9906005859375,"(np.int64(368), np.int64(1852), np.int64(377), np.int64(1856))",379,52
359,2047.0,682.0,1.0,12364.376349312912,642.1521606445312,"(np.int64(682), np.int64(2047), np.int64(683), np.int64(2048))",853,7
359,941.0,1107.375,8.0,98915.0107945033,703.9906005859375,"(np.int64(1107), np.int64(939), np.int64(1109), np.int64(944))",400,89
359,813.5,1166.3333333333333,6.0,74186.25809587748,735.9906005859375,"(np.int64(1166), np.int64(812), np.int64(1168), np.int64(816))",876,8
359,1357.25,1289.75,3.0,37093.12904793874,642.1521606445312,"(np.int64(1287), np.int64(1355), np.int64(1294), np.int64(1360))",380,139
359,1372.0,1292.0,1.0,12364.376349312912,612.2713623046875,"(np.int64(1292), np.int64(1372), np.int64(1293), np.int64(1373))",380,139
359,1254.0,1309.0,1.0,12364.376349312912,612.2713623046875,"(np.int64(1309), np.int64(1254), np.int64(1310), np.int64(1255))",141,77
359,1323.0,1317.2,5.0,61821.881746564555,642.1521606445312,"(np.int64(1317), np.int64(1321), np.int64(1319), np.int64(1326))",27,63
359,1340.5,1319.0,2.0,24728.752698625824,642.1521606445312,"(np.int64(1319), np.int64(1340), np.int64(1320), np.int64(1342))",27,63
359,1292.0,1593.5,2.0,24728.752698625824,642.1521606445312,"(np.int64(1593), np.int64(1292), np.int64(1595), np.int64(1293))",802,11
359,878.0,1734.5,2.0,24728.752698625824,642.1521606445312,"(np.int64(1734), np.int64(878), np.int64(1736), np.int64(879))",89,127
359,867.0,1736.0,1.0,12364.376349312912,612.2713623046875,"(np.int64(1736), np.int64(867), np.int64(1737), np.int64(868))",89,127
359,1818.0,1817.5,2.0,24728.752698625824,612.2713623046875,"(np.int64(1817), np.int64(1818), np.int64(1819), np.int64(1819))",528,63
359,1766.0,1838.0,1.0,12364.376349312912,612.2713623046875,"(np.int64(1838), np.int64(1766), np.int64(1839), np.int64(1767))",528,63
