frame,x,y,area_px,intensity,area_km2,bbox,cluster_id,occurrences
0,143.5,234.0,2.0,802.12890625,24728.752698625824,"(234, 143, 235, 145)",4,33
0,764.1666666666666,539.6666666666666,6.0,1135.0126953125,74186.25809587748,"(539, 763, 541, 767)",5,11
0,1281.24,787.62,50.0,7735.4501953125,618218.8174656456,"(782, 1276, 792, 1285)",7,80
0,1041.3636363636363,981.6363636363636,11.0,1388.79931640625,136008.13984244203,"(979, 1040, 985, 1043)",8,3
0,1656.0,1205.0,3.0,1095.06689453125,37093.12904793874,"(1205, 1655, 1206, 1658)",9,13
0,350.1,1249.1,10.0,979.998046875,123643.76349312911,"(1247, 348, 1253, 354)",10,51
0,1729.0,1248.0,1.0,906.66455078125,12364.376349312912,"(1248, 1729, 1249, 1730)",11,43
0,374.0,1733.7272727272727,11.0,836.3115234375,136008.13984244203,"(1733, 371, 1736, 377)",15,83
0,1165.0416666666667,1928.0833333333333,24.0,1973.283203125,296745.0323835099,"(1926, 1162, 1932, 1170)",17,12
0,785.6666666666666,2001.6666666666667,3.0,802.12890625,37093.12904793874,"(2001, 785, 2003, 787)",18,11
1,503.5,240.0,2.0,836.3564453125,24728.752698625824,"(240, 503, 241, 505)",19,72
1,759.5072463768116,461.1304347826087,69.0,1055.966796875,853141.9681025909,"(454, 756, 470, 765)",20,7
1,1524.0,459.0,1.0,836.3564453125,12364.376349312912,"(459, 1524, 460, 1525)",21,92
1,171.5,725.5,4.0,871.18701171875,49457.50539725165,"(725, 171, 727, 173)",23,51
1,1041.2,980.7,10.0,1134.87646484375,123643.76349312911,"(979, 1040, 983, 1043)",8,3
1,351.5,1246.0,4.0,906.60791015625,49457.50539725165,"(1246, 350, 1247, 354)",10,51
1,1532.5,1708.5,2.0,802.1162109375,24728.752698625824,"(1708, 1532, 1710, 1534)",26,64
1,1163.6666666666667,1927.7222222222222,18.0,2026.69873046875,222558.7742876324,"(1926, 1162, 1931, 1167)",17,12
2,148.0,235.0,1.0,802.15380859375,12364.376349312912,"(235, 148, 236, 149)",4,33
2,555.2,317.2,5.0,1301.35302734375,61821.881746564555,"(316, 554, 319, 557)",27,20
2,169.5,726.0,2.0,802.15380859375,24728.752698625824,"(726, 169, 727, 171)",23,51
2,1040.0,981.5,2.0,802.15380859375,24728.752698625824,"(981, 1040, 983, 1041)",8,3
2,1654.0,1203.5,2.0,871.05712890625,24728.752698625824,"(1203, 1654, 1205, 1655)",9,13
2,348.0,1249.0,3.0,802.15380859375,37093.12904793874,"(1248, 347, 1251, 350)",10,51
2,1711.0,1250.0,1.0,802.15380859375,12364.376349312912,"(1250, 1711, 1251, 1712)",11,43
2,1162.764705882353,1927.8235294117646,17.0,2912.04931640625,210194.3979383195,"(1926, 1161, 1931, 1166)",17,12
3,557.5,318.0,4.0,1134.977783203125,49457.50539725165,"(317, 557, 320, 559)",27,20
3,915.0,1117.0,1.0,1056.000244140625,12364.376349312912,"(1117, 915, 1118, 916)",29,79
3,1164.4285714285713,1929.5,14.0,2538.66650390625,173101.26889038077,"(1928, 1163, 1932, 1167)",17,12
4,557.3333333333334,319.3333333333333,3.0,1216.672607421875,37093.12904793874,"(319, 557, 321, 559)",27,20
4,122.0,698.0,1.0,802.124267578125,12364.376349312912,"(698, 122, 699, 123)",23,51
4,1656.5,1205.5,4.0,1017.61181640625,49457.50539725165,"(1205, 1656, 1207, 1658)",9,13
4,1712.5,1252.5,2.0,836.271240234375,24728.752698625824,"(1252, 1712, 1254, 1714)",11,43
4,1760.5,1376.0,2.0,1388.82958984375,24728.752698625824,"(1376, 1760, 1377, 1762)",31,4
4,1535.8,1709.8,5.0,1095.0888671875,61821.881746564555,"(1709, 1534, 1712, 1538)",26,64
4,1165.5,1930.0,10.0,1619.9677734375,123643.76349312911,"(1929, 1164, 1932, 1168)",17,12
5,153.5,234.5,2.0,871.09228515625,24728.752698625824,"(234, 153, 236, 155)",4,33
5,766.1428571428571,541.1428571428571,7.0,1017.599853515625,86550.63444519039,"(540, 764, 543, 770)",5,11
5,122.5,695.5,2.0,836.196044921875,24728.752698625824,"(695, 122, 697, 124)",23,51
5,1057.5,1044.5,4.0,979.878173828125,49457.50539725165,"(1044, 1057, 1046, 1059)",33,3
5,145.5,1069.0,2.0,836.196044921875,24728.752698625824,"(1069, 145, 1070, 147)",34,49
5,1657.0,1205.0,1.0,943.00390625,12364.376349312912,"(1205, 1657, 1206, 1658)",9,13
5,1712.0,1252.0,1.0,802.1474609375,12364.376349312912,"(1252, 1712, 1253, 1713)",11,43
5,1536.142857142857,1708.857142857143,7.0,1301.290771484375,86550.63444519039,"(1708, 1534, 1711, 1539)",26,64
5,1164.8235294117646,1929.235294117647,17.0,1767.09228515625,210194.3979383195,"(1928, 1163, 1932, 1168)",17,12
6,153.0,233.0,1.0,836.2626953125,12364.376349312912,"(233, 153, 234, 154)",4,33
6,1558.0,436.0,1.0,836.2626953125,12364.376349312912,"(436, 1558, 437, 1559)",21,92
6,760.0,461.0,1.0,802.1728515625,12364.376349312912,"(461, 760, 462, 761)",20,7
6,765.6666666666666,540.8333333333334,6.0,1017.66796875,74186.25809587748,"(540, 764, 542, 769)",5,11
6,172.0,733.0,1.0,802.1728515625,12364.376349312912,"(733, 172, 734, 173)",23,51
6,1057.0,1044.0,1.0,871.11328125,12364.376349312912,"(1044, 1057, 1045, 1058)",33,3
6,146.5,1069.0,4.0,942.94482421875,49457.50539725165,"(1069, 145, 1070, 149)",34,49
6,916.7142857142857,1117.7142857142858,7.0,1479.0947265625,86550.63444519039,"(1116, 915, 1120, 919)",29,79
6,1536.0,1707.7272727272727,11.0,1135.0029296875,136008.13984244203,"(1706, 1534, 1711, 1540)",26,64
6,1165.0,1928.6666666666667,15.0,2080.6845703125,185465.64523969367,"(1927, 1163, 1931, 1169)",17,12
6,838.0,1953.0,1.0,802.1728515625,12364.376349312912,"(1953, 838, 1954, 839)",39,65
7,764.5,541.0909090909091,22.0,3242.619140625,272016.27968488407,"(538, 761, 544, 770)",5,11
7,1315.0,761.0,1.0,802.20166015625,12364.376349312912,"(761, 1315, 762, 1316)",7,80
7,145.0,1070.0,1.0,836.279052734375,12364.376349312912,"(1070, 145, 1071, 146)",34,49
7,916.0,1118.7142857142858,7.0,1479.08203125,86550.63444519039,"(1117, 915, 1121, 918)",29,79
7,262.0,1263.0,1.0,836.279052734375,12364.376349312912,"(1263, 262, 1264, 263)",40,47
7,1533.8333333333333,1706.8333333333333,12.0,1175.496826171875,148372.51619175496,"(1705, 1532, 1709, 1537)",26,64
7,1164.611111111111,1929.6666666666667,18.0,1619.916259765625,222558.7742876324,"(1928, 1162, 1932, 1169)",17,12
8,1487.4,156.4,5.0,979.869140625,61821.881746564555,"(155, 1486, 158, 1489)",42,58
8,147.5,233.66666666666666,6.0,979.869140625,74186.25809587748,"(232, 147, 236, 149)",4,33
8,760.0,465.0,1.0,802.133544921875,12364.376349312912,"(465, 760, 466, 761)",20,7
8,120.0,696.0,1.0,836.318359375,12364.376349312912,"(696, 120, 697, 121)",23,51
8,1311.6,759.8,15.0,1017.5859375,185465.64523969367,"(759, 1307, 762, 1316)",7,80
8,916.0,1118.0,1.0,836.318359375,12364.376349312912,"(1118, 916, 1119, 917)",29,79
8,1652.0,1188.0,1.0,802.133544921875,12364.376349312912,"(1188, 1652, 1189, 1653)",9,13
8,1535.642857142857,1707.0714285714287,14.0,1525.312255859375,173101.26889038077,"(1705, 1532, 1711, 1540)",26,64
8,1164.7,1929.5,10.0,1095.1640625,123643.76349312911,"(1928, 1162, 1932, 1168)",17,12
9,1489.5,153.0,2.0,871.129150390625,24728.752698625824,"(153, 1489, 154, 1491)",42,58
9,1549.0,452.0,1.0,802.109619140625,12364.376349312912,"(452, 1549, 453, 1550)",21,92
9,766.8,542.9,20.0,3662.88818359375,247287.52698625822,"(541, 764, 546, 771)",5,11
9,123.33333333333333,697.3333333333334,3.0,802.109619140625,37093.12904793874,"(697, 123, 699, 125)",23,51
9,1311.1052631578948,760.0526315789474,19.0,1817.5977783203125,234923.15063694533,"(759, 1308, 762, 1316)",7,80
9,381.9,1750.4,10.0,1388.7750244140625,123643.76349312911,"(1750, 379, 1752, 385)",15,83
10,146.0,233.84615384615384,13.0,979.93212890625,160736.89254106785,"(232, 145, 237, 149)",4,33
10,1554.0,438.0,1.0,836.267578125,12364.376349312912,"(438, 1554, 439, 1555)",21,92
10,765.0,543.9,10.0,1344.6864013671875,123643.76349312911,"(542, 763, 546, 768)",5,11
10,1654.0,1191.0,1.0,802.1033935546875,12364.376349312912,"(1191, 1654, 1192, 1655)",9,13
10,1721.8333333333333,1247.3333333333333,6.0,1017.6002197265625,74186.25809587748,"(1247, 1720, 1249, 1725)",11,43
10,1163.5,1930.5,4.0,1095.0928955078125,49457.50539725165,"(1930, 1163, 1932, 1165)",17,12
11,1489.0,153.0,1.0,802.156494140625,12364.376349312912,"(153, 1489, 154, 1490)",42,58
11,145.72222222222223,233.88888888888889,18.0,979.9379272460938,222558.7742876324,"(231, 143, 238, 149)",4,33
11,535.5,261.0,2.0,836.2637939453125,24728.752698625824,"(261, 535, 262, 537)",19,72
11,768.0,476.0,1.0,802.156494140625,12364.376349312912,"(476, 768, 477, 769)",20,7
11,751.0,530.0,1.0,836.2637939453125,12364.376349312912,"(530, 751, 531, 752)",5,11
11,914.5,1117.357142857143,14.0,1668.2698974609375,173101.26889038077,"(1113, 913, 1122, 918)",29,79
11,1655.0,1191.0,1.0,802.156494140625,12364.376349312912,"(1191, 1655, 1192, 1656)",9,13
11,353.5,1251.5,2.0,836.2637939453125,24728.752698625824,"(1251, 353, 1253, 355)",10,51
11,1531.0,1705.0,1.0,802.156494140625,12364.376349312912,"(1705, 1531, 1706, 1532)",26,64
11,1163.0,1929.75,4.0,1134.925537109375,49457.50539725165,"(1929, 1162, 1931, 1165)",17,12
12,752.5,531.0,2.0,1017.60595703125,24728.752698625824,"(531, 752, 532, 754)",5,11
12,125.0,694.0,1.0,802.113037109375,12364.376349312912,"(694, 125, 695, 126)",23,51
12,914.6,1116.8,10.0,2190.95654296875,123643.76349312911,"(1114, 914, 1120, 917)",29,79
12,353.5,1251.0,2.0,906.63623046875,24728.752698625824,"(1251, 353, 1252, 355)",10,51
12,691.3333333333334,1358.3333333333333,3.0,836.2864990234375,37093.12904793874,"(1358, 691, 1360, 693)",45,3
12,1164.0,1930.0,1.0,906.63623046875,12364.376349312912,"(1930, 1164, 1931, 1165)",17,12
13,148.75,240.75,4.0,906.65771484375,49457.50539725165,"(240, 148, 242, 151)",4,33
13,1593.0,453.5,6.0,1095.11767578125,74186.25809587748,"(453, 1592, 455, 1595)",21,92
13,170.5,727.0,2.0,802.1077880859375,24728.752698625824,"(727, 170, 728, 172)",23,51
13,818.5,760.0,2.0,1017.5960693359375,24728.752698625824,"(760, 818, 761, 820)",48,3
13,916.3333333333334,1117.8333333333333,6.0,2135.45654296875,74186.25809587748,"(1116, 916, 1120, 918)",29,79
13,355.0,1249.0,1.0,802.1077880859375,12364.376349312912,"(1249, 355, 1250, 356)",10,51
13,923.0,1433.25,4.0,906.65771484375,49457.50539725165,"(1433, 922, 1435, 925)",50,61
13,389.3333333333333,1753.888888888889,9.0,942.96142578125,111279.3871438162,"(1752, 386, 1756, 393)",15,83
14,1592.5,453.5,4.0,1301.314697265625,49457.50539725165,"(453, 1592, 455, 1594)",21,92
14,818.5,758.5,4.0,1017.615234375,49457.50539725165,"(758, 818, 760, 820)",48,3
14,915.75,1117.375,8.0,2080.748046875,98915.0107945033,"(1116, 915, 1120, 918)",29,79
14,355.0,1249.25,4.0,871.0865478515625,49457.50539725165,"(1248, 354, 1251, 357)",10,51
14,923.0,1432.5,2.0,802.141357421875,24728.752698625824,"(1432, 923, 1434, 924)",50,61
14,386.6,1752.2,10.0,1095.11865234375,123643.76349312911,"(1751, 384, 1755, 390)",15,83
15,1591.0,452.0,1.0,871.142333984375,12364.376349312912,"(452, 1591, 453, 1592)",21,92
15,913.8571428571429,1116.2857142857142,7.0,1433.5609130859375,86550.63444519039,"(1115, 913, 1119, 916)",29,79
15,1534.0,1706.0,1.0,802.0994873046875,12364.376349312912,"(1706, 1534, 1707, 1535)",26,64
16,149.4,240.2,5.0,906.67236328125,61821.881746564555,"(239, 149, 242, 151)",4,33
16,914.0,1117.0,1.0,836.28955078125,12364.376349312912,"(1117, 914, 1118, 915)",29,79
17,149.33333333333334,238.66666666666666,3.0,1017.607177734375,37093.12904793874,"(238, 149, 240, 151)",4,33
17,1592.0,453.0,1.0,836.27392578125,12364.376349312912,"(453, 1592, 454, 1593)",21,92
17,766.5,545.0,2.0,1134.90869140625,24728.752698625824,"(545, 766, 546, 768)",5,11
17,118.0,709.0,1.0,836.27392578125,12364.376349312912,"(709, 118, 710, 119)",23,51
17,169.5,728.0,2.0,871.11474609375,24728.752698625824,"(728, 169, 729, 171)",23,51
17,1313.75,793.25,8.0,1055.945556640625,98915.0107945033,"(792, 1312, 795, 1316)",7,80
17,364.75,1241.25,4.0,1017.607177734375,49457.50539725165,"(1241, 364, 1243, 367)",10,51
17,961.0,1369.0,1.0,1175.533935546875,12364.376349312912,"(1369, 961, 1370, 962)",50,61
17,679.0,1418.0,1.0,802.10595703125,12364.376349312912,"(1418, 679, 1419, 680)",57,3
18,526.0,235.33333333333334,3.0,802.174072265625,37093.12904793874,"(235, 525, 237, 528)",19,72
18,766.0,544.0,1.0,906.6357421875,12364.376349312912,"(544, 766, 545, 767)",5,11
18,367.5,1239.75,4.0,906.6357421875,49457.50539725165,"(1239, 366, 1242, 370)",10,51
18,1732.0,1243.0,1.0,802.174072265625,12364.376349312912,"(1243, 1732, 1244, 1733)",11,43
19,1516.0,151.0,1.0,802.1884765625,12364.376349312912,"(151, 1516, 152, 1517)",42,58
19,168.54545454545453,728.3636363636364,11.0,942.889892578125,136008.13984244203,"(727, 166, 731, 172)",23,51
19,368.3333333333333,1240.3333333333333,3.0,979.8525390625,37093.12904793874,"(1240, 368, 1242, 370)",10,51
19,1717.0,1249.0,1.0,836.2607421875,12364.376349312912,"(1249, 1717, 1250, 1718)",11,43
19,1716.0,1341.0,1.0,802.1884765625,12364.376349312912,"(1341, 1716, 1342, 1717)",61,5
19,919.0,1448.0,1.0,802.1884765625,12364.376349312912,"(1448, 919, 1449, 920)",50,61
19,1988.0,1690.0,1.0,802.1884765625,12364.376349312912,"(1690, 1988, 1691, 1989)",62,15
19,1155.0,2045.0,1.0,802.1884765625,12364.376349312912,"(2045, 1155, 2046, 1156)",64,34
20,1308.0,762.0,1.0,802.10205078125,12364.376349312912,"(762, 1308, 763, 1309)",7,80
20,65.0,1001.0,1.0,802.10205078125,12364.376349312912,"(1001, 65, 1002, 66)",65,70
20,1718.4,1248.2,5.0,1216.753662109375,61821.881746564555,"(1247, 1718, 1250, 1720)",11,43
20,1716.6666666666667,1342.0,3.0,871.13916015625,37093.12904793874,"(1341, 1716, 1344, 1718)",61,5
20,1991.0,1691.0,1.0,802.10205078125,12364.376349312912,"(1691, 1991, 1692, 1992)",62,15
21,1554.0,448.5,2.0,836.29296875,24728.752698625824,"(448, 1554, 450, 1555)",21,92
21,979.0,566.0,1.0,836.29296875,12364.376349312912,"(566, 979, 567, 980)",66,50
21,113.66666666666667,708.6666666666666,3.0,836.29296875,37093.12904793874,"(708, 113, 710, 115)",23,51
21,171.5,731.0,2.0,906.70361328125,24728.752698625824,"(731, 171, 732, 173)",23,51
21,363.0,1249.0,1.0,871.063720703125,12364.376349312912,"(1249, 363, 1250, 364)",10,51
21,1719.0,1344.0,1.0,802.10205078125,12364.376349312912,"(1344, 1719, 1345, 1720)",61,5
22,974.0,571.5,2.0,871.0770263671875,24728.752698625824,"(571, 974, 573, 975)",66,50
22,165.0,722.0,1.0,802.0986328125,12364.376349312912,"(722, 165, 723, 166)",23,51
22,1314.0,759.0,1.0,906.6927490234375,12364.376349312912,"(759, 1314, 760, 1315)",7,80
22,360.5,1249.0,2.0,836.2412109375,24728.752698625824,"(1249, 360, 1250, 362)",10,51
23,140.0,237.0,1.0,906.6629638671875,12364.376349312912,"(237, 140, 238, 141)",4,33
23,1558.0,444.0,1.0,836.25244140625,12364.376349312912,"(444, 1558, 445, 1559)",21,92
23,977.0,553.0,3.0,906.6629638671875,37093.12904793874,"(552, 977, 555, 978)",66,50
23,161.0,719.0,1.0,802.12158203125,12364.376349312912,"(719, 161, 720, 162)",23,51
23,1302.5,761.5,2.0,979.8831787109375,24728.752698625824,"(761, 1302, 763, 1304)",7,80
23,1160.0,2044.0,1.0,836.25244140625,12364.376349312912,"(2044, 1160, 2045, 1161)",64,34
24,1557.0,444.0,4.0,871.08447265625,49457.50539725165,"(443, 1556, 446, 1559)",21,92
24,977.0,551.0,3.0,942.96484375,37093.12904793874,"(550, 977, 553, 978)",66,50
24,1294.4,794.2,5.0,979.8739013671875,61821.881746564555,"(794, 1293, 796, 1297)",7,80
24,452.0,825.5,2.0,871.08447265625,24728.752698625824,"(825, 452, 827, 453)",70,17
24,661.0,1503.5,2.0,836.28955078125,24728.752698625824,"(1503, 661, 1505, 662)",71,17
24,167.0,1518.0,3.0,802.111083984375,37093.12904793874,"(1518, 166, 1519, 169)",72,29
24,1990.6666666666667,1689.6666666666667,3.0,1433.618408203125,37093.12904793874,"(1689, 1990, 1691, 1992)",62,15
24,345.0,1718.25,4.0,1017.575927734375,49457.50539725165,"(1718, 344, 1720, 347)",73,6
25,545.8,325.8,10.0,1216.6741943359375,123643.76349312911,"(325, 543, 328, 549)",27,20
25,1280.0,778.0,1.0,906.6888427734375,12364.376349312912,"(778, 1280, 779, 1281)",7,80
25,662.5,1505.5,2.0,836.2413330078125,24728.752698625824,"(1505, 662, 1507, 664)",71,17
25,741.8,1648.2,5.0,1095.1275634765625,61821.881746564555,"(1647, 741, 1651, 743)",75,3
25,1991.0,1689.5,2.0,1175.4971923828125,24728.752698625824,"(1689, 1991, 1691, 1992)",62,15
25,345.0,1718.1666666666667,6.0,1056.017578125,74186.25809587748,"(1717, 344, 1720, 347)",73,6
25,1177.0,2038.0,1.0,802.092529296875,12364.376349312912,"(2038, 1177, 2039, 1178)",64,34
26,545.6190476190476,325.2857142857143,21.0,1717.3651123046875,259651.90333557114,"(324, 542, 328, 550)",27,20
26,1558.8181818181818,442.8181818181818,11.0,1134.94384765625,136008.13984244203,"(441, 1558, 446, 1561)",21,92
26,1525.0,460.0,3.0,871.07080078125,37093.12904793874,"(459, 1525, 462, 1526)",21,92
26,1327.3636363636363,798.3636363636364,11.0,1017.55810546875,136008.13984244203,"(796, 1326, 802, 1329)",7,80
26,449.8695652173913,824.2173913043479,23.0,979.931884765625,284380.65603419696,"(822, 448, 828, 453)",70,17
26,1728.0,1244.0,3.0,836.2861328125,37093.12904793874,"(1244, 1727, 1245, 1730)",11,43
26,169.5,1516.0,4.0,802.089599609375,49457.50539725165,"(1516, 168, 1517, 172)",72,29
26,741.6666666666666,1647.0,3.0,906.63916015625,37093.12904793874,"(1646, 741, 1649, 743)",75,3
26,1991.0,1690.0,1.0,802.089599609375,12364.376349312912,"(1690, 1991, 1691, 1992)",62,15
26,344.6666666666667,1717.888888888889,9.0,1258.698486328125,111279.3871438162,"(1717, 343, 1720, 347)",73,6
26,1177.0,2037.0,1.0,802.089599609375,12364.376349312912,"(2037, 1177, 2038, 1178)",64,34
27,545.7222222222222,325.77777777777777,18.0,1525.3720703125,222558.7742876324,"(324, 543, 328, 549)",27,20
27,1559.2,444.2,10.0,1017.566162109375,123643.76349312911,"(442, 1558, 448, 1561)",21,92
27,450.35714285714283,825.9642857142857,28.0,1017.566162109375,346202.53778076154,"(823, 448, 831, 454)",70,17
27,114.0,1024.0,1.0,836.22265625,12364.376349312912,"(1024, 114, 1025, 115)",34,49
27,1727.2857142857142,1245.357142857143,14.0,1095.080322265625,173101.26889038077,"(1244, 1724, 1248, 1731)",11,43
27,742.0,1648.0,1.0,871.1259765625,12364.376349312912,"(1648, 742, 1649, 743)",75,3
27,344.6666666666667,1718.888888888889,9.0,1258.697021484375,111279.3871438162,"(1718, 343, 1721, 347)",73,6
28,545.5833333333334,324.875,24.0,2247.086181640625,296745.0323835099,"(323, 542, 328, 550)",27,20
28,1559.0,444.0,5.0,906.6826171875,61821.881746564555,"(442, 1559, 447, 1560)",21,92
28,1297.3333333333333,792.6666666666666,3.0,942.886474609375,37093.12904793874,"(792, 1297, 794, 1299)",7,80
28,450.03333333333336,825.5666666666667,30.0,1056.0390625,370931.29047938733,"(822, 447, 830, 454)",70,17
28,1725.5384615384614,1245.4615384615386,26.0,1920.760009765625,321473.7850821357,"(1244, 1722, 1249, 1732)",11,43
28,1991.5,1690.0,2.0,802.120849609375,24728.752698625824,"(1690, 1991, 1691, 1993)",62,15
28,344.5,1719.0,2.0,942.886474609375,24728.752698625824,"(1719, 344, 1720, 346)",73,6
28,1178.0,2036.0,1.0,802.120849609375,12364.376349312912,"(2036, 1178, 2037, 1179)",64,34
29,545.060606060606,323.75757575757575,33.0,2784.74462890625,408024.41952732607,"(320, 540, 328, 551)",27,20
29,978.0,552.0,1.0,802.0888671875,12364.376349312912,"(552, 978, 553, 979)",66,50
29,448.8636363636364,825.4545454545455,22.0,1056.001708984375,272016.27968488407,"(823, 447, 829, 453)",70,17
29,344.5,1718.0,2.0,802.0888671875,24728.752698625824,"(1718, 344, 1719, 346)",73,6
29,1149.0,2033.0,1.0,836.318115234375,12364.376349312912,"(2033, 1149, 2034, 1150)",64,34
29,1176.0,2036.0,1.0,802.0888671875,12364.376349312912,"(2036, 1176, 2037, 1177)",64,34
30,545.9375,323.96875,32.0,2135.45947265625,395660.0431780132,"(321, 541, 327, 551)",27,20
30,196.0,1378.0,1.0,802.130859375,12364.376349312912,"(1378, 196, 1379, 197)",82,6
30,173.6,1514.6,5.0,906.70556640625,61821.881746564555,"(1514, 172, 1516, 176)",72,29
31,545.5897435897435,323.9230769230769,39.0,2419.87548828125,482210.67762320355,"(321, 540, 327, 551)",27,20
31,448.35714285714283,828.0,14.0,979.92919921875,173101.26889038077,"(826, 447, 831, 451)",70,17
31,256.0,1262.0,1.0,802.135498046875,12364.376349312912,"(1262, 256, 1263, 257)",40,47
31,174.0,1514.8181818181818,11.0,1056.015380859375,136008.13984244203,"(1513, 172, 1517, 177)",72,29
31,1219.0,1675.0,1.0,802.135498046875,12364.376349312912,"(1675, 1219, 1676, 1220)",83,36
32,1362.0,230.0,1.0,836.28955078125,12364.376349312912,"(230, 1362, 231, 1363)",84,8
32,545.5490196078431,320.921568627451,51.0,2660.324951171875,630583.1938149584,"(318, 539, 324, 552)",27,20
32,1273.5,781.5,4.0,871.09521484375,49457.50539725165,"(781, 1273, 783, 1275)",7,80
32,1299.0,791.0,1.0,836.28955078125,12364.376349312912,"(791, 1299, 792, 1300)",7,80
32,1662.0,1194.0,1.0,802.09130859375,12364.376349312912,"(1194, 1662, 1195, 1663)",9,13
32,173.28571428571428,1513.2857142857142,7.0,1017.61376953125,86550.63444519039,"(1512, 172, 1515, 176)",72,29
33,1362.0,231.0,1.0,1017.48828125,12364.376349312912,"(231, 1362, 232, 1363)",84,8
33,1305.5,760.5,2.0,871.140625,24728.752698625824,"(760, 1305, 762, 1307)",7,80
33,445.0,825.375,8.0,836.16015625,98915.0107945033,"(825, 443, 827, 448)",70,17
33,1662.0,1194.0,1.0,836.16015625,12364.376349312912,"(1194, 1662, 1195, 1663)",9,13
34,1362.6666666666667,231.66666666666666,3.0,1258.60595703125,37093.12904793874,"(231, 1362, 233, 1364)",84,8
34,1273.3333333333333,781.6666666666666,3.0,906.578125,37093.12904793874,"(781, 1273, 783, 1275)",7,80
34,1661.0,1192.0,1.0,802.0888671875,12364.376349312912,"(1192, 1661, 1193, 1662)",9,13
34,178.66666666666666,1497.0,3.0,802.0888671875,37093.12904793874,"(1496, 178, 1499, 180)",72,29
34,164.0,1518.3333333333333,3.0,871.11376953125,37093.12904793874,"(1518, 163, 1520, 166)",72,29
34,1220.5,1672.5,2.0,802.0888671875,24728.752698625824,"(1672, 1220, 1674, 1222)",83,36
35,1362.3333333333333,233.33333333333334,3.0,1479.06591796875,37093.12904793874,"(233, 1362, 235, 1364)",84,8
35,541.1688311688312,321.5194805194805,77.0,2303.95947265625,952056.9788970943,"(319, 533, 326, 551)",27,20
35,1661.5,1194.3333333333333,6.0,943.01318359375,74186.25809587748,"(1192, 1660, 1197, 1664)",9,13
35,1449.5,1294.5,2.0,836.2041015625,24728.752698625824,"(1294, 1449, 1296, 1451)",86,17
36,1363.0,232.5,4.0,1433.578125,49457.50539725165,"(232, 1362, 234, 1365)",84,8
36,1720.0,1245.5,4.0,836.243408203125,49457.50539725165,"(1245, 1719, 1247, 1722)",11,43
36,167.0,1517.0,7.0,1017.650146484375,86550.63444519039,"(1516, 165, 1519, 170)",72,29
36,1155.0,2046.0,1.0,802.195556640625,12364.376349312912,"(2046, 1155, 2047, 1156)",64,34
37,1361.5,233.0,4.0,1055.986572265625,49457.50539725165,"(232, 1361, 235, 1363)",84,8
37,1299.1,792.1,10.0,979.948974609375,123643.76349312911,"(791, 1297, 794, 1302)",7,80
37,172.5,799.0,2.0,906.6376953125,24728.752698625824,"(799, 172, 800, 174)",87,7
37,1663.25,1197.0,4.0,906.6376953125,49457.50539725165,"(1196, 1663, 1199, 1665)",9,13
37,1152.0,2046.0,1.0,802.123779296875,12364.376349312912,"(2046, 1152, 2047, 1153)",64,34
38,1511.0,150.0,1.0,802.115966796875,12364.376349312912,"(150, 1511, 151, 1512)",42,58
38,1362.2,234.2,5.0,1017.6123046875,61821.881746564555,"(233, 1361, 236, 1364)",84,8
38,552.0,317.0,1.0,906.677001953125,12364.376349312912,"(317, 552, 318, 553)",27,20
38,1346.0,650.0,1.0,942.926025390625,12364.376349312912,"(650, 1346, 651, 1347)",88,40
38,1295.6,795.8,5.0,1017.6123046875,61821.881746564555,"(795, 1294, 798, 1298)",7,80
38,173.0,800.0,1.0,802.115966796875,12364.376349312912,"(800, 173, 801, 174)",87,7
38,1948.5,1178.0,2.0,802.115966796875,24728.752698625824,"(1178, 1948, 1179, 1950)",89,56
38,1664.0,1196.5,2.0,836.27197265625,24728.752698625824,"(1196, 1664, 1198, 1665)",9,13
38,257.5,1258.0,2.0,802.115966796875,24728.752698625824,"(1258, 257, 1259, 259)",40,47
38,1448.5,1289.3125,16.0,871.09375,197830.0215890066,"(1286, 1446, 1293, 1451)",86,17
38,171.28571428571428,1515.4285714285713,7.0,979.93603515625,86550.63444519039,"(1515, 170, 1517, 174)",72,29
39,1362.5,235.0,2.0,1017.590087890625,24728.752698625824,"(235, 1362, 236, 1364)",84,8
39,558.5,313.0,4.0,871.09765625,49457.50539725165,"(313, 557, 314, 561)",27,20
39,1855.0,744.0,1.0,836.318115234375,12364.376349312912,"(744, 1855, 745, 1856)",91,3
39,976.3333333333334,868.6666666666666,3.0,906.647705078125,37093.12904793874,"(868, 976, 870, 978)",92,65
39,1450.0714285714287,1288.4285714285713,14.0,942.968017578125,173101.26889038077,"(1285, 1448, 1293, 1453)",86,17
39,173.0,1515.0,1.0,802.0888671875,12364.376349312912,"(1515, 173, 1516, 174)",72,29
40,1514.5,148.0,2.0,802.0908203125,24728.752698625824,"(148, 1514, 149, 1516)",42,58
40,555.6666666666666,311.25,12.0,1344.68408203125,148372.51619175496,"(310, 553, 313, 559)",27,20
40,1315.3333333333333,788.3333333333334,3.0,942.907958984375,37093.12904793874,"(788, 1315, 790, 1317)",7,80
40,175.92307692307693,801.4615384615385,13.0,1017.539794921875,160736.89254106785,"(799, 173, 804, 179)",87,7
40,975.3333333333334,866.6666666666666,3.0,1301.317138671875,37093.12904793874,"(866, 975, 868, 977)",92,65
40,963.0,1928.0,5.0,1095.071044921875,61821.881746564555,"(1928, 961, 1929, 966)",93,52
41,556.1666666666666,312.25,12.0,1388.8291015625,148372.51619175496,"(311, 554, 314, 560)",27,20
41,1854.0,744.5,2.0,979.948974609375,24728.752698625824,"(744, 1854, 746, 1855)",91,3
41,1280.5,781.0,2.0,836.318115234375,24728.752698625824,"(781, 1280, 782, 1282)",7,80
41,975.2,867.2,5.0,1258.625732421875,61821.881746564555,"(866, 974, 869, 977)",92,65
41,909.5555555555555,1458.2222222222222,9.0,906.647705078125,111279.3871438162,"(1457, 906, 1461, 913)",50,61
41,1163.5,2044.5,2.0,802.0888671875,24728.752698625824,"(2044, 1163, 2046, 1165)",64,34
42,556.6470588235294,311.94117647058823,17.0,1525.288818359375,210194.3979383195,"(310, 554, 314, 561)",27,20
42,1854.0,744.0,1.0,836.27197265625,12364.376349312912,"(744, 1854, 745, 1855)",91,3
42,1273.8,780.4,5.0,906.677001953125,61821.881746564555,"(780, 1273, 782, 1276)",7,80
42,177.5,804.4166666666666,12.0,942.926025390625,148372.51619175496,"(802, 175, 808, 180)",87,7
42,975.5,866.0,4.0,1344.709716796875,49457.50539725165,"(865, 975, 868, 977)",92,65
42,917.0,1411.0,1.0,802.115966796875,12364.376349312912,"(1411, 917, 1412, 918)",50,61
42,911.5,1457.5,4.0,871.09375,49457.50539725165,"(1457, 910, 1459, 914)",50,61
43,556.7272727272727,312.6818181818182,22.0,1344.716064453125,272016.27968488407,"(308, 553, 316, 561)",27,20
43,1541.0,471.0,1.0,802.1572265625,12364.376349312912,"(471, 1541, 472, 1542)",21,92
43,987.0,552.0,3.0,1055.9696044921875,37093.12904793874,"(551, 987, 554, 988)",66,50
43,1313.2,759.0,10.0,1095.08740234375,123643.76349312911,"(758, 1310, 761, 1317)",7,80
43,975.0,866.0,7.0,1095.08740234375,86550.63444519039,"(865, 974, 868, 977)",92,65
43,920.0,1117.0,1.0,836.2545166015625,12364.376349312912,"(1117, 920, 1118, 921)",29,79
43,916.0,1451.0,1.0,802.1572265625,12364.376349312912,"(1451, 916, 1452, 917)",50,61
43,1165.9,2045.0,10.0,906.6805419921875,123643.76349312911,"(2043, 1163, 2048, 1169)",64,34
44,556.7,313.45,20.0,1525.32275390625,247287.52698625822,"(310, 554, 318, 560)",27,20
44,974.5,864.5,4.0,942.960205078125,49457.50539725165,"(864, 974, 866, 976)",92,65
44,919.375,1116.75,8.0,1817.6259765625,98915.0107945033,"(1115, 918, 1119, 922)",29,79
45,159.0,218.5,2.0,802.156982421875,24728.752698625824,"(218, 159, 220, 160)",4,33
45,555.5,311.25,4.0,906.6494140625,49457.50539725165,"(310, 554, 313, 558)",27,20
45,1224.0,649.0,1.0,836.279541015625,12364.376349312912,"(649, 1224, 650, 1225)",97,91
45,238.5,985.5,2.0,802.156982421875,24728.752698625824,"(985, 238, 987, 240)",98,3
45,919.25,1116.25,4.0,1175.514892578125,49457.50539725165,"(1115, 919, 1118, 921)",29,79
45,1212.0,1676.0,1.0,802.156982421875,12364.376349312912,"(1676, 1212, 1677, 1213)",83,36
45,977.0,1930.0,1.0,802.156982421875,12364.376349312912,"(1930, 977, 1931, 978)",93,52
46,179.45454545454547,805.2727272727273,11.0,942.8935546875,136008.13984244203,"(803, 175, 808, 184)",87,7
46,240.0,986.0,1.0,871.07080078125,12364.376349312912,"(986, 240, 987, 241)",98,3
46,921.5,1117.5,2.0,1095.06396484375,24728.752698625824,"(1117, 921, 1119, 923)",29,79
46,1700.0,1250.0,1.0,906.63916015625,12364.376349312912,"(1250, 1700, 1251, 1701)",11,43
46,921.0,1360.0,1.0,906.63916015625,12364.376349312912,"(1360, 921, 1361, 922)",50,61
46,1990.6666666666667,1687.6666666666667,3.0,906.63916015625,37093.12904793874,"(1687, 1990, 1689, 1992)",62,15
46,1278.5714285714287,1790.7142857142858,7.0,906.63916015625,86550.63444519039,"(1790, 1277, 1792, 1282)",100,17
46,971.0,1929.0,1.0,802.089599609375,12364.376349312912,"(1929, 971, 1930, 972)",93,52
47,1280.6923076923076,774.8461538461538,13.0,1095.11865234375,160736.89254106785,"(774, 1277, 777, 1286)",7,80
47,1305.5,790.0,2.0,906.678955078125,24728.752698625824,"(790, 1305, 791, 1307)",7,80
47,920.0,1116.0,1.0,1258.6837158203125,12364.376349312912,"(1116, 920, 1117, 921)",29,79
47,1697.5,1250.75,4.0,1301.314697265625,49457.50539725165,"(1250, 1696, 1253, 1700)",11,43
47,1990.875,1687.125,8.0,1525.3468017578125,98915.0107945033,"(1686, 1990, 1689, 1993)",62,15
47,1278.0,1790.0,3.0,1095.11865234375,37093.12904793874,"(1790, 1277, 1791, 1280)",100,17
47,375.0,1815.5,2.0,906.678955078125,24728.752698625824,"(1815, 375, 1817, 376)",101,8
48,347.0,609.0,1.0,836.3009033203125,12364.376349312912,"(609, 347, 610, 348)",102,3
48,1280.25,775.0,12.0,1017.606689453125,148372.51619175496,"(774, 1278, 777, 1284)",7,80
48,173.5,802.5,2.0,979.909423828125,24728.752698625824,"(802, 173, 804, 175)",87,7
48,239.8,985.2,5.0,1017.606689453125,61821.881746564555,"(984, 239, 987, 242)",98,3
48,920.3333333333334,1117.6666666666667,3.0,1433.6226806640625,37093.12904793874,"(1117, 920, 1119, 922)",29,79
48,1697.2857142857142,1251.0,7.0,1301.308349609375,86550.63444519039,"(1250, 1696, 1253, 1700)",11,43
48,1990.6,1687.2,5.0,1433.6226806640625,61821.881746564555,"(1686, 1990, 1689, 1992)",62,15
49,1508.0,147.0,1.0,836.259033203125,12364.376349312912,"(147, 1508, 148, 1509)",42,58
49,1224.5,656.0,2.0,871.1268310546875,24728.752698625824,"(656, 1224, 657, 1226)",97,91
49,1280.625,775.375,8.0,942.91748046875,98915.0107945033,"(775, 1279, 777, 1284)",7,80
49,1186.0,783.0,1.0,802.144775390625,12364.376349312912,"(783, 1186, 784, 1187)",103,3
49,174.0,802.6666666666666,3.0,836.259033203125,37093.12904793874,"(802, 173, 804, 176)",87,7
49,449.5,829.0,2.0,906.6796875,24728.752698625824,"(829, 449, 830, 451)",70,17
49,919.75,1117.25,4.0,1717.3385009765625,49457.50539725165,"(1116, 919, 1119, 921)",29,79
49,1697.1818181818182,1251.3636363636363,11.0,2247.136962890625,136008.13984244203,"(1250, 1695, 1254, 1700)",11,43
49,909.0,1424.0,1.0,802.144775390625,12364.376349312912,"(1424, 909, 1425, 910)",50,61
49,1215.4,1673.8,5.0,979.9088134765625,61821.881746564555,"(1673, 1214, 1676, 1218)",83,36
49,1991.0,1687.5,6.0,1175.4835205078125,74186.25809587748,"(1687, 1990, 1689, 1993)",62,15
50,119.0,703.0,1.0,802.121337890625,12364.376349312912,"(703, 119, 704, 120)",23,51
50,1185.6666666666667,783.6666666666666,3.0,1479.1328125,37093.12904793874,"(783, 1185, 785, 1187)",103,3
50,449.5,829.5,4.0,942.88818359375,49457.50539725165,"(829, 449, 831, 451)",70,17
50,919.3333333333334,1118.3333333333333,3.0,1095.091064453125,37093.12904793874,"(1118, 919, 1120, 921)",29,79
50,1696.8181818181818,1251.6363636363637,11.0,2478.95166015625,136008.13984244203,"(1250, 1695, 1254, 1700)",11,43
50,1216.5714285714287,1673.7142857142858,7.0,871.153076171875,86550.63444519039,"(1672, 1214, 1676, 1220)",83,36
50,1991.0,1687.5,2.0,906.708740234375,24728.752698625824,"(1687, 1991, 1689, 1992)",62,15
50,375.0,1816.0,1.0,871.153076171875,12364.376349312912,"(1816, 375, 1817, 376)",101,8
51,1547.0,438.0,1.0,802.1220703125,12364.376349312912,"(438, 1547, 439, 1548)",21,92
51,1540.0,472.0,1.0,802.1220703125,12364.376349312912,"(472, 1540, 473, 1541)",21,92
51,1281.4285714285713,776.3571428571429,14.0,1216.7215576171875,173101.26889038077,"(775, 1279, 779, 1285)",7,80
51,1186.0,784.0,1.0,942.96044921875,12364.376349312912,"(784, 1186, 785, 1187)",103,3
51,104.66666666666667,880.6666666666666,9.0,979.931640625,111279.3871438162,"(880, 102, 882, 109)",105,3
51,1697.5555555555557,1251.111111111111,9.0,1767.1397705078125,111279.3871438162,"(1250, 1696, 1253, 1700)",11,43
51,920.0,1424.0,1.0,802.1220703125,12364.376349312912,"(1424, 920, 1425, 921)",50,61
51,1219.0,1670.0,5.0,802.1220703125,61821.881746564555,"(1669, 1218, 1672, 1221)",83,36
51,376.5,1814.5,2.0,979.931640625,24728.752698625824,"(1814, 376, 1816, 378)",101,8
52,1293.0,795.0,1.0,836.2823486328125,12364.376349312912,"(795, 1293, 796, 1294)",7,80
52,448.42857142857144,827.5714285714286,7.0,1017.5794677734375,86550.63444519039,"(826, 448, 831, 450)",70,17
52,110.66666666666667,866.6666666666666,3.0,836.2823486328125,37093.12904793874,"(866, 110, 868, 112)",105,3
52,1696.4444444444443,1251.888888888889,9.0,1388.7662353515625,111279.3871438162,"(1251, 1695, 1254, 1699)",11,43
52,1458.0,1309.0,3.0,836.2823486328125,37093.12904793874,"(1308, 1458, 1311, 1459)",86,17
52,1991.3333333333333,1688.3333333333333,3.0,1216.68115234375,37093.12904793874,"(1688, 1991, 1690, 1993)",62,15
53,408.0,0.5,2.0,836.24462890625,24728.752698625824,"(0, 408, 2, 409)",107,3
53,1232.0,618.0,3.0,906.6494140625,37093.12904793874,"(617, 1232, 620, 1233)",97,91
53,1271.5,767.0,2.0,802.177734375,24728.752698625824,"(767, 1271, 768, 1273)",7,80
53,447.0,824.5,4.0,906.6494140625,49457.50539725165,"(824, 446, 826, 449)",70,17
53,76.0,973.0,1.0,836.24462890625,12364.376349312912,"(973, 76, 974, 77)",65,70
53,100.25,1026.5,8.0,1216.74462890625,98915.0107945033,"(1025, 99, 1029, 103)",34,49
53,1695.8666666666666,1250.6666666666667,15.0,2912.0478515625,185465.64523969367,"(1249, 1694, 1254, 1699)",11,43
53,916.0,1422.0,1.0,802.177734375,12364.376349312912,"(1422, 916, 1423, 917)",50,61
53,1221.0,1664.0,1.0,802.177734375,12364.376349312912,"(1664, 1221, 1665, 1222)",83,36
53,1990.5,1687.0,4.0,1388.82568359375,49457.50539725165,"(1686, 1990, 1689, 1992)",62,15
53,1461.0,2047.0,3.0,942.9873046875,37093.12904793874,"(2047, 1460, 2048, 1463)",109,7
54,406.0,2.5,2.0,906.662353515625,24728.752698625824,"(2, 406, 4, 407)",107,3
54,1564.5,441.5,4.0,906.662353515625,49457.50539725165,"(441, 1564, 443, 1566)",21,92
54,1232.0,618.5,2.0,906.662353515625,24728.752698625824,"(618, 1232, 620, 1233)",97,91
54,1330.5,745.0,4.0,942.935302734375,49457.50539725165,"(745, 1329, 746, 1333)",7,80
54,1330.0,785.5,2.0,906.662353515625,24728.752698625824,"(785, 1330, 787, 1331)",7,80
54,447.0,826.0,1.0,802.146728515625,12364.376349312912,"(826, 447, 827, 448)",70,17
54,974.0,845.5,2.0,906.662353515625,24728.752698625824,"(845, 974, 847, 975)",92,65
54,77.0,974.75,4.0,802.146728515625,49457.50539725165,"(974, 76, 977, 79)",65,70
54,1695.2777777777778,1251.2777777777778,18.0,2538.64208984375,222558.7742876324,"(1249, 1693, 1255, 1699)",11,43
54,1990.4,1687.8,5.0,1619.9298095703125,61821.881746564555,"(1687, 1990, 1690, 1992)",62,15
55,1503.0,151.0,1.0,802.0888671875,12364.376349312912,"(151, 1503, 152, 1504)",42,58
55,511.5,257.0,2.0,871.09765625,24728.752698625824,"(257, 511, 258, 513)",19,72
55,1231.0,620.5,2.0,871.09765625,24728.752698625824,"(620, 1231, 622, 1232)",97,91
55,115.0,704.0,1.0,802.0888671875,12364.376349312912,"(704, 115, 705, 116)",23,51
55,973.0,849.0,1.0,802.0888671875,12364.376349312912,"(849, 973, 850, 974)",92,65
55,1694.1818181818182,1254.090909090909,11.0,2135.4892578125,136008.13984244203,"(1252, 1693, 1257, 1697)",11,43
55,29.0,1293.0,1.0,871.09765625,12364.376349312912,"(1293, 29, 1294, 30)",110,13
55,1457.0,1313.0,1.0,802.0888671875,12364.376349312912,"(1313, 1457, 1314, 1458)",86,17
55,919.75,1424.75,4.0,871.09765625,49457.50539725165,"(1424, 919, 1426, 922)",50,61
55,943.0,1468.0,1.0,802.0888671875,12364.376349312912,"(1468, 943, 1469, 944)",50,61
55,1990.0,1691.0,1.0,836.318115234375,12364.376349312912,"(1691, 1990, 1692, 1991)",62,15
56,405.0,4.0,1.0,802.119140625,12364.376349312912,"(4, 405, 5, 406)",107,3
56,1232.0,649.0,1.0,871.0811767578125,12364.376349312912,"(649, 1232, 650, 1233)",97,91
56,77.0,974.0,1.0,802.119140625,12364.376349312912,"(974, 77, 975, 78)",65,70
56,1695.1666666666667,1251.75,12.0,2660.279052734375,148372.51619175496,"(1250, 1693, 1254, 1698)",11,43
56,920.5,1423.5,6.0,871.0811767578125,74186.25809587748,"(1422, 920, 1426, 922)",50,61
56,1150.0,2041.0,1.0,802.119140625,12364.376349312912,"(2041, 1150, 2042, 1151)",64,34
56,1461.5,2047.0,2.0,1017.606689453125,24728.752698625824,"(2047, 1461, 2048, 1463)",109,7
57,1232.3333333333333,649.3333333333334,3.0,802.1314697265625,37093.12904793874,"(649, 1232, 651, 1234)",97,91
57,1264.5294117647059,772.8235294117648,17.0,1175.453369140625,210194.3979383195,"(771, 1262, 775, 1269)",7,80
57,1303.0,797.0,3.0,942.8935546875,37093.12904793874,"(796, 1302, 799, 1305)",7,80
57,1696.0,1251.5454545454545,11.0,2847.96923828125,136008.13984244203,"(1250, 1694, 1254, 1699)",11,43
57,1458.6666666666667,1311.3333333333333,3.0,802.1314697265625,37093.12904793874,"(1311, 1458, 1313, 1460)",86,17
57,1646.2,1404.4,5.0,802.1314697265625,61821.881746564555,"(1404, 1645, 1406, 1648)",112,3
57,919.75,1423.25,4.0,836.2301025390625,49457.50539725165,"(1422, 919, 1425, 922)",50,61
57,163.14285714285714,1524.142857142857,7.0,1056.02392578125,86550.63444519039,"(1523, 161, 1526, 166)",72,29
57,777.0,2040.0,1.0,802.1314697265625,12364.376349312912,"(2040, 777, 2041, 778)",18,11
57,1151.0,2042.0,1.0,802.1314697265625,12364.376349312912,"(2042, 1151, 2043, 1152)",64,34
57,1462.5,2047.0,2.0,871.084716796875,24728.752698625824,"(2047, 1462, 2048, 1464)",109,7
58,1313.5,758.0,2.0,836.349609375,24728.752698625824,"(758, 1313, 759, 1315)",7,80
58,973.85,844.45,20.0,1216.79736328125,247287.52698625822,"(842, 972, 848, 978)",92,65
58,76.0,972.0,7.0,979.96630859375,86550.63444519039,"(971, 75, 974, 78)",65,70
58,1696.25,1250.875,8.0,2247.021484375,98915.0107945033,"(1250, 1695, 1253, 1699)",11,43
58,1460.0,1311.0,1.0,802.099609375,12364.376349312912,"(1311, 1460, 1312, 1461)",86,17
58,1647.0,1403.0,3.0,871.18359375,37093.12904793874,"(1403, 1646, 1404, 1649)",112,3
58,1549.0,1707.0,1.0,836.349609375,12364.376349312912,"(1707, 1549, 1708, 1550)",26,64
58,778.0,2038.0,1.0,802.099609375,12364.376349312912,"(2038, 778, 2039, 779)",18,11
58,1461.0,2047.0,3.0,1134.86962890625,37093.12904793874,"(2047, 1460, 2048, 1463)",109,7
59,345.0,604.0,1.0,1479.19970703125,12364.376349312912,"(604, 345, 605, 346)",102,3
59,1234.0,622.0,1.0,802.162109375,12364.376349312912,"(622, 1234, 623, 1235)",97,91
59,973.9411764705883,845.7647058823529,17.0,1301.40966796875,210194.3979383195,"(844, 972, 849, 977)",92,65
59,104.0,883.0,1.0,802.162109375,12364.376349312912,"(883, 104, 884, 105)",105,3
59,1695.8333333333333,1252.0,6.0,1433.533203125,74186.25809587748,"(1251, 1695, 1254, 1698)",11,43
59,1460.0,1312.0,1.0,802.162109375,12364.376349312912,"(1312, 1460, 1313, 1461)",86,17
59,1646.0,1404.0,1.0,871.17431640625,12364.376349312912,"(1404, 1646, 1405, 1647)",112,3
59,165.70833333333334,1523.75,24.0,1175.443359375,296745.0323835099,"(1521, 160, 1527, 173)",72,29
59,1549.0,1712.5294117647059,17.0,979.95166015625,210194.3979383195,"(1708, 1548, 1718, 1551)",26,64
59,1450.5,1926.0,4.0,906.578125,49457.50539725165,"(1925, 1450, 1928, 1452)",115,6
59,775.0,2038.5,2.0,802.162109375,24728.752698625824,"(2038, 775, 2040, 776)",18,11
59,1151.5,2041.8333333333333,6.0,1175.443359375,74186.25809587748,"(2040, 1150, 2044, 1154)",64,34
60,1490.0,156.0,1.0,802.115234375,12364.376349312912,"(156, 1490, 157, 1491)",42,58
60,1573.0,439.5,2.0,802.115234375,24728.752698625824,"(439, 1573, 441, 1574)",21,92
60,974.974358974359,842.0512820512821,39.0,1572.27587890625,482210.67762320355,"(839, 972, 848, 981)",92,65
60,1696.3333333333333,1250.3333333333333,3.0,1095.1259765625,37093.12904793874,"(1250, 1696, 1252, 1698)",11,43
60,1385.0,1323.0,1.0,871.1484375,12364.376349312912,"(1323, 1385, 1324, 1386)",117,9
60,1461.4285714285713,2046.7142857142858,7.0,1868.783935546875,86550.63444519039,"(2046, 1459, 2048, 1464)",109,7
61,1508.0,152.0,1.0,836.21728515625,12364.376349312912,"(152, 1508, 153, 1509)",42,58
61,1335.0,783.0,1.0,802.052734375,12364.376349312912,"(783, 1335, 784, 1336)",7,80
61,446.0,819.5,4.0,906.69091796875,49457.50539725165,"(819, 445, 821, 448)",70,17
61,972.5714285714286,841.2857142857143,14.0,1216.6435546875,173101.26889038077,"(838, 971, 846, 975)",92,65
61,75.9,971.1,10.0,943.00048828125,123643.76349312911,"(970, 74, 973, 79)",65,70
61,1696.6666666666667,1249.6666666666667,3.0,979.970703125,37093.12904793874,"(1249, 1696, 1251, 1698)",11,43
61,732.5714285714286,1385.142857142857,7.0,906.69091796875,86550.63444519039,"(1384, 731, 1387, 735)",119,3
61,386.0,1759.0,3.0,871.04150390625,37093.12904793874,"(1759, 385, 1760, 388)",15,83
61,1451.0,1931.5,2.0,802.052734375,24728.752698625824,"(1931, 1451, 1933, 1452)",115,6
61,1154.0,2047.0,1.0,836.21728515625,12364.376349312912,"(2047, 1154, 2048, 1155)",64,34
62,1507.0,146.0,1.0,836.32470703125,12364.376349312912,"(146, 1507, 147, 1508)",42,58
62,178.0,229.0,1.0,802.1376953125,12364.376349312912,"(229, 178, 230, 179)",4,33
62,1539.5,467.5,2.0,906.611083984375,24728.752698625824,"(467, 1539, 469, 1541)",21,92
62,1333.0,743.3,10.0,836.32470703125,123643.76349312911,"(742, 1331, 746, 1336)",7,80
62,685.5,914.0,4.0,906.611083984375,49457.50539725165,"(913, 685, 916, 687)",121,7
62,1696.0,1249.0,5.0,1134.9228515625,61821.881746564555,"(1249, 1694, 1250, 1699)",11,43
62,1458.5,1310.0,2.0,836.32470703125,24728.752698625824,"(1310, 1458, 1311, 1460)",86,17
62,165.0,1522.0,1.0,802.1376953125,12364.376349312912,"(1522, 165, 1523, 166)",72,29
62,386.1666666666667,1757.6666666666667,6.0,979.885986328125,74186.25809587748,"(1757, 384, 1759, 389)",15,83
62,1152.0,2044.0,1.0,802.1376953125,12364.376349312912,"(2044, 1152, 2045, 1153)",64,34
62,1459.142857142857,2046.5714285714287,7.0,1017.658935546875,86550.63444519039,"(2046, 1457, 2048, 1462)",109,7
63,1571.3636363636363,437.72727272727275,11.0,1056.06396484375,136008.13984244203,"(436, 1570, 442, 1573)",21,92
63,1332.3636363636363,742.5454545454545,11.0,906.7265625,136008.13984244203,"(741, 1330, 745, 1335)",7,80
63,1305.5,761.0,2.0,906.7265625,24728.752698625824,"(761, 1305, 762, 1307)",7,80
63,1298.0,789.0,1.0,802.10888671875,12364.376349312912,"(789, 1298, 790, 1299)",7,80
63,445.3333333333333,819.0,6.0,906.7265625,74186.25809587748,"(818, 443, 821, 448)",70,17
63,1696.625,1249.25,8.0,1572.2978515625,98915.0107945033,"(1248, 1695, 1251, 1699)",11,43
63,1459.3333333333333,1309.6666666666667,3.0,871.146484375,37093.12904793874,"(1309, 1459, 1311, 1461)",86,17
63,911.0,1421.0,1.0,802.10888671875,12364.376349312912,"(1421, 911, 1422, 912)",50,61
63,387.1875,1758.375,16.0,906.7265625,197830.0215890066,"(1757, 384, 1761, 391)",15,83
64,181.0,230.0,1.0,802.16796875,12364.376349312912,"(230, 181, 231, 182)",4,33
64,446.0,820.5,6.0,906.607421875,74186.25809587748,"(820, 444, 822, 449)",70,17
64,922.0,1118.0,1.0,802.16796875,12364.376349312912,"(1118, 922, 1119, 923)",29,79
64,1697.5833333333333,1250.9166666666667,12.0,2538.685791015625,148372.51619175496,"(1250, 1696, 1253, 1701)",11,43
64,1461.0,1311.0,3.0,836.224609375,37093.12904793874,"(1310, 1461, 1313, 1462)",86,17
64,731.7333333333333,1387.7333333333333,15.0,942.93408203125,185465.64523969367,"(1386, 730, 1391, 735)",119,3
64,168.0,1522.5,4.0,906.607421875,49457.50539725165,"(1522, 167, 1524, 170)",72,29
64,1373.0,1670.0,1.0,836.224609375,12364.376349312912,"(1670, 1373, 1671, 1374)",123,6
64,390.0,1759.25,12.0,906.607421875,148372.51619175496,"(1758, 387, 1762, 393)",15,83
64,773.0,2044.5,2.0,802.16796875,24728.752698625824,"(2044, 773, 2046, 774)",18,11
65,1505.0,151.0,3.0,836.22265625,37093.12904793874,"(151, 1504, 152, 1507)",42,58
65,175.0,226.0,1.0,802.15234375,12364.376349312912,"(226, 175, 227, 176)",4,33
65,783.5,482.5,2.0,836.22265625,24728.752698625824,"(482, 783, 484, 785)",20,7
65,1230.6,615.0,5.0,906.6881103515625,61821.881746564555,"(613, 1230, 618, 1232)",97,91
65,347.0,621.0,1.0,802.15234375,12364.376349312912,"(621, 347, 622, 348)",102,3
65,1287.0,751.0,1.0,802.15234375,12364.376349312912,"(751, 1287, 752, 1288)",7,80
65,1267.6666666666667,772.6666666666666,3.0,942.904541015625,37093.12904793874,"(772, 1267, 774, 1269)",7,80
65,1303.0,795.0,1.0,836.22265625,12364.376349312912,"(795, 1303, 796, 1304)",7,80
65,446.1666666666667,823.1666666666666,6.0,871.09765625,74186.25809587748,"(822, 445, 825, 448)",70,17
65,920.6666666666666,1116.5,6.0,2419.9091796875,74186.25809587748,"(1115, 920, 1119, 922)",29,79
65,1696.8181818181818,1252.4545454545455,11.0,1868.79345703125,136008.13984244203,"(1251, 1695, 1255, 1700)",11,43
65,1468.0,1300.5,2.0,906.6881103515625,24728.752698625824,"(1300, 1468, 1302, 1469)",86,17
65,730.9166666666666,1389.0833333333333,12.0,871.09765625,148372.51619175496,"(1387, 728, 1392, 734)",119,3
65,169.0,1523.0,1.0,836.22265625,12364.376349312912,"(1523, 169, 1524, 170)",72,29
65,386.6666666666667,1758.6666666666667,3.0,871.09765625,37093.12904793874,"(1758, 386, 1760, 388)",15,83
65,353.0,1808.0,1.0,802.15234375,12364.376349312912,"(1808, 353, 1809, 354)",101,8
65,780.0,2016.0,1.0,802.15234375,12364.376349312912,"(2016, 780, 2017, 781)",18,11
66,1504.0,150.5,4.0,871.080810546875,49457.50539725165,"(150, 1503, 152, 1506)",42,58
66,497.0,258.0,3.0,836.21923828125,37093.12904793874,"(258, 496, 259, 499)",19,72
66,1541.5,469.5,2.0,906.690673828125,24728.752698625824,"(469, 1541, 471, 1543)",21,92
66,783.8,482.0,5.0,802.1064453125,61821.881746564555,"(481, 783, 484, 786)",20,7
66,1232.2,616.0,5.0,906.690673828125,61821.881746564555,"(614, 1232, 619, 1234)",97,91
66,1236.0,648.0,1.0,802.1064453125,12364.376349312912,"(648, 1236, 649, 1237)",97,91
66,1289.8125,747.375,16.0,1055.974609375,197830.0215890066,"(746, 1288, 750, 1293)",7,80
66,1268.5,771.0,2.0,906.690673828125,24728.752698625824,"(771, 1268, 772, 1270)",7,80
66,121.44444444444444,995.8888888888889,9.0,906.690673828125,111279.3871438162,"(993, 121, 1000, 123)",65,70
66,920.9285714285714,1115.357142857143,14.0,5422.955078125,173101.26889038077,"(1112, 920, 1119, 923)",29,79
66,1696.5555555555557,1250.7777777777778,9.0,1388.761962890625,111279.3871438162,"(1250, 1695, 1253, 1700)",11,43
66,1468.0,1298.5,2.0,871.080810546875,24728.752698625824,"(1298, 1468, 1300, 1469)",86,17
66,169.0,1521.3333333333333,3.0,1017.584228515625,37093.12904793874,"(1521, 168, 1523, 171)",72,29
66,1373.6666666666667,1668.6666666666667,3.0,836.21923828125,37093.12904793874,"(1668, 1373, 1670, 1375)",123,6
66,357.0,1799.0,1.0,802.1064453125,12364.376349312912,"(1799, 357, 1800, 358)",101,8
66,1636.5,2045.5,2.0,871.080810546875,24728.752698625824,"(2045, 1636, 2047, 1638)",125,19
67,495.6666666666667,256.3333333333333,3.0,802.17919921875,37093.12904793874,"(256, 495, 258, 497)",19,72
67,535.0,266.0,1.0,836.24365234375,12364.376349312912,"(266, 535, 267, 536)",19,72
67,1310.2,790.4,5.0,942.910400390625,61821.881746564555,"(789, 1309, 793, 1312)",7,80
67,973.0,842.5,2.0,802.17919921875,24728.752698625824,"(842, 973, 844, 974)",92,65
67,121.48275862068965,995.7931034482758,29.0,1668.24365234375,358566.91413007444,"(990, 120, 1002, 124)",65,70
67,921.45,1116.0,20.0,4108.845703125,247287.52698625822,"(1112, 920, 1120, 926)",29,79
67,1694.8,1251.4,5.0,1258.666748046875,61821.881746564555,"(1251, 1694, 1253, 1697)",11,43
67,1468.0,1298.0,1.0,802.17919921875,12364.376349312912,"(1298, 1468, 1299, 1469)",86,17
67,165.5,1523.0,2.0,802.17919921875,24728.752698625824,"(1523, 165, 1524, 167)",72,29
67,1637.0,2047.0,1.0,836.24365234375,12364.376349312912,"(2047, 1637, 2048, 1638)",125,19
68,1508.0,146.0,1.0,802.135498046875,12364.376349312912,"(146, 1508, 147, 1509)",42,58
68,180.0,235.5,2.0,836.296875,24728.752698625824,"(235, 180, 237, 181)",4,33
68,494.4,255.2,5.0,836.296875,61821.881746564555,"(254, 494, 257, 496)",19,72
68,1535.0,443.0,1.0,871.10498046875,12364.376349312912,"(443, 1535, 444, 1536)",21,92
68,1265.5,770.5,2.0,906.689453125,24728.752698625824,"(770, 1265, 772, 1267)",7,80
68,972.0,840.5,2.0,802.135498046875,24728.752698625824,"(840, 972, 842, 973)",92,65
68,121.03703703703704,993.1851851851852,27.0,1433.60009765625,333838.1614314486,"(989, 120, 1000, 124)",65,70
68,1694.75,1251.0,4.0,1258.6533203125,49457.50539725165,"(1250, 1694, 1253, 1696)",11,43
68,772.0,2042.0,1.0,802.135498046875,12364.376349312912,"(2042, 772, 2043, 773)",18,11
69,1534.5,443.5,2.0,836.2529296875,24728.752698625824,"(443, 1534, 445, 1536)",21,92
69,1540.0,469.0,3.0,979.87060546875,37093.12904793874,"(469, 1539, 470, 1542)",21,92
69,717.0,548.0,3.0,1095.0986328125,37093.12904793874,"(547, 717, 550, 718)",128,8
69,1264.8,770.6,5.0,1216.6728515625,61821.881746564555,"(770, 1264, 772, 1267)",7,80
69,971.5,841.5,2.0,906.7255859375,24728.752698625824,"(841, 971, 843, 973)",92,65
69,56.333333333333336,979.0,3.0,836.2529296875,37093.12904793874,"(978, 56, 981, 58)",65,70
69,919.8571428571429,1116.142857142857,14.0,2026.609375,173101.26889038077,"(1113, 918, 1120, 923)",29,79
69,1695.0,1251.5,2.0,871.1552734375,24728.752698625824,"(1251, 1695, 1253, 1696)",11,43
69,383.16,1759.32,25.0,1868.797119140625,309109.4087328228,"(1758, 378, 1762, 390)",15,83
69,1453.3333333333333,1920.0,3.0,906.7255859375,37093.12904793874,"(1919, 1453, 1922, 1455)",115,6
70,179.5,234.5,2.0,871.080078125,24728.752698625824,"(234, 179, 236, 181)",4,33
70,1573.6666666666667,436.8888888888889,9.0,979.91796875,111279.3871438162,"(436, 1572, 439, 1576)",21,92
70,970.8,840.0,5.0,871.080078125,61821.881746564555,"(838, 970, 843, 973)",92,65
70,57.333333333333336,977.6666666666666,3.0,871.080078125,37093.12904793874,"(977, 57, 979, 59)",65,70
70,920.1904761904761,1115.8095238095239,21.0,4032.74560546875,259651.90333557114,"(1112, 918, 1120, 924)",29,79
70,1372.5,1668.0,2.0,906.66845703125,24728.752698625824,"(1668, 1372, 1669, 1374)",123,6
70,381.32,1758.8,25.0,1717.25439453125,309109.4087328228,"(1758, 376, 1761, 388)",15,83
70,1452.2,1920.2,5.0,1134.88330078125,61821.881746564555,"(1919, 1452, 1923, 1454)",115,6
70,1153.0,2040.0,1.0,836.1826171875,12364.376349312912,"(2040, 1153, 2041, 1154)",64,34
71,1013.4285714285714,2.2857142857142856,7.0,1388.72021484375,86550.63444519039,"(1, 1013, 5, 1015)",130,9
71,711.0,139.0,1.0,836.28173828125,12364.376349312912,"(139, 711, 140, 712)",131,20
71,15.0,165.0,1.0,942.9541015625,12364.376349312912,"(165, 15, 166, 16)",132,39
71,177.0,235.0,1.0,836.28173828125,12364.376349312912,"(235, 177, 236, 178)",4,33
71,1574.4285714285713,437.57142857142856,7.0,1017.62451171875,86550.63444519039,"(436, 1573, 440, 1577)",21,92
71,717.0,549.0,1.0,906.64453125,12364.376349312912,"(549, 717, 550, 718)",128,8
71,1238.6538461538462,641.3461538461538,26.0,1055.9853515625,321473.7850821357,"(632, 1235, 649, 1241)",97,91
71,1334.1666666666667,741.1666666666666,6.0,942.9541015625,74186.25809587748,"(740, 1333, 743, 1336)",7,80
71,1304.5,762.8125,16.0,979.87890625,197830.0215890066,"(762, 1301, 765, 1310)",7,80
71,1266.3333333333333,770.6666666666666,3.0,906.64453125,37093.12904793874,"(770, 1266, 772, 1268)",7,80
71,972.0,841.0,1.0,836.28173828125,12364.376349312912,"(841, 972, 842, 973)",92,65
71,58.5,979.0,2.0,906.64453125,24728.752698625824,"(979, 58, 980, 60)",65,70
71,921.32,1116.36,25.0,6820.17578125,309109.4087328228,"(1112, 919, 1121, 926)",29,79
71,379.6,1758.7,10.0,1258.662109375,123643.76349312911,"(1758, 377, 1761, 383)",15,83
71,1453.0,1920.0,1.0,836.28173828125,12364.376349312912,"(1920, 1453, 1921, 1454)",115,6
72,1011.7333333333333,4.133333333333334,15.0,1717.3525390625,185465.64523969367,"(2, 1009, 8, 1014)",130,9
72,1501.2,165.8,5.0,871.0908203125,61821.881746564555,"(165, 1500, 167, 1504)",42,58
72,1573.0,440.0,3.0,836.19140625,37093.12904793874,"(439, 1573, 442, 1574)",21,92
72,1266.5,763.0,4.0,942.96484375,49457.50539725165,"(763, 1265, 764, 1269)",7,80
72,919.6666666666666,1117.5555555555557,18.0,3591.164306640625,222558.7742876324,"(1115, 917, 1121, 923)",29,79
72,923.6153846153846,1390.4615384615386,13.0,1095.201171875,160736.89254106785,"(1388, 923, 1394, 926)",50,61
72,1372.0,1670.0,1.0,802.046875,12364.376349312912,"(1670, 1372, 1671, 1373)",123,6
72,376.8181818181818,1759.0,11.0,1017.66796875,136008.13984244203,"(1758, 374, 1761, 380)",15,83
72,1452.0,1921.5,2.0,802.046875,24728.752698625824,"(1921, 1452, 1923, 1453)",115,6
72,1152.0,2042.0,1.0,836.19140625,12364.376349312912,"(2042, 1152, 2043, 1153)",64,34
73,1013.3,3.3,10.0,1388.83837890625,123643.76349312911,"(0, 1013, 7, 1015)",130,9
73,492.25,256.25,4.0,836.22119140625,49457.50539725165,"(256, 491, 258, 494)",19,72
73,1339.0,744.0,1.0,802.1279296875,12364.376349312912,"(744, 1339, 745, 1340)",7,80
73,1267.0,772.0,1.0,871.0849609375,12364.376349312912,"(772, 1267, 773, 1268)",7,80
73,972.25,841.0,4.0,1017.666015625,49457.50539725165,"(840, 972, 843, 974)",92,65
73,922.2727272727273,1117.1818181818182,11.0,1767.13720703125,136008.13984244203,"(1115, 920, 1120, 926)",29,79
73,319.5,1548.5,6.0,1134.9697265625,74186.25809587748,"(1547, 319, 1551, 321)",135,47
73,376.4166666666667,1758.25,12.0,1095.09814453125,148372.51619175496,"(1757, 373, 1760, 380)",15,83
74,1011.5833333333334,3.0416666666666665,24.0,1973.31689453125,296745.0323835099,"(0, 1010, 8, 1014)",130,9
74,492.875,256.5,8.0,871.06201171875,98915.0107945033,"(255, 492, 259, 495)",19,72
74,1536.2666666666667,443.4,15.0,942.89404296875,185465.64523969367,"(441, 1534, 448, 1541)",21,92
74,1339.0,743.0,1.0,802.113525390625,12364.376349312912,"(743, 1339, 744, 1340)",7,80
74,85.0,980.0,1.0,802.113525390625,12364.376349312912,"(980, 85, 981, 86)",65,70
74,168.0,1524.0,1.0,836.32568359375,12364.376349312912,"(1524, 168, 1525, 169)",72,29
74,319.25,1548.75,4.0,871.06201171875,49457.50539725165,"(1548, 319, 1551, 321)",135,47
74,1372.0,1670.0,3.0,1056.016357421875,37093.12904793874,"(1670, 1371, 1671, 1374)",123,6
74,376.8333333333333,1758.6666666666667,6.0,906.7158203125,74186.25809587748,"(1758, 375, 1760, 380)",15,83
74,1152.0,2040.0,1.0,802.113525390625,12364.376349312912,"(2040, 1152, 2041, 1153)",64,34
75,1011.1944444444445,3.3055555555555554,36.0,2848.02099609375,445117.5485752648,"(0, 1008, 9, 1015)",130,9
75,1339.75,743.5,4.0,906.729248046875,49457.50539725165,"(743, 1339, 745, 1342)",7,80
75,1273.0,760.3333333333334,3.0,836.32763671875,37093.12904793874,"(760, 1272, 762, 1275)",7,80
75,1334.090909090909,780.7272727272727,11.0,1258.737548828125,136008.13984244203,"(779, 1332, 783, 1337)",7,80
75,1695.0,1249.5,2.0,906.729248046875,24728.752698625824,"(1249, 1695, 1251, 1696)",11,43
75,910.0,1420.0,1.0,802.115234375,12364.376349312912,"(1420, 910, 1421, 911)",50,61
75,1371.5,1669.0,2.0,1017.57763671875,24728.752698625824,"(1669, 1371, 1670, 1373)",123,6
76,1011.6666666666666,3.8484848484848486,33.0,3242.584716796875,408024.41952732607,"(0, 1008, 10, 1016)",130,9
76,713.0,134.0,3.0,979.82470703125,37093.12904793874,"(133, 713, 136, 714)",131,20
76,1238.438596491228,637.5438596491229,57.0,1017.5966796875,704769.4519108359,"(621, 1234, 650, 1242)",97,91
76,1338.25,744.25,8.0,871.080078125,98915.0107945033,"(743, 1336, 746, 1342)",7,80
76,1271.5,761.0,2.0,871.080078125,24728.752698625824,"(761, 1271, 762, 1273)",7,80
76,1334.5333333333333,782.6666666666666,15.0,1258.7431640625,185465.64523969367,"(780, 1332, 785, 1339)",7,80
76,1309.5,796.5,2.0,836.28955078125,24728.752698625824,"(796, 1309, 798, 1311)",7,80
76,921.4,1117.6,5.0,1134.8896484375,61821.881746564555,"(1117, 920, 1119, 924)",29,79
76,2003.6666666666667,1156.3333333333333,3.0,1017.5966796875,37093.12904793874,"(1156, 2003, 1158, 2005)",89,56
76,1695.5,1249.5,2.0,871.080078125,24728.752698625824,"(1249, 1695, 1251, 1697)",11,43
76,923.0,1422.8,5.0,906.66552734375,61821.881746564555,"(1422, 921, 1424, 926)",50,61
76,166.4,1523.2666666666667,15.0,1301.28662109375,185465.64523969367,"(1522, 164, 1526, 170)",72,29
76,319.5,1546.5,4.0,1134.8896484375,49457.50539725165,"(1546, 319, 1548, 321)",135,47
76,1152.0,2039.0,1.0,836.28955078125,12364.376349312912,"(2039, 1152, 2040, 1153)",64,34
76,1632.0,2039.0,1.0,871.080078125,12364.376349312912,"(2039, 1632, 2040, 1633)",125,19
77,1011.2352941176471,3.2941176470588234,34.0,1973.281494140625,420388.795876639,"(0, 1007, 9, 1016)",130,9
77,1334.6666666666667,743.6666666666666,3.0,871.15185546875,37093.12904793874,"(743, 1334, 745, 1336)",7,80
77,1288.0,780.0,1.0,802.190185546875,12364.376349312912,"(780, 1288, 781, 1289)",7,80
77,1333.7894736842106,782.8421052631579,19.0,2478.906982421875,234923.15063694533,"(781, 1331, 785, 1338)",7,80
77,2001.6666666666667,1155.3333333333333,3.0,836.252197265625,37093.12904793874,"(1155, 2001, 1157, 2003)",89,56
77,920.5,1422.0,2.0,871.15185546875,24728.752698625824,"(1422, 920, 1423, 922)",50,61
77,166.55,1522.4,20.0,1216.657958984375,247287.52698625822,"(1521, 163, 1525, 172)",72,29
77,318.45454545454544,1547.0,11.0,1134.992919921875,136008.13984244203,"(1546, 317, 1550, 321)",135,47
77,1633.0,2046.0,1.0,836.252197265625,12364.376349312912,"(2046, 1633, 2047, 1634)",125,19
78,1010.6875,3.1875,32.0,3379.855224609375,395660.0431780132,"(0, 1006, 8, 1015)",130,9
78,1506.0,148.0,1.0,802.159423828125,12364.376349312912,"(148, 1506, 149, 1507)",42,58
78,175.5,237.0,2.0,906.66259765625,24728.752698625824,"(237, 175, 238, 177)",4,33
78,1338.0,743.0,1.0,836.301025390625,12364.376349312912,"(743, 1338, 744, 1339)",7,80
78,1332.090909090909,782.8181818181819,11.0,2190.983154296875,136008.13984244203,"(781, 1331, 785, 1335)",7,80
78,919.0,1117.0,1.0,836.301025390625,12364.376349312912,"(1117, 919, 1118, 920)",29,79
78,2001.0,1155.0,1.0,871.18505859375,12364.376349312912,"(1155, 2001, 1156, 2002)",89,56
78,165.76923076923077,1522.2307692307693,13.0,1017.548828125,160736.89254106785,"(1521, 163, 1524, 170)",72,29
78,316.4,1547.4,10.0,1344.715087890625,123643.76349312911,"(1546, 315, 1551, 319)",135,47
78,373.0,1766.0,1.0,802.159423828125,12364.376349312912,"(1766, 373, 1767, 374)",15,83
78,920.0,1932.0,1.0,802.159423828125,12364.376349312912,"(1932, 920, 1933, 921)",39,65
78,1629.5,2038.0,2.0,802.159423828125,24728.752698625824,"(2038, 1629, 2039, 1631)",125,19
79,1012.969696969697,4.909090909090909,33.0,1973.3760986328125,408024.41952732607,"(1, 1010, 9, 1018)",130,9
79,1313.5,749.0,2.0,836.221435546875,24728.752698625824,"(749, 1313, 750, 1315)",7,80
79,1336.5454545454545,784.5454545454545,11.0,1134.908935546875,136008.13984244203,"(784, 1334, 786, 1340)",7,80
79,920.9,1422.8,10.0,1216.728515625,123643.76349312911,"(1422, 919, 1425, 924)",50,61
79,167.5,1524.0,4.0,836.221435546875,49457.50539725165,"(1524, 166, 1525, 170)",72,29
80,1330.5,753.0,2.0,942.91455078125,24728.752698625824,"(753, 1330, 754, 1332)",7,80
80,1336.2,784.8,10.0,1525.3548583984375,123643.76349312911,"(784, 1334, 787, 1340)",7,80
80,169.0,1524.0,1.0,802.12353515625,12364.376349312912,"(1524, 169, 1525, 170)",72,29
81,181.0,230.0,1.0,802.1439208984375,12364.376349312912,"(230, 181, 231, 182)",4,33
81,1235.75,649.5,4.0,836.2706298828125,49457.50539725165,"(649, 1235, 651, 1238)",97,91
81,1337.4375,783.75,16.0,1525.35205078125,197830.0215890066,"(783, 1335, 786, 1342)",7,80
81,1718.5,1246.0,2.0,1017.6182861328125,24728.752698625824,"(1246, 1718, 1247, 1720)",11,43
81,171.33333333333334,1522.3333333333333,3.0,836.2706298828125,37093.12904793874,"(1522, 171, 1524, 173)",72,29
81,369.89473684210526,1762.9473684210527,19.0,942.9495849609375,234923.15063694533,"(1761, 366, 1766, 374)",15,83
82,181.0,231.0,1.0,802.1495361328125,12364.376349312912,"(231, 181, 232, 182)",4,33
82,534.5,261.14473684210526,77.0,1017.62646484375,952056.9788970943,"(257, 525, 266, 548)",19,72
82,1235.5,649.0,2.0,802.1495361328125,24728.752698625824,"(649, 1235, 650, 1237)",97,91
82,1342.7,782.1,10.0,1175.4383544921875,123643.76349312911,"(781, 1340, 784, 1346)",7,80
82,1286.0,794.0,1.0,802.1495361328125,12364.376349312912,"(794, 1286, 795, 1287)",7,80
82,971.0,846.0,1.0,836.292236328125,12364.376349312912,"(846, 971, 847, 972)",92,65
82,1718.3333333333333,1246.3333333333333,3.0,942.96875,37093.12904793874,"(1246, 1718, 1248, 1720)",11,43
82,320.0,1547.0,1.0,979.943603515625,12364.376349312912,"(1547, 320, 1548, 321)",135,47
82,1631.75,2041.0,4.0,979.943603515625,49457.50539725165,"(2040, 1631, 2043, 1633)",125,19
83,709.0,142.0,1.0,802.123291015625,12364.376349312912,"(142, 709, 143, 710)",131,20
83,179.5,233.0,2.0,871.149658203125,24728.752698625824,"(233, 179, 234, 181)",4,33
83,1271.2,769.0,5.0,942.878173828125,61821.881746564555,"(768, 1270, 771, 1274)",7,80
83,1632.6666666666667,2043.3333333333333,3.0,802.123291015625,37093.12904793874,"(2043, 1632, 2045, 1634)",125,19
83,1460.0,2047.0,1.0,802.123291015625,12364.376349312912,"(2047, 1460, 2048, 1461)",109,7
84,178.0,238.0,1.0,802.1536865234375,12364.376349312912,"(238, 178, 239, 179)",4,33
84,543.5,270.5,2.0,942.95703125,24728.752698625824,"(270, 543, 272, 545)",19,72
84,2020.0,413.0,1.0,906.6348876953125,12364.376349312912,"(413, 2020, 414, 2021)",141,7
84,1269.6,769.8,5.0,1055.96728515625,61821.881746564555,"(769, 1269, 772, 1271)",7,80
84,1341.0,782.7142857142857,7.0,979.94091796875,86550.63444519039,"(782, 1338, 784, 1345)",7,80
84,1718.0,1246.0,1.0,802.1536865234375,12364.376349312912,"(1246, 1718, 1247, 1719)",11,43
84,1632.0,2046.0,1.0,802.1536865234375,12364.376349312912,"(2046, 1632, 2047, 1633)",125,19
85,1507.0,147.0,1.0,802.1600341796875,12364.376349312912,"(147, 1507, 148, 1508)",42,58
85,180.0,234.0,1.0,802.1600341796875,12364.376349312912,"(234, 180, 235, 181)",4,33
85,1576.0,443.3333333333333,3.0,836.2373046875,37093.12904793874,"(443, 1575, 445, 1578)",21,92
85,315.55882352941177,1554.75,68.0,1767.074951171875,840777.591753278,"(1548, 309, 1563, 321)",135,47
86,1693.6666666666667,1249.6666666666667,3.0,836.252197265625,37093.12904793874,"(1249, 1693, 1251, 1695)",11,43
86,315.55,1554.4333333333334,60.0,1767.094482421875,741862.5809587747,"(1549, 309, 1562, 321)",135,47
86,375.0,1765.2,5.0,836.252197265625,61821.881746564555,"(1764, 373, 1767, 378)",15,83
86,409.0,1773.0,1.0,802.190185546875,12364.376349312912,"(1773, 409, 1774, 410)",15,83
86,1152.0,2032.6666666666667,3.0,836.252197265625,37093.12904793874,"(2032, 1151, 2034, 1154)",64,34
87,2014.75,412.75,4.0,942.861328125,49457.50539725165,"(412, 2014, 414, 2017)",141,7
87,1577.0,443.0,1.0,802.2119140625,12364.376349312912,"(443, 1577, 444, 1578)",21,92
87,1527.0,457.0,1.0,802.2119140625,12364.376349312912,"(457, 1527, 458, 1528)",21,92
87,1299.5,749.0,2.0,836.337890625,24728.752698625824,"(749, 1299, 750, 1301)",7,80
87,1342.5,782.0,2.0,802.2119140625,24728.752698625824,"(782, 1342, 783, 1344)",7,80
87,1719.0,1245.0,1.0,836.337890625,12364.376349312912,"(1245, 1719, 1246, 1720)",11,43
87,1694.0,1248.5,2.0,836.337890625,24728.752698625824,"(1248, 1694, 1250, 1695)",11,43
87,324.25,1252.5,4.0,979.85791015625,49457.50539725165,"(1251, 323, 1255, 326)",10,51
87,315.2962962962963,1552.7222222222222,54.0,1973.335205078125,667676.3228628972,"(1548, 310, 1559, 320)",135,47
87,310.0,1979.0,1.0,802.2119140625,12364.376349312912,"(1979, 310, 1980, 311)",145,22
87,1151.5,2030.1666666666667,6.0,871.1015625,74186.25809587748,"(2029, 1150, 2032, 1154)",64,34
88,2014.857142857143,414.57142857142856,7.0,1017.584228515625,86550.63444519039,"(414, 2013, 416, 2018)",141,7
88,1567.0,432.0,1.0,836.21923828125,12364.376349312912,"(432, 1567, 433, 1568)",21,92
88,441.0,808.0,1.0,906.690673828125,12364.376349312912,"(808, 441, 809, 442)",70,17
88,324.22222222222223,1254.2222222222222,9.0,979.9423828125,111279.3871438162,"(1252, 322, 1257, 327)",10,51
88,315.25,1554.9772727272727,44.0,2247.14404296875,544032.5593697681,"(1551, 311, 1559, 320)",135,47
88,977.0,1930.0,1.0,802.1064453125,12364.376349312912,"(1930, 977, 1931, 978)",93,52
88,374.0,2029.0,1.0,802.1064453125,12364.376349312912,"(2029, 374, 2030, 375)",146,18
89,708.0,147.0,1.0,802.16943359375,12364.376349312912,"(147, 708, 148, 709)",131,20
89,1502.0,149.0,1.0,802.16943359375,12364.376349312912,"(149, 1502, 150, 1503)",42,58
89,2014.5,414.5,8.0,1017.576416015625,98915.0107945033,"(414, 2012, 416, 2018)",141,7
89,1564.6296296296296,442.0740740740741,27.0,979.91943359375,333838.1614314486,"(438, 1562, 446, 1569)",21,92
89,1273.7142857142858,769.952380952381,21.0,1216.7099609375,259651.90333557114,"(768, 1269, 773, 1281)",7,80
89,1341.0,787.0,5.0,979.91943359375,61821.881746564555,"(787, 1339, 788, 1344)",7,80
89,1592.0,1092.0,1.0,802.16943359375,12364.376349312912,"(1092, 1592, 1093, 1593)",148,4
89,326.14285714285717,1253.857142857143,7.0,1017.576416015625,86550.63444519039,"(1252, 324, 1257, 329)",10,51
89,167.0,1524.0,1.0,802.16943359375,12364.376349312912,"(1524, 167, 1525, 168)",72,29
89,316.1764705882353,1555.2941176470588,34.0,1479.1290283203125,420388.795876639,"(1551, 312, 1559, 321)",135,47
89,378.56756756756755,1766.1081081081081,37.0,1095.0914306640625,457481.92492457776,"(1763, 371, 1769, 391)",15,83
89,979.0,1930.0,1.0,802.16943359375,12364.376349312912,"(1930, 979, 1931, 980)",93,52
90,1501.0,146.0,1.0,802.16064453125,12364.376349312912,"(146, 1501, 147, 1502)",42,58
90,2013.0,413.0,1.0,836.245361328125,12364.376349312912,"(413, 2013, 414, 2014)",141,7
90,1273.6666666666667,768.6111111111111,18.0,1301.325927734375,222558.7742876324,"(767, 1270, 771, 1279)",7,80
90,71.6,955.4,5.0,906.6461791992188,61821.881746564555,"(955, 70, 957, 74)",65,70
90,326.42857142857144,1252.5238095238096,21.0,1175.4747314453125,259651.90333557114,"(1250, 323, 1256, 330)",10,51
90,316.35,1554.575,40.0,1525.3590087890625,494575.05397251644,"(1548, 312, 1560, 321)",135,47
90,380.45714285714286,1765.6,35.0,942.9065551757812,432753.1722259519,"(1763, 374, 1768, 390)",15,83
90,983.0,1929.0,1.0,802.16064453125,12364.376349312912,"(1929, 983, 1930, 984)",93,52
91,1507.25,149.5,4.0,836.2789306640625,49457.50539725165,"(148, 1506, 152, 1509)",42,58
91,2046.0,427.5,4.0,1095.0975341796875,49457.50539725165,"(427, 2045, 429, 2048)",150,4
91,324.675,1253.125,40.0,1572.2703857421875,494575.05397251644,"(1250, 320, 1257, 330)",10,51
91,316.1914893617021,1554.9787234042553,47.0,2304.012451171875,581125.6884177069,"(1549, 312, 1561, 321)",135,47
91,920.0,1936.0,1.0,802.1399536132812,12364.376349312912,"(1936, 920, 1937, 921)",39,65
91,1631.0,2045.0,1.0,802.1399536132812,12364.376349312912,"(2045, 1631, 2046, 1632)",125,19
92,524.8181818181819,272.3636363636364,11.0,942.9298095703125,136008.13984244203,"(271, 522, 274, 528)",19,72
92,1353.5,744.0,2.0,836.2417602539062,24728.752698625824,"(744, 1353, 745, 1355)",7,80
92,971.0,836.0,3.0,942.9298095703125,37093.12904793874,"(835, 971, 838, 972)",92,65
92,322.48979591836735,1253.6734693877552,49.0,1868.8203125,605854.4411163327,"(1251, 316, 1257, 330)",10,51
92,315.52,1555.58,50.0,1817.603759765625,618218.8174656456,"(1549, 311, 1562, 319)",135,47
92,1674.0,1685.5,2.0,836.2417602539062,24728.752698625824,"(1685, 1674, 1687, 1675)",154,24
92,1631.0,2047.0,1.0,906.6842041015625,12364.376349312912,"(2047, 1631, 2048, 1632)",125,19
93,537.0,278.5,2.0,802.1203002929688,24728.752698625824,"(278, 537, 280, 538)",19,72
93,1355.2,744.6,5.0,906.6700439453125,61821.881746564555,"(743, 1355, 747, 1357)",7,80
93,323.92105263157896,1253.2105263157894,38.0,2135.470703125,469846.30127389065,"(1251, 317, 1256, 331)",10,51
93,972.7,1930.4,10.0,1017.6149291992188,123643.76349312911,"(1930, 969, 1932, 977)",93,52
93,859.5,1944.0,2.0,802.1203002929688,24728.752698625824,"(1944, 859, 1945, 861)",39,65
93,1634.7142857142858,2022.142857142857,7.0,906.6700439453125,86550.63444519039,"(2020, 1634, 2025, 1636)",125,19
94,2045.0,426.0,1.0,1055.982666015625,12364.376349312912,"(426, 2045, 427, 2046)",150,4
94,1357.5,743.5,4.0,906.6573486328125,49457.50539725165,"(743, 1357, 745, 1359)",7,80
94,1310.8,768.7,10.0,1055.982666015625,123643.76349312911,"(767, 1310, 771, 1313)",7,80
94,80.66666666666667,960.25,12.0,1055.982666015625,148372.51619175496,"(958, 78, 964, 85)",65,70
94,322.811320754717,1253.1698113207547,54.0,2538.66650390625,667676.3228628972,"(1251, 314, 1256, 331)",10,51
94,375.125,1766.625,8.0,906.6573486328125,98915.0107945033,"(1766, 373, 1769, 378)",15,83
94,1636.0,2023.0,1.0,802.1180419921875,12364.376349312912,"(2023, 1636, 2024, 1637)",125,19
95,1869.4,283.4,5.0,906.65185546875,61821.881746564555,"(282, 1869, 286, 1871)",157,13
95,2045.0,426.0,1.0,871.0955810546875,12364.376349312912,"(426, 2045, 427, 2046)",150,4
95,1358.0,743.0,1.0,836.2637939453125,12364.376349312912,"(743, 1358, 744, 1359)",7,80
95,81.18181818181819,960.7272727272727,11.0,979.9379272460938,136008.13984244203,"(958, 78, 964, 85)",65,70
95,82.0,1026.0,1.0,802.156494140625,12364.376349312912,"(1026, 82, 1027, 83)",34,49
95,629.5,1100.5,2.0,942.9326782226562,24728.752698625824,"(1100, 629, 1102, 631)",158,3
95,320.5072463768116,1252.927536231884,69.0,2135.461669921875,853141.9681025909,"(1250, 309, 1256, 329)",10,51
95,1153.0,2033.0,1.0,802.156494140625,12364.376349312912,"(2033, 1153, 2034, 1154)",64,34
96,1496.6,148.2,5.0,836.2703247070312,61821.881746564555,"(147, 1496, 150, 1498)",42,58
96,1869.5,284.5,6.0,871.123291015625,74186.25809587748,"(283, 1869, 287, 1871)",157,13
96,2013.0,414.0,1.0,802.1534423828125,12364.376349312912,"(414, 2013, 415, 2014)",141,7
96,2045.3333333333333,426.6666666666667,3.0,979.9251708984375,37093.12904793874,"(426, 2045, 428, 2047)",150,4
96,82.41666666666667,963.25,12.0,906.6690063476562,148372.51619175496,"(961, 80, 966, 86)",65,70
96,630.0,1101.0,3.0,942.95068359375,37093.12904793874,"(1100, 629, 1103, 632)",158,3
96,320.96078431372547,1254.3921568627452,51.0,1668.28173828125,630583.1938149584,"(1251, 312, 1258, 328)",10,51
97,715.0,135.0,1.0,802.1203002929688,12364.376349312912,"(135, 715, 136, 716)",131,20
97,538.0,279.0,1.0,871.1015625,12364.376349312912,"(279, 538, 280, 539)",19,72
97,1850.0,316.0,1.0,836.2516479492188,12364.376349312912,"(316, 1850, 317, 1851)",157,13
97,84.45454545454545,966.0,11.0,979.9266967773438,136008.13984244203,"(965, 82, 969, 87)",65,70
97,632.0,1102.0,1.0,942.921142578125,12364.376349312912,"(1102, 632, 1103, 633)",158,3
97,322.52272727272725,1256.090909090909,44.0,1868.8150634765625,544032.5593697681,"(1254, 315, 1259, 330)",10,51
97,318.875,1552.0,16.0,1095.111083984375,197830.0215890066,"(1549, 317, 1555, 321)",135,47
97,74.0,1875.0,1.0,802.1203002929688,12364.376349312912,"(1875, 74, 1876, 75)",159,85
97,1155.7142857142858,2038.2857142857142,7.0,1017.6149291992188,86550.63444519039,"(2037, 1155, 2041, 1158)",64,34
98,945.5,832.0,2.0,802.1456298828125,24728.752698625824,"(832, 945, 833, 947)",92,65
98,126.5,1033.0,2.0,836.2789306640625,24728.752698625824,"(1033, 126, 1034, 128)",34,49
98,320.8,1255.9636363636364,55.0,1479.117431640625,680040.6992122101,"(1252, 314, 1261, 329)",10,51
98,696.4,1419.0,5.0,836.2789306640625,61821.881746564555,"(1417, 696, 1422, 698)",57,3
98,318.4782608695652,1552.2173913043478,23.0,1433.5931396484375,284380.65603419696,"(1549, 316, 1558, 322)",135,47
98,96.0,1885.0,1.0,802.1456298828125,12364.376349312912,"(1885, 96, 1886, 97)",159,85
98,996.0,1918.0,1.0,871.124267578125,12364.376349312912,"(1918, 996, 1919, 997)",93,52
98,1155.3333333333333,2038.3333333333333,3.0,836.2789306640625,37093.12904793874,"(2038, 1155, 2040, 1157)",64,34
99,946.0,829.5,4.0,836.2417602539062,49457.50539725165,"(829, 945, 831, 948)",92,65
99,86.33333333333333,964.6666666666666,3.0,906.6842041015625,37093.12904793874,"(964, 86, 966, 88)",65,70
99,318.3157894736842,1552.1842105263158,38.0,1572.28955078125,469846.30127389065,"(1547, 316, 1560, 322)",135,47
99,371.6666666666667,1762.0333333333333,30.0,1134.92626953125,370931.29047938733,"(1758, 366, 1766, 379)",15,83
99,100.0,1880.0,1.0,802.14990234375,12364.376349312912,"(1880, 100, 1881, 101)",159,85
99,993.0,1917.5,6.0,1095.108642578125,74186.25809587748,"(1917, 991, 1919, 996)",93,52
100,1872.0,288.0,1.0,871.12939453125,12364.376349312912,"(288, 1872, 289, 1873)",157,13
100,946.5,830.0,4.0,942.918212890625,49457.50539725165,"(830, 945, 831, 949)",92,65
100,322.3783783783784,1252.7837837837837,37.0,1344.719482421875,457481.92492457776,"(1249, 318, 1257, 328)",10,51
100,48.0,1291.0,3.0,1017.6002197265625,37093.12904793874,"(1290, 48, 1293, 49)",110,13
100,319.375,1552.125,40.0,1668.25146484375,494575.05397251644,"(1548, 317, 1558, 323)",135,47
100,369.72972972972974,1761.3783783783783,37.0,1258.6578369140625,457481.92492457776,"(1756, 363, 1767, 380)",15,83
100,993.0,1918.0,3.0,942.918212890625,37093.12904793874,"(1918, 992, 1919, 995)",93,52
100,1646.6666666666667,2018.3333333333333,3.0,802.1180419921875,37093.12904793874,"(2018, 1646, 2020, 1648)",125,19
100,1185.6666666666667,2021.6666666666667,3.0,836.2572631835938,37093.12904793874,"(2021, 1185, 2023, 1187)",64,34
101,1238.0,613.0,1.0,906.6471557617188,12364.376349312912,"(613, 1238, 614, 1239)",97,91
101,946.5,831.0,2.0,836.25439453125,24728.752698625824,"(831, 946, 832, 948)",92,65
101,85.29629629629629,965.0370370370371,27.0,979.9176025390625,333838.1614314486,"(961, 79, 970, 91)",65,70
101,48.26315789473684,1290.157894736842,19.0,2660.2685546875,234923.15063694533,"(1286, 47, 1295, 51)",110,13
101,1751.0,1355.0,1.0,836.25439453125,12364.376349312912,"(1355, 1751, 1356, 1752)",31,4
101,269.0,1424.5,2.0,836.25439453125,24728.752698625824,"(1424, 269, 1426, 270)",163,3
101,990.5,1920.5,4.0,871.0966186523438,49457.50539725165,"(1920, 989, 1922, 993)",93,52
101,1187.0,2022.0,1.0,802.1205444335938,12364.376349312912,"(2022, 1187, 2023, 1188)",64,34
102,709.0,142.5,4.0,906.6511840820312,49457.50539725165,"(142, 708, 144, 711)",131,20
102,498.5,260.0,6.0,836.2474365234375,74186.25809587748,"(259, 496, 263, 502)",19,72
102,87.78571428571429,965.1428571428571,14.0,1017.58056640625,173101.26889038077,"(962, 85, 969, 91)",65,70
102,324.40909090909093,1252.2727272727273,22.0,1056.0009765625,272016.27968488407,"(1249, 319, 1256, 330)",10,51
102,49.69230769230769,1287.7692307692307,39.0,2660.2666015625,482210.67762320355,"(1284, 47, 1295, 54)",110,13
102,102.5,1883.5,2.0,802.1184692382812,24728.752698625824,"(1883, 102, 1885, 104)",159,85
102,1646.6666666666667,2018.3333333333333,3.0,802.1184692382812,37093.12904793874,"(2018, 1646, 2020, 1648)",125,19
102,1156.0,2039.5,2.0,802.1184692382812,24728.752698625824,"(2039, 1156, 2041, 1157)",64,34
103,497.875,260.0,8.0,836.2626953125,98915.0107945033,"(258, 496, 262, 501)",19,72
103,1559.8979591836735,437.8979591836735,98.0,1095.1044921875,1211708.8822326653,"(433, 1551, 444, 1568)",21,92
103,86.2,963.8666666666667,15.0,1017.609130859375,185465.64523969367,"(960, 83, 968, 90)",65,70
103,325.2857142857143,1250.5714285714287,14.0,1095.1044921875,173101.26889038077,"(1248, 322, 1254, 329)",10,51
103,48.629629629629626,1286.7222222222222,54.0,2538.6767578125,667676.3228628972,"(1281, 46, 1296, 54)",110,13
103,1155.3333333333333,2039.0,3.0,871.1004028320312,37093.12904793874,"(2038, 1155, 2041, 1157)",64,34
104,497.42857142857144,260.0,7.0,942.9620361328125,86550.63444519039,"(259, 496, 262, 500)",19,72
104,1995.5,402.0,4.0,1017.5694580078125,49457.50539725165,"(401, 1995, 404, 1997)",141,7
104,50.22077922077922,1287.2857142857142,77.0,4341.3330078125,952056.9788970943,"(1281, 47, 1298, 57)",110,13
104,1347.0,1331.0,1.0,802.1397705078125,12364.376349312912,"(1331, 1347, 1332, 1348)",168,5
104,696.0,1419.5,2.0,802.1397705078125,24728.752698625824,"(1419, 696, 1421, 697)",57,3
104,320.2,1549.3,10.0,979.90234375,123643.76349312911,"(1548, 319, 1552, 322)",135,47
104,892.0,1941.0,1.0,802.1397705078125,12364.376349312912,"(1941, 892, 1942, 893)",39,65
105,1499.5,149.0,2.0,836.277099609375,24728.752698625824,"(149, 1499, 150, 1501)",42,58
105,328.0,1250.0,1.0,836.277099609375,12364.376349312912,"(1250, 328, 1251, 329)",10,51
105,49.5875,1286.1125,80.0,5335.466796875,989150.1079450329,"(1280, 46, 1295, 56)",110,13
105,303.5,1541.0,2.0,836.277099609375,24728.752698625824,"(1541, 303, 1542, 305)",135,47
105,892.2631578947369,1940.157894736842,19.0,836.277099609375,234923.15063694533,"(1938, 889, 1943, 896)",39,65
106,497.0,259.25,4.0,871.1038818359375,49457.50539725165,"(259, 496, 261, 499)",19,72
106,534.4333333333333,261.7,30.0,1017.6066284179688,370931.29047938733,"(259, 530, 266, 539)",19,72
106,739.0,458.0,1.0,979.8970336914062,12364.376349312912,"(458, 739, 459, 740)",20,7
106,128.66666666666666,1031.6666666666667,3.0,906.6456909179688,37093.12904793874,"(1031, 128, 1033, 130)",34,49
106,329.3,1248.7,10.0,1175.452392578125,123643.76349312911,"(1247, 327, 1251, 332)",10,51
106,50.89705882352941,1284.8235294117646,68.0,3310.933349609375,840777.591753278,"(1280, 47, 1292, 57)",110,13
107,497.0,261.0,1.0,802.150146484375,12364.376349312912,"(261, 497, 262, 498)",19,72
107,1241.0,643.0,1.0,836.2680053710938,12364.376349312912,"(643, 1241, 644, 1242)",97,91
107,51.125,1283.90625,32.0,1344.69189453125,395660.0431780132,"(1281, 49, 1289, 56)",110,13
107,1718.0,1334.5,2.0,836.2680053710938,24728.752698625824,"(1334, 1718, 1336, 1719)",61,5
107,397.2,1772.4,5.0,802.150146484375,61821.881746564555,"(1772, 396, 1774, 399)",15,83
107,101.0,1885.0,1.0,802.150146484375,12364.376349312912,"(1885, 101, 1886, 102)",159,85
107,894.25,1940.25,4.0,802.150146484375,49457.50539725165,"(1940, 893, 1942, 896)",39,65
107,1625.6666666666667,2037.0,3.0,871.10546875,37093.12904793874,"(2036, 1625, 2039, 1627)",125,19
108,1501.0,152.0,1.0,802.1521606445312,12364.376349312912,"(152, 1501, 153, 1502)",42,58
108,1241.0,643.5,2.0,836.2713623046875,24728.752698625824,"(643, 1241, 645, 1242)",97,91
108,1315.75,780.0,4.0,1216.711181640625,49457.50539725165,"(779, 1315, 782, 1317)",7,80
108,951.0,832.0,1.0,802.1521606445312,12364.376349312912,"(832, 951, 833, 952)",92,65
108,325.9117647058824,1251.6764705882354,34.0,1668.2713623046875,420388.795876639,"(1247, 319, 1256, 333)",10,51
108,50.2,1285.0,5.0,802.1521606445312,61821.881746564555,"(1284, 49, 1287, 52)",110,13
108,319.6,1548.2,10.0,1301.3521728515625,123643.76349312911,"(1547, 318, 1551, 322)",135,47
108,1626.0,2041.0,3.0,802.1521606445312,37093.12904793874,"(2040, 1626, 2043, 1627)",125,19
109,501.0,255.0,1.0,802.1488647460938,12364.376349312912,"(255, 501, 256, 502)",19,72
109,537.0,282.0,1.0,802.1488647460938,12364.376349312912,"(282, 537, 283, 538)",19,72
109,1240.4,643.8,5.0,871.1080932617188,61821.881746564555,"(643, 1240, 646, 1242)",97,91
109,952.0,832.0,1.0,836.2786865234375,12364.376349312912,"(832, 952, 833, 953)",92,65
109,325.0,1251.7878787878788,33.0,1479.11279296875,408024.41952732607,"(1248, 317, 1255, 332)",10,51
109,49.714285714285715,1284.5714285714287,7.0,1095.10595703125,86550.63444519039,"(1283, 49, 1287, 52)",110,13
109,322.0,1972.0,1.0,802.1488647460938,12364.376349312912,"(1972, 322, 1973, 323)",145,22
110,712.0,126.0,3.0,836.270263671875,37093.12904793874,"(125, 712, 128, 713)",131,20
110,622.0,506.0,1.0,871.1118774414062,12364.376349312912,"(506, 622, 507, 623)",170,4
110,1241.25,642.75,4.0,871.1118774414062,49457.50539725165,"(642, 1241, 645, 1243)",97,91
110,953.0,832.0,1.0,802.1448974609375,12364.376349312912,"(832, 953, 833, 954)",92,65
110,1043.5,873.5,2.0,979.897705078125,24728.752698625824,"(873, 1043, 875, 1045)",172,3
110,143.0,1022.0,1.0,871.1118774414062,12364.376349312912,"(1022, 143, 1023, 144)",34,49
110,130.68421052631578,1053.2105263157894,19.0,1055.9906005859375,234923.15063694533,"(1049, 127, 1058, 134)",34,49
110,325.875,1251.9583333333333,24.0,1258.666015625,296745.0323835099,"(1249, 321, 1255, 331)",10,51
110,50.375,1284.75,8.0,1017.6039428710938,98915.0107945033,"(1282, 50, 1288, 52)",110,13
110,383.0,1765.0,7.0,871.1118774414062,86550.63444519039,"(1765, 380, 1766, 387)",15,83
111,546.0,282.0,1.0,802.1345825195312,12364.376349312912,"(282, 546, 283, 547)",19,72
111,624.0,505.5,4.0,979.9002685546875,49457.50539725165,"(505, 623, 507, 626)",170,4
111,1240.111111111111,643.5555555555555,9.0,906.651611328125,111279.3871438162,"(642, 1239, 646, 1242)",97,91
111,1041.6666666666667,874.4444444444445,9.0,1095.1292724609375,111279.3871438162,"(873, 1040, 877, 1044)",172,3
111,130.0,1051.5,10.0,1095.1292724609375,123643.76349312911,"(1050, 129, 1054, 132)",34,49
111,323.88235294117646,1253.1470588235295,34.0,1817.5830078125,420388.795876639,"(1250, 318, 1256, 330)",10,51
111,49.5,1285.5,4.0,1301.33447265625,49457.50539725165,"(1285, 49, 1287, 51)",110,13
111,1719.0,1341.0,1.0,802.1345825195312,12364.376349312912,"(1341, 1719, 1342, 1720)",61,5
111,316.8,1551.3,10.0,1433.612060546875,123643.76349312911,"(1550, 316, 1554, 319)",135,47
111,1000.0,1917.0,1.0,802.1345825195312,12364.376349312912,"(1917, 1000, 1918, 1001)",93,52
111,898.0,1944.0,1.0,802.1345825195312,12364.376349312912,"(1944, 898, 1945, 899)",39,65
112,28.0,161.0,3.0,942.939208984375,37093.12904793874,"(160, 28, 163, 29)",132,39
112,502.5,253.0,2.0,836.2680053710938,24728.752698625824,"(253, 502, 254, 504)",19,72
112,533.0,283.0,1.0,802.150146484375,12364.376349312912,"(283, 533, 284, 534)",19,72
112,876.0,528.0,1.0,802.150146484375,12364.376349312912,"(528, 876, 529, 877)",174,58
112,1315.6,781.6,10.0,1717.321533203125,123643.76349312911,"(780, 1314, 785, 1318)",7,80
112,1342.0,797.0,1.0,836.2680053710938,12364.376349312912,"(797, 1342, 798, 1343)",7,80
112,91.5,965.0,6.0,871.10546875,74186.25809587748,"(964, 90, 967, 94)",65,70
112,145.0,1021.0,1.0,836.2680053710938,12364.376349312912,"(1021, 145, 1022, 146)",34,49
112,1931.0,1240.0,1.0,802.150146484375,12364.376349312912,"(1240, 1931, 1241, 1932)",176,4
112,324.52941176470586,1253.2058823529412,34.0,1619.9205322265625,420388.795876639,"(1250, 318, 1256, 331)",10,51
112,317.29411764705884,1552.1764705882354,17.0,1344.69189453125,210194.3979383195,"(1549, 316, 1557, 320)",135,47
112,402.0,1774.0,1.0,802.150146484375,12364.376349312912,"(1774, 402, 1775, 403)",15,83
112,998.0,1917.0,1.0,1056.0023193359375,12364.376349312912,"(1917, 998, 1918, 999)",93,52
113,28.428571428571427,159.28571428571428,7.0,1017.5987548828125,86550.63444519039,"(158, 28, 162, 30)",132,39
113,534.6,286.2,5.0,906.6563110351562,61821.881746564555,"(285, 534, 288, 537)",19,72
113,879.0,535.0,1.0,802.1423950195312,12364.376349312912,"(535, 879, 536, 880)",174,58
113,1241.6666666666667,611.8333333333334,6.0,942.9228515625,74186.25809587748,"(610, 1241, 614, 1243)",97,91
113,1240.923076923077,642.3846153846154,13.0,942.9228515625,160736.89254106785,"(640, 1239, 645, 1244)",97,91
113,1341.5,796.5,4.0,906.6563110351562,49457.50539725165,"(796, 1341, 798, 1343)",7,80
113,146.66666666666666,1019.1666666666666,6.0,906.6563110351562,74186.25809587748,"(1018, 145, 1021, 149)",34,49
113,324.02564102564105,1252.4102564102564,39.0,1717.336669921875,482210.67762320355,"(1249, 318, 1256, 331)",10,51
113,316.1333333333333,1556.3333333333333,15.0,1479.11767578125,185465.64523969367,"(1554, 315, 1560, 318)",135,47
113,1969.0,1637.0,1.0,802.1423950195312,12364.376349312912,"(1637, 1969, 1638, 1970)",177,36
114,27.0,157.0,3.0,942.95068359375,37093.12904793874,"(156, 27, 159, 28)",132,39
114,976.25,541.25,4.0,942.95068359375,49457.50539725165,"(540, 976, 543, 978)",66,50
114,1239.3333333333333,609.6666666666666,3.0,836.2789306640625,37093.12904793874,"(609, 1239, 611, 1241)",97,91
114,1239.8333333333333,640.0,6.0,836.2789306640625,74186.25809587748,"(639, 1239, 642, 1242)",97,91
114,1314.3333333333333,778.6666666666666,3.0,906.6815185546875,37093.12904793874,"(778, 1314, 780, 1316)",7,80
114,1338.3333333333333,794.6666666666666,3.0,942.95068359375,37093.12904793874,"(794, 1338, 796, 1340)",7,80
114,90.57142857142857,962.4285714285714,7.0,1017.5852661132812,86550.63444519039,"(961, 89, 965, 93)",65,70
114,322.025,1250.7,40.0,2599.111083984375,494575.05397251644,"(1247, 315, 1254, 329)",10,51
114,654.5,1532.0,4.0,871.124267578125,49457.50539725165,"(1532, 653, 1533, 657)",71,17
114,1299.0,1760.0,1.0,836.2789306640625,12364.376349312912,"(1760, 1299, 1761, 1300)",100,17
115,28.0,156.0,1.0,802.150146484375,12364.376349312912,"(156, 28, 157, 29)",132,39
115,534.3636363636364,286.09090909090907,11.0,942.939208984375,136008.13984244203,"(285, 533, 288, 537)",19,72
115,1496.1666666666667,452.1666666666667,6.0,906.66259765625,74186.25809587748,"(451, 1495, 454, 1498)",21,92
115,977.375,542.625,8.0,1056.0023193359375,98915.0107945033,"(541, 976, 546, 979)",66,50
115,1241.0,611.0,6.0,942.939208984375,74186.25809587748,"(610, 1240, 613, 1243)",97,91
115,1339.3333333333333,795.6666666666666,3.0,942.939208984375,37093.12904793874,"(795, 1339, 797, 1341)",7,80
115,323.9,1251.075,40.0,2478.92041015625,494575.05397251644,"(1248, 316, 1254, 331)",10,51
115,658.3,1534.0,10.0,1095.114990234375,123643.76349312911,"(1533, 655, 1536, 663)",71,17
115,315.6,1554.7,20.0,1572.2572021484375,247287.52698625822,"(1549, 314, 1559, 318)",135,47
115,403.0,1771.5,2.0,836.2680053710938,24728.752698625824,"(1771, 403, 1773, 404)",15,83
115,167.0,1904.0,1.0,802.150146484375,12364.376349312912,"(1904, 167, 1905, 168)",159,85
116,531.0,262.0,1.0,871.1163330078125,12364.376349312912,"(262, 531, 263, 532)",19,72
116,538.0,286.6666666666667,3.0,802.1536865234375,37093.12904793874,"(286, 537, 288, 540)",19,72
116,1497.8181818181818,452.72727272727275,11.0,979.9251708984375,136008.13984244203,"(451, 1497, 456, 1500)",21,92
116,979.0,543.5,2.0,871.1163330078125,24728.752698625824,"(543, 979, 545, 980)",66,50
116,1315.3333333333333,783.3333333333334,3.0,979.9251708984375,37093.12904793874,"(783, 1315, 785, 1317)",7,80
116,1340.0,797.0,1.0,906.6611938476562,12364.376349312912,"(797, 1340, 798, 1341)",7,80
116,325.3,1251.425,40.0,3108.2666015625,494575.05397251644,"(1248, 316, 1255, 333)",10,51
116,1302.5,1763.5,2.0,979.9251708984375,24728.752698625824,"(1763, 1302, 1765, 1304)",100,17
116,1162.0,2039.0,1.0,802.1536865234375,12364.376349312912,"(2039, 1162, 2040, 1163)",64,34
117,31.0,160.0,1.0,979.9095458984375,12364.376349312912,"(160, 31, 161, 32)",132,39
117,533.3103448275862,284.86206896551727,29.0,1017.6107177734375,358566.91413007444,"(282, 528, 289, 538)",19,72
117,1316.0,784.0,1.0,1017.6107177734375,12364.376349312912,"(784, 1316, 785, 1317)",7,80
117,1340.0,798.0,3.0,871.1109008789062,37093.12904793874,"(798, 1339, 799, 1342)",7,80
117,325.86486486486484,1251.2432432432433,37.0,1525.352783203125,457481.92492457776,"(1248, 317, 1254, 333)",10,51
117,933.0,1446.0,1.0,802.1431884765625,12364.376349312912,"(1446, 933, 1447, 934)",50,61
117,318.1666666666667,1537.5,6.0,871.1109008789062,74186.25809587748,"(1535, 318, 1541, 320)",135,47
117,657.0,1535.5,4.0,802.1431884765625,49457.50539725165,"(1535, 656, 1537, 659)",71,17
117,895.0,1716.75,4.0,1095.097412109375,49457.50539725165,"(1716, 894, 1719, 897)",179,8
118,50.666666666666664,206.33333333333334,3.0,1175.476806640625,37093.12904793874,"(206, 50, 208, 52)",180,40
118,533.2083333333334,285.5,24.0,942.95068359375,296745.0323835099,"(282, 530, 290, 537)",19,72
118,1315.5,784.0,2.0,1055.990234375,24728.752698625824,"(784, 1315, 785, 1317)",7,80
118,1338.375,798.0416666666666,24.0,1388.7806396484375,296745.0323835099,"(795, 1336, 801, 1342)",7,80
118,95.0,968.0,5.0,942.95068359375,61821.881746564555,"(966, 93, 971, 98)",65,70
118,1046.0,1050.0,1.0,836.2789306640625,12364.376349312912,"(1050, 1046, 1051, 1047)",33,3
118,325.25,1252.8,20.0,1344.7197265625,247287.52698625822,"(1249, 319, 1257, 331)",10,51
118,934.0,1444.0,1.0,871.124267578125,12364.376349312912,"(1444, 934, 1445, 935)",50,61
118,1161.0,2045.5,2.0,802.1456298828125,24728.752698625824,"(2045, 1161, 2047, 1162)",64,34
119,50.57142857142857,204.14285714285714,7.0,1258.6641845703125,86550.63444519039,"(203, 49, 206, 53)",180,40
119,1339.0,797.5,28.0,1433.6114501953125,346202.53778076154,"(795, 1335, 801, 1344)",7,80
119,95.0,967.0,1.0,836.2791748046875,12364.376349312912,"(967, 95, 968, 96)",65,70
119,323.3478260869565,1253.7826086956522,69.0,2190.926513671875,853141.9681025909,"(1249, 317, 1261, 332)",10,51
119,934.8333333333334,1443.0,6.0,1056.006591796875,74186.25809587748,"(1442, 934, 1445, 937)",50,61
119,320.0,1549.8333333333333,6.0,942.947021484375,74186.25809587748,"(1548, 319, 1553, 322)",135,47
119,1655.75,2024.75,8.0,836.2791748046875,98915.0107945033,"(2023, 1654, 2027, 1659)",125,19
120,1339.9375,796.125,32.0,1525.3291015625,395660.0431780132,"(793, 1337, 800, 1344)",7,80
120,94.0,964.0,1.0,836.240234375,12364.376349312912,"(964, 94, 965, 95)",65,70
120,156.0,1020.0,1.0,802.1046142578125,12364.376349312912,"(1020, 156, 1021, 157)",34,49
120,125.94202898550725,1029.5652173913043,69.0,2026.6427001953125,853141.9681025909,"(1024, 115, 1033, 137)",34,49
120,323.1948051948052,1252.5324675324675,77.0,3808.7109375,952056.9788970943,"(1247, 315, 1259, 332)",10,51
120,320.0,1549.0,1.0,906.6559448242188,12364.376349312912,"(1549, 320, 1550, 321)",135,47
120,1232.0,1704.0,1.0,802.1046142578125,12364.376349312912,"(1704, 1232, 1705, 1233)",83,36
120,99.0,1896.0,1.0,802.1046142578125,12364.376349312912,"(1896, 99, 1897, 100)",159,85
120,1655.4545454545455,2024.1818181818182,11.0,942.93603515625,136008.13984244203,"(2023, 1654, 2027, 1658)",125,19
121,712.0,145.0,1.0,836.2432861328125,12364.376349312912,"(145, 712, 146, 713)",131,20
121,47.0,204.0,1.0,1095.107666015625,12364.376349312912,"(204, 47, 205, 48)",180,40
121,534.4,283.0,5.0,906.6419677734375,61821.881746564555,"(282, 533, 285, 537)",19,72
121,1560.112359550562,444.8426966292135,91.0,1388.78173828125,1125158.247787475,"(435, 1551, 457, 1571)",21,92
121,621.0,489.0,1.0,871.117919921875,12364.376349312912,"(489, 621, 490, 622)",170,4
121,1339.6764705882354,795.0882352941177,34.0,1572.246826171875,420388.795876639,"(792, 1337, 800, 1344)",7,80
121,93.5,963.5,2.0,802.1480712890625,24728.752698625824,"(963, 93, 965, 95)",65,70
121,321.8392857142857,1251.2857142857142,56.0,2135.435791015625,692405.0755615231,"(1247, 314, 1255, 330)",10,51
121,319.0,1550.0,1.0,802.1480712890625,12364.376349312912,"(1550, 319, 1551, 320)",135,47
121,1656.3333333333333,2024.7777777777778,9.0,871.117919921875,111279.3871438162,"(2024, 1654, 2027, 1660)",125,19
122,713.0,139.0,3.0,836.2766723632812,37093.12904793874,"(139, 712, 140, 715)",131,20
122,31.333333333333332,158.66666666666666,3.0,906.6444091796875,37093.12904793874,"(158, 31, 160, 33)",132,39
122,46.5,204.0,2.0,1055.978271484375,24728.752698625824,"(204, 46, 205, 48)",180,40
122,1499.0,439.0,1.0,942.9154663085938,12364.376349312912,"(439, 1499, 440, 1500)",21,92
122,1339.96875,795.09375,32.0,1388.7921142578125,395660.0431780132,"(791, 1336, 800, 1343)",7,80
122,320.48,1250.92,25.0,1216.72705078125,309109.4087328228,"(1249, 314, 1253, 327)",10,51
122,1364.0,1284.5,2.0,802.1304931640625,24728.752698625824,"(1284, 1364, 1286, 1365)",184,8
122,318.0,1554.0,1.0,836.2766723632812,12364.376349312912,"(1554, 318, 1555, 319)",135,47
122,885.0,1720.5,2.0,942.9154663085938,24728.752698625824,"(1720, 885, 1722, 886)",179,8
122,1177.0,2038.0,1.0,802.1304931640625,12364.376349312912,"(2038, 1177, 2039, 1178)",64,34
123,534.0,283.5,2.0,906.6673583984375,24728.752698625824,"(283, 534, 285, 535)",19,72
123,1499.5,439.5,2.0,942.921630859375,24728.752698625824,"(439, 1499, 441, 1501)",21,92
123,1341.4137931034484,794.7241379310345,29.0,1216.6962890625,358566.91413007444,"(791, 1339, 800, 1344)",7,80
123,127.38541666666667,1028.7395833333333,97.0,3957.33349609375,1199344.5058833524,"(1024, 114, 1033, 140)",34,49
123,1364.6363636363637,1286.1818181818182,11.0,1017.5984497070312,136008.13984244203,"(1283, 1364, 1290, 1366)",184,8
123,319.0,1553.0,1.0,802.119873046875,12364.376349312912,"(1553, 319, 1554, 320)",135,47
123,1632.0,1658.0,1.0,802.119873046875,12364.376349312912,"(1658, 1632, 1659, 1633)",186,28
123,886.0,1721.0,5.0,1056.020751953125,61821.881746564555,"(1720, 885, 1723, 888)",179,8
124,55.0,204.0,1.0,802.1472778320312,12364.376349312912,"(204, 55, 205, 56)",180,40
124,1499.0,440.8333333333333,6.0,1433.5811767578125,74186.25809587748,"(440, 1498, 443, 1501)",21,92
124,1340.84375,796.6875,32.0,1344.7139892578125,395660.0431780132,"(793, 1338, 802, 1344)",7,80
124,1363.75,1287.75,8.0,1216.701904296875,98915.0107945033,"(1285, 1363, 1291, 1365)",184,8
124,319.0,1555.5,2.0,906.6637573242188,24728.752698625824,"(1555, 319, 1557, 320)",135,47
124,885.0,1721.5,2.0,836.2636108398438,24728.752698625824,"(1721, 885, 1723, 886)",179,8
124,372.0,1760.0,9.0,906.6637573242188,111279.3871438162,"(1758, 370, 1763, 375)",15,83
125,1501.0,145.0,1.0,836.280517578125,12364.376349312912,"(145, 1501, 146, 1502)",42,58
125,32.0,158.0,1.0,942.9150390625,12364.376349312912,"(158, 32, 159, 33)",132,39
125,538.0,283.0,1.0,802.1536865234375,12364.376349312912,"(283, 538, 284, 539)",19,72
125,1498.7142857142858,440.0,7.0,1301.3411865234375,86550.63444519039,"(439, 1497, 442, 1501)",21,92
125,1363.6923076923076,1287.7692307692307,13.0,1525.33984375,160736.89254106785,"(1285, 1363, 1292, 1366)",184,8
125,935.0,1446.0,1.0,836.280517578125,12364.376349312912,"(1446, 935, 1447, 936)",50,61
125,167.33333333333334,1526.3333333333333,3.0,906.6611938476562,37093.12904793874,"(1526, 167, 1528, 169)",72,29
125,330.5,1564.0,2.0,802.1536865234375,24728.752698625824,"(1564, 330, 1565, 332)",135,47
125,371.5,1759.0,2.0,871.1163330078125,24728.752698625824,"(1759, 371, 1760, 373)",15,83
126,33.5,158.75,4.0,979.8883056640625,49457.50539725165,"(158, 32, 161, 36)",132,39
126,58.0,203.0,1.0,802.1029052734375,12364.376349312912,"(203, 58, 204, 59)",180,40
126,1499.5,439.0,2.0,1095.139404296875,24728.752698625824,"(439, 1499, 440, 1501)",21,92
126,1245.0,608.0,1.0,836.2467041015625,12364.376349312912,"(608, 1245, 609, 1246)",97,91
126,1341.2592592592594,795.8888888888889,27.0,1055.9927978515625,333838.1614314486,"(792, 1339, 802, 1344)",7,80
126,86.83333333333333,974.8333333333334,6.0,836.2467041015625,74186.25809587748,"(974, 86, 977, 89)",65,70
126,205.0,1401.0,1.0,802.1029052734375,12364.376349312912,"(1401, 205, 1402, 206)",82,6
126,168.0,1526.0,1.0,942.9305419921875,12364.376349312912,"(1526, 168, 1527, 169)",72,29
126,321.0,1555.0,1.0,906.6605224609375,12364.376349312912,"(1555, 321, 1556, 322)",135,47
126,372.0,1758.0,1.0,802.1029052734375,12364.376349312912,"(1758, 372, 1759, 373)",15,83
127,1502.5,143.0,2.0,871.1505126953125,24728.752698625824,"(143, 1502, 144, 1504)",42,58
127,1340.3902439024391,796.829268292683,41.0,1175.4305419921875,506939.4303218294,"(792, 1336, 802, 1344)",7,80
127,1045.0,868.0,1.0,802.1483154296875,12364.376349312912,"(868, 1045, 869, 1046)",172,3
127,88.2,974.8,10.0,871.1505126953125,123643.76349312911,"(973, 86, 978, 91)",65,70
127,1364.6666666666667,1289.0,9.0,1216.7200927734375,111279.3871438162,"(1287, 1364, 1293, 1366)",184,8
127,176.0,1906.0,1.0,802.1483154296875,12364.376349312912,"(1906, 176, 1907, 177)",159,85
127,996.6538461538462,1953.423076923077,26.0,1668.2685546875,321473.7850821357,"(1950, 992, 1958, 1002)",93,52
128,86.17241379310344,974.5172413793103,29.0,1056.02392578125,358566.91413007444,"(971, 82, 979, 90)",65,70
128,147.0,1015.0,1.0,836.2301025390625,12364.376349312912,"(1015, 147, 1016, 148)",34,49
128,1363.5714285714287,1288.2857142857142,7.0,1525.343017578125,86550.63444519039,"(1287, 1363, 1291, 1365)",184,8
128,934.5,1445.5,2.0,942.8935546875,24728.752698625824,"(1445, 934, 1447, 936)",50,61
128,901.0,1723.0,1.0,802.1314697265625,12364.376349312912,"(1723, 901, 1724, 902)",179,8
128,397.0,1762.0,1.0,802.1314697265625,12364.376349312912,"(1762, 397, 1763, 398)",15,83
128,118.0,1877.0,1.0,802.1314697265625,12364.376349312912,"(1877, 118, 1878, 119)",159,85
128,164.0,1902.0,1.0,802.1314697265625,12364.376349312912,"(1902, 164, 1903, 165)",159,85
128,1000.5,1958.0,2.0,836.2301025390625,24728.752698625824,"(1958, 1000, 1959, 1002)",93,52
128,1159.5,2046.5,2.0,802.1314697265625,24728.752698625824,"(2046, 1159, 2048, 1161)",64,34
129,1504.0,145.0,1.0,906.6461791992188,12364.376349312912,"(145, 1504, 146, 1505)",42,58
129,1500.0,436.0,1.0,802.16064453125,12364.376349312912,"(436, 1500, 437, 1501)",21,92
129,446.8888888888889,609.3333333333334,9.0,802.16064453125,111279.3871438162,"(608, 446, 612, 449)",188,4
129,1502.5454545454545,710.0909090909091,11.0,1216.699951171875,136008.13984244203,"(708, 1501, 713, 1505)",189,3
129,1341.1,801.55,20.0,1017.602783203125,247287.52698625822,"(799, 1339, 805, 1344)",7,80
129,1364.25,1290.0,4.0,979.89208984375,49457.50539725165,"(1289, 1364, 1292, 1366)",184,8
129,902.0,1723.0,1.0,871.111083984375,12364.376349312912,"(1723, 902, 1724, 903)",179,8
129,954.0,1926.0,1.0,802.16064453125,12364.376349312912,"(1926, 954, 1927, 955)",93,52
130,1624.6666666666667,502.6666666666667,3.0,979.950927734375,37093.12904793874,"(502, 1624, 504, 1626)",190,3
130,445.0,609.0,3.0,836.250732421875,37093.12904793874,"(609, 444, 610, 447)",188,4
130,1502.6,711.6,5.0,942.965087890625,61821.881746564555,"(710, 1502, 714, 1504)",189,3
130,1341.1379310344828,802.2413793103449,29.0,1388.8228759765625,358566.91413007444,"(799, 1337, 806, 1345)",7,80
130,399.0,1763.0,1.0,802.124267578125,12364.376349312912,"(1763, 399, 1764, 400)",15,83
130,1162.0,2046.0,1.0,802.124267578125,12364.376349312912,"(2046, 1162, 2047, 1163)",64,34
131,1624.0,503.5,2.0,906.669189453125,24728.752698625824,"(503, 1624, 505, 1625)",190,3
131,1503.0,710.0,1.0,802.106689453125,12364.376349312912,"(710, 1503, 711, 1504)",189,3
132,267.0,52.0,1.0,802.1474609375,12364.376349312912,"(52, 267, 53, 268)",191,3
132,504.0,252.0,1.0,802.1474609375,12364.376349312912,"(252, 504, 253, 505)",19,72
132,1569.5154639175257,431.7628865979381,100.0,1388.8223876953125,1236437.6349312912,"(427, 1563, 439, 1577)",21,92
132,1623.6666666666667,504.6666666666667,3.0,1017.573486328125,37093.12904793874,"(504, 1623, 506, 1625)",190,3
132,1341.5263157894738,803.3684210526316,19.0,1017.573486328125,234923.15063694533,"(801, 1339, 807, 1345)",7,80
132,626.3333333333334,1136.6666666666667,3.0,1017.573486328125,37093.12904793874,"(1136, 626, 1138, 628)",192,6
132,334.0,1251.0,1.0,871.103515625,12364.376349312912,"(1251, 334, 1252, 335)",10,51
132,412.0,1739.25,8.0,979.9609375,98915.0107945033,"(1736, 409, 1743, 415)",15,83
133,1242.5,645.0,4.0,942.9505615234375,49457.50539725165,"(645, 1241, 646, 1245)",97,91
133,1343.75,804.0,4.0,906.680419921875,49457.50539725165,"(803, 1343, 806, 1345)",7,80
133,627.0,1137.0,1.0,906.680419921875,12364.376349312912,"(1137, 627, 1138, 628)",192,6
133,335.0,1250.0,3.0,1017.603759765625,37093.12904793874,"(1250, 334, 1251, 337)",10,51
133,411.0,1737.0,5.0,906.680419921875,61821.881746564555,"(1735, 409, 1740, 414)",15,83
134,715.5,135.0,2.0,836.250732421875,24728.752698625824,"(135, 715, 136, 717)",131,20
134,538.55,282.25,20.0,942.965087890625,247287.52698625822,"(280, 534, 285, 544)",19,72
134,1243.4444444444443,619.0,9.0,1056.043701171875,111279.3871438162,"(615, 1242, 624, 1245)",97,91
134,1240.0,645.0,3.0,906.625,37093.12904793874,"(645, 1239, 646, 1242)",97,91
134,1343.0,804.5,2.0,871.114990234375,24728.752698625824,"(804, 1343, 806, 1344)",7,80
134,91.24242424242425,980.060606060606,33.0,1056.043701171875,408024.41952732607,"(975, 88, 987, 97)",65,70
134,627.0,1138.0,1.0,802.124267578125,12364.376349312912,"(1138, 627, 1139, 628)",192,6
134,716.0,1564.0,1.0,802.124267578125,12364.376349312912,"(1564, 716, 1565, 717)",194,23
134,406.6666666666667,1734.3333333333333,3.0,871.114990234375,37093.12904793874,"(1734, 406, 1736, 408)",15,83
134,957.8,1929.8,5.0,802.124267578125,61821.881746564555,"(1929, 957, 1932, 960)",93,52
135,556.0,278.0,1.0,802.1669921875,12364.376349312912,"(278, 556, 279, 557)",19,72
135,91.48148148148148,978.7037037037037,27.0,942.915283203125,333838.1614314486,"(975, 88, 985, 96)",65,70
135,627.0,1137.0,1.0,871.118896484375,12364.376349312912,"(1137, 627, 1138, 628)",192,6
135,406.0,1733.0,1.0,802.1669921875,12364.376349312912,"(1733, 406, 1734, 407)",15,83
135,410.5,1768.0,2.0,802.1669921875,24728.752698625824,"(1768, 410, 1769, 412)",15,83
136,504.0,260.5,2.0,871.12548828125,24728.752698625824,"(260, 504, 262, 505)",19,72
136,974.0,834.0,1.0,802.1094970703125,12364.376349312912,"(834, 974, 835, 975)",92,65
136,91.1,977.9,20.0,942.9359130859375,247287.52698625822,"(975, 88, 983, 95)",65,70
136,407.0,1767.0,1.0,802.1094970703125,12364.376349312912,"(1767, 407, 1768, 408)",15,83
136,951.5,1914.0,2.0,802.1094970703125,24728.752698625824,"(1914, 951, 1915, 953)",93,52
137,35.5,156.0,2.0,836.2904663085938,24728.752698625824,"(156, 35, 157, 37)",132,39
137,503.0,262.0,1.0,802.1178588867188,12364.376349312912,"(262, 503, 263, 504)",19,72
137,533.5333333333333,268.0,46.0,979.9204711914062,568761.3120683939,"(262, 528, 274, 541)",19,72
137,1010.0,794.0,1.0,906.6859741210938,12364.376349312912,"(794, 1010, 795, 1011)",92,65
137,89.22222222222223,977.0,9.0,906.6859741210938,111279.3871438162,"(975, 88, 980, 92)",65,70
137,63.0,989.0,1.0,802.1178588867188,12364.376349312912,"(989, 63, 990, 64)",65,70
137,671.0,1515.0,1.0,871.0939331054688,12364.376349312912,"(1515, 671, 1516, 672)",71,17
138,503.8,262.4,5.0,871.1270751953125,61821.881746564555,"(262, 503, 264, 506)",19,72
138,535.0833333333334,270.0833333333333,36.0,942.9425048828125,445117.5485752648,"(265, 530, 276, 543)",19,72
138,1011.0,795.0,3.0,1017.5677490234375,37093.12904793874,"(795, 1010, 796, 1013)",92,65
138,974.0,836.0,1.0,802.12158203125,12364.376349312912,"(836, 974, 837, 975)",92,65
138,53.5,951.0,2.0,906.6629638671875,24728.752698625824,"(951, 53, 952, 55)",65,70
138,90.0,978.0,1.0,802.12158203125,12364.376349312912,"(978, 90, 979, 91)",65,70
138,673.0,1515.5,2.0,802.12158203125,24728.752698625824,"(1515, 673, 1517, 674)",71,17
138,958.0,1914.0,1.0,802.12158203125,12364.376349312912,"(1914, 958, 1915, 959)",93,52
139,543.5,270.0,2.0,871.1004028320312,24728.752698625824,"(270, 543, 271, 545)",19,72
139,1465.0,1872.0,1.0,871.1004028320312,12364.376349312912,"(1872, 1465, 1873, 1466)",197,7
140,578.5,1.0,2.0,802.1085205078125,24728.752698625824,"(1, 578, 2, 580)",198,7
140,1515.0,35.0,1.0,802.1085205078125,12364.376349312912,"(35, 1515, 36, 1516)",199,15
140,1502.0,144.0,1.0,802.1085205078125,12364.376349312912,"(144, 1502, 145, 1503)",42,58
140,501.5,259.25,4.0,836.2691650390625,49457.50539725165,"(259, 500, 261, 504)",19,72
140,558.0,281.0,1.0,802.1085205078125,12364.376349312912,"(281, 558, 282, 559)",19,72
140,864.0,479.0,1.0,802.1085205078125,12364.376349312912,"(479, 864, 480, 865)",174,58
140,673.5,1513.5,2.0,871.139892578125,24728.752698625824,"(1513, 673, 1515, 675)",71,17
140,1466.6,1870.2,5.0,1216.7230224609375,61821.881746564555,"(1869, 1466, 1872, 1468)",197,7
141,991.0,840.0,5.0,1017.625,61821.881746564555,"(839, 990, 842, 993)",92,65
141,667.5,902.0,2.0,836.3291015625,24728.752698625824,"(902, 667, 903, 669)",121,7
141,212.0,1372.0,1.0,802.11279296875,12364.376349312912,"(1372, 212, 1373, 213)",82,6
141,924.0,1433.0,1.0,802.11279296875,12364.376349312912,"(1433, 924, 1434, 925)",50,61
141,672.5,1519.0,2.0,836.3291015625,24728.752698625824,"(1519, 672, 1520, 674)",71,17
141,1467.4285714285713,1869.7142857142858,7.0,1056.0546875,86550.63444519039,"(1868, 1466, 1872, 1470)",197,7
142,577.5,1.0,4.0,979.886474609375,49457.50539725165,"(1, 576, 2, 580)",198,7
142,500.0,258.0,1.0,802.1484375,12364.376349312912,"(258, 500, 259, 501)",19,72
142,1482.0,445.0,1.0,836.25390625,12364.376349312912,"(445, 1482, 446, 1483)",21,92
142,72.0,994.0,1.0,802.1484375,12364.376349312912,"(994, 72, 995, 73)",65,70
142,1990.0,1190.0,1.0,802.1484375,12364.376349312912,"(1190, 1990, 1191, 1991)",89,56
142,1395.5,1315.0,2.0,802.1484375,24728.752698625824,"(1315, 1395, 1316, 1397)",117,9
142,299.7142857142857,1666.857142857143,7.0,942.926513671875,86550.63444519039,"(1666, 298, 1669, 302)",202,3
142,1467.6,1870.2,5.0,1216.669677734375,61821.881746564555,"(1869, 1467, 1872, 1469)",197,7
142,122.0,1879.0,1.0,802.1484375,12364.376349312912,"(1879, 122, 1880, 123)",159,85
142,328.0,1953.0,1.0,802.1484375,12364.376349312912,"(1953, 328, 1954, 329)",145,22
143,577.1666666666666,1.8333333333333333,12.0,942.9375610351562,148372.51619175496,"(1, 574, 4, 582)",198,7
143,1504.0,144.0,1.0,802.1566162109375,12364.376349312912,"(144, 1504, 145, 1505)",42,58
143,669.0,1518.0,1.0,802.1566162109375,12364.376349312912,"(1518, 669, 1519, 670)",71,17
143,323.875,1560.0,8.0,1258.6654052734375,98915.0107945033,"(1558, 323, 1563, 326)",135,47
143,1467.6666666666667,1870.6666666666667,3.0,906.6893920898438,37093.12904793874,"(1870, 1467, 1872, 1469)",197,7
144,46.666666666666664,156.33333333333334,3.0,802.118896484375,37093.12904793874,"(156, 46, 158, 48)",132,39
144,533.0,266.0,1.0,802.118896484375,12364.376349312912,"(266, 533, 267, 534)",19,72
144,631.0,1137.0,1.0,802.118896484375,12364.376349312912,"(1137, 631, 1138, 632)",192,6
144,1391.0,1314.0,1.0,802.118896484375,12364.376349312912,"(1314, 1391, 1315, 1392)",117,9
144,87.5,1424.0,2.0,836.2540283203125,24728.752698625824,"(1424, 87, 1425, 89)",203,6
144,324.6875,1562.8125,16.0,1668.24169921875,197830.0215890066,"(1558, 321, 1568, 330)",135,47
144,1682.0,1695.0,1.0,1572.264892578125,12364.376349312912,"(1695, 1682, 1696, 1683)",154,24
145,49.75,157.25,8.0,1134.945068359375,98915.0107945033,"(157, 47, 159, 53)",132,39
145,555.0,282.5,6.0,871.1051025390625,74186.25809587748,"(281, 554, 284, 558)",19,72
145,1263.0,637.0,1.0,1017.6173706054688,12364.376349312912,"(637, 1263, 638, 1264)",97,91
145,77.0,970.0,1.0,802.1329345703125,12364.376349312912,"(970, 77, 971, 78)",65,70
145,134.22093023255815,1025.8023255813953,86.0,2190.947265625,1063336.3660409104,"(1022, 126, 1030, 146)",34,49
145,88.0,1424.0,3.0,871.1051025390625,37093.12904793874,"(1424, 87, 1425, 90)",203,6
145,667.8333333333334,1517.1666666666667,6.0,1017.6173706054688,74186.25809587748,"(1517, 666, 1519, 671)",71,17
145,324.1,1562.2,10.0,1095.10400390625,123643.76349312911,"(1559, 322, 1565, 328)",135,47
145,290.0,1646.0,1.0,906.6621704101562,12364.376349312912,"(1646, 290, 1647, 291)",202,3
146,1553.5,148.0,4.0,1095.105712890625,49457.50539725165,"(147, 1553, 150, 1555)",42,58
146,43.0,158.0,1.0,802.119873046875,12364.376349312912,"(158, 43, 159, 44)",132,39
146,560.0,283.0,1.0,836.266357421875,12364.376349312912,"(283, 560, 284, 561)",19,72
146,110.0,980.0,1.0,802.119873046875,12364.376349312912,"(980, 110, 981, 111)",65,70
146,136.02985074626866,1026.358208955224,67.0,2361.599365234375,828413.2154039651,"(1022, 129, 1031, 147)",34,49
146,83.0,1026.0,1.0,802.119873046875,12364.376349312912,"(1026, 83, 1027, 84)",34,49
146,670.7,1517.8,10.0,1095.105712890625,123643.76349312911,"(1517, 668, 1520, 674)",71,17
146,1231.0,1706.0,1.0,802.119873046875,12364.376349312912,"(1706, 1231, 1707, 1232)",83,36
146,1248.0,1808.0,3.0,906.6673583984375,37093.12904793874,"(1807, 1248, 1810, 1249)",100,17
147,571.0,4.0,1.0,906.6573486328125,12364.376349312912,"(4, 571, 5, 572)",198,7
147,713.0,131.0,1.0,802.1180419921875,12364.376349312912,"(131, 713, 132, 714)",131,20
147,1554.0,148.0,1.0,942.918212890625,12364.376349312912,"(148, 1554, 149, 1555)",42,58
147,558.25,281.5,8.0,942.918212890625,98915.0107945033,"(280, 556, 283, 562)",19,72
147,982.0,545.0,1.0,906.6573486328125,12364.376349312912,"(545, 982, 546, 983)",66,50
147,1251.0,640.0,1.0,802.1180419921875,12364.376349312912,"(640, 1251, 641, 1252)",97,91
147,973.9285714285714,832.7857142857143,28.0,1433.5972900390625,346202.53778076154,"(830, 971, 838, 978)",92,65
147,221.9,1043.1,10.0,1055.982666015625,123643.76349312911,"(1039, 220, 1048, 225)",206,9
147,636.3333333333334,1140.3333333333333,3.0,942.918212890625,37093.12904793874,"(1140, 636, 1142, 638)",192,6
147,1952.0,1236.0,1.0,802.1180419921875,12364.376349312912,"(1236, 1952, 1237, 1953)",176,4
147,1745.5,1344.0,2.0,802.1180419921875,24728.752698625824,"(1344, 1745, 1345, 1747)",31,4
147,926.5,1434.0,2.0,802.1180419921875,24728.752698625824,"(1434, 926, 1435, 928)",50,61
147,327.1111111111111,1561.7777777777778,9.0,1017.6002197265625,111279.3871438162,"(1558, 325, 1566, 331)",135,47
147,296.75,1640.5,4.0,906.6573486328125,49457.50539725165,"(1639, 296, 1643, 298)",202,3
147,1248.0,1808.0,1.0,836.2572631835938,12364.376349312912,"(1808, 1248, 1809, 1249)",100,17
147,851.25,1965.25,4.0,836.2572631835938,49457.50539725165,"(1964, 851, 1967, 853)",39,65
148,571.5,4.0,4.0,802.134765625,49457.50539725165,"(4, 570, 5, 574)",198,7
148,2005.0,586.0,1.0,802.134765625,12364.376349312912,"(586, 2005, 587, 2006)",207,11
148,222.0,1043.0,1.0,802.134765625,12364.376349312912,"(1043, 222, 1044, 223)",206,9
148,1403.0,1299.0,1.0,871.1236572265625,12364.376349312912,"(1299, 1403, 1300, 1404)",117,9
148,925.0,1432.0,1.0,802.134765625,12364.376349312912,"(1432, 925, 1433, 926)",50,61
148,326.0,1561.25,4.0,1301.3590087890625,49457.50539725165,"(1560, 325, 1563, 328)",135,47
148,1248.5,1807.5,2.0,802.134765625,24728.752698625824,"(1807, 1248, 1809, 1250)",100,17
148,839.0,1977.0,1.0,871.1236572265625,12364.376349312912,"(1977, 839, 1978, 840)",39,65
149,2004.6,587.0,5.0,871.12939453125,61821.881746564555,"(586, 2004, 589, 2006)",207,11
149,1244.0,606.0,1.0,802.1046142578125,12364.376349312912,"(606, 1244, 607, 1245)",97,91
149,401.0,1759.0,1.0,802.1046142578125,12364.376349312912,"(1759, 401, 1760, 402)",15,83
149,1247.4,1808.2,5.0,871.12939453125,61821.881746564555,"(1807, 1247, 1810, 1249)",100,17
149,330.0,1956.0,1.0,802.1046142578125,12364.376349312912,"(1956, 330, 1957, 331)",145,22
150,555.0,276.0,1.0,802.1521606445312,12364.376349312912,"(276, 555, 277, 556)",19,72
150,1393.5,1303.0,2.0,836.2713623046875,24728.752698625824,"(1303, 1393, 1304, 1395)",117,9
150,325.3333333333333,1561.6666666666667,3.0,906.67138671875,37093.12904793874,"(1561, 325, 1563, 327)",135,47
150,407.5,1734.5,4.0,906.67138671875,49457.50539725165,"(1733, 406, 1737, 410)",15,83
150,1248.0,1809.5,2.0,836.2713623046875,24728.752698625824,"(1809, 1248, 1811, 1249)",100,17
150,45.0,1887.0,1.0,802.1521606445312,12364.376349312912,"(1887, 45, 1888, 46)",159,85
151,1395.5,1302.25,12.0,1134.9173583984375,148372.51619175496,"(1301, 1392, 1304, 1400)",117,9
151,324.0,1559.0,1.0,802.115966796875,12364.376349312912,"(1559, 324, 1560, 325)",135,47
151,405.75,1733.0,4.0,906.6573486328125,49457.50539725165,"(1732, 405, 1735, 408)",15,83
151,113.0,1879.0,1.0,802.115966796875,12364.376349312912,"(1879, 113, 1880, 114)",159,85
152,47.5,156.5,4.0,906.6888427734375,49457.50539725165,"(156, 47, 158, 49)",132,39
152,545.6666666666666,269.6666666666667,3.0,942.943359375,37093.12904793874,"(269, 545, 271, 547)",19,72
152,659.0,903.0,3.0,871.091552734375,37093.12904793874,"(903, 658, 904, 661)",121,7
152,1352.0,1017.0,1.0,802.1422119140625,12364.376349312912,"(1017, 1352, 1018, 1353)",210,4
152,1947.0,1234.0,1.0,802.1422119140625,12364.376349312912,"(1234, 1947, 1235, 1948)",176,4
153,48.25,155.5625,16.0,1134.946044921875,197830.0215890066,"(152, 46, 159, 51)",132,39
153,991.2,829.0,5.0,942.9248657226562,61821.881746564555,"(827, 991, 832, 993)",92,65
153,661.0,904.0,1.0,802.11279296875,12364.376349312912,"(904, 661, 905, 662)",121,7
153,225.0,1029.0,1.0,802.11279296875,12364.376349312912,"(1029, 225, 1030, 226)",206,9
153,1407.0,1294.75,12.0,1017.6026611328125,148372.51619175496,"(1293, 1404, 1298, 1411)",117,9
153,738.0,1569.0,1.0,802.11279296875,12364.376349312912,"(1569, 738, 1570, 739)",194,23
153,1167.0,2047.0,1.0,802.11279296875,12364.376349312912,"(2047, 1167, 2048, 1168)",64,34
154,50.44827586206897,155.79310344827587,29.0,1525.3011474609375,358566.91413007444,"(151, 47, 160, 55)",132,39
154,532.5454545454545,267.90909090909093,11.0,942.9112548828125,136008.13984244203,"(266, 530, 271, 535)",19,72
154,1248.857142857143,638.5714285714286,42.0,1095.1072998046875,519303.8066711423,"(630, 1245, 646, 1252)",97,91
154,993.4,830.8,5.0,836.2369384765625,61821.881746564555,"(830, 993, 833, 995)",92,65
154,658.0,907.0,1.0,871.13232421875,12364.376349312912,"(907, 658, 908, 659)",121,7
154,225.33333333333334,1033.2222222222222,9.0,1017.569580078125,111279.3871438162,"(1030, 224, 1037, 228)",206,9
154,1408.75,1296.5,8.0,942.9112548828125,98915.0107945033,"(1295, 1407, 1300, 1412)",117,9
154,1748.0,1355.0,1.0,802.1641845703125,12364.376349312912,"(1355, 1748, 1356, 1749)",31,4
154,756.5,1566.0,2.0,802.1641845703125,24728.752698625824,"(1566, 756, 1567, 758)",194,23
154,407.2,1735.4,5.0,979.9320068359375,61821.881746564555,"(1734, 406, 1738, 410)",15,83
154,971.0,1928.0,1.0,802.1641845703125,12364.376349312912,"(1928, 971, 1929, 972)",93,52
154,903.0,1937.0,1.0,802.1641845703125,12364.376349312912,"(1937, 903, 1938, 904)",39,65
155,1533.0,150.0,1.0,802.1085205078125,12364.376349312912,"(150, 1533, 151, 1534)",42,58
155,51.888888888888886,156.0,9.0,1056.0048828125,111279.3871438162,"(154, 50, 158, 55)",132,39
155,554.5,273.0,2.0,906.64990234375,24728.752698625824,"(273, 554, 274, 556)",19,72
155,993.3076923076923,832.4615384615385,26.0,1301.307861328125,321473.7850821357,"(827, 992, 838, 996)",92,65
155,659.0,907.0,3.0,871.139892578125,37093.12904793874,"(907, 658, 908, 661)",121,7
155,1357.0,1017.0,1.0,802.1085205078125,12364.376349312912,"(1017, 1357, 1018, 1358)",210,4
155,226.05555555555554,1032.111111111111,18.0,1668.26806640625,222558.7742876324,"(1028, 224, 1038, 229)",206,9
155,759.0,1565.0,1.0,802.1085205078125,12364.376349312912,"(1565, 759, 1566, 760)",194,23
155,902.5,1936.0,2.0,802.1085205078125,24728.752698625824,"(1936, 902, 1937, 904)",39,65
156,713.0,131.0,1.0,802.146728515625,12364.376349312912,"(131, 713, 132, 714)",131,20
156,554.0,273.0,1.0,802.146728515625,12364.376349312912,"(273, 554, 274, 555)",19,72
156,1249.125,638.875,16.0,1095.109375,197830.0215890066,"(636, 1247, 643, 1252)",97,91
156,992.6538461538462,832.5384615384615,26.0,1134.93310546875,321473.7850821357,"(828, 991, 837, 995)",92,65
156,226.75862068965517,1027.4137931034484,29.0,1388.7978515625,358566.91413007444,"(1021, 225, 1035, 230)",206,9
156,135.41758241758242,1028.5824175824175,91.0,2976.7109375,1125158.247787475,"(1022, 123, 1034, 149)",34,49
156,1417.0,1290.0,1.0,871.0897827148438,12364.376349312912,"(1290, 1417, 1291, 1418)",117,9
156,321.0,1530.0,1.0,802.146728515625,12364.376349312912,"(1530, 321, 1531, 322)",135,47
156,409.0,1737.0,1.0,871.0897827148438,12364.376349312912,"(1737, 409, 1738, 410)",15,83
156,1265.0,1747.0,1.0,836.25537109375,12364.376349312912,"(1747, 1265, 1748, 1266)",100,17
157,1512.5,458.3333333333333,6.0,1175.4761962890625,74186.25809587748,"(458, 1511, 460, 1515)",21,92
157,992.5588235294117,833.1764705882352,34.0,1868.8135986328125,420388.795876639,"(827, 990, 840, 996)",92,65
157,1351.0,1019.8333333333334,6.0,1017.5960693359375,74186.25809587748,"(1019, 1350, 1022, 1353)",210,4
157,227.11428571428573,1026.6285714285714,35.0,1817.617431640625,432753.1722259519,"(1020, 225, 1035, 231)",206,9
157,1952.6875,1441.875,16.0,942.9476318359375,197830.0215890066,"(1437, 1949, 1448, 1957)",215,9
157,670.0,1514.0,1.0,802.1472778320312,12364.376349312912,"(1514, 670, 1515, 671)",71,17
157,750.5,1565.0,2.0,802.1472778320312,24728.752698625824,"(1565, 750, 1566, 752)",194,23
157,408.0,1736.6666666666667,3.0,906.6637573242188,37093.12904793874,"(1736, 407, 1738, 410)",15,83
158,661.0,44.5,4.0,802.1102294921875,49457.50539725165,"(43, 661, 47, 662)",216,3
158,993.3809523809524,831.4761904761905,21.0,1479.083984375,259651.90333557114,"(827, 992, 836, 996)",92,65
158,138.40983606557376,1025.8852459016393,61.0,2190.95703125,754226.9573080876,"(1019, 129, 1032, 148)",34,49
158,227.17142857142858,1025.6857142857143,35.0,2080.675048828125,432753.1722259519,"(1020, 225, 1034, 231)",206,9
158,1350.0,1020.0,1.0,836.27490234375,12364.376349312912,"(1020, 1350, 1021, 1351)",210,4
158,83.8,1425.6,5.0,871.1007080078125,61821.881746564555,"(1425, 83, 1427, 86)",203,6
158,670.6666666666666,1512.3333333333333,3.0,836.27490234375,37093.12904793874,"(1512, 670, 1514, 672)",71,17
158,181.0,1906.0,1.0,802.1102294921875,12364.376349312912,"(1906, 181, 1907, 182)",159,85
158,901.0,1935.0,1.0,802.1102294921875,12364.376349312912,"(1935, 901, 1936, 902)",39,65
159,1511.0,456.0,1.0,942.9305419921875,12364.376349312912,"(456, 1511, 457, 1512)",21,92
159,1241.0,598.5,2.0,871.1409912109375,24728.752698625824,"(598, 1241, 600, 1242)",97,91
159,992.1,832.5,10.0,1258.6669921875,123643.76349312911,"(830, 991, 836, 994)",92,65
159,1486.0,1229.5,2.0,871.1409912109375,24728.752698625824,"(1229, 1486, 1231, 1487)",218,7
159,184.0,1909.0,1.0,802.1029052734375,12364.376349312912,"(1909, 184, 1910, 185)",159,85
160,376.0,332.0,1.0,906.6654052734375,12364.376349312912,"(332, 376, 333, 377)",219,30
160,863.0,476.0,1.0,802.134765625,12364.376349312912,"(476, 863, 477, 864)",174,58
160,1241.6666666666667,598.3333333333334,3.0,871.0870361328125,37093.12904793874,"(598, 1241, 600, 1243)",97,91
160,1249.5,649.0,2.0,871.0870361328125,24728.752698625824,"(649, 1249, 650, 1251)",97,91
160,136.58333333333334,1027.5833333333333,12.0,1175.480224609375,148372.51619175496,"(1026, 133, 1030, 141)",34,49
160,1487.2857142857142,1230.5714285714287,7.0,1388.798828125,86550.63444519039,"(1230, 1486, 1232, 1490)",218,7
160,666.3333333333334,1510.6666666666667,3.0,906.6654052734375,37093.12904793874,"(1510, 666, 1512, 668)",71,17
160,1966.5,1625.5,4.0,1175.480224609375,49457.50539725165,"(1625, 1966, 1627, 1968)",177,36
160,1231.0,1703.0,1.0,802.134765625,12364.376349312912,"(1703, 1231, 1704, 1232)",83,36
160,401.0952380952381,1731.142857142857,21.0,1479.11328125,259651.90333557114,"(1730, 397, 1734, 407)",15,83
161,1608.0,435.5,4.0,871.102294921875,49457.50539725165,"(434, 1608, 438, 1609)",21,92
161,138.0,1027.6923076923076,26.0,2303.993896484375,321473.7850821357,"(1025, 133, 1031, 144)",34,49
161,1487.7777777777778,1231.4444444444443,9.0,1525.324462890625,111279.3871438162,"(1230, 1486, 1234, 1490)",218,7
161,666.2222222222222,1511.111111111111,9.0,1388.823486328125,111279.3871438162,"(1510, 664, 1513, 669)",71,17
161,1966.5,1626.0,2.0,1134.946044921875,24728.752698625824,"(1626, 1966, 1627, 1968)",177,36
161,903.0,1935.0,1.0,802.14453125,12364.376349312912,"(1935, 903, 1936, 904)",39,65
162,1486.8333333333333,1230.6666666666667,6.0,1344.69873046875,74186.25809587748,"(1230, 1485, 1233, 1489)",218,7
162,665.2222222222222,1510.111111111111,9.0,1767.117919921875,111279.3871438162,"(1509, 663, 1512, 668)",71,17
163,1606.0,435.0,1.0,871.117919921875,12364.376349312912,"(435, 1606, 436, 1607)",21,92
163,778.5,825.0,2.0,1134.91796875,24728.752698625824,"(825, 778, 826, 780)",221,6
163,1485.75,1229.75,4.0,1216.681640625,49457.50539725165,"(1229, 1485, 1231, 1488)",218,7
163,1947.4285714285713,1448.4571428571428,70.0,1175.442626953125,865506.3444519038,"(1438, 1938, 1459, 1958)",215,9
164,501.5,251.0,2.0,802.1324462890625,24728.752698625824,"(251, 501, 252, 503)",19,72
164,227.69230769230768,1027.3076923076924,13.0,979.9318237304688,160736.89254106785,"(1023, 226, 1033, 230)",206,9
164,1484.0,1232.0,1.0,802.1324462890625,12364.376349312912,"(1232, 1484, 1233, 1485)",218,7
164,1943.0169491525423,1455.2542372881355,59.0,1175.482177734375,729498.2046094618,"(1448, 1937, 1462, 1954)",215,9
164,316.0,1533.0,3.0,836.2420654296875,37093.12904793874,"(1532, 315, 1535, 318)",135,47
164,395.0,1813.0,1.0,979.9318237304688,12364.376349312912,"(1813, 395, 1814, 396)",101,8
165,531.0,262.25,4.0,871.1051025390625,49457.50539725165,"(262, 530, 264, 533)",19,72
165,781.0,826.5,2.0,1056.0125732421875,24728.752698625824,"(826, 781, 828, 782)",221,6
165,996.0,832.25,12.0,1017.6173706054688,148372.51619175496,"(829, 995, 836, 998)",92,65
165,663.3333333333334,902.3333333333334,3.0,836.244140625,37093.12904793874,"(902, 663, 904, 665)",121,7
165,115.0,1032.0,1.0,802.1329345703125,12364.376349312912,"(1032, 115, 1033, 116)",34,49
165,318.0,1531.0,1.0,802.1329345703125,12364.376349312912,"(1531, 318, 1532, 319)",135,47
165,406.0,1732.0,1.0,871.1051025390625,12364.376349312912,"(1732, 406, 1733, 407)",15,83
165,898.0,1937.0,1.0,836.244140625,12364.376349312912,"(1937, 898, 1938, 899)",39,65
166,588.2222222222222,201.33333333333334,9.0,1017.590576171875,111279.3871438162,"(198, 585, 206, 593)",223,8
166,1548.6666666666667,460.0,3.0,836.2713623046875,37093.12904793874,"(459, 1548, 462, 1550)",21,92
166,861.0,471.0,1.0,802.1521606445312,12364.376349312912,"(471, 861, 472, 862)",174,58
166,552.0,793.0,3.0,906.67138671875,37093.12904793874,"(792, 552, 795, 553)",225,5
166,780.4,825.8,5.0,1134.9521484375,61821.881746564555,"(825, 780, 828, 782)",221,6
166,994.8095238095239,831.2857142857143,21.0,1388.7906494140625,259651.90333557114,"(827, 993, 836, 997)",92,65
166,275.0,1242.0,1.0,802.1521606445312,12364.376349312912,"(1242, 275, 1243, 276)",40,47
166,1940.4545454545455,1455.409090909091,22.0,979.9111328125,272016.27968488407,"(1453, 1937, 1458, 1945)",215,9
167,713.0,131.0,1.0,802.1377563476562,12364.376349312912,"(131, 713, 132, 714)",131,20
167,586.3666666666667,200.1,30.0,1525.32470703125,370931.29047938733,"(196, 582, 206, 593)",223,8
167,814.0,486.0,1.0,802.1377563476562,12364.376349312912,"(486, 814, 487, 815)",227,8
167,1250.8243243243244,643.8783783783783,74.0,1258.6856689453125,914963.8498491555,"(635, 1246, 652, 1257)",97,91
167,551.3333333333334,792.0,3.0,906.6456909179688,37093.12904793874,"(791, 551, 794, 553)",225,5
167,779.9090909090909,825.7272727272727,11.0,2478.953369140625,136008.13984244203,"(824, 779, 829, 782)",221,6
167,994.1764705882352,831.0588235294117,34.0,2247.10009765625,420388.795876639,"(825, 992, 838, 997)",92,65
167,113.0,1032.0,1.0,836.2679443359375,12364.376349312912,"(1032, 113, 1033, 114)",34,49
167,103.0,1410.0,1.0,871.1038818359375,12364.376349312912,"(1410, 103, 1411, 104)",203,6
167,898.8181818181819,1936.3636363636363,11.0,942.9436645507812,136008.13984244203,"(1935, 894, 1938, 904)",39,65
168,815.0,483.0,1.0,802.155517578125,12364.376349312912,"(483, 815, 484, 816)",227,8
168,780.8,825.7,10.0,2190.921142578125,123643.76349312911,"(824, 780, 829, 783)",221,6
168,995.3846153846154,829.2692307692307,26.0,2722.13134765625,321473.7850821357,"(824, 994, 835, 998)",92,65
168,115.25,1032.5,4.0,836.2645874023438,49457.50539725165,"(1032, 114, 1034, 117)",34,49
168,1951.0,1164.0,1.0,802.155517578125,12364.376349312912,"(1164, 1951, 1165, 1952)",89,56
168,1487.0,1232.0,1.0,871.1083984375,12364.376349312912,"(1232, 1487, 1233, 1488)",218,7
168,277.5,1243.0,2.0,836.2645874023438,24728.752698625824,"(1243, 277, 1244, 279)",40,47
168,1967.0,1629.0,1.0,836.2645874023438,12364.376349312912,"(1629, 1967, 1630, 1968)",177,36
168,897.3125,1935.96875,32.0,1017.6201171875,395660.0431780132,"(1934, 893, 1941, 903)",39,65
169,582.5,1.0,2.0,906.6637573242188,24728.752698625824,"(1, 582, 2, 584)",198,7
169,587.975,201.325,40.0,1767.1148681640625,494575.05397251644,"(196, 582, 207, 596)",223,8
169,1549.0,461.0,1.0,802.1472778320312,12364.376349312912,"(461, 1549, 462, 1550)",21,92
169,781.3333333333334,825.0,3.0,1301.32080078125,37093.12904793874,"(824, 781, 827, 783)",221,6
169,995.0666666666667,832.0,15.0,1817.617431640625,185465.64523969367,"(829, 994, 836, 997)",92,65
169,114.85714285714286,1031.2857142857142,7.0,871.1168823242188,86550.63444519039,"(1030, 113, 1033, 118)",34,49
169,314.0,1530.5,4.0,1056.0040283203125,49457.50539725165,"(1530, 313, 1532, 316)",135,47
169,1967.5,1628.0,2.0,871.1168823242188,24728.752698625824,"(1628, 1967, 1629, 1969)",177,36
169,384.0,1745.625,8.0,906.6637573242188,98915.0107945033,"(1745, 382, 1748, 387)",15,83
169,898.3947368421053,1935.3947368421052,38.0,1095.1055908203125,469846.30127389065,"(1933, 894, 1939, 904)",39,65
170,1229.0,629.5,6.0,1095.08837890625,74186.25809587748,"(628, 1228, 632, 1231)",97,91
170,993.44,831.68,25.0,2478.949951171875,309109.4087328228,"(829, 992, 836, 996)",92,65
170,406.3333333333333,1506.3333333333333,3.0,871.111083984375,37093.12904793874,"(1506, 406, 1508, 408)",232,38
170,314.0,1530.0,1.0,906.6461791992188,12364.376349312912,"(1530, 314, 1531, 315)",135,47
170,360.0,1753.0,1.0,802.16064453125,12364.376349312912,"(1753, 360, 1754, 361)",15,83
170,897.2307692307693,1935.923076923077,26.0,1055.98291015625,321473.7850821357,"(1933, 892, 1940, 903)",39,65
171,586.5675675675676,199.56756756756758,37.0,1572.24951171875,457481.92492457776,"(190, 579, 207, 594)",223,8
171,992.0227272727273,829.2727272727273,44.0,2478.92041015625,544032.5593697681,"(820, 985, 836, 997)",92,65
171,1950.0,1164.0,1.0,802.1495361328125,12364.376349312912,"(1164, 1950, 1165, 1951)",89,56
171,407.0,1506.3333333333333,12.0,1095.1163330078125,148372.51619175496,"(1505, 405, 1509, 410)",232,38
171,387.45238095238096,1747.892857142857,86.0,1388.791259765625,1063336.3660409104,"(1744, 379, 1754, 397)",15,83
171,118.0,1892.0,1.0,836.292236328125,12364.376349312912,"(1892, 118, 1893, 119)",159,85
172,658.0,46.0,1.0,802.119140625,12364.376349312912,"(46, 658, 47, 659)",216,3
172,1242.923076923077,594.3076923076923,13.0,1134.9617919921875,160736.89254106785,"(592, 1242, 598, 1245)",97,91
172,120.82608695652173,1032.0434782608695,46.0,2304.025146484375,568761.3120683939,"(1029, 113, 1035, 130)",34,49
172,1960.0,1168.5,2.0,802.119140625,24728.752698625824,"(1168, 1960, 1170, 1961)",89,56
172,408.25,1507.5,12.0,1175.5013427734375,148372.51619175496,"(1506, 407, 1510, 411)",232,38
172,322.0,1943.0,1.0,802.119140625,12364.376349312912,"(1943, 322, 1944, 323)",145,22
173,1576.0,437.14285714285717,7.0,906.6927490234375,86550.63444519039,"(436, 1575, 439, 1578)",21,92
173,981.4,540.6,5.0,1056.0015869140625,61821.881746564555,"(539, 981, 543, 983)",66,50
173,1241.8,592.3,10.0,1056.0015869140625,123643.76349312911,"(590, 1241, 595, 1244)",97,91
173,1247.0,644.0,1.0,802.0986328125,12364.376349312912,"(644, 1247, 645, 1248)",97,91
173,141.0,723.0,1.0,1017.61279296875,12364.376349312912,"(723, 141, 724, 142)",23,51
173,119.63076923076923,1029.9692307692308,65.0,2135.47900390625,803684.4627053393,"(1026, 111, 1034, 130)",34,49
173,275.0,1253.0,1.0,802.0986328125,12364.376349312912,"(1253, 275, 1254, 276)",40,47
173,406.72727272727275,1507.7272727272727,11.0,1258.6905517578125,136008.13984244203,"(1506, 405, 1510, 410)",232,38
173,422.7,1804.1,10.0,1056.0015869140625,123643.76349312911,"(1803, 420, 1806, 426)",234,11
173,895.5,1933.5,2.0,802.0986328125,24728.752698625824,"(1933, 895, 1935, 897)",39,65
174,1575.5,436.625,8.0,942.934326171875,98915.0107945033,"(435, 1574, 439, 1578)",21,92
174,1537.111111111111,454.0,9.0,906.6702880859375,111279.3871438162,"(453, 1536, 456, 1540)",21,92
174,980.52,545.52,25.0,1134.96435546875,309109.4087328228,"(539, 980, 553, 982)",66,50
174,1240.4375,591.6875,16.0,1216.6993408203125,197830.0215890066,"(589, 1239, 595, 1243)",97,91
174,445.0,609.0,1.0,836.2718505859375,12364.376349312912,"(609, 445, 610, 446)",188,4
174,1247.5217391304348,649.4782608695652,23.0,979.8873291015625,284380.65603419696,"(647, 1245, 653, 1252)",97,91
174,117.59722222222223,1029.625,72.0,1973.3580322265625,890235.0971505296,"(1025, 110, 1034, 128)",34,49
174,1544.8333333333333,1236.1666666666667,6.0,979.8873291015625,74186.25809587748,"(1234, 1544, 1239, 1546)",235,74
174,275.0,1253.0,1.0,836.2718505859375,12364.376349312912,"(1253, 275, 1254, 276)",40,47
174,87.5,1423.0,4.0,802.1373291015625,49457.50539725165,"(1423, 86, 1424, 90)",203,6
174,406.25,1509.0,4.0,836.2718505859375,49457.50539725165,"(1508, 405, 1511, 408)",232,38
174,422.0833333333333,1803.8333333333333,12.0,1344.7193603515625,148372.51619175496,"(1802, 419, 1807, 426)",234,11
175,982.2222222222222,546.5,18.0,1134.919677734375,222558.7742876324,"(540, 982, 555, 984)",66,50
175,1242.1538461538462,592.3076923076923,13.0,1344.6917724609375,160736.89254106785,"(590, 1241, 595, 1245)",97,91
175,996.4444444444445,831.5555555555555,9.0,942.9436645507812,111279.3871438162,"(830, 995, 834, 999)",92,65
175,1958.0,1169.0,1.0,802.1377563476562,12364.376349312912,"(1169, 1958, 1170, 1959)",89,56
175,1546.0,1236.5,4.0,1433.621826171875,49457.50539725165,"(1235, 1546, 1239, 1547)",235,74
175,276.6666666666667,1258.3333333333333,3.0,836.2679443359375,37093.12904793874,"(1258, 276, 1260, 278)",40,47
175,88.0,1424.0,3.0,836.2679443359375,37093.12904793874,"(1424, 87, 1425, 90)",203,6
175,408.0,1511.0,1.0,802.1377563476562,12364.376349312912,"(1511, 408, 1512, 409)",232,38
175,743.0,1568.0,1.0,802.1377563476562,12364.376349312912,"(1568, 743, 1569, 744)",194,23
175,423.85714285714283,1804.142857142857,14.0,1344.6917724609375,173101.26889038077,"(1803, 421, 1807, 428)",234,11
175,906.0,1944.3333333333333,3.0,871.1038818359375,37093.12904793874,"(1944, 905, 1946, 908)",39,65
176,582.1851851851852,193.66666666666666,27.0,1134.959716796875,333838.1614314486,"(188, 578, 200, 588)",223,8
176,61.0,268.0,1.0,871.0858154296875,12364.376349312912,"(268, 61, 269, 62)",236,13
176,808.0,505.0,1.0,802.113037109375,12364.376349312912,"(505, 808, 506, 809)",227,8
176,982.2222222222222,544.2222222222222,9.0,1055.972900390625,111279.3871438162,"(541, 982, 549, 984)",66,50
176,1242.5384615384614,592.4615384615385,13.0,1134.959716796875,160736.89254106785,"(588, 1240, 597, 1246)",97,91
176,1249.642857142857,650.6428571428571,14.0,1055.972900390625,173101.26889038077,"(649, 1247, 653, 1253)",97,91
176,114.33333333333333,1026.6666666666667,3.0,942.9376220703125,37093.12904793874,"(1026, 114, 1028, 116)",34,49
176,1546.0,1236.5,4.0,1017.60595703125,49457.50539725165,"(1235, 1546, 1239, 1547)",235,74
176,278.2857142857143,1257.4285714285713,7.0,836.2864990234375,86550.63444519039,"(1256, 277, 1260, 280)",40,47
176,425.2,1803.6,15.0,1619.897216796875,185465.64523969367,"(1802, 422, 1806, 430)",234,11
176,1407.5,1847.0,2.0,802.113037109375,24728.752698625824,"(1847, 1407, 1848, 1409)",237,7
176,118.0,1892.0,1.0,802.113037109375,12364.376349312912,"(1892, 118, 1893, 119)",159,85
176,903.0,1946.0,3.0,802.113037109375,37093.12904793874,"(1946, 902, 1947, 905)",39,65
177,583.0833333333334,195.05555555555554,36.0,1134.967529296875,445117.5485752648,"(188, 577, 203, 591)",223,8
177,822.0,489.0,1.0,802.136474609375,12364.376349312912,"(489, 822, 490, 823)",227,8
177,1241.9444444444443,591.8888888888889,18.0,1258.630615234375,222558.7742876324,"(588, 1240, 596, 1245)",97,91
177,1545.75,1236.0,4.0,906.720703125,49457.50539725165,"(1235, 1545, 1238, 1547)",235,74
177,278.2857142857143,1257.4285714285713,7.0,802.136474609375,86550.63444519039,"(1256, 277, 1260, 280)",40,47
177,409.0,1513.0,3.0,906.720703125,37093.12904793874,"(1513, 408, 1514, 411)",232,38
177,1087.0,1586.0,1.0,1134.967529296875,12364.376349312912,"(1586, 1087, 1587, 1088)",238,14
177,388.3333333333333,1746.6666666666667,3.0,836.222412109375,37093.12904793874,"(1746, 388, 1748, 390)",15,83
177,423.72,1803.88,25.0,1619.96337890625,309109.4087328228,"(1802, 418, 1807, 430)",234,11
178,583.5384615384615,195.53846153846155,39.0,1258.73779296875,482210.67762320355,"(189, 577, 204, 592)",223,8
178,54.0,273.0,1.0,836.27978515625,12364.376349312912,"(273, 54, 274, 55)",236,13
178,1537.304347826087,455.04347826086956,23.0,1017.660400390625,284380.65603419696,"(452, 1535, 459, 1540)",21,92
178,863.0,473.0,3.0,802.06494140625,37093.12904793874,"(473, 862, 474, 865)",174,58
178,804.0,508.5,2.0,836.27978515625,24728.752698625824,"(508, 804, 510, 805)",227,8
178,1241.1875,591.1875,16.0,1017.660400390625,197830.0215890066,"(587, 1240, 596, 1245)",97,91
178,446.0,609.0,1.0,802.06494140625,12364.376349312912,"(609, 446, 610, 447)",188,4
178,1227.2307692307693,630.6923076923077,13.0,1175.419921875,160736.89254106785,"(627, 1224, 635, 1231)",97,91
178,1544.5,1234.0,6.0,1095.108642578125,74186.25809587748,"(1233, 1544, 1236, 1546)",235,74
178,407.0,1513.0,1.0,802.06494140625,12364.376349312912,"(1513, 407, 1514, 408)",232,38
178,900.0,1730.8,5.0,871.06689453125,61821.881746564555,"(1730, 898, 1732, 903)",179,8
178,381.0,1748.0,1.0,802.06494140625,12364.376349312912,"(1748, 381, 1749, 382)",15,83
178,423.0810810810811,1802.8108108108108,37.0,1868.732177734375,457481.92492457776,"(1801, 418, 1806, 430)",234,11
178,323.0,1949.0,1.0,802.06494140625,12364.376349312912,"(1949, 323, 1950, 324)",145,22
179,584.0,194.04,25.0,1056.05810546875,309109.4087328228,"(189, 580, 200, 589)",223,8
179,861.0,469.0,1.0,802.110107421875,12364.376349312912,"(469, 861, 470, 862)",174,58
179,1243.0,592.0370370370371,27.0,1258.65869140625,333838.1614314486,"(588, 1239, 598, 1248)",97,91
179,900.0,1730.3333333333333,3.0,836.292724609375,37093.12904793874,"(1730, 899, 1732, 902)",179,8
179,426.72,1802.72,25.0,1868.80859375,309109.4087328228,"(1801, 423, 1806, 432)",234,11
179,324.0,1954.0,1.0,802.110107421875,12364.376349312912,"(1954, 324, 1955, 325)",145,22
180,56.0,272.0,1.0,802.120849609375,12364.376349312912,"(272, 56, 273, 57)",236,13
180,862.0,466.0,1.0,802.120849609375,12364.376349312912,"(466, 862, 467, 863)",174,58
180,1215.5,611.5,2.0,871.09228515625,24728.752698625824,"(611, 1215, 613, 1217)",97,91
180,1246.0,652.0,1.0,802.120849609375,12364.376349312912,"(652, 1246, 653, 1247)",97,91
180,832.0,743.0,1.0,871.09228515625,12364.376349312912,"(743, 832, 744, 833)",48,3
180,998.0,833.5,2.0,836.238525390625,24728.752698625824,"(833, 998, 835, 999)",92,65
180,1545.6,1234.2,5.0,1175.45068359375,61821.881746564555,"(1233, 1545, 1236, 1547)",235,74
180,427.0,1802.0,19.0,1973.286376953125,234923.15063694533,"(1801, 423, 1804, 432)",234,11
180,894.3333333333334,1932.0,6.0,906.6826171875,74186.25809587748,"(1931, 892, 1934, 897)",39,65
181,1539.2962962962963,453.7037037037037,27.0,1095.124755859375,333838.1614314486,"(451, 1537, 458, 1543)",21,92
181,862.0,469.0,3.0,802.134765625,37093.12904793874,"(468, 862, 471, 863)",174,58
181,806.0,503.0,1.0,802.134765625,12364.376349312912,"(503, 806, 504, 807)",227,8
181,1219.0,620.0,1.0,979.8748779296875,12364.376349312912,"(620, 1219, 621, 1220)",97,91
181,997.0,834.0,1.0,802.134765625,12364.376349312912,"(834, 997, 835, 998)",92,65
181,1544.0,1233.5,2.0,979.8748779296875,24728.752698625824,"(1233, 1544, 1235, 1545)",235,74
181,395.4,1743.0,5.0,836.268798828125,61821.881746564555,"(1742, 394, 1745, 398)",15,83
181,426.7,1801.3,10.0,1344.705810546875,123643.76349312911,"(1801, 424, 1803, 431)",234,11
182,54.0,272.0,3.0,979.8953857421875,37093.12904793874,"(271, 53, 274, 56)",236,13
182,1538.5454545454545,453.40909090909093,22.0,1095.1402587890625,272016.27968488407,"(451, 1536, 457, 1542)",21,92
182,981.0,541.0,1.0,802.1546630859375,12364.376349312912,"(541, 981, 542, 982)",66,50
182,1217.5,618.5,2.0,871.0849609375,24728.752698625824,"(618, 1217, 620, 1219)",97,91
182,1254.7777777777778,623.9444444444445,18.0,1134.956787109375,222558.7742876324,"(620, 1254, 628, 1257)",97,91
182,998.4,831.4,5.0,942.9456787109375,61821.881746564555,"(830, 998, 834, 1000)",92,65
182,126.5,1024.0,2.0,1216.6920166015625,24728.752698625824,"(1024, 126, 1025, 128)",34,49
182,427.5,1801.0,4.0,906.69677734375,49457.50539725165,"(1801, 426, 1802, 430)",234,11
182,320.0,1947.0,1.0,802.1546630859375,12364.376349312912,"(1947, 320, 1948, 321)",145,22
183,53.0,163.0,1.0,802.1324462890625,12364.376349312912,"(163, 53, 164, 54)",132,39
183,53.0,234.0,1.0,942.95068359375,12364.376349312912,"(234, 53, 235, 54)",180,40
183,1567.2,433.6,5.0,906.6463623046875,61821.881746564555,"(433, 1566, 436, 1570)",21,92
183,1539.0,453.22727272727275,22.0,979.9317626953125,272016.27968488407,"(450, 1537, 457, 1542)",21,92
183,982.0,540.0,1.0,802.1324462890625,12364.376349312912,"(540, 982, 541, 983)",66,50
183,1240.6842105263158,591.578947368421,38.0,1095.129150390625,469846.30127389065,"(586, 1238, 597, 1246)",97,91
183,1217.0,616.0,1.0,871.115478515625,12364.376349312912,"(616, 1217, 617, 1218)",97,91
183,126.66666666666667,1024.3333333333333,3.0,1216.70751953125,37093.12904793874,"(1024, 126, 1026, 128)",34,49
183,1549.0833333333333,1242.7083333333333,24.0,1525.318603515625,296745.0323835099,"(1240, 1546, 1247, 1552)",235,74
183,428.5,1801.0,2.0,802.1324462890625,24728.752698625824,"(1801, 428, 1802, 430)",234,11
183,895.3333333333334,1948.0,3.0,836.2614135742188,37093.12904793874,"(1947, 895, 1950, 897)",39,65
183,335.0,1955.0,1.0,802.1324462890625,12364.376349312912,"(1955, 335, 1956, 336)",145,22
184,1885.0,228.0,1.0,871.1175537109375,12364.376349312912,"(228, 1885, 229, 1886)",246,9
184,56.0,271.0,1.0,871.1175537109375,12364.376349312912,"(271, 56, 272, 57)",236,13
184,124.66666666666667,1024.3333333333333,3.0,1301.343017578125,37093.12904793874,"(1024, 124, 1026, 126)",34,49
184,1549.3181818181818,1243.5454545454545,22.0,2135.473388671875,272016.27968488407,"(1241, 1546, 1248, 1552)",235,74
184,755.0,1563.0,1.0,802.1423950195312,12364.376349312912,"(1563, 755, 1564, 756)",194,23
184,378.5,1743.5,2.0,906.6563110351562,24728.752698625824,"(1743, 378, 1745, 380)",15,83
184,894.0,1931.0,3.0,802.1423950195312,37093.12904793874,"(1931, 893, 1932, 896)",39,65
185,1539.2307692307693,453.9230769230769,13.0,1017.5960693359375,160736.89254106785,"(452, 1538, 457, 1542)",21,92
185,1240.2894736842106,591.921052631579,38.0,1216.68310546875,469846.30127389065,"(585, 1238, 598, 1244)",97,91
185,786.0,1049.0,1.0,871.091064453125,12364.376349312912,"(1049, 786, 1050, 787)",248,7
185,1548.3125,1242.125,16.0,1258.63818359375,197830.0215890066,"(1240, 1546, 1246, 1551)",235,74
185,277.0,1268.0,1.0,802.1077880859375,12364.376349312912,"(1268, 277, 1269, 278)",40,47
185,895.5,1934.0,2.0,802.1077880859375,24728.752698625824,"(1934, 895, 1935, 897)",39,65
185,321.0,1956.0,1.0,802.1077880859375,12364.376349312912,"(1956, 321, 1957, 322)",145,22
186,1882.0,227.0,1.0,836.2679443359375,12364.376349312912,"(227, 1882, 228, 1883)",246,9
186,53.5,272.0,2.0,836.2679443359375,24728.752698625824,"(272, 53, 273, 55)",236,13
186,1538.75,453.0,12.0,906.6456909179688,148372.51619175496,"(451, 1537, 456, 1541)",21,92
186,980.0,538.5,2.0,942.9436645507812,24728.752698625824,"(538, 980, 540, 981)",66,50
186,159.5,694.5,2.0,802.1377563476562,24728.752698625824,"(694, 159, 696, 161)",23,51
186,131.0,1023.5,6.0,1525.32470703125,74186.25809587748,"(1023, 130, 1025, 133)",34,49
186,1547.375,1240.5625,16.0,1258.6856689453125,197830.0215890066,"(1238, 1545, 1244, 1550)",235,74
186,1951.0,1238.0,1.0,802.1377563476562,12364.376349312912,"(1238, 1951, 1239, 1952)",176,4
186,278.0,1266.0,1.0,836.2679443359375,12364.376349312912,"(1266, 278, 1267, 279)",40,47
186,1679.0,1679.0,1.0,802.1377563476562,12364.376349312912,"(1679, 1679, 1680, 1680)",154,24
186,930.0,1884.0,1.0,802.1377563476562,12364.376349312912,"(1884, 930, 1885, 931)",93,52
187,54.4,273.4,5.0,1095.0975341796875,61821.881746564555,"(273, 53, 275, 57)",236,13
187,1538.3333333333333,454.5,6.0,906.6814575195312,74186.25809587748,"(454, 1537, 457, 1541)",21,92
187,980.3333333333334,540.6666666666666,3.0,836.2789306640625,37093.12904793874,"(540, 980, 542, 982)",66,50
187,163.0,697.0,1.0,802.1399536132812,12364.376349312912,"(697, 163, 698, 164)",23,51
187,1682.0,1680.0,1.0,871.0938720703125,12364.376349312912,"(1680, 1682, 1681, 1683)",154,24
187,161.0,1902.0,1.0,802.1399536132812,12364.376349312912,"(1902, 161, 1903, 162)",159,85
188,57.2,272.4,5.0,942.9264526367188,61821.881746564555,"(272, 56, 274, 59)",236,13
188,372.0,310.0,1.0,802.118896484375,12364.376349312912,"(310, 372, 311, 373)",219,30
188,1539.0,455.0,1.0,802.118896484375,12364.376349312912,"(455, 1539, 456, 1540)",21,92
188,982.0,540.0,1.0,802.118896484375,12364.376349312912,"(540, 982, 541, 983)",66,50
188,1241.4285714285713,592.7142857142857,35.0,1095.1123046875,432753.1722259519,"(588, 1238, 598, 1247)",97,91
188,1256.0,620.0,1.0,802.118896484375,12364.376349312912,"(620, 1256, 621, 1257)",97,91
188,1245.5,652.0,4.0,871.1288452148438,49457.50539725165,"(651, 1245, 654, 1247)",97,91
188,1548.4,1241.2,10.0,1433.619384765625,123643.76349312911,"(1240, 1547, 1244, 1551)",235,74
188,278.0,1269.0,1.0,836.2540283203125,12364.376349312912,"(1269, 278, 1270, 279)",40,47
188,1686.0,1680.0,3.0,871.1288452148438,37093.12904793874,"(1680, 1685, 1681, 1688)",154,24
188,162.5,1902.5,4.0,802.118896484375,49457.50539725165,"(1902, 162, 1904, 164)",159,85
188,892.5,1932.0,2.0,802.118896484375,24728.752698625824,"(1932, 892, 1933, 894)",39,65
189,1948.0,1166.0,1.0,802.147216796875,12364.376349312912,"(1166, 1948, 1167, 1949)",89,56
189,1547.3125,1240.8125,16.0,1433.60009765625,197830.0215890066,"(1239, 1546, 1244, 1550)",235,74
189,215.0,1365.5,2.0,906.6796875,24728.752698625824,"(1365, 215, 1367, 216)",82,6
189,955.0,1876.0,1.0,802.147216796875,12364.376349312912,"(1876, 955, 1877, 956)",93,52
190,1880.0,236.0,1.0,802.1204833984375,12364.376349312912,"(236, 1880, 237, 1881)",246,9
190,556.0,262.0,1.0,836.2484741210938,12364.376349312912,"(262, 556, 263, 557)",19,72
190,53.0,272.6666666666667,3.0,906.6744384765625,37093.12904793874,"(272, 52, 274, 55)",236,13
190,1539.0,455.0,1.0,802.1204833984375,12364.376349312912,"(455, 1539, 456, 1540)",21,92
190,177.0,1057.0,1.0,802.1204833984375,12364.376349312912,"(1057, 177, 1058, 178)",253,7
190,1547.2222222222222,1242.111111111111,9.0,1095.1181640625,111279.3871438162,"(1241, 1546, 1245, 1549)",235,74
190,1413.0,1846.0,1.0,802.1204833984375,12364.376349312912,"(1846, 1413, 1847, 1414)",237,7
190,956.0,1876.0,1.0,802.1204833984375,12364.376349312912,"(1876, 956, 1877, 957)",93,52
190,322.0,1959.0,1.0,802.1204833984375,12364.376349312912,"(1959, 322, 1960, 323)",145,22
191,870.0,488.0,1.0,802.1104736328125,12364.376349312912,"(488, 870, 489, 871)",174,58
191,995.0,535.0,1.0,871.1280517578125,12364.376349312912,"(535, 995, 536, 996)",66,50
191,1242.4736842105262,593.3157894736842,19.0,1095.119140625,234923.15063694533,"(591, 1239, 597, 1246)",97,91
191,173.25,1056.75,4.0,836.2877197265625,49457.50539725165,"(1056, 172, 1058, 175)",253,7
191,1548.8333333333333,1241.8333333333333,6.0,1017.602294921875,74186.25809587748,"(1241, 1548, 1244, 1551)",235,74
191,1683.2,1678.4,5.0,1258.65185546875,61821.881746564555,"(1678, 1682, 1680, 1685)",154,24
191,1411.5,1845.0,2.0,802.1104736328125,24728.752698625824,"(1845, 1411, 1846, 1413)",237,7
192,133.0,1024.0,3.0,1479.1292724609375,37093.12904793874,"(1024, 132, 1025, 135)",34,49
192,174.25,1056.375,8.0,1095.127685546875,98915.0107945033,"(1056, 172, 1058, 178)",253,7
192,1955.0,1164.0,1.0,802.130859375,12364.376349312912,"(1164, 1955, 1165, 1956)",89,56
192,1550.0,1242.0,1.0,802.130859375,12364.376349312912,"(1242, 1550, 1243, 1551)",235,74
192,927.5,1436.0,2.0,802.130859375,24728.752698625824,"(1436, 927, 1437, 929)",50,61
192,413.0,1540.0,1.0,942.904052734375,12364.376349312912,"(1540, 413, 1541, 414)",255,5
192,1684.0,1678.0,1.0,836.2576904296875,12364.376349312912,"(1678, 1684, 1679, 1685)",154,24
192,893.5,1931.0,2.0,802.130859375,24728.752698625824,"(1931, 893, 1932, 895)",39,65
192,333.0,1947.0,1.0,802.130859375,12364.376349312912,"(1947, 333, 1948, 334)",145,22
193,1242.7857142857142,592.8571428571429,28.0,1175.453125,346202.53778076154,"(589, 1240, 597, 1247)",97,91
193,1252.7439024390244,646.4268292682926,82.0,1388.820068359375,1013878.8606436588,"(635, 1244, 653, 1260)",97,91
193,133.0,1024.0,3.0,1344.732666015625,37093.12904793874,"(1024, 132, 1025, 135)",34,49
193,172.66666666666666,1056.5555555555557,9.0,1017.5850219726562,111279.3871438162,"(1056, 170, 1058, 176)",253,7
193,1679.0,1678.0,1.0,802.1585693359375,12364.376349312912,"(1678, 1679, 1679, 1680)",154,24
194,60.0,231.0,1.0,1017.5800170898438,12364.376349312912,"(231, 60, 232, 61)",180,40
194,1242.9583333333333,592.7083333333334,24.0,1175.482177734375,296745.0323835099,"(590, 1240, 596, 1247)",97,91
194,1252.1756756756756,647.1621621621622,74.0,1388.783447265625,914963.8498491555,"(637, 1244, 653, 1259)",97,91
194,171.5,1058.0,2.0,802.1324462890625,24728.752698625824,"(1058, 171, 1059, 173)",253,7
194,746.0,1570.0,1.0,802.1324462890625,12364.376349312912,"(1570, 746, 1571, 747)",194,23
194,1686.0,1677.8,5.0,1175.482177734375,61821.881746564555,"(1677, 1684, 1679, 1689)",154,24
194,961.0,1870.0,1.0,802.1324462890625,12364.376349312912,"(1870, 961, 1871, 962)",93,52
194,181.0,1921.0,1.0,802.1324462890625,12364.376349312912,"(1921, 181, 1922, 182)",159,85
195,60.0,231.0,3.0,1258.64501953125,37093.12904793874,"(231, 59, 232, 62)",180,40
195,996.0,537.0,1.0,836.244140625,12364.376349312912,"(537, 996, 538, 997)",66,50
195,981.375,566.375,8.0,1017.6173706054688,98915.0107945033,"(564, 981, 570, 983)",66,50
195,1242.0,593.1428571428571,14.0,1095.10400390625,173101.26889038077,"(591, 1240, 596, 1245)",97,91
195,1251.2142857142858,647.5285714285715,70.0,1344.6995849609375,865506.3444519038,"(638, 1244, 654, 1258)",97,91
195,127.72,1040.92,25.0,2247.12109375,309109.4087328228,"(1039, 125, 1045, 132)",34,49
195,1549.0,1242.5,2.0,802.1329345703125,24728.752698625824,"(1242, 1549, 1244, 1550)",235,74
195,1684.0588235294117,1677.8823529411766,17.0,2247.12109375,210194.3979383195,"(1677, 1679, 1680, 1689)",154,24
195,903.0,1938.0,1.0,802.1329345703125,12364.376349312912,"(1938, 903, 1939, 904)",39,65
195,873.0,1949.3333333333333,3.0,871.1051025390625,37093.12904793874,"(1949, 872, 1951, 875)",39,65
196,995.0,535.0,1.0,871.1005859375,12364.376349312912,"(535, 995, 536, 996)",66,50
196,149.0,734.0,1.0,979.8887329101562,12364.376349312912,"(734, 149, 735, 150)",23,51
196,1959.0,1161.0,1.0,802.1568603515625,12364.376349312912,"(1161, 1959, 1162, 1960)",89,56
196,1876.0,1280.0,1.0,802.1568603515625,12364.376349312912,"(1280, 1876, 1281, 1877)",260,7
196,752.0,1558.5,2.0,836.2431640625,24728.752698625824,"(1558, 752, 1560, 753)",194,23
196,1682.0555555555557,1675.8333333333333,18.0,1175.4605712890625,222558.7742876324,"(1674, 1677, 1678, 1688)",154,24
197,981.0,562.1,10.0,942.99462890625,123643.76349312911,"(560, 980, 566, 983)",66,50
197,1241.5,592.5,2.0,836.30322265625,24728.752698625824,"(592, 1241, 594, 1243)",97,91
197,1680.6666666666667,1676.8,15.0,1175.54052734375,185465.64523969367,"(1675, 1677, 1679, 1687)",154,24
197,1411.0,1845.0,1.0,802.12060546875,12364.376349312912,"(1845, 1411, 1846, 1412)",237,7
197,387.0,2043.0,1.0,802.12060546875,12364.376349312912,"(2043, 387, 2044, 388)",146,18
198,60.8,230.4,5.0,1134.9189453125,61821.881746564555,"(230, 60, 232, 63)",180,40
198,1570.6666666666667,425.75,12.0,1055.98291015625,148372.51619175496,"(424, 1567, 429, 1575)",21,92
198,1226.0,554.0,1.0,802.16064453125,12364.376349312912,"(554, 1226, 555, 1227)",263,5
198,982.9411764705883,562.0588235294117,17.0,979.89208984375,210194.3979383195,"(559, 981, 566, 987)",66,50
198,1551.0,1246.0,1.0,871.111083984375,12364.376349312912,"(1246, 1551, 1247, 1552)",235,74
198,751.0,1562.0,1.0,802.16064453125,12364.376349312912,"(1562, 751, 1563, 752)",194,23
198,1683.7857142857142,1678.0714285714287,14.0,1095.08837890625,173101.26889038077,"(1677, 1679, 1680, 1689)",154,24
199,61.375,229.625,8.0,1668.2398681640625,98915.0107945033,"(229, 59, 231, 64)",180,40
199,853.0,449.0,1.0,802.1275634765625,12364.376349312912,"(449, 853, 450, 854)",174,58
199,1226.5,553.5,4.0,1344.69873046875,49457.50539725165,"(553, 1226, 555, 1228)",263,5
199,258.0,1004.5,2.0,836.2536010742188,24728.752698625824,"(1004, 258, 1006, 259)",264,5
199,1684.7142857142858,1677.5714285714287,14.0,1525.337158203125,173101.26889038077,"(1677, 1681, 1680, 1689)",154,24
200,62.357142857142854,229.71428571428572,14.0,1868.8001708984375,173101.26889038077,"(229, 58, 232, 67)",180,40
200,53.0,272.0,1.0,802.1080322265625,12364.376349312912,"(272, 53, 273, 54)",236,13
200,854.0,457.0,1.0,802.1080322265625,12364.376349312912,"(457, 854, 458, 855)",174,58
200,1226.8,553.6,5.0,1344.6873779296875,61821.881746564555,"(553, 1226, 555, 1229)",263,5
200,982.8,563.0,5.0,906.6792602539062,61821.881746564555,"(561, 982, 566, 985)",66,50
200,218.0,1380.0,1.0,802.1080322265625,12364.376349312912,"(1380, 218, 1381, 219)",82,6
200,1684.8125,1677.0,16.0,1817.607177734375,197830.0215890066,"(1676, 1682, 1679, 1689)",154,24
201,382.0,306.0,1.0,802.1536865234375,12364.376349312912,"(306, 382, 307, 383)",219,30
201,847.0,425.0,1.0,802.1536865234375,12364.376349312912,"(425, 847, 426, 848)",174,58
201,1227.0,554.0,1.0,1055.977783203125,12364.376349312912,"(554, 1227, 555, 1228)",263,5
201,986.125,558.5,8.0,979.9369506835938,98915.0107945033,"(556, 985, 562, 989)",66,50
201,131.5,1034.0,2.0,836.2449951171875,24728.752698625824,"(1034, 131, 1035, 133)",34,49
201,1678.0,1638.5,2.0,1017.5733032226562,24728.752698625824,"(1638, 1678, 1640, 1679)",186,28
201,1412.0,1848.0,1.0,802.1536865234375,12364.376349312912,"(1848, 1412, 1849, 1413)",237,7
201,984.0,1931.0,1.0,836.2449951171875,12364.376349312912,"(1931, 984, 1932, 985)",93,52
202,374.0,302.0,1.0,802.1080322265625,12364.376349312912,"(302, 374, 303, 375)",219,30
202,124.2,418.2,5.0,1301.3072509765625,61821.881746564555,"(417, 123, 420, 126)",266,35
202,860.0,462.0,1.0,802.1080322265625,12364.376349312912,"(462, 860, 463, 861)",174,58
202,1227.5,554.5,2.0,836.2548828125,24728.752698625824,"(554, 1227, 556, 1229)",263,5
202,1210.2222222222222,612.8888888888889,9.0,1095.1151123046875,111279.3871438162,"(611, 1208, 616, 1214)",97,91
202,1677.75,1638.0,4.0,1095.1151123046875,49457.50539725165,"(1637, 1677, 1640, 1680)",186,28
203,123.5,418.0,4.0,1301.33544921875,49457.50539725165,"(417, 123, 420, 125)",266,35
203,1571.0,429.0,1.0,802.1217041015625,12364.376349312912,"(429, 1571, 430, 1572)",21,92
203,786.5384615384615,1047.2307692307693,13.0,1301.33544921875,160736.89254106785,"(1044, 786, 1051, 788)",248,7
203,1550.5,1243.0,2.0,871.097412109375,24728.752698625824,"(1243, 1550, 1244, 1552)",235,74
203,1678.0,1638.0,1.0,836.2474975585938,12364.376349312912,"(1638, 1678, 1639, 1679)",186,28
203,1682.142857142857,1676.4,35.0,1572.259521484375,432753.1722259519,"(1674, 1677, 1680, 1688)",154,24
203,1236.0,1705.0,1.0,802.1217041015625,12364.376349312912,"(1705, 1236, 1706, 1237)",83,36
203,986.5,1931.0,2.0,802.1217041015625,24728.752698625824,"(1931, 986, 1932, 988)",93,52
204,66.17142857142858,229.4857142857143,35.0,2660.26953125,432753.1722259519,"(227, 59, 233, 76)",180,40
204,40.666666666666664,232.66666666666666,3.0,942.9150390625,37093.12904793874,"(232, 40, 234, 42)",180,40
204,48.5,271.2857142857143,14.0,1017.5969848632812,173101.26889038077,"(269, 47, 274, 51)",236,13
204,372.0,310.8,5.0,836.280517578125,61821.881746564555,"(310, 370, 312, 375)",219,30
204,853.0,449.0,1.0,802.1536865234375,12364.376349312912,"(449, 853, 450, 854)",174,58
204,1857.0,1236.0,1.0,836.280517578125,12364.376349312912,"(1236, 1857, 1237, 1858)",260,7
204,261.0,1256.3333333333333,6.0,802.1536865234375,74186.25809587748,"(1255, 259, 1259, 264)",40,47
204,350.5,1554.5,2.0,942.9150390625,24728.752698625824,"(1554, 350, 1556, 352)",135,47
204,1681.45,1675.75,40.0,1572.2760009765625,494575.05397251644,"(1674, 1676, 1679, 1689)",154,24
205,46.86666666666667,272.2,15.0,1056.010498046875,185465.64523969367,"(270, 45, 276, 50)",236,13
205,1568.0,429.5,2.0,942.9326782226562,24728.752698625824,"(429, 1568, 431, 1569)",21,92
205,850.5,448.5,2.0,802.156494140625,24728.752698625824,"(448, 850, 450, 852)",174,58
205,805.0,502.3333333333333,3.0,836.2637939453125,37093.12904793874,"(502, 804, 504, 807)",227,8
205,1244.046875,601.71875,64.0,1175.44189453125,791320.0863560264,"(589, 1238, 615, 1254)",97,91
205,597.3333333333334,606.3333333333334,3.0,942.9326782226562,37093.12904793874,"(606, 597, 608, 599)",271,17
205,936.8,1517.2,5.0,836.2637939453125,61821.881746564555,"(1516, 936, 1520, 938)",272,5
205,1680.2926829268292,1677.0731707317073,41.0,1973.3406982421875,506939.4303218294,"(1675, 1676, 1682, 1686)",154,24
206,1569.0,429.0,1.0,802.1572265625,12364.376349312912,"(429, 1569, 430, 1570)",21,92
206,599.5,607.5,8.0,1301.344970703125,98915.0107945033,"(606, 599, 610, 601)",271,17
206,787.5,1051.0,8.0,1095.08740234375,98915.0107945033,"(1049, 787, 1054, 789)",248,7
206,1947.0,1166.0,1.0,802.1572265625,12364.376349312912,"(1166, 1947, 1167, 1948)",89,56
206,1859.0,1236.0,1.0,802.1572265625,12364.376349312912,"(1236, 1859, 1237, 1860)",260,7
206,1553.5,1246.0,2.0,871.118896484375,24728.752698625824,"(1246, 1553, 1247, 1555)",235,74
206,1678.0,1638.0,3.0,836.2545166015625,37093.12904793874,"(1638, 1677, 1639, 1680)",186,28
206,1682.4864864864865,1676.4054054054054,37.0,1767.132568359375,457481.92492457776,"(1674, 1678, 1681, 1687)",154,24
206,321.2857142857143,2026.2857142857142,7.0,802.1572265625,86550.63444519039,"(2026, 319, 2028, 325)",273,3
207,49.9,272.0,10.0,1017.61279296875,123643.76349312911,"(270, 48, 275, 53)",236,13
207,855.0,443.0,1.0,802.12744140625,12364.376349312912,"(443, 855, 444, 856)",174,58
207,1859.0,1235.0,1.0,836.2845458984375,12364.376349312912,"(1235, 1859, 1236, 1860)",260,7
207,1554.3333333333333,1245.6666666666667,3.0,836.2845458984375,37093.12904793874,"(1245, 1554, 1247, 1556)",235,74
207,941.5555555555555,1519.5555555555557,9.0,871.0914306640625,111279.3871438162,"(1517, 940, 1523, 944)",272,5
207,415.0,1540.0,1.0,802.12744140625,12364.376349312912,"(1540, 415, 1541, 416)",255,5
207,1680.0,1637.5,4.0,906.6927490234375,49457.50539725165,"(1637, 1679, 1639, 1682)",186,28
207,1414.0,1846.0,1.0,802.12744140625,12364.376349312912,"(1846, 1414, 1847, 1415)",237,7
208,47.0,167.0,1.0,802.14453125,12364.376349312912,"(167, 47, 168, 48)",132,39
208,1568.0,431.0,1.0,942.95556640625,12364.376349312912,"(431, 1568, 432, 1569)",21,92
208,854.0,447.0,1.0,802.14453125,12364.376349312912,"(447, 854, 448, 855)",174,58
208,788.5,1052.0,4.0,1134.946044921875,49457.50539725165,"(1051, 788, 1054, 790)",248,7
208,940.5,1517.5,2.0,871.102294921875,24728.752698625824,"(1517, 940, 1519, 942)",272,5
208,416.0,1540.0,1.0,802.14453125,12364.376349312912,"(1540, 416, 1541, 417)",255,5
209,46.5,167.0,2.0,871.145263671875,24728.752698625824,"(167, 46, 168, 48)",132,39
209,62.96,228.88,25.0,2784.72509765625,309109.4087328228,"(226, 58, 232, 68)",180,40
209,845.0,424.0,1.0,802.1295166015625,12364.376349312912,"(424, 845, 425, 846)",174,58
209,587.8666666666667,594.0,15.0,942.9072265625,185465.64523969367,"(592, 583, 598, 592)",271,17
209,482.0,861.0,1.0,802.1295166015625,12364.376349312912,"(861, 482, 862, 483)",276,3
209,1870.0,1260.0,1.0,802.1295166015625,12364.376349312912,"(1260, 1870, 1261, 1871)",260,7
209,940.3333333333334,1517.6666666666667,3.0,836.2398681640625,37093.12904793874,"(1517, 940, 1519, 942)",272,5
209,1236.0,1704.0,1.0,802.1295166015625,12364.376349312912,"(1704, 1236, 1705, 1237)",83,36
210,47.5,167.0,2.0,906.6805419921875,24728.752698625824,"(167, 47, 168, 49)",132,39
210,376.0,294.0,1.0,802.1572265625,12364.376349312912,"(294, 376, 295, 377)",219,30
210,854.0,445.0,1.0,802.1572265625,12364.376349312912,"(445, 854, 446, 855)",174,58
210,586.9310344827586,592.5862068965517,29.0,1095.08740234375,358566.91413007444,"(591, 582, 596, 592)",271,17
210,1239.0,637.0,1.0,836.2545166015625,12364.376349312912,"(637, 1239, 638, 1240)",97,91
210,1004.0,818.0,1.0,871.118896484375,12364.376349312912,"(818, 1004, 819, 1005)",92,65
210,271.3333333333333,1250.0,3.0,906.6805419921875,37093.12904793874,"(1249, 271, 1252, 273)",40,47
210,1871.0,1260.0,1.0,802.1572265625,12364.376349312912,"(1260, 1871, 1261, 1872)",260,7
210,1242.0,1706.0,1.0,802.1572265625,12364.376349312912,"(1706, 1242, 1707, 1243)",83,36
211,658.0,46.0,1.0,802.1536865234375,12364.376349312912,"(46, 658, 47, 659)",216,3
211,47.0,166.0,1.0,802.1536865234375,12364.376349312912,"(166, 47, 167, 48)",132,39
211,1552.0,445.0,1.0,802.1536865234375,12364.376349312912,"(445, 1552, 446, 1553)",21,92
211,1963.0,1160.0,1.0,802.1536865234375,12364.376349312912,"(1160, 1963, 1161, 1964)",89,56
211,1553.7407407407406,1245.148148148148,27.0,1175.4453125,333838.1614314486,"(1242, 1550, 1249, 1557)",235,74
211,270.3333333333333,1249.0,3.0,871.1044921875,37093.12904793874,"(1248, 270, 1251, 272)",40,47
211,1687.9473684210527,1676.0,19.0,1572.25244140625,234923.15063694533,"(1675, 1685, 1678, 1694)",154,24
211,1274.0,1752.0,1.0,802.1536865234375,12364.376349312912,"(1752, 1274, 1753, 1275)",100,17
212,844.0,429.0,1.0,802.113037109375,12364.376349312912,"(429, 844, 430, 845)",174,58
212,1256.0,619.0,1.0,906.63623046875,12364.376349312912,"(619, 1256, 620, 1257)",97,91
212,482.0,871.0,3.0,979.9276123046875,37093.12904793874,"(871, 481, 872, 484)",276,3
212,1961.0,1161.0,1.0,802.113037109375,12364.376349312912,"(1161, 1961, 1162, 1962)",89,56
212,1552.7435897435898,1245.3589743589744,39.0,1388.819580078125,482210.67762320355,"(1242, 1549, 1251, 1556)",235,74
212,269.0,1249.5,2.0,802.113037109375,24728.752698625824,"(1249, 269, 1251, 270)",40,47
212,409.0,1502.0,1.0,836.2864990234375,12364.376349312912,"(1502, 409, 1503, 410)",232,38
212,1687.611111111111,1675.9444444444443,18.0,1433.570556640625,222558.7742876324,"(1675, 1684, 1678, 1693)",154,24
212,408.5,1765.5,2.0,802.113037109375,24728.752698625824,"(1765, 408, 1767, 410)",15,83
213,71.84536082474227,228.3298969072165,97.0,4341.35400390625,1199344.5058833524,"(221, 63, 234, 87)",180,40
213,584.6440677966102,593.6440677966102,59.0,1344.7060546875,729498.2046094618,"(590, 576, 601, 593)",271,17
213,486.0,871.0,1.0,802.1536865234375,12364.376349312912,"(871, 486, 872, 487)",276,3
213,1536.5,1226.0,2.0,871.12158203125,24728.752698625824,"(1226, 1536, 1227, 1538)",235,74
213,1965.8,1436.0,5.0,942.95703125,61821.881746564555,"(1434, 1965, 1439, 1967)",215,9
213,282.5,1452.5,4.0,1258.6800537109375,49457.50539725165,"(1452, 282, 1454, 284)",283,8
213,410.0,1500.0,3.0,979.94091796875,37093.12904793874,"(1499, 410, 1502, 411)",232,38
213,1688.1818181818182,1676.4545454545455,22.0,1095.0833740234375,272016.27968488407,"(1675, 1685, 1680, 1693)",154,24
213,410.0,1766.0,1.0,802.1536865234375,12364.376349312912,"(1766, 410, 1767, 411)",15,83
213,1268.0,1800.0,1.0,836.27001953125,12364.376349312912,"(1800, 1268, 1801, 1269)",100,17
213,992.0,1951.0,1.0,802.1536865234375,12364.376349312912,"(1951, 992, 1952, 993)",93,52
214,1567.5,430.0,2.0,836.2940673828125,24728.752698625824,"(430, 1567, 431, 1569)",21,92
214,873.0,492.0,1.0,802.141357421875,12364.376349312912,"(492, 873, 493, 874)",174,58
214,583.5964912280701,593.5964912280701,57.0,1344.745361328125,704769.4519108359,"(590, 575, 601, 592)",271,17
214,1969.0,1160.0,1.0,802.141357421875,12364.376349312912,"(1160, 1969, 1161, 1970)",89,56
214,1553.9183673469388,1244.4489795918366,49.0,1973.3310546875,605854.4411163327,"(1241, 1550, 1251, 1559)",235,74
214,1965.5833333333333,1434.5833333333333,12.0,1095.11865234375,148372.51619175496,"(1432, 1965, 1438, 1968)",215,9
214,281.92857142857144,1451.2142857142858,14.0,1717.3056640625,173101.26889038077,"(1449, 280, 1455, 284)",283,8
214,409.0,1499.0,1.0,836.2940673828125,12364.376349312912,"(1499, 409, 1500, 410)",232,38
214,1000.0,1929.0,1.0,1017.615234375,12364.376349312912,"(1929, 1000, 1930, 1001)",93,52
215,74.43956043956044,228.41758241758242,91.0,3108.247802734375,1125158.247787475,"(223, 65, 232, 88)",180,40
215,36.0,240.0,1.0,802.1610107421875,12364.376349312912,"(240, 36, 241, 37)",180,40
215,854.0,450.0,1.0,802.1610107421875,12364.376349312912,"(450, 854, 451, 855)",174,58
215,582.7173913043479,594.195652173913,46.0,1344.70458984375,568761.3120683939,"(591, 577, 600, 589)",271,17
215,1966.111111111111,1434.5555555555557,9.0,979.935302734375,111279.3871438162,"(1433, 1965, 1437, 1968)",215,9
215,1699.0,1692.0,1.0,802.1610107421875,12364.376349312912,"(1692, 1699, 1693, 1700)",154,24
215,409.5,1766.0,2.0,802.1610107421875,24728.752698625824,"(1766, 409, 1767, 411)",15,83
216,1561.6666666666667,434.6666666666667,3.0,836.244140625,37093.12904793874,"(434, 1561, 436, 1563)",21,92
216,853.0,448.5,2.0,871.1051025390625,24728.752698625824,"(448, 853, 450, 854)",174,58
216,1543.0,454.0,1.0,802.1329345703125,12364.376349312912,"(454, 1543, 455, 1544)",21,92
216,581.78125,595.09375,32.0,1095.10400390625,395660.0431780132,"(592, 576, 600, 587)",271,17
216,1963.0,1164.0,1.0,802.1329345703125,12364.376349312912,"(1164, 1963, 1165, 1964)",89,56
216,273.5,1246.0,6.0,906.6621704101562,74186.25809587748,"(1245, 273, 1248, 275)",40,47
216,1968.0,1434.8333333333333,6.0,906.6621704101562,74186.25809587748,"(1434, 1967, 1437, 1970)",215,9
216,283.375,1452.75,8.0,1095.10400390625,98915.0107945033,"(1451, 282, 1456, 285)",283,8
216,1971.0,1634.0,1.0,1095.10400390625,12364.376349312912,"(1634, 1971, 1635, 1972)",177,36
216,1687.0,1678.0,1.0,802.1329345703125,12364.376349312912,"(1678, 1687, 1679, 1688)",154,24
216,410.5,1768.0,2.0,802.1329345703125,24728.752698625824,"(1768, 410, 1769, 412)",15,83
216,782.0,2029.0,1.0,871.1051025390625,12364.376349312912,"(2029, 782, 2030, 783)",18,11
217,76.75641025641026,228.82051282051282,78.0,3242.66455078125,964421.3552464071,"(226, 67, 232, 89)",180,40
217,45.333333333333336,232.33333333333334,3.0,979.9083862304688,37093.12904793874,"(232, 45, 234, 47)",180,40
217,1240.6666666666667,584.6666666666666,3.0,802.1474609375,37093.12904793874,"(584, 1240, 586, 1242)",97,91
217,583.695652173913,595.8695652173913,23.0,1055.998046875,284380.65603419696,"(594, 579, 600, 588)",271,17
217,1534.1666666666667,1228.6666666666667,6.0,1095.102294921875,74186.25809587748,"(1228, 1532, 1230, 1537)",235,74
217,1556.84,1249.32,25.0,1525.3514404296875,309109.4087328228,"(1247, 1554, 1255, 1560)",235,74
217,1969.0,1433.5,2.0,836.2565307617188,24728.752698625824,"(1433, 1969, 1435, 1970)",215,9
217,283.85714285714283,1452.0,7.0,2026.6444091796875,86550.63444519039,"(1451, 282, 1454, 286)",283,8
217,1970.6666666666667,1634.6666666666667,3.0,1175.480712890625,37093.12904793874,"(1634, 1970, 1636, 1972)",177,36
217,1235.0,1706.0,1.0,802.1474609375,12364.376349312912,"(1706, 1235, 1707, 1236)",83,36
217,410.75,1767.25,4.0,871.1224975585938,49457.50539725165,"(1766, 410, 1769, 412)",15,83
217,321.5,2026.0,4.0,802.1474609375,49457.50539725165,"(2026, 320, 2027, 324)",273,3
218,982.0,552.0,1.0,802.1566162109375,12364.376349312912,"(552, 982, 553, 983)",66,50
218,585.7272727272727,597.5454545454545,11.0,979.8955078125,136008.13984244203,"(596, 584, 600, 589)",271,17
218,1534.0,1228.0,7.0,1525.321044921875,86550.63444519039,"(1227, 1532, 1230, 1537)",235,74
218,1556.0,1248.84375,32.0,1525.321044921875,395660.0431780132,"(1244, 1553, 1255, 1560)",235,74
218,267.0,1246.0,1.0,802.1566162109375,12364.376349312912,"(1246, 267, 1247, 268)",40,47
218,283.54545454545456,1451.3636363636363,11.0,3108.2666015625,136008.13984244203,"(1450, 282, 1454, 286)",283,8
218,1970.125,1635.0,8.0,1258.6654052734375,98915.0107945033,"(1633, 1969, 1638, 1972)",177,36
218,1235.0,1704.0,1.0,802.1566162109375,12364.376349312912,"(1704, 1235, 1705, 1236)",83,36
218,1560.0,1725.5,2.0,836.2752685546875,24728.752698625824,"(1725, 1560, 1727, 1561)",26,64
218,370.0,1806.0,3.0,836.2752685546875,37093.12904793874,"(1805, 370, 1808, 371)",101,8
218,469.0,1823.0,1.0,836.2752685546875,12364.376349312912,"(1823, 469, 1824, 470)",284,12
218,994.0,1951.0,1.0,802.1566162109375,12364.376349312912,"(1951, 994, 1952, 995)",93,52
219,36.0,238.0,5.0,1055.994140625,61821.881746564555,"(236, 36, 241, 37)",180,40
219,374.0,302.0,1.0,802.1536865234375,12364.376349312912,"(302, 374, 303, 375)",219,30
219,872.0,488.0,1.0,802.1536865234375,12364.376349312912,"(488, 872, 489, 873)",174,58
219,981.0,550.0,1.0,802.1536865234375,12364.376349312912,"(550, 981, 551, 982)",66,50
219,1250.0,606.5,2.0,906.6671142578125,24728.752698625824,"(606, 1250, 608, 1251)",97,91
219,1533.0,1226.0,3.0,906.6671142578125,37093.12904793874,"(1226, 1532, 1227, 1535)",235,74
219,265.42857142857144,1235.5714285714287,7.0,836.2532348632812,86550.63444519039,"(1234, 264, 1239, 267)",40,47
219,1555.3714285714286,1247.142857142857,35.0,1619.923583984375,432753.1722259519,"(1242, 1552, 1255, 1559)",235,74
219,282.8888888888889,1449.5555555555557,9.0,3379.9111328125,111279.3871438162,"(1448, 282, 1452, 285)",283,8
219,1967.875,1635.25,8.0,1175.4453125,98915.0107945033,"(1634, 1967, 1638, 1970)",177,36
219,1234.0,1706.0,1.0,802.1536865234375,12364.376349312912,"(1706, 1234, 1707, 1235)",83,36
219,1560.0,1724.0,1.0,802.1536865234375,12364.376349312912,"(1724, 1560, 1725, 1561)",26,64
219,409.0,1766.0,3.0,906.6671142578125,37093.12904793874,"(1766, 408, 1767, 411)",15,83
219,185.0,1910.0,1.0,802.1536865234375,12364.376349312912,"(1910, 185, 1911, 186)",159,85
219,995.0,1950.0,1.0,836.2532348632812,12364.376349312912,"(1950, 995, 1951, 996)",93,52
220,37.333333333333336,239.66666666666666,9.0,1344.701904296875,111279.3871438162,"(237, 37, 243, 39)",180,40
220,1848.0,532.0,1.0,871.1240234375,12364.376349312912,"(532, 1848, 533, 1849)",286,27
220,1249.375,605.25,8.0,942.9111938476562,98915.0107945033,"(604, 1247, 607, 1252)",97,91
220,264.73333333333335,1231.4666666666667,15.0,942.9111938476562,185465.64523969367,"(1229, 263, 1235, 268)",40,47
220,283.0,1448.0,7.0,3242.666748046875,86550.63444519039,"(1447, 282, 1450, 285)",283,8
220,1967.0,1635.2941176470588,17.0,1433.62109375,210194.3979383195,"(1633, 1964, 1638, 1970)",177,36
220,1581.0,1709.0,1.0,802.151123046875,12364.376349312912,"(1709, 1581, 1710, 1582)",26,64
220,370.0,1804.5,2.0,906.6719970703125,24728.752698625824,"(1804, 370, 1806, 371)",101,8
220,317.0,1977.0,1.0,802.151123046875,12364.376349312912,"(1977, 317, 1978, 318)",145,22
221,850.5,442.0,2.0,871.1280517578125,24728.752698625824,"(442, 850, 443, 852)",174,58
221,1251.611111111111,609.5555555555555,18.0,1175.468994140625,222558.7742876324,"(606, 1247, 615, 1255)",97,91
221,1252.9895833333333,636.2083333333334,96.0,1134.96240234375,1186980.1295340396,"(614, 1245, 651, 1258)",97,91
221,1972.0,1162.0,3.0,836.2877197265625,37093.12904793874,"(1161, 1972, 1164, 1973)",89,56
221,282.6,1448.8,5.0,2135.447509765625,61821.881746564555,"(1448, 282, 1451, 284)",283,8
221,920.0,1522.0,1.0,942.9185791015625,12364.376349312912,"(1522, 920, 1523, 921)",272,5
221,1965.6875,1637.1875,16.0,1258.65185546875,197830.0215890066,"(1635, 1963, 1640, 1969)",177,36
221,1559.75,1720.5,4.0,802.1104736328125,49457.50539725165,"(1719, 1559, 1723, 1561)",26,64
221,63.0,1881.0,1.0,802.1104736328125,12364.376349312912,"(1881, 63, 1882, 64)",159,85
222,38.30769230769231,242.30769230769232,13.0,1433.5892333984375,160736.89254106785,"(239, 37, 246, 40)",180,40
222,374.0,302.0,1.0,802.143310546875,12364.376349312912,"(302, 374, 303, 375)",219,30
222,854.5,449.0,2.0,802.143310546875,24728.752698625824,"(449, 854, 450, 856)",174,58
222,1254.1515151515152,643.1969696969697,66.0,1134.9244384765625,816048.8390546521,"(627, 1247, 652, 1259)",97,91
222,1978.0,1158.5,2.0,871.1112060546875,24728.752698625824,"(1158, 1978, 1160, 1979)",89,56
222,1532.5,1227.5,4.0,906.6612548828125,49457.50539725165,"(1227, 1532, 1229, 1534)",235,74
222,1234.5,1682.5,2.0,836.2595825195312,24728.752698625824,"(1682, 1234, 1684, 1236)",83,36
222,1562.6666666666667,1721.0,3.0,802.143310546875,37093.12904793874,"(1720, 1562, 1723, 1564)",26,64
222,149.0,1896.0,1.0,802.143310546875,12364.376349312912,"(1896, 149, 1897, 150)",159,85
223,38.5,245.0,10.0,1134.9478759765625,123643.76349312911,"(241, 38, 250, 40)",180,40
223,854.0,451.0,1.0,802.1427612304688,12364.376349312912,"(451, 854, 452, 855)",174,58
223,1966.0833333333333,1639.75,12.0,2026.672607421875,148372.51619175496,"(1638, 1964, 1642, 1969)",177,36
223,1235.0,1680.0,1.0,802.1427612304688,12364.376349312912,"(1680, 1235, 1681, 1236)",83,36
223,1564.0,1720.0,1.0,802.1427612304688,12364.376349312912,"(1720, 1564, 1721, 1565)",26,64
223,411.0,1767.5,2.0,802.1427612304688,24728.752698625824,"(1767, 411, 1769, 412)",15,83
223,165.0,1902.0,1.0,802.1427612304688,12364.376349312912,"(1902, 165, 1903, 166)",159,85
223,316.0,1967.0,1.0,802.1427612304688,12364.376349312912,"(1967, 316, 1968, 317)",145,22
224,72.28571428571429,223.57142857142858,7.0,1056.0057373046875,86550.63444519039,"(221, 71, 226, 74)",180,40
224,38.55555555555556,245.44444444444446,9.0,1216.7142333984375,111279.3871438162,"(242, 38, 250, 40)",180,40
224,793.0,1057.0,1.0,871.1080932617188,12364.376349312912,"(1057, 793, 1058, 794)",248,7
224,1583.0,1085.5,2.0,802.1488647460938,24728.752698625824,"(1085, 1583, 1087, 1584)",148,4
224,266.0,1235.5,2.0,836.2786865234375,24728.752698625824,"(1235, 266, 1237, 267)",40,47
224,1554.5,1244.0,2.0,836.2786865234375,24728.752698625824,"(1244, 1554, 1245, 1556)",235,74
224,1965.2307692307693,1640.3076923076924,13.0,1525.3187255859375,160736.89254106785,"(1638, 1963, 1643, 1969)",177,36
224,1239.5,1702.0,2.0,802.1488647460938,24728.752698625824,"(1702, 1239, 1703, 1241)",83,36
224,1564.0,1720.0,1.0,802.1488647460938,12364.376349312912,"(1720, 1564, 1721, 1565)",26,64
224,411.0,1767.5,2.0,802.1488647460938,24728.752698625824,"(1767, 411, 1769, 412)",15,83
225,1583.0,1083.0,3.0,836.2786865234375,37093.12904793874,"(1082, 1583, 1085, 1584)",148,4
225,351.8,1209.6,5.0,1095.10595703125,61821.881746564555,"(1209, 351, 1211, 354)",288,7
225,1553.6666666666667,1245.3333333333333,3.0,1017.6050415039062,37093.12904793874,"(1245, 1553, 1247, 1555)",235,74
225,1967.125,1639.5,8.0,1344.728759765625,98915.0107945033,"(1638, 1966, 1642, 1969)",177,36
225,1564.0,1720.0,1.0,802.1488647460938,12364.376349312912,"(1720, 1564, 1721, 1565)",26,64
225,411.0,1766.5,2.0,836.2786865234375,24728.752698625824,"(1766, 411, 1768, 412)",15,83
225,71.0,1880.0,1.0,802.1488647460938,12364.376349312912,"(1880, 71, 1881, 72)",159,85
226,855.0,446.0,3.0,836.2703247070312,37093.12904793874,"(446, 854, 447, 857)",174,58
226,985.0,540.0,9.0,942.95068359375,111279.3871438162,"(536, 985, 545, 986)",66,50
226,585.4285714285714,594.0,7.0,1017.59228515625,86550.63444519039,"(593, 584, 597, 587)",271,17
226,129.0,1056.0,1.0,871.123291015625,12364.376349312912,"(1056, 129, 1057, 130)",34,49
226,1582.0,1081.0,3.0,836.2703247070312,37093.12904793874,"(1080, 1582, 1083, 1583)",148,4
226,351.38461538461536,1208.4615384615386,13.0,1216.708740234375,160736.89254106785,"(1207, 349, 1211, 355)",288,7
226,1554.6666666666667,1244.6666666666667,3.0,979.9251708984375,37093.12904793874,"(1244, 1554, 1246, 1556)",235,74
226,1966.5,1638.5,6.0,1095.0914306640625,74186.25809587748,"(1637, 1966, 1641, 1968)",177,36
226,1560.0,1716.0,1.0,802.1534423828125,12364.376349312912,"(1716, 1560, 1717, 1561)",26,64
226,997.0,1951.0,1.0,802.1534423828125,12364.376349312912,"(1951, 997, 1952, 998)",93,52
226,1324.0,2014.0,1.0,802.1534423828125,12364.376349312912,"(2014, 1324, 2015, 1325)",290,4
226,331.0,2023.0,1.0,802.1534423828125,12364.376349312912,"(2023, 331, 2024, 332)",273,3
227,571.0,6.0,1.0,836.240234375,12364.376349312912,"(6, 571, 7, 572)",198,7
227,1518.8,147.5,10.0,906.6559448242188,123643.76349312911,"(146, 1517, 150, 1522)",42,58
227,1561.6666666666667,437.3333333333333,3.0,871.12939453125,37093.12904793874,"(437, 1561, 439, 1563)",21,92
227,585.5714285714286,593.8214285714286,28.0,1619.9122314453125,346202.53778076154,"(590, 583, 598, 589)",271,17
227,1253.923076923077,612.2307692307693,13.0,1095.126708984375,160736.89254106785,"(609, 1253, 616, 1256)",97,91
227,95.0,964.0,1.0,802.1046142578125,12364.376349312912,"(964, 95, 965, 96)",65,70
227,1979.0,1158.0,1.0,802.1046142578125,12364.376349312912,"(1158, 1979, 1159, 1980)",89,56
227,1555.5,1246.0,2.0,906.6559448242188,24728.752698625824,"(1246, 1555, 1247, 1557)",235,74
227,1966.7,1638.5,10.0,1134.9420166015625,123643.76349312911,"(1637, 1965, 1641, 1969)",177,36
227,1246.0,1676.0,1.0,802.1046142578125,12364.376349312912,"(1676, 1246, 1677, 1247)",83,36
227,1560.0,1719.3333333333333,6.0,871.12939453125,74186.25809587748,"(1717, 1559, 1722, 1562)",26,64
227,409.0,1762.0,1.0,802.1046142578125,12364.376349312912,"(1762, 409, 1763, 410)",15,83
228,1520.8461538461538,147.23076923076923,13.0,942.9521484375,160736.89254106785,"(145, 1518, 150, 1525)",42,58
228,713.0,569.0,1.0,871.090576171875,12364.376349312912,"(569, 713, 570, 714)",128,8
228,585.7575757575758,595.5454545454545,33.0,1433.6234130859375,408024.41952732607,"(592, 582, 602, 589)",271,17
228,1254.857142857143,611.4285714285714,7.0,1095.097412109375,86550.63444519039,"(610, 1254, 614, 1257)",97,91
228,1241.0,641.0,3.0,871.090576171875,37093.12904793874,"(640, 1241, 643, 1242)",97,91
228,1972.625,1162.75,8.0,836.2536010742188,98915.0107945033,"(1161, 1971, 1166, 1975)",89,56
228,370.0,1211.0,5.0,942.9521484375,61821.881746564555,"(1211, 368, 1212, 373)",288,7
228,1554.0,1245.0,3.0,871.090576171875,37093.12904793874,"(1245, 1553, 1246, 1556)",235,74
228,1967.75,1638.0,8.0,1344.69873046875,98915.0107945033,"(1637, 1966, 1640, 1970)",177,36
228,1238.0,1699.0,1.0,802.1275634765625,12364.376349312912,"(1699, 1238, 1700, 1239)",83,36
228,899.1923076923077,1947.3076923076924,26.0,942.9521484375,321473.7850821357,"(1944, 890, 1951, 908)",39,65
229,1529.0,29.0,1.0,802.1480712890625,12364.376349312912,"(29, 1529, 30, 1530)",199,15
229,981.5454545454545,563.7272727272727,11.0,942.9453125,136008.13984244203,"(561, 981, 568, 984)",66,50
229,585.0294117647059,595.7647058823529,34.0,1017.6302490234375,420388.795876639,"(592, 582, 601, 588)",271,17
229,1254.5,611.8,10.0,1017.6302490234375,123643.76349312911,"(610, 1253, 616, 1256)",97,91
229,1971.1176470588234,1163.4705882352941,17.0,871.117919921875,210194.3979383195,"(1162, 1968, 1167, 1976)",89,56
229,369.5,1211.0,2.0,836.2432861328125,24728.752698625824,"(1211, 369, 1212, 371)",288,7
229,1539.0,1234.0,1.0,802.1480712890625,12364.376349312912,"(1234, 1539, 1235, 1540)",235,74
229,709.0,1560.0,1.0,802.1480712890625,12364.376349312912,"(1560, 709, 1561, 710)",194,23
229,1967.6153846153845,1638.1538461538462,13.0,1344.68505859375,160736.89254106785,"(1636, 1966, 1641, 1970)",177,36
229,1594.0,1694.0,1.0,802.1480712890625,12364.376349312912,"(1694, 1594, 1695, 1595)",26,64
229,970.0,1925.0,1.0,802.1480712890625,12364.376349312912,"(1925, 970, 1926, 971)",93,52
229,315.0,1970.0,1.0,802.1480712890625,12364.376349312912,"(1970, 315, 1971, 316)",145,22
230,1405.0,394.5,2.0,802.16064453125,24728.752698625824,"(394, 1405, 396, 1406)",294,6
230,1253.25,612.1666666666666,12.0,1017.602783203125,148372.51619175496,"(610, 1252, 616, 1255)",97,91
230,790.5,1058.5,4.0,1388.7969970703125,49457.50539725165,"(1058, 790, 1060, 792)",248,7
230,368.42857142857144,1212.0,7.0,1216.699951171875,86550.63444519039,"(1211, 366, 1214, 372)",288,7
230,1538.0,1234.0,1.0,802.16064453125,12364.376349312912,"(1234, 1538, 1235, 1539)",235,74
230,410.57142857142856,1501.142857142857,7.0,1258.650390625,86550.63444519039,"(1499, 410, 1504, 412)",232,38
230,1966.4166666666667,1638.8333333333333,12.0,1175.4747314453125,148372.51619175496,"(1637, 1964, 1641, 1969)",177,36
230,1555.3333333333333,1728.0,3.0,802.16064453125,37093.12904793874,"(1727, 1555, 1730, 1557)",26,64
231,1490.5,8.0,6.0,836.2786865234375,74186.25809587748,"(8, 1488, 9, 1494)",199,15
231,1406.5,395.0,4.0,871.1080932617188,49457.50539725165,"(394, 1406, 397, 1408)",294,6
231,587.0,596.0,1.0,836.2786865234375,12364.376349312912,"(596, 587, 597, 588)",271,17
231,1254.625,612.625,8.0,942.9390869140625,98915.0107945033,"(611, 1254, 616, 1256)",97,91
231,1251.0,645.4545454545455,11.0,1017.6050415039062,136008.13984244203,"(643, 1249, 648, 1254)",97,91
231,1968.5,1164.3333333333333,6.0,871.1080932617188,74186.25809587748,"(1163, 1966, 1166, 1972)",89,56
231,373.0,1213.0,5.0,1056.0057373046875,61821.881746564555,"(1213, 371, 1214, 376)",288,7
231,411.42857142857144,1502.7142857142858,7.0,1134.9425048828125,86550.63444519039,"(1501, 411, 1505, 413)",232,38
231,1968.375,1639.375,8.0,1095.10595703125,98915.0107945033,"(1638, 1966, 1641, 1971)",177,36
231,1260.0,1698.0,1.0,802.1488647460938,12364.376349312912,"(1698, 1260, 1699, 1261)",83,36
231,1555.0,1726.0,1.0,802.1488647460938,12364.376349312912,"(1726, 1555, 1727, 1556)",26,64
231,470.5,1846.5,4.0,942.9390869140625,49457.50539725165,"(1846, 470, 1848, 472)",284,12
231,907.0,1938.0,1.0,802.1488647460938,12364.376349312912,"(1938, 907, 1939, 908)",39,65
232,1492.40625,5.53125,32.0,1095.122314453125,395660.0431780132,"(4, 1485, 8, 1502)",199,15
232,74.0,220.0,1.0,942.9468994140625,12364.376349312912,"(220, 74, 221, 75)",180,40
232,1556.4285714285713,434.85714285714283,7.0,1017.599609375,86550.63444519039,"(434, 1555, 437, 1559)",21,92
232,709.8333333333334,565.0,6.0,1216.697509765625,74186.25809587748,"(563, 708, 568, 713)",128,8
232,584.0,594.0,1.0,871.128173828125,12364.376349312912,"(594, 584, 595, 585)",271,17
232,1254.6666666666667,612.0,9.0,979.8966064453125,111279.3871438162,"(610, 1254, 616, 1256)",97,91
232,1252.5625,643.375,16.0,1095.122314453125,197830.0215890066,"(639, 1250, 647, 1256)",97,91
232,382.0,1212.5,4.0,871.128173828125,49457.50539725165,"(1212, 381, 1214, 384)",288,7
232,1969.6,1637.8,5.0,906.6788330078125,61821.881746564555,"(1637, 1968, 1640, 1972)",177,36
232,1644.6666666666667,1658.6666666666667,3.0,871.128173828125,37093.12904793874,"(1658, 1644, 1660, 1646)",186,28
232,1571.0,1714.0,1.0,802.1434326171875,12364.376349312912,"(1714, 1571, 1715, 1572)",26,64
232,1328.0,1786.0,1.0,802.1434326171875,12364.376349312912,"(1786, 1328, 1787, 1329)",301,4
233,51.0,170.5,2.0,979.91650390625,24728.752698625824,"(170, 51, 172, 52)",132,39
233,555.0,259.0,1.0,802.1283569335938,12364.376349312912,"(259, 555, 260, 556)",19,72
233,383.0,323.0,1.0,802.1283569335938,12364.376349312912,"(323, 383, 324, 384)",219,30
233,1406.2857142857142,393.14285714285717,14.0,1017.609130859375,173101.26889038077,"(390, 1405, 397, 1409)",294,6
233,794.3333333333334,1060.6666666666667,3.0,979.91650390625,37093.12904793874,"(1060, 794, 1062, 796)",248,7
233,1979.0,1160.0,1.0,802.1283569335938,12364.376349312912,"(1160, 1979, 1161, 1980)",89,56
233,1024.0,1572.0,1.0,802.1283569335938,12364.376349312912,"(1572, 1024, 1573, 1025)",302,13
233,1970.0,1637.5,4.0,942.9273071289062,49457.50539725165,"(1637, 1969, 1639, 1972)",177,36
233,1235.0,1705.0,1.0,802.1283569335938,12364.376349312912,"(1705, 1235, 1706, 1236)",83,36
233,1327.0,1786.0,1.0,802.1283569335938,12364.376349312912,"(1786, 1327, 1787, 1328)",301,4
233,470.5,1847.5,10.0,1095.1044921875,123643.76349312911,"(1845, 470, 1851, 472)",284,12
233,190.0,1930.0,1.0,802.1283569335938,12364.376349312912,"(1930, 190, 1931, 191)",159,85
233,312.0,1973.0,1.0,802.1283569335938,12364.376349312912,"(1973, 312, 1974, 313)",145,22
234,49.30769230769231,169.92307692307693,13.0,1572.27587890625,160736.89254106785,"(169, 47, 172, 53)",132,39
234,978.0,533.0,1.0,802.1180419921875,12364.376349312912,"(533, 978, 534, 979)",66,50
234,1841.0,533.5,2.0,906.6573486328125,24728.752698625824,"(533, 1841, 535, 1842)",286,27
234,707.5,564.0,8.0,1619.9163818359375,98915.0107945033,"(562, 706, 567, 710)",128,8
234,408.85714285714283,1502.047619047619,21.0,2538.66650390625,259651.90333557114,"(1497, 408, 1507, 411)",232,38
234,1969.0,1637.0,1.0,871.12939453125,12364.376349312912,"(1637, 1969, 1638, 1970)",177,36
234,1647.5,1655.5,2.0,802.1180419921875,24728.752698625824,"(1655, 1647, 1657, 1649)",186,28
234,1322.5,1785.5,2.0,802.1180419921875,24728.752698625824,"(1785, 1322, 1787, 1324)",301,4
234,469.0,1847.5,2.0,979.9119873046875,24728.752698625824,"(1847, 469, 1849, 470)",284,12
234,1742.0,2031.0,1.0,802.1180419921875,12364.376349312912,"(2031, 1742, 2032, 1743)",304,9
235,1520.0,144.0,1.0,802.1377563476562,12364.376349312912,"(144, 1520, 145, 1521)",42,58
235,50.294117647058826,169.11764705882354,17.0,1433.621826171875,210194.3979383195,"(168, 47, 171, 55)",132,39
235,554.0,257.0,1.0,906.6456909179688,12364.376349312912,"(257, 554, 258, 555)",19,72
235,1554.857142857143,434.85714285714283,7.0,1056.02197265625,86550.63444519039,"(433, 1554, 437, 1557)",21,92
235,1842.0,533.0,1.0,906.6456909179688,12364.376349312912,"(533, 1842, 534, 1843)",286,27
235,708.8,563.4,5.0,1344.6917724609375,61821.881746564555,"(562, 708, 566, 711)",128,8
235,556.0,806.0,1.0,836.2679443359375,12364.376349312912,"(806, 556, 807, 557)",225,5
235,190.71428571428572,1064.4285714285713,7.0,1056.02197265625,86550.63444519039,"(1064, 189, 1066, 193)",253,7
235,1982.0,1158.0,1.0,802.1377563476562,12364.376349312912,"(1158, 1982, 1159, 1983)",89,56
235,268.35714285714283,1207.0,14.0,942.9436645507812,173101.26889038077,"(1204, 266, 1211, 272)",40,47
235,409.15384615384613,1502.1153846153845,26.0,3310.933349609375,321473.7850821357,"(1497, 408, 1507, 412)",232,38
235,1969.1666666666667,1636.6666666666667,6.0,979.8970336914062,74186.25809587748,"(1635, 1968, 1639, 1971)",177,36
235,1646.857142857143,1655.0,7.0,1017.6066284179688,86550.63444519039,"(1654, 1645, 1657, 1650)",186,28
235,1323.0,1785.0,1.0,802.1377563476562,12364.376349312912,"(1785, 1323, 1786, 1324)",301,4
235,1740.0,2031.5,2.0,802.1377563476562,24728.752698625824,"(2031, 1740, 2033, 1741)",304,9
236,1848.3333333333333,534.3333333333334,3.0,871.1288452148438,37093.12904793874,"(534, 1848, 536, 1850)",286,27
236,709.8333333333334,564.0,6.0,1525.3291015625,74186.25809587748,"(563, 709, 566, 712)",128,8
236,557.0,806.5,4.0,1095.1123046875,49457.50539725165,"(806, 556, 808, 559)",225,5
236,267.72,1205.76,25.0,979.9061889648438,309109.4087328228,"(1202, 265, 1210, 271)",40,47
236,410.1666666666667,1503.5,24.0,2912.01318359375,296745.0323835099,"(1499, 409, 1508, 414)",232,38
236,1970.5,1637.1666666666667,6.0,906.686279296875,74186.25809587748,"(1636, 1969, 1639, 1973)",177,36
236,1279.0,1755.0,1.0,802.118896484375,12364.376349312912,"(1755, 1279, 1756, 1280)",100,17
236,903.0,1938.0,3.0,802.118896484375,37093.12904793874,"(1938, 902, 1939, 905)",39,65
236,1739.3333333333333,2031.6666666666667,3.0,802.118896484375,37093.12904793874,"(2031, 1739, 2033, 1741)",304,9
237,73.5,218.75,4.0,942.9141845703125,49457.50539725165,"(218, 72, 221, 76)",180,40
237,1407.6666666666667,394.06666666666666,15.0,1056.0159912109375,185465.64523969367,"(391, 1405, 399, 1412)",294,6
237,1554.0,437.0,1.0,906.6636962890625,12364.376349312912,"(437, 1554, 438, 1555)",21,92
237,711.75,566.125,8.0,1344.6947021484375,98915.0107945033,"(564, 710, 570, 715)",128,8
237,980.25,565.5,4.0,871.117431640625,49457.50539725165,"(564, 980, 568, 982)",66,50
237,557.0,807.0,1.0,906.6636962890625,12364.376349312912,"(807, 557, 808, 558)",225,5
237,267.0,1204.0,1.0,802.1377563476562,12364.376349312912,"(1204, 267, 1205, 268)",40,47
237,1531.0,1235.0,1.0,802.1377563476562,12364.376349312912,"(1235, 1531, 1236, 1532)",235,74
237,409.4117647058824,1503.3529411764705,17.0,1767.10693359375,210194.3979383195,"(1501, 408, 1507, 412)",232,38
237,1581.0,1681.0,1.0,802.1377563476562,12364.376349312912,"(1681, 1581, 1682, 1582)",26,64
237,1279.0,1754.0,1.0,802.1377563476562,12364.376349312912,"(1754, 1279, 1755, 1280)",100,17
237,1739.0,2031.0,1.0,802.1377563476562,12364.376349312912,"(2031, 1739, 2032, 1740)",304,9
238,833.0,392.0,1.0,802.1207275390625,12364.376349312912,"(392, 833, 393, 834)",174,58
238,1846.0,534.0,3.0,979.8946533203125,37093.12904793874,"(533, 1846, 536, 1847)",286,27
238,978.9333333333333,568.2,15.0,1056.01513671875,185465.64523969367,"(563, 978, 574, 982)",66,50
238,1239.0,631.0,1.0,802.1207275390625,12364.376349312912,"(631, 1239, 632, 1240)",97,91
238,95.0,965.0,1.0,802.1207275390625,12364.376349312912,"(965, 95, 966, 96)",65,70
238,408.8235294117647,1503.1176470588234,17.0,1175.476806640625,210194.3979383195,"(1501, 407, 1507, 412)",232,38
238,711.0,1559.0,1.0,802.1207275390625,12364.376349312912,"(1559, 711, 1560, 712)",194,23
238,1245.0,1668.0,1.0,836.2672119140625,12364.376349312912,"(1668, 1245, 1669, 1246)",83,36
238,1583.0,1685.0,1.0,802.1207275390625,12364.376349312912,"(1685, 1583, 1686, 1584)",26,64
239,59.666666666666664,170.66666666666666,9.0,1767.1014404296875,111279.3871438162,"(169, 58, 173, 62)",132,39
239,1406.25,393.125,8.0,979.8931884765625,98915.0107945033,"(392, 1405, 395, 1409)",294,6
239,858.0,453.0,1.0,836.2680053710938,12364.376349312912,"(453, 858, 454, 859)",174,58
239,981.2083333333334,569.0833333333334,24.0,1388.799560546875,296745.0323835099,"(563, 980, 576, 984)",66,50
239,1249.0,605.0,1.0,906.66259765625,12364.376349312912,"(605, 1249, 606, 1250)",97,91
239,1242.0,634.0,1.0,871.10546875,12364.376349312912,"(634, 1242, 635, 1243)",97,91
239,158.4,880.8,5.0,979.8931884765625,61821.881746564555,"(880, 157, 882, 161)",308,3
239,99.0,967.0,1.0,802.150146484375,12364.376349312912,"(967, 99, 968, 100)",65,70
239,1532.0,1234.0,9.0,1973.33251953125,111279.3871438162,"(1233, 1531, 1236, 1534)",235,74
239,411.375,1504.625,16.0,1717.321533203125,197830.0215890066,"(1502, 410, 1508, 414)",232,38
239,1245.0,1668.0,1.0,802.150146484375,12364.376349312912,"(1668, 1245, 1669, 1246)",83,36
239,76.5,1881.0,2.0,802.150146484375,24728.752698625824,"(1881, 76, 1882, 78)",159,85
240,1514.0,10.0,1.0,802.1207275390625,12364.376349312912,"(10, 1514, 11, 1515)",199,15
240,1525.0,40.0,1.0,802.1207275390625,12364.376349312912,"(40, 1525, 41, 1526)",199,15
240,60.5,171.0,4.0,1868.798828125,49457.50539725165,"(170, 60, 173, 62)",132,39
240,77.19354838709677,219.38709677419354,31.0,1868.798828125,383295.6668287003,"(216, 75, 226, 82)",180,40
240,1405.857142857143,392.7142857142857,7.0,979.8946533203125,86550.63444519039,"(392, 1404, 394, 1409)",294,6
240,1555.25,436.75,4.0,836.2672119140625,49457.50539725165,"(436, 1555, 439, 1557)",21,92
240,855.0,441.0,1.0,802.1207275390625,12364.376349312912,"(441, 855, 442, 856)",174,58
240,1250.0,605.5,2.0,836.2672119140625,24728.752698625824,"(605, 1250, 607, 1251)",97,91
240,158.71428571428572,880.4285714285714,7.0,1134.9384765625,86550.63444519039,"(880, 157, 882, 161)",308,3
240,1532.5,1233.5,4.0,1017.5960083007812,49457.50539725165,"(1233, 1532, 1235, 1534)",235,74
240,412.0,1504.8,10.0,1344.70556640625,123643.76349312911,"(1503, 411, 1508, 414)",232,38
240,1648.0,1656.0,1.0,802.1207275390625,12364.376349312912,"(1656, 1648, 1657, 1649)",186,28
240,1243.3333333333333,1675.5416666666667,48.0,979.8946533203125,593490.0647670198,"(1668, 1237, 1684, 1250)",83,36
240,69.0,1881.0,1.0,802.1207275390625,12364.376349312912,"(1881, 69, 1882, 70)",159,85
240,973.0,1919.0,1.0,802.1207275390625,12364.376349312912,"(1919, 973, 1920, 974)",93,52
240,905.0,1938.0,1.0,802.1207275390625,12364.376349312912,"(1938, 905, 1939, 906)",39,65
241,1523.3333333333333,40.333333333333336,3.0,802.10205078125,37093.12904793874,"(40, 1523, 42, 1525)",199,15
241,75.28571428571429,218.85714285714286,28.0,1479.041748046875,346202.53778076154,"(216, 72, 225, 80)",180,40
241,544.0,230.0,1.0,802.10205078125,12364.376349312912,"(230, 544, 231, 545)",19,72
241,106.5,395.5,4.0,1175.482666015625,49457.50539725165,"(395, 106, 397, 108)",266,35
241,1553.0,436.5,2.0,802.10205078125,24728.752698625824,"(436, 1553, 438, 1554)",21,92
241,1249.0,604.5,2.0,836.30322265625,24728.752698625824,"(604, 1249, 606, 1250)",97,91
241,156.5,879.5,4.0,1134.9765625,49457.50539725165,"(879, 155, 881, 159)",308,3
241,410.5,1504.5,6.0,1216.77685546875,74186.25809587748,"(1503, 410, 1507, 412)",232,38
241,1247.0,1666.0,1.0,802.10205078125,12364.376349312912,"(1666, 1247, 1667, 1248)",83,36
241,76.0,1880.5,4.0,802.10205078125,49457.50539725165,"(1880, 75, 1882, 78)",159,85
242,1581.0,161.0,1.0,802.1377563476562,12364.376349312912,"(161, 1581, 162, 1582)",42,58
242,75.52941176470588,219.23529411764707,17.0,1095.0927734375,210194.3979383195,"(217, 74, 225, 79)",180,40
242,1856.6666666666667,306.0,3.0,1095.0927734375,37093.12904793874,"(305, 1856, 308, 1858)",157,13
242,107.375,396.875,8.0,1388.803955078125,98915.0107945033,"(395, 106, 399, 109)",266,35
242,1553.0,438.0,1.0,871.1038818359375,12364.376349312912,"(438, 1553, 439, 1554)",21,92
242,851.0,453.0,1.0,871.1038818359375,12364.376349312912,"(453, 851, 454, 852)",174,58
242,979.2,567.8,5.0,906.6456909179688,61821.881746564555,"(566, 979, 570, 981)",66,50
242,1249.0,605.0,1.0,836.2679443359375,12364.376349312912,"(605, 1249, 606, 1250)",97,91
242,411.0,1505.0,3.0,979.8970336914062,37093.12904793874,"(1504, 411, 1507, 412)",232,38
242,1244.0,1668.5,2.0,836.2679443359375,24728.752698625824,"(1668, 1244, 1670, 1245)",83,36
242,916.0,1945.0,1.0,802.1377563476562,12364.376349312912,"(1945, 916, 1946, 917)",39,65
243,74.61538461538461,218.15384615384616,13.0,1479.1351318359375,160736.89254106785,"(216, 73, 221, 77)",180,40
243,376.0,294.5,2.0,802.113037109375,24728.752698625824,"(294, 376, 296, 377)",219,30
243,107.5,397.5,6.0,1525.32568359375,74186.25809587748,"(396, 107, 400, 109)",266,35
243,978.8260869565217,571.6521739130435,23.0,1055.972900390625,284380.65603419696,"(566, 978, 579, 981)",66,50
243,410.6666666666667,1504.8333333333333,6.0,1055.972900390625,74186.25809587748,"(1503, 410, 1508, 412)",232,38
244,76.0,216.57142857142858,7.0,1216.7191162109375,86550.63444519039,"(216, 75, 219, 79)",180,40
244,1861.2222222222222,297.25925925925924,27.0,1433.615478515625,333838.1614314486,"(290, 1857, 307, 1866)",157,13
244,107.5,398.0,6.0,1619.9263916015625,74186.25809587748,"(397, 107, 400, 109)",266,35
244,978.9473684210526,569.8421052631579,19.0,979.9109497070312,234923.15063694533,"(566, 978, 576, 982)",66,50
244,1967.0,1155.0,1.0,802.1386108398438,12364.376349312912,"(1155, 1967, 1156, 1968)",89,56
244,410.5,1505.0,4.0,942.9217529296875,49457.50539725165,"(1504, 410, 1507, 412)",232,38
244,1646.6666666666667,1656.6666666666667,3.0,802.1386108398438,37093.12904793874,"(1656, 1646, 1658, 1648)",186,28
244,403.0,1763.0,1.0,802.1386108398438,12364.376349312912,"(1763, 403, 1764, 404)",15,83
244,1285.0,1771.0,1.0,802.1386108398438,12364.376349312912,"(1771, 1285, 1772, 1286)",100,17
244,901.0,1939.0,1.0,802.1386108398438,12364.376349312912,"(1939, 901, 1940, 902)",39,65
245,1525.0,31.0,1.0,802.123291015625,12364.376349312912,"(31, 1525, 32, 1526)",199,15
245,76.5,216.0,2.0,1056.0169677734375,24728.752698625824,"(216, 76, 217, 78)",180,40
245,1861.65,297.4,20.0,1134.9468994140625,247287.52698625822,"(291, 1858, 306, 1865)",157,13
245,381.0,310.0,1.0,802.123291015625,12364.376349312912,"(310, 381, 311, 382)",219,30
245,108.5,399.0,6.0,1479.126220703125,74186.25809587748,"(398, 108, 401, 110)",266,35
245,411.0,1504.0,1.0,836.2608642578125,12364.376349312912,"(1504, 411, 1505, 412)",232,38
245,887.0,1927.0,1.0,802.123291015625,12364.376349312912,"(1927, 887, 1928, 888)",39,65
246,108.5,399.0,6.0,1479.1083984375,74186.25809587748,"(398, 108, 401, 110)",266,35
246,1577.0,425.0,1.0,836.25830078125,12364.376349312912,"(425, 1577, 426, 1578)",21,92
246,858.0,455.0,1.0,802.1386108398438,12364.376349312912,"(455, 858, 456, 859)",174,58
246,411.0,1505.5,2.0,871.1129150390625,24728.752698625824,"(1505, 411, 1507, 412)",232,38
246,1244.3030303030303,1675.7272727272727,33.0,942.9217529296875,408024.41952732607,"(1668, 1239, 1684, 1250)",83,36
247,76.0,215.66666666666666,3.0,979.901611328125,37093.12904793874,"(215, 75, 217, 78)",180,40
247,1862.8,293.5,10.0,1017.5823974609375,123643.76349312911,"(289, 1861, 299, 1865)",157,13
247,108.66666666666667,398.3333333333333,9.0,1767.0914306640625,111279.3871438162,"(397, 108, 401, 111)",266,35
248,108.0,397.5,10.0,1479.10546875,123643.76349312911,"(396, 107, 400, 110)",266,35
248,1871.0,1255.0,1.0,802.1283569335938,12364.376349312912,"(1255, 1871, 1256, 1872)",260,7
248,411.0,1500.5,4.0,1344.7196044921875,49457.50539725165,"(1499, 411, 1503, 412)",232,38
249,76.45454545454545,210.0909090909091,11.0,1216.70458984375,136008.13984244203,"(209, 73, 213, 80)",180,40
249,1858.6666666666667,296.0,3.0,906.691650390625,37093.12904793874,"(295, 1858, 298, 1860)",157,13
249,106.35714285714286,397.7857142857143,14.0,2848.015625,173101.26889038077,"(396, 105, 401, 109)",266,35
249,1579.0,427.0,1.0,802.158447265625,12364.376349312912,"(427, 1579, 428, 1580)",21,92
249,1529.0,1230.0,1.0,836.2626953125,12364.376349312912,"(1230, 1529, 1231, 1530)",235,74
249,402.5,1766.0,2.0,836.2626953125,24728.752698625824,"(1766, 402, 1767, 404)",15,83
249,1719.3333333333333,2032.3333333333333,3.0,802.158447265625,37093.12904793874,"(2032, 1719, 2034, 1721)",304,9
250,1517.0,20.0,1.0,802.146728515625,12364.376349312912,"(20, 1517, 21, 1518)",199,15
250,79.875,210.375,8.0,1095.109375,98915.0107945033,"(210, 77, 212, 84)",180,40
250,385.0,327.0,1.0,802.146728515625,12364.376349312912,"(327, 385, 328, 386)",219,30
250,108.42105263157895,398.42105263157896,19.0,2660.25341796875,234923.15063694533,"(397, 106, 401, 112)",266,35
250,1400.5,443.0,2.0,871.0897827148438,24728.752698625824,"(443, 1400, 444, 1402)",313,18
250,589.5,589.0,4.0,802.146728515625,49457.50539725165,"(588, 589, 591, 591)",271,17
250,638.1666666666666,1233.5,6.0,802.146728515625,74186.25809587748,"(1233, 637, 1235, 641)",314,4
250,1246.0,1672.0,1.0,802.146728515625,12364.376349312912,"(1672, 1246, 1673, 1247)",83,36
250,122.0,1877.0,1.0,802.146728515625,12364.376349312912,"(1877, 122, 1878, 123)",159,85
251,54.5,177.0,4.0,979.9379272460938,49457.50539725165,"(177, 53, 178, 57)",132,39
251,163.0,234.0,1.0,1095.1336669921875,12364.376349312912,"(234, 163, 235, 164)",4,33
251,1862.0,301.0,1.0,906.65185546875,12364.376349312912,"(301, 1862, 302, 1863)",157,13
251,111.875,398.9375,16.0,2912.015625,197830.0215890066,"(398, 109, 401, 116)",266,35
251,1251.0,606.0,3.0,802.156494140625,37093.12904793874,"(605, 1251, 608, 1252)",97,91
251,647.0,1230.0,1.0,802.156494140625,12364.376349312912,"(1230, 647, 1231, 648)",314,4
251,343.0,1249.0,1.0,836.2637939453125,12364.376349312912,"(1249, 343, 1250, 344)",10,51
251,927.0,1391.0,1.0,802.156494140625,12364.376349312912,"(1391, 927, 1392, 928)",50,61
251,747.0,1573.5,2.0,802.156494140625,24728.752698625824,"(1573, 747, 1575, 748)",194,23
251,403.0,1762.0,1.0,802.156494140625,12364.376349312912,"(1762, 403, 1763, 404)",15,83
252,1525.0,20.0,1.0,802.1205444335938,12364.376349312912,"(20, 1525, 21, 1526)",199,15
252,54.5,177.5,4.0,1095.1138916015625,49457.50539725165,"(177, 54, 179, 56)",132,39
252,111.5,399.75,12.0,2722.11669921875,148372.51619175496,"(399, 109, 402, 115)",266,35
252,1565.5,452.0,4.0,836.25439453125,49457.50539725165,"(451, 1565, 454, 1567)",21,92
252,1857.090909090909,534.0,11.0,1056.021484375,136008.13984244203,"(532, 1855, 537, 1861)",286,27
252,980.5,567.8888888888889,18.0,942.9503784179688,222558.7742876324,"(563, 979, 572, 983)",66,50
252,1250.5,606.0,2.0,836.25439453125,24728.752698625824,"(606, 1250, 607, 1252)",97,91
252,153.66666666666666,674.3333333333334,3.0,871.0966186523438,37093.12904793874,"(674, 153, 676, 155)",23,51
252,1855.0,1114.0,1.0,802.1205444335938,12364.376349312912,"(1114, 1855, 1115, 1856)",317,16
252,639.3333333333334,1231.6666666666667,3.0,802.1205444335938,37093.12904793874,"(1231, 639, 1233, 641)",314,4
252,1531.5,1234.25,8.0,1479.1307373046875,98915.0107945033,"(1233, 1530, 1236, 1534)",235,74
252,926.2272727272727,1390.4545454545455,22.0,1175.4678955078125,272016.27968488407,"(1386, 924, 1396, 929)",50,61
252,185.0,1492.0,1.0,802.1205444335938,12364.376349312912,"(1492, 185, 1493, 186)",72,29
252,412.6,1501.8,5.0,1344.720458984375,61821.881746564555,"(1501, 412, 1504, 414)",232,38
252,413.0,1769.5,2.0,802.1205444335938,24728.752698625824,"(1769, 413, 1771, 414)",15,83
253,53.5,177.0,2.0,1017.6107177734375,24728.752698625824,"(177, 53, 178, 55)",132,39
253,1867.111111111111,286.1111111111111,9.0,1095.097412109375,111279.3871438162,"(283, 1866, 290, 1869)",157,13
253,111.0,398.75,4.0,1134.9283447265625,49457.50539725165,"(398, 110, 400, 113)",266,35
253,1564.25,452.625,8.0,979.9095458984375,98915.0107945033,"(450, 1562, 456, 1567)",21,92
253,979.578947368421,566.578947368421,19.0,1055.9915771484375,234923.15063694533,"(563, 978, 572, 982)",66,50
253,1250.0,605.0,1.0,979.9095458984375,12364.376349312912,"(605, 1250, 606, 1251)",97,91
253,154.0,674.0,1.0,802.1431884765625,12364.376349312912,"(674, 154, 675, 155)",23,51
253,112.5,788.0,2.0,802.1431884765625,24728.752698625824,"(788, 112, 789, 114)",318,9
253,1530.7777777777778,1233.5555555555557,9.0,1301.3209228515625,111279.3871438162,"(1232, 1529, 1236, 1534)",235,74
253,925.0,1387.5,4.0,1017.6107177734375,49457.50539725165,"(1386, 925, 1390, 926)",50,61
253,413.0,1499.5,2.0,1175.4842529296875,24728.752698625824,"(1499, 413, 1501, 414)",232,38
253,404.25,1767.25,4.0,836.2645263671875,49457.50539725165,"(1767, 403, 1769, 406)",15,83
253,1725.5,2047.0,2.0,802.1431884765625,24728.752698625824,"(2047, 1725, 2048, 1727)",304,9
254,1562.0,454.75,12.0,1017.6209716796875,148372.51619175496,"(451, 1560, 459, 1566)",21,92
254,1529.142857142857,1234.7142857142858,7.0,906.671875,86550.63444519039,"(1234, 1528, 1237, 1531)",235,74
254,930.0,1458.0,1.0,802.150146484375,12364.376349312912,"(1458, 930, 1459, 931)",50,61
255,77.06818181818181,210.97727272727272,44.0,1479.083251953125,544032.5593697681,"(208, 69, 217, 86)",180,40
255,1412.5,449.0,2.0,802.1572265625,24728.752698625824,"(449, 1412, 450, 1414)",313,18
255,1563.0,452.5,2.0,906.6805419921875,24728.752698625824,"(452, 1563, 454, 1564)",21,92
255,1856.764705882353,535.0,17.0,1095.08740234375,210194.3979383195,"(532, 1855, 540, 1860)",286,27
255,978.0,565.5,2.0,836.2545166015625,24728.752698625824,"(565, 978, 567, 979)",66,50
255,110.5,786.0,2.0,871.118896484375,24728.752698625824,"(786, 110, 787, 112)",318,9
255,940.0,1101.0,1.0,871.118896484375,12364.376349312912,"(1101, 940, 1102, 941)",29,79
255,1529.095238095238,1233.904761904762,21.0,1868.7969970703125,259651.90333557114,"(1232, 1527, 1238, 1532)",235,74
255,1356.5,1282.5,4.0,836.2545166015625,49457.50539725165,"(1281, 1356, 1285, 1358)",184,8
255,930.5,1389.0,2.0,802.1572265625,24728.752698625824,"(1389, 930, 1390, 932)",50,61
255,937.0,1448.0,1.0,802.1572265625,12364.376349312912,"(1448, 937, 1449, 938)",50,61
255,747.0,1570.0,1.0,802.1572265625,12364.376349312912,"(1570, 747, 1571, 748)",194,23
255,899.0,1930.0,1.0,802.1572265625,12364.376349312912,"(1930, 899, 1931, 900)",39,65
256,112.0,397.0,1.0,906.68408203125,12364.376349312912,"(397, 112, 398, 113)",266,35
256,1412.5,449.0,2.0,836.3009033203125,24728.752698625824,"(449, 1412, 450, 1414)",313,18
256,1564.0,452.0,1.0,871.0811767578125,12364.376349312912,"(452, 1564, 453, 1565)",21,92
256,1857.96,534.48,25.0,1301.308349609375,309109.4087328228,"(532, 1856, 540, 1861)",286,27
256,979.0,566.5,2.0,906.68408203125,24728.752698625824,"(566, 979, 568, 980)",66,50
256,111.75,784.75,4.0,906.68408203125,49457.50539725165,"(784, 111, 786, 114)",318,9
256,939.5,1101.0,4.0,979.909423828125,49457.50539725165,"(1101, 938, 1102, 942)",29,79
256,340.0,1248.0,1.0,802.119140625,12364.376349312912,"(1248, 340, 1249, 341)",10,51
256,932.5714285714286,1385.5714285714287,7.0,1017.606689453125,86550.63444519039,"(1384, 931, 1388, 935)",50,61
256,1971.0,1638.0,1.0,836.3009033203125,12364.376349312912,"(1638, 1971, 1639, 1972)",177,36
256,1244.0,1680.0,1.0,836.3009033203125,12364.376349312912,"(1680, 1244, 1681, 1245)",83,36
256,1900.0,1909.0,1.0,1258.674560546875,12364.376349312912,"(1909, 1900, 1910, 1901)",321,30
256,901.5,1928.75,4.0,836.3009033203125,49457.50539725165,"(1928, 900, 1930, 904)",39,65
257,77.35,209.85,60.0,1572.2568359375,741862.5809587747,"(205, 68, 221, 88)",180,40
257,59.0,227.0,1.0,836.25244140625,12364.376349312912,"(227, 59, 228, 60)",180,40
257,838.0,396.0,1.0,802.12158203125,12364.376349312912,"(396, 838, 397, 839)",174,58
257,1564.2727272727273,453.09090909090907,11.0,1095.0853271484375,136008.13984244203,"(450, 1562, 457, 1567)",21,92
257,1857.7096774193549,536.741935483871,31.0,1301.3582763671875,383295.6668287003,"(533, 1855, 544, 1861)",286,27
257,998.0,543.0,1.0,871.1270751953125,12364.376349312912,"(543, 998, 544, 999)",66,50
257,938.5,1102.0,4.0,942.9425048828125,49457.50539725165,"(1102, 937, 1103, 941)",29,79
257,277.0,1204.0,1.0,836.25244140625,12364.376349312912,"(1204, 277, 1205, 278)",40,47
257,1530.8666666666666,1235.9333333333334,15.0,2135.4580078125,185465.64523969367,"(1233, 1530, 1240, 1533)",235,74
257,932.75,1384.75,36.0,1479.1199951171875,445117.5485752648,"(1380, 930, 1390, 936)",50,61
257,1972.5714285714287,1638.0,7.0,1017.5677490234375,86550.63444519039,"(1637, 1971, 1640, 1975)",177,36
257,1653.5,1655.5,2.0,871.1270751953125,24728.752698625824,"(1655, 1653, 1657, 1655)",186,28
257,404.3529411764706,1761.9411764705883,17.0,906.6629638671875,210194.3979383195,"(1759, 401, 1766, 408)",15,83
258,76.16129032258064,209.25806451612902,63.0,1572.261962890625,778955.7100067134,"(203, 69, 219, 85)",180,40
258,551.0,257.0,1.0,802.1427001953125,12364.376349312912,"(257, 551, 258, 552)",19,72
258,1563.4615384615386,453.6923076923077,13.0,1055.9864501953125,160736.89254106785,"(450, 1560, 459, 1567)",21,92
258,1857.5526315789473,537.3421052631579,38.0,1344.72314453125,469846.30127389065,"(533, 1855, 546, 1861)",286,27
258,275.0,1203.0,1.0,802.1427001953125,12364.376349312912,"(1203, 275, 1204, 276)",40,47
258,1530.9375,1236.0,16.0,2080.72314453125,197830.0215890066,"(1234, 1529, 1239, 1534)",235,74
258,1972.1666666666667,1637.9166666666667,12.0,1344.72314453125,148372.51619175496,"(1637, 1970, 1640, 1975)",177,36
258,1653.5,1655.0,2.0,836.261962890625,24728.752698625824,"(1655, 1653, 1656, 1655)",186,28
258,1246.0,1698.0,1.0,802.1427001953125,12364.376349312912,"(1698, 1246, 1699, 1247)",83,36
258,469.0,1842.5,2.0,906.6666259765625,24728.752698625824,"(1842, 469, 1844, 470)",284,12
259,547.0,234.0,1.0,836.26171875,12364.376349312912,"(234, 547, 235, 548)",19,72
259,1857.7857142857142,539.1190476190476,42.0,1344.7403564453125,519303.8066711423,"(533, 1856, 548, 1862)",286,27
259,939.0,1103.0,1.0,802.1380615234375,12364.376349312912,"(1103, 939, 1104, 940)",29,79
259,1872.0,1116.0,1.0,802.1380615234375,12364.376349312912,"(1116, 1872, 1117, 1873)",317,16
259,1531.3125,1237.6875,16.0,2190.956787109375,197830.0215890066,"(1236, 1530, 1241, 1534)",235,74
259,184.0,1502.0,1.0,871.121826171875,12364.376349312912,"(1502, 184, 1503, 185)",72,29
259,1972.5555555555557,1638.6666666666667,9.0,979.9368896484375,111279.3871438162,"(1638, 1971, 1641, 1975)",177,36
259,117.0,1882.0,1.0,802.1380615234375,12364.376349312912,"(1882, 117, 1883, 118)",159,85
259,899.0,1930.0,1.0,802.1380615234375,12364.376349312912,"(1930, 899, 1931, 900)",39,65
260,1527.0,40.5,2.0,802.1377563476562,24728.752698625824,"(40, 1527, 42, 1528)",199,15
260,1550.0,175.0,1.0,802.1377563476562,12364.376349312912,"(175, 1550, 176, 1551)",42,58
260,1859.8271604938273,536.9382716049382,81.0,1817.624267578125,1001514.4842943458,"(530, 1856, 549, 1868)",286,27
260,1873.0,1115.0,1.0,802.1377563476562,12364.376349312912,"(1115, 1873, 1116, 1874)",317,16
260,1531.1666666666667,1237.5833333333333,12.0,2304.01708984375,148372.51619175496,"(1236, 1530, 1241, 1533)",235,74
260,933.25,1386.5,37.0,1134.919677734375,457481.92492457776,"(1383, 931, 1392, 937)",50,61
260,185.5,1500.5,2.0,871.1038818359375,24728.752698625824,"(1500, 185, 1502, 187)",72,29
260,1973.25,1638.75,8.0,871.1038818359375,98915.0107945033,"(1638, 1972, 1641, 1976)",177,36
260,1651.5,1656.0,2.0,802.1377563476562,24728.752698625824,"(1656, 1651, 1657, 1653)",186,28
260,1240.0,1702.0,1.0,802.1377563476562,12364.376349312912,"(1702, 1240, 1703, 1241)",83,36
260,133.0,1873.0,1.0,802.1377563476562,12364.376349312912,"(1873, 133, 1874, 134)",159,85
260,924.0,1947.0,1.0,802.1377563476562,12364.376349312912,"(1947, 924, 1948, 925)",39,65
261,70.57142857142857,215.14285714285714,7.0,979.8931884765625,86550.63444519039,"(214, 69, 217, 73)",180,40
261,1870.6666666666667,1114.3333333333333,3.0,836.2680053710938,37093.12904793874,"(1114, 1870, 1116, 1872)",317,16
261,1531.090909090909,1238.3636363636363,11.0,2660.26123046875,136008.13984244203,"(1237, 1530, 1241, 1533)",235,74
261,1333.0,1332.0,1.0,836.2680053710938,12364.376349312912,"(1332, 1333, 1333, 1334)",168,5
261,934.2717391304348,1386.5652173913043,92.0,2784.7109375,1137522.6241367878,"(1381, 930, 1395, 940)",50,61
261,721.0,1556.0,1.0,802.150146484375,12364.376349312912,"(1556, 721, 1557, 722)",194,23
261,1973.0,1639.75,4.0,1017.609130859375,49457.50539725165,"(1639, 1972, 1641, 1975)",177,36
262,1519.0,18.0,1.0,802.123779296875,12364.376349312912,"(18, 1519, 19, 1520)",199,15
262,72.0,213.0,1.0,906.6376953125,12364.376349312912,"(213, 72, 214, 73)",180,40
262,89.375,388.75,8.0,1095.065673828125,98915.0107945033,"(386, 89, 392, 91)",266,35
262,1415.0,448.0,1.0,802.123779296875,12364.376349312912,"(448, 1415, 449, 1416)",313,18
262,134.0,704.5,2.0,802.123779296875,24728.752698625824,"(704, 134, 706, 135)",23,51
262,941.0,1101.0,1.0,836.2548828125,12364.376349312912,"(1101, 941, 1102, 942)",29,79
262,1531.111111111111,1236.6666666666667,9.0,2538.6708984375,111279.3871438162,"(1235, 1530, 1239, 1533)",235,74
262,336.0,1248.0,1.0,802.123779296875,12364.376349312912,"(1248, 336, 1249, 337)",10,51
262,1334.5,1331.0,2.0,836.2548828125,24728.752698625824,"(1331, 1334, 1332, 1336)",168,5
262,719.0,1555.0,1.0,802.123779296875,12364.376349312912,"(1555, 719, 1556, 720)",194,23
262,753.0,1570.0,1.0,802.123779296875,12364.376349312912,"(1570, 753, 1571, 754)",194,23
262,1973.0,1639.0,1.0,871.0927734375,12364.376349312912,"(1639, 1973, 1640, 1974)",177,36
262,1245.0,1697.0,1.0,802.123779296875,12364.376349312912,"(1697, 1245, 1698, 1246)",83,36
263,88.61538461538461,389.2307692307692,13.0,1572.26708984375,160736.89254106785,"(387, 87, 393, 91)",266,35
263,856.0,442.0,1.0,802.147216796875,12364.376349312912,"(442, 856, 443, 857)",174,58
263,1413.5,448.0,2.0,871.1258544921875,24728.752698625824,"(448, 1413, 449, 1415)",313,18
263,985.2727272727273,830.8181818181819,11.0,1344.6800537109375,136008.13984244203,"(828, 983, 835, 989)",92,65
263,1530.125,1237.625,8.0,1920.708740234375,98915.0107945033,"(1236, 1529, 1240, 1532)",235,74
263,332.0,1250.0,1.0,802.147216796875,12364.376349312912,"(1250, 332, 1251, 333)",10,51
263,1333.0,1331.0,1.0,802.147216796875,12364.376349312912,"(1331, 1333, 1332, 1334)",168,5
263,715.0,1557.0,1.0,802.147216796875,12364.376349312912,"(1557, 715, 1558, 716)",194,23
264,1411.5714285714287,448.14285714285717,7.0,1017.6123046875,86550.63444519039,"(448, 1409, 450, 1415)",313,18
264,1529.3333333333333,1238.1666666666667,6.0,1619.954833984375,74186.25809587748,"(1237, 1528, 1241, 1531)",235,74
264,339.0,1248.5,2.0,871.09375,24728.752698625824,"(1248, 339, 1250, 340)",10,51
264,1244.0,1669.5,2.0,802.115966796875,24728.752698625824,"(1669, 1244, 1671, 1245)",83,36
264,381.5,1737.0,2.0,802.115966796875,24728.752698625824,"(1737, 381, 1738, 383)",15,83
264,48.0,1858.0,1.0,802.115966796875,12364.376349312912,"(1858, 48, 1859, 49)",159,85
264,112.0,1873.0,1.0,802.115966796875,12364.376349312912,"(1873, 112, 1874, 113)",159,85
265,1524.0,35.0,1.0,802.174072265625,12364.376349312912,"(35, 1524, 36, 1525)",199,15
265,88.0,389.5,2.0,836.239990234375,24728.752698625824,"(389, 88, 391, 89)",266,35
265,1411.1666666666667,448.5833333333333,12.0,1344.74072265625,148372.51619175496,"(448, 1409, 451, 1415)",313,18
265,1362.0,604.0,1.0,979.860595703125,12364.376349312912,"(604, 1362, 605, 1363)",88,40
265,982.0,828.0,1.0,802.174072265625,12364.376349312912,"(828, 982, 829, 983)",92,65
265,1867.0,1108.0,1.0,802.174072265625,12364.376349312912,"(1108, 1867, 1109, 1868)",317,16
265,1528.5,1238.5,6.0,1216.738525390625,74186.25809587748,"(1237, 1528, 1241, 1530)",235,74
265,931.3372093023256,1380.7906976744187,86.0,2026.6273193359375,1063336.3660409104,"(1375, 927, 1391, 939)",50,61
265,897.5,1930.0,6.0,802.174072265625,74186.25809587748,"(1930, 895, 1931, 901)",39,65
266,51.5,174.0,2.0,906.666015625,24728.752698625824,"(174, 51, 175, 53)",132,39
266,1413.842105263158,450.2105263157895,19.0,1388.802978515625,234923.15063694533,"(449, 1411, 453, 1418)",313,18
266,943.0,632.0,3.0,802.146728515625,37093.12904793874,"(632, 942, 633, 945)",330,33
266,135.25,707.75,4.0,871.0771484375,49457.50539725165,"(707, 134, 709, 137)",23,51
266,934.2857142857143,1106.142857142857,7.0,1619.944091796875,86550.63444519039,"(1105, 933, 1108, 936)",29,79
266,1530.4,1240.2,5.0,1767.076416015625,61821.881746564555,"(1239, 1530, 1242, 1532)",235,74
266,933.4032258064516,1379.9032258064517,62.0,1056.0460205078125,766591.3336574006,"(1374, 928, 1389, 941)",50,61
266,191.66666666666666,1908.3333333333333,3.0,871.0771484375,37093.12904793874,"(1908, 191, 1910, 193)",159,85
267,51.0,175.0,1.0,802.1536865234375,12364.376349312912,"(175, 51, 176, 52)",132,39
267,89.0,391.0,1.0,871.1163330078125,12364.376349312912,"(391, 89, 392, 90)",266,35
267,1414.9444444444443,450.8888888888889,18.0,1344.732421875,222558.7742876324,"(450, 1411, 453, 1420)",313,18
267,941.0,633.3333333333334,3.0,871.1163330078125,37093.12904793874,"(633, 940, 635, 943)",330,33
267,135.0,709.5,2.0,802.1536865234375,24728.752698625824,"(709, 135, 711, 136)",23,51
267,986.0,833.0,1.0,836.280517578125,12364.376349312912,"(833, 986, 834, 987)",92,65
267,1535.5,1086.0,2.0,871.1163330078125,24728.752698625824,"(1086, 1535, 1087, 1537)",331,3
267,933.8333333333334,1106.6666666666667,6.0,1717.338623046875,74186.25809587748,"(1106, 933, 1109, 936)",29,79
267,1971.0,1159.0,1.0,802.1536865234375,12364.376349312912,"(1159, 1971, 1160, 1972)",89,56
267,1530.0,1241.0,7.0,1525.33984375,86550.63444519039,"(1240, 1529, 1243, 1532)",235,74
267,1246.5,1668.5,2.0,836.280517578125,24728.752698625824,"(1668, 1246, 1670, 1248)",83,36
267,466.3333333333333,1842.3333333333333,3.0,979.9251708984375,37093.12904793874,"(1842, 466, 1844, 468)",284,12
267,51.0,1860.0,1.0,802.1536865234375,12364.376349312912,"(1860, 51, 1861, 52)",159,85
267,894.0,1933.4,10.0,871.1163330078125,123643.76349312911,"(1932, 891, 1935, 898)",39,65
267,322.0,1960.5,2.0,836.280517578125,24728.752698625824,"(1960, 322, 1962, 323)",145,22
268,1543.1666666666667,171.5,6.0,906.6792602539062,74186.25809587748,"(170, 1542, 173, 1546)",42,58
268,1417.0357142857142,450.10714285714283,28.0,2247.09228515625,346202.53778076154,"(448, 1413, 453, 1422)",313,18
268,940.5,634.0,2.0,802.1080322265625,24728.752698625824,"(634, 940, 635, 942)",330,33
268,139.0,706.5,2.0,802.1080322265625,24728.752698625824,"(706, 139, 708, 140)",23,51
268,1536.0,1086.0,1.0,942.9568481445312,12364.376349312912,"(1086, 1536, 1087, 1537)",331,3
268,934.0,1106.5,2.0,1216.732421875,24728.752698625824,"(1106, 934, 1108, 935)",29,79
268,1869.125,1112.875,8.0,871.1119384765625,98915.0107945033,"(1112, 1868, 1115, 1871)",317,16
268,639.0,1234.0,1.0,802.1080322265625,12364.376349312912,"(1234, 639, 1235, 640)",314,4
268,1530.8,1240.6,5.0,1668.2900390625,61821.881746564555,"(1240, 1530, 1242, 1533)",235,74
268,192.0,1910.0,1.0,802.1080322265625,12364.376349312912,"(1910, 192, 1911, 193)",159,85
269,713.0,131.0,3.0,906.6832275390625,37093.12904793874,"(131, 712, 132, 715)",131,20
269,1417.1538461538462,450.0769230769231,26.0,2190.898681640625,321473.7850821357,"(448, 1414, 453, 1421)",313,18
269,942.0,632.5,2.0,906.6832275390625,24728.752698625824,"(632, 942, 634, 943)",330,33
269,137.0,707.0,1.0,802.1483154296875,12364.376349312912,"(707, 137, 708, 138)",23,51
269,1869.7692307692307,1114.3076923076924,26.0,1017.5682373046875,321473.7850821357,"(1111, 1866, 1118, 1873)",317,16
269,1530.0,1240.8333333333333,6.0,1388.8134765625,74186.25809587748,"(1240, 1529, 1243, 1532)",235,74
269,930.5,1382.0,10.0,1175.487060546875,123643.76349312911,"(1380, 929, 1385, 933)",50,61
269,893.4545454545455,1932.7272727272727,11.0,871.0938720703125,136008.13984244203,"(1932, 891, 1935, 897)",39,65
270,1543.5,171.0,2.0,802.1377563476562,24728.752698625824,"(171, 1543, 172, 1545)",42,58
270,1416.7894736842106,449.7894736842105,19.0,1817.6092529296875,234923.15063694533,"(448, 1414, 452, 1421)",313,18
270,942.0,631.6666666666666,3.0,836.2754516601562,37093.12904793874,"(631, 941, 633, 944)",330,33
270,1241.0,647.0,1.0,836.2754516601562,12364.376349312912,"(647, 1241, 648, 1242)",97,91
270,81.0,995.0,1.0,802.1377563476562,12364.376349312912,"(995, 81, 996, 82)",65,70
270,936.5,1103.5,4.0,1175.4564208984375,49457.50539725165,"(1103, 936, 1105, 938)",29,79
270,1869.4,1115.0666666666666,15.0,942.9141845703125,185465.64523969367,"(1112, 1868, 1119, 1872)",317,16
270,1530.5,1240.8333333333333,6.0,1216.7198486328125,74186.25809587748,"(1239, 1529, 1243, 1533)",235,74
270,55.0,1861.0,1.0,802.1377563476562,12364.376349312912,"(1861, 55, 1862, 56)",159,85
270,894.5,1932.0,2.0,802.1377563476562,24728.752698625824,"(1932, 894, 1933, 896)",39,65
271,1488.0,150.5,2.0,836.2789306640625,24728.752698625824,"(150, 1488, 152, 1489)",42,58
271,1542.0,171.0,1.0,906.6815185546875,12364.376349312912,"(171, 1542, 172, 1543)",42,58
271,844.0,408.0,1.0,836.2789306640625,12364.376349312912,"(408, 844, 409, 845)",174,58
271,1415.0,449.5,16.0,1301.331298828125,197830.0215890066,"(448, 1413, 452, 1418)",313,18
271,1855.857142857143,532.8214285714286,28.0,1017.5852661132812,346202.53778076154,"(529, 1854, 539, 1859)",286,27
271,1381.0,586.0,1.0,1216.7294921875,12364.376349312912,"(586, 1381, 587, 1382)",88,40
271,1242.5,648.5,2.0,906.6815185546875,24728.752698625824,"(648, 1242, 650, 1244)",97,91
271,951.0,657.0,1.0,802.1456298828125,12364.376349312912,"(657, 951, 658, 952)",330,33
271,143.5,701.5,2.0,871.124267578125,24728.752698625824,"(701, 143, 703, 145)",23,51
271,996.0,839.0,1.0,836.2789306640625,12364.376349312912,"(839, 996, 840, 997)",92,65
271,79.16666666666667,993.5,6.0,906.6815185546875,74186.25809587748,"(992, 78, 996, 81)",65,70
271,1529.857142857143,1241.5714285714287,7.0,1479.117431640625,86550.63444519039,"(1240, 1529, 1244, 1532)",235,74
271,413.0,1502.0,1.0,836.2789306640625,12364.376349312912,"(1502, 413, 1503, 414)",232,38
271,368.0,1736.0,1.0,836.2789306640625,12364.376349312912,"(1736, 368, 1737, 369)",15,83
271,53.0,1861.0,1.0,802.1456298828125,12364.376349312912,"(1861, 53, 1862, 54)",159,85
272,1487.2857142857142,147.42857142857142,7.0,1216.690673828125,86550.63444519039,"(145, 1487, 150, 1489)",42,58
272,68.0,215.0,1.0,836.2706298828125,12364.376349312912,"(215, 68, 216, 69)",180,40
272,1414.0,449.0,7.0,1095.130859375,86550.63444519039,"(448, 1413, 451, 1416)",313,18
272,1856.75,530.96875,32.0,1175.4873046875,395660.0431780132,"(528, 1854, 536, 1860)",286,27
272,979.0,556.0,1.0,836.2706298828125,12364.376349312912,"(556, 979, 557, 980)",66,50
272,2019.0,598.0,1.0,802.1439208984375,12364.376349312912,"(598, 2019, 599, 2020)",207,11
272,938.0,630.0,1.0,802.1439208984375,12364.376349312912,"(630, 938, 631, 939)",330,33
272,1242.0,647.5,4.0,979.920166015625,49457.50539725165,"(647, 1241, 649, 1244)",97,91
272,78.66666666666667,995.3333333333334,3.0,802.1439208984375,37093.12904793874,"(995, 78, 997, 80)",65,70
272,1529.4444444444443,1241.111111111111,9.0,2026.6705322265625,111279.3871438162,"(1240, 1528, 1243, 1532)",235,74
272,1970.5,1647.5,2.0,836.2706298828125,24728.752698625824,"(1647, 1970, 1649, 1972)",177,36
272,73.0,1882.0,1.0,836.2706298828125,12364.376349312912,"(1882, 73, 1883, 74)",159,85
273,1487.0,148.0,1.0,906.651611328125,12364.376349312912,"(148, 1487, 149, 1488)",42,58
273,115.0,398.0,1.0,802.1345825195312,12364.376349312912,"(398, 115, 399, 116)",266,35
273,1413.5,450.0,6.0,1095.1292724609375,74186.25809587748,"(449, 1413, 452, 1415)",313,18
273,1856.4615384615386,532.6666666666666,39.0,1216.6949462890625,482210.67762320355,"(529, 1854, 539, 1860)",286,27
273,2018.0,598.5,6.0,1017.6184692382812,74186.25809587748,"(597, 2017, 601, 2020)",207,11
273,937.5,632.0,2.0,836.26953125,24728.752698625824,"(632, 937, 633, 939)",330,33
273,279.0,1237.0,1.0,802.1345825195312,12364.376349312912,"(1237, 279, 1238, 280)",40,47
273,1529.0,1242.3333333333333,9.0,1668.2568359375,111279.3871438162,"(1241, 1528, 1245, 1531)",235,74
273,928.5625,1386.4375,16.0,1388.802978515625,197830.0215890066,"(1382, 928, 1391, 930)",50,61
273,1969.6666666666667,1649.3333333333333,3.0,942.9365234375,37093.12904793874,"(1649, 1969, 1651, 1971)",177,36
273,367.0,1738.0,1.0,802.1345825195312,12364.376349312912,"(1738, 367, 1739, 368)",15,83
273,66.0,1879.0,1.0,802.1345825195312,12364.376349312912,"(1879, 66, 1880, 67)",159,85
273,896.0,1932.0,1.0,802.1345825195312,12364.376349312912,"(1932, 896, 1933, 897)",39,65
274,1526.0,36.0,1.0,802.1472778320312,12364.376349312912,"(36, 1526, 37, 1527)",199,15
274,1543.4,170.2,5.0,871.1168823242188,61821.881746564555,"(170, 1542, 172, 1546)",42,58
274,115.83333333333333,398.3333333333333,6.0,1668.2772216796875,74186.25809587748,"(398, 114, 400, 119)",266,35
274,1417.2222222222222,451.0,9.0,979.925048828125,111279.3871438162,"(450, 1415, 453, 1420)",313,18
274,1858.65,533.6833333333333,60.0,1175.4761962890625,741862.5809587747,"(529, 1854, 544, 1862)",286,27
274,2019.4,599.8,5.0,1056.0040283203125,61821.881746564555,"(599, 2019, 602, 2021)",207,11
274,81.0,996.0,1.0,802.1472778320312,12364.376349312912,"(996, 81, 997, 82)",65,70
274,930.2916666666666,1387.0,24.0,2190.9462890625,296745.0323835099,"(1381, 929, 1394, 933)",50,61
274,1016.0,1621.0,1.0,802.1472778320312,12364.376349312912,"(1621, 1016, 1622, 1017)",338,3
274,1971.3333333333333,1650.3333333333333,3.0,942.9476318359375,37093.12904793874,"(1650, 1971, 1652, 1973)",177,36
274,69.0,1880.0,1.0,836.2636108398438,12364.376349312912,"(1880, 69, 1881, 70)",159,85
275,1544.0,169.0,5.0,871.123291015625,61821.881746564555,"(169, 1542, 170, 1547)",42,58
275,117.375,397.625,8.0,1572.2520751953125,98915.0107945033,"(397, 115, 399, 120)",266,35
275,850.0,420.0,1.0,802.1534423828125,12364.376349312912,"(420, 850, 421, 851)",174,58
275,1582.8,431.6,5.0,906.6690063476562,61821.881746564555,"(431, 1582, 433, 1585)",21,92
275,1418.3333333333333,450.0,6.0,906.6690063476562,74186.25809587748,"(449, 1417, 452, 1421)",313,18
275,2019.5555555555557,600.6666666666666,9.0,979.9251708984375,111279.3871438162,"(598, 2019, 604, 2021)",207,11
275,1370.0,617.0,1.0,906.6690063476562,12364.376349312912,"(617, 1370, 618, 1371)",88,40
275,1244.5,649.0,2.0,836.2703247070312,24728.752698625824,"(649, 1244, 650, 1246)",97,91
275,957.0,652.0,1.0,802.1534423828125,12364.376349312912,"(652, 957, 653, 958)",330,33
275,1967.0,1157.0,1.0,802.1534423828125,12364.376349312912,"(1157, 1967, 1158, 1968)",89,56
275,1531.4,1243.1,20.0,1619.9205322265625,247287.52698625822,"(1239, 1528, 1249, 1536)",235,74
275,930.7647058823529,1385.8823529411766,17.0,1175.447998046875,210194.3979383195,"(1382, 930, 1391, 933)",50,61
275,323.0,1959.0,1.0,802.1534423828125,12364.376349312912,"(1959, 323, 1960, 324)",145,22
276,1501.0,16.0,1.0,802.14794921875,12364.376349312912,"(16, 1501, 17, 1502)",199,15
276,1545.5,169.0,6.0,871.1019287109375,74186.25809587748,"(169, 1543, 170, 1549)",42,58
276,152.0,235.0,1.0,871.1019287109375,12364.376349312912,"(235, 152, 236, 153)",4,33
276,1418.0,450.0,1.0,871.1019287109375,12364.376349312912,"(450, 1418, 451, 1419)",313,18
276,997.0,535.0,1.0,802.14794921875,12364.376349312912,"(535, 997, 536, 998)",66,50
276,1369.0,616.3333333333334,3.0,871.1019287109375,37093.12904793874,"(616, 1368, 618, 1371)",88,40
276,944.0,658.5,2.0,906.6798095703125,24728.752698625824,"(658, 944, 660, 945)",330,33
276,1530.6666666666667,1242.8333333333333,6.0,1134.9423828125,74186.25809587748,"(1242, 1529, 1245, 1533)",235,74
276,918.0,1422.0,1.0,802.14794921875,12364.376349312912,"(1422, 918, 1423, 919)",50,61
276,187.0,1910.0,1.0,802.14794921875,12364.376349312912,"(1910, 187, 1911, 188)",159,85
277,1544.4,168.6,5.0,906.6744384765625,61821.881746564555,"(168, 1543, 170, 1547)",42,58
277,374.0,302.5,2.0,871.1162109375,24728.752698625824,"(302, 374, 304, 375)",219,30
277,846.0,422.0,1.0,802.1204833984375,12364.376349312912,"(422, 846, 423, 847)",174,58
277,1559.7857142857142,455.85714285714283,14.0,942.923095703125,173101.26889038077,"(453, 1557, 460, 1563)",21,92
277,987.0,536.5,2.0,802.1204833984375,24728.752698625824,"(536, 987, 538, 988)",66,50
277,1370.3333333333333,616.6666666666666,3.0,871.1162109375,37093.12904793874,"(616, 1370, 618, 1372)",88,40
277,944.25,658.25,4.0,906.6744384765625,49457.50539725165,"(657, 944, 660, 946)",330,33
277,1530.5,1242.5,2.0,871.1162109375,24728.752698625824,"(1242, 1530, 1244, 1532)",235,74
277,936.0,1886.0,1.0,802.1204833984375,12364.376349312912,"(1886, 936, 1887, 937)",93,52
277,897.0,1933.0,1.0,802.1204833984375,12364.376349312912,"(1933, 897, 1934, 898)",39,65
278,1487.0,131.0,1.0,906.640380859375,12364.376349312912,"(131, 1487, 132, 1488)",42,58
278,1542.1666666666667,168.0,6.0,871.1248779296875,74186.25809587748,"(167, 1541, 170, 1545)",42,58
278,1560.8,454.6,5.0,836.2706298828125,61821.881746564555,"(454, 1559, 456, 1563)",21,92
278,864.0,485.5,2.0,802.1439208984375,24728.752698625824,"(485, 864, 487, 865)",174,58
278,1859.2857142857142,529.3809523809524,21.0,942.9495849609375,259651.90333557114,"(526, 1858, 536, 1862)",286,27
278,986.3333333333334,536.0,3.0,871.1248779296875,37093.12904793874,"(535, 986, 538, 988)",66,50
278,2017.3846153846155,603.2307692307693,13.0,1216.690673828125,160736.89254106785,"(601, 2016, 607, 2020)",207,11
278,943.0,656.0,1.0,802.1439208984375,12364.376349312912,"(656, 943, 657, 944)",330,33
278,945.4,845.8,5.0,1175.4873046875,61821.881746564555,"(845, 945, 848, 947)",92,65
278,1529.6666666666667,1242.8333333333333,6.0,1216.690673828125,74186.25809587748,"(1242, 1528, 1245, 1532)",235,74
278,918.6666666666666,1415.6666666666667,3.0,802.1439208984375,37093.12904793874,"(1415, 918, 1417, 920)",50,61
279,48.5,174.0,4.0,979.9119873046875,49457.50539725165,"(173, 48, 176, 50)",132,39
279,1858.7,530.7333333333333,30.0,942.918212890625,370931.29047938733,"(527, 1857, 538, 1862)",286,27
279,2016.4285714285713,603.5714285714286,21.0,1017.6002197265625,259651.90333557114,"(597, 2013, 610, 2020)",207,11
279,1368.5,617.0,2.0,906.6573486328125,24728.752698625824,"(617, 1368, 618, 1370)",88,40
279,1241.0,641.0,1.0,802.1180419921875,12364.376349312912,"(641, 1241, 642, 1242)",97,91
279,942.0,656.0,1.0,802.1180419921875,12364.376349312912,"(656, 942, 657, 943)",330,33
279,1004.6666666666666,837.6666666666666,3.0,1095.09814453125,37093.12904793874,"(837, 1004, 839, 1006)",92,65
279,1529.6,1244.2,5.0,942.918212890625,61821.881746564555,"(1243, 1528, 1246, 1532)",235,74
279,413.9310344827586,1504.2068965517242,29.0,1388.811279296875,358566.91413007444,"(1499, 413, 1510, 417)",232,38
279,1551.5,1694.0,2.0,802.1180419921875,24728.752698625824,"(1694, 1551, 1695, 1553)",26,64
279,121.0,1883.5,2.0,802.1180419921875,24728.752698625824,"(1883, 121, 1885, 122)",159,85
280,1488.0,130.0,1.0,836.248291015625,12364.376349312912,"(130, 1488, 131, 1489)",42,58
280,49.42857142857143,173.71428571428572,7.0,1095.116455078125,86550.63444519039,"(173, 48, 176, 52)",132,39
280,1858.9,530.9333333333333,30.0,1056.013671875,370931.29047938733,"(527, 1857, 538, 1862)",286,27
280,1368.0,617.0,3.0,871.1248168945312,37093.12904793874,"(617, 1367, 618, 1370)",88,40
280,937.8,631.4,5.0,871.1248168945312,61821.881746564555,"(631, 937, 633, 940)",330,33
280,1259.0,661.0,1.0,802.122314453125,12364.376349312912,"(661, 1259, 662, 1260)",97,91
280,77.0,955.0,1.0,802.122314453125,12364.376349312912,"(955, 77, 956, 78)",65,70
280,1529.5,1244.25,8.0,1258.676513671875,98915.0107945033,"(1243, 1528, 1247, 1532)",235,74
280,411.3076923076923,1760.6538461538462,26.0,906.6727294921875,321473.7850821357,"(1758, 408, 1765, 415)",15,83
280,933.0,1884.0,1.0,802.122314453125,12364.376349312912,"(1884, 933, 1885, 934)",93,52
280,130.0,1885.0,1.0,802.122314453125,12364.376349312912,"(1885, 130, 1886, 131)",159,85
281,50.333333333333336,173.0,9.0,1017.5823974609375,111279.3871438162,"(172, 49, 175, 53)",132,39
281,857.0,455.0,1.0,802.122314453125,12364.376349312912,"(455, 857, 456, 858)",174,58
281,1859.7083333333333,528.625,24.0,1017.5823974609375,296745.0323835099,"(526, 1857, 534, 1863)",286,27
281,1531.0,1244.5,8.0,1258.676513671875,98915.0107945033,"(1243, 1529, 1247, 1534)",235,74
282,1489.5,128.0,2.0,979.9097900390625,24728.752698625824,"(128, 1489, 129, 1491)",42,58
282,1539.3333333333333,170.28571428571428,21.0,942.923828125,259651.90333557114,"(169, 1534, 174, 1545)",42,58
282,51.25,172.0,8.0,1258.660400390625,98915.0107945033,"(171, 50, 174, 54)",132,39
282,376.5,294.0,2.0,802.1361083984375,24728.752698625824,"(294, 376, 295, 378)",219,30
282,1859.75,527.55,20.0,979.9097900390625,247287.52698625822,"(526, 1857, 532, 1863)",286,27
282,149.0,1021.0,1.0,802.1361083984375,12364.376349312912,"(1021, 149, 1022, 150)",34,49
282,1969.0,1155.75,4.0,836.2596435546875,49457.50539725165,"(1155, 1968, 1157, 1971)",89,56
282,1531.25,1244.125,8.0,1433.6092529296875,98915.0107945033,"(1243, 1530, 1246, 1534)",235,74
282,414.8181818181818,1499.5454545454545,11.0,1095.1236572265625,136008.13984244203,"(1496, 414, 1504, 417)",232,38
282,1650.5,1656.0,2.0,906.6534423828125,24728.752698625824,"(1656, 1650, 1657, 1652)",186,28
282,413.09090909090907,1759.6363636363637,11.0,906.6534423828125,136008.13984244203,"(1757, 410, 1764, 416)",15,83
283,1540.1666666666667,170.25,12.0,979.8909301757812,148372.51619175496,"(169, 1537, 172, 1544)",42,58
283,51.8,171.6,5.0,1175.4541015625,61821.881746564555,"(171, 51, 173, 54)",132,39
283,1858.8823529411766,527.0,17.0,1056.0228271484375,210194.3979383195,"(525, 1857, 530, 1862)",286,27
283,2019.0,600.0,1.0,871.1240234375,12364.376349312912,"(600, 2019, 601, 2020)",207,11
283,144.0,1020.0,5.0,871.1240234375,61821.881746564555,"(1020, 142, 1021, 147)",34,49
283,1530.2,1243.8,5.0,1258.646240234375,61821.881746564555,"(1243, 1529, 1246, 1532)",235,74
283,414.04347826086956,1500.9130434782608,23.0,1868.787353515625,284380.65603419696,"(1496, 413, 1507, 416)",232,38
283,1648.5,1655.0,2.0,802.151123046875,24728.752698625824,"(1655, 1648, 1656, 1650)",186,28
283,933.0,1885.0,1.0,802.151123046875,12364.376349312912,"(1885, 933, 1886, 934)",93,52
283,905.8888888888889,1942.5555555555557,9.0,836.2672729492188,111279.3871438162,"(1942, 904, 1945, 909)",39,65
284,1542.0,165.0,1.0,802.1546630859375,12364.376349312912,"(165, 1542, 166, 1543)",42,58
284,51.0,172.5,6.0,1175.4739990234375,74186.25809587748,"(172, 50, 174, 53)",132,39
284,2017.5,602.0,4.0,836.237548828125,49457.50539725165,"(601, 2017, 604, 2019)",207,11
284,1290.6666666666667,618.3333333333334,3.0,802.1546630859375,37093.12904793874,"(618, 1290, 620, 1292)",346,7
284,1368.0,618.0,1.0,871.0849609375,12364.376349312912,"(618, 1368, 619, 1369)",88,40
284,1529.0,1244.0,1.0,942.9456787109375,12364.376349312912,"(1244, 1529, 1245, 1530)",235,74
284,413.38235294117646,1503.5,34.0,2080.741455078125,420388.795876639,"(1498, 412, 1510, 416)",232,38
284,129.0,1871.0,1.0,802.1546630859375,12364.376349312912,"(1871, 129, 1872, 130)",159,85
284,193.0,1926.0,1.0,802.1546630859375,12364.376349312912,"(1926, 193, 1927, 194)",159,85
285,1537.6666666666667,169.33333333333334,3.0,802.1610107421875,37093.12904793874,"(169, 1537, 171, 1539)",42,58
285,52.0,172.5,2.0,906.661865234375,24728.752698625824,"(172, 52, 174, 53)",132,39
285,869.0,467.0,1.0,802.1610107421875,12364.376349312912,"(467, 869, 468, 870)",174,58
285,1293.0,616.0,1.0,802.1610107421875,12364.376349312912,"(616, 1293, 617, 1294)",346,7
285,942.0,842.0,1.0,802.1610107421875,12364.376349312912,"(842, 942, 843, 943)",92,65
285,1970.5,1156.0,2.0,802.1610107421875,24728.752698625824,"(1156, 1970, 1157, 1972)",89,56
285,1530.5,1244.0,2.0,1095.132080078125,24728.752698625824,"(1244, 1530, 1245, 1532)",235,74
285,919.0,1420.5,2.0,802.1610107421875,24728.752698625824,"(1420, 919, 1422, 920)",50,61
285,414.8775510204082,1505.0,49.0,3242.68505859375,605854.4411163327,"(1497, 413, 1515, 418)",232,38
285,1081.0,1578.0,1.0,802.1610107421875,12364.376349312912,"(1578, 1081, 1579, 1082)",238,14
285,1650.5,1656.0,2.0,836.2774658203125,24728.752698625824,"(1656, 1650, 1657, 1652)",186,28
285,1548.0,1660.0,1.0,802.1610107421875,12364.376349312912,"(1660, 1548, 1661, 1549)",26,64
285,1276.5,1666.0,2.0,836.2774658203125,24728.752698625824,"(1666, 1276, 1667, 1278)",347,5
285,1069.0,1680.0,3.0,942.9298095703125,37093.12904793874,"(1679, 1069, 1682, 1070)",348,20
285,122.0,1880.0,1.0,802.1610107421875,12364.376349312912,"(1880, 122, 1881, 123)",159,85
285,328.0,1958.0,1.0,802.1610107421875,12364.376349312912,"(1958, 328, 1959, 329)",145,22
286,1507.0,145.0,1.0,802.14990234375,12364.376349312912,"(145, 1507, 146, 1508)",42,58
286,1537.0,170.0,1.0,802.14990234375,12364.376349312912,"(170, 1537, 171, 1538)",42,58
286,869.0,471.0,1.0,802.14990234375,12364.376349312912,"(471, 869, 472, 870)",174,58
286,1290.0,617.0,1.0,802.14990234375,12364.376349312912,"(617, 1290, 618, 1291)",346,7
286,1529.5,1243.5,2.0,802.14990234375,24728.752698625824,"(1243, 1529, 1245, 1531)",235,74
286,414.82608695652175,1506.6739130434783,46.0,1868.8203125,568761.3120683939,"(1498, 414, 1517, 417)",232,38
286,1277.25,1665.75,4.0,979.9107666015625,49457.50539725165,"(1665, 1277, 1668, 1279)",347,5
286,121.0,1883.0,1.0,802.14990234375,12364.376349312912,"(1883, 121, 1884, 122)",159,85
287,844.0,414.0,1.0,802.1077880859375,12364.376349312912,"(414, 844, 415, 845)",174,58
287,1973.2222222222222,1157.7777777777778,9.0,836.2615966796875,111279.3871438162,"(1156, 1971, 1160, 1977)",89,56
287,1527.0,1243.0,1.0,906.65771484375,12364.376349312912,"(1243, 1527, 1244, 1528)",235,74
287,414.07894736842104,1505.9736842105262,38.0,2247.132080078125,469846.30127389065,"(1499, 413, 1514, 417)",232,38
287,1651.0,1658.0,1.0,802.1077880859375,12364.376349312912,"(1658, 1651, 1659, 1652)",186,28
287,1561.4375,1697.8125,16.0,1095.11767578125,197830.0215890066,"(1697, 1557, 1700, 1566)",26,64
287,931.0,1885.0,1.0,802.1077880859375,12364.376349312912,"(1885, 931, 1886, 932)",93,52
287,209.0,1927.0,1.0,802.1077880859375,12364.376349312912,"(1927, 209, 1928, 210)",159,85
288,565.0,261.0,1.0,802.181884765625,12364.376349312912,"(261, 565, 262, 566)",19,72
288,1556.0,445.0,1.0,802.181884765625,12364.376349312912,"(445, 1556, 446, 1557)",21,92
288,867.0,474.0,1.0,802.181884765625,12364.376349312912,"(474, 867, 475, 868)",174,58
288,1694.0,538.0,1.0,802.181884765625,12364.376349312912,"(538, 1694, 539, 1695)",350,5
288,946.5,855.5,2.0,906.717041015625,24728.752698625824,"(855, 946, 857, 948)",92,65
288,414.47058823529414,1502.235294117647,17.0,1868.814453125,210194.3979383195,"(1498, 414, 1507, 416)",232,38
288,760.0,1557.0,1.0,906.717041015625,12364.376349312912,"(1557, 760, 1558, 761)",194,23
288,1277.2105263157894,1666.3684210526317,19.0,1388.812255859375,234923.15063694533,"(1663, 1274, 1671, 1281)",347,5
288,376.5,1742.0,2.0,802.181884765625,24728.752698625824,"(1742, 376, 1743, 378)",15,83
288,412.6734693877551,1762.1224489795918,49.0,1017.64794921875,605854.4411163327,"(1757, 408, 1773, 418)",15,83
289,1524.0,141.0,1.0,802.171875,12364.376349312912,"(141, 1524, 142, 1525)",42,58
289,1539.5,168.0,2.0,802.171875,24728.752698625824,"(168, 1539, 169, 1541)",42,58
289,560.0,272.0,1.0,802.171875,12364.376349312912,"(272, 560, 273, 561)",19,72
289,937.7,855.6,10.0,1175.476806640625,123643.76349312911,"(855, 934, 857, 942)",92,65
289,1974.0,1156.5,4.0,802.171875,49457.50539725165,"(1156, 1973, 1158, 1976)",89,56
289,1083.0,1579.0,1.0,802.171875,12364.376349312912,"(1579, 1083, 1580, 1084)",238,14
289,189.0,1911.0,1.0,802.171875,12364.376349312912,"(1911, 189, 1912, 190)",159,85
289,903.0,1945.0,1.0,802.171875,12364.376349312912,"(1945, 903, 1946, 904)",39,65
290,1542.0,169.0,1.0,871.111328125,12364.376349312912,"(169, 1542, 170, 1543)",42,58
290,554.5,230.0,2.0,871.111328125,24728.752698625824,"(230, 554, 231, 556)",19,72
290,1241.0,648.0,3.0,836.2265625,37093.12904793874,"(648, 1240, 649, 1243)",97,91
290,941.4,1103.8,10.0,1767.04296875,123643.76349312911,"(1102, 939, 1107, 944)",29,79
290,1281.5,1662.0,2.0,802.080078125,24728.752698625824,"(1662, 1281, 1663, 1283)",347,5
290,943.0,1891.0,1.0,802.080078125,12364.376349312912,"(1891, 943, 1892, 944)",93,52
290,188.0,1908.0,1.0,802.080078125,12364.376349312912,"(1908, 188, 1909, 189)",159,85
290,1327.0,2020.0,1.0,871.111328125,12364.376349312912,"(2020, 1327, 2021, 1328)",290,4
291,1693.5,535.0,2.0,943.00634765625,24728.752698625824,"(535, 1693, 536, 1695)",350,5
291,2012.6666666666667,608.6666666666666,3.0,871.1357421875,37093.12904793874,"(608, 2012, 610, 2014)",207,11
291,939.0,630.0,1.0,802.10205078125,12364.376349312912,"(630, 939, 631, 940)",330,33
291,103.5,980.0,2.0,802.10205078125,24728.752698625824,"(980, 103, 981, 105)",65,70
291,941.0,1104.2857142857142,14.0,2361.6640625,173101.26889038077,"(1102, 938, 1108, 944)",29,79
291,1975.5,1156.0,2.0,802.10205078125,24728.752698625824,"(1156, 1975, 1157, 1977)",89,56
291,281.0,1245.0,1.0,802.10205078125,12364.376349312912,"(1245, 281, 1246, 282)",40,47
291,948.2452830188679,1379.3584905660377,53.0,1525.37939453125,655311.9465135843,"(1372, 944, 1384, 954)",50,61
291,762.0,1562.0,1.0,802.10205078125,12364.376349312912,"(1562, 762, 1563, 763)",194,23
291,1084.642857142857,1581.4285714285713,14.0,1433.649658203125,173101.26889038077,"(1579, 1082, 1584, 1088)",238,14
291,1273.0,1675.0,1.0,802.10205078125,12364.376349312912,"(1675, 1273, 1676, 1274)",347,5
291,184.0,1910.0,1.0,802.10205078125,12364.376349312912,"(1910, 184, 1911, 185)",159,85
292,1528.5,168.5,4.0,942.9495849609375,49457.50539725165,"(168, 1527, 170, 1531)",42,58
292,157.0,239.0,3.0,871.1248779296875,37093.12904793874,"(238, 157, 241, 158)",4,33
292,1578.5,427.2142857142857,14.0,979.920166015625,173101.26889038077,"(426, 1575, 429, 1583)",21,92
292,1693.4,534.2,5.0,1344.73193359375,61821.881746564555,"(533, 1693, 536, 1695)",350,5
292,924.0,1453.0,1.0,802.1439208984375,12364.376349312912,"(1453, 924, 1454, 925)",50,61
292,1892.3333333333333,1537.6666666666667,3.0,836.2706298828125,37093.12904793874,"(1537, 1892, 1539, 1894)",353,4
292,757.0,1565.5,2.0,802.1439208984375,24728.752698625824,"(1565, 757, 1567, 758)",194,23
292,943.0,1889.0,1.0,802.1439208984375,12364.376349312912,"(1889, 943, 1890, 944)",93,52
292,188.0,1911.5,2.0,836.2706298828125,24728.752698625824,"(1911, 188, 1913, 189)",159,85
292,1326.5,2021.0,4.0,1175.4873046875,49457.50539725165,"(2020, 1326, 2023, 1328)",290,4
292,1697.0,2028.0,1.0,802.1439208984375,12364.376349312912,"(2028, 1697, 2029, 1698)",304,9
293,1692.6666666666667,533.0,3.0,1134.91796875,37093.12904793874,"(532, 1692, 535, 1694)",350,5
293,938.5,626.2,10.0,1056.01171875,123643.76349312911,"(625, 937, 629, 941)",330,33
293,948.0,844.0,1.0,802.1480712890625,12364.376349312912,"(844, 948, 845, 949)",92,65
293,271.0,1004.5,2.0,836.2432861328125,24728.752698625824,"(1004, 271, 1006, 272)",264,5
293,939.4444444444445,1101.7777777777778,9.0,1619.9151611328125,111279.3871438162,"(1101, 937, 1104, 942)",29,79
293,1891.6666666666667,1537.6666666666667,6.0,979.8980712890625,74186.25809587748,"(1537, 1891, 1540, 1894)",353,4
293,1078.75,1577.0,4.0,906.6419677734375,49457.50539725165,"(1576, 1078, 1579, 1081)",238,14
293,183.0,1905.0,1.0,802.1480712890625,12364.376349312912,"(1905, 183, 1906, 184)",159,85
293,894.0,1937.0,1.0,802.1480712890625,12364.376349312912,"(1937, 894, 1938, 895)",39,65
294,90.25,390.5,8.0,1056.008544921875,98915.0107945033,"(389, 89, 393, 93)",266,35
294,1692.0,532.0,1.0,802.17333984375,12364.376349312912,"(532, 1692, 533, 1693)",350,5
294,944.2,844.6,5.0,942.8681640625,61821.881746564555,"(843, 944, 847, 946)",92,65
294,271.0,1005.0,1.0,802.17333984375,12364.376349312912,"(1005, 271, 1006, 272)",264,5
294,938.3529411764706,1102.3529411764705,17.0,3310.9677734375,210194.3979383195,"(1101, 936, 1105, 942)",29,79
294,1890.6666666666667,1537.6666666666667,3.0,871.13525390625,37093.12904793874,"(1537, 1890, 1539, 1892)",353,4
294,1067.0,1668.0,1.0,836.19287109375,12364.376349312912,"(1668, 1067, 1669, 1068)",348,20
294,1559.925,1695.425,40.0,1175.460205078125,494575.05397251644,"(1692, 1554, 1701, 1569)",26,64
294,894.9736842105264,1940.7368421052631,38.0,1175.460205078125,469846.30127389065,"(1939, 888, 1943, 906)",39,65
294,1325.0,2020.0,1.0,802.17333984375,12364.376349312912,"(2020, 1325, 2021, 1326)",290,4
294,387.0,2043.0,1.0,802.17333984375,12364.376349312912,"(2043, 387, 2044, 388)",146,18
295,157.0,238.5,2.0,802.111083984375,24728.752698625824,"(238, 157, 240, 158)",4,33
295,868.0,463.0,1.0,802.111083984375,12364.376349312912,"(463, 868, 464, 869)",174,58
295,1359.0,618.0,1.0,802.111083984375,12364.376349312912,"(618, 1359, 619, 1360)",88,40
295,939.0,629.0,1.0,802.111083984375,12364.376349312912,"(629, 939, 630, 940)",330,33
295,157.35714285714286,692.3571428571429,14.0,871.1124267578125,173101.26889038077,"(691, 154, 695, 161)",23,51
295,174.0,712.0,1.0,802.111083984375,12364.376349312912,"(712, 174, 713, 175)",23,51
295,940.0,850.0,1.0,802.111083984375,12364.376349312912,"(850, 940, 851, 941)",92,65
295,272.6,1009.4,5.0,1055.9783935546875,61821.881746564555,"(1008, 272, 1012, 274)",264,5
295,940.1428571428571,1104.7142857142858,14.0,2660.280517578125,173101.26889038077,"(1103, 938, 1108, 943)",29,79
295,1986.4,1172.0,5.0,836.2694091796875,61821.881746564555,"(1170, 1986, 1175, 1988)",89,56
295,1891.0,1540.5,2.0,802.111083984375,24728.752698625824,"(1540, 1891, 1542, 1892)",353,4
295,901.25,1942.5833333333333,12.0,906.6402587890625,148372.51619175496,"(1941, 899, 1945, 905)",39,65
295,392.0,2043.0,1.0,802.111083984375,12364.376349312912,"(2043, 392, 2044, 393)",146,18
296,159.0,237.0,1.0,836.2615966796875,12364.376349312912,"(237, 159, 238, 160)",4,33
296,94.0,391.5,2.0,906.65771484375,24728.752698625824,"(391, 94, 393, 95)",266,35
296,118.0,402.0,1.0,979.94091796875,12364.376349312912,"(402, 118, 403, 119)",266,35
296,1583.0,429.0,1.0,871.091064453125,12364.376349312912,"(429, 1583, 430, 1584)",21,92
296,1562.75,457.1666666666667,60.0,1134.9228515625,741862.5809587747,"(450, 1556, 466, 1573)",21,92
296,1363.0,616.0,3.0,802.1077880859375,37093.12904793874,"(616, 1362, 617, 1365)",88,40
296,137.575,1023.975,40.0,1433.584228515625,494575.05397251644,"(1021, 127, 1027, 147)",34,49
296,943.5,1105.5,2.0,871.091064453125,24728.752698625824,"(1105, 943, 1107, 945)",29,79
296,1442.6666666666667,1288.3333333333333,3.0,979.94091796875,37093.12904793874,"(1288, 1442, 1290, 1444)",86,17
296,1561.5625,1696.4166666666667,48.0,1175.465087890625,593490.0647670198,"(1692, 1556, 1703, 1567)",26,64
296,391.0,2047.0,1.0,802.1077880859375,12364.376349312912,"(2047, 391, 2048, 392)",146,18
297,159.2,240.6,5.0,871.1248779296875,61821.881746564555,"(239, 159, 243, 161)",4,33
297,854.0,422.5,2.0,836.2706298828125,24728.752698625824,"(422, 854, 424, 855)",174,58
297,859.0,451.0,1.0,802.1439208984375,12364.376349312912,"(451, 859, 452, 860)",174,58
297,1363.3333333333333,615.6666666666666,3.0,871.1248779296875,37093.12904793874,"(615, 1363, 617, 1365)",88,40
297,942.5,634.0,2.0,802.1439208984375,24728.752698625824,"(634, 942, 635, 944)",330,33
297,1238.0,644.0,1.0,802.1439208984375,12364.376349312912,"(644, 1238, 645, 1239)",97,91
297,939.0,851.5,2.0,871.1248779296875,24728.752698625824,"(851, 939, 853, 940)",92,65
297,944.5,1105.5,2.0,836.2706298828125,24728.752698625824,"(1105, 944, 1107, 946)",29,79
297,1444.0,1288.75,4.0,1258.687744140625,49457.50539725165,"(1288, 1443, 1291, 1446)",86,17
297,929.0,1449.0,1.0,802.1439208984375,12364.376349312912,"(1449, 929, 1450, 930)",50,61
297,1563.0434782608695,1695.7173913043478,47.0,979.920166015625,581125.6884177069,"(1691, 1558, 1701, 1569)",26,64
297,940.0,1886.0,1.0,802.1439208984375,12364.376349312912,"(1886, 940, 1887, 941)",93,52
297,903.0,1939.0,1.0,802.1439208984375,12364.376349312912,"(1939, 903, 1940, 904)",39,65
298,159.0,241.0,1.0,906.6409301757812,12364.376349312912,"(241, 159, 242, 160)",4,33
298,119.5,401.5,2.0,942.930908203125,24728.752698625824,"(401, 119, 403, 121)",266,35
298,942.6666666666666,844.6666666666666,3.0,871.1014404296875,37093.12904793874,"(844, 942, 846, 944)",92,65
298,1971.0,1156.0,1.0,802.113037109375,12364.376349312912,"(1156, 1971, 1157, 1972)",89,56
298,1443.5,1288.5,2.0,871.1014404296875,24728.752698625824,"(1288, 1443, 1290, 1445)",86,17
298,1051.4285714285713,1595.857142857143,7.0,979.917724609375,86550.63444519039,"(1594, 1050, 1599, 1054)",302,13
298,1640.0,1644.0,1.0,802.113037109375,12364.376349312912,"(1644, 1640, 1645, 1641)",186,28
298,1564.4642857142858,1695.7857142857142,28.0,1055.98193359375,346202.53778076154,"(1692, 1561, 1700, 1568)",26,64
298,472.6666666666667,1833.6666666666667,3.0,802.113037109375,37093.12904793874,"(1833, 472, 1835, 474)",284,12
298,1853.6666666666667,1893.6666666666667,3.0,906.6409301757812,37093.12904793874,"(1893, 1853, 1895, 1855)",321,30
298,928.0,1898.0,1.0,802.113037109375,12364.376349312912,"(1898, 928, 1899, 929)",93,52
298,187.0,1909.0,1.0,836.2587890625,12364.376349312912,"(1909, 187, 1910, 188)",159,85
298,391.0,2047.0,1.0,802.113037109375,12364.376349312912,"(2047, 391, 2048, 392)",146,18
299,987.0,538.5,2.0,942.9464721679688,24728.752698625824,"(538, 987, 540, 988)",66,50
299,1640.5,1644.0,2.0,802.1212158203125,24728.752698625824,"(1644, 1640, 1645, 1642)",186,28
299,1563.6470588235295,1694.1764705882354,17.0,1095.1104736328125,210194.3979383195,"(1692, 1560, 1696, 1568)",26,64
299,472.4,1833.4,5.0,979.9044189453125,61821.881746564555,"(1832, 472, 1836, 474)",284,12
299,1853.0625,1894.1875,16.0,2026.653564453125,197830.0215890066,"(1891, 1852, 1898, 1855)",321,30
300,168.0,1054.0,1.0,871.1005859375,12364.376349312912,"(1054, 168, 1055, 169)",253,7
300,758.0,1566.0,1.0,802.1568603515625,12364.376349312912,"(1566, 758, 1567, 759)",194,23
300,1076.6470588235295,1576.4705882352941,17.0,1134.94775390625,210194.3979383195,"(1575, 1073, 1580, 1082)",238,14
300,1049.1666666666667,1595.3333333333333,6.0,836.2431640625,74186.25809587748,"(1593, 1048, 1598, 1051)",302,13
300,1561.0,1693.0,1.0,836.2431640625,12364.376349312912,"(1693, 1561, 1694, 1562)",26,64
300,471.3333333333333,1833.1666666666667,6.0,1055.978759765625,74186.25809587748,"(1831, 470, 1836, 474)",284,12
300,97.05882352941177,1877.4705882352941,17.0,1095.1033935546875,210194.3979383195,"(1875, 96, 1882, 100)",159,85
300,1851.7272727272727,1894.5454545454545,22.0,3379.9111328125,272016.27968488407,"(1891, 1849, 1898, 1855)",321,30
301,854.0,445.0,1.0,802.1044921875,12364.376349312912,"(445, 854, 446, 855)",174,58
301,944.1818181818181,627.7575757575758,33.0,906.66064453125,408024.41952732607,"(623, 940, 633, 950)",330,33
301,1242.0,647.5,6.0,1055.984375,74186.25809587748,"(646, 1240, 650, 1245)",97,91
301,154.83333333333334,689.1666666666666,6.0,906.66064453125,74186.25809587748,"(688, 153, 691, 157)",23,51
301,173.6206896551724,710.0689655172414,29.0,979.9327392578125,358566.91413007444,"(708, 169, 713, 178)",23,51
301,757.0,1565.0,1.0,802.1044921875,12364.376349312912,"(1565, 757, 1566, 758)",194,23
301,1048.2,1593.8,10.0,871.11865234375,123643.76349312911,"(1592, 1047, 1597, 1051)",302,13
301,470.9166666666667,1832.1666666666667,12.0,1134.93359375,148372.51619175496,"(1830, 469, 1835, 474)",284,12
301,97.51724137931035,1875.4137931034484,29.0,1344.696533203125,358566.91413007444,"(1872, 96, 1882, 103)",159,85
302,160.0,240.5,6.0,871.1162109375,74186.25809587748,"(238, 159, 244, 162)",4,33
302,94.4,383.2,5.0,1095.1181640625,61821.881746564555,"(382, 94, 385, 96)",266,35
302,1240.0,645.5,2.0,871.1162109375,24728.752698625824,"(645, 1240, 647, 1241)",97,91
302,154.14285714285714,688.4285714285714,7.0,906.6744384765625,86550.63444519039,"(688, 152, 690, 157)",23,51
302,173.6315789473684,710.2105263157895,19.0,1056.009033203125,234923.15063694533,"(709, 170, 713, 178)",23,51
302,269.0,999.0,1.0,802.1204833984375,12364.376349312912,"(999, 269, 1000, 270)",264,5
302,280.0,1212.0,1.0,802.1204833984375,12364.376349312912,"(1212, 280, 1213, 281)",40,47
302,1075.0,1575.0,5.0,1017.5903930664062,61821.881746564555,"(1575, 1073, 1576, 1078)",238,14
302,1562.0,1692.0,1.0,802.1204833984375,12364.376349312912,"(1692, 1562, 1693, 1563)",26,64
302,1606.5,1695.0,2.0,871.1162109375,24728.752698625824,"(1695, 1606, 1696, 1608)",26,64
302,471.4375,1832.0625,16.0,1433.5870361328125,197830.0215890066,"(1830, 469, 1835, 475)",284,12
302,96.64285714285714,1877.2857142857142,14.0,942.923095703125,173101.26889038077,"(1875, 96, 1882, 99)",159,85
302,1850.5294117647059,1893.5882352941176,17.0,2247.13525390625,210194.3979383195,"(1891, 1849, 1897, 1853)",321,30
303,96.0,381.5,2.0,802.151123046875,24728.752698625824,"(381, 96, 383, 97)",266,35
303,858.0,442.0,1.0,802.151123046875,12364.376349312912,"(442, 858, 443, 859)",174,58
303,1356.0,616.0,1.0,836.2672729492188,12364.376349312912,"(616, 1356, 617, 1357)",88,40
303,155.3846153846154,690.0769230769231,13.0,942.9111938476562,160736.89254106785,"(689, 152, 693, 160)",23,51
303,175.70833333333334,712.6666666666666,24.0,942.9111938476562,296745.0323835099,"(711, 172, 715, 181)",23,51
303,941.0,1106.0,1.0,871.1240234375,12364.376349312912,"(1106, 941, 1107, 942)",29,79
303,928.0,1454.0,1.0,802.151123046875,12364.376349312912,"(1454, 928, 1455, 929)",50,61
303,1609.0,1697.5,2.0,802.151123046875,24728.752698625824,"(1697, 1609, 1699, 1610)",26,64
303,98.8,1877.9333333333334,15.0,942.9111938476562,185465.64523969367,"(1875, 97, 1883, 102)",159,85
303,1852.5625,1895.125,16.0,1868.787353515625,197830.0215890066,"(1892, 1851, 1898, 1855)",321,30
303,944.0,1902.0,1.0,802.151123046875,12364.376349312912,"(1902, 944, 1903, 945)",93,52
303,184.0,1906.0,1.0,802.151123046875,12364.376349312912,"(1906, 184, 1907, 185)",159,85
303,392.0,2047.0,1.0,802.151123046875,12364.376349312912,"(2047, 392, 2048, 393)",146,18
304,161.0,241.0,3.0,802.1204833984375,37093.12904793874,"(240, 161, 243, 162)",4,33
304,1360.0,615.0,1.0,802.1204833984375,12364.376349312912,"(615, 1360, 616, 1361)",88,40
304,944.5555555555555,626.3333333333334,36.0,1056.009033203125,445117.5485752648,"(623, 941, 632, 951)",330,33
304,1242.0,647.0,1.0,836.2484741210938,12364.376349312912,"(647, 1242, 648, 1243)",97,91
304,941.3333333333334,1103.6666666666667,3.0,1017.5903930664062,37093.12904793874,"(1103, 941, 1105, 943)",29,79
304,1866.0,1134.0,1.0,802.1204833984375,12364.376349312912,"(1134, 1866, 1135, 1867)",317,16
304,98.0,1878.5,2.0,802.1204833984375,24728.752698625824,"(1878, 98, 1880, 99)",159,85
304,1853.8235294117646,1893.0,17.0,2026.6842041015625,210194.3979383195,"(1889, 1852, 1897, 1856)",321,30
305,944.3809523809524,625.9761904761905,42.0,1095.1033935546875,519303.8066711423,"(622, 940, 632, 951)",330,33
305,84.0,961.0,1.0,802.1568603515625,12364.376349312912,"(961, 84, 962, 85)",65,70
305,106.0,980.0,1.0,802.1568603515625,12364.376349312912,"(980, 106, 981, 107)",65,70
305,941.0,1103.75,4.0,1258.6455078125,49457.50539725165,"(1103, 940, 1105, 943)",29,79
305,286.0,1236.0,1.0,802.1568603515625,12364.376349312912,"(1236, 286, 1237, 287)",40,47
305,270.5833333333333,1259.5833333333333,12.0,906.6777954101562,148372.51619175496,"(1257, 269, 1262, 273)",40,47
305,932.5454545454545,1449.3636363636363,11.0,906.6777954101562,136008.13984244203,"(1447, 930, 1452, 935)",50,61
305,1077.5,1576.0,2.0,871.1005859375,24728.752698625824,"(1576, 1077, 1577, 1079)",238,14
305,1051.2,1591.8,10.0,1301.3175048828125,123643.76349312911,"(1590, 1049, 1594, 1054)",302,13
305,98.0,1878.5,4.0,1017.625244140625,49457.50539725165,"(1877, 98, 1881, 99)",159,85
305,1854.25,1892.65,20.0,1817.5985107421875,247287.52698625822,"(1889, 1852, 1896, 1857)",321,30
305,945.0,1901.0,1.0,802.1568603515625,12364.376349312912,"(1901, 945, 1902, 946)",93,52
305,186.0,1908.0,1.0,802.1568603515625,12364.376349312912,"(1908, 186, 1909, 187)",159,85
305,380.0,2036.0,1.0,802.1568603515625,12364.376349312912,"(2036, 380, 2037, 381)",146,18
306,97.0,384.5,4.0,906.6777954101562,49457.50539725165,"(384, 96, 386, 99)",266,35
306,1360.5,616.5,2.0,802.1568603515625,24728.752698625824,"(616, 1360, 618, 1362)",88,40
306,944.975,625.625,40.0,1175.4605712890625,494575.05397251644,"(622, 941, 631, 950)",330,33
306,946.8627450980392,664.7450980392157,51.0,2135.47998046875,630583.1938149584,"(660, 942, 670, 954)",330,33
306,132.0,703.3333333333334,3.0,802.1568603515625,37093.12904793874,"(703, 131, 705, 134)",23,51
306,87.0,962.0,1.0,802.1568603515625,12364.376349312912,"(962, 87, 963, 88)",65,70
306,941.0,1104.0,1.0,942.92333984375,12364.376349312912,"(1104, 941, 1105, 942)",29,79
306,1964.5,1152.5,2.0,802.1568603515625,24728.752698625824,"(1152, 1964, 1154, 1966)",89,56
306,933.5,1449.25,12.0,979.8887329101562,148372.51619175496,"(1447, 931, 1452, 936)",50,61
306,1050.6363636363637,1592.3636363636363,11.0,1134.94775390625,136008.13984244203,"(1590, 1048, 1595, 1054)",302,13
306,98.5,1878.5,2.0,802.1568603515625,24728.752698625824,"(1878, 98, 1880, 100)",159,85
306,1853.8636363636363,1893.2727272727273,22.0,1767.1116943359375,272016.27968488407,"(1889, 1852, 1898, 1857)",321,30
306,187.0,1909.0,1.0,802.1568603515625,12364.376349312912,"(1909, 187, 1910, 188)",159,85
307,566.5,268.0,2.0,836.2926025390625,24728.752698625824,"(268, 566, 269, 568)",19,72
307,97.0,380.75,4.0,979.9134521484375,49457.50539725165,"(380, 96, 383, 99)",266,35
307,854.0,429.0,1.0,836.2926025390625,12364.376349312912,"(429, 854, 430, 855)",174,58
307,1362.2857142857142,593.0,7.0,1258.641845703125,86550.63444519039,"(592, 1361, 595, 1365)",88,40
307,945.0952380952381,666.547619047619,42.0,1175.458740234375,519303.8066711423,"(661, 941, 672, 950)",330,33
307,231.0,1399.0,1.0,836.2926025390625,12364.376349312912,"(1399, 231, 1400, 232)",82,6
307,1076.0,1576.5625,16.0,1175.458740234375,197830.0215890066,"(1575, 1071, 1579, 1081)",238,14
307,1071.8,1666.2,5.0,871.12548828125,61821.881746564555,"(1665, 1071, 1668, 1074)",348,20
307,466.0,1839.0,1.0,836.2926025390625,12364.376349312912,"(1839, 466, 1840, 467)",284,12
307,1854.1904761904761,1893.5714285714287,21.0,1388.810302734375,259651.90333557114,"(1888, 1853, 1899, 1856)",321,30
307,947.0,1907.0,1.0,802.1094970703125,12364.376349312912,"(1907, 947, 1908, 948)",93,52
308,563.0,266.0,1.0,802.112060546875,12364.376349312912,"(266, 563, 267, 564)",19,72
308,939.0,1101.0,1.0,906.6746826171875,12364.376349312912,"(1101, 939, 1102, 940)",29,79
308,266.0,1261.3333333333333,3.0,836.2874755859375,37093.12904793874,"(1261, 265, 1263, 268)",40,47
308,1075.0,1574.0,1.0,802.112060546875,12364.376349312912,"(1574, 1075, 1575, 1076)",238,14
308,1051.0,1589.0,1.0,802.112060546875,12364.376349312912,"(1589, 1051, 1590, 1052)",302,13
308,1853.0,1892.5,18.0,1216.73486328125,222558.7742876324,"(1889, 1852, 1897, 1855)",321,30
308,183.0,1909.0,1.0,802.112060546875,12364.376349312912,"(1909, 183, 1910, 184)",159,85
309,116.4,398.4,5.0,1095.11328125,61821.881746564555,"(398, 115, 400, 119)",266,35
309,950.0434782608696,621.9565217391304,23.0,906.7275390625,284380.65603419696,"(618, 946, 628, 957)",330,33
309,946.5697674418604,662.9883720930233,86.0,1258.5654296875,1063336.3660409104,"(654, 940, 671, 952)",330,33
309,1969.0,1154.0,1.0,802.208984375,12364.376349312912,"(1154, 1969, 1155, 1970)",89,56
309,267.0,1264.0,1.0,802.208984375,12364.376349312912,"(1264, 267, 1265, 268)",40,47
309,705.0,1363.5,6.0,871.21630859375,74186.25809587748,"(1363, 704, 1365, 707)",45,3
309,1075.6666666666667,1573.6666666666667,9.0,1301.38037109375,111279.3871438162,"(1573, 1073, 1575, 1080)",238,14
309,387.0,2043.0,1.0,802.208984375,12364.376349312912,"(2043, 387, 2044, 388)",146,18
310,1501.0,14.0,1.0,802.1312255859375,12364.376349312912,"(14, 1501, 15, 1502)",199,15
310,398.0,256.0,1.0,836.2906494140625,12364.376349312912,"(256, 398, 257, 399)",219,30
310,377.0,320.0,1.0,802.1312255859375,12364.376349312912,"(320, 377, 321, 378)",219,30
310,947.5540540540541,662.5405405405405,74.0,1973.328369140625,914963.8498491555,"(654, 941, 671, 954)",330,33
310,108.0,979.0,1.0,802.1312255859375,12364.376349312912,"(979, 108, 980, 109)",65,70
310,285.42857142857144,1231.7142857142858,7.0,836.2906494140625,86550.63444519039,"(1230, 285, 1234, 287)",40,47
310,1074.923076923077,1574.6153846153845,13.0,1095.12939453125,160736.89254106785,"(1574, 1072, 1576, 1080)",238,14
310,1051.0,1592.0,1.0,802.1312255859375,12364.376349312912,"(1592, 1051, 1593, 1052)",302,13
310,1074.2,1667.0,5.0,871.1321411132812,61821.881746564555,"(1665, 1074, 1670, 1076)",348,20
310,1565.0,1690.0,1.0,836.2906494140625,12364.376349312912,"(1690, 1565, 1691, 1566)",26,64
310,1856.2666666666667,1894.6,30.0,1572.28173828125,370931.29047938733,"(1889, 1855, 1901, 1859)",321,30
310,184.0,1908.0,1.0,802.1312255859375,12364.376349312912,"(1908, 184, 1909, 185)",159,85
311,115.0,401.0,1.0,836.2614135742188,12364.376349312912,"(401, 115, 402, 116)",266,35
311,1363.5,619.0,2.0,836.2614135742188,24728.752698625824,"(619, 1363, 620, 1365)",88,40
311,948.3157894736842,659.8157894736842,38.0,1301.353271484375,469846.30127389065,"(654, 945, 668, 953)",330,33
311,82.0,996.0,1.0,802.1324462890625,12364.376349312912,"(996, 82, 997, 83)",65,70
311,1947.5,1150.0,2.0,802.1324462890625,24728.752698625824,"(1150, 1947, 1151, 1949)",89,56
311,283.6666666666667,1229.0,3.0,871.115478515625,37093.12904793874,"(1228, 283, 1231, 285)",40,47
311,926.6666666666666,1383.6666666666667,3.0,942.95068359375,37093.12904793874,"(1383, 926, 1385, 928)",50,61
311,1072.0,1573.5714285714287,7.0,871.115478515625,86550.63444519039,"(1573, 1069, 1575, 1076)",238,14
311,1049.0,1594.5,2.0,802.1324462890625,24728.752698625824,"(1594, 1049, 1596, 1050)",302,13
311,1073.3333333333333,1666.4444444444443,9.0,1056.02099609375,111279.3871438162,"(1665, 1072, 1669, 1075)",348,20
311,941.0,1898.0,1.0,802.1324462890625,12364.376349312912,"(1898, 941, 1899, 942)",93,52
311,189.0,1909.0,1.0,802.1324462890625,12364.376349312912,"(1909, 189, 1910, 190)",159,85
311,896.0,1944.0,1.0,836.2614135742188,12364.376349312912,"(1944, 896, 1945, 897)",39,65
311,380.0,2036.0,1.0,802.1324462890625,12364.376349312912,"(2036, 380, 2037, 381)",146,18
312,835.0,381.0,1.0,802.151123046875,12364.376349312912,"(381, 835, 382, 836)",174,58
312,1360.6666666666667,614.3333333333334,3.0,836.2672729492188,37093.12904793874,"(614, 1360, 616, 1362)",88,40
312,946.0697674418604,625.5348837209302,43.0,1095.12548828125,531668.1830204552,"(618, 943, 635, 953)",330,33
312,949.84,656.4,25.0,1134.9195556640625,309109.4087328228,"(652, 948, 661, 953)",330,33
312,1973.0,1156.0,1.0,802.151123046875,12364.376349312912,"(1156, 1973, 1157, 1974)",89,56
312,1047.909090909091,1591.1818181818182,11.0,942.9111938476562,136008.13984244203,"(1589, 1046, 1594, 1051)",302,13
312,1073.25,1665.625,8.0,1258.646240234375,98915.0107945033,"(1664, 1072, 1668, 1075)",348,20
312,372.2,1734.2666666666667,15.0,942.9111938476562,185465.64523969367,"(1732, 370, 1738, 375)",15,83
312,1855.96,1891.84,50.0,1767.130126953125,618218.8174656456,"(1883, 1854, 1899, 1859)",321,30
312,891.952380952381,1942.8095238095239,21.0,942.9111938476562,259651.90333557114,"(1941, 887, 1945, 897)",39,65
313,851.0,451.0,1.0,802.1104736328125,12364.376349312912,"(451, 851, 452, 852)",174,58
313,1287.5,615.0,2.0,906.6917724609375,24728.752698625824,"(615, 1287, 616, 1289)",346,7
313,950.0,657.9705882352941,34.0,1525.3192138671875,420388.795876639,"(652, 947, 664, 953)",330,33
313,84.0,994.0,1.0,802.1104736328125,12364.376349312912,"(994, 84, 995, 85)",65,70
313,930.0,1379.5,2.0,802.1104736328125,24728.752698625824,"(1379, 930, 1381, 931)",50,61
313,276.0,1422.0,1.0,836.2877197265625,12364.376349312912,"(1422, 276, 1423, 277)",163,3
313,1076.0,1575.0,5.0,906.6917724609375,61821.881746564555,"(1575, 1074, 1576, 1079)",238,14
313,1049.0,1591.0,1.0,802.1104736328125,12364.376349312912,"(1591, 1049, 1592, 1050)",302,13
314,565.0,266.0,1.0,802.1522216796875,12364.376349312912,"(266, 565, 267, 566)",19,72
314,376.5,294.0,2.0,802.1522216796875,24728.752698625824,"(294, 376, 295, 378)",219,30
314,117.5,401.5,6.0,1717.3271484375,74186.25809587748,"(401, 116, 403, 120)",266,35
314,869.0,461.0,1.0,802.1522216796875,12364.376349312912,"(461, 869, 462, 870)",174,58
314,164.5,1022.5,4.0,1095.123046875,49457.50539725165,"(1022, 164, 1024, 166)",34,49
314,1074.875,1666.125,8.0,1134.9515380859375,98915.0107945033,"(1664, 1073, 1669, 1077)",348,20
314,1551.0,1679.0,1.0,802.1522216796875,12364.376349312912,"(1679, 1551, 1680, 1552)",26,64
314,1564.0,1704.0,1.0,802.1522216796875,12364.376349312912,"(1704, 1564, 1705, 1565)",26,64
314,1856.090909090909,1896.8181818181818,11.0,1216.6925048828125,136008.13984244203,"(1895, 1855, 1900, 1859)",321,30
314,893.7826086956521,1944.304347826087,23.0,906.6787719726562,284380.65603419696,"(1942, 888, 1947, 900)",39,65
314,831.0,1954.0,1.0,871.1110229492188,12364.376349312912,"(1954, 831, 1955, 832)",39,65
315,398.0,260.0,1.0,802.1205444335938,12364.376349312912,"(260, 398, 261, 399)",219,30
315,115.0,402.0,1.0,871.0966186523438,12364.376349312912,"(402, 115, 403, 116)",266,35
315,86.72222222222223,989.7222222222222,18.0,942.9503784179688,222558.7742876324,"(987, 84, 993, 91)",65,70
315,1973.5,1155.5,2.0,802.1205444335938,24728.752698625824,"(1155, 1973, 1157, 1975)",89,56
315,1041.4,1587.4,5.0,836.25439453125,61821.881746564555,"(1587, 1040, 1589, 1044)",302,13
315,1561.2,1699.6,5.0,942.9503784179688,61821.881746564555,"(1698, 1561, 1702, 1563)",26,64
315,1854.9166666666667,1896.5833333333333,12.0,979.9176025390625,148372.51619175496,"(1895, 1854, 1900, 1857)",321,30
315,892.8,1944.2666666666667,15.0,871.0966186523438,185465.64523969367,"(1943, 889, 1946, 898)",39,65
316,116.0,402.0,1.0,871.1102905273438,12364.376349312912,"(402, 116, 403, 117)",266,35
316,87.5,989.0333333333333,30.0,979.908935546875,370931.29047938733,"(986, 85, 993, 92)",65,70
316,135.0,1024.0,1.0,802.1397094726562,12364.376349312912,"(1024, 135, 1025, 136)",34,49
316,1975.0,1157.0,1.0,802.1397094726562,12364.376349312912,"(1157, 1975, 1158, 1976)",89,56
316,1043.0,1585.0,1.0,802.1397094726562,12364.376349312912,"(1585, 1043, 1586, 1044)",302,13
316,1631.0,1649.0,1.0,836.278076171875,12364.376349312912,"(1649, 1631, 1650, 1632)",186,28
316,1080.0,1673.0,1.0,802.1397094726562,12364.376349312912,"(1673, 1080, 1674, 1081)",348,20
316,1281.0,1743.0,1.0,802.1397094726562,12364.376349312912,"(1743, 1281, 1744, 1282)",100,17
316,129.0,1877.0,1.0,802.1397094726562,12364.376349312912,"(1877, 129, 1878, 130)",159,85
316,1855.2222222222222,1896.4444444444443,9.0,1017.609130859375,111279.3871438162,"(1894, 1854, 1900, 1857)",321,30
316,1099.0,2016.25,4.0,871.1102905273438,49457.50539725165,"(2016, 1098, 2018, 1101)",365,4
317,860.0,436.0,1.0,802.1566162109375,12364.376349312912,"(436, 860, 437, 861)",174,58
317,625.0,503.0,1.0,906.6893920898438,12364.376349312912,"(503, 625, 504, 626)",170,4
317,1362.6666666666667,614.3333333333334,3.0,871.103759765625,37093.12904793874,"(614, 1362, 616, 1364)",88,40
317,948.9642857142857,658.7857142857143,28.0,1216.69140625,346202.53778076154,"(653, 947, 665, 952)",330,33
317,925.0,1433.0,1.0,802.1566162109375,12364.376349312912,"(1433, 925, 1434, 926)",50,61
317,1553.75,1682.5,4.0,871.103759765625,49457.50539725165,"(1681, 1553, 1685, 1555)",26,64
317,1103.0,1697.5,2.0,836.2752685546875,24728.752698625824,"(1697, 1103, 1699, 1104)",348,20
317,1856.3333333333333,1895.0,3.0,802.1566162109375,37093.12904793874,"(1894, 1856, 1897, 1858)",321,30
317,184.0,1905.0,1.0,802.1566162109375,12364.376349312912,"(1905, 184, 1906, 185)",159,85
317,911.0,1941.0,1.0,802.1566162109375,12364.376349312912,"(1941, 911, 1942, 912)",39,65
317,1099.0,2015.5,2.0,871.103759765625,24728.752698625824,"(2015, 1099, 2017, 1100)",365,4
318,388.5,255.0,2.0,871.1110229492188,24728.752698625824,"(255, 388, 256, 390)",219,30
318,1363.0,614.3333333333334,3.0,906.6787719726562,37093.12904793874,"(614, 1362, 616, 1365)",88,40
318,948.5,659.6818181818181,22.0,1095.123046875,272016.27968488407,"(656, 945, 665, 952)",330,33
318,80.0,964.0,1.0,802.1522216796875,12364.376349312912,"(964, 80, 965, 81)",65,70
318,88.96969696969697,989.5757575757576,33.0,906.6787719726562,408024.41952732607,"(987, 85, 993, 93)",65,70
318,935.0,1105.0,1.0,871.1110229492188,12364.376349312912,"(1105, 935, 1106, 936)",29,79
318,1868.0,1146.0,1.0,802.1522216796875,12364.376349312912,"(1146, 1868, 1147, 1869)",317,16
318,935.0,1448.0,3.0,836.2842407226562,37093.12904793874,"(1448, 934, 1449, 937)",50,61
318,1016.0,1607.0,1.0,802.1522216796875,12364.376349312912,"(1607, 1016, 1608, 1017)",338,3
318,1099.0,2016.0,1.0,802.1522216796875,12364.376349312912,"(2016, 1099, 2017, 1100)",365,4
319,1364.0,615.3333333333334,3.0,906.6409301757812,37093.12904793874,"(615, 1363, 617, 1366)",88,40
319,83.0,964.0,1.0,802.113037109375,12364.376349312912,"(964, 83, 965, 84)",65,70
319,89.27027027027027,990.1081081081081,37.0,906.6409301757812,457481.92492457776,"(988, 86, 994, 94)",65,70
319,935.0,1105.5,2.0,1095.11279296875,24728.752698625824,"(1105, 935, 1107, 936)",29,79
319,844.0,1120.0,1.0,1017.6013793945312,12364.376349312912,"(1120, 844, 1121, 845)",367,4
319,277.6666666666667,1417.8333333333333,6.0,871.1014404296875,74186.25809587748,"(1417, 277, 1420, 280)",163,3
319,409.0,1543.0,1.0,836.2587890625,12364.376349312912,"(1543, 409, 1544, 410)",255,5
319,1551.7777777777778,1680.9259259259259,27.0,1175.46533203125,333838.1614314486,"(1677, 1548, 1687, 1556)",26,64
319,1099.0,2016.0,1.0,802.113037109375,12364.376349312912,"(2016, 1099, 2017, 1100)",365,4
320,1363.8,615.4,5.0,836.2545166015625,61821.881746564555,"(615, 1363, 617, 1366)",88,40
320,935.7142857142857,1106.0,7.0,1525.3134765625,86550.63444519039,"(1105, 935, 1108, 938)",29,79
320,844.5,1120.5,2.0,942.939453125,24728.752698625824,"(1120, 844, 1122, 846)",367,4
320,285.0,1236.0,1.0,802.1572265625,12364.376349312912,"(1236, 285, 1237, 286)",40,47
320,733.0,1561.0,1.0,802.1572265625,12364.376349312912,"(1561, 733, 1562, 734)",194,23
320,1083.0,1672.0,1.0,802.1572265625,12364.376349312912,"(1672, 1083, 1673, 1084)",348,20
320,1551.7058823529412,1681.5588235294117,34.0,1301.344970703125,420388.795876639,"(1677, 1547, 1688, 1556)",26,64
320,185.0,1906.0,1.0,802.1572265625,12364.376349312912,"(1906, 185, 1907, 186)",159,85
320,908.0,1944.0,1.0,802.1572265625,12364.376349312912,"(1944, 908, 1945, 909)",39,65
321,398.0,256.0,1.0,836.245361328125,12364.376349312912,"(256, 398, 257, 399)",219,30
321,390.0,307.0,1.0,802.16064453125,12364.376349312912,"(307, 390, 308, 391)",219,30
321,88.72,989.44,25.0,942.9065551757812,309109.4087328228,"(987, 83, 994, 94)",65,70
321,937.5862068965517,1105.3103448275863,29.0,1619.914794921875,358566.91413007444,"(1102, 935, 1110, 942)",29,79
321,845.0,1120.0,1.0,871.111083984375,12364.376349312912,"(1120, 845, 1121, 846)",367,4
321,935.0,1447.0,1.0,802.16064453125,12364.376349312912,"(1447, 935, 1448, 936)",50,61
321,1552.0625,1680.5625,32.0,1344.726806640625,395660.0431780132,"(1677, 1548, 1688, 1556)",26,64
321,1852.5,1796.5,8.0,1216.699951171875,98915.0107945033,"(1796, 1850, 1798, 1856)",369,4
321,1857.0,1898.0,3.0,836.245361328125,37093.12904793874,"(1897, 1857, 1900, 1858)",321,30
322,385.0,327.0,1.0,802.1029052734375,12364.376349312912,"(327, 385, 328, 386)",219,30
322,852.0,417.0,1.0,802.1029052734375,12364.376349312912,"(417, 852, 418, 853)",174,58
322,844.5,1119.5,2.0,1095.139404296875,24728.752698625824,"(1119, 844, 1121, 846)",367,4
322,283.0,1235.5,2.0,802.1029052734375,24728.752698625824,"(1235, 283, 1237, 284)",40,47
322,1550.7727272727273,1679.7272727272727,44.0,1619.9285888671875,544032.5593697681,"(1675, 1546, 1688, 1556)",26,64
322,1100.75,1695.25,4.0,906.6605224609375,49457.50539725165,"(1694, 1100, 1697, 1102)",348,20
322,1850.8333333333333,1795.6666666666667,6.0,1055.9927978515625,74186.25809587748,"(1795, 1849, 1797, 1854)",369,4
322,1465.5,1880.5,2.0,802.1029052734375,24728.752698625824,"(1880, 1465, 1882, 1467)",197,7
322,1856.1666666666667,1896.1666666666667,12.0,1134.9112548828125,148372.51619175496,"(1894, 1855, 1899, 1858)",321,30
323,1579.6410256410256,436.38461538461536,39.0,1134.946044921875,482210.67762320355,"(432, 1576, 443, 1586)",21,92
323,937.1944444444445,1105.3055555555557,36.0,1479.1282958984375,445117.5485752648,"(1102, 934, 1111, 943)",29,79
323,416.5,1537.5,2.0,1017.5699462890625,24728.752698625824,"(1537, 416, 1539, 418)",255,5
323,1653.3225806451612,1650.0645161290322,31.0,1433.60546875,383295.6668287003,"(1647, 1650, 1654, 1658)",186,28
323,1101.5,1698.0,8.0,1134.946044921875,98915.0107945033,"(1696, 1101, 1701, 1103)",348,20
323,1852.0,1796.7,10.0,1388.823486328125,123643.76349312911,"(1795, 1850, 1799, 1856)",369,4
323,1857.923076923077,1896.8461538461538,13.0,1095.0799560546875,160736.89254106785,"(1895, 1856, 1900, 1860)",321,30
324,1255.5,605.5,2.0,906.6461791992188,24728.752698625824,"(605, 1255, 607, 1257)",97,91
324,936.7021276595744,1107.0425531914893,47.0,2784.7080078125,581125.6884177069,"(1103, 934, 1113, 943)",29,79
324,287.0,1258.25,8.0,979.89208984375,98915.0107945033,"(1257, 286, 1261, 289)",40,47
324,1551.8709677419354,1679.774193548387,31.0,1258.650390625,383295.6668287003,"(1676, 1548, 1686, 1556)",26,64
324,1102.6,1699.5,10.0,1017.602783203125,123643.76349312911,"(1697, 1102, 1703, 1104)",348,20
324,1469.0,1885.0,1.0,802.16064453125,12364.376349312912,"(1885, 1469, 1886, 1470)",197,7
324,1860.2,1897.4666666666667,15.0,1433.592529296875,185465.64523969367,"(1896, 1858, 1900, 1864)",321,30
324,184.5,1906.0,2.0,802.16064453125,24728.752698625824,"(1906, 184, 1907, 186)",159,85
325,713.0,134.0,1.0,802.1431884765625,12364.376349312912,"(134, 713, 135, 714)",131,20
325,1364.0,618.0,1.0,802.1431884765625,12364.376349312912,"(618, 1364, 619, 1365)",88,40
325,936.6153846153846,1106.1025641025642,39.0,2538.661865234375,482210.67762320355,"(1102, 934, 1112, 942)",29,79
325,1654.6315789473683,1650.342105263158,38.0,1619.9228515625,469846.30127389065,"(1646, 1650, 1656, 1660)",186,28
325,1980.0,1656.0,1.0,942.9334106445312,12364.376349312912,"(1656, 1980, 1657, 1981)",177,36
325,1553.4705882352941,1679.8529411764705,34.0,1216.719970703125,420388.795876639,"(1675, 1549, 1686, 1558)",26,64
325,1103.0,1696.5,4.0,942.9334106445312,49457.50539725165,"(1695, 1103, 1699, 1104)",348,20
325,1852.3333333333333,1797.6666666666667,3.0,836.2645263671875,37093.12904793874,"(1797, 1852, 1799, 1854)",369,4
326,937.94,1106.3,50.0,2478.938232421875,618218.8174656456,"(1103, 935, 1113, 944)",29,79
326,286.8333333333333,1258.6666666666667,6.0,871.1109008789062,74186.25809587748,"(1258, 286, 1261, 289)",40,47
326,707.5,1366.0,2.0,802.1431884765625,24728.752698625824,"(1366, 707, 1367, 709)",45,3
326,1554.5555555555557,1679.6666666666667,36.0,1301.3209228515625,445117.5485752648,"(1675, 1551, 1687, 1559)",26,64
326,1103.7777777777778,1697.0,9.0,1433.5921630859375,111279.3871438162,"(1695, 1103, 1700, 1106)",348,20
326,184.0,1908.0,1.0,802.1431884765625,12364.376349312912,"(1908, 184, 1909, 185)",159,85
326,320.0,1976.0,1.0,802.1431884765625,12364.376349312912,"(1976, 320, 1977, 321)",145,22
327,1373.0,621.0,1.0,802.1102294921875,12364.376349312912,"(621, 1373, 622, 1374)",88,40
327,103.0,972.0,1.0,802.1102294921875,12364.376349312912,"(972, 103, 973, 104)",65,70
327,937.6904761904761,1106.0,42.0,4825.599609375,519303.8066711423,"(1103, 934, 1111, 944)",29,79
327,1876.0,1142.0,1.0,802.1102294921875,12364.376349312912,"(1142, 1876, 1143, 1877)",317,16
327,1971.0,1162.0,1.0,802.1102294921875,12364.376349312912,"(1162, 1971, 1163, 1972)",89,56
327,1656.09375,1652.15625,32.0,1258.6671142578125,395660.0431780132,"(1649, 1653, 1656, 1660)",186,28
327,1553.516129032258,1679.3870967741937,31.0,1134.939697265625,383295.6668287003,"(1675, 1550, 1687, 1557)",26,64
328,1365.5,616.5,4.0,802.1484375,49457.50539725165,"(616, 1365, 618, 1367)",88,40
328,160.0,688.0,1.0,802.1484375,12364.376349312912,"(688, 160, 689, 161)",23,51
328,87.0,983.0,1.0,802.1484375,12364.376349312912,"(983, 87, 984, 88)",65,70
328,937.28,1104.88,50.0,9856.7109375,618218.8174656456,"(1102, 933, 1111, 945)",29,79
328,1870.0,1138.0,1.0,802.1484375,12364.376349312912,"(1138, 1870, 1139, 1871)",317,16
328,279.0,1237.0,1.0,802.1484375,12364.376349312912,"(1237, 279, 1238, 280)",40,47
328,902.0,1443.0,1.0,802.1484375,12364.376349312912,"(1443, 902, 1444, 903)",50,61
328,1656.96,1651.36,25.0,1017.597412109375,309109.4087328228,"(1647, 1653, 1657, 1661)",186,28
328,1553.4736842105262,1676.7894736842106,19.0,1175.503173828125,234923.15063694533,"(1675, 1551, 1680, 1557)",26,64
328,1859.0,1895.5,2.0,906.7177734375,24728.752698625824,"(1895, 1859, 1897, 1860)",321,30
329,854.0,425.0,1.0,802.24365234375,12364.376349312912,"(425, 854, 426, 855)",174,58
329,1364.75,614.75,4.0,906.5869140625,49457.50539725165,"(614, 1364, 616, 1367)",88,40
329,88.0,982.0,1.0,802.24365234375,12364.376349312912,"(982, 88, 983, 89)",65,70
329,1958.0,1146.0,1.0,802.24365234375,12364.376349312912,"(1146, 1958, 1147, 1959)",89,56
329,1553.076923076923,1676.3846153846155,13.0,942.8349609375,160736.89254106785,"(1675, 1551, 1680, 1556)",26,64
329,119.0,1881.0,1.0,802.24365234375,12364.376349312912,"(1881, 119, 1882, 120)",159,85
329,1858.0,1894.5,2.0,802.24365234375,24728.752698625824,"(1894, 1858, 1896, 1859)",321,30
329,184.0,1910.0,1.0,802.24365234375,12364.376349312912,"(1910, 184, 1911, 185)",159,85
330,1365.1818181818182,615.8181818181819,11.0,942.82373046875,136008.13984244203,"(615, 1363, 618, 1369)",88,40
330,153.5,683.0,2.0,836.37255859375,24728.752698625824,"(683, 153, 684, 155)",23,51
330,373.0,958.0,1.0,942.82373046875,12364.376349312912,"(958, 373, 959, 374)",375,4
330,936.4307692307692,1103.8,65.0,15754.6669921875,803684.4627053393,"(1101, 931, 1109, 945)",29,79
330,1872.0,1134.0,1.0,802.25048828125,12364.376349312912,"(1134, 1872, 1135, 1873)",317,16
330,1955.0,1157.0,1.0,836.37255859375,12364.376349312912,"(1157, 1955, 1158, 1956)",89,56
330,285.0,1238.0,1.0,802.25048828125,12364.376349312912,"(1238, 285, 1239, 286)",40,47
330,1551.857142857143,1676.2857142857142,7.0,979.82958984375,86550.63444519039,"(1675, 1551, 1678, 1554)",26,64
330,1101.6666666666667,1698.3333333333333,3.0,906.779296875,37093.12904793874,"(1698, 1101, 1700, 1103)",348,20
330,177.0,1906.0,1.0,802.25048828125,12364.376349312912,"(1906, 177, 1907, 178)",159,85
330,885.0,1928.0,1.0,802.25048828125,12364.376349312912,"(1928, 885, 1929, 886)",39,65
330,393.0,2047.0,1.0,802.25048828125,12364.376349312912,"(2047, 393, 2048, 394)",146,18
331,714.0,134.0,1.0,802.00634765625,12364.376349312912,"(134, 714, 135, 715)",131,20
331,1367.7272727272727,617.0,11.0,1017.5576171875,136008.13984244203,"(616, 1366, 619, 1371)",88,40
331,161.0,690.0,1.0,802.00634765625,12364.376349312912,"(690, 161, 691, 162)",23,51
331,373.0,960.0,1.0,802.00634765625,12364.376349312912,"(960, 373, 961, 374)",375,4
331,938.4285714285714,1105.3333333333333,84.0,17602.1328125,1038607.6133422846,"(1100, 932, 1112, 947)",29,79
331,1553.142857142857,1676.7142857142858,7.0,906.6953125,86550.63444519039,"(1676, 1552, 1679, 1555)",26,64
331,1097.0,1692.0,1.0,802.00634765625,12364.376349312912,"(1692, 1097, 1693, 1098)",348,20
331,396.0,2047.0,1.0,802.00634765625,12364.376349312912,"(2047, 396, 2048, 397)",146,18
332,388.3333333333333,255.0,3.0,942.9482421875,37093.12904793874,"(254, 388, 257, 390)",219,30
332,1864.0,308.0,1.0,836.2421875,12364.376349312912,"(308, 1864, 309, 1865)",157,13
332,1367.8181818181818,616.6363636363636,11.0,942.9482421875,136008.13984244203,"(616, 1366, 619, 1371)",88,40
332,134.5,698.25,4.0,942.9482421875,49457.50539725165,"(697, 133, 700, 137)",23,51
332,1448.0,730.0,1.0,836.2421875,12364.376349312912,"(730, 1448, 731, 1449)",378,3
332,938.9830508474577,1105.7796610169491,59.0,15308.80078125,729498.2046094618,"(1103, 934, 1112, 944)",29,79
332,286.0,1216.0,1.0,802.15234375,12364.376349312912,"(1216, 286, 1217, 287)",40,47
332,1552.0,1676.0,1.0,802.15234375,12364.376349312912,"(1676, 1552, 1677, 1553)",26,64
332,1104.5,1692.5,6.0,942.9482421875,74186.25809587748,"(1691, 1104, 1695, 1106)",348,20
332,1697.3333333333333,2026.3333333333333,3.0,836.2421875,37093.12904793874,"(2026, 1697, 2028, 1699)",304,9
333,570.0,255.5,2.0,836.299560546875,24728.752698625824,"(255, 570, 257, 571)",19,72
333,1865.0,307.0,1.0,836.299560546875,12364.376349312912,"(307, 1865, 308, 1866)",157,13
333,1298.857142857143,618.2857142857143,7.0,942.956787109375,86550.63444519039,"(617, 1297, 620, 1302)",346,7
333,137.0,699.6666666666666,3.0,906.62890625,37093.12904793874,"(699, 136, 701, 139)",23,51
333,95.0,715.0,1.0,836.299560546875,12364.376349312912,"(715, 95, 716, 96)",23,51
333,939.2926829268292,1105.5853658536585,41.0,5870.93359375,506939.4303218294,"(1103, 934, 1110, 944)",29,79
333,1555.0,1676.5,2.0,802.119140625,24728.752698625824,"(1676, 1555, 1678, 1556)",26,64
333,1696.0,2026.0,1.0,836.299560546875,12364.376349312912,"(2026, 1696, 2027, 1697)",304,9
334,372.0,310.0,3.0,836.272216796875,37093.12904793874,"(309, 372, 312, 373)",219,30
334,1339.0,630.0,1.0,802.130615234375,12364.376349312912,"(630, 1339, 631, 1340)",88,40
334,137.66666666666666,700.3333333333334,3.0,871.1376953125,37093.12904793874,"(700, 137, 702, 139)",23,51
334,938.92,1105.84,25.0,3957.33349609375,309109.4087328228,"(1104, 935, 1109, 943)",29,79
334,1961.0,1149.0,1.0,802.130615234375,12364.376349312912,"(1149, 1961, 1150, 1962)",89,56
334,1659.2727272727273,1652.5454545454545,33.0,1344.7166748046875,408024.41952732607,"(1648, 1656, 1661, 1663)",186,28
334,1555.0,1678.0,1.0,802.130615234375,12364.376349312912,"(1678, 1555, 1679, 1556)",26,64
335,713.0,131.0,1.0,802.1104736328125,12364.376349312912,"(131, 713, 132, 714)",131,20
335,570.0,257.0,3.0,802.1104736328125,37093.12904793874,"(257, 569, 258, 572)",19,72
335,877.0,482.0,1.0,802.1104736328125,12364.376349312912,"(482, 877, 483, 878)",174,58
335,1303.0,616.0,1.0,802.1104736328125,12364.376349312912,"(616, 1303, 617, 1304)",346,7
335,137.0,701.3333333333334,3.0,906.6917724609375,37093.12904793874,"(701, 136, 703, 139)",23,51
335,372.0,961.0,1.0,836.2877197265625,12364.376349312912,"(961, 372, 962, 373)",375,4
335,101.8,973.6,5.0,906.6917724609375,61821.881746564555,"(973, 101, 975, 104)",65,70
335,940.12,1105.72,25.0,3957.33349609375,309109.4087328228,"(1104, 937, 1109, 947)",29,79
335,1870.0,1138.0,1.0,802.1104736328125,12364.376349312912,"(1138, 1870, 1139, 1871)",317,16
335,904.0,1445.0,1.0,802.1104736328125,12364.376349312912,"(1445, 904, 1446, 905)",50,61
335,1554.0,1678.0,1.0,836.2877197265625,12364.376349312912,"(1678, 1554, 1679, 1555)",26,64
335,1657.0,1725.3333333333333,3.0,942.9185791015625,37093.12904793874,"(1725, 1656, 1727, 1659)",380,3
335,186.0,1908.0,1.0,802.1104736328125,12364.376349312912,"(1908, 186, 1909, 187)",159,85
335,910.5,1932.0,2.0,802.1104736328125,24728.752698625824,"(1932, 910, 1933, 912)",39,65
336,1376.0,618.0,1.0,871.1146240234375,12364.376349312912,"(618, 1376, 619, 1377)",88,40
336,1297.0,619.0,1.0,802.1304931640625,12364.376349312912,"(619, 1297, 620, 1298)",346,7
336,138.5,702.0,2.0,836.2766723632812,24728.752698625824,"(702, 138, 703, 140)",23,51
336,97.0,968.0,1.0,802.1304931640625,12364.376349312912,"(968, 97, 969, 98)",65,70
336,939.0625,1106.375,16.0,3242.66650390625,197830.0215890066,"(1105, 937, 1109, 943)",29,79
336,1654.5,1725.75,4.0,942.9154663085938,49457.50539725165,"(1725, 1653, 1727, 1657)",380,3
336,1871.0,1900.0,1.0,836.2766723632812,12364.376349312912,"(1900, 1871, 1901, 1872)",321,30
336,911.0,1933.25,4.0,871.1146240234375,49457.50539725165,"(1933, 910, 1935, 913)",39,65
336,991.0,1944.0,7.0,979.927734375,86550.63444519039,"(1943, 990, 1946, 993)",93,52
337,1335.0,628.0,1.0,802.1204833984375,12364.376349312912,"(628, 1335, 629, 1336)",88,40
337,1447.0,727.5,2.0,1134.917724609375,24728.752698625824,"(727, 1447, 729, 1448)",378,3
337,101.5,972.0,2.0,836.2484741210938,24728.752698625824,"(972, 101, 973, 103)",65,70
337,1961.0,1161.0,1.0,802.1204833984375,12364.376349312912,"(1161, 1961, 1162, 1962)",89,56
337,292.25,1242.0,8.0,942.923095703125,98915.0107945033,"(1240, 292, 1246, 294)",40,47
337,1654.6,1723.6,5.0,942.923095703125,61821.881746564555,"(1723, 1653, 1725, 1657)",380,3
337,1870.142857142857,1898.0,7.0,1056.009033203125,86550.63444519039,"(1897, 1869, 1900, 1872)",321,30
337,990.4615384615385,1942.7692307692307,13.0,1134.917724609375,160736.89254106785,"(1941, 988, 1946, 993)",93,52
337,395.0,2047.0,1.0,802.1204833984375,12364.376349312912,"(2047, 395, 2048, 396)",146,18
338,1894.6153846153845,222.53846153846155,13.0,1668.2552490234375,160736.89254106785,"(221, 1892, 225, 1898)",246,9
338,729.0,525.0,1.0,1817.612060546875,12364.376349312912,"(525, 729, 526, 730)",5,11
338,1366.0,616.0,1.0,802.1217041015625,12364.376349312912,"(616, 1366, 617, 1367)",88,40
338,1447.0,727.0,1.0,871.097412109375,12364.376349312912,"(727, 1447, 728, 1448)",378,3
338,372.0,959.0,1.0,802.1217041015625,12364.376349312912,"(959, 372, 960, 373)",375,4
338,938.9230769230769,1104.6923076923076,13.0,2080.706298828125,160736.89254106785,"(1103, 937, 1107, 942)",29,79
338,292.3333333333333,1241.0,3.0,906.6714477539062,37093.12904793874,"(1240, 292, 1243, 294)",40,47
338,1869.8,1897.8,5.0,1216.699951171875,61821.881746564555,"(1897, 1868, 1899, 1872)",321,30
338,185.0,1907.0,1.0,836.2474975585938,12364.376349312912,"(1907, 185, 1908, 186)",159,85
338,903.5,1932.0,2.0,802.1217041015625,24728.752698625824,"(1932, 903, 1933, 905)",39,65
338,992.25,1944.25,4.0,906.6714477539062,49457.50539725165,"(1943, 992, 1946, 994)",93,52
339,714.0,134.0,1.0,802.154052734375,12364.376349312912,"(134, 714, 135, 715)",131,20
339,1894.2,222.4,5.0,1095.1455078125,61821.881746564555,"(222, 1893, 224, 1896)",246,9
339,997.0,547.5,2.0,871.142578125,24728.752698625824,"(547, 997, 549, 998)",66,50
339,1366.0,616.75,4.0,871.142578125,49457.50539725165,"(616, 1365, 618, 1368)",88,40
339,1867.0,1143.0,1.0,802.154052734375,12364.376349312912,"(1143, 1867, 1144, 1868)",317,16
339,1978.0,1159.0,1.0,802.154052734375,12364.376349312912,"(1159, 1978, 1160, 1979)",89,56
339,393.0,1737.5,2.0,802.154052734375,24728.752698625824,"(1737, 393, 1739, 394)",15,83
339,1868.5,1898.0,2.0,802.154052734375,24728.752698625824,"(1898, 1868, 1899, 1870)",321,30
339,186.0,1906.0,1.0,802.154052734375,12364.376349312912,"(1906, 186, 1907, 187)",159,85
339,909.0,1931.0,1.0,802.154052734375,12364.376349312912,"(1931, 909, 1932, 910)",39,65
340,1366.5,617.25,8.0,942.9150390625,98915.0107945033,"(616, 1364, 619, 1370)",88,40
340,1336.1666666666667,628.3333333333334,6.0,802.1536865234375,74186.25809587748,"(628, 1335, 630, 1339)",88,40
340,954.0,632.0,1.0,802.1536865234375,12364.376349312912,"(632, 954, 633, 955)",330,33
340,941.4285714285714,1105.0,21.0,1619.9212646484375,259651.90333557114,"(1103, 939, 1108, 947)",29,79
340,1098.0,1665.0,1.0,802.1536865234375,12364.376349312912,"(1665, 1098, 1666, 1099)",348,20
340,390.5,1753.0,2.0,836.280517578125,24728.752698625824,"(1753, 390, 1754, 392)",15,83
340,190.0,1909.0,1.0,802.1536865234375,12364.376349312912,"(1909, 190, 1910, 191)",159,85
340,907.0,1934.0,1.0,802.1536865234375,12364.376349312912,"(1934, 907, 1935, 908)",39,65
341,1556.0,173.5,2.0,836.2614135742188,24728.752698625824,"(173, 1556, 175, 1557)",42,58
341,999.0,547.0,1.0,802.1324462890625,12364.376349312912,"(547, 999, 548, 1000)",66,50
341,943.0,1104.5555555555557,9.0,1134.9140625,111279.3871438162,"(1104, 941, 1107, 947)",29,79
341,407.0,1745.0,1.0,802.1324462890625,12364.376349312912,"(1745, 407, 1746, 408)",15,83
341,995.0,1945.5,2.0,802.1324462890625,24728.752698625824,"(1945, 995, 1947, 996)",93,52
342,554.0,257.0,1.0,906.6893920898438,12364.376349312912,"(257, 554, 258, 555)",19,72
342,1555.8684210526317,459.0263157894737,76.0,1017.610595703125,939692.6025477813,"(454, 1547, 466, 1566)",21,92
342,957.9090909090909,625.3636363636364,77.0,1175.4744873046875,952056.9788970943,"(617, 950, 639, 966)",330,33
342,155.53846153846155,677.9230769230769,13.0,906.6893920898438,160736.89254106785,"(677, 152, 680, 159)",23,51
342,100.0,969.0,1.0,871.103759765625,12364.376349312912,"(969, 100, 970, 101)",65,70
342,88.5,999.5,4.0,836.2752685546875,49457.50539725165,"(998, 88, 1002, 90)",65,70
342,947.0,1104.0,1.0,802.1566162109375,12364.376349312912,"(1104, 947, 1105, 948)",29,79
342,1969.5,1163.0,2.0,836.2752685546875,24728.752698625824,"(1163, 1969, 1164, 1971)",89,56
342,276.6666666666667,1227.3333333333333,3.0,906.6893920898438,37093.12904793874,"(1227, 276, 1229, 278)",40,47
342,1094.0,1669.0,1.0,802.1566162109375,12364.376349312912,"(1669, 1094, 1670, 1095)",348,20
343,1559.5,174.0,2.0,836.2752685546875,24728.752698625824,"(174, 1559, 175, 1561)",42,58
343,372.0,310.0,3.0,871.103759765625,37093.12904793874,"(309, 372, 312, 373)",219,30
343,1365.0,617.0,1.0,836.2752685546875,12364.376349312912,"(617, 1365, 618, 1366)",88,40
343,952.6588235294117,627.8588235294118,87.0,1134.920166015625,1075700.7423902233,"(619, 946, 641, 961)",330,33
343,152.75,676.625,16.0,942.9375610351562,197830.0215890066,"(675, 149, 679, 158)",23,51
343,940.0,1106.0,1.0,942.9375610351562,12364.376349312912,"(1106, 940, 1107, 941)",29,79
343,1964.0,1145.0,1.0,802.1566162109375,12364.376349312912,"(1145, 1964, 1146, 1965)",89,56
343,1114.5,1625.5,2.0,802.1566162109375,24728.752698625824,"(1625, 1114, 1627, 1116)",390,3
343,1654.0,1653.0,1.0,836.2752685546875,12364.376349312912,"(1653, 1654, 1654, 1655)",186,28
343,1541.1666666666667,1676.0,6.0,1055.9881591796875,74186.25809587748,"(1675, 1540, 1678, 1543)",26,64
343,392.0,1738.0,1.0,836.2752685546875,12364.376349312912,"(1738, 392, 1739, 393)",15,83
343,1287.0,1744.0,1.0,802.1566162109375,12364.376349312912,"(1744, 1287, 1745, 1288)",100,17
343,873.0,1933.0,1.0,802.1566162109375,12364.376349312912,"(1933, 873, 1934, 874)",39,65
344,941.6666666666666,1104.4,15.0,1388.7998046875,185465.64523969367,"(1103, 938, 1107, 947)",29,79
344,1970.0,1162.3333333333333,3.0,836.2398681640625,37093.12904793874,"(1162, 1969, 1164, 1972)",89,56
344,1126.0,1643.0,1.0,802.1295166015625,12364.376349312912,"(1643, 1126, 1644, 1127)",390,3
344,1541.0,1675.0,7.0,1301.355712890625,86550.63444519039,"(1674, 1540, 1677, 1543)",26,64
344,1585.0,1696.0,1.0,802.1295166015625,12364.376349312912,"(1696, 1585, 1697, 1586)",26,64
344,391.75,1736.75,4.0,836.2398681640625,49457.50539725165,"(1736, 391, 1739, 393)",15,83
344,97.75,1872.75,4.0,979.9083251953125,49457.50539725165,"(1872, 97, 1874, 100)",159,85
344,1879.0,1900.0,1.0,836.2398681640625,12364.376349312912,"(1900, 1879, 1901, 1880)",321,30
344,993.5,1946.0,2.0,871.145263671875,24728.752698625824,"(1946, 993, 1947, 995)",93,52
345,388.0,255.0,1.0,802.14453125,12364.376349312912,"(255, 388, 256, 389)",219,30
345,99.0,714.0,3.0,906.6585693359375,37093.12904793874,"(714, 98, 715, 101)",23,51
345,943.3888888888889,1103.8333333333333,18.0,1344.7147216796875,222558.7742876324,"(1103, 939, 1106, 949)",29,79
345,277.0,1241.5,2.0,836.2867431640625,24728.752698625824,"(1241, 277, 1243, 278)",40,47
345,1542.0,1674.5,6.0,1017.5699462890625,74186.25809587748,"(1673, 1541, 1677, 1544)",26,64
345,392.5,1736.0,2.0,802.14453125,24728.752698625824,"(1736, 392, 1737, 394)",15,83
345,1578.0,1756.0,1.0,802.14453125,12364.376349312912,"(1756, 1578, 1757, 1579)",392,8
345,97.57142857142857,1872.7142857142858,7.0,1134.946044921875,86550.63444519039,"(1871, 97, 1875, 99)",159,85
345,186.0,1905.0,1.0,802.14453125,12364.376349312912,"(1905, 186, 1906, 187)",159,85
346,158.55555555555554,676.8888888888889,9.0,1095.139404296875,111279.3871438162,"(676, 157, 679, 161)",23,51
346,96.625,969.125,16.0,906.6605224609375,197830.0215890066,"(968, 91, 971, 102)",65,70
346,92.0,997.6666666666666,3.0,802.1029052734375,37093.12904793874,"(997, 91, 999, 94)",65,70
346,1861.0,1137.0,1.0,802.1029052734375,12364.376349312912,"(1137, 1861, 1138, 1862)",317,16
346,1970.0,1161.0,1.0,802.1029052734375,12364.376349312912,"(1161, 1970, 1162, 1971)",89,56
346,1120.0,1618.0,1.0,836.2467041015625,12364.376349312912,"(1618, 1120, 1619, 1121)",390,3
346,1542.6,1674.8,5.0,871.1409912109375,61821.881746564555,"(1674, 1542, 1677, 1544)",26,64
346,393.0,1736.5,2.0,802.1029052734375,24728.752698625824,"(1736, 393, 1738, 394)",15,83
346,98.4,1872.0,10.0,1301.3154296875,123643.76349312911,"(1870, 97, 1875, 101)",159,85
346,1407.0,1870.75,4.0,979.8883056640625,49457.50539725165,"(1870, 1406, 1872, 1409)",237,7
346,1883.0,1899.0,1.0,802.1029052734375,12364.376349312912,"(1899, 1883, 1900, 1884)",321,30
346,335.0,1955.0,1.0,802.1029052734375,12364.376349312912,"(1955, 335, 1956, 336)",145,22
346,389.0,2047.0,1.0,802.1029052734375,12364.376349312912,"(2047, 389, 2048, 390)",146,18
347,1561.0,171.0,1.0,802.1534423828125,12364.376349312912,"(171, 1561, 172, 1562)",42,58
347,1905.5,223.5,2.0,1095.0914306640625,24728.752698625824,"(223, 1905, 225, 1907)",246,9
347,1879.0,232.0,1.0,802.1534423828125,12364.376349312912,"(232, 1879, 233, 1880)",246,9
347,90.5,997.0,2.0,871.123291015625,24728.752698625824,"(997, 90, 998, 92)",65,70
347,1963.0,1147.0,1.0,802.1534423828125,12364.376349312912,"(1147, 1963, 1148, 1964)",89,56
347,97.25,1872.8333333333333,12.0,1668.28173828125,148372.51619175496,"(1871, 96, 1876, 100)",159,85
348,564.0,251.0,1.0,802.1512451171875,12364.376349312912,"(251, 564, 252, 565)",19,72
348,1906.5,261.0,2.0,836.2877807617188,24728.752698625824,"(261, 1906, 262, 1908)",395,4
348,377.5,320.0,2.0,802.1512451171875,24728.752698625824,"(320, 377, 321, 379)",219,30
348,159.65217391304347,677.9565217391304,23.0,1017.5946044921875,284380.65603419696,"(676, 156, 682, 164)",23,51
348,94.44827586206897,970.448275862069,29.0,979.9012451171875,358566.91413007444,"(968, 89, 975, 101)",65,70
348,91.14285714285714,996.5714285714286,7.0,802.1512451171875,86550.63444519039,"(995, 90, 999, 93)",65,70
348,1973.0,1164.0,1.0,802.1512451171875,12364.376349312912,"(1164, 1973, 1165, 1974)",89,56
348,1580.0,1758.0,1.0,836.2877807617188,12364.376349312912,"(1758, 1580, 1759, 1581)",392,8
348,97.53846153846153,1871.076923076923,13.0,1216.7318115234375,160736.89254106785,"(1870, 96, 1874, 101)",159,85
348,1861.75,1892.0,4.0,1134.92431640625,49457.50539725165,"(1891, 1861, 1894, 1863)",321,30
348,186.0,1907.0,1.0,802.1512451171875,12364.376349312912,"(1907, 186, 1908, 187)",159,85
348,961.0,1907.0,1.0,802.1512451171875,12364.376349312912,"(1907, 961, 1908, 962)",93,52
349,1894.0,266.0,1.0,802.1566162109375,12364.376349312912,"(266, 1894, 267, 1895)",395,4
349,400.0,268.0,1.0,802.1566162109375,12364.376349312912,"(268, 400, 269, 401)",219,30
349,1389.0,616.0,1.0,802.1566162109375,12364.376349312912,"(616, 1389, 617, 1390)",88,40
349,158.33333333333334,677.8888888888889,27.0,942.9375610351562,333838.1614314486,"(675, 152, 682, 164)",23,51
349,1972.0,1162.0,1.0,802.1566162109375,12364.376349312912,"(1162, 1972, 1163, 1973)",89,56
349,273.0,1236.0,1.0,802.1566162109375,12364.376349312912,"(1236, 273, 1237, 274)",40,47
349,1531.0,1663.0,1.0,802.1566162109375,12364.376349312912,"(1663, 1531, 1664, 1532)",26,64
349,96.2,1870.6,5.0,1017.610595703125,61821.881746564555,"(1870, 95, 1872, 98)",159,85
350,1905.225806451613,219.96774193548387,31.0,2080.69287109375,383295.6668287003,"(217, 1901, 225, 1911)",246,9
350,1896.0,264.0,1.0,802.151123046875,12364.376349312912,"(264, 1896, 265, 1897)",395,4
350,374.5,302.0,2.0,836.2672729492188,24728.752698625824,"(302, 374, 303, 376)",219,30
350,945.0,1105.0,1.0,802.151123046875,12364.376349312912,"(1105, 945, 1106, 946)",29,79
350,1018.0,1621.0,1.0,802.151123046875,12364.376349312912,"(1621, 1018, 1622, 1019)",338,3
350,96.0,1870.0,5.0,1344.701904296875,61821.881746564555,"(1869, 95, 1872, 98)",159,85
350,381.0,2045.0,1.0,802.151123046875,12364.376349312912,"(2045, 381, 2046, 382)",146,18
351,1906.892857142857,218.42857142857142,56.0,3108.271484375,692405.0755615231,"(214, 1901, 224, 1917)",246,9
351,558.0,254.0,1.0,802.11279296875,12364.376349312912,"(254, 558, 255, 559)",19,72
351,1897.0,264.0,1.0,802.11279296875,12364.376349312912,"(264, 1897, 265, 1898)",395,4
351,384.0,291.5,4.0,836.2864990234375,49457.50539725165,"(290, 384, 294, 385)",219,30
351,824.6,495.8,5.0,906.6410522460938,61821.881746564555,"(495, 824, 498, 827)",227,8
351,161.6,678.48,26.0,942.9248657226562,321473.7850821357,"(676, 158, 682, 167)",23,51
351,99.39393939393939,973.8484848484849,33.0,1017.6026611328125,408024.41952732607,"(972, 95, 977, 104)",65,70
351,946.0,1104.0,3.0,871.1292114257812,37093.12904793874,"(1104, 945, 1105, 948)",29,79
351,1578.0,1754.0,1.0,802.11279296875,12364.376349312912,"(1754, 1578, 1755, 1579)",392,8
351,962.0,1906.0,1.0,802.11279296875,12364.376349312912,"(1906, 962, 1907, 963)",93,52
351,184.0,1909.0,1.0,836.2864990234375,12364.376349312912,"(1909, 184, 1910, 185)",159,85
351,396.0,2047.0,1.0,802.11279296875,12364.376349312912,"(2047, 396, 2048, 397)",146,18
352,243.0,61.0,1.0,802.1495361328125,12364.376349312912,"(61, 243, 62, 244)",191,3
352,543.0,230.0,1.0,802.1495361328125,12364.376349312912,"(230, 543, 231, 544)",19,72
352,162.96428571428572,678.9642857142857,28.0,942.96875,346202.53778076154,"(676, 159, 683, 169)",23,51
352,1965.0,1147.0,1.0,802.1495361328125,12364.376349312912,"(1147, 1965, 1148, 1966)",89,56
352,813.0,1164.0,1.0,802.1495361328125,12364.376349312912,"(1164, 813, 1165, 814)",396,7
352,1578.6818181818182,1755.090909090909,22.0,3175.1494140625,272016.27968488407,"(1751, 1577, 1760, 1582)",392,8
352,96.2,1867.4,5.0,1134.92333984375,61821.881746564555,"(1866, 95, 1870, 98)",159,85
353,99.0,772.0,1.0,802.1431884765625,12364.376349312912,"(772, 99, 773, 100)",318,9
353,1970.0,1159.0,1.0,836.2645263671875,12364.376349312912,"(1159, 1970, 1160, 1971)",89,56
353,813.25,1164.75,4.0,1095.097412109375,49457.50539725165,"(1164, 813, 1167, 815)",396,7
353,1328.0,1340.0,1.0,802.1431884765625,12364.376349312912,"(1340, 1328, 1341, 1329)",168,5
353,1580.8260869565217,1757.7826086956522,23.0,2247.1123046875,284380.65603419696,"(1752, 1578, 1764, 1585)",392,8
353,96.66666666666667,1867.0,3.0,871.1109008789062,37093.12904793874,"(1866, 96, 1869, 98)",159,85
353,319.0,1976.0,1.0,802.1431884765625,12364.376349312912,"(1976, 319, 1977, 320)",145,22
353,772.0,2042.5,2.0,836.2645263671875,24728.752698625824,"(2042, 772, 2044, 773)",18,11
353,392.0,2047.0,1.0,836.2645263671875,12364.376349312912,"(2047, 392, 2048, 393)",146,18
354,392.0,272.5,2.0,836.2680053710938,24728.752698625824,"(272, 392, 274, 393)",219,30
354,165.7,681.2,20.0,942.939208984375,247287.52698625822,"(679, 162, 684, 171)",23,51
354,100.5,772.0,2.0,802.150146484375,24728.752698625824,"(772, 100, 773, 102)",318,9
354,939.0,1103.0,1.0,836.2680053710938,12364.376349312912,"(1103, 939, 1104, 940)",29,79
354,812.8,1165.2,5.0,1572.2572021484375,61821.881746564555,"(1164, 812, 1167, 815)",396,7
354,1654.0,1657.0,1.0,802.150146484375,12364.376349312912,"(1657, 1654, 1658, 1655)",186,28
355,563.0,255.66666666666666,3.0,836.2645263671875,37093.12904793874,"(255, 562, 257, 565)",19,72
355,383.0,307.0,1.0,836.2645263671875,12364.376349312912,"(307, 383, 308, 384)",219,30
355,2037.0,682.0,1.0,979.9095458984375,12364.376349312912,"(682, 2037, 683, 2038)",399,3
355,99.0,774.0,1.0,802.1431884765625,12364.376349312912,"(774, 99, 775, 100)",318,9
355,946.0,1106.0,1.0,802.1431884765625,12364.376349312912,"(1106, 946, 1107, 947)",29,79
355,812.5,1166.3333333333333,6.0,1433.5921630859375,74186.25809587748,"(1166, 811, 1168, 815)",396,7
355,1547.857142857143,1679.857142857143,7.0,979.9095458984375,86550.63444519039,"(1677, 1547, 1683, 1550)",26,64
355,771.2857142857143,2044.142857142857,7.0,836.2645263671875,86550.63444519039,"(2042, 771, 2048, 773)",18,11
356,722.5,131.0,2.0,871.1220703125,24728.752698625824,"(131, 722, 132, 724)",131,20
356,1904.6222222222223,220.24444444444444,48.0,2247.103515625,593490.0647670198,"(218, 1898, 225, 1913)",246,9
356,566.0,255.0,3.0,836.281494140625,37093.12904793874,"(255, 565, 256, 568)",19,72
356,872.0,508.0,1.0,802.150146484375,12364.376349312912,"(508, 872, 509, 873)",174,58
356,1376.0,617.0,1.0,836.281494140625,12364.376349312912,"(617, 1376, 618, 1377)",88,40
356,2037.3333333333333,680.6666666666666,3.0,1388.810546875,37093.12904793874,"(680, 2037, 682, 2039)",399,3
356,1535.0,1064.0,1.0,871.1220703125,12364.376349312912,"(1064, 1535, 1065, 1536)",331,3
356,812.5,1166.0,8.0,1717.313720703125,98915.0107945033,"(1165, 811, 1168, 815)",396,7
356,1581.0,1759.0,1.0,836.281494140625,12364.376349312912,"(1759, 1581, 1760, 1582)",392,8
356,187.0,1903.0,1.0,802.150146484375,12364.376349312912,"(1903, 187, 1904, 188)",159,85
356,771.5,2037.0,2.0,802.150146484375,24728.752698625824,"(2037, 771, 2038, 773)",18,11
357,564.1666666666666,254.16666666666666,6.0,906.6826171875,74186.25809587748,"(253, 563, 256, 567)",19,72
357,1377.5,616.5,2.0,871.1102905273438,24728.752698625824,"(616, 1377, 618, 1379)",88,40
357,2024.5,640.0,2.0,836.278076171875,24728.752698625824,"(640, 2024, 641, 2026)",403,3
357,2037.0,679.5,2.0,1216.7032470703125,24728.752698625824,"(679, 2037, 681, 2038)",399,3
357,100.75,772.25,4.0,942.9488525390625,49457.50539725165,"(772, 100, 774, 103)",318,9
357,814.0909090909091,1165.3636363636363,11.0,2303.99560546875,136008.13984244203,"(1163, 812, 1168, 816)",396,7
357,1547.1176470588234,1677.5294117647059,17.0,1017.609130859375,210194.3979383195,"(1674, 1545, 1683, 1550)",26,64
357,389.0,2047.0,1.0,802.1397094726562,12364.376349312912,"(2047, 389, 2048, 390)",146,18
358,1378.0,616.375,8.0,942.9334106445312,98915.0107945033,"(616, 1376, 618, 1381)",88,40
358,2024.5,640.5,6.0,979.9095458984375,74186.25809587748,"(640, 2023, 642, 2027)",403,3
358,1266.0,659.0,1.0,906.6823120117188,12364.376349312912,"(659, 1266, 660, 1267)",97,91
358,167.31578947368422,681.6842105263158,19.0,979.9095458984375,234923.15063694533,"(680, 164, 685, 172)",23,51
358,102.0,772.0,1.0,802.1431884765625,12364.376349312912,"(772, 102, 773, 103)",318,9
358,943.0,1106.0,1.0,836.2645263671875,12364.376349312912,"(1106, 943, 1107, 944)",29,79
358,814.8181818181819,1165.1818181818182,11.0,2247.1123046875,136008.13984244203,"(1164, 813, 1168, 817)",396,7
358,1579.5,1752.5,2.0,836.2645263671875,24728.752698625824,"(1752, 1579, 1754, 1581)",392,8
358,400.4,1756.6,5.0,871.1109008789062,61821.881746564555,"(1756, 399, 1758, 403)",15,83
359,243.0,54.0,1.0,802.1521606445312,12364.376349312912,"(54, 243, 55, 244)",191,3
359,737.0,131.0,1.0,802.1521606445312,12364.376349312912,"(131, 737, 132, 738)",131,20
359,995.0,549.0,1.0,1216.711181640625,12364.376349312912,"(549, 995, 550, 996)",66,50
359,2022.5,641.5,4.0,942.9521484375,49457.50539725165,"(641, 2022, 643, 2024)",403,3
359,99.5,772.0,2.0,836.2713623046875,24728.752698625824,"(772, 99, 773, 101)",318,9
359,97.0,981.0,1.0,802.1521606445312,12364.376349312912,"(981, 97, 982, 98)",65,70
359,1579.0,1754.0,1.0,802.1521606445312,12364.376349312912,"(1754, 1579, 1755, 1580)",392,8
