frame,x,y,area_px,intensity,area_km2,bbox,cluster_id,occurrences
0,721.0,44.0,1.0,1217.8507080078125,39304.66460068551,"(44, 721, 45, 722)",0,21
0,1522.4827586206898,185.3448275862069,30.0,1304.0849609375,1139835.2734198798,"(183, 1519, 189, 1527)",1,8
0,1295.0,256.0,1.0,1182.4219970703125,39304.66460068551,"(256, 1295, 257, 1296)",2,14
0,9.0,307.0,1.0,1210.051513671875,39304.66460068551,"(307, 9, 308, 10)",3,22
0,4.5,340.0,2.0,1250.066650390625,78609.32920137102,"(340, 4, 341, 6)",4,13
0,632.0625,546.125,16.0,1337.9183349609375,628874.6336109681,"(544, 630, 549, 635)",5,14
0,1253.5,695.0,2.0,1205.0662841796875,78609.32920137102,"(695, 1253, 696, 1255)",6,6
0,1649.0,760.0,1.0,1203.404541015625,39304.66460068551,"(760, 1649, 761, 1650)",7,12
0,2019.1363636363637,797.7727272727273,22.0,1335.436767578125,864702.6212150812,"(794, 2016, 801, 2023)",8,31
0,534.0,1007.0,1.0,1186.077880859375,39304.66460068551,"(1007, 534, 1008, 535)",9,21
0,1576.0,1271.0,1.0,1222.3707275390625,39304.66460068551,"(1271, 1576, 1272, 1577)",11,20
0,1878.0,1402.0,1.0,1185.4132080078125,39304.66460068551,"(1402, 1878, 1403, 1879)",13,8
0,534.0,1427.0,1.0,1338.0069580078125,39304.66460068551,"(1427, 534, 1428, 535)",14,35
0,746.0,1744.0,1.0,1192.7470703125,39304.66460068551,"(1744, 746, 1745, 747)",16,16
0,1316.0,1936.5,4.0,1297.21630859375,157218.65840274203,"(1936, 1315, 1938, 1318)",17,23
0,541.0,1954.5,2.0,1236.728271484375,78609.32920137102,"(1954, 541, 1956, 542)",18,7
0,678.0,2008.5,2.0,1207.4813232421875,78609.32920137102,"(2008, 678, 2010, 679)",19,22
0,952.5,2011.5,2.0,1309.5576171875,78609.32920137102,"(2011, 952, 2013, 954)",21,7
0,197.5,2023.5,2.0,1453.2666015625,78609.32920137102,"(2023, 197, 2025, 199)",22,30
1,722.0,44.0,1.0,1179.052001953125,39304.66460068551,"(44, 722, 45, 723)",0,21
1,533.2727272727273,61.09090909090909,11.0,1325.582275390625,432351.3106075406,"(60, 531, 63, 536)",23,25
1,10.0,305.0,1.0,1202.92236328125,39304.66460068551,"(305, 10, 306, 11)",3,22
1,1994.0,415.0,1.0,1192.882568359375,39304.66460068551,"(415, 1994, 416, 1995)",25,7
1,2019.590909090909,796.1363636363636,22.0,1326.662109375,864702.6212150812,"(793, 2016, 799, 2023)",8,31
1,96.0,1016.0,3.0,1292.935791015625,117913.99380205653,"(1015, 96, 1018, 97)",26,16
1,1637.0,1182.0,1.0,1203.3128662109375,39304.66460068551,"(1182, 1637, 1183, 1638)",28,10
1,463.6219512195122,1219.939024390244,82.0,1337.4599609375,3222982.4972562115,"(1214, 454, 1228, 471)",29,27
1,535.0,1425.5,2.0,1247.2857666015625,78609.32920137102,"(1425, 535, 1427, 536)",14,35
1,716.90625,1478.6875,32.0,1316.9669189453125,1257749.2672219363,"(1476, 713, 1482, 721)",31,32
1,1273.0,1482.5,2.0,1210.9173583984375,78609.32920137102,"(1482, 1273, 1484, 1274)",32,13
1,62.0,1499.5,2.0,1226.379150390625,78609.32920137102,"(1499, 62, 1501, 63)",33,11
1,1152.7272727272727,1518.090909090909,11.0,1316.5303955078125,432351.3106075406,"(1517, 1150, 1520, 1156)",34,29
1,1317.2857142857142,1934.5714285714287,7.0,1309.063720703125,275132.65220479853,"(1934, 1316, 1936, 1320)",17,23
1,542.0,1952.5,2.0,1228.676513671875,78609.32920137102,"(1952, 542, 1954, 543)",18,7
1,953.0,2010.0,1.0,1192.8365478515625,39304.66460068551,"(2010, 953, 2011, 954)",21,7
1,197.5,2023.5,2.0,1501.933349609375,78609.32920137102,"(2023, 197, 2025, 199)",22,30
2,534.625,58.125,8.0,1242.0107421875,314437.31680548406,"(57, 533, 60, 537)",23,25
2,620.0,106.5,2.0,1237.149169921875,78609.32920137102,"(106, 620, 108, 621)",35,13
2,1568.0,187.5,2.0,1181.252197265625,78609.32920137102,"(187, 1568, 189, 1569)",36,16
2,1296.0,245.0,1.0,1180.1396484375,39304.66460068551,"(245, 1296, 246, 1297)",2,14
2,1551.6666666666667,285.4,15.0,1326.376220703125,589569.9690102827,"(284, 1549, 288, 1556)",37,24
2,634.1904761904761,540.0,21.0,1328.552978515625,825397.9566143957,"(538, 632, 543, 638)",5,14
2,1402.0,601.0,1.0,1177.6483154296875,39304.66460068551,"(601, 1402, 602, 1403)",38,9
2,2020.8,793.04,25.0,1327.875732421875,982616.6150171377,"(789, 2017, 796, 2025)",8,31
2,539.0,1006.0,1.0,1191.265869140625,39304.66460068551,"(1006, 539, 1007, 540)",9,21
2,97.0,1012.5,2.0,1289.9259033203125,78609.32920137102,"(1012, 97, 1014, 98)",26,16
2,1638.0,1180.0,1.0,1216.0093994140625,39304.66460068551,"(1180, 1638, 1181, 1639)",28,10
2,464.3777777777778,1216.7444444444445,90.0,1340.695068359375,3537419.8140616957,"(1211, 455, 1225, 472)",29,27
2,536.0,1422.5,2.0,1336.607421875,78609.32920137102,"(1422, 536, 1424, 537)",14,35
2,62.666666666666664,1495.6666666666667,3.0,1282.234375,117913.99380205653,"(1495, 62, 1497, 64)",33,11
2,1154.421052631579,1516.0,19.0,1316.4110107421875,746788.6274130247,"(1514, 1152, 1520, 1158)",34,29
2,259.9384615384615,1582.0307692307692,65.0,1328.6981201171875,2554803.199044558,"(1574, 252, 1591, 266)",40,14
2,1319.0,1931.875,8.0,1315.6611328125,314437.31680548406,"(1931, 1317, 1934, 1322)",17,23
2,675.5641025641025,1936.6153846153845,39.0,1322.16748046875,1532881.9194267348,"(1932, 672, 1943, 680)",44,5
2,543.0,1949.5,2.0,1298.4156494140625,78609.32920137102,"(1949, 543, 1951, 544)",18,7
2,680.0,2002.0,1.0,1222.298095703125,39304.66460068551,"(2002, 680, 2003, 681)",19,22
2,954.0,2006.0,1.0,1196.054931640625,39304.66460068551,"(2006, 954, 2007, 955)",21,7
2,1570.5,2038.5,2.0,1193.5152587890625,78609.32920137102,"(2038, 1570, 2040, 1572)",45,13
3,984.0,38.0,5.0,1295.039306640625,196523.32300342753,"(38, 982, 39, 987)",46,16
3,534.5,57.5,6.0,1277.107177734375,235827.98760411306,"(57, 533, 59, 537)",23,25
3,687.7619047619048,76.80952380952381,21.0,1326.38720703125,825397.9566143957,"(74, 685, 80, 691)",47,9
3,711.0,88.0,1.0,1178.414306640625,39304.66460068551,"(88, 711, 89, 712)",47,9
3,619.8571428571429,105.57142857142857,7.0,1272.537841796875,275132.65220479853,"(103, 619, 109, 621)",35,13
3,1535.0,213.5,2.0,1237.3909912109375,78609.32920137102,"(213, 1535, 215, 1536)",36,16
3,1551.7692307692307,284.84615384615387,13.0,1331.1690673828125,510960.6398089116,"(284, 1549, 287, 1556)",37,24
3,98.0,379.0,1.0,1186.3310546875,39304.66460068551,"(379, 98, 380, 99)",49,5
3,1403.0,601.0,1.0,1247.2469482421875,39304.66460068551,"(601, 1403, 602, 1404)",38,9
3,1021.0,626.0,1.0,1180.27392578125,39304.66460068551,"(626, 1021, 627, 1022)",50,26
3,2021.2916666666667,792.7083333333334,24.0,1327.210693359375,943311.9504164523,"(789, 2018, 796, 2026)",8,31
3,531.0,1004.0,1.0,1181.89453125,39304.66460068551,"(1004, 531, 1005, 532)",9,21
3,1639.0,1181.0,1.0,1203.8912353515625,39304.66460068551,"(1181, 1639, 1182, 1640)",28,10
3,456.75,1193.75,4.0,1321.41943359375,157218.65840274203,"(1193, 456, 1196, 458)",29,27
3,1751.0,1349.0,1.0,1292.72802734375,39304.66460068551,"(1349, 1751, 1350, 1752)",53,15
3,1881.0,1398.0,1.0,1191.5379638671875,39304.66460068551,"(1398, 1881, 1399, 1882)",13,8
3,536.0,1421.5,2.0,1308.6942138671875,78609.32920137102,"(1421, 536, 1423, 537)",14,35
3,1049.0,1437.0,1.0,1227.0302734375,39304.66460068551,"(1437, 1049, 1438, 1050)",54,10
3,1272.2,1479.0,5.0,1314.193359375,196523.32300342753,"(1478, 1271, 1481, 1275)",32,13
3,63.0,1495.5,2.0,1297.6693115234375,78609.32920137102,"(1495, 63, 1497, 64)",33,11
3,1330.0,1497.0,1.0,1197.9404296875,39304.66460068551,"(1497, 1330, 1498, 1331)",55,5
3,1367.3333333333333,1507.6666666666667,6.0,1245.1748046875,235827.98760411306,"(1506, 1366, 1511, 1369)",56,11
3,1154.55,1515.55,20.0,1317.089111328125,786093.2920137101,"(1514, 1152, 1519, 1158)",34,29
3,260.45714285714286,1581.7428571428572,70.0,1339.4842529296875,2751326.5220479853,"(1574, 253, 1591, 266)",40,14
3,102.0,1856.0,1.0,1186.5701904296875,39304.66460068551,"(1856, 102, 1857, 103)",58,8
3,1319.5,1931.5,4.0,1319.825439453125,157218.65840274203,"(1931, 1319, 1933, 1321)",17,23
3,543.0,1950.0,1.0,1226.684814453125,39304.66460068551,"(1950, 543, 1951, 544)",18,7
3,701.0,2004.5,2.0,1276.841552734375,78609.32920137102,"(2004, 701, 2006, 702)",19,22
3,954.5,2006.0,2.0,1287.83984375,78609.32920137102,"(2006, 954, 2007, 956)",21,7
4,722.6666666666666,43.666666666666664,3.0,1312.576904296875,117913.99380205653,"(43, 722, 45, 724)",0,21
4,534.3333333333334,58.666666666666664,9.0,1339.283447265625,353741.9814061696,"(58, 533, 61, 537)",23,25
4,619.3333333333334,106.0,3.0,1293.312744140625,117913.99380205653,"(105, 619, 108, 621)",35,13
4,1730.0,119.0,1.0,1194.74267578125,39304.66460068551,"(119, 1730, 120, 1731)",61,13
4,1569.0,189.0,1.0,1199.265625,39304.66460068551,"(189, 1569, 190, 1570)",36,16
4,1550.3125,286.0625,16.0,1330.8837890625,628874.6336109681,"(285, 1548, 288, 1555)",37,24
4,548.0,359.0,1.0,1214.36572265625,39304.66460068551,"(359, 548, 360, 549)",64,9
4,592.0,459.0,1.0,1197.4947509765625,39304.66460068551,"(459, 592, 460, 593)",65,9
4,37.0,481.5,2.0,1224.799560546875,78609.32920137102,"(481, 37, 483, 38)",66,10
4,641.0,487.0,1.0,1185.1943359375,39304.66460068551,"(487, 641, 488, 642)",67,11
4,634.5,540.1,20.0,1323.51318359375,786093.2920137101,"(537, 632, 544, 638)",5,14
4,1651.0,755.0,1.0,1218.146728515625,39304.66460068551,"(755, 1651, 756, 1652)",7,12
4,2021.0526315789473,794.2105263157895,19.0,1329.352294921875,746788.6274130247,"(791, 2018, 797, 2025)",8,31
4,1632.0,859.0,1.0,1190.3634033203125,39304.66460068551,"(859, 1632, 860, 1633)",68,10
4,529.0,1014.0,1.0,1192.3017578125,39304.66460068551,"(1014, 529, 1015, 530)",9,21
4,681.0,1056.0,1.0,1213.2889404296875,39304.66460068551,"(1056, 681, 1057, 682)",69,29
4,456.1111111111111,1193.6666666666667,9.0,1324.877197265625,353741.9814061696,"(1192, 455, 1196, 458)",29,27
4,464.4479166666667,1217.6875,96.0,1335.57421875,3773247.801665809,"(1212, 455, 1226, 474)",29,27
4,1579.0,1270.0,1.0,1183.997802734375,39304.66460068551,"(1270, 1579, 1271, 1580)",11,20
4,1848.5,1386.0,2.0,1185.2421875,78609.32920137102,"(1386, 1848, 1387, 1850)",13,8
4,536.0,1423.0,1.0,1278.906494140625,39304.66460068551,"(1423, 536, 1424, 537)",14,35
4,1049.0,1438.5,4.0,1333.22900390625,157218.65840274203,"(1438, 1048, 1440, 1051)",54,10
4,718.95,1476.6,20.0,1316.62109375,786093.2920137101,"(1475, 716, 1479, 722)",31,32
4,1270.5,1480.0,2.0,1246.719970703125,78609.32920137102,"(1480, 1270, 1481, 1272)",32,13
4,63.25,1495.75,4.0,1296.040771484375,157218.65840274203,"(1495, 63, 1498, 65)",33,11
4,1367.3333333333333,1508.5,6.0,1288.287353515625,235827.98760411306,"(1507, 1367, 1511, 1369)",56,11
4,1310.0,1509.0,1.0,1194.4794921875,39304.66460068551,"(1509, 1310, 1510, 1311)",55,5
4,1154.45,1517.1,20.0,1315.6639404296875,786093.2920137101,"(1515, 1152, 1521, 1158)",34,29
4,103.0,1859.0,1.0,1204.9849853515625,39304.66460068551,"(1859, 103, 1860, 104)",58,8
4,1319.0,1933.0,5.0,1304.7515869140625,196523.32300342753,"(1932, 1318, 1935, 1321)",17,23
4,543.0,1951.5,2.0,1288.454833984375,78609.32920137102,"(1951, 543, 1953, 544)",18,7
4,701.0,2006.0,3.0,1321.71826171875,117913.99380205653,"(2005, 701, 2008, 702)",19,22
4,954.5,2007.5,2.0,1260.43212890625,78609.32920137102,"(2007, 954, 2009, 956)",21,7
4,1214.4,2020.6,5.0,1335.1673583984375,196523.32300342753,"(2020, 1213, 2022, 1217)",72,19
5,535.0,60.0,7.0,1356.856201171875,275132.65220479853,"(59, 534, 62, 537)",23,25
5,619.25,106.5,4.0,1253.0814208984375,157218.65840274203,"(105, 619, 109, 621)",35,13
5,1730.5,120.0,2.0,1231.312255859375,78609.32920137102,"(120, 1730, 121, 1732)",61,13
5,1528.0,186.0,1.0,1192.50244140625,39304.66460068551,"(186, 1528, 187, 1529)",1,8
5,1572.0,190.0,1.0,1179.916015625,39304.66460068551,"(190, 1572, 191, 1573)",36,16
5,1295.0,257.0,1.0,1218.725830078125,39304.66460068551,"(257, 1295, 258, 1296)",2,14
5,1550.5,287.25,16.0,1330.19873046875,628874.6336109681,"(286, 1548, 289, 1555)",37,24
5,1990.0,409.0,1.0,1185.2840576171875,39304.66460068551,"(409, 1990, 410, 1991)",25,7
5,641.0,489.0,1.0,1185.0784912109375,39304.66460068551,"(489, 641, 490, 642)",67,11
5,1225.0,670.0,3.0,1228.4569091796875,117913.99380205653,"(669, 1224, 672, 1227)",75,6
5,1651.5,757.5,2.0,1190.17236328125,78609.32920137102,"(757, 1651, 759, 1653)",7,12
5,66.0,787.0,1.0,1199.766357421875,39304.66460068551,"(787, 66, 788, 67)",76,7
5,2021.0,795.4375,16.0,1324.6021728515625,628874.6336109681,"(793, 2018, 798, 2025)",8,31
5,968.0,1090.0,1.0,1227.5660400390625,39304.66460068551,"(1090, 968, 1091, 969)",77,34
5,456.0833333333333,1194.9166666666667,12.0,1324.876220703125,471655.9752082261,"(1193, 455, 1198, 458)",29,27
5,535.5,1424.0,2.0,1331.066650390625,78609.32920137102,"(1424, 535, 1425, 537)",14,35
5,1049.4,1439.6,5.0,1327.1376953125,196523.32300342753,"(1439, 1048, 1441, 1052)",54,10
5,63.0,1497.5,4.0,1303.244140625,157218.65840274203,"(1496, 63, 1500, 64)",33,11
5,1367.0,1510.0,1.0,1208.355224609375,39304.66460068551,"(1510, 1367, 1511, 1368)",56,11
5,1154.125,1518.25,16.0,1316.447265625,628874.6336109681,"(1517, 1151, 1522, 1157)",34,29
5,1513.6,1573.2,5.0,1266.6728515625,196523.32300342753,"(1572, 1513, 1575, 1515)",78,21
5,543.0,1953.0,1.0,1197.29931640625,39304.66460068551,"(1953, 543, 1954, 544)",18,7
5,324.93333333333334,1969.2,15.0,1306.5335693359375,589569.9690102827,"(1967, 323, 1972, 327)",80,6
5,954.5,2009.0,2.0,1203.07861328125,78609.32920137102,"(2009, 954, 2010, 956)",21,7
6,535.0,60.333333333333336,3.0,1295.02978515625,117913.99380205653,"(60, 534, 62, 537)",23,25
6,619.0,109.0,1.0,1198.81494140625,39304.66460068551,"(109, 619, 110, 620)",35,13
6,1729.2,119.2,5.0,1260.060791015625,196523.32300342753,"(118, 1728, 121, 1731)",61,13
6,1549.9473684210527,287.7894736842105,19.0,1330.198486328125,746788.6274130247,"(286, 1547, 290, 1555)",37,24
6,547.0,361.0,1.0,1181.4967041015625,39304.66460068551,"(361, 547, 362, 548)",64,9
6,98.0,382.0,1.0,1218.0179443359375,39304.66460068551,"(382, 98, 383, 99)",49,5
6,687.3333333333334,473.3333333333333,3.0,1285.80517578125,117913.99380205653,"(473, 687, 475, 689)",82,5
6,633.1818181818181,542.3636363636364,11.0,1266.4691162109375,432351.3106075406,"(541, 632, 545, 636)",5,14
6,909.0,605.0,1.0,1184.734130859375,39304.66460068551,"(605, 909, 606, 910)",83,6
6,1225.0,671.5,6.0,1306.560546875,235827.98760411306,"(670, 1224, 674, 1227)",75,6
6,995.0,684.0,1.0,1244.8046875,39304.66460068551,"(684, 995, 685, 996)",50,26
6,2020.8181818181818,795.6363636363636,11.0,1325.253662109375,432351.3106075406,"(793, 2019, 798, 2024)",8,31
6,534.0,1010.0,1.0,1216.931396484375,39304.66460068551,"(1010, 534, 1011, 535)",9,21
6,97.0,1015.0,1.0,1203.005859375,39304.66460068551,"(1015, 97, 1016, 98)",26,16
6,967.0,1090.0,1.0,1185.73193359375,39304.66460068551,"(1090, 967, 1091, 968)",77,34
6,1640.0,1179.0,1.0,1182.7828369140625,39304.66460068551,"(1179, 1640, 1180, 1641)",28,10
6,456.0,1195.5,14.0,1324.5439453125,550265.3044095971,"(1193, 455, 1199, 458)",29,27
6,474.4,1222.8,5.0,1306.0283203125,196523.32300342753,"(1222, 474, 1225, 476)",29,27
6,534.6666666666666,1424.3333333333333,3.0,1337.5382080078125,117913.99380205653,"(1424, 534, 1426, 536)",14,35
6,1049.3333333333333,1440.3333333333333,3.0,1248.24169921875,117913.99380205653,"(1440, 1049, 1442, 1051)",54,10
6,1281.0,1472.0,1.0,1195.1783447265625,39304.66460068551,"(1472, 1281, 1473, 1282)",32,13
6,718.4,1477.7,20.0,1317.29296875,786093.2920137101,"(1476, 715, 1481, 722)",31,32
6,62.5,1498.5,4.0,1303.56689453125,157218.65840274203,"(1498, 62, 1500, 64)",33,11
6,1319.4,1935.8,5.0,1303.8330078125,196523.32300342753,"(1935, 1318, 1938, 1322)",17,23
6,543.0,1954.0,1.0,1238.396240234375,39304.66460068551,"(1954, 543, 1955, 544)",18,7
6,700.8,2007.4,5.0,1328.646240234375,196523.32300342753,"(2006, 700, 2010, 702)",19,22
6,954.0,2009.0,1.0,1215.66748046875,39304.66460068551,"(2009, 954, 2010, 955)",21,7
6,1213.6,2022.4,5.0,1339.489501953125,196523.32300342753,"(2022, 1212, 2024, 1216)",72,19
7,535.6,59.6,5.0,1232.4951171875,196523.32300342753,"(59, 534, 61, 538)",23,25
7,1549.9333333333334,287.6,15.0,1330.537353515625,589569.9690102827,"(286, 1548, 290, 1555)",37,24
7,687.0,472.75,4.0,1331.05419921875,157218.65840274203,"(472, 686, 474, 689)",82,5
7,36.0,483.0,1.0,1212.748779296875,39304.66460068551,"(483, 36, 484, 37)",66,10
7,632.5714285714286,542.0,7.0,1272.999755859375,275132.65220479853,"(541, 631, 544, 635)",5,14
7,896.0,601.0,1.0,1187.0162353515625,39304.66460068551,"(601, 896, 602, 897)",83,6
7,1403.1764705882354,618.0588235294117,17.0,1318.177001953125,668179.2982116536,"(615, 1402, 622, 1406)",38,9
7,1226.0,672.5,2.0,1316.475830078125,78609.32920137102,"(672, 1226, 674, 1227)",75,6
7,2020.7,795.3,10.0,1322.031494140625,393046.64600685507,"(793, 2019, 798, 2023)",8,31
7,535.0,1011.0,1.0,1193.067138671875,39304.66460068551,"(1011, 535, 1012, 536)",9,21
7,679.8571428571429,1056.142857142857,7.0,1307.4102783203125,275132.65220479853,"(1055, 678, 1058, 682)",69,29
7,455.8888888888889,1194.9444444444443,18.0,1324.8740234375,707483.9628123392,"(1192, 454, 1199, 458)",29,27
7,475.2,1223.2,5.0,1283.0126953125,196523.32300342753,"(1222, 474, 1225, 477)",29,27
7,471.8,1270.5,10.0,1280.7947998046875,393046.64600685507,"(1269, 469, 1273, 475)",87,10
7,535.0,1424.0,1.0,1330.731201171875,39304.66460068551,"(1424, 535, 1425, 536)",14,35
7,718.75,1477.3125,16.0,1315.3131103515625,628874.6336109681,"(1476, 716, 1480, 722)",31,32
7,1273.2222222222222,1482.7777777777778,9.0,1273.645751953125,353741.9814061696,"(1481, 1272, 1486, 1276)",32,13
7,62.5,1498.0,2.0,1209.6048583984375,78609.32920137102,"(1498, 62, 1499, 64)",33,11
7,748.0,1740.0,1.0,1218.110595703125,39304.66460068551,"(1740, 748, 1741, 749)",16,16
7,1319.6,1935.2,5.0,1302.0699462890625,196523.32300342753,"(1934, 1318, 1937, 1322)",17,23
7,325.125,1969.0,16.0,1306.204345703125,628874.6336109681,"(1967, 324, 1972, 328)",80,6
7,1214.6666666666667,2022.3333333333333,3.0,1338.3970947265625,117913.99380205653,"(2022, 1214, 2024, 1216)",72,19
8,534.75,58.0,4.0,1263.615234375,157218.65840274203,"(57, 534, 60, 537)",23,25
8,661.0,113.0,1.0,1193.4425048828125,39304.66460068551,"(113, 661, 114, 662)",88,9
8,1730.0,117.5,6.0,1313.2532958984375,235827.98760411306,"(117, 1729, 119, 1732)",61,13
8,1527.0,185.0,1.0,1176.37939453125,39304.66460068551,"(185, 1527, 186, 1528)",1,8
8,1294.0,246.0,1.0,1182.928955078125,39304.66460068551,"(246, 1294, 247, 1295)",2,14
8,1550.6875,285.4375,16.0,1327.0662841796875,628874.6336109681,"(284, 1548, 288, 1555)",37,24
8,10.25,309.375,8.0,1344.6710205078125,314437.31680548406,"(308, 9, 312, 12)",3,22
8,516.0,336.0,1.0,1185.9573974609375,39304.66460068551,"(336, 516, 337, 517)",89,9
8,547.3333333333334,358.6666666666667,3.0,1218.0645751953125,117913.99380205653,"(358, 547, 360, 549)",64,9
8,98.66666666666667,379.6666666666667,3.0,1250.516357421875,117913.99380205653,"(379, 98, 381, 100)",49,5
8,687.3333333333334,470.6666666666667,3.0,1231.779052734375,117913.99380205653,"(470, 687, 472, 689)",82,5
8,36.0,481.0,1.0,1265.0926513671875,39304.66460068551,"(481, 36, 482, 37)",66,10
8,626.6666666666666,481.3333333333333,3.0,1239.116455078125,117913.99380205653,"(481, 626, 483, 628)",67,11
8,631.8181818181819,540.2727272727273,11.0,1311.505126953125,432351.3106075406,"(539, 629, 542, 636)",5,14
8,1226.0,670.1666666666666,6.0,1300.3267822265625,235827.98760411306,"(669, 1225, 672, 1228)",75,6
8,995.0,681.0,1.0,1233.9949951171875,39304.66460068551,"(681, 995, 682, 996)",50,26
8,1274.0,682.0,1.0,1191.3004150390625,39304.66460068551,"(682, 1274, 683, 1275)",6,6
8,1650.0,754.0,1.0,1183.2982177734375,39304.66460068551,"(754, 1650, 755, 1651)",7,12
8,97.0,1013.5,2.0,1235.250732421875,78609.32920137102,"(1013, 97, 1015, 98)",26,16
8,1639.0,1181.0,1.0,1179.3587646484375,39304.66460068551,"(1181, 1639, 1182, 1640)",28,10
8,456.2,1192.8,15.0,1324.875,589569.9690102827,"(1190, 455, 1197, 458)",29,27
8,475.3333333333333,1221.6666666666667,3.0,1337.7030029296875,117913.99380205653,"(1221, 475, 1223, 477)",29,27
8,1574.0,1265.0,1.0,1180.76220703125,39304.66460068551,"(1265, 1574, 1266, 1575)",11,20
8,534.6666666666666,1421.3333333333333,3.0,1328.76513671875,117913.99380205653,"(1421, 534, 1423, 536)",14,35
8,1049.0,1438.0,1.0,1259.9466552734375,39304.66460068551,"(1438, 1049, 1439, 1050)",54,10
8,63.0,1496.0,1.0,1286.267578125,39304.66460068551,"(1496, 63, 1497, 64)",33,11
8,1367.125,1510.25,8.0,1237.1466064453125,314437.31680548406,"(1508, 1366, 1513, 1369)",56,11
8,1154.8333333333333,1515.8333333333333,6.0,1316.3310546875,235827.98760411306,"(1515, 1154, 1518, 1157)",34,29
8,748.0,1738.0,1.0,1224.8355712890625,39304.66460068551,"(1738, 748, 1739, 749)",16,16
8,99.0,1854.0,1.0,1199.72119140625,39304.66460068551,"(1854, 99, 1855, 100)",58,8
8,854.6666666666666,1856.3333333333333,6.0,1226.31298828125,235827.98760411306,"(1855, 854, 1858, 857)",91,11
8,1319.5,1933.0,2.0,1236.3094482421875,78609.32920137102,"(1933, 1319, 1934, 1321)",17,23
8,325.25,1967.0833333333333,12.0,1305.891357421875,471655.9752082261,"(1965, 324, 1970, 327)",80,6
8,701.0,2005.5,4.0,1309.978515625,157218.65840274203,"(2004, 701, 2008, 702)",19,22
8,1214.5555555555557,2020.111111111111,9.0,1333.812744140625,353741.9814061696,"(2019, 1212, 2022, 1218)",72,19
9,535.6666666666666,55.666666666666664,3.0,1253.5064697265625,117913.99380205653,"(55, 535, 57, 537)",23,25
9,676.0,73.0,1.0,1177.9639892578125,39304.66460068551,"(73, 676, 74, 677)",47,9
9,710.0,88.5,2.0,1239.50732421875,78609.32920137102,"(88, 710, 90, 711)",47,9
9,257.5,165.1,20.0,1312.382080078125,786093.2920137101,"(163, 255, 168, 261)",92,10
9,1573.0,187.0,1.0,1193.600830078125,39304.66460068551,"(187, 1573, 188, 1574)",36,16
9,491.0,268.5,2.0,1231.7681884765625,78609.32920137102,"(268, 491, 270, 492)",93,11
9,1551.625,284.3125,16.0,1330.4752197265625,628874.6336109681,"(283, 1549, 287, 1556)",37,24
9,133.0,371.0,1.0,1235.5189208984375,39304.66460068551,"(371, 133, 372, 134)",94,5
9,688.0,470.0,1.0,1188.18603515625,39304.66460068551,"(470, 688, 471, 689)",82,5
9,631.8,538.6,10.0,1287.97607421875,393046.64600685507,"(538, 629, 540, 635)",5,14
9,1226.3333333333333,668.6666666666666,3.0,1298.726318359375,117913.99380205653,"(668, 1226, 670, 1228)",75,6
9,1651.0,753.0,1.0,1178.17529296875,39304.66460068551,"(753, 1651, 754, 1652)",7,12
9,2022.5,790.0,2.0,1263.8077392578125,78609.32920137102,"(790, 2022, 791, 2024)",8,31
9,1632.0,857.0,1.0,1245.66162109375,39304.66460068551,"(857, 1632, 858, 1633)",68,10
9,98.0,1012.0,1.0,1208.101806640625,39304.66460068551,"(1012, 98, 1013, 99)",26,16
9,456.14285714285717,1191.142857142857,14.0,1323.2379150390625,550265.3044095971,"(1188, 455, 1195, 458)",29,27
9,475.6666666666667,1220.6666666666667,3.0,1282.1121826171875,117913.99380205653,"(1220, 475, 1222, 477)",29,27
9,1574.0,1264.3333333333333,3.0,1245.1597900390625,117913.99380205653,"(1264, 1573, 1266, 1576)",11,20
9,1864.0,1390.0,1.0,1185.6767578125,39304.66460068551,"(1390, 1864, 1391, 1865)",13,8
9,535.0,1420.0,1.0,1332.1129150390625,39304.66460068551,"(1420, 535, 1421, 536)",14,35
9,1049.3333333333333,1437.0,6.0,1333.9354248046875,235827.98760411306,"(1436, 1048, 1439, 1052)",54,10
9,718.8823529411765,1474.8823529411766,34.0,1326.592529296875,1336358.5964233072,"(1472, 715, 1479, 724)",31,32
9,1273.0,1478.0,1.0,1177.3829345703125,39304.66460068551,"(1478, 1273, 1479, 1274)",32,13
9,63.0,1494.5,2.0,1265.2076416015625,78609.32920137102,"(1494, 63, 1496, 64)",33,11
9,1317.0,1504.0,1.0,1194.5252685546875,39304.66460068551,"(1504, 1317, 1505, 1318)",55,5
9,1512.0,1570.0,3.0,1206.04150390625,117913.99380205653,"(1569, 1511, 1572, 1514)",78,21
9,747.5,1737.0,2.0,1229.1533203125,78609.32920137102,"(1737, 747, 1738, 749)",16,16
9,850.3333333333334,1852.0,3.0,1227.4364013671875,117913.99380205653,"(1851, 850, 1854, 852)",91,11
9,1320.0,1932.0,1.0,1177.01318359375,39304.66460068551,"(1932, 1320, 1933, 1321)",17,23
9,681.0,2001.5,2.0,1235.2547607421875,78609.32920137102,"(2001, 681, 2003, 682)",19,22
9,1215.5555555555557,2019.111111111111,9.0,1338.610595703125,353741.9814061696,"(2018, 1213, 2021, 1219)",72,19
9,1572.0,2039.0,1.0,1185.042724609375,39304.66460068551,"(2039, 1572, 2040, 1573)",45,13
10,534.0,57.0,1.0,1194.89208984375,39304.66460068551,"(57, 534, 58, 535)",23,25
10,685.9,74.9,10.0,1226.692138671875,393046.64600685507,"(73, 684, 79, 689)",47,9
10,1729.8333333333333,116.66666666666667,6.0,1306.21728515625,235827.98760411306,"(116, 1729, 119, 1732)",61,13
10,1567.5,182.5,2.0,1200.32568359375,78609.32920137102,"(182, 1567, 184, 1569)",36,16
10,281.0,229.0,1.0,1176.212646484375,39304.66460068551,"(229, 281, 230, 282)",101,20
10,491.0,267.0,1.0,1206.3851318359375,39304.66460068551,"(267, 491, 268, 492)",93,11
10,548.0,358.5,2.0,1205.95947265625,78609.32920137102,"(358, 548, 360, 549)",64,9
10,564.6666666666666,456.6666666666667,3.0,1333.8858642578125,117913.99380205653,"(456, 564, 458, 566)",65,9
10,687.0,470.0,1.0,1231.7501220703125,39304.66460068551,"(470, 687, 471, 688)",82,5
10,35.5,479.5,2.0,1210.091064453125,78609.32920137102,"(479, 35, 481, 37)",66,10
10,626.5,479.75,4.0,1276.821044921875,157218.65840274203,"(479, 625, 481, 629)",67,11
10,630.4615384615385,539.1538461538462,13.0,1292.8212890625,510960.6398089116,"(538, 626, 541, 636)",5,14
10,1226.0,669.0,1.0,1201.2020263671875,39304.66460068551,"(669, 1226, 670, 1227)",75,6
10,1255.0,679.0,1.0,1225.8157958984375,39304.66460068551,"(679, 1255, 680, 1256)",6,6
10,2022.0,790.5,2.0,1236.8831787109375,78609.32920137102,"(790, 2022, 792, 2023)",8,31
10,1631.0,858.0,1.0,1195.16748046875,39304.66460068551,"(858, 1631, 859, 1632)",68,10
10,92.0,996.0,1.0,1222.3853759765625,39304.66460068551,"(996, 92, 997, 93)",26,16
10,534.5,1421.0,2.0,1340.7216796875,78609.32920137102,"(1421, 534, 1422, 536)",14,35
10,1050.0,1437.5,8.0,1342.6246337890625,314437.31680548406,"(1437, 1048, 1439, 1053)",54,10
10,718.375,1475.725,40.0,1326.2489013671875,1572186.5840274203,"(1473, 714, 1480, 723)",31,32
10,1273.0,1479.0,1.0,1187.6806640625,39304.66460068551,"(1479, 1273, 1480, 1274)",32,13
10,1337.0,1496.0,1.0,1182.22216796875,39304.66460068551,"(1496, 1337, 1497, 1338)",55,5
10,1367.2,1509.0,5.0,1206.7357177734375,196523.32300342753,"(1507, 1366, 1512, 1369)",56,11
10,1513.75,1570.0,4.0,1220.3321533203125,157218.65840274203,"(1569, 1513, 1572, 1516)",78,21
10,1132.0,1702.0,1.0,1282.6802978515625,39304.66460068551,"(1702, 1132, 1703, 1133)",104,5
10,746.5,1738.0,2.0,1297.3533935546875,78609.32920137102,"(1738, 746, 1739, 748)",16,16
10,850.0,1851.0,1.0,1182.998291015625,39304.66460068551,"(1851, 850, 1852, 851)",91,11
10,1319.0,1932.0,1.0,1280.3265380859375,39304.66460068551,"(1932, 1319, 1933, 1320)",17,23
10,680.0,2001.5,2.0,1194.6917724609375,78609.32920137102,"(2001, 680, 2003, 681)",19,22
11,1729.4,117.6,5.0,1277.610595703125,196523.32300342753,"(116, 1729, 120, 1731)",61,13
11,256.9375,166.6875,16.0,1312.7197265625,628874.6336109681,"(165, 255, 169, 260)",92,10
11,1531.0,178.0,1.0,1188.10498046875,39304.66460068551,"(178, 1531, 179, 1532)",1,8
11,280.0,230.0,1.0,1189.5048828125,39304.66460068551,"(230, 280, 231, 281)",101,20
11,490.3333333333333,269.3333333333333,3.0,1221.391845703125,117913.99380205653,"(269, 490, 271, 492)",93,11
11,1551.8,286.3333333333333,15.0,1329.874267578125,589569.9690102827,"(285, 1549, 289, 1555)",37,24
11,547.0,359.0,1.0,1186.74951171875,39304.66460068551,"(359, 547, 360, 548)",64,9
11,569.0,466.0,1.0,1183.39404296875,39304.66460068551,"(466, 569, 467, 570)",65,9
11,67.0,786.0,1.0,1177.88330078125,39304.66460068551,"(786, 67, 787, 68)",76,7
11,2021.5,792.0,2.0,1301.5648193359375,78609.32920137102,"(792, 2021, 793, 2023)",8,31
11,1631.0,859.5,2.0,1241.43505859375,78609.32920137102,"(859, 1631, 861, 1632)",68,10
11,91.5,997.3333333333334,6.0,1263.4114990234375,235827.98760411306,"(997, 90, 999, 94)",26,16
11,1639.2,1179.6,5.0,1242.1239013671875,196523.32300342753,"(1178, 1639, 1182, 1641)",28,10
11,455.57142857142856,1192.7857142857142,14.0,1325.87451171875,550265.3044095971,"(1189, 455, 1197, 458)",29,27
11,534.6666666666666,1422.3333333333333,3.0,1337.918212890625,117913.99380205653,"(1422, 534, 1424, 536)",14,35
11,1049.1666666666667,1439.0,6.0,1337.051513671875,235827.98760411306,"(1438, 1048, 1441, 1052)",54,10
11,717.7954545454545,1477.159090909091,44.0,1320.008056640625,1729405.2424301624,"(1474, 713, 1481, 723)",31,32
11,1367.0,1508.0,3.0,1226.3026123046875,117913.99380205653,"(1507, 1367, 1510, 1368)",56,11
11,1511.6,1571.2,5.0,1212.458984375,196523.32300342753,"(1570, 1511, 1573, 1513)",78,21
11,1131.5,1703.0,2.0,1326.0966796875,78609.32920137102,"(1703, 1131, 1704, 1133)",104,5
11,1212.5,2020.0,2.0,1336.1627197265625,78609.32920137102,"(2020, 1212, 2021, 1214)",72,19
12,721.6875,43.84375,32.0,1330.6343994140625,1257749.2672219363,"(40, 719, 49, 726)",0,21
12,1729.0,118.5,6.0,1300.6904296875,235827.98760411306,"(117, 1728, 121, 1731)",61,13
12,256.9375,167.5625,16.0,1312.388671875,628874.6336109681,"(166, 255, 170, 261)",92,10
12,1529.0,179.66666666666666,3.0,1230.5921630859375,117913.99380205653,"(179, 1528, 181, 1531)",1,8
12,1572.0,190.0,1.0,1227.18115234375,39304.66460068551,"(190, 1572, 191, 1573)",36,16
12,1299.0,245.0,1.0,1188.240234375,39304.66460068551,"(245, 1299, 246, 1300)",2,14
12,10.2,310.6,5.0,1341.6688232421875,196523.32300342753,"(309, 10, 313, 12)",3,22
12,251.0,432.0,1.0,1213.559814453125,39304.66460068551,"(432, 251, 433, 252)",111,15
12,35.0,482.0,1.0,1234.644287109375,39304.66460068551,"(482, 35, 483, 36)",66,10
12,639.5,487.5,2.0,1225.8076171875,78609.32920137102,"(487, 639, 489, 641)",67,11
12,628.5,541.0,4.0,1264.4737548828125,157218.65840274203,"(540, 627, 543, 631)",5,14
12,1271.0,685.0,1.0,1188.6751708984375,39304.66460068551,"(685, 1271, 686, 1272)",6,6
12,66.0,787.0,1.0,1191.719970703125,39304.66460068551,"(787, 66, 788, 67)",76,7
12,2021.0,793.0,1.0,1195.497314453125,39304.66460068551,"(793, 2021, 794, 2022)",8,31
12,1234.0,835.5,2.0,1314.9298095703125,78609.32920137102,"(835, 1234, 837, 1235)",112,25
12,523.0,1016.0,1.0,1185.9281005859375,39304.66460068551,"(1016, 523, 1017, 524)",9,21
12,637.0,1171.0,1.0,1319.3251953125,39304.66460068551,"(1171, 637, 1172, 638)",113,15
12,1639.6,1181.0,5.0,1212.4151611328125,196523.32300342753,"(1180, 1639, 1183, 1641)",28,10
12,455.42857142857144,1194.7142857142858,14.0,1324.544921875,550265.3044095971,"(1193, 454, 1198, 458)",29,27
12,463.6585365853659,1220.378048780488,82.0,1340.7760009765625,3222982.4972562115,"(1211, 453, 1228, 472)",29,27
12,534.0,1423.25,4.0,1339.333740234375,157218.65840274203,"(1423, 533, 1425, 536)",14,35
12,1049.0,1440.25,4.0,1327.31494140625,157218.65840274203,"(1440, 1048, 1442, 1051)",54,10
12,717.936170212766,1478.0212765957447,47.0,1317.79150390625,1847319.2362322188,"(1475, 713, 1482, 724)",31,32
12,1512.857142857143,1572.4285714285713,7.0,1295.6768798828125,275132.65220479853,"(1571, 1511, 1574, 1515)",78,21
12,1131.5,1703.5,4.0,1316.76123046875,157218.65840274203,"(1703, 1131, 1705, 1133)",104,5
12,1212.5,2021.0,2.0,1335.716552734375,78609.32920137102,"(2021, 1212, 2022, 1214)",72,19
12,1574.0,2043.0,1.0,1178.6710205078125,39304.66460068551,"(2043, 1574, 2044, 1575)",45,13
13,722.3571428571429,44.035714285714285,28.0,1330.301025390625,1100530.6088191941,"(41, 720, 49, 727)",0,21
13,534.8,59.0,10.0,1350.4495849609375,393046.64600685507,"(58, 533, 61, 538)",23,25
13,710.2,90.6,5.0,1256.4769287109375,196523.32300342753,"(90, 709, 92, 712)",47,9
13,1729.4,118.8,5.0,1247.387939453125,196523.32300342753,"(118, 1729, 121, 1731)",61,13
13,283.0,237.0,1.0,1187.266845703125,39304.66460068551,"(237, 283, 238, 284)",101,20
13,1551.8461538461538,287.38461538461536,13.0,1330.880615234375,510960.6398089116,"(286, 1550, 290, 1555)",37,24
13,10.4,310.2,5.0,1274.353271484375,196523.32300342753,"(309, 10, 312, 12)",3,22
13,547.5,360.0,2.0,1225.7786865234375,78609.32920137102,"(360, 547, 361, 549)",64,9
13,127.0,370.0,1.0,1189.7708740234375,39304.66460068551,"(370, 127, 371, 128)",94,5
13,252.0,435.0,1.0,1197.4686279296875,39304.66460068551,"(435, 252, 436, 253)",111,15
13,587.6666666666666,461.6666666666667,3.0,1213.6060791015625,117913.99380205653,"(461, 587, 463, 589)",65,9
13,35.0,482.0,1.0,1226.4974365234375,39304.66460068551,"(482, 35, 483, 36)",66,10
13,641.0,488.0,1.0,1247.9212646484375,39304.66460068551,"(488, 641, 489, 642)",67,11
13,911.0,605.0,1.0,1200.4132080078125,39304.66460068551,"(605, 911, 606, 912)",83,6
13,1254.0,681.0,1.0,1203.07958984375,39304.66460068551,"(681, 1254, 682, 1255)",6,6
13,999.9,687.8,10.0,1261.4619140625,393046.64600685507,"(686, 998, 691, 1003)",50,26
13,2022.0,793.0,1.0,1181.65576171875,39304.66460068551,"(793, 2022, 794, 2023)",8,31
13,1234.0,835.5,2.0,1211.9134521484375,78609.32920137102,"(835, 1234, 837, 1235)",112,25
13,1631.2857142857142,859.8571428571429,7.0,1243.701416015625,275132.65220479853,"(859, 1630, 862, 1634)",68,10
13,528.0,1012.0,1.0,1177.96923828125,39304.66460068551,"(1012, 528, 1013, 529)",9,21
13,52.0,1054.5,2.0,1203.3809814453125,78609.32920137102,"(1054, 52, 1056, 53)",117,19
13,534.1666666666666,1423.1666666666667,6.0,1340.688232421875,235827.98760411306,"(1422, 533, 1425, 536)",14,35
13,1049.0,1440.0,3.0,1327.796875,117913.99380205653,"(1440, 1048, 1441, 1051)",54,10
13,718.2444444444444,1477.9555555555555,45.0,1318.80078125,1768709.9070308479,"(1475, 714, 1483, 724)",31,32
13,1367.142857142857,1510.857142857143,7.0,1329.8140869140625,275132.65220479853,"(1509, 1366, 1513, 1369)",56,11
13,1512.0,1571.0,1.0,1188.797119140625,39304.66460068551,"(1571, 1512, 1572, 1513)",78,21
13,1131.3333333333333,1704.3333333333333,3.0,1299.9969482421875,117913.99380205653,"(1704, 1131, 1706, 1133)",104,5
13,744.9090909090909,1739.8181818181818,11.0,1294.733642578125,432351.3106075406,"(1739, 741, 1741, 750)",16,16
13,1213.0,2021.0,1.0,1223.8310546875,39304.66460068551,"(2021, 1213, 2022, 1214)",72,19
14,535.2,59.2,10.0,1351.806640625,393046.64600685507,"(58, 533, 62, 539)",23,25
14,1729.2,118.6,5.0,1317.0155029296875,196523.32300342753,"(117, 1729, 121, 1731)",61,13
14,282.0,220.0,1.0,1202.0419921875,39304.66460068551,"(220, 282, 221, 283)",101,20
14,1541.0,231.75,4.0,1298.7568359375,157218.65840274203,"(231, 1540, 233, 1543)",36,16
14,1298.0,245.0,3.0,1230.0013427734375,117913.99380205653,"(244, 1297, 247, 1300)",2,14
14,1552.5,287.8333333333333,6.0,1329.3905029296875,235827.98760411306,"(287, 1551, 290, 1555)",37,24
14,547.5,360.0,2.0,1197.7630615234375,78609.32920137102,"(360, 547, 361, 549)",64,9
14,626.0,481.3333333333333,3.0,1226.7921142578125,117913.99380205653,"(481, 625, 483, 628)",67,11
14,35.0,482.0,1.0,1206.8072509765625,39304.66460068551,"(482, 35, 483, 36)",66,10
14,627.3333333333334,540.6666666666666,3.0,1292.11962890625,117913.99380205653,"(540, 627, 542, 629)",5,14
14,999.4,686.7333333333333,15.0,1274.2255859375,589569.9690102827,"(683, 997, 691, 1003)",50,26
14,1271.0,685.0,1.0,1199.02734375,39304.66460068551,"(685, 1271, 686, 1272)",6,6
14,1235.0,836.0,1.0,1221.856689453125,39304.66460068551,"(836, 1235, 837, 1236)",112,25
14,1631.4285714285713,860.1428571428571,7.0,1289.0318603515625,275132.65220479853,"(859, 1630, 862, 1634)",68,10
14,90.0,997.0,1.0,1199.6837158203125,39304.66460068551,"(997, 90, 998, 91)",26,16
14,51.0,1055.0,1.0,1287.1112060546875,39304.66460068551,"(1055, 51, 1056, 52)",117,19
14,1640.5,1180.0,2.0,1187.381591796875,78609.32920137102,"(1180, 1640, 1181, 1642)",28,10
14,455.7857142857143,1195.0714285714287,14.0,1325.549072265625,550265.3044095971,"(1193, 454, 1198, 458)",29,27
14,464.19444444444446,1220.5277777777778,72.0,1340.0880126953125,2829935.8512493568,"(1211, 454, 1228, 473)",29,27
14,471.2352941176471,1270.0,18.0,1330.16845703125,668179.2982116536,"(1269, 469, 1273, 476)",87,10
14,534.1666666666666,1423.1666666666667,6.0,1341.0118408203125,235827.98760411306,"(1422, 533, 1425, 536)",14,35
14,718.5333333333333,1477.8444444444444,45.0,1318.1337890625,1768709.9070308479,"(1475, 714, 1482, 724)",31,32
14,1512.0,1572.125,8.0,1237.8299560546875,314437.31680548406,"(1571, 1510, 1575, 1515)",78,21
14,1132.0,1704.0,1.0,1306.3909912109375,39304.66460068551,"(1704, 1132, 1705, 1133)",104,5
14,743.8571428571429,1739.642857142857,14.0,1297.1279296875,550265.3044095971,"(1739, 740, 1741, 749)",16,16
14,94.0,1855.0,1.0,1189.618408203125,39304.66460068551,"(1855, 94, 1856, 95)",58,8
14,1320.0,1935.0,1.0,1203.0631103515625,39304.66460068551,"(1935, 1320, 1936, 1321)",17,23
14,1213.0,2021.0,1.0,1334.7149658203125,39304.66460068551,"(2021, 1213, 2022, 1214)",72,19
14,1564.0,2031.0,1.0,1205.7861328125,39304.66460068551,"(2031, 1564, 2032, 1565)",45,13
15,722.0645161290323,43.806451612903224,31.0,1329.97802734375,1218444.6026212508,"(40, 718, 49, 728)",0,21
15,535.5454545454545,59.09090909090909,11.0,1353.7705078125,432351.3106075406,"(58, 533, 62, 540)",23,25
15,1729.8,118.6,5.0,1317.677490234375,196523.32300342753,"(118, 1729, 120, 1732)",61,13
15,257.5625,167.5,16.0,1312.72802734375,628874.6336109681,"(166, 255, 170, 261)",92,10
15,1527.3333333333333,269.6666666666667,3.0,1315.766357421875,117913.99380205653,"(269, 1527, 271, 1529)",37,24
15,1552.8,288.6,5.0,1319.931884765625,196523.32300342753,"(288, 1552, 290, 1555)",37,24
15,10.0,311.0,1.0,1183.156005859375,39304.66460068551,"(311, 10, 312, 11)",3,22
15,191.0,338.0,1.0,1207.781494140625,39304.66460068551,"(338, 191, 339, 192)",118,5
15,547.0,360.0,1.0,1206.703369140625,39304.66460068551,"(360, 547, 361, 548)",64,9
15,250.0,434.0,1.0,1187.2724609375,39304.66460068551,"(434, 250, 435, 251)",111,15
15,631.0,540.0,1.0,1193.30029296875,39304.66460068551,"(540, 631, 541, 632)",5,14
15,895.0,600.0,1.0,1176.78515625,39304.66460068551,"(600, 895, 601, 896)",83,6
15,1234.5,836.0,2.0,1296.555908203125,78609.32920137102,"(836, 1234, 837, 1236)",112,25
15,1631.75,860.5,4.0,1315.496826171875,157218.65840274203,"(860, 1631, 862, 1634)",68,10
15,534.0,1011.0,1.0,1185.77783203125,39304.66460068551,"(1011, 534, 1012, 535)",9,21
15,678.4666666666667,1055.1666666666667,30.0,1316.91796875,1179139.9380205653,"(1050, 677, 1063, 682)",69,29
15,51.0,1055.0,1.0,1262.2027587890625,39304.66460068551,"(1055, 51, 1056, 52)",117,19
15,995.5,1079.5,2.0,1321.034423828125,78609.32920137102,"(1079, 995, 1081, 997)",77,34
15,471.26666666666665,1270.2666666666667,15.0,1296.114990234375,589569.9690102827,"(1269, 468, 1274, 475)",87,10
15,534.0,1423.5,4.0,1341.81298828125,157218.65840274203,"(1423, 533, 1425, 536)",14,35
15,718.1428571428571,1478.0714285714287,42.0,1318.0941162109375,1650795.9132287914,"(1475, 714, 1482, 723)",31,32
15,239.77777777777777,1572.4444444444443,9.0,1340.318359375,353741.9814061696,"(1571, 238, 1575, 242)",40,14
15,1511.4,1572.4,5.0,1252.5240478515625,196523.32300342753,"(1572, 1510, 1574, 1514)",78,21
15,742.8333333333334,1739.8333333333333,12.0,1296.7764892578125,471655.9752082261,"(1739, 739, 1742, 748)",16,16
15,850.0,1853.0,1.0,1195.8975830078125,39304.66460068551,"(1853, 850, 1854, 851)",91,11
15,1318.5,1934.5,2.0,1302.4122314453125,78609.32920137102,"(1934, 1318, 1936, 1320)",17,23
15,1214.0,2021.0,1.0,1192.957275390625,39304.66460068551,"(2021, 1214, 2022, 1215)",72,19
16,534.5555555555555,59.77777777777778,9.0,1356.5081787109375,353741.9814061696,"(59, 533, 62, 538)",23,25
16,1729.3333333333333,118.66666666666667,3.0,1242.7373046875,117913.99380205653,"(118, 1729, 120, 1731)",61,13
16,283.0,232.0,1.0,1184.320556640625,39304.66460068551,"(232, 283, 233, 284)",101,20
16,1296.6666666666667,245.33333333333334,3.0,1225.71484375,117913.99380205653,"(245, 1296, 247, 1298)",2,14
16,1527.0,270.5,4.0,1315.9163818359375,157218.65840274203,"(269, 1527, 273, 1528)",37,24
16,1552.5,288.5,4.0,1322.86474609375,157218.65840274203,"(288, 1552, 290, 1554)",37,24
16,98.5,382.0,2.0,1227.742431640625,78609.32920137102,"(382, 98, 383, 100)",49,5
16,250.0,433.0,1.0,1238.196533203125,39304.66460068551,"(433, 250, 434, 251)",111,15
16,637.0,487.0,1.0,1226.87646484375,39304.66460068551,"(487, 637, 488, 638)",67,11
16,630.0,539.0,1.0,1186.0946044921875,39304.66460068551,"(539, 630, 540, 631)",5,14
16,1019.0,629.0,1.0,1187.0450439453125,39304.66460068551,"(629, 1019, 630, 1020)",50,26
16,1234.5,836.5,4.0,1309.833984375,157218.65840274203,"(836, 1234, 838, 1236)",112,25
16,1630.4285714285713,860.5714285714286,7.0,1242.716064453125,275132.65220479853,"(860, 1629, 863, 1633)",68,10
16,531.0,1006.0,1.0,1195.4083251953125,39304.66460068551,"(1006, 531, 1007, 532)",9,21
16,678.1666666666666,1055.361111111111,36.0,1318.28173828125,1414967.9256246784,"(1050, 677, 1064, 682)",69,29
16,51.0,1054.5,2.0,1258.914794921875,78609.32920137102,"(1054, 51, 1056, 52)",117,19
16,995.0,1079.6666666666667,3.0,1261.491455078125,117913.99380205653,"(1079, 994, 1081, 997)",77,34
16,1637.0,1178.0,1.0,1186.0101318359375,39304.66460068551,"(1178, 1637, 1179, 1638)",28,10
16,470.4117647058824,1270.8235294117646,17.0,1305.5888671875,668179.2982116536,"(1269, 468, 1274, 474)",87,10
16,533.5,1423.5,4.0,1346.053955078125,157218.65840274203,"(1423, 533, 1425, 535)",14,35
16,717.4285714285714,1478.4285714285713,42.0,1318.767578125,1650795.9132287914,"(1475, 713, 1483, 723)",31,32
16,1274.0,1481.0,1.0,1179.294189453125,39304.66460068551,"(1481, 1274, 1482, 1275)",32,13
16,742.1111111111111,1739.6666666666667,18.0,1296.760986328125,707483.9628123392,"(1737, 738, 1742, 748)",16,16
16,1214.0,2022.0,1.0,1323.160400390625,39304.66460068551,"(2022, 1214, 2023, 1215)",72,19
17,720.88,45.32,25.0,1338.724609375,982616.6150171377,"(43, 718, 49, 725)",0,21
17,534.3333333333334,61.22222222222222,9.0,1354.4888916015625,353741.9814061696,"(60, 533, 64, 537)",23,25
17,1728.5,121.0,2.0,1207.8746337890625,78609.32920137102,"(121, 1728, 122, 1730)",61,13
17,1570.0,191.0,3.0,1236.477783203125,117913.99380205653,"(191, 1569, 192, 1572)",36,16
17,517.0,341.0,1.0,1182.0574951171875,39304.66460068551,"(341, 517, 342, 518)",89,9
17,1017.6666666666666,644.3333333333334,3.0,1196.2894287109375,117913.99380205653,"(644, 1017, 646, 1019)",50,26
17,1233.5,837.5,2.0,1265.01123046875,78609.32920137102,"(837, 1233, 839, 1235)",112,25
17,1629.0,863.0,1.0,1214.2127685546875,39304.66460068551,"(863, 1629, 864, 1630)",68,10
17,677.0232558139535,1057.3953488372092,43.0,1318.2938232421875,1690100.577829477,"(1051, 675, 1065, 681)",69,29
17,50.0,1057.0,1.0,1198.9361572265625,39304.66460068551,"(1057, 50, 1058, 51)",117,19
17,994.5,1081.5,4.0,1316.947265625,157218.65840274203,"(1081, 994, 1083, 996)",77,34
17,1639.0,1180.0,1.0,1185.1917724609375,39304.66460068551,"(1180, 1639, 1181, 1640)",28,10
17,532.5,1425.0,2.0,1315.948974609375,78609.32920137102,"(1425, 532, 1426, 534)",14,35
17,716.4565217391304,1480.0434782608695,46.0,1323.1229248046875,1808014.5716315333,"(1477, 712, 1485, 722)",31,32
17,1511.0,1574.0,5.0,1308.68212890625,196523.32300342753,"(1574, 1509, 1575, 1514)",78,21
17,536.0,1800.0,1.0,1203.0455322265625,39304.66460068551,"(1800, 536, 1801, 537)",125,8
18,720.16,46.84,25.0,1337.720947265625,982616.6150171377,"(44, 718, 51, 724)",0,21
18,533.25,62.625,8.0,1355.9954833984375,314437.31680548406,"(62, 532, 65, 536)",23,25
18,1727.0,122.0,1.0,1207.930908203125,39304.66460068551,"(122, 1727, 123, 1728)",61,13
18,255.14285714285714,170.71428571428572,7.0,1316.4525146484375,275132.65220479853,"(170, 254, 173, 257)",92,10
18,1522.5384615384614,187.26923076923077,26.0,1314.967529296875,1021921.2796178232,"(184, 1520, 192, 1526)",1,8
18,284.0,235.0,1.0,1187.6923828125,39304.66460068551,"(235, 284, 236, 285)",101,20
18,1294.8,248.2,5.0,1262.2994384765625,196523.32300342753,"(247, 1294, 250, 1297)",2,14
18,1550.2,291.1,10.0,1330.1763916015625,393046.64600685507,"(290, 1548, 293, 1553)",37,24
18,9.0,312.0,1.0,1199.3564453125,39304.66460068551,"(312, 9, 313, 10)",3,22
18,899.0,606.0,1.0,1181.5609130859375,39304.66460068551,"(606, 899, 607, 900)",83,6
18,1016.5,646.0,2.0,1183.97998046875,78609.32920137102,"(646, 1016, 647, 1018)",50,26
18,996.0,661.0,1.0,1188.1234130859375,39304.66460068551,"(661, 996, 662, 997)",50,26
18,957.3333333333334,685.3333333333334,3.0,1215.5233154296875,117913.99380205653,"(685, 957, 687, 959)",128,12
18,1232.5,838.5,2.0,1244.264404296875,78609.32920137102,"(838, 1232, 840, 1234)",112,25
18,1628.5,864.5,2.0,1191.3328857421875,78609.32920137102,"(864, 1628, 866, 1630)",68,10
18,675.875,1058.875,48.0,1318.608154296875,1886623.9008329045,"(1052, 673, 1066, 679)",69,29
18,994.5,1083.0,2.0,1302.7525634765625,78609.32920137102,"(1083, 994, 1084, 996)",77,34
18,531.25,1426.25,4.0,1329.07470703125,157218.65840274203,"(1426, 530, 1428, 533)",14,35
18,715.7727272727273,1481.340909090909,44.0,1324.1407470703125,1729405.2424301624,"(1478, 711, 1487, 721)",31,32
18,1153.3333333333333,1520.6666666666667,3.0,1308.979736328125,117913.99380205653,"(1520, 1153, 1522, 1155)",34,29
18,238.16666666666666,1575.8333333333333,6.0,1308.28515625,235827.98760411306,"(1575, 237, 1578, 241)",40,14
18,260.0,1598.5,2.0,1306.632568359375,78609.32920137102,"(1598, 260, 1600, 261)",40,14
18,535.0,1800.5,2.0,1216.0262451171875,78609.32920137102,"(1800, 535, 1802, 536)",125,8
19,720.5,46.45454545454545,22.0,1338.5205078125,864702.6212150812,"(43, 718, 50, 724)",0,21
19,533.5714285714286,62.0,7.0,1355.04150390625,275132.65220479853,"(61, 532, 64, 536)",23,25
19,1565.0,212.0,1.0,1193.5667724609375,39304.66460068551,"(212, 1565, 213, 1566)",36,16
19,280.0,223.0,1.0,1188.89990234375,39304.66460068551,"(223, 280, 224, 281)",101,20
19,9.0,312.5,2.0,1332.850341796875,78609.32920137102,"(312, 9, 314, 10)",3,22
19,1979.5,450.5,2.0,1190.7899169921875,78609.32920137102,"(450, 1979, 452, 1981)",132,15
19,86.0,995.0,1.0,1179.58935546875,39304.66460068551,"(995, 86, 996, 87)",26,16
19,676.1454545454545,1058.8181818181818,55.0,1319.61962890625,2161756.553037703,"(1052, 673, 1067, 680)",69,29
19,994.3333333333334,1082.6666666666667,3.0,1238.5556640625,117913.99380205653,"(1082, 994, 1084, 996)",77,34
19,469.0769230769231,1272.6923076923076,13.0,1292.76171875,510960.6398089116,"(1270, 466, 1276, 473)",87,10
19,912.0,1330.0,1.0,1178.539306640625,39304.66460068551,"(1330, 912, 1331, 913)",134,8
19,531.6666666666666,1426.3333333333333,3.0,1344.6575927734375,117913.99380205653,"(1426, 531, 1428, 533)",14,35
19,715.6511627906976,1481.4651162790697,43.0,1324.146484375,1690100.577829477,"(1478, 711, 1487, 721)",31,32
19,1153.1666666666667,1520.1666666666667,6.0,1312.99267578125,235827.98760411306,"(1519, 1152, 1522, 1155)",34,29
19,259.0,1591.0,1.0,1182.1328125,39304.66460068551,"(1591, 259, 1592, 260)",40,14
19,724.0,1715.0,1.0,1187.009765625,39304.66460068551,"(1715, 724, 1716, 725)",16,16
19,742.9444444444445,1742.0555555555557,18.0,1310.4725341796875,707483.9628123392,"(1740, 738, 1744, 748)",16,16
19,1595.0,2041.0,1.0,1183.90625,39304.66460068551,"(2041, 1595, 2042, 1596)",45,13
20,533.5,61.0,4.0,1349.720458984375,157218.65840274203,"(60, 533, 63, 535)",23,25
20,702.0,91.5,2.0,1223.032470703125,78609.32920137102,"(91, 702, 93, 703)",47,9
20,659.0,113.5,2.0,1192.08349609375,78609.32920137102,"(113, 659, 115, 660)",88,9
20,255.5,168.5,4.0,1312.7939453125,157218.65840274203,"(168, 255, 170, 257)",92,10
20,1558.0,182.0,1.0,1193.52978515625,39304.66460068551,"(182, 1558, 183, 1559)",36,16
20,1533.75,213.25,4.0,1243.93017578125,157218.65840274203,"(212, 1533, 215, 1536)",36,16
20,1565.0,213.0,1.0,1177.23583984375,39304.66460068551,"(213, 1565, 214, 1566)",36,16
20,1550.4615384615386,289.0,13.0,1323.3994140625,510960.6398089116,"(288, 1548, 291, 1554)",37,24
20,9.666666666666666,310.6666666666667,3.0,1340.6575927734375,117913.99380205653,"(310, 9, 312, 11)",3,22
20,517.0,340.0,1.0,1178.9471435546875,39304.66460068551,"(340, 517, 341, 518)",89,9
20,1889.0,402.0,1.0,1179.0194091796875,39304.66460068551,"(402, 1889, 403, 1890)",137,17
20,1979.0,450.0,1.0,1181.453857421875,39304.66460068551,"(450, 1979, 451, 1980)",132,15
20,1017.5,641.5,2.0,1193.505615234375,78609.32920137102,"(641, 1017, 643, 1019)",50,26
20,522.0,1015.0,1.0,1180.8031005859375,39304.66460068551,"(1015, 522, 1016, 523)",9,21
20,676.5892857142857,1057.25,56.0,1318.626953125,2201061.2176383883,"(1050, 674, 1066, 680)",69,29
20,50.0,1056.0,1.0,1236.12060546875,39304.66460068551,"(1056, 50, 1057, 51)",117,19
20,995.0,1081.0,1.0,1252.438720703125,39304.66460068551,"(1081, 995, 1082, 996)",77,34
20,1579.375,1272.5,8.0,1311.227294921875,314437.31680548406,"(1271, 1578, 1275, 1582)",11,20
20,532.0,1424.5,4.0,1332.149169921875,157218.65840274203,"(1424, 531, 1426, 534)",14,35
20,715.8108108108108,1480.2162162162163,37.0,1324.484130859375,1454272.5902253638,"(1476, 711, 1486, 721)",31,32
20,1367.0,1510.5,2.0,1202.134765625,78609.32920137102,"(1510, 1367, 1512, 1368)",56,11
20,1153.5,1518.5,6.0,1313.32421875,235827.98760411306,"(1517, 1153, 1521, 1155)",34,29
21,721.6451612903226,44.96774193548387,31.0,1337.177490234375,1218444.6026212508,"(41, 720, 52, 726)",0,21
21,534.0,60.166666666666664,6.0,1348.88525390625,235827.98760411306,"(59, 533, 62, 536)",23,25
21,255.5,168.0,2.0,1306.0687255859375,78609.32920137102,"(168, 255, 169, 257)",92,10
21,278.0,224.0,1.0,1198.0517578125,39304.66460068551,"(224, 278, 225, 279)",101,20
21,1551.142857142857,287.7142857142857,7.0,1275.834716796875,275132.65220479853,"(287, 1549, 289, 1554)",37,24
21,10.0,310.0,3.0,1341.6630859375,117913.99380205653,"(309, 10, 312, 11)",3,22
21,1889.0,401.0,1.0,1261.390625,39304.66460068551,"(401, 1889, 402, 1890)",137,17
21,1980.0,448.0,1.0,1219.7628173828125,39304.66460068551,"(448, 1980, 449, 1981)",132,15
21,1010.5,685.0,2.0,1201.0572509765625,78609.32920137102,"(685, 1010, 686, 1012)",50,26
21,98.0,1015.0,1.0,1239.94873046875,39304.66460068551,"(1015, 98, 1016, 99)",26,16
21,676.7868852459017,1057.2295081967213,61.0,1317.9560546875,2397584.540641816,"(1049, 673, 1065, 681)",69,29
21,51.0,1054.5,2.0,1266.706298828125,78609.32920137102,"(1054, 51, 1056, 52)",117,19
21,915.0,1328.0,1.0,1200.7208251953125,39304.66460068551,"(1328, 915, 1329, 916)",134,8
21,532.5,1424.0,2.0,1344.6910400390625,78609.32920137102,"(1424, 532, 1425, 534)",14,35
21,715.3030303030303,1480.090909090909,33.0,1323.809814453125,1297053.9318226217,"(1476, 711, 1486, 721)",31,32
21,1153.8333333333333,1517.8333333333333,6.0,1314.703857421875,235827.98760411306,"(1517, 1153, 1520, 1156)",34,29
21,537.3333333333334,1799.0,3.0,1311.38427734375,117913.99380205653,"(1798, 537, 1801, 539)",125,8
21,86.0,1852.0,1.0,1183.091796875,39304.66460068551,"(1852, 86, 1853, 87)",58,8
21,702.0,2005.0,1.0,1227.164306640625,39304.66460068551,"(2005, 702, 2006, 703)",19,22
21,197.5,2023.5,2.0,1469.933349609375,78609.32920137102,"(2023, 197, 2025, 199)",22,30
22,721.4,45.34285714285714,35.0,1336.84375,1375663.2610239927,"(41, 719, 53, 726)",0,21
22,534.3333333333334,60.333333333333336,3.0,1350.91845703125,117913.99380205653,"(60, 534, 62, 536)",23,25
22,659.0,113.5,2.0,1239.7877197265625,78609.32920137102,"(113, 659, 115, 660)",88,9
22,1558.0,182.0,1.0,1261.2900390625,39304.66460068551,"(182, 1558, 183, 1559)",36,16
22,282.0,228.0,1.0,1190.443603515625,39304.66460068551,"(228, 282, 229, 283)",101,20
22,10.0,310.0,1.0,1231.86328125,39304.66460068551,"(310, 10, 311, 11)",3,22
22,7.0,340.0,1.0,1177.7882080078125,39304.66460068551,"(340, 7, 341, 8)",4,13
22,517.0,340.5,2.0,1235.0567626953125,78609.32920137102,"(340, 517, 342, 518)",89,9
22,1889.0,400.0,1.0,1207.9482421875,39304.66460068551,"(400, 1889, 401, 1890)",137,17
22,584.0,462.0,1.0,1179.84619140625,39304.66460068551,"(462, 584, 463, 585)",65,9
22,1018.0,643.0,1.0,1201.5850830078125,39304.66460068551,"(643, 1018, 644, 1019)",50,26
22,991.5,656.5,2.0,1228.906494140625,78609.32920137102,"(656, 991, 658, 993)",50,26
22,996.0,683.0,1.0,1190.9404296875,39304.66460068551,"(683, 996, 684, 997)",50,26
22,98.0,1016.0,1.0,1181.7386474609375,39304.66460068551,"(1016, 98, 1017, 99)",26,16
22,50.666666666666664,1054.6666666666667,3.0,1268.1026611328125,117913.99380205653,"(1054, 50, 1056, 52)",117,19
22,996.0,1081.0,1.0,1192.2886962890625,39304.66460068551,"(1081, 996, 1082, 997)",77,34
22,1579.1,1271.6,10.0,1307.5826416015625,393046.64600685507,"(1270, 1577, 1274, 1582)",11,20
22,913.5,1328.0,2.0,1232.6912841796875,78609.32920137102,"(1328, 913, 1329, 915)",134,8
22,533.0,1424.0,3.0,1345.71435546875,117913.99380205653,"(1424, 532, 1425, 535)",14,35
22,715.3783783783783,1480.3513513513512,37.0,1323.809814453125,1454272.5902253638,"(1476, 711, 1487, 721)",31,32
22,1153.8333333333333,1517.8333333333333,6.0,1313.685546875,235827.98760411306,"(1517, 1153, 1520, 1156)",34,29
22,1510.0,1573.0,1.0,1228.3387451171875,39304.66460068551,"(1573, 1510, 1574, 1511)",78,21
22,725.0,1713.0,1.0,1185.499755859375,39304.66460068551,"(1713, 725, 1714, 726)",16,16
22,1343.1,1929.5,30.0,1315.033935546875,1179139.9380205653,"(1926, 1338, 1932, 1351)",17,23
22,670.5,1975.5,2.0,1212.229736328125,78609.32920137102,"(1975, 670, 1977, 672)",19,22
23,721.3125,45.3125,32.0,1337.176025390625,1257749.2672219363,"(41, 719, 54, 726)",0,21
23,534.3333333333334,60.333333333333336,3.0,1336.982177734375,117913.99380205653,"(60, 534, 62, 536)",23,25
23,658.0,113.0,1.0,1333.4718017578125,39304.66460068551,"(113, 658, 114, 659)",88,9
23,238.33333333333334,172.66666666666666,3.0,1250.9246826171875,117913.99380205653,"(172, 238, 174, 240)",92,10
23,299.0,223.0,1.0,1178.7579345703125,39304.66460068551,"(223, 299, 224, 300)",101,20
23,1553.5,288.5,6.0,1244.63623046875,235827.98760411306,"(287, 1553, 291, 1555)",37,24
23,10.0,309.5,2.0,1344.325927734375,78609.32920137102,"(309, 10, 311, 11)",3,22
23,516.0,341.5,2.0,1198.95849609375,78609.32920137102,"(341, 516, 343, 517)",89,9
23,1978.0,450.0,1.0,1207.422119140625,39304.66460068551,"(450, 1978, 451, 1979)",132,15
23,991.0,656.0,1.0,1193.4884033203125,39304.66460068551,"(656, 991, 657, 992)",50,26
23,959.3333333333334,683.0,3.0,1285.812744140625,117913.99380205653,"(682, 959, 685, 961)",128,12
23,50.5,1055.0,4.0,1299.5096435546875,157218.65840274203,"(1054, 50, 1057, 52)",117,19
23,995.0,1081.0,1.0,1228.3765869140625,39304.66460068551,"(1081, 995, 1082, 996)",77,34
23,1578.9,1271.7,10.0,1310.2130126953125,393046.64600685507,"(1270, 1577, 1274, 1582)",11,20
23,914.0,1329.0,1.0,1181.040771484375,39304.66460068551,"(1329, 914, 1330, 915)",134,8
23,533.0,1424.25,4.0,1345.0150146484375,157218.65840274203,"(1424, 532, 1426, 535)",14,35
23,715.28125,1480.78125,32.0,1324.146728515625,1257749.2672219363,"(1477, 711, 1487, 721)",31,32
23,1153.7142857142858,1518.142857142857,7.0,1314.993896484375,275132.65220479853,"(1517, 1153, 1520, 1156)",34,29
23,743.0,1713.5,2.0,1191.59326171875,78609.32920137102,"(1713, 743, 1715, 744)",16,16
23,854.0,1857.0,1.0,1198.7216796875,39304.66460068551,"(1857, 854, 1858, 855)",91,11
23,674.3333333333334,2006.5,6.0,1220.839111328125,235827.98760411306,"(2006, 673, 2008, 677)",19,22
23,701.0,2009.0,1.0,1179.253173828125,39304.66460068551,"(2009, 701, 2010, 702)",19,22
23,197.5,2023.5,2.0,1410.3333740234375,78609.32920137102,"(2023, 197, 2025, 199)",22,30
24,534.3333333333334,59.333333333333336,3.0,1275.7532958984375,117913.99380205653,"(59, 534, 61, 536)",23,25
24,660.0,112.0,1.0,1184.7791748046875,39304.66460068551,"(112, 660, 113, 661)",88,9
24,1553.5714285714287,287.2857142857143,7.0,1302.8123779296875,275132.65220479853,"(286, 1553, 290, 1555)",37,24
24,9.714285714285714,308.85714285714283,7.0,1344.331298828125,275132.65220479853,"(308, 9, 311, 12)",3,22
24,517.0,341.0,1.0,1198.60302734375,39304.66460068551,"(341, 517, 342, 518)",89,9
24,1989.0,410.0,1.0,1226.2274169921875,39304.66460068551,"(410, 1989, 411, 1990)",25,7
24,248.0,434.0,1.0,1188.9710693359375,39304.66460068551,"(434, 248, 435, 249)",111,15
24,638.0,486.0,1.0,1184.967529296875,39304.66460068551,"(486, 638, 487, 639)",67,11
24,959.0,681.5,2.0,1284.8436279296875,78609.32920137102,"(681, 959, 683, 960)",128,12
24,999.0,685.5,2.0,1188.240966796875,78609.32920137102,"(685, 999, 687, 1000)",50,26
24,91.0,999.0,1.0,1185.4150390625,39304.66460068551,"(999, 91, 1000, 92)",26,16
24,676.7555555555556,1056.5555555555557,45.0,1318.2847900390625,1768709.9070308479,"(1050, 674, 1064, 680)",69,29
24,51.0,1053.5,4.0,1297.584228515625,157218.65840274203,"(1053, 50, 1055, 53)",117,19
24,994.0,1080.0,1.0,1235.2470703125,39304.66460068551,"(1080, 994, 1081, 995)",77,34
24,469.375,1269.375,8.0,1222.435791015625,314437.31680548406,"(1268, 468, 1272, 472)",87,10
24,1578.3333333333333,1269.888888888889,9.0,1319.109130859375,353741.9814061696,"(1268, 1576, 1272, 1581)",11,20
24,914.0,1327.0,1.0,1204.91455078125,39304.66460068551,"(1327, 914, 1328, 915)",134,8
24,533.0,1423.0,7.0,1342.8475341796875,275132.65220479853,"(1422, 532, 1425, 535)",14,35
24,224.0,1432.0,1.0,1213.4161376953125,39304.66460068551,"(1432, 224, 1433, 225)",155,11
24,1153.5,1517.5,4.0,1313.315673828125,157218.65840274203,"(1517, 1153, 1519, 1155)",34,29
24,1509.5,1572.0,2.0,1299.5859375,78609.32920137102,"(1572, 1509, 1573, 1511)",78,21
24,261.5,1590.0,2.0,1176.984130859375,78609.32920137102,"(1590, 261, 1591, 263)",40,14
24,1342.6666666666667,1929.0,27.0,1316.9189453125,1061225.9442185087,"(1928, 1338, 1931, 1348)",17,23
24,675.0,2002.0,1.0,1201.3583984375,39304.66460068551,"(2002, 675, 2003, 676)",19,22
24,1212.5,2021.0,2.0,1335.3822021484375,78609.32920137102,"(2021, 1212, 2022, 1214)",72,19
24,197.5,2023.5,2.0,1543.0,78609.32920137102,"(2023, 197, 2025, 199)",22,30
25,534.0,59.5,2.0,1203.071044921875,78609.32920137102,"(59, 534, 61, 535)",23,25
25,1299.0,243.0,1.0,1181.8543701171875,39304.66460068551,"(243, 1299, 244, 1300)",2,14
25,1554.125,287.25,8.0,1325.0926513671875,314437.31680548406,"(285, 1553, 291, 1557)",37,24
25,10.333333333333334,308.1666666666667,6.0,1347.2713623046875,235827.98760411306,"(307, 10, 311, 12)",3,22
25,248.0,433.0,1.0,1179.2022705078125,39304.66460068551,"(433, 248, 434, 249)",111,15
25,34.0,481.0,1.0,1177.642333984375,39304.66460068551,"(481, 34, 482, 35)",66,10
25,637.0,486.5,2.0,1192.956787109375,78609.32920137102,"(486, 637, 488, 638)",67,11
25,1017.0,641.0,1.0,1250.2884521484375,39304.66460068551,"(641, 1017, 642, 1018)",50,26
25,1010.0,686.0,1.0,1180.21630859375,39304.66460068551,"(686, 1010, 687, 1011)",50,26
25,1658.5,778.0,2.0,1218.2554931640625,78609.32920137102,"(778, 1658, 779, 1660)",7,12
25,529.0,1013.0,1.0,1203.5390625,39304.66460068551,"(1013, 529, 1014, 530)",9,21
25,677.1463414634146,1055.8536585365853,41.0,1318.95654296875,1611491.2486281057,"(1050, 675, 1064, 681)",69,29
25,51.0,1053.5,4.0,1294.4637451171875,157218.65840274203,"(1053, 50, 1055, 53)",117,19
25,993.5,1079.0,2.0,1223.3515625,78609.32920137102,"(1079, 993, 1080, 995)",77,34
25,1578.4166666666667,1269.6666666666667,12.0,1317.786376953125,471655.9752082261,"(1268, 1576, 1272, 1582)",11,20
25,470.75,1269.75,4.0,1241.13623046875,157218.65840274203,"(1269, 470, 1271, 473)",87,10
25,914.0,1326.0,1.0,1218.5675048828125,39304.66460068551,"(1326, 914, 1327, 915)",134,8
25,533.2,1422.4,5.0,1343.9952392578125,196523.32300342753,"(1422, 532, 1424, 535)",14,35
25,1153.8333333333333,1516.8333333333333,6.0,1312.8463134765625,235827.98760411306,"(1516, 1153, 1519, 1156)",34,29
25,5.0,1636.0,1.0,1207.59521484375,39304.66460068551,"(1636, 5, 1637, 6)",156,8
25,1061.0,1731.0,1.0,1180.372314453125,39304.66460068551,"(1731, 1061, 1732, 1062)",157,16
25,451.5,1755.0,2.0,1219.529541015625,78609.32920137102,"(1755, 451, 1756, 453)",158,19
25,1342.2222222222222,1929.0,27.0,1317.240478515625,1061225.9442185087,"(1928, 1338, 1932, 1348)",17,23
25,674.6666666666666,2004.0,3.0,1195.11474609375,117913.99380205653,"(2003, 674, 2006, 676)",19,22
25,197.5,2023.5,2.0,1704.5999755859375,78609.32920137102,"(2023, 197, 2025, 199)",22,30
25,1567.5,2032.0,2.0,1216.1494140625,78609.32920137102,"(2032, 1567, 2033, 1569)",45,13
26,721.16,45.32,25.0,1326.275146484375,982616.6150171377,"(41, 719, 52, 726)",0,21
26,534.0,60.0,1.0,1206.8192138671875,39304.66460068551,"(60, 534, 61, 535)",23,25
26,1554.2222222222222,288.8888888888889,9.0,1330.171142578125,353741.9814061696,"(286, 1553, 292, 1557)",37,24
26,9.555555555555555,310.22222222222223,9.0,1343.9857177734375,353741.9814061696,"(308, 9, 313, 11)",3,22
26,516.5,340.0,2.0,1214.419677734375,78609.32920137102,"(340, 516, 341, 518)",89,9
26,247.33333333333334,435.0,3.0,1213.3203125,117913.99380205653,"(434, 247, 437, 249)",111,15
26,1978.0,450.0,1.0,1214.443603515625,39304.66460068551,"(450, 1978, 451, 1979)",132,15
26,897.0833333333334,605.75,12.0,1243.841552734375,471655.9752082261,"(604, 894, 609, 901)",83,6
26,1396.4878048780488,620.060975609756,82.0,1319.60693359375,3222982.4972562115,"(615, 1390, 627, 1403)",38,9
26,1658.0,779.5,2.0,1196.6136474609375,78609.32920137102,"(779, 1658, 781, 1659)",7,12
26,676.7674418604652,1057.4186046511627,43.0,1319.9415283203125,1690100.577829477,"(1052, 674, 1064, 681)",69,29
26,50.666666666666664,1054.6666666666667,3.0,1298.19189453125,117913.99380205653,"(1054, 50, 1056, 52)",117,19
26,993.5,1081.0,2.0,1228.640625,78609.32920137102,"(1081, 993, 1082, 995)",77,34
26,558.5,1148.0,2.0,1220.036376953125,78609.32920137102,"(1148, 558, 1149, 560)",161,6
26,454.14814814814815,1195.0,27.0,1319.893798828125,1061225.9442185087,"(1190, 452, 1201, 458)",29,27
26,1578.7777777777778,1271.2222222222222,9.0,1314.659423828125,353741.9814061696,"(1269, 1577, 1274, 1582)",11,20
26,470.0,1270.5,2.0,1199.1710205078125,78609.32920137102,"(1270, 470, 1272, 471)",87,10
26,914.0,1328.0,1.0,1207.010498046875,39304.66460068551,"(1328, 914, 1329, 915)",134,8
26,533.0,1424.0,7.0,1345.013427734375,275132.65220479853,"(1423, 532, 1426, 535)",14,35
26,224.0,1433.0,1.0,1178.2100830078125,39304.66460068551,"(1433, 224, 1434, 225)",155,11
26,717.5,1478.2,10.0,1314.1097412109375,393046.64600685507,"(1477, 716, 1480, 720)",31,32
26,1153.5714285714287,1518.2857142857142,7.0,1313.91845703125,275132.65220479853,"(1517, 1153, 1521, 1155)",34,29
26,1508.0,1572.0,1.0,1176.91943359375,39304.66460068551,"(1572, 1508, 1573, 1509)",78,21
26,5.0,1638.0,1.0,1183.46826171875,39304.66460068551,"(1638, 5, 1639, 6)",156,8
26,1060.0,1734.0,1.0,1180.385009765625,39304.66460068551,"(1734, 1060, 1735, 1061)",157,16
26,536.25,1799.0,4.0,1317.455810546875,157218.65840274203,"(1798, 536, 1801, 538)",125,8
26,1213.6666666666667,2022.3333333333333,3.0,1329.2628173828125,117913.99380205653,"(2022, 1213, 2024, 1215)",72,19
26,197.5,2023.5,2.0,1567.2666015625,78609.32920137102,"(2023, 197, 2025, 199)",22,30
27,1545.8,238.3,10.0,1283.2916259765625,393046.64600685507,"(236, 1544, 241, 1548)",36,16
27,1553.7777777777778,291.1111111111111,9.0,1327.475830078125,353741.9814061696,"(289, 1553, 294, 1556)",37,24
27,9.5,312.5,8.0,1345.4520263671875,314437.31680548406,"(311, 9, 315, 11)",3,22
27,1988.0,412.0,1.0,1182.35791015625,39304.66460068551,"(412, 1988, 413, 1989)",25,7
27,1975.0,452.0,1.0,1184.92236328125,39304.66460068551,"(452, 1975, 453, 1976)",132,15
27,1395.5949367088608,621.9240506329114,79.0,1325.603759765625,3105068.5034541553,"(617, 1390, 630, 1401)",38,9
27,958.75,685.75,4.0,1234.9276123046875,157218.65840274203,"(685, 958, 688, 960)",128,12
27,1217.0,844.0,1.0,1318.8594970703125,39304.66460068551,"(844, 1217, 845, 1218)",112,25
27,676.0,1060.575,40.0,1315.93603515625,1572186.5840274203,"(1055, 673, 1068, 679)",69,29
27,50.5,1057.0,4.0,1239.8255615234375,157218.65840274203,"(1056, 50, 1059, 52)",117,19
27,992.75,1083.0,4.0,1281.9324951171875,157218.65840274203,"(1082, 992, 1085, 995)",77,34
27,660.0,1177.5,2.0,1194.974609375,78609.32920137102,"(1177, 660, 1179, 661)",113,15
27,453.3333333333333,1196.2380952380952,21.0,1327.1680908203125,825397.9566143957,"(1192, 451, 1201, 457)",29,27
27,469.3333333333333,1272.0,3.0,1211.1815185546875,117913.99380205653,"(1271, 469, 1274, 471)",87,10
27,1578.0833333333333,1273.1666666666667,12.0,1307.6275634765625,471655.9752082261,"(1271, 1576, 1276, 1581)",11,20
27,912.0,1330.0,1.0,1182.7681884765625,39304.66460068551,"(1330, 912, 1331, 913)",134,8
27,532.8,1426.2,5.0,1345.682861328125,196523.32300342753,"(1425, 532, 1428, 535)",14,35
27,224.0,1435.5,2.0,1274.67529296875,78609.32920137102,"(1435, 224, 1437, 225)",155,11
27,713.0,1485.0,7.0,1321.7059326171875,275132.65220479853,"(1484, 712, 1487, 715)",31,32
27,1153.5,1520.5,6.0,1313.65380859375,235827.98760411306,"(1519, 1153, 1523, 1155)",34,29
27,1509.5,1574.5,2.0,1197.026123046875,78609.32920137102,"(1574, 1509, 1576, 1511)",78,21
27,240.0,1575.0,1.0,1186.7943115234375,39304.66460068551,"(1575, 240, 1576, 241)",40,14
27,535.5,1800.5,2.0,1209.412109375,78609.32920137102,"(1800, 535, 1802, 537)",125,8
27,673.6666666666666,2009.0,3.0,1240.44091796875,117913.99380205653,"(2008, 673, 2011, 675)",19,22
27,197.0,2023.3333333333333,3.0,1680.33349609375,117913.99380205653,"(2023, 196, 2025, 199)",22,30
28,281.0,232.0,1.0,1179.46923828125,39304.66460068551,"(232, 281, 233, 282)",101,20
28,1298.0,245.0,1.0,1188.315673828125,39304.66460068551,"(245, 1298, 246, 1299)",2,14
28,1554.090909090909,292.1818181818182,11.0,1328.150634765625,432351.3106075406,"(290, 1553, 295, 1557)",37,24
28,9.727272727272727,314.0,11.0,1340.328369140625,432351.3106075406,"(312, 9, 318, 12)",3,22
28,7.0,343.0,1.0,1270.8448486328125,39304.66460068551,"(343, 7, 344, 8)",4,13
28,1979.0,453.0,1.0,1184.9002685546875,39304.66460068551,"(453, 1979, 454, 1980)",132,15
28,985.0,658.0,1.0,1191.423095703125,39304.66460068551,"(658, 985, 659, 986)",50,26
28,1662.0,769.0,1.0,1189.0994873046875,39304.66460068551,"(769, 1662, 770, 1663)",7,12
28,2016.0,803.0,1.0,1186.85986328125,39304.66460068551,"(803, 2016, 804, 2017)",8,31
28,1217.3333333333333,845.3333333333334,3.0,1319.97607421875,117913.99380205653,"(845, 1217, 847, 1219)",112,25
28,523.0,1014.0,1.0,1177.593505859375,39304.66460068551,"(1014, 523, 1015, 524)",9,21
28,676.6944444444445,1061.9444444444443,36.0,1317.932373046875,1414967.9256246784,"(1057, 675, 1070, 680)",69,29
28,50.666666666666664,1058.6666666666667,3.0,1300.7435302734375,117913.99380205653,"(1058, 50, 1060, 52)",117,19
28,993.0,1084.0,5.0,1309.81396484375,196523.32300342753,"(1083, 992, 1086, 995)",77,34
28,1579.0,1274.5,10.0,1315.832763671875,393046.64600685507,"(1273, 1577, 1277, 1582)",11,20
28,470.5,1274.5,4.0,1193.57861328125,157218.65840274203,"(1274, 470, 1276, 472)",87,10
28,533.2,1427.4,5.0,1347.355224609375,196523.32300342753,"(1427, 532, 1429, 535)",14,35
28,224.0,1437.0,1.0,1297.944091796875,39304.66460068551,"(1437, 224, 1438, 225)",155,11
28,712.5,1487.0,4.0,1317.848388671875,157218.65840274203,"(1486, 712, 1489, 714)",31,32
28,1153.6666666666667,1521.5,6.0,1310.7657470703125,235827.98760411306,"(1520, 1153, 1524, 1155)",34,29
28,260.0,1596.0,1.0,1271.712646484375,39304.66460068551,"(1596, 260, 1597, 261)",40,14
28,4.0,1641.0,1.0,1184.9842529296875,39304.66460068551,"(1641, 4, 1642, 5)",156,8
28,536.0,1801.0,1.0,1185.26416015625,39304.66460068551,"(1801, 536, 1802, 537)",125,8
28,1588.0,1935.0,1.0,1302.955078125,39304.66460068551,"(1935, 1588, 1936, 1589)",168,5
28,197.5,2023.5,2.0,1835.0,78609.32920137102,"(2023, 197, 2025, 199)",22,30
29,632.5,98.0,4.0,1297.3935546875,157218.65840274203,"(97, 631, 100, 635)",35,13
29,282.0,232.0,1.0,1181.403076171875,39304.66460068551,"(232, 282, 233, 283)",101,20
29,10.416666666666666,314.1666666666667,12.0,1338.9249267578125,471655.9752082261,"(312, 9, 318, 12)",3,22
29,1990.0,414.0,1.0,1192.640625,39304.66460068551,"(414, 1990, 415, 1991)",25,7
29,249.0,445.0,1.0,1244.989013671875,39304.66460068551,"(445, 249, 446, 250)",111,15
29,1976.0,454.0,1.0,1185.8868408203125,39304.66460068551,"(454, 1976, 455, 1977)",132,15
29,2017.5,803.0,2.0,1262.50390625,78609.32920137102,"(803, 2017, 804, 2019)",8,31
29,1218.0,845.5,2.0,1322.1947021484375,78609.32920137102,"(845, 1218, 847, 1219)",112,25
29,548.0,1019.0,1.0,1196.115478515625,39304.66460068551,"(1019, 548, 1020, 549)",9,21
29,677.3142857142857,1061.6,35.0,1319.4483642578125,1375663.2610239927,"(1057, 675, 1069, 681)",69,29
29,51.333333333333336,1058.3333333333333,3.0,1245.5775146484375,117913.99380205653,"(1058, 51, 1060, 53)",117,19
29,994.0,1084.5,4.0,1243.9521484375,157218.65840274203,"(1084, 993, 1086, 996)",77,34
29,661.0,1178.5,2.0,1262.4759521484375,78609.32920137102,"(1178, 661, 1180, 662)",113,15
29,534.3333333333334,1427.6666666666667,3.0,1335.309814453125,117913.99380205653,"(1427, 534, 1429, 536)",14,35
29,224.5,1437.0,2.0,1211.2484130859375,78609.32920137102,"(1437, 224, 1438, 226)",155,11
29,714.0,1486.0,1.0,1218.366455078125,39304.66460068551,"(1486, 714, 1487, 715)",31,32
29,63.0,1499.0,1.0,1212.5654296875,39304.66460068551,"(1499, 63, 1500, 64)",33,11
29,1154.4285714285713,1521.7142857142858,7.0,1310.760986328125,275132.65220479853,"(1520, 1154, 1524, 1156)",34,29
29,240.0,1576.0,1.0,1184.345458984375,39304.66460068551,"(1576, 240, 1577, 241)",40,14
29,262.0,1595.0,1.0,1206.456298828125,39304.66460068551,"(1595, 262, 1596, 263)",40,14
29,537.0,1801.0,1.0,1177.143310546875,39304.66460068551,"(1801, 537, 1802, 538)",125,8
29,1588.5,1935.0,2.0,1204.8028564453125,78609.32920137102,"(1935, 1588, 1936, 1590)",168,5
29,701.0,2012.5,2.0,1258.720703125,78609.32920137102,"(2012, 701, 2014, 702)",19,22
29,197.5,2023.5,2.0,1836.5999755859375,78609.32920137102,"(2023, 197, 2025, 199)",22,30
29,1566.0,2035.0,1.0,1206.736572265625,39304.66460068551,"(2035, 1566, 2036, 1567)",45,13
30,971.5,47.5,4.0,1303.4827880859375,157218.65840274203,"(47, 971, 49, 973)",46,16
30,535.0,63.0,1.0,1201.7132568359375,39304.66460068551,"(63, 535, 64, 536)",23,25
30,633.125,97.625,8.0,1350.571044921875,314437.31680548406,"(96, 631, 100, 636)",35,13
30,11.0,313.77777777777777,9.0,1338.93505859375,353741.9814061696,"(312, 10, 317, 13)",3,22
30,8.0,342.0,1.0,1268.626708984375,39304.66460068551,"(342, 8, 343, 9)",4,13
30,1892.3333333333333,396.3333333333333,3.0,1196.8411865234375,117913.99380205653,"(396, 1892, 398, 1894)",137,17
30,1218.5,844.5,4.0,1298.0665283203125,157218.65840274203,"(844, 1218, 846, 1220)",112,25
30,677.8888888888889,1060.2222222222222,27.0,1319.1097412109375,1061225.9442185087,"(1056, 676, 1067, 681)",69,29
30,52.0,1058.25,4.0,1298.196044921875,157218.65840274203,"(1058, 51, 1060, 54)",117,19
30,993.6666666666666,1083.3333333333333,3.0,1269.5595703125,117913.99380205653,"(1083, 993, 1085, 995)",77,34
30,661.3333333333334,1178.3333333333333,3.0,1263.443603515625,117913.99380205653,"(1178, 661, 1180, 663)",113,15
30,1578.2666666666667,1273.2666666666667,15.0,1312.3199462890625,589569.9690102827,"(1271, 1574, 1276, 1583)",11,20
30,534.5,1427.0,2.0,1336.7840576171875,78609.32920137102,"(1427, 534, 1428, 536)",14,35
30,1155.0,1521.0,3.0,1310.1171875,117913.99380205653,"(1520, 1155, 1523, 1156)",34,29
30,1514.5,1574.5,2.0,1198.136962890625,78609.32920137102,"(1574, 1514, 1576, 1516)",78,21
30,253.0,1579.0,1.0,1197.28173828125,39304.66460068551,"(1579, 253, 1580, 254)",40,14
30,1061.0,1736.0,1.0,1252.688720703125,39304.66460068551,"(1736, 1061, 1737, 1062)",157,16
30,744.9,1743.5,10.0,1299.1031494140625,393046.64600685507,"(1742, 741, 1745, 750)",16,16
30,535.0,1802.0,1.0,1197.463134765625,39304.66460068551,"(1802, 535, 1803, 536)",125,8
30,1589.0,1934.0,1.0,1294.17919921875,39304.66460068551,"(1934, 1589, 1935, 1590)",168,5
30,197.5,2023.5,2.0,1697.2666015625,78609.32920137102,"(2023, 197, 2025, 199)",22,30
30,1597.0,2042.0,1.0,1190.1290283203125,39304.66460068551,"(2042, 1597, 2043, 1598)",45,13
31,971.3333333333334,47.666666666666664,3.0,1291.0079345703125,117913.99380205653,"(47, 971, 49, 973)",46,16
31,634.2727272727273,96.81818181818181,11.0,1345.1708984375,432351.3106075406,"(95, 631, 100, 638)",35,13
31,10.75,313.5,4.0,1339.6136474609375,157218.65840274203,"(312, 10, 316, 12)",3,22
31,7.5,343.0,2.0,1251.158203125,78609.32920137102,"(343, 7, 344, 9)",4,13
31,516.0,345.0,1.0,1183.9560546875,39304.66460068551,"(345, 516, 346, 517)",89,9
31,552.0,362.0,1.0,1327.8756103515625,39304.66460068551,"(362, 552, 363, 553)",64,9
31,249.0,444.0,1.0,1229.14599609375,39304.66460068551,"(444, 249, 445, 250)",111,15
31,1979.0,453.0,1.0,1177.2330322265625,39304.66460068551,"(453, 1979, 454, 1980)",132,15
31,2021.3333333333333,796.3333333333334,3.0,1285.2337646484375,117913.99380205653,"(796, 2021, 798, 2023)",8,31
31,1218.0,844.5,2.0,1321.8575439453125,78609.32920137102,"(844, 1218, 846, 1219)",112,25
31,538.0,1012.0,1.0,1193.3897705078125,39304.66460068551,"(1012, 538, 1013, 539)",9,21
31,51.5,1058.5,4.0,1270.107177734375,157218.65840274203,"(1058, 51, 1060, 53)",117,19
31,993.0,1083.0,1.0,1214.96826171875,39304.66460068551,"(1083, 993, 1084, 994)",77,34
31,559.0,1151.0,1.0,1180.29638671875,39304.66460068551,"(1151, 559, 1152, 560)",161,6
31,661.0,1178.5,2.0,1303.315185546875,78609.32920137102,"(1178, 661, 1180, 662)",113,15
31,455.0,1197.4,5.0,1319.255126953125,196523.32300342753,"(1196, 454, 1199, 457)",29,27
31,1578.0,1273.3333333333333,18.0,1308.0321044921875,707483.9628123392,"(1271, 1573, 1277, 1583)",11,20
31,534.0,1427.0,1.0,1255.8209228515625,39304.66460068551,"(1427, 534, 1428, 535)",14,35
31,63.0,1499.0,1.0,1201.3868408203125,39304.66460068551,"(1499, 63, 1500, 64)",33,11
31,1060.0,1737.0,1.0,1203.013427734375,39304.66460068551,"(1737, 1060, 1738, 1061)",157,16
31,743.6666666666666,1743.6666666666667,9.0,1306.188720703125,353741.9814061696,"(1743, 740, 1745, 748)",16,16
31,453.0,1759.0,1.0,1217.78759765625,39304.66460068551,"(1759, 453, 1760, 454)",158,19
31,1589.0,1934.0,1.0,1205.236328125,39304.66460068551,"(1934, 1589, 1935, 1590)",168,5
31,198.0,2023.3333333333333,3.0,1776.33349609375,117913.99380205653,"(2023, 197, 2025, 200)",22,30
31,1214.6666666666667,2025.3333333333333,3.0,1333.6768798828125,117913.99380205653,"(2025, 1214, 2027, 1216)",72,19
31,1600.0,2043.6666666666667,3.0,1204.50439453125,117913.99380205653,"(2043, 1599, 2045, 1602)",45,13
32,970.5,48.0,2.0,1290.69140625,78609.32920137102,"(48, 970, 49, 972)",46,16
32,633.6666666666666,97.13333333333334,15.0,1346.525634765625,589569.9690102827,"(95, 630, 100, 639)",35,13
32,237.0,175.0,1.0,1206.2513427734375,39304.66460068551,"(175, 237, 176, 238)",92,10
32,281.0,236.0,1.0,1183.5462646484375,39304.66460068551,"(236, 281, 237, 282)",101,20
32,9.333333333333334,313.6666666666667,3.0,1318.458740234375,117913.99380205653,"(313, 9, 315, 11)",3,22
32,1891.6666666666667,397.5,6.0,1317.320556640625,235827.98760411306,"(396, 1891, 400, 1893)",137,17
32,1979.0,451.0,1.0,1180.6407470703125,39304.66460068551,"(451, 1979, 452, 1980)",132,15
32,984.0,657.8333333333334,6.0,1217.9632568359375,235827.98760411306,"(657, 983, 660, 986)",50,26
32,2020.1666666666667,797.1666666666666,6.0,1323.0716552734375,235827.98760411306,"(796, 2019, 800, 2022)",8,31
32,1217.5,845.0,2.0,1322.862060546875,78609.32920137102,"(845, 1217, 846, 1219)",112,25
32,50.5,1059.0,2.0,1220.5093994140625,78609.32920137102,"(1059, 50, 1060, 52)",117,19
32,992.0,1083.5,2.0,1208.5577392578125,78609.32920137102,"(1083, 992, 1085, 993)",77,34
32,965.0,1090.0,1.0,1305.0394287109375,39304.66460068551,"(1090, 965, 1091, 966)",77,34
32,192.0,1105.0,1.0,1178.154541015625,39304.66460068551,"(1105, 192, 1106, 193)",177,6
32,660.0,1178.5,2.0,1301.474853515625,78609.32920137102,"(1178, 660, 1180, 661)",113,15
32,533.0,1427.0,1.0,1277.84130859375,39304.66460068551,"(1427, 533, 1428, 534)",14,35
32,1507.0,1575.0,1.0,1188.638427734375,39304.66460068551,"(1575, 1507, 1576, 1508)",78,21
32,1060.5,1735.5,2.0,1287.5462646484375,78609.32920137102,"(1735, 1060, 1737, 1062)",157,16
32,452.0,1759.0,1.0,1183.3365478515625,39304.66460068551,"(1759, 452, 1760, 453)",158,19
32,1343.0714285714287,1934.142857142857,14.0,1303.8712158203125,550265.3044095971,"(1933, 1340, 1936, 1348)",17,23
32,674.4705882352941,1945.4705882352941,34.0,1325.5877685546875,1336358.5964233072,"(1940, 672, 1953, 678)",44,5
32,197.5,2023.5,2.0,1963.6666259765625,78609.32920137102,"(2023, 197, 2025, 199)",22,30
32,1214.0,2025.6666666666667,3.0,1334.124755859375,117913.99380205653,"(2025, 1213, 2027, 1216)",72,19
33,970.0,47.5,2.0,1306.409423828125,78609.32920137102,"(47, 970, 49, 971)",46,16
33,634.3076923076923,96.23076923076923,13.0,1342.343505859375,510960.6398089116,"(95, 631, 99, 639)",35,13
33,279.5,232.5,2.0,1183.596923828125,78609.32920137102,"(232, 279, 234, 281)",101,20
33,9.0,314.0,1.0,1234.1365966796875,39304.66460068551,"(314, 9, 315, 10)",3,22
33,1891.3333333333333,397.0,6.0,1308.5963134765625,235827.98760411306,"(396, 1890, 399, 1893)",137,17
33,1979.0,452.0,1.0,1191.6962890625,39304.66460068551,"(452, 1979, 453, 1980)",132,15
33,983.3333333333334,657.3333333333334,3.0,1246.74462890625,117913.99380205653,"(657, 983, 659, 985)",50,26
33,959.25,687.125,8.0,1238.105224609375,314437.31680548406,"(685, 958, 690, 962)",128,12
33,1657.0,782.0,1.0,1179.4122314453125,39304.66460068551,"(782, 1657, 783, 1658)",7,12
33,1217.5,844.5,4.0,1320.529296875,157218.65840274203,"(844, 1217, 846, 1219)",112,25
33,51.0,1058.0,1.0,1229.8709716796875,39304.66460068551,"(1058, 51, 1059, 52)",117,19
33,677.0,1060.8333333333333,6.0,1313.428955078125,235827.98760411306,"(1059, 676, 1064, 679)",69,29
33,965.3333333333334,1089.6666666666667,3.0,1312.240966796875,117913.99380205653,"(1089, 965, 1091, 967)",77,34
33,659.5,1178.5,4.0,1303.0347900390625,157218.65840274203,"(1178, 659, 1180, 661)",113,15
33,452.0,1192.0,1.0,1186.5126953125,39304.66460068551,"(1192, 452, 1193, 453)",29,27
33,1765.0,1349.5,2.0,1209.8927001953125,78609.32920137102,"(1349, 1765, 1351, 1766)",53,15
33,533.0,1427.0,1.0,1186.944580078125,39304.66460068551,"(1427, 533, 1428, 534)",14,35
33,1060.0,1736.0,1.0,1188.321533203125,39304.66460068551,"(1736, 1060, 1737, 1061)",157,16
33,1343.923076923077,1933.6923076923076,13.0,1303.8717041015625,510960.6398089116,"(1932, 1341, 1936, 1348)",17,23
33,197.5,2023.25,4.0,1769.9332275390625,157218.65840274203,"(2023, 196, 2025, 200)",22,30
33,1214.0,2025.5,4.0,1334.703125,157218.65840274203,"(2025, 1213, 2027, 1216)",72,19
34,971.0,45.5,2.0,1298.3790283203125,78609.32920137102,"(45, 971, 47, 972)",46,16
34,635.375,93.875,8.0,1347.9249267578125,314437.31680548406,"(93, 633, 96, 639)",35,13
34,238.0,172.0,1.0,1202.848388671875,39304.66460068551,"(172, 238, 173, 239)",92,10
34,489.0,276.0,1.0,1196.26806640625,39304.66460068551,"(276, 489, 277, 490)",93,11
34,8.5,346.0,2.0,1233.4791259765625,78609.32920137102,"(346, 8, 347, 10)",4,13
34,466.0,377.0,1.0,1196.1390380859375,39304.66460068551,"(377, 466, 378, 467)",181,11
34,249.5,442.0,2.0,1220.266845703125,78609.32920137102,"(442, 249, 443, 251)",111,15
34,26.0,481.0,1.0,1182.513916015625,39304.66460068551,"(481, 26, 482, 27)",66,10
34,983.8571428571429,655.8571428571429,7.0,1267.051513671875,275132.65220479853,"(655, 982, 658, 987)",50,26
34,1218.5,841.5,4.0,1324.7777099609375,157218.65840274203,"(841, 1218, 843, 1220)",112,25
34,677.0,1061.7272727272727,11.0,1313.7589111328125,432351.3106075406,"(1058, 676, 1066, 679)",69,29
34,966.3333333333334,1087.6666666666667,3.0,1309.70751953125,117913.99380205653,"(1087, 966, 1089, 968)",77,34
34,660.6666666666666,1175.6666666666667,3.0,1295.66943359375,117913.99380205653,"(1175, 660, 1177, 662)",113,15
34,1575.55,1269.7,20.0,1309.9913330078125,786093.2920137101,"(1266, 1570, 1274, 1582)",11,20
34,1766.0,1347.5,2.0,1304.72705078125,78609.32920137102,"(1347, 1766, 1349, 1767)",53,15
34,719.0,1478.25,4.0,1310.6622314453125,157218.65840274203,"(1478, 718, 1480, 721)",31,32
34,1151.0,1518.0,1.0,1257.06494140625,39304.66460068551,"(1518, 1151, 1519, 1152)",34,29
34,1522.0,1575.0,1.0,1234.3564453125,39304.66460068551,"(1575, 1522, 1576, 1523)",78,21
34,5.0,1638.0,1.0,1247.929931640625,39304.66460068551,"(1638, 5, 1639, 6)",156,8
34,1061.5,1732.5,2.0,1213.505859375,78609.32920137102,"(1732, 1061, 1734, 1063)",157,16
34,453.0,1756.0,1.0,1246.8719482421875,39304.66460068551,"(1756, 453, 1757, 454)",158,19
34,1345.1666666666667,1931.5833333333333,12.0,1293.6824951171875,471655.9752082261,"(1930, 1342, 1934, 1349)",17,23
34,673.5,2003.0,2.0,1267.1290283203125,78609.32920137102,"(2003, 673, 2004, 675)",19,22
34,700.6666666666666,2009.0,3.0,1273.5286865234375,117913.99380205653,"(2008, 700, 2011, 702)",19,22
34,197.5,2023.5,2.0,1690.333251953125,78609.32920137102,"(2023, 197, 2025, 199)",22,30
34,1215.0,2023.0,1.0,1189.0684814453125,39304.66460068551,"(2023, 1215, 2024, 1216)",72,19
35,722.6206896551724,46.827586206896555,29.0,1326.5279541015625,1139835.2734198798,"(42, 720, 53, 726)",0,21
35,972.25,45.0,4.0,1330.6075439453125,157218.65840274203,"(44, 972, 47, 974)",46,16
35,280.0,228.0,1.0,1219.687255859375,39304.66460068551,"(228, 280, 229, 281)",101,20
35,310.0,237.0,1.0,1185.12109375,39304.66460068551,"(237, 310, 238, 311)",101,20
35,1894.0,394.0,3.0,1306.4884033203125,117913.99380205653,"(393, 1894, 396, 1895)",137,17
35,250.0,441.5,2.0,1192.894287109375,78609.32920137102,"(441, 250, 443, 251)",111,15
35,1981.0,447.0,1.0,1188.4564208984375,39304.66460068551,"(447, 1981, 448, 1982)",132,15
35,570.0,466.0,1.0,1180.517822265625,39304.66460068551,"(466, 570, 467, 571)",65,9
35,960.5,683.75,4.0,1243.17236328125,157218.65840274203,"(683, 960, 686, 962)",128,12
35,1659.0,781.0,1.0,1190.5238037109375,39304.66460068551,"(781, 1659, 782, 1660)",7,12
35,2022.4285714285713,794.0,7.0,1326.0318603515625,275132.65220479853,"(793, 2021, 796, 2025)",8,31
35,1219.5,841.5,4.0,1326.39013671875,157218.65840274203,"(841, 1219, 843, 1221)",112,25
35,536.0,1006.0,1.0,1189.2833251953125,39304.66460068551,"(1006, 536, 1007, 537)",9,21
35,967.0,1087.0,1.0,1315.2264404296875,39304.66460068551,"(1087, 967, 1088, 968)",77,34
35,194.0,1101.5,2.0,1286.97265625,78609.32920137102,"(1101, 194, 1103, 195)",177,6
35,661.5,1175.0,2.0,1300.837646484375,78609.32920137102,"(1175, 661, 1176, 663)",113,15
35,1576.2941176470588,1268.8235294117646,17.0,1313.875732421875,668179.2982116536,"(1266, 1572, 1273, 1582)",11,20
35,1767.0,1346.5,2.0,1304.09033203125,78609.32920137102,"(1346, 1767, 1348, 1768)",53,15
35,535.5,1424.5,2.0,1299.9005126953125,78609.32920137102,"(1424, 535, 1426, 537)",14,35
35,720.0,1478.0,3.0,1310.6507568359375,117913.99380205653,"(1478, 719, 1479, 722)",31,32
35,1062.5,1732.5,2.0,1279.66796875,78609.32920137102,"(1732, 1062, 1734, 1064)",157,16
35,454.0,1756.0,1.0,1301.388916015625,39304.66460068551,"(1756, 454, 1757, 455)",158,19
35,1345.9166666666667,1931.3333333333333,12.0,1259.5181884765625,471655.9752082261,"(1930, 1343, 1933, 1350)",17,23
35,197.0,2023.3333333333333,3.0,1805.93310546875,117913.99380205653,"(2023, 196, 2025, 199)",22,30
35,1216.5,2023.0,2.0,1290.0323486328125,78609.32920137102,"(2023, 1216, 2024, 1218)",72,19
36,721.5,49.30769230769231,26.0,1329.50537109375,1021921.2796178232,"(44, 719, 55, 724)",0,21
36,971.5,47.0,4.0,1303.4635009765625,157218.65840274203,"(46, 971, 49, 973)",46,16
36,634.0,96.0,1.0,1188.232421875,39304.66460068551,"(96, 634, 97, 635)",35,13
36,1296.0,259.0,1.0,1205.3760986328125,39304.66460068551,"(259, 1296, 260, 1297)",2,14
36,465.0,377.14285714285717,7.0,1310.639404296875,275132.65220479853,"(376, 464, 380, 467)",181,11
36,1892.857142857143,397.2857142857143,7.0,1313.013916015625,275132.65220479853,"(395, 1892, 401, 1894)",137,17
36,647.0,484.0,1.0,1313.3531494140625,39304.66460068551,"(484, 647, 485, 648)",67,11
36,1016.0,640.0,1.0,1228.28662109375,39304.66460068551,"(640, 1016, 641, 1017)",50,26
36,1658.0,783.0,1.0,1178.10791015625,39304.66460068551,"(783, 1658, 784, 1659)",7,12
36,2021.125,797.0,8.0,1324.4169921875,314437.31680548406,"(795, 2020, 800, 2023)",8,31
36,1219.0,843.5,2.0,1326.1392822265625,78609.32920137102,"(843, 1219, 845, 1220)",112,25
36,966.4,1089.2,5.0,1259.8343505859375,196523.32300342753,"(1088, 966, 1091, 968)",77,34
36,661.0,1177.0,1.0,1206.2371826171875,39304.66460068551,"(1177, 661, 1178, 662)",113,15
36,452.0,1196.0,3.0,1273.8729248046875,117913.99380205653,"(1196, 451, 1197, 454)",29,27
36,1766.5,1348.5,4.0,1300.045166015625,157218.65840274203,"(1348, 1766, 1350, 1768)",53,15
36,1062.0,1734.0,1.0,1194.99072265625,39304.66460068551,"(1734, 1062, 1735, 1063)",157,16
36,453.0,1758.0,1.0,1296.0267333984375,39304.66460068551,"(1758, 453, 1759, 454)",158,19
36,1346.0,1933.5,2.0,1213.204345703125,78609.32920137102,"(1933, 1346, 1935, 1347)",17,23
36,197.5,2023.5,2.0,1711.0,78609.32920137102,"(2023, 197, 2025, 199)",22,30
37,719.7692307692307,51.92307692307692,26.0,1343.48828125,1021921.2796178232,"(47, 718, 58, 723)",0,21
37,969.6666666666666,49.666666666666664,3.0,1299.7127685546875,117913.99380205653,"(49, 969, 51, 971)",46,16
37,634.0,98.0,1.0,1225.0565185546875,39304.66460068551,"(98, 634, 99, 635)",35,13
37,1569.0,191.0,1.0,1193.616455078125,39304.66460068551,"(191, 1569, 192, 1570)",36,16
37,7.0,350.0,1.0,1249.699462890625,39304.66460068551,"(350, 7, 351, 8)",4,13
37,464.4,379.4,5.0,1318.9852294921875,196523.32300342753,"(378, 464, 382, 466)",181,11
37,1891.4545454545455,400.27272727272725,11.0,1323.2369384765625,432351.3106075406,"(398, 1891, 404, 1893)",137,17
37,249.0,447.0,1.0,1219.8818359375,39304.66460068551,"(447, 249, 448, 250)",111,15
37,1979.0,452.0,1.0,1180.74951171875,39304.66460068551,"(452, 1979, 453, 1980)",132,15
37,1015.0,642.5,2.0,1186.427734375,78609.32920137102,"(642, 1015, 644, 1016)",50,26
37,1010.0,687.0,1.0,1216.133544921875,39304.66460068551,"(687, 1010, 688, 1011)",50,26
37,2019.2307692307693,800.2307692307693,13.0,1325.1949462890625,510960.6398089116,"(798, 2016, 805, 2023)",8,31
37,1217.3333333333333,846.3333333333334,3.0,1320.3837890625,117913.99380205653,"(846, 1217, 848, 1219)",112,25
37,90.0,1006.0,1.0,1189.560546875,39304.66460068551,"(1006, 90, 1007, 91)",26,16
37,681.6666666666666,1058.4444444444443,9.0,1317.2509765625,353741.9814061696,"(1057, 680, 1061, 684)",69,29
37,965.6666666666666,1090.111111111111,9.0,1307.96435546875,353741.9814061696,"(1089, 964, 1093, 969)",77,34
37,191.0,1109.0,1.0,1187.994140625,39304.66460068551,"(1109, 191, 1110, 192)",177,6
37,1946.0,1146.0,1.0,1200.7772216796875,39304.66460068551,"(1146, 1946, 1147, 1947)",191,5
37,555.0,1154.0,1.0,1205.5323486328125,39304.66460068551,"(1154, 555, 1155, 556)",161,6
37,451.6666666666667,1198.6666666666667,3.0,1318.4537353515625,117913.99380205653,"(1198, 451, 1200, 453)",29,27
37,469.15384615384613,1225.923076923077,13.0,1329.838134765625,510960.6398089116,"(1224, 467, 1229, 472)",29,27
37,1764.75,1351.25,4.0,1312.27197265625,157218.65840274203,"(1350, 1764, 1353, 1766)",53,15
37,712.0,1488.5,4.0,1311.125244140625,157218.65840274203,"(1488, 711, 1490, 714)",31,32
37,1154.5,1522.5,2.0,1313.92236328125,78609.32920137102,"(1522, 1154, 1524, 1156)",34,29
37,1060.5,1736.5,2.0,1309.1112060546875,78609.32920137102,"(1736, 1060, 1738, 1062)",157,16
37,740.4545454545455,1745.3636363636363,11.0,1305.642822265625,432351.3106075406,"(1744, 737, 1747, 745)",16,16
37,451.6666666666667,1760.6666666666667,3.0,1312.076171875,117913.99380205653,"(1760, 451, 1762, 453)",158,19
37,668.8,1981.0,5.0,1225.308349609375,196523.32300342753,"(1980, 668, 1983, 671)",19,22
37,197.5,2023.5,2.0,1832.5999755859375,78609.32920137102,"(2023, 197, 2025, 199)",22,30
37,1206.0,2024.0,1.0,1231.294189453125,39304.66460068551,"(2024, 1206, 2025, 1207)",72,19
38,719.0833333333334,50.75,24.0,1342.4793701171875,943311.9504164523,"(46, 717, 56, 722)",0,21
38,969.5,48.5,4.0,1308.200927734375,157218.65840274203,"(48, 969, 50, 971)",46,16
38,1291.0,271.0,1.0,1199.2265625,39304.66460068551,"(271, 1291, 272, 1292)",2,14
38,1890.2105263157894,400.94736842105266,19.0,1324.2567138671875,746788.6274130247,"(396, 1889, 407, 1892)",137,17
38,1121.0,733.5,2.0,1243.5606689453125,78609.32920137102,"(733, 1121, 735, 1122)",195,8
38,1656.0,786.0,1.0,1188.6429443359375,39304.66460068551,"(786, 1656, 787, 1657)",7,12
38,2019.0,799.3125,16.0,1336.451416015625,628874.6336109681,"(797, 2016, 804, 2023)",8,31
38,1217.0,846.0,1.0,1227.5325927734375,39304.66460068551,"(846, 1217, 847, 1218)",112,25
38,680.2272727272727,1058.9545454545455,22.0,1319.784423828125,864702.6212150812,"(1056, 677, 1063, 684)",69,29
38,964.5555555555555,1088.7777777777778,9.0,1306.9786376953125,353741.9814061696,"(1088, 963, 1091, 968)",77,34
38,1948.0,1139.0,1.0,1219.42138671875,39304.66460068551,"(1139, 1948, 1140, 1949)",191,5
38,556.0,1152.0,1.0,1183.8372802734375,39304.66460068551,"(1152, 556, 1153, 557)",161,6
38,1764.3333333333333,1350.5,6.0,1311.923095703125,235827.98760411306,"(1349, 1764, 1353, 1766)",53,15
38,711.0909090909091,1488.090909090909,11.0,1319.8955078125,432351.3106075406,"(1486, 709, 1492, 714)",31,32
38,1154.0,1522.0,1.0,1312.756591796875,39304.66460068551,"(1522, 1154, 1523, 1155)",34,29
38,1519.2,1579.0,5.0,1262.477783203125,196523.32300342753,"(1578, 1518, 1581, 1522)",78,21
38,1060.5,1735.5,2.0,1279.53369140625,78609.32920137102,"(1735, 1060, 1737, 1062)",157,16
38,739.0,1744.2727272727273,11.0,1300.6451416015625,432351.3106075406,"(1743, 737, 1746, 743)",16,16
38,450.5,1760.0,2.0,1265.6722412109375,78609.32920137102,"(1760, 450, 1761, 452)",158,19
38,1341.875,1935.375,8.0,1250.44970703125,314437.31680548406,"(1935, 1339, 1937, 1346)",17,23
38,197.5,2023.5,2.0,1819.9332275390625,78609.32920137102,"(2023, 197, 2025, 199)",22,30
38,1566.0,2036.3333333333333,3.0,1262.6444091796875,117913.99380205653,"(2036, 1565, 2038, 1568)",45,13
39,719.65,47.65,20.0,1337.1732177734375,786093.2920137101,"(44, 718, 53, 722)",0,21
39,969.8333333333334,46.0,6.0,1313.67724609375,235827.98760411306,"(45, 969, 48, 972)",46,16
39,659.0,109.0,1.0,1197.825439453125,39304.66460068551,"(109, 659, 110, 660)",88,9
39,277.0,225.0,1.0,1191.787353515625,39304.66460068551,"(225, 277, 226, 278)",101,20
39,486.25,279.625,8.0,1272.7235107421875,314437.31680548406,"(277, 485, 284, 489)",93,11
39,1544.3333333333333,287.6666666666667,3.0,1306.66796875,117913.99380205653,"(287, 1544, 289, 1546)",37,24
39,1890.6666666666667,398.85714285714283,21.0,1325.464599609375,825397.9566143957,"(394, 1890, 405, 1893)",137,17
39,248.0,442.5,2.0,1254.0843505859375,78609.32920137102,"(442, 248, 444, 249)",111,15
39,1397.0,624.0869565217391,23.0,1318.2452392578125,904007.2858157667,"(622, 1394, 628, 1401)",38,9
39,994.0,648.0,1.0,1177.9786376953125,39304.66460068551,"(648, 994, 649, 995)",50,26
39,1122.0,731.0,1.0,1193.07373046875,39304.66460068551,"(731, 1122, 732, 1123)",195,8
39,2019.0555555555557,797.0,18.0,1325.7796630859375,707483.9628123392,"(794, 2015, 802, 2023)",8,31
39,90.0,1001.0,1.0,1197.930419921875,39304.66460068551,"(1001, 90, 1002, 91)",26,16
39,679.4634146341464,1057.0975609756097,41.0,1318.114013671875,1611491.2486281057,"(1052, 675, 1064, 685)",69,29
39,964.8461538461538,1086.3076923076924,13.0,1321.133056640625,510960.6398089116,"(1085, 963, 1089, 968)",77,34
39,476.0,1122.0,1.0,1230.14208984375,39304.66460068551,"(1122, 476, 1123, 477)",196,6
39,536.0,1145.0,1.0,1178.057373046875,39304.66460068551,"(1145, 536, 1146, 537)",161,6
39,450.75,1194.0,4.0,1284.930908203125,157218.65840274203,"(1193, 450, 1196, 453)",29,27
39,469.2857142857143,1222.5714285714287,7.0,1257.785888671875,275132.65220479853,"(1221, 468, 1225, 471)",29,27
39,1765.1666666666667,1347.3333333333333,6.0,1305.0927734375,235827.98760411306,"(1346, 1764, 1349, 1767)",53,15
39,1861.5,1393.5,6.0,1299.39599609375,235827.98760411306,"(1393, 1860, 1395, 1864)",13,8
39,711.8666666666667,1485.2,15.0,1322.62939453125,589569.9690102827,"(1482, 710, 1490, 715)",31,32
39,1154.0,1520.0,1.0,1178.4249267578125,39304.66460068551,"(1520, 1154, 1521, 1155)",34,29
39,450.6666666666667,1757.6666666666667,3.0,1305.696533203125,117913.99380205653,"(1757, 450, 1759, 452)",158,19
39,197.5,2023.5,2.0,1719.9332275390625,78609.32920137102,"(2023, 197, 2025, 199)",22,30
40,970.5,43.5,4.0,1309.64599609375,157218.65840274203,"(43, 970, 45, 972)",46,16
40,959.5,69.0,2.0,1204.157958984375,78609.32920137102,"(69, 959, 70, 961)",46,16
40,658.75,111.5,4.0,1233.947021484375,157218.65840274203,"(110, 658, 114, 660)",88,9
40,486.75,277.9166666666667,12.0,1325.8433837890625,471655.9752082261,"(274, 484, 283, 490)",93,11
40,1544.5,285.0,2.0,1279.652587890625,78609.32920137102,"(285, 1544, 286, 1546)",37,24
40,9.0,342.0,1.0,1230.855712890625,39304.66460068551,"(342, 9, 343, 10)",4,13
40,1891.2173913043478,397.4782608695652,23.0,1324.23388671875,904007.2858157667,"(392, 1890, 404, 1893)",137,17
40,959.0,681.5,2.0,1218.5926513671875,78609.32920137102,"(681, 959, 683, 960)",128,12
40,1122.5,728.5,2.0,1324.08056640625,78609.32920137102,"(728, 1122, 730, 1124)",195,8
40,1218.3333333333333,840.3333333333334,3.0,1309.697021484375,117913.99380205653,"(840, 1218, 842, 1220)",112,25
40,90.0,1000.0,1.0,1180.142822265625,39304.66460068551,"(1000, 90, 1001, 91)",26,16
40,534.0,1006.0,1.0,1188.5225830078125,39304.66460068551,"(1006, 534, 1007, 535)",9,21
40,679.6458333333334,1055.625,48.0,1322.930908203125,1886623.9008329045,"(1050, 674, 1062, 686)",69,29
40,965.3333333333334,1083.9166666666667,12.0,1321.806884765625,471655.9752082261,"(1082, 963, 1087, 969)",77,34
40,192.0,1102.5,2.0,1278.6561279296875,78609.32920137102,"(1102, 192, 1104, 193)",177,6
40,477.0,1120.0,1.0,1315.317626953125,39304.66460068551,"(1120, 477, 1121, 478)",196,6
40,1947.0,1140.0,1.0,1183.51513671875,39304.66460068551,"(1140, 1947, 1141, 1948)",191,5
40,451.8,1192.4,5.0,1313.6314697265625,196523.32300342753,"(1191, 451, 1195, 454)",29,27
40,1575.5,1268.5,10.0,1284.2767333984375,393046.64600685507,"(1267, 1573, 1271, 1579)",11,20
40,1765.8333333333333,1345.3333333333333,6.0,1305.68603515625,235827.98760411306,"(1344, 1765, 1347, 1768)",53,15
40,1858.0,1392.0,1.0,1248.9437255859375,39304.66460068551,"(1392, 1858, 1393, 1859)",13,8
40,712.1764705882352,1483.235294117647,17.0,1323.799560546875,668179.2982116536,"(1480, 710, 1488, 716)",31,32
40,1272.0,1480.0,1.0,1201.935302734375,39304.66460068551,"(1480, 1272, 1481, 1273)",32,13
40,1061.0,1731.0,1.0,1234.9945068359375,39304.66460068551,"(1731, 1061, 1732, 1062)",157,16
40,451.5,1755.5,4.0,1308.85400390625,157218.65840274203,"(1755, 451, 1757, 453)",158,19
40,855.8,1856.6,5.0,1260.491455078125,196523.32300342753,"(1856, 855, 1858, 858)",91,11
40,668.6666666666666,1976.0,3.0,1291.379150390625,117913.99380205653,"(1975, 668, 1978, 670)",19,22
40,673.1666666666666,2001.8333333333333,6.0,1298.5836181640625,235827.98760411306,"(2001, 672, 2004, 675)",19,22
40,197.0,2023.3333333333333,3.0,1674.5999755859375,117913.99380205653,"(2023, 196, 2025, 199)",22,30
40,1600.0,2040.0,1.0,1188.0115966796875,39304.66460068551,"(2040, 1600, 2041, 1601)",45,13
41,721.6315789473684,44.94736842105263,19.0,1330.646240234375,746788.6274130247,"(41, 720, 50, 724)",0,21
41,971.5,43.5,4.0,1332.958740234375,157218.65840274203,"(43, 971, 45, 973)",46,16
41,960.5,69.0,2.0,1210.784423828125,78609.32920137102,"(69, 960, 70, 962)",46,16
41,671.0,71.0,1.0,1195.0643310546875,39304.66460068551,"(71, 671, 72, 672)",47,9
41,659.7142857142857,112.0,7.0,1331.32177734375,275132.65220479853,"(111, 659, 114, 662)",88,9
41,1526.3214285714287,180.28571428571428,28.0,1267.5323486328125,1100530.6088191941,"(176, 1523, 185, 1531)",1,8
41,1559.0,180.0,1.0,1203.041259765625,39304.66460068551,"(180, 1559, 181, 1560)",36,16
41,300.0,231.0,1.0,1181.448974609375,39304.66460068551,"(231, 300, 232, 301)",101,20
41,1292.0,262.5,2.0,1221.3077392578125,78609.32920137102,"(262, 1292, 264, 1293)",2,14
41,488.06666666666666,277.1333333333333,15.0,1328.87939453125,589569.9690102827,"(273, 486, 282, 491)",93,11
41,10.0,342.0,3.0,1200.8846435546875,117913.99380205653,"(341, 10, 344, 11)",4,13
41,1892.388888888889,397.6666666666667,18.0,1327.7100830078125,707483.9628123392,"(391, 1891, 404, 1894)",137,17
41,1990.0,409.0,1.0,1198.3642578125,39304.66460068551,"(409, 1990, 410, 1991)",25,7
41,1016.0,637.0,1.0,1191.1148681640625,39304.66460068551,"(637, 1016, 638, 1017)",50,26
41,996.0,659.0,1.0,1221.9312744140625,39304.66460068551,"(659, 996, 660, 997)",50,26
41,1123.6666666666667,728.3333333333334,3.0,1326.021240234375,117913.99380205653,"(728, 1123, 730, 1125)",195,8
41,2020.0,795.2105263157895,19.0,1327.060546875,746788.6274130247,"(792, 2016, 800, 2024)",8,31
41,1219.3333333333333,840.3333333333334,3.0,1321.00634765625,117913.99380205653,"(840, 1219, 842, 1221)",112,25
41,532.0,1007.0,1.0,1196.9871826171875,39304.66460068551,"(1007, 532, 1008, 533)",9,21
41,679.6727272727272,1056.4727272727273,55.0,1317.2647705078125,2161756.553037703,"(1050, 674, 1063, 687)",69,29
41,966.25,1083.5,12.0,1316.9010009765625,471655.9752082261,"(1082, 964, 1087, 970)",77,34
41,478.0,1120.0,1.0,1308.8980712890625,39304.66460068551,"(1120, 478, 1121, 479)",196,6
41,1950.0,1134.0,1.0,1184.0733642578125,39304.66460068551,"(1134, 1950, 1135, 1951)",191,5
41,1766.7142857142858,1345.0,7.0,1306.013916015625,275132.65220479853,"(1344, 1766, 1347, 1769)",53,15
41,1272.6666666666667,1480.3333333333333,3.0,1242.0684814453125,117913.99380205653,"(1480, 1272, 1482, 1274)",32,13
41,713.4166666666666,1482.8333333333333,12.0,1323.136962890625,471655.9752082261,"(1481, 712, 1487, 717)",31,32
41,1336.0,1496.0,1.0,1181.1632080078125,39304.66460068551,"(1496, 1336, 1497, 1337)",55,5
41,452.0,1755.5,4.0,1308.196533203125,157218.65840274203,"(1755, 451, 1757, 454)",158,19
41,858.0,1856.5,2.0,1195.012451171875,78609.32920137102,"(1856, 858, 1858, 859)",91,11
41,337.0,1966.0,1.0,1183.5277099609375,39304.66460068551,"(1966, 337, 1967, 338)",80,6
41,197.5,2023.5,2.0,1702.5999755859375,78609.32920137102,"(2023, 197, 2025, 199)",22,30
41,1566.0,2030.0,1.0,1181.085205078125,39304.66460068551,"(2030, 1566, 2031, 1567)",45,13
42,723.0,45.0,17.0,1317.768798828125,668179.2982116536,"(41, 722, 50, 725)",0,21
42,973.0,43.5,2.0,1307.8408203125,78609.32920137102,"(43, 973, 45, 974)",46,16
42,962.0,69.0,1.0,1249.1998291015625,39304.66460068551,"(69, 962, 70, 963)",46,16
42,489.63157894736844,277.2631578947368,19.0,1327.9879150390625,746788.6274130247,"(272, 487, 284, 493)",93,11
42,174.0,357.0,1.0,1202.7900390625,39304.66460068551,"(357, 174, 358, 175)",118,5
42,94.0,375.0,1.0,1193.682861328125,39304.66460068551,"(375, 94, 376, 95)",49,5
42,467.0,376.0,1.0,1189.129150390625,39304.66460068551,"(376, 467, 377, 468)",181,11
42,1894.0,397.0,15.0,1311.9443359375,589569.9690102827,"(392, 1893, 404, 1896)",137,17
42,254.0,434.0,1.0,1208.852783203125,39304.66460068551,"(434, 254, 435, 255)",111,15
42,995.0,651.0,1.0,1190.903076171875,39304.66460068551,"(651, 995, 652, 996)",50,26
42,961.0,683.0,1.0,1227.676025390625,39304.66460068551,"(683, 961, 684, 962)",128,12
42,1125.0,728.5,4.0,1331.58837890625,157218.65840274203,"(728, 1124, 730, 1127)",195,8
42,59.0,766.0,1.0,1181.1339111328125,39304.66460068551,"(766, 59, 767, 60)",76,7
42,2021.695652173913,795.3913043478261,23.0,1328.3585205078125,904007.2858157667,"(792, 2017, 800, 2026)",8,31
42,1220.6666666666667,840.6666666666666,3.0,1325.896484375,117913.99380205653,"(840, 1220, 842, 1222)",112,25
42,534.0,1010.0,1.0,1189.18212890625,39304.66460068551,"(1010, 534, 1011, 535)",9,21
42,681.0166666666667,1057.0333333333333,60.0,1319.78076171875,2358279.8760411306,"(1050, 674, 1064, 689)",69,29
42,479.6666666666667,1120.3333333333333,3.0,1310.38232421875,117913.99380205653,"(1120, 479, 1122, 481)",196,6
42,470.0,1218.0,1.0,1238.79541015625,39304.66460068551,"(1218, 470, 1219, 471)",29,27
42,1578.8333333333333,1269.3333333333333,6.0,1251.4765625,235827.98760411306,"(1268, 1577, 1272, 1581)",11,20
42,1768.2857142857142,1345.142857142857,7.0,1305.722900390625,275132.65220479853,"(1344, 1767, 1347, 1770)",53,15
42,1865.857142857143,1390.7619047619048,21.0,1331.9591064453125,825397.9566143957,"(1389, 1860, 1394, 1872)",13,8
42,1274.0,1481.5,2.0,1238.398193359375,78609.32920137102,"(1481, 1274, 1483, 1275)",32,13
42,1367.0,1508.0,1.0,1217.58935546875,39304.66460068551,"(1508, 1367, 1509, 1368)",56,11
42,250.14285714285714,1573.4285714285713,7.0,1339.451416015625,275132.65220479853,"(1573, 248, 1575, 253)",40,14
42,1522.4,1574.6,5.0,1259.28662109375,196523.32300342753,"(1574, 1521, 1576, 1525)",78,21
42,453.5,1755.5,4.0,1304.4521484375,157218.65840274203,"(1755, 453, 1757, 455)",158,19
42,673.0,1973.0,1.0,1206.52294921875,39304.66460068551,"(1973, 673, 1974, 674)",19,22
42,197.5,2023.5,2.0,1735.9332275390625,78609.32920137102,"(2023, 197, 2025, 199)",22,30
43,963.0,69.0,1.0,1258.0682373046875,39304.66460068551,"(69, 963, 70, 964)",46,16
43,679.0,73.0,1.0,1182.581787109375,39304.66460068551,"(73, 679, 74, 680)",47,9
43,664.0,101.0,1.0,1184.1107177734375,39304.66460068551,"(101, 664, 102, 665)",88,9
43,491.1578947368421,276.89473684210526,19.0,1338.4005126953125,746788.6274130247,"(272, 489, 283, 494)",93,11
43,177.0,356.0,1.0,1197.5599365234375,39304.66460068551,"(356, 177, 357, 178)",118,5
43,468.5,376.0,2.0,1304.635009765625,78609.32920137102,"(376, 468, 377, 470)",181,11
43,1895.4375,395.375,16.0,1319.224365234375,628874.6336109681,"(391, 1895, 402, 1897)",137,17
43,255.5,433.5,4.0,1242.90869140625,157218.65840274203,"(433, 255, 435, 257)",111,15
43,588.0,460.0,1.0,1178.176513671875,39304.66460068551,"(460, 588, 461, 589)",65,9
43,29.5,479.0,2.0,1188.56787109375,78609.32920137102,"(479, 29, 480, 31)",66,10
43,1024.0,643.0,1.0,1185.458251953125,39304.66460068551,"(643, 1024, 644, 1025)",50,26
43,1126.3333333333333,728.6666666666666,3.0,1328.2423095703125,117913.99380205653,"(728, 1126, 730, 1128)",195,8
43,2023.0454545454545,795.3181818181819,22.0,1336.09423828125,864702.6212150812,"(792, 2018, 800, 2028)",8,31
43,1222.3333333333333,840.3333333333334,3.0,1321.738037109375,117913.99380205653,"(840, 1222, 842, 1224)",112,25
43,682.2461538461539,1057.1076923076923,65.0,1319.198486328125,2554803.199044558,"(1050, 675, 1065, 690)",69,29
43,968.5384615384615,1083.4615384615386,13.0,1316.7625732421875,510960.6398089116,"(1082, 966, 1087, 972)",77,34
43,481.0,1119.5,2.0,1309.58447265625,78609.32920137102,"(1119, 481, 1121, 482)",196,6
43,471.5,1218.0,2.0,1289.44970703125,78609.32920137102,"(1218, 471, 1219, 473)",29,27
43,1580.3333333333333,1269.3333333333333,6.0,1276.38916015625,235827.98760411306,"(1268, 1579, 1272, 1583)",11,20
43,1769.5,1345.0,4.0,1305.697509765625,157218.65840274203,"(1344, 1769, 1347, 1771)",53,15
43,1866.7037037037037,1390.851851851852,27.0,1340.292236328125,1061225.9442185087,"(1389, 1861, 1394, 1873)",13,8
43,228.0,1432.5,2.0,1242.649658203125,78609.32920137102,"(1432, 228, 1434, 229)",155,11
43,1367.6666666666667,1506.6666666666667,3.0,1190.74462890625,117913.99380205653,"(1506, 1367, 1508, 1369)",56,11
43,1144.5,1515.5,2.0,1325.98779296875,78609.32920137102,"(1515, 1144, 1517, 1146)",34,29
43,1524.0,1574.0,1.0,1185.3804931640625,39304.66460068551,"(1574, 1524, 1575, 1525)",78,21
43,454.8,1755.8,5.0,1313.2901611328125,196523.32300342753,"(1755, 454, 1758, 457)",158,19
43,77.0,1846.0,1.0,1192.377197265625,39304.66460068551,"(1846, 77, 1847, 78)",58,8
43,860.5,1856.5,2.0,1229.2523193359375,78609.32920137102,"(1856, 860, 1858, 862)",91,11
43,1324.0,1929.0,3.0,1305.5419921875,117913.99380205653,"(1929, 1323, 1930, 1326)",17,23
43,674.0,1977.0,1.0,1191.1851806640625,39304.66460068551,"(1977, 674, 1978, 675)",19,22
43,197.5,2023.5,2.0,1698.5999755859375,78609.32920137102,"(2023, 197, 2025, 199)",22,30
43,1570.5,2031.5,4.0,1246.14794921875,157218.65840274203,"(2031, 1569, 2033, 1573)",45,13
44,975.0,43.0,1.0,1290.835693359375,39304.66460068551,"(43, 975, 44, 976)",46,16
44,964.0,68.0,1.0,1192.6385498046875,39304.66460068551,"(68, 964, 69, 965)",46,16
44,701.0,78.0,1.0,1199.7440185546875,39304.66460068551,"(78, 701, 79, 702)",47,9
44,1530.8666666666666,180.6,30.0,1319.2315673828125,1179139.9380205653,"(176, 1528, 186, 1536)",1,8
44,280.0,229.0,1.0,1188.4327392578125,39304.66460068551,"(229, 280, 230, 281)",101,20
44,491.875,276.0,16.0,1317.8731689453125,628874.6336109681,"(271, 490, 281, 495)",93,11
44,11.0,340.0,1.0,1209.984375,39304.66460068551,"(340, 11, 341, 12)",4,13
44,176.0,356.0,1.0,1196.0606689453125,39304.66460068551,"(356, 176, 357, 177)",118,5
44,137.0,373.5,2.0,1230.4388427734375,78609.32920137102,"(373, 137, 375, 138)",94,5
44,469.0,375.5,2.0,1311.34228515625,78609.32920137102,"(375, 469, 377, 470)",181,11
44,1895.7619047619048,396.0952380952381,21.0,1318.5784912109375,825397.9566143957,"(391, 1895, 403, 1898)",137,17
44,626.0,523.0,1.0,1189.1641845703125,39304.66460068551,"(523, 626, 524, 627)",5,14
44,1401.5205479452054,624.1369863013699,73.0,1320.0152587890625,2869240.515850042,"(619, 1394, 631, 1407)",38,9
44,1000.1666666666666,659.8333333333334,6.0,1271.3216552734375,235827.98760411306,"(659, 999, 662, 1002)",50,26
44,963.0,683.0,1.0,1253.296630859375,39304.66460068551,"(683, 963, 684, 964)",128,12
44,1127.0,728.25,4.0,1325.8406982421875,157218.65840274203,"(727, 1126, 730, 1129)",195,8
44,2023.607142857143,795.1785714285714,28.0,1334.4091796875,1100530.6088191941,"(792, 2019, 800, 2029)",8,31
44,1223.0,840.5,2.0,1321.0601806640625,78609.32920137102,"(840, 1223, 842, 1224)",112,25
44,528.0,1010.0,1.0,1190.0523681640625,39304.66460068551,"(1010, 528, 1011, 529)",9,21
44,682.7042253521126,1057.112676056338,71.0,1319.9107666015625,2790631.186648671,"(1050, 675, 1066, 691)",69,29
44,481.5,1119.5,2.0,1308.808349609375,78609.32920137102,"(1119, 481, 1121, 483)",196,6
44,471.0,1218.0,1.0,1179.81201171875,39304.66460068551,"(1218, 471, 1219, 472)",29,27
44,1581.142857142857,1268.7142857142858,7.0,1274.1168212890625,275132.65220479853,"(1267, 1579, 1271, 1584)",11,20
44,1770.0,1345.0,7.0,1303.92333984375,275132.65220479853,"(1344, 1769, 1347, 1772)",53,15
44,228.66666666666666,1431.6666666666667,3.0,1239.6602783203125,117913.99380205653,"(1431, 228, 1433, 230)",155,11
44,1145.5,1515.5,2.0,1331.01318359375,78609.32920137102,"(1515, 1145, 1517, 1147)",34,29
44,251.28571428571428,1572.5714285714287,7.0,1304.994384765625,275132.65220479853,"(1572, 250, 1574, 254)",40,14
44,9.0,1636.5,2.0,1195.2247314453125,78609.32920137102,"(1636, 9, 1638, 10)",156,8
44,455.2,1755.6,5.0,1312.9619140625,196523.32300342753,"(1755, 454, 1757, 457)",158,19
44,81.0,1847.0,1.0,1218.970703125,39304.66460068551,"(1847, 81, 1848, 82)",58,8
44,1347.0,1930.0,1.0,1183.26025390625,39304.66460068551,"(1930, 1347, 1931, 1348)",17,23
44,340.6666666666667,1966.3333333333333,3.0,1298.202392578125,117913.99380205653,"(1966, 340, 1968, 342)",80,6
44,197.5,2023.5,2.0,1712.3333740234375,78609.32920137102,"(2023, 197, 2025, 199)",22,30
45,723.0,47.0,1.0,1196.7679443359375,39304.66460068551,"(47, 723, 48, 724)",0,21
45,173.0,357.0,1.0,1183.3580322265625,39304.66460068551,"(357, 173, 358, 174)",118,5
45,468.0,375.5,2.0,1314.341064453125,78609.32920137102,"(375, 468, 377, 469)",181,11
45,1994.0,411.0,1.0,1236.212158203125,39304.66460068551,"(411, 1994, 412, 1995)",25,7
45,630.0,540.0,1.0,1202.71337890625,39304.66460068551,"(540, 630, 541, 631)",5,14
45,962.75,683.5,4.0,1200.6705322265625,157218.65840274203,"(682, 962, 686, 964)",128,12
45,1127.0,729.0,1.0,1199.5704345703125,39304.66460068551,"(729, 1127, 730, 1128)",195,8
45,2023.3103448275863,794.7931034482758,29.0,1329.2701416015625,1139835.2734198798,"(791, 2018, 800, 2029)",8,31
45,680.9857142857143,1058.2571428571428,70.0,1319.4483642578125,2751326.5220479853,"(1051, 674, 1066, 690)",69,29
45,968.5555555555555,1083.0,9.0,1314.1314697265625,353741.9814061696,"(1082, 966, 1085, 972)",77,34
45,664.0,1174.0,1.0,1200.2252197265625,39304.66460068551,"(1174, 664, 1175, 665)",113,15
45,471.0,1218.0,1.0,1192.2630615234375,39304.66460068551,"(1218, 471, 1219, 472)",29,27
45,1769.5,1345.0,4.0,1306.3526611328125,157218.65840274203,"(1344, 1769, 1347, 1771)",53,15
45,228.0,1431.6666666666667,3.0,1269.7109375,117913.99380205653,"(1431, 227, 1433, 230)",155,11
45,1277.0,1480.3333333333333,3.0,1246.8720703125,117913.99380205653,"(1480, 1276, 1482, 1279)",32,13
45,1368.0,1506.5,2.0,1279.139892578125,78609.32920137102,"(1506, 1368, 1508, 1369)",56,11
45,1145.0,1516.0,1.0,1317.536376953125,39304.66460068551,"(1516, 1145, 1517, 1146)",34,29
45,251.0,1573.0,6.0,1314.471923828125,235827.98760411306,"(1572, 249, 1575, 254)",40,14
45,1526.0,1574.0,1.0,1182.965087890625,39304.66460068551,"(1574, 1526, 1575, 1527)",78,21
45,7.0,1636.0,1.0,1192.02734375,39304.66460068551,"(1636, 7, 1637, 8)",156,8
45,454.2857142857143,1756.0,7.0,1312.97900390625,275132.65220479853,"(1755, 453, 1758, 456)",158,19
45,861.5,1856.0,2.0,1191.6082763671875,78609.32920137102,"(1856, 861, 1857, 863)",91,11
45,679.0,1946.0,1.0,1197.34423828125,39304.66460068551,"(1946, 679, 1947, 680)",44,5
45,197.5,2023.5,2.0,1715.9332275390625,78609.32920137102,"(2023, 197, 2025, 199)",22,30
46,1552.0,227.0,1.0,1232.631591796875,39304.66460068551,"(227, 1552, 228, 1553)",36,16
46,302.0,235.0,1.0,1218.71533203125,39304.66460068551,"(235, 302, 236, 303)",101,20
46,13.0,342.0,1.0,1243.0164794921875,39304.66460068551,"(342, 13, 343, 14)",4,13
46,467.0,376.0,1.0,1316.6263427734375,39304.66460068551,"(376, 467, 377, 468)",181,11
46,961.6666666666666,684.0,3.0,1282.620361328125,117913.99380205653,"(683, 961, 686, 963)",128,12
46,63.5,782.0,2.0,1208.67041015625,78609.32920137102,"(782, 63, 783, 65)",76,7
46,2021.9285714285713,795.0357142857143,28.0,1329.33935546875,1100530.6088191941,"(792, 2017, 800, 2027)",8,31
46,679.1355932203389,1058.9661016949153,59.0,1319.79150390625,2318975.211440445,"(1051, 673, 1066, 688)",69,29
46,968.5,1083.8333333333333,12.0,1316.573974609375,471655.9752082261,"(1082, 965, 1087, 974)",77,34
46,1953.0,1139.0,1.0,1215.5501708984375,39304.66460068551,"(1139, 1953, 1140, 1954)",191,5
46,663.0,1174.0,1.0,1204.432861328125,39304.66460068551,"(1174, 663, 1175, 664)",113,15
46,452.57142857142856,1191.4285714285713,7.0,1299.387939453125,275132.65220479853,"(1190, 451, 1194, 455)",29,27
46,1768.3333333333333,1345.0,3.0,1303.364013671875,117913.99380205653,"(1344, 1768, 1347, 1770)",53,15
46,226.75,1432.0,4.0,1292.848388671875,157218.65840274203,"(1431, 226, 1434, 229)",155,11
46,1509.0,1570.0,1.0,1202.654052734375,39304.66460068551,"(1570, 1509, 1571, 1510)",78,21
46,1066.6666666666667,1727.6666666666667,3.0,1324.81396484375,117913.99380205653,"(1727, 1066, 1729, 1068)",157,16
46,453.14285714285717,1756.2857142857142,7.0,1311.525390625,275132.65220479853,"(1755, 452, 1758, 455)",158,19
46,860.0,1856.0,1.0,1191.79833984375,39304.66460068551,"(1856, 860, 1857, 861)",91,11
46,681.0,1937.0,1.0,1179.6083984375,39304.66460068551,"(1937, 681, 1938, 682)",44,5
46,338.0,1966.2,5.0,1305.404296875,196523.32300342753,"(1965, 337, 1968, 340)",80,6
46,197.5,2023.5,2.0,1713.2666015625,78609.32920137102,"(2023, 197, 2025, 199)",22,30
47,487.9166666666667,278.25,12.0,1308.4603271484375,471655.9752082261,"(274, 486, 283, 491)",93,11
47,131.0,370.0,1.0,1288.8878173828125,39304.66460068551,"(370, 131, 371, 132)",94,5
47,466.0,375.5,2.0,1260.84228515625,78609.32920137102,"(375, 466, 377, 467)",181,11
47,1893.05,396.4,20.0,1313.6005859375,786093.2920137101,"(392, 1892, 403, 1895)",137,17
47,1980.0,445.0,1.0,1184.924560546875,39304.66460068551,"(445, 1980, 446, 1981)",132,15
47,588.0,460.0,1.0,1204.8359375,39304.66460068551,"(460, 588, 461, 589)",65,9
47,960.75,683.5,4.0,1252.8211669921875,157218.65840274203,"(682, 960, 686, 962)",128,12
47,2020.9666666666667,794.7333333333333,30.0,1328.6824951171875,1179139.9380205653,"(791, 2016, 799, 2027)",8,31
47,677.8571428571429,1059.3061224489795,49.0,1316.707275390625,1925928.56543359,"(1051, 671, 1066, 687)",69,29
47,968.8571428571429,1084.0,14.0,1315.91650390625,550265.3044095971,"(1082, 965, 1087, 974)",77,34
47,556.5,1146.5,2.0,1207.6884765625,78609.32920137102,"(1146, 556, 1148, 558)",161,6
47,662.3333333333334,1173.3333333333333,3.0,1297.869140625,117913.99380205653,"(1173, 662, 1175, 664)",113,15
47,452.5,1191.0,4.0,1300.015625,157218.65840274203,"(1190, 452, 1193, 454)",29,27
47,227.0,1431.0,1.0,1246.9466552734375,39304.66460068551,"(1431, 227, 1432, 228)",155,11
47,1157.6666666666667,1517.3333333333333,3.0,1314.1937255859375,117913.99380205653,"(1517, 1157, 1519, 1159)",34,29
47,249.5,1573.0,2.0,1200.9384765625,78609.32920137102,"(1573, 249, 1574, 251)",40,14
47,6.0,1637.0,1.0,1199.5262451171875,39304.66460068551,"(1637, 6, 1638, 7)",156,8
47,1066.3333333333333,1727.5555555555557,9.0,1327.4962158203125,353741.9814061696,"(1726, 1065, 1730, 1069)",157,16
47,452.0,1756.0,7.0,1316.198974609375,275132.65220479853,"(1755, 451, 1758, 454)",158,19
47,674.0,2002.0,1.0,1197.605712890625,39304.66460068551,"(2002, 674, 2003, 675)",19,22
47,197.0,2023.3333333333333,3.0,1851.2666015625,117913.99380205653,"(2023, 196, 2025, 199)",22,30
48,300.0,234.0,1.0,1212.842041015625,39304.66460068551,"(234, 300, 235, 301)",101,20
48,1293.0,261.5,2.0,1218.216552734375,78609.32920137102,"(261, 1293, 263, 1294)",2,14
48,12.0,341.0,1.0,1202.7806396484375,39304.66460068551,"(341, 12, 342, 13)",4,13
48,516.0,343.0,1.0,1216.535400390625,39304.66460068551,"(343, 516, 344, 517)",89,9
48,130.66666666666666,369.3333333333333,3.0,1241.370361328125,117913.99380205653,"(369, 130, 371, 132)",94,5
48,465.0,374.25,4.0,1319.7470703125,157218.65840274203,"(373, 464, 376, 467)",181,11
48,1398.516129032258,622.0645161290323,62.0,1317.964111328125,2436889.2052425016,"(617, 1392, 628, 1403)",38,9
48,63.0,779.0,3.0,1217.9617919921875,117913.99380205653,"(778, 63, 781, 64)",76,7
48,2020.8064516129032,794.0,31.0,1328.229248046875,1218444.6026212508,"(790, 2016, 799, 2027)",8,31
48,534.0,1003.0,1.0,1178.047607421875,39304.66460068551,"(1003, 534, 1004, 535)",9,21
48,968.2,1083.5333333333333,15.0,1317.2508544921875,589569.9690102827,"(1082, 965, 1086, 973)",77,34
48,191.0,1108.0,1.0,1223.0052490234375,39304.66460068551,"(1108, 191, 1109, 192)",177,6
48,662.0,1172.75,4.0,1299.293212890625,157218.65840274203,"(1172, 661, 1174, 664)",113,15
48,226.0,1430.5,2.0,1242.9241943359375,78609.32920137102,"(1430, 226, 1432, 227)",155,11
48,1273.5,1478.5,2.0,1211.466552734375,78609.32920137102,"(1478, 1273, 1480, 1275)",32,13
48,715.0,1480.0,1.0,1238.4920654296875,39304.66460068551,"(1480, 715, 1481, 716)",31,32
48,1157.5,1516.5,4.0,1317.45458984375,157218.65840274203,"(1516, 1157, 1518, 1159)",34,29
48,6.0,1637.0,1.0,1182.734375,39304.66460068551,"(1637, 6, 1638, 7)",156,8
48,1065.6666666666667,1727.6666666666667,9.0,1327.8216552734375,353741.9814061696,"(1726, 1064, 1730, 1068)",157,16
48,451.8333333333333,1755.6666666666667,6.0,1309.2017822265625,235827.98760411306,"(1755, 450, 1757, 454)",158,19
48,850.0,1853.6666666666667,3.0,1189.0513916015625,117913.99380205653,"(1853, 849, 1855, 852)",91,11
48,1590.0,1928.0,1.0,1319.7725830078125,39304.66460068551,"(1928, 1590, 1929, 1591)",168,5
48,197.0,2023.3333333333333,3.0,1669.9332275390625,117913.99380205653,"(2023, 196, 2025, 199)",22,30
49,697.0,78.375,8.0,1265.467529296875,314437.31680548406,"(77, 695, 80, 700)",47,9
49,6.5,341.0,2.0,1189.642578125,78609.32920137102,"(341, 6, 342, 8)",4,13
49,466.0,375.0,1.0,1298.064453125,39304.66460068551,"(375, 466, 376, 467)",181,11
49,1980.0,445.0,1.0,1185.2493896484375,39304.66460068551,"(445, 1980, 446, 1981)",132,15
49,590.5,460.5,2.0,1189.2056884765625,78609.32920137102,"(460, 590, 462, 592)",65,9
49,1399.225806451613,622.3548387096774,62.0,1320.006103515625,2436889.2052425016,"(618, 1394, 629, 1404)",38,9
49,997.6,659.6,5.0,1234.1083984375,196523.32300342753,"(658, 997, 662, 999)",50,26
49,63.5,777.0,2.0,1209.54541015625,78609.32920137102,"(777, 63, 778, 65)",76,7
49,2020.8709677419354,794.6451612903226,31.0,1327.7244873046875,1218444.6026212508,"(791, 2016, 799, 2026)",8,31
49,1220.0,840.0,1.0,1282.82177734375,39304.66460068551,"(840, 1220, 841, 1221)",112,25
49,81.0,991.0,1.0,1189.71533203125,39304.66460068551,"(991, 81, 992, 82)",26,16
49,967.9,1083.7,10.0,1317.239013671875,393046.64600685507,"(1082, 966, 1086, 971)",77,34
49,191.0,1110.0,1.0,1178.6231689453125,39304.66460068551,"(1110, 191, 1111, 192)",177,6
49,662.5,1173.5,4.0,1305.80712890625,157218.65840274203,"(1173, 662, 1175, 664)",113,15
49,450.0,1191.0,1.0,1277.16650390625,39304.66460068551,"(1191, 450, 1192, 451)",29,27
49,716.0,1480.0,1.0,1247.4578857421875,39304.66460068551,"(1480, 716, 1481, 717)",31,32
49,1157.6,1517.2,5.0,1316.7779541015625,196523.32300342753,"(1516, 1157, 1519, 1159)",34,29
49,1066.3,1728.5,10.0,1324.8118896484375,393046.64600685507,"(1727, 1065, 1731, 1069)",157,16
49,452.0,1756.5,6.0,1256.535400390625,235827.98760411306,"(1756, 451, 1758, 454)",158,19
49,78.0,1847.0,1.0,1190.9046630859375,39304.66460068551,"(1847, 78, 1848, 79)",58,8
49,679.0,1935.0,1.0,1191.802734375,39304.66460068551,"(1935, 679, 1936, 680)",44,5
49,674.6666666666666,2002.6666666666667,3.0,1249.2054443359375,117913.99380205653,"(2002, 674, 2004, 676)",19,22
49,197.0,2023.3333333333333,3.0,1591.0,117913.99380205653,"(2023, 196, 2025, 199)",22,30
