frame,x,y,area_px,area_Mm2,intensity,bbox
0,983.0,43.0,2.0,0.078609329201371,1271.82470703125,"(np.int64(43), np.int64(982), np.int64(44), np.int64(985))"
0,533.0,63.42857142857143,7.0,0.2751326522047985,1265.7314453125,"(np.int64(62), np.int64(531), np.int64(65), np.int64(536))"
0,238.66666666666666,176.33333333333334,3.0,0.1179139938020565,1272.156982421875,"(np.int64(176), np.int64(238), np.int64(178), np.int64(240))"
0,521.8428571428572,293.6857142857143,13.0,0.5109606398089115,1300.85009765625,"(np.int64(284), np.int64(513), np.int64(308), np.int64(538))"
0,1550.4166666666665,290.83333333333337,5.0,0.1965233230034275,1326.8399658203125,"(np.int64(290), np.int64(1548), np.int64(292), np.int64(1554))"
0,4.5,340.0,2.0,0.078609329201371,1250.066650390625,"(np.int64(340), np.int64(4), np.int64(341), np.int64(6))"
0,1976.6666666666667,450.75,6.0,0.23582798760411297,1236.1522216796875,"(np.int64(447), np.int64(1973), np.int64(455), np.int64(1981))"
0,2019.0869565217392,797.7391304347826,23.0,0.9040072858157664,1335.436767578125,"(np.int64(794), np.int64(2016), np.int64(801), np.int64(2023))"
0,94.66666666666667,1013.3333333333334,5.0,0.19652332300342748,1286.0050048828125,"(np.int64(1003), np.int64(93), np.int64(1021), np.int64(97))"
0,1575.5,1271.5,2.0,0.078609329201371,1222.3707275390625,"(np.int64(1271), np.int64(1575), np.int64(1273), np.int64(1577))"
0,713.8452380952381,1483.392857142857,31.0,1.2184446026212505,1318.77490234375,"(np.int64(1478), np.int64(711), np.int64(1488), np.int64(721))"
0,1153.8333333333333,1519.4444444444446,10.0,0.393046646006855,1309.646240234375,"(np.int64(1518), np.int64(1150), np.int64(1523), np.int64(1158))"
0,746.5,1743.5,2.0,0.078609329201371,1192.7470703125,"(np.int64(1743), np.int64(746), np.int64(1745), np.int64(748))"
0,1316.0,1936.5,4.0,0.157218658402742,1297.21630859375,"(np.int64(1936), np.int64(1315), np.int64(1938), np.int64(1318))"
0,541.0,1954.5,2.0,0.078609329201371,1236.728271484375,"(np.int64(1954), np.int64(541), np.int64(1956), np.int64(542))"
0,952.3333333333334,2011.6666666666667,3.0,0.1179139938020565,1309.5576171875,"(np.int64(2011), np.int64(952), np.int64(2013), np.int64(954))"
1,533.25,61.25,12.0,0.4716555139778923,1325.582275390625,"(np.int64(60), np.int64(531), np.int64(64), np.int64(536))"
1,239.0,174.0,3.0,0.11791387849447307,1323.8822021484375,"(np.int64(173), np.int64(239), np.int64(176), np.int64(240))"
1,523.3000000000001,295.2,10.0,0.3930462616482436,1240.692138671875,"(np.int64(280), np.int64(513), np.int64(305), np.int64(539))"
1,1551.15,289.05,7.0,0.27513238315377053,1307.3865966796875,"(np.int64(288), np.int64(1548), np.int64(291), np.int64(1555))"
1,1977.7777777777776,447.72222222222223,6.0,0.23582775698894615,1248.296630859375,"(np.int64(445), np.int64(1974), np.int64(452), np.int64(1982))"
1,2019.590909090909,796.1363636363636,22.0,0.8647017756261359,1326.662109375,"(np.int64(793), np.int64(2016), np.int64(799), np.int64(2023))"
1,96.0,1016.0,3.0,0.11791387849447307,1292.935791015625,"(np.int64(1015), np.int64(96), np.int64(1018), np.int64(97))"
1,535.0,1425.5,2.0,0.07860925232964872,1247.2857666015625,"(np.int64(1425), np.int64(535), np.int64(1427), np.int64(536))"
1,716.90625,1478.6875,32.0,1.2577480372743794,1316.9669189453125,"(np.int64(1476), np.int64(713), np.int64(1482), np.int64(721))"
1,62.0,1499.5,2.0,0.07860925232964872,1226.379150390625,"(np.int64(1499), np.int64(62), np.int64(1501), np.int64(63))"
1,1153.0,1518.0833333333333,12.0,0.4716555139778923,1316.5303955078125,"(np.int64(1517), np.int64(1150), np.int64(1520), np.int64(1157))"
1,1317.2857142857142,1934.5714285714287,7.0,0.27513238315377053,1309.063720703125,"(np.int64(1934), np.int64(1316), np.int64(1936), np.int64(1320))"
1,542.0,1952.5,2.0,0.07860925232964872,1228.676513671875,"(np.int64(1952), np.int64(542), np.int64(1954), np.int64(543))"
2,534.625,58.125,8.0,0.3144367018373413,1242.0107421875,"(np.int64(57), np.int64(533), np.int64(60), np.int64(537))"
2,240.25,171.0,4.0,0.15721835091867065,1235.40771484375,"(np.int64(170), np.int64(240), np.int64(173), np.int64(242))"
2,1551.6666666666667,285.4,15.0,0.589568815945015,1326.376220703125,"(np.int64(284), np.int64(1549), np.int64(288), np.int64(1556))"
2,1977.1666666666667,443.1666666666667,6.0,0.23582752637800597,1240.8740234375,"(np.int64(442), np.int64(1975), np.int64(445), np.int64(1981))"
2,2020.8,793.04,25.0,0.9826146932416915,1327.875732421875,"(np.int64(789), np.int64(2017), np.int64(796), np.int64(2025))"
2,97.0,1012.5,2.0,0.07860917545933532,1289.9259033203125,"(np.int64(1012), np.int64(97), np.int64(1014), np.int64(98))"
2,473.4375,1267.375,7.0,0.27513211410767363,1207.930908203125,"(np.int64(1265), np.int64(471), np.int64(1270), np.int64(476))"
2,536.0,1422.5,2.0,0.07860917545933532,1336.607421875,"(np.int64(1422), np.int64(536), np.int64(1424), np.int64(537))"
2,716.5769230769231,1478.2435897435898,40.0,1.5721835091867065,1327.2711181640625,"(np.int64(1473), np.int64(714), np.int64(1482), np.int64(723))"
2,62.666666666666664,1495.6666666666667,3.0,0.11791376318900298,1282.234375,"(np.int64(1495), np.int64(62), np.int64(1497), np.int64(64))"
2,1154.5238095238096,1515.904761904762,21.0,0.8253963423230208,1316.4110107421875,"(np.int64(1514), np.int64(1152), np.int64(1520), np.int64(1158))"
2,1319.0,1931.875,8.0,0.3144367018373413,1315.6611328125,"(np.int64(1931), np.int64(1317), np.int64(1934), np.int64(1322))"
2,543.0,1949.5,2.0,0.07860917545933532,1298.4156494140625,"(np.int64(1949), np.int64(543), np.int64(1951), np.int64(544))"
3,984.0,38.0,5.0,0.19652274646671475,1295.039306640625,"(np.int64(38), np.int64(982), np.int64(39), np.int64(987))"
3,534.2857142857143,57.42857142857143,7.0,0.27513184505340066,1277.107177734375,"(np.int64(57), np.int64(533), np.int64(59), np.int64(537))"
3,746.0,102.5,2.0,0.0786090985866859,1201.181396484375,"(np.int64(102), np.int64(746), np.int64(104), np.int64(747))"
3,240.2,170.4,5.0,0.19652274646671475,1278.88720703125,"(np.int64(170), np.int64(239), np.int64(172), np.int64(242))"
3,528.5,286.75,11.0,0.4323500422267724,1314.6981201171875,"(np.int64(278), np.int64(520), np.int64(298), np.int64(541))"
3,1552.0625,284.8125,16.0,0.6288727886934872,1331.1690673828125,"(np.int64(284), np.int64(1549), np.int64(287), np.int64(1556))"
3,1978.1666666666667,443.25,9.0,0.3537409436400865,1257.8203125,"(np.int64(442), np.int64(1974), np.int64(446), np.int64(1982))"
3,2021.2916666666667,792.7083333333334,24.0,0.9433091830402307,1327.210693359375,"(np.int64(789), np.int64(2018), np.int64(796), np.int64(2026))"
3,97.25,1013.0,3.0,0.11791364788002884,1217.0413818359375,"(np.int64(1012), np.int64(97), np.int64(1015), np.int64(99))"
3,471.625,1268.25,9.0,0.35374094364008646,1303.8857421875,"(np.int64(1267), np.int64(469), np.int64(1271), np.int64(477))"
3,536.0,1421.5,2.0,0.0786090985866859,1308.6942138671875,"(np.int64(1421), np.int64(536), np.int64(1423), np.int64(537))"
3,717.1964285714286,1477.607142857143,29.0,1.1398319295069457,1319.533203125,"(np.int64(1473), np.int64(715), np.int64(1481), np.int64(722))"
3,63.0,1495.5,2.0,0.0786090985866859,1297.6693115234375,"(np.int64(1495), np.int64(63), np.int64(1497), np.int64(64))"
3,1154.55,1515.55,20.0,0.786090985866859,1317.089111328125,"(np.int64(1514), np.int64(1152), np.int64(1519), np.int64(1158))"
3,1319.5,1931.6666666666667,6.0,0.23582729576005768,1319.825439453125,"(np.int64(1931), np.int64(1318), np.int64(1934), np.int64(1322))"
3,954.5,2006.0,2.0,0.0786090985866859,1287.83984375,"(np.int64(2006), np.int64(954), np.int64(2007), np.int64(956))"
3,1215.0,2019.4,5.0,0.19652274646671475,1319.34716796875,"(np.int64(2019), np.int64(1213), np.int64(2021), np.int64(1218))"
4,534.3333333333334,58.666666666666664,9.0,0.3537405978248316,1339.283447265625,"(np.int64(58), np.int64(533), np.int64(61), np.int64(537))"
4,745.5,103.5,2.0,0.07860902173885147,1284.60205078125,"(np.int64(103), np.int64(745), np.int64(105), np.int64(747))"
4,240.0,172.0,3.0,0.1179135326082772,1255.1435546875,"(np.int64(171), np.int64(240), np.int64(174), np.int64(241))"
4,532.6875,293.75,7.0,0.2751315760859801,1246.2891845703125,"(np.int64(284), np.int64(521), np.int64(299), np.int64(540))"
4,1550.3125,286.0625,16.0,0.6288721739108117,1330.8837890625,"(np.int64(285), np.int64(1548), np.int64(288), np.int64(1555))"
4,3.0,319.75,3.0,0.1179135326082772,1235.4486083984375,"(np.int64(318), np.int64(3), np.int64(322), np.int64(4))"
4,548.0,359.5,2.0,0.07860902173885147,1214.36572265625,"(np.int64(359), np.int64(548), np.int64(361), np.int64(549))"
4,1978.6666666666667,445.0833333333333,6.0,0.23582706521655442,1237.052001953125,"(np.int64(443), np.int64(1975), np.int64(451), np.int64(1984))"
4,37.0,481.5,2.0,0.07860902173885147,1224.799560546875,"(np.int64(481), np.int64(37), np.int64(483), np.int64(38))"
4,1226.0,669.0,2.0,0.07860902173885147,1224.17724609375,"(np.int64(667), np.int64(1225), np.int64(672), np.int64(1228))"
4,2021.0526315789473,794.2105263157895,19.0,0.7467857065190889,1329.352294921875,"(np.int64(791), np.int64(2018), np.int64(797), np.int64(2025))"
4,97.0,1014.0,3.0,0.1179135326082772,1202.13720703125,"(np.int64(1013), np.int64(97), np.int64(1016), np.int64(98))"
4,1639.0,1182.0,2.0,0.07860902173885147,1205.846435546875,"(np.int64(1181), np.int64(1639), np.int64(1184), np.int64(1640))"
4,1049.0,1438.5,4.0,0.15721804347770293,1333.22900390625,"(np.int64(1438), np.int64(1048), np.int64(1440), np.int64(1051))"
4,718.8636363636364,1476.409090909091,22.0,0.8646992391273661,1316.62109375,"(np.int64(1474), np.int64(716), np.int64(1479), np.int64(722))"
4,63.25,1495.75,4.0,0.15721804347770293,1296.040771484375,"(np.int64(1495), np.int64(63), np.int64(1498), np.int64(65))"
4,1154.45,1517.1,20.0,0.7860902173885147,1315.6639404296875,"(np.int64(1515), np.int64(1152), np.int64(1521), np.int64(1158))"
4,1319.0,1933.0,5.0,0.19652255434712868,1304.7515869140625,"(np.int64(1932), np.int64(1318), np.int64(1935), np.int64(1321))"
4,543.0,1951.5,2.0,0.07860902173885147,1288.454833984375,"(np.int64(1951), np.int64(543), np.int64(1953), np.int64(544))"
4,954.5,2007.5,2.0,0.07860902173885147,1260.43212890625,"(np.int64(2007), np.int64(954), np.int64(2009), np.int64(956))"
4,1214.4,2020.6,5.0,0.19652255434712868,1335.1673583984375,"(np.int64(2020), np.int64(1213), np.int64(2022), np.int64(1217))"
5,978.8333333333334,41.166666666666664,9.0,0.3537402519253436,1301.119873046875,"(np.int64(40), np.int64(972), np.int64(44), np.int64(986))"
5,535.0,60.0,7.0,0.275131307053045,1356.856201171875,"(np.int64(59), np.int64(534), np.int64(62), np.int64(537))"
5,1730.5,120.0,2.0,0.07860894487229857,1231.312255859375,"(np.int64(120), np.int64(1730), np.int64(121), np.int64(1732))"
5,240.0,173.5,2.0,0.07860894487229857,1252.807373046875,"(np.int64(173), np.int64(240), np.int64(175), np.int64(241))"
5,525.1111111111111,287.8333333333333,12.0,0.4716536692337914,1290.612060546875,"(np.int64(281), np.int64(520), np.int64(301), np.int64(540))"
5,1550.5,287.25,16.0,0.6288715589783885,1330.19873046875,"(np.int64(286), np.int64(1548), np.int64(289), np.int64(1555))"
5,6.625,315.5,5.0,0.19652236218074642,1338.8560791015625,"(np.int64(311), np.int64(3), np.int64(322), np.int64(11))"
5,1978.8799999999999,447.43999999999994,9.0,0.35374025192534353,1225.16748046875,"(np.int64(444), np.int64(1975), np.int64(451), np.int64(1983))"
5,446.5,473.0,2.0,0.07860894487229857,1193.21044921875,"(np.int64(472), np.int64(446), np.int64(475), np.int64(448))"
5,36.5,483.0,2.0,0.07860894487229857,1228.6168212890625,"(np.int64(483), np.int64(36), np.int64(484), np.int64(38))"
5,1225.0,670.0,3.0,0.11791341730844784,1228.4569091796875,"(np.int64(669), np.int64(1224), np.int64(672), np.int64(1227))"
5,1651.5,757.5,2.0,0.07860894487229857,1190.17236328125,"(np.int64(757), np.int64(1651), np.int64(759), np.int64(1653))"
5,2021.0,795.4375,16.0,0.6288715589783885,1324.6021728515625,"(np.int64(793), np.int64(2018), np.int64(798), np.int64(2025))"
5,1638.5,1183.0,2.0,0.07860894487229857,1198.1673583984375,"(np.int64(1182), np.int64(1638), np.int64(1185), np.int64(1640))"
5,471.5,1270.0833333333333,8.0,0.31443577948919427,1253.6524658203125,"(np.int64(1268), np.int64(469), np.int64(1273), np.int64(476))"
5,535.5,1424.0,2.0,0.07860894487229857,1331.066650390625,"(np.int64(1424), np.int64(535), np.int64(1425), np.int64(537))"
5,1049.4,1439.6,5.0,0.19652236218074642,1327.1376953125,"(np.int64(1439), np.int64(1048), np.int64(1441), np.int64(1052))"
5,716.3,1478.75,21.0,0.825393921159135,1316.310302734375,"(np.int64(1475), np.int64(714), np.int64(1481), np.int64(722))"
5,63.0,1497.5,4.0,0.15721788974459713,1303.244140625,"(np.int64(1496), np.int64(63), np.int64(1500), np.int64(64))"
5,1154.2941176470588,1518.235294117647,17.0,0.6681760314145379,1316.447265625,"(np.int64(1517), np.int64(1151), np.int64(1522), np.int64(1158))"
5,1320.5,1934.25,5.0,0.19652236218074642,1305.4599609375,"(np.int64(1934), np.int64(1318), np.int64(1936), np.int64(1323))"
5,954.5,2009.0,2.0,0.07860894487229857,1203.07861328125,"(np.int64(2009), np.int64(954), np.int64(2010), np.int64(956))"
5,1214.25,2021.875,8.0,0.31443577948919427,1338.741943359375,"(np.int64(2021), np.int64(1212), np.int64(2024), np.int64(1218))"
6,976.5,42.43181818181819,13.0,0.5109576420221508,1316.095458984375,"(np.int64(41), np.int64(972), np.int64(45), np.int64(986))"
6,535.0,60.333333333333336,3.0,0.11791330200511171,1295.02978515625,"(np.int64(60), np.int64(534), np.int64(62), np.int64(537))"
6,1729.2,119.2,5.0,0.19652217000851954,1260.060791015625,"(np.int64(118), np.int64(1728), np.int64(121), np.int64(1731))"
6,240.0,173.5,2.0,0.07860886800340781,1203.0946044921875,"(np.int64(173), np.int64(240), np.int64(175), np.int64(241))"
6,528.4583333333333,291.2916666666667,11.0,0.43234877401874294,1260.1494140625,"(np.int64(282), np.int64(521), np.int64(301), np.int64(540))"
6,1549.9473684210527,287.7894736842105,19.0,0.7467842460323743,1330.198486328125,"(np.int64(286), np.int64(1547), np.int64(290), np.int64(1555))"
6,6.3,316.35,9.0,0.35373990601533517,1336.7843017578125,"(np.int64(311), np.int64(3), np.int64(323), np.int64(11))"
6,1977.3333333333333,446.8333333333333,6.0,0.23582660401022346,1205.0238037109375,"(np.int64(446), np.int64(1974), np.int64(450), np.int64(1981))"
6,564.5,460.0,2.0,0.07860886800340781,1188.1490478515625,"(np.int64(460), np.int64(564), np.int64(461), np.int64(566))"
6,687.3333333333334,473.3333333333333,3.0,0.11791330200511171,1285.80517578125,"(np.int64(473), np.int64(687), np.int64(475), np.int64(689))"
6,1225.0,671.5,6.0,0.23582660401022343,1306.560546875,"(np.int64(670), np.int64(1224), np.int64(674), np.int64(1227))"
6,2020.6666666666667,795.6666666666666,12.0,0.47165320802044686,1325.253662109375,"(np.int64(793), np.int64(2019), np.int64(798), np.int64(2024))"
6,470.625,1270.75,6.0,0.23582660401022343,1183.869384765625,"(np.int64(1269), np.int64(469), np.int64(1273), np.int64(474))"
6,534.6666666666666,1424.3333333333333,3.0,0.11791330200511171,1337.5382080078125,"(np.int64(1424), np.int64(534), np.int64(1426), np.int64(536))"
6,1049.0,1440.25,4.0,0.15721773600681563,1248.24169921875,"(np.int64(1440), np.int64(1048), np.int64(1442), np.int64(1051))"
6,718.4,1477.7,20.0,0.7860886800340782,1317.29296875,"(np.int64(1476), np.int64(715), np.int64(1481), np.int64(722))"
6,62.5,1498.5,4.0,0.15721773600681563,1303.56689453125,"(np.int64(1498), np.int64(62), np.int64(1500), np.int64(64))"
6,1154.6333333333332,1520.3,16.0,0.6288709440272625,1317.78076171875,"(np.int64(1517), np.int64(1152), np.int64(1523), np.int64(1157))"
6,1518.8999999999999,1576.5666666666666,12.0,0.4716532080204469,1305.5848388671875,"(np.int64(1573), np.int64(1511), np.int64(1579), np.int64(1524))"
6,1319.4,1935.8,5.0,0.19652217000851954,1303.8330078125,"(np.int64(1935), np.int64(1318), np.int64(1938), np.int64(1322))"
6,1213.6,2022.4,5.0,0.19652217000851954,1339.489501953125,"(np.int64(2022), np.int64(1212), np.int64(2024), np.int64(1216))"
7,979.2857142857143,41.476190476190474,11.0,0.4323483512566044,1315.4423828125,"(np.int64(40), np.int64(972), np.int64(44), np.int64(987))"
7,535.6,59.6,5.0,0.19652197784391112,1232.4951171875,"(np.int64(59), np.int64(534), np.int64(61), np.int64(538))"
7,1729.75,118.25,5.0,0.19652197784391112,1275.94970703125,"(np.int64(117), np.int64(1729), np.int64(121), np.int64(1731))"
7,239.5,173.0,2.0,0.07860879113756444,1199.1826171875,"(np.int64(173), np.int64(239), np.int64(174), np.int64(241))"
7,525.9166666666666,289.0208333333333,15.0,0.5895659335317334,1269.08056640625,"(np.int64(284), np.int64(521), np.int64(301), np.int64(540))"
7,1549.9375,287.5,16.0,0.6288703291005155,1330.537353515625,"(np.int64(286), np.int64(1548), np.int64(290), np.int64(1555))"
7,6.4375,315.25,9.0,0.35373956011904,1341.32568359375,"(np.int64(310), np.int64(3), np.int64(320), np.int64(12))"
7,1978.5,447.7083333333333,10.0,0.39304395568782224,1202.6064453125,"(np.int64(445), np.int64(1976), np.int64(451), np.int64(1983))"
7,687.0,472.75,4.0,0.1572175822751289,1331.05419921875,"(np.int64(472), np.int64(686), np.int64(474), np.int64(689))"
7,1225.6666666666667,672.3333333333334,3.0,0.11791318670634666,1316.475830078125,"(np.int64(672), np.int64(1225), np.int64(674), np.int64(1227))"
7,995.5,684.0,2.0,0.07860879113756444,1188.67431640625,"(np.int64(683), np.int64(995), np.int64(686), np.int64(997))"
7,2020.7,795.3,10.0,0.39304395568782224,1322.031494140625,"(np.int64(793), np.int64(2019), np.int64(798), np.int64(2023))"
7,1637.875,1180.0,5.0,0.19652197784391112,1235.380615234375,"(np.int64(1178), np.int64(1637), np.int64(1184), np.int64(1640))"
7,471.8,1270.5,10.0,0.39304395568782224,1280.7947998046875,"(np.int64(1269), np.int64(469), np.int64(1273), np.int64(475))"
7,718.75,1477.3125,16.0,0.6288703291005155,1315.3131103515625,"(np.int64(1476), np.int64(716), np.int64(1480), np.int64(722))"
7,62.5,1498.0,2.0,0.07860879113756444,1209.6048583984375,"(np.int64(1498), np.int64(62), np.int64(1499), np.int64(64))"
7,1153.357142857143,1518.0,8.0,0.3144351645502578,1313.353515625,"(np.int64(1517), np.int64(1152), np.int64(1520), np.int64(1157))"
7,1319.6,1935.2,5.0,0.19652197784391112,1302.0699462890625,"(np.int64(1934), np.int64(1318), np.int64(1937), np.int64(1322))"
7,1214.6666666666667,2022.3333333333333,3.0,0.11791318670634666,1338.3970947265625,"(np.int64(2022), np.int64(1214), np.int64(2024), np.int64(1216))"
8,980.6875,39.01785714285714,13.0,0.5109566427646944,1297.8153076171875,"(np.int64(38), np.int64(972), np.int64(42), np.int64(987))"
8,534.75,58.0,4.0,0.1572174285429829,1263.615234375,"(np.int64(57), np.int64(534), np.int64(60), np.int64(537))"
8,1730.0,117.71428571428571,7.0,0.2751304999502201,1313.2532958984375,"(np.int64(117), np.int64(1729), np.int64(120), np.int64(1732))"
8,526.4509803921569,285.70588235294116,19.0,0.7467827855791688,1261.0792236328125,"(np.int64(277), np.int64(520), np.int64(299), np.int64(541))"
8,1550.6875,285.4375,16.0,0.6288697141719316,1327.0662841796875,"(np.int64(284), np.int64(1548), np.int64(288), np.int64(1555))"
8,7.125,312.6875,9.0,0.3537392142217115,1344.6710205078125,"(np.int64(308), np.int64(4), np.int64(317), np.int64(12))"
8,547.3333333333334,358.6666666666667,3.0,0.11791307140723717,1218.0645751953125,"(np.int64(358), np.int64(547), np.int64(360), np.int64(549))"
8,1978.3200000000002,445.38666666666666,11.0,0.43234792849320297,1229.1937255859375,"(np.int64(443), np.int64(1975), np.int64(450), np.int64(1983))"
8,564.5,458.0,2.0,0.07860871427149145,1229.78466796875,"(np.int64(458), np.int64(564), np.int64(459), np.int64(566))"
8,687.3333333333334,470.6666666666667,3.0,0.11791307140723717,1231.779052734375,"(np.int64(470), np.int64(687), np.int64(472), np.int64(689))"
8,1226.0,670.1666666666666,6.0,0.23582614281447434,1300.3267822265625,"(np.int64(669), np.int64(1225), np.int64(672), np.int64(1228))"
8,1000.5,686.0,2.0,0.07860871427149145,1233.9949951171875,"(np.int64(681), np.int64(995), np.int64(692), np.int64(1007))"
8,1650.5,754.5,2.0,0.07860871427149145,1183.2982177734375,"(np.int64(754), np.int64(1650), np.int64(756), np.int64(1652))"
8,97.0,1013.5,2.0,0.07860871427149145,1235.250732421875,"(np.int64(1013), np.int64(97), np.int64(1015), np.int64(98))"
8,471.91666666666663,1268.5,8.0,0.3144348570859658,1223.1859130859375,"(np.int64(1267), np.int64(469), np.int64(1271), np.int64(475))"
8,534.6666666666666,1421.3333333333333,3.0,0.11791307140723717,1328.76513671875,"(np.int64(1421), np.int64(534), np.int64(1423), np.int64(536))"
8,717.4761904761905,1477.5357142857142,23.0,0.9040002141221516,1317.857666015625,"(np.int64(1474), np.int64(716), np.int64(1481), np.int64(723))"
8,1154.8333333333333,1515.8333333333333,6.0,0.23582614281447434,1316.3310546875,"(np.int64(1515), np.int64(1154), np.int64(1518), np.int64(1157))"
8,1319.5,1933.0,2.0,0.07860871427149145,1236.3094482421875,"(np.int64(1933), np.int64(1319), np.int64(1934), np.int64(1321))"
8,1214.5555555555557,2020.111111111111,9.0,0.3537392142217115,1333.812744140625,"(np.int64(2019), np.int64(1212), np.int64(2022), np.int64(1218))"
9,976.8736263736264,38.63736263736264,20.0,0.786086374068275,1321.9700927734375,"(np.int64(37), np.int64(971), np.int64(41), np.int64(987))"
9,535.6666666666666,55.666666666666664,3.0,0.11791295611024125,1253.5064697265625,"(np.int64(55), np.int64(535), np.int64(57), np.int64(537))"
9,1730.2,115.1,6.0,0.2358259122204825,1307.7332763671875,"(np.int64(114), np.int64(1729), np.int64(118), np.int64(1732))"
9,491.5,267.25,3.0,0.11791295611024125,1231.7681884765625,"(np.int64(266), np.int64(491), np.int64(270), np.int64(493))"
9,528.5333333333333,286.3666666666667,16.0,0.62886909925462,1290.1683349609375,"(np.int64(278), np.int64(521), np.int64(297), np.int64(540))"
9,1551.625,284.3125,16.0,0.62886909925462,1330.4752197265625,"(np.int64(283), np.int64(1549), np.int64(287), np.int64(1556))"
9,7.25,311.5,9.0,0.35373886833072377,1361.6959228515625,"(np.int64(307), np.int64(4), np.int64(317), np.int64(12))"
9,1979.5,444.27777777777777,9.0,0.35373886833072377,1224.6629638671875,"(np.int64(442), np.int64(1976), np.int64(449), np.int64(1984))"
9,1226.0,669.0,4.0,0.157217274813655,1298.726318359375,"(np.int64(668), np.int64(1225), np.int64(671), np.int64(1228))"
9,2022.5,790.0,2.0,0.0786086374068275,1263.8077392578125,"(np.int64(790), np.int64(2022), np.int64(791), np.int64(2024))"
9,1639.1666666666667,1176.5,7.0,0.2751302309238962,1271.124267578125,"(np.int64(1174), np.int64(1637), np.int64(1181), np.int64(1642))"
9,1574.0,1264.3333333333333,3.0,0.11791295611024125,1245.1597900390625,"(np.int64(1264), np.int64(1573), np.int64(1266), np.int64(1576))"
9,470.5,1267.5,8.0,0.31443454962731,1247.88037109375,"(np.int64(1266), np.int64(469), np.int64(1270), np.int64(475))"
9,1049.3333333333333,1437.0,6.0,0.2358259122204825,1333.9354248046875,"(np.int64(1436), np.int64(1048), np.int64(1439), np.int64(1052))"
9,718.8823529411765,1474.8823529411766,34.0,1.3363468359160675,1326.592529296875,"(np.int64(1472), np.int64(715), np.int64(1479), np.int64(724))"
9,63.0,1494.5,2.0,0.0786086374068275,1265.2076416015625,"(np.int64(1494), np.int64(63), np.int64(1496), np.int64(64))"
9,1153.2,1514.4,6.0,0.2358259122204825,1320.0155029296875,"(np.int64(1514), np.int64(1151), np.int64(1517), np.int64(1157))"
9,1512.5,1570.25,4.0,0.157217274813655,1206.04150390625,"(np.int64(1569), np.int64(1511), np.int64(1572), np.int64(1515))"
9,747.5,1737.0,2.0,0.0786086374068275,1229.1533203125,"(np.int64(1737), np.int64(747), np.int64(1738), np.int64(749))"
9,1215.5555555555557,2019.111111111111,9.0,0.35373886833072377,1338.610595703125,"(np.int64(2018), np.int64(1213), np.int64(2021), np.int64(1219))"
10,976.0,39.59090909090909,22.0,0.8646941660565358,1319.48828125,"(np.int64(38), np.int64(970), np.int64(42), np.int64(984))"
10,1729.8333333333333,116.66666666666667,6.0,0.23582568165178247,1306.21728515625,"(np.int64(116), np.int64(1729), np.int64(119), np.int64(1732))"
10,530.2840909090909,289.6136363636364,16.0,0.6288684844047533,1326.3489990234375,"(np.int64(278), np.int64(521), np.int64(298), np.int64(540))"
10,1549.892857142857,285.9642857142857,15.0,0.5895642041294562,1331.8326416015625,"(np.int64(284), np.int64(1548), np.int64(288), np.int64(1556))"
10,7.0,312.0,10.0,0.39304280275297077,1346.60595703125,"(np.int64(307), np.int64(3), np.int64(318), np.int64(12))"
10,548.0,358.5,2.0,0.07860856055059416,1205.95947265625,"(np.int64(358), np.int64(548), np.int64(360), np.int64(549))"
10,1979.5,444.0833333333333,6.0,0.23582568165178247,1223.78759765625,"(np.int64(442), np.int64(1974), np.int64(449), np.int64(1984))"
10,564.6666666666666,456.6666666666667,3.0,0.11791284082589124,1333.8858642578125,"(np.int64(456), np.int64(564), np.int64(458), np.int64(566))"
10,35.5,479.5,2.0,0.07860856055059416,1210.091064453125,"(np.int64(479), np.int64(35), np.int64(481), np.int64(37))"
10,2022.0,790.5,2.0,0.07860856055059416,1236.8831787109375,"(np.int64(790), np.int64(2022), np.int64(792), np.int64(2023))"
10,1631.5,857.5,2.0,0.07860856055059416,1195.16748046875,"(np.int64(857), np.int64(1631), np.int64(859), np.int64(1633))"
10,1639.875,1179.5,5.0,0.1965214013764854,1261.8975830078125,"(np.int64(1177), np.int64(1639), np.int64(1182), np.int64(1641))"
10,1575.3,1265.25,7.0,0.27512996192707956,1303.6383056640625,"(np.int64(1263), np.int64(1571), np.int64(1268), np.int64(1579))"
10,474.0909090909091,1266.5,12.0,0.471651363303565,1251.581298828125,"(np.int64(1265), np.int64(470), np.int64(1271), np.int64(477))"
10,534.5,1421.0,2.0,0.07860856055059416,1340.7216796875,"(np.int64(1421), np.int64(534), np.int64(1422), np.int64(536))"
10,1050.0,1437.5,8.0,0.31443424220237665,1342.6246337890625,"(np.int64(1437), np.int64(1048), np.int64(1439), np.int64(1053))"
10,718.375,1475.725,40.0,1.5721712110118833,1326.2489013671875,"(np.int64(1473), np.int64(714), np.int64(1480), np.int64(723))"
10,1153.3666666666668,1514.9333333333334,8.0,0.31443424220237665,1320.4647216796875,"(np.int64(1514), np.int64(1151), np.int64(1517), np.int64(1157))"
10,1513.4,1569.8,5.0,0.1965214013764854,1220.3321533203125,"(np.int64(1569), np.int64(1512), np.int64(1572), np.int64(1516))"
10,746.5,1738.0,2.0,0.07860856055059416,1297.3533935546875,"(np.int64(1738), np.int64(746), np.int64(1739), np.int64(748))"
10,1215.0,2019.5,4.0,0.15721712110118832,1340.671630859375,"(np.int64(2019), np.int64(1213), np.int64(2021), np.int64(1218))"
11,977.8055555555555,40.388888888888886,16.0,0.6288678694594266,1307.231201171875,"(np.int64(39), np.int64(970), np.int64(43), np.int64(984))"
11,534.0,58.5,2.0,0.07860848368242833,1213.392333984375,"(np.int64(58), np.int64(533), np.int64(60), np.int64(536))"
11,1729.4,117.6,5.0,0.19652120920607083,1277.610595703125,"(np.int64(116), np.int64(1729), np.int64(120), np.int64(1731))"
11,490.3333333333333,269.3333333333333,3.0,0.11791272552364249,1221.391845703125,"(np.int64(269), np.int64(490), np.int64(271), np.int64(492))"
11,1551.8,286.3333333333333,15.0,0.5895636276182125,1329.874267578125,"(np.int64(285), np.int64(1549), np.int64(289), np.int64(1555))"
11,536.1111111111111,296.8888888888889,9.0,0.3537381765709275,1273.677490234375,"(np.int64(296), np.int64(533), np.int64(299), np.int64(540))"
11,6.875,313.375,8.0,0.3144339347297133,1345.006591796875,"(np.int64(309), np.int64(3), np.int64(319), np.int64(12))"
11,1977.284090909091,447.14772727272725,15.0,0.5895636276182125,1277.7440185546875,"(np.int64(443), np.int64(1976), np.int64(451), np.int64(1983))"
11,564.5,458.5,4.0,0.15721696736485666,1207.6593017578125,"(np.int64(458), np.int64(564), np.int64(460), np.int64(566))"
11,1363.5,585.5,2.0,0.07860848368242833,1254.54541015625,"(np.int64(585), np.int64(1363), np.int64(587), np.int64(1365))"
11,998.75,686.25,3.0,0.11791272552364249,1220.9473876953125,"(np.int64(685), np.int64(997), np.int64(689), np.int64(1002))"
11,2021.5,792.0,2.0,0.07860848368242833,1301.5648193359375,"(np.int64(792), np.int64(2021), np.int64(793), np.int64(2023))"
11,1631.0,859.5,2.0,0.07860848368242833,1241.43505859375,"(np.int64(859), np.int64(1631), np.int64(861), np.int64(1632))"
11,91.5,997.3333333333334,6.0,0.23582545104728497,1263.4114990234375,"(np.int64(997), np.int64(90), np.int64(999), np.int64(94))"
11,1639.3333333333333,1179.5,6.0,0.23582545104728497,1242.1239013671875,"(np.int64(1178), np.int64(1639), np.int64(1182), np.int64(1641))"
11,1573.4333333333334,1264.0333333333333,10.0,0.39304241841214166,1247.12353515625,"(np.int64(1254), np.int64(1567), np.int64(1270), np.int64(1580))"
11,469.88461538461536,1269.6153846153848,14.0,0.5502593857769983,1284.232421875,"(np.int64(1268), np.int64(468), np.int64(1272), np.int64(476))"
11,534.6666666666666,1422.3333333333333,3.0,0.11791272552364249,1337.918212890625,"(np.int64(1422), np.int64(534), np.int64(1424), np.int64(536))"
11,1049.1666666666667,1439.0,6.0,0.23582545104728497,1337.051513671875,"(np.int64(1438), np.int64(1048), np.int64(1441), np.int64(1052))"
11,717.7954545454545,1477.159090909091,44.0,1.7293866410134233,1320.008056640625,"(np.int64(1474), np.int64(713), np.int64(1481), np.int64(723))"
11,1152.6785714285716,1516.142857142857,11.0,0.4323466602533558,1313.830810546875,"(np.int64(1515), np.int64(1150), np.int64(1518), np.int64(1157))"
11,1511.8333333333333,1571.3333333333333,6.0,0.23582545104728497,1212.458984375,"(np.int64(1570), np.int64(1511), np.int64(1573), np.int64(1514))"
11,1131.5,1703.0,2.0,0.07860848368242833,1326.0966796875,"(np.int64(1703), np.int64(1131), np.int64(1704), np.int64(1133))"
11,743.5833333333333,1739.1666666666665,7.0,0.27512969288849914,1266.65576171875,"(np.int64(1739), np.int64(742), np.int64(1741), np.int64(748))"
11,1212.5,2020.0,2.0,0.07860848368242833,1336.1627197265625,"(np.int64(2020), np.int64(1212), np.int64(2021), np.int64(1214))"
12,977.7070707070707,41.25252525252525,18.0,0.7074756613578969,1317.4251708984375,"(np.int64(40), np.int64(970), np.int64(44), np.int64(983))"
12,539.074074074074,59.925925925925924,11.0,0.43234623749649254,1290.2969970703125,"(np.int64(58), np.int64(534), np.int64(62), np.int64(544))"
12,1728.857142857143,118.85714285714286,7.0,0.2751294238614043,1300.6904296875,"(np.int64(117), np.int64(1728), np.int64(122), np.int64(1731))"
12,488.5,268.0,2.0,0.0786084068175441,1194.2381591796875,"(np.int64(265), np.int64(487), np.int64(272), np.int64(491))"
12,528.060606060606,290.10606060606057,14.0,0.5502588477228086,1287.069091796875,"(np.int64(280), np.int64(520), np.int64(300), np.int64(540))"
12,1549.6153846153848,288.0769230769231,14.0,0.5502588477228086,1331.8935546875,"(np.int64(286), np.int64(1548), np.int64(290), np.int64(1555))"
12,10.428571428571429,310.7142857142857,7.0,0.2751294238614043,1341.6688232421875,"(np.int64(309), np.int64(10), np.int64(313), np.int64(12))"
12,1978.25,446.8333333333333,6.0,0.23582522045263227,1229.19580078125,"(np.int64(444), np.int64(1975), np.int64(451), np.int64(1982))"
12,565.0,458.75,4.0,0.1572168136350882,1271.387451171875,"(np.int64(458), np.int64(564), np.int64(460), np.int64(567))"
12,1364.0,586.0,3.0,0.11791261022631613,1266.87744140625,"(np.int64(585), np.int64(1363), np.int64(588), np.int64(1366))"
12,998.1428571428571,685.4285714285714,8.0,0.3144336272701764,1236.5672607421875,"(np.int64(683), np.int64(997), np.int64(690), np.int64(1002))"
12,1234.0,835.5,2.0,0.0786084068175441,1314.9298095703125,"(np.int64(835), np.int64(1234), np.int64(837), np.int64(1235))"
12,1632.357142857143,859.5,8.0,0.3144336272701764,1229.4246826171875,"(np.int64(859), np.int64(1630), np.int64(862), np.int64(1635))"
12,93.66666666666667,1004.3333333333334,5.0,0.1965210170438602,1265.916015625,"(np.int64(999), np.int64(91), np.int64(1016), np.int64(98))"
12,1639.6,1181.0,5.0,0.19652101704386024,1212.4151611328125,"(np.int64(1180), np.int64(1639), np.int64(1183), np.int64(1641))"
12,1573.1444444444444,1264.0555555555557,19.0,0.7467798647666688,1303.25439453125,"(np.int64(1254), np.int64(1567), np.int64(1272), np.int64(1582))"
12,471.43589743589746,1271.5897435897434,15.0,0.5895630511315807,1286.0389404296875,"(np.int64(1269), np.int64(467), np.int64(1274), np.int64(475))"
12,534.0,1423.25,4.0,0.1572168136350882,1339.333740234375,"(np.int64(1423), np.int64(533), np.int64(1425), np.int64(536))"
12,1049.0,1440.25,4.0,0.1572168136350882,1327.31494140625,"(np.int64(1440), np.int64(1048), np.int64(1442), np.int64(1051))"
12,717.936170212766,1478.0212765957447,47.0,1.8472975602122863,1317.79150390625,"(np.int64(1475), np.int64(713), np.int64(1482), np.int64(724))"
12,1152.8714285714286,1517.557142857143,12.0,0.47165044090526453,1321.93505859375,"(np.int64(1516), np.int64(1150), np.int64(1520), np.int64(1157))"
12,1512.857142857143,1572.4285714285713,7.0,0.2751294238614043,1295.6768798828125,"(np.int64(1571), np.int64(1511), np.int64(1574), np.int64(1515))"
12,1131.5,1703.5,4.0,0.1572168136350882,1316.76123046875,"(np.int64(1703), np.int64(1131), np.int64(1705), np.int64(1133))"
12,743.0,1739.625,10.0,0.3930420340877205,1288.580078125,"(np.int64(1739), np.int64(740), np.int64(1741), np.int64(749))"
12,1212.5,2021.0,2.0,0.0786084068175441,1335.716552734375,"(np.int64(2021), np.int64(1212), np.int64(2022), np.int64(1214))"
13,978.0,41.125,24.0,0.9432999597156431,1313.53759765625,"(np.int64(40), np.int64(970), np.int64(45), np.int64(983))"
13,534.8,59.0,10.0,0.3930416498815179,1350.4495849609375,"(np.int64(58), np.int64(533), np.int64(61), np.int64(538))"
13,1729.4,118.8,5.0,0.19652082494075895,1247.387939453125,"(np.int64(118), np.int64(1729), np.int64(121), np.int64(1731))"
13,529.8285714285714,289.2285714285714,22.0,0.8646916297393394,1322.39453125,"(np.int64(278), np.int64(520), np.int64(300), np.int64(540))"
13,1551.8461538461538,287.38461538461536,13.0,0.5109541448459733,1330.880615234375,"(np.int64(286), np.int64(1550), np.int64(290), np.int64(1555))"
13,10.4,310.2,5.0,0.19652082494075895,1274.353271484375,"(np.int64(309), np.int64(10), np.int64(312), np.int64(12))"
13,547.5,360.0,2.0,0.07860832997630358,1225.7786865234375,"(np.int64(360), np.int64(547), np.int64(361), np.int64(549))"
13,1980.4,447.0,7.0,0.2751291549170626,1243.5390625,"(np.int64(444), np.int64(1977), np.int64(450), np.int64(1984))"
13,564.7142857142857,459.0,7.0,0.2751291549170625,1328.701171875,"(np.int64(458), np.int64(564), np.int64(461), np.int64(567))"
13,1363.8,585.8,5.0,0.19652082494075895,1323.6697998046875,"(np.int64(585), np.int64(1363), np.int64(588), np.int64(1366))"
13,962.0,682.25,3.0,0.11791249496445538,1188.5419921875,"(np.int64(682), np.int64(961), np.int64(684), np.int64(964))"
13,999.9,687.8,10.0,0.3930416498815179,1261.4619140625,"(np.int64(686), np.int64(998), np.int64(691), np.int64(1003))"
13,1234.3333333333333,835.6666666666666,3.0,0.11791249496445538,1211.9134521484375,"(np.int64(835), np.int64(1234), np.int64(837), np.int64(1236))"
13,1631.2857142857142,859.8571428571429,7.0,0.2751291549170625,1243.701416015625,"(np.int64(859), np.int64(1630), np.int64(862), np.int64(1634))"
13,94.75,1006.375,5.0,0.19652082494075895,1225.9873046875,"(np.int64(999), np.int64(92), np.int64(1016), np.int64(99))"
13,52.0,1054.5,2.0,0.07860832997630358,1203.3809814453125,"(np.int64(1054), np.int64(52), np.int64(1056), np.int64(53))"
13,1640.0,1181.0,2.0,0.07860832997630358,1181.794921875,"(np.int64(1179), np.int64(1640), np.int64(1184), np.int64(1641))"
13,1574.0454545454545,1263.3181818181818,22.0,0.8646916297393394,1314.5345458984375,"(np.int64(1255), np.int64(1567), np.int64(1272), np.int64(1583))"
13,469.9230769230769,1270.0384615384614,14.0,0.5502583098341252,1268.208984375,"(np.int64(1269), np.int64(468), np.int64(1273), np.int64(476))"
13,534.1666666666666,1423.1666666666667,6.0,0.23582498992891077,1340.688232421875,"(np.int64(1422), np.int64(533), np.int64(1425), np.int64(536))"
13,1049.0,1440.0,3.0,0.11791249496445538,1327.796875,"(np.int64(1440), np.int64(1048), np.int64(1441), np.int64(1051))"
13,718.2444444444444,1477.9555555555555,45.0,1.7686874244668307,1318.80078125,"(np.int64(1475), np.int64(714), np.int64(1483), np.int64(724))"
13,1152.8095238095239,1517.5833333333335,13.0,0.5109541448459733,1321.258544921875,"(np.int64(1516), np.int64(1149), np.int64(1520), np.int64(1157))"
13,1131.3333333333333,1704.3333333333333,3.0,0.11791249496445538,1299.9969482421875,"(np.int64(1704), np.int64(1131), np.int64(1706), np.int64(1133))"
13,744.9090909090909,1739.8181818181818,11.0,0.4323458148696697,1294.733642578125,"(np.int64(1739), np.int64(741), np.int64(1741), np.int64(750))"
13,1156.6666666666667,1805.3333333333333,3.0,0.11791249496445538,1286.2708740234375,"(np.int64(1805), np.int64(1156), np.int64(1807), np.int64(1158))"
14,975.7951388888889,41.67708333333333,25.0,0.98260316384897,1320.85693359375,"(np.int64(39), np.int64(970), np.int64(45), np.int64(981))"
14,535.2,59.2,10.0,0.39304126553958796,1351.806640625,"(np.int64(58), np.int64(533), np.int64(62), np.int64(539))"
14,1729.2,118.6,5.0,0.19652063276979398,1317.0155029296875,"(np.int64(117), np.int64(1729), np.int64(121), np.int64(1731))"
14,528.7272727272727,288.2590909090909,24.0,0.9432990372950112,1326.497314453125,"(np.int64(280), np.int64(521), np.int64(300), np.int64(539))"
14,1552.5,287.8333333333333,6.0,0.2358247593237528,1329.3905029296875,"(np.int64(287), np.int64(1551), np.int64(290), np.int64(1555))"
14,10.875,307.0,5.0,0.19652063276979398,1306.0992431640625,"(np.int64(304), np.int64(10), np.int64(312), np.int64(12))"
14,1701.5,319.0,2.0,0.0786082531079176,1202.1878662109375,"(np.int64(319), np.int64(1701), np.int64(320), np.int64(1703))"
14,430.0,338.0,2.0,0.0786082531079176,1193.946044921875,"(np.int64(337), np.int64(430), np.int64(340), np.int64(431))"
14,547.5,360.0,2.0,0.0786082531079176,1197.7630615234375,"(np.int64(360), np.int64(547), np.int64(361), np.int64(549))"
14,1980.8333333333335,446.5,7.0,0.2751288858777116,1249.6214599609375,"(np.int64(444), np.int64(1979), np.int64(451), np.int64(1983))"
14,564.6666666666666,458.8888888888889,9.0,0.3537371389856292,1329.3662109375,"(np.int64(458), np.int64(563), np.int64(461), np.int64(567))"
14,31.5,481.75,4.0,0.1572165062158352,1236.0794677734375,"(np.int64(481), np.int64(28), np.int64(483), np.int64(36))"
14,1364.5,585.5,4.0,0.1572165062158352,1279.088134765625,"(np.int64(584), np.int64(1363), np.int64(588), np.int64(1367))"
14,969.9533333333333,667.6533333333333,14.0,0.5502577717554231,1278.8206787109375,"(np.int64(658), np.int64(961), np.int64(686), np.int64(984))"
14,999.4,686.7333333333333,15.0,0.589561898309382,1274.2255859375,"(np.int64(683), np.int64(997), np.int64(691), np.int64(1003))"
14,1631.4285714285713,860.1428571428571,7.0,0.27512888587771156,1289.0318603515625,"(np.int64(859), np.int64(1630), np.int64(862), np.int64(1634))"
14,91.5,999.0,2.0,0.0786082531079176,1199.6837158203125,"(np.int64(997), np.int64(90), np.int64(1002), np.int64(94))"
14,1640.5,1180.0,2.0,0.0786082531079176,1187.381591796875,"(np.int64(1180), np.int64(1640), np.int64(1181), np.int64(1642))"
14,1574.3690476190477,1263.2301587301588,23.0,0.9039949107410523,1315.45947265625,"(np.int64(1255), np.int64(1567), np.int64(1273), np.int64(1582))"
14,471.3888888888889,1270.0,18.0,0.7074742779712584,1330.16845703125,"(np.int64(1269), np.int64(469), np.int64(1273), np.int64(476))"
14,534.1666666666666,1423.1666666666667,6.0,0.2358247593237528,1341.0118408203125,"(np.int64(1422), np.int64(533), np.int64(1425), np.int64(536))"
14,718.5333333333333,1477.8444444444444,45.0,1.768685694928146,1318.1337890625,"(np.int64(1475), np.int64(714), np.int64(1482), np.int64(724))"
14,1157.7555555555557,1515.0444444444445,9.0,0.3537371389856292,1321.9266357421875,"(np.int64(1511), np.int64(1149), np.int64(1520), np.int64(1169))"
14,1512.0,1572.125,8.0,0.3144330124316704,1237.8299560546875,"(np.int64(1571), np.int64(1510), np.int64(1575), np.int64(1515))"
14,743.8571428571429,1739.642857142857,14.0,0.5502577717554231,1297.1279296875,"(np.int64(1739), np.int64(740), np.int64(1741), np.int64(749))"
14,903.2,1741.65,9.0,0.3537371389856292,1318.085205078125,"(np.int64(1741), np.int64(900), np.int64(1744), np.int64(907))"
14,1157.0,1805.5,2.0,0.0786082531079176,1276.21923828125,"(np.int64(1805), np.int64(1157), np.int64(1807), np.int64(1158))"
14,333.8604557498675,1969.1200529941707,89.0,3.4980672633023326,1327.0322265625,"(np.int64(1958), np.int64(324), np.int64(1978), np.int64(347))"
15,974.8636363636364,42.0,22.0,0.8646899386967075,1322.5537109375,"(np.int64(40), np.int64(970), np.int64(45), np.int64(981))"
15,535.5454545454545,59.09090909090909,11.0,0.43234496934835376,1353.7705078125,"(np.int64(58), np.int64(533), np.int64(62), np.int64(540))"
15,1729.4,119.8,6.0,0.23582452873546572,1317.677490234375,"(np.int64(118), np.int64(1729), np.int64(122), np.int64(1732))"
15,1527.3333333333333,269.6666666666667,3.0,0.11791226436773285,1315.766357421875,"(np.int64(269), np.int64(1527), np.int64(271), np.int64(1529))"
15,528.0535714285714,287.69642857142856,27.0,1.0612103793095957,1324.244384765625,"(np.int64(279), np.int64(520), np.int64(300), np.int64(539))"
15,1552.8,288.6,5.0,0.1965204406128881,1319.931884765625,"(np.int64(288), np.int64(1552), np.int64(290), np.int64(1555))"
15,10.0,310.5,2.0,0.07860817624515523,1183.156005859375,"(np.int64(310), np.int64(10), np.int64(312), np.int64(11))"
15,1978.2,449.4,6.0,0.23582452873546572,1241.0811767578125,"(np.int64(448), np.int64(1976), np.int64(451), np.int64(1982))"
15,564.4,458.8,5.0,0.1965204406128881,1340.8819580078125,"(np.int64(458), np.int64(564), np.int64(461), np.int64(566))"
15,31.166666666666668,481.6666666666667,4.0,0.15721635249031046,1236.08251953125,"(np.int64(481), np.int64(27), np.int64(483), np.int64(35))"
15,965.4333333333332,672.5,11.0,0.4323449693483538,1265.8292236328125,"(np.int64(659), np.int64(960), np.int64(685), np.int64(983))"
15,1001.2666666666667,684.775,13.0,0.510953145593509,1278.4727783203125,"(np.int64(681), np.int64(996), np.int64(691), np.int64(1012))"
15,1270.5,685.5,2.0,0.07860817624515523,1185.6798095703125,"(np.int64(685), np.int64(1269), np.int64(687), np.int64(1273))"
15,1234.5,836.0,2.0,0.07860817624515523,1296.555908203125,"(np.int64(836), np.int64(1234), np.int64(837), np.int64(1236))"
15,1631.75,860.5,4.0,0.15721635249031046,1315.496826171875,"(np.int64(860), np.int64(1631), np.int64(862), np.int64(1634))"
15,94.0,1005.5,2.0,0.07860817624515523,1248.9710693359375,"(np.int64(997), np.int64(90), np.int64(1015), np.int64(99))"
15,995.5,1079.5,2.0,0.07860817624515523,1321.034423828125,"(np.int64(1079), np.int64(995), np.int64(1081), np.int64(997))"
15,1574.4480519480521,1263.577922077922,25.0,0.9826022030644403,1318.11865234375,"(np.int64(1255), np.int64(1567), np.int64(1273), np.int64(1584))"
15,471.26666666666665,1270.2666666666667,15.0,0.5895613218386643,1296.114990234375,"(np.int64(1269), np.int64(468), np.int64(1274), np.int64(475))"
15,534.2,1423.4,5.0,0.1965204406128881,1341.81298828125,"(np.int64(1423), np.int64(533), np.int64(1425), np.int64(536))"
15,718.1162790697674,1478.139534883721,43.0,1.6900757892708376,1318.0941162109375,"(np.int64(1475), np.int64(714), np.int64(1482), np.int64(723))"
15,1157.8666666666666,1515.6000000000001,9.0,0.35373679310319855,1321.941162109375,"(np.int64(1512), np.int64(1149), np.int64(1520), np.int64(1169))"
15,1511.4,1572.4,5.0,0.1965204406128881,1252.5240478515625,"(np.int64(1572), np.int64(1510), np.int64(1574), np.int64(1514))"
15,742.8461538461538,1739.923076923077,13.0,0.510953145593509,1296.7764892578125,"(np.int64(1739), np.int64(739), np.int64(1742), np.int64(748))"
15,900.3333333333334,1741.6666666666667,3.0,0.11791226436773285,1267.4464111328125,"(np.int64(1741), np.int64(900), np.int64(1743), np.int64(902))"
15,1318.5,1934.5,2.0,0.07860817624515523,1302.4122314453125,"(np.int64(1934), np.int64(1318), np.int64(1936), np.int64(1320))"
15,334.75252525252523,1970.8291245791245,78.0,3.065718873561054,1325.5185546875,"(np.int64(1964), np.int64(324), np.int64(1979), np.int64(346))"
16,974.3939393939394,41.984848484848484,22.0,0.8646890931239647,1330.594482421875,"(np.int64(40), np.int64(970), np.int64(46), np.int64(981))"
16,534.5555555555555,59.77777777777778,9.0,0.3537364471870765,1356.5081787109375,"(np.int64(59), np.int64(533), np.int64(62), np.int64(538))"
16,1729.3333333333333,118.66666666666667,3.0,0.11791214906235883,1242.7373046875,"(np.int64(118), np.int64(1729), np.int64(120), np.int64(1731))"
16,259.59375,156.4375,17.0,0.6681688446867,1308.2288818359375,"(np.int64(145), np.int64(255), np.int64(171), np.int64(263))"
16,1527.0,270.5,4.0,0.15721619874981177,1315.9163818359375,"(np.int64(269), np.int64(1527), np.int64(273), np.int64(1528))"
16,525.5777777777778,285.56666666666666,27.0,1.0612093415612294,1314.015625,"(np.int64(279), np.int64(519), np.int64(300), np.int64(539))"
16,1552.5,288.5,4.0,0.15721619874981177,1322.86474609375,"(np.int64(288), np.int64(1552), np.int64(290), np.int64(1554))"
16,518.5,337.5,2.0,0.07860809937490588,1206.791748046875,"(np.int64(335), np.int64(517), np.int64(341), np.int64(521))"
16,1977.6666666666667,449.6666666666667,5.0,0.19652024843726473,1197.773681640625,"(np.int64(449), np.int64(1974), np.int64(452), np.int64(1982))"
16,1002.8380952380952,686.7238095238096,13.0,0.5109526459368883,1266.264404296875,"(np.int64(683), np.int64(997), np.int64(691), np.int64(1011))"
16,1234.5,836.5,4.0,0.15721619874981177,1309.833984375,"(np.int64(836), np.int64(1234), np.int64(838), np.int64(1236))"
16,1630.4285714285713,860.5714285714286,7.0,0.2751283478121706,1242.716064453125,"(np.int64(860), np.int64(1629), np.int64(863), np.int64(1633))"
16,90.66666666666667,998.1666666666666,4.0,0.15721619874981177,1255.19775390625,"(np.int64(997), np.int64(89), np.int64(1001), np.int64(93))"
16,51.0,1054.5,2.0,0.07860809937490588,1258.914794921875,"(np.int64(1054), np.int64(51), np.int64(1056), np.int64(52))"
16,995.0,1079.6666666666667,3.0,0.11791214906235883,1261.491455078125,"(np.int64(1079), np.int64(994), np.int64(1081), np.int64(997))"
16,1638.5,1180.0,2.0,0.07860809937490588,1186.0101318359375,"(np.int64(1178), np.int64(1637), np.int64(1183), np.int64(1641))"
16,1569.0432692307693,1265.8798076923076,27.0,1.0612093415612296,1318.11279296875,"(np.int64(1256), np.int64(1554), np.int64(1274), np.int64(1582))"
16,470.55555555555554,1270.7222222222222,18.0,0.707472894374153,1305.5888671875,"(np.int64(1269), np.int64(468), np.int64(1274), np.int64(474))"
16,533.5,1423.5,4.0,0.15721619874981177,1346.053955078125,"(np.int64(1423), np.int64(533), np.int64(1425), np.int64(535))"
16,717.4285714285714,1478.4285714285713,42.0,1.6507700868730235,1318.767578125,"(np.int64(1475), np.int64(713), np.int64(1483), np.int64(723))"
16,1157.1666666666667,1515.8333333333333,8.0,0.31443239749962354,1314.353515625,"(np.int64(1512), np.int64(1149), np.int64(1520), np.int64(1168))"
16,1512.6,1572.7,6.0,0.23582429812471764,1267.40478515625,"(np.int64(1571), np.int64(1510), np.int64(1574), np.int64(1515))"
16,743.4736842105262,1729.342105263158,20.0,0.7860809937490588,1296.760986328125,"(np.int64(1719), np.int64(738), np.int64(1742), np.int64(748))"
16,330.3916307986609,1970.9028216164515,84.0,3.301540173746047,1327.04638671875,"(np.int64(1964), np.int64(323), np.int64(1979), np.int64(346))"
17,973.9479166666666,44.0,22.0,0.864688247546124,1313.6737060546875,"(np.int64(42), np.int64(969), np.int64(48), np.int64(979))"
17,534.3333333333334,61.22222222222222,9.0,0.35373610126886884,1354.4888916015625,"(np.int64(60), np.int64(533), np.int64(64), np.int64(537))"
17,1728.5,121.0,2.0,0.07860802250419308,1207.8746337890625,"(np.int64(121), np.int64(1728), np.int64(122), np.int64(1730))"
17,258.1666666666667,157.22222222222223,12.0,0.47164813502515845,1307.12646484375,"(np.int64(145), np.int64(254), np.int64(172), np.int64(263))"
17,1526.0,271.0,2.0,0.07860802250419308,1184.611328125,"(np.int64(270), np.int64(1526), np.int64(273), np.int64(1527))"
17,528.2003968253968,290.4484126984127,22.0,0.8646882475461237,1334.9403076171875,"(np.int64(277), np.int64(518), np.int64(302), np.int64(538))"
17,1550.4166666666665,290.41666666666663,7.0,0.27512807876467577,1328.9039306640625,"(np.int64(289), np.int64(1549), np.int64(292), np.int64(1554))"
17,250.0,434.5,2.0,0.07860802250419308,1223.0816650390625,"(np.int64(434), np.int64(249), np.int64(436), np.int64(252))"
17,1978.75,450.0,3.0,0.11791203375628961,1225.35693359375,"(np.int64(449), np.int64(1978), np.int64(452), np.int64(1981))"
17,960.3333333333334,673.6666666666666,3.0,0.11791203375628961,1218.8096923828125,"(np.int64(667), np.int64(958), np.int64(685), np.int64(964))"
17,1001.6363636363636,687.0,13.0,0.510952146277255,1241.144287109375,"(np.int64(684), np.int64(996), np.int64(692), np.int64(1011))"
17,1233.5,837.5,2.0,0.07860802250419308,1265.01123046875,"(np.int64(837), np.int64(1233), np.int64(839), np.int64(1235))"
17,994.5,1081.5,4.0,0.15721604500838615,1316.947265625,"(np.int64(1081), np.int64(994), np.int64(1083), np.int64(996))"
17,1574.3484848484848,1266.2525252525252,20.0,0.7860802250419308,1310.8876953125,"(np.int64(1258), np.int64(1568), np.int64(1275), np.int64(1583))"
17,470.1363636363636,1272.681818181818,14.0,0.5502561575293515,1256.142333984375,"(np.int64(1270), np.int64(467), np.int64(1275), np.int64(473))"
17,532.5,1425.0,2.0,0.07860802250419308,1315.948974609375,"(np.int64(1425), np.int64(532), np.int64(1426), np.int64(534))"
17,716.4893617021277,1479.9574468085107,47.0,1.8472885288485372,1323.1229248046875,"(np.int64(1476), np.int64(712), np.int64(1485), np.int64(722))"
17,1160.6666666666665,1516.6666666666665,4.0,0.15721604500838615,1310.84130859375,"(np.int64(1514), np.int64(1154), np.int64(1521), np.int64(1168))"
17,1511.0,1574.0,5.0,0.1965200562604827,1308.68212890625,"(np.int64(1574), np.int64(1509), np.int64(1575), np.int64(1514))"
17,744.0297619047619,1737.7619047619048,25.0,0.9826002813024135,1303.13330078125,"(np.int64(1719), np.int64(737), np.int64(1747), np.int64(754))"
17,332.946267281106,1971.688509984639,70.0,2.7512807876467575,1323.865966796875,"(np.int64(1965), np.int64(323), np.int64(1980), np.int64(345))"
18,971.75625,45.996875,26.0,1.0219032933174559,1313.578369140625,"(np.int64(43), np.int64(967), np.int64(50), np.int64(978))"
18,533.25,62.625,8.0,0.3144317825592172,1355.9954833984375,"(np.int64(62), np.int64(532), np.int64(65), np.int64(536))"
18,246.57142857142856,172.85714285714286,8.0,0.3144317825592172,1316.4525146484375,"(np.int64(170), np.int64(238), np.int64(176), np.int64(257))"
18,1550.2,291.1,10.0,0.39303972819902155,1330.1763916015625,"(np.int64(290), np.int64(1548), np.int64(293), np.int64(1553))"
18,1975.5,450.5,2.0,0.0786079456398043,1184.698486328125,"(np.int64(447), np.int64(1974), np.int64(455), np.int64(1978))"
18,957.3333333333334,685.3333333333334,3.0,0.11791191845970646,1215.5233154296875,"(np.int64(685), np.int64(957), np.int64(687), np.int64(959))"
18,998.625,690.3125,12.0,0.47164767383882583,1236.4564208984375,"(np.int64(687), np.int64(995), np.int64(693), np.int64(1002))"
18,1232.5,838.5,2.0,0.0786079456398043,1244.264404296875,"(np.int64(838), np.int64(1232), np.int64(840), np.int64(1234))"
18,1628.5,864.5,2.0,0.0786079456398043,1191.3328857421875,"(np.int64(864), np.int64(1628), np.int64(866), np.int64(1630))"
18,92.5,1008.5,2.0,0.0786079456398043,1219.139892578125,"(np.int64(1000), np.int64(89), np.int64(1018), np.int64(97))"
18,993.75,1082.75,4.0,0.1572158912796086,1302.7525634765625,"(np.int64(1082), np.int64(993), np.int64(1084), np.int64(996))"
18,1573.568181818182,1267.431818181818,15.0,0.5895595922985323,1311.8538818359375,"(np.int64(1260), np.int64(1568), np.int64(1277), np.int64(1581))"
18,469.3636363636364,1272.7727272727273,14.0,0.5502556194786301,1279.400390625,"(np.int64(1271), np.int64(466), np.int64(1276), np.int64(473))"
18,531.25,1426.25,4.0,0.1572158912796086,1329.07470703125,"(np.int64(1426), np.int64(530), np.int64(1428), np.int64(533))"
18,715.6444444444444,1481.4444444444443,45.0,1.768678776895597,1324.1407470703125,"(np.int64(1478), np.int64(710), np.int64(1487), np.int64(721))"
18,1159.75,1518.25,5.0,0.19651986409951078,1308.979736328125,"(np.int64(1516), np.int64(1153), np.int64(1522), np.int64(1167))"
18,1510.6666666666667,1575.3333333333333,3.0,0.11791191845970646,1265.2933349609375,"(np.int64(1574), np.int64(1509), np.int64(1577), np.int64(1513))"
18,739.7222222222222,1744.4166666666665,20.0,0.7860794563980431,1311.1353759765625,"(np.int64(1741), np.int64(736), np.int64(1748), np.int64(749))"
18,535.0,1800.5,2.0,0.0786079456398043,1216.0262451171875,"(np.int64(1800), np.int64(535), np.int64(1802), np.int64(536))"
18,332.5589225589226,1973.8442760942762,55.0,2.161718505094618,1329.769287109375,"(np.int64(1968), np.int64(323), np.int64(1981), np.int64(343))"
19,973.1611111111112,44.76111111111111,23.0,0.9039904909038738,1315.2794189453125,"(np.int64(43), np.int64(967), np.int64(49), np.int64(978))"
19,533.375,62.125,8.0,0.3144314750969996,1355.04150390625,"(np.int64(61), np.int64(532), np.int64(64), np.int64(536))"
19,251.04761904761904,164.0952380952381,9.0,0.3537354094841245,1299.5286865234375,"(np.int64(148), np.int64(238), np.int64(175), np.int64(261))"
19,1549.8,290.65,7.0,0.27512754070987466,1333.1536865234375,"(np.int64(290), np.int64(1548), np.int64(293), np.int64(1553))"
19,9.0,312.5,2.0,0.0786078687742499,1332.850341796875,"(np.int64(312), np.int64(9), np.int64(314), np.int64(10))"
19,250.25,436.0,3.0,0.11791180316137484,1186.8231201171875,"(np.int64(435), np.int64(249), np.int64(438), np.int64(253))"
19,1978.25,451.25,3.0,0.11791180316137484,1190.7899169921875,"(np.int64(450), np.int64(1977), np.int64(453), np.int64(1981))"
19,562.5,461.0,6.0,0.23582360632274968,1323.7265625,"(np.int64(460), np.int64(562), np.int64(463), np.int64(564))"
19,997.15,688.5166666666667,11.0,0.43234327825837443,1268.2137451171875,"(np.int64(685), np.int64(995), np.int64(693), np.int64(1001))"
19,994.3333333333334,1082.6666666666667,3.0,0.11791180316137484,1238.5556640625,"(np.int64(1082), np.int64(994), np.int64(1084), np.int64(996))"
19,1572.952380952381,1266.047619047619,9.0,0.3537354094841246,1311.6392822265625,"(np.int64(1261), np.int64(1570), np.int64(1276), np.int64(1581))"
19,467.53846153846155,1271.3461538461538,14.0,0.5502550814197493,1292.76171875,"(np.int64(1270), np.int64(466), np.int64(1276), np.int64(473))"
19,1564.25,1303.5,4.0,0.1572157375484998,1230.0618896484375,"(np.int64(1302), np.int64(1564), np.int64(1306), np.int64(1566))"
19,531.6666666666666,1426.3333333333333,3.0,0.11791180316137484,1344.6575927734375,"(np.int64(1426), np.int64(531), np.int64(1428), np.int64(533))"
19,715.6511627906976,1481.4651162790697,43.0,1.6900691786463728,1324.146484375,"(np.int64(1478), np.int64(711), np.int64(1487), np.int64(721))"
19,1153.1666666666667,1520.1666666666667,6.0,0.23582360632274968,1312.99267578125,"(np.int64(1519), np.int64(1152), np.int64(1522), np.int64(1155))"
19,1511.1666666666667,1575.6666666666667,4.0,0.1572157375484998,1257.9932861328125,"(np.int64(1575), np.int64(1509), np.int64(1578), np.int64(1513))"
19,742.8,1742.1,20.0,0.786078687742499,1310.4725341796875,"(np.int64(1740), np.int64(737), np.int64(1745), np.int64(748))"
19,332.6003787878788,1973.2108585858587,66.0,2.5940596695502465,1324.1932373046875,"(np.int64(1966), np.int64(323), np.int64(1981), np.int64(343))"
20,974.0555555555555,43.44444444444445,17.0,0.6681662312259392,1312.3118896484375,"(np.int64(41), np.int64(969), np.int64(48), np.int64(978))"
20,533.5,61.0,4.0,0.15721558381786804,1349.720458984375,"(np.int64(60), np.int64(533), np.int64(63), np.int64(535))"
20,255.5,168.5,4.0,0.15721558381786804,1312.7939453125,"(np.int64(168), np.int64(255), np.int64(170), np.int64(257))"
20,1550.4615384615386,289.0,13.0,0.5109506474080712,1323.3994140625,"(np.int64(288), np.int64(1548), np.int64(291), np.int64(1554))"
20,9.666666666666666,310.6666666666667,3.0,0.11791168786340103,1340.6575927734375,"(np.int64(310), np.int64(9), np.int64(312), np.int64(11))"
20,248.5,434.0,2.0,0.07860779190893402,1191.191650390625,"(np.int64(433), np.int64(248), np.int64(436), np.int64(250))"
20,562.6,459.8,5.0,0.19651947977233505,1331.763427734375,"(np.int64(459), np.int64(562), np.int64(462), np.int64(564))"
20,959.625,675.125,6.0,0.23582337572680206,1256.608642578125,"(np.int64(670), np.int64(958), np.int64(684), np.int64(962))"
20,998.8333333333333,688.6666666666667,4.0,0.15721558381786804,1226.5274658203125,"(np.int64(686), np.int64(997), np.int64(692), np.int64(1001))"
20,94.5,1008.5,2.0,0.07860779190893402,1221.15234375,"(np.int64(1002), np.int64(91), np.int64(1016), np.int64(99))"
20,471.1363636363636,1272.2272727272727,12.0,0.47164675145360413,1258.10302734375,"(np.int64(1270), np.int64(467), np.int64(1274), np.int64(474))"
20,1579.375,1272.5,8.0,0.3144311676357361,1311.227294921875,"(np.int64(1271), np.int64(1578), np.int64(1275), np.int64(1582))"
20,532.0,1424.5,4.0,0.15721558381786804,1332.149169921875,"(np.int64(1424), np.int64(531), np.int64(1426), np.int64(534))"
20,715.8108108108108,1480.2162162162163,37.0,1.4542441503152794,1324.484130859375,"(np.int64(1476), np.int64(711), np.int64(1486), np.int64(721))"
20,1153.5,1518.5,6.0,0.23582337572680206,1313.32421875,"(np.int64(1517), np.int64(1153), np.int64(1521), np.int64(1155))"
20,1510.5,1574.0,2.0,0.07860779190893402,1180.8271484375,"(np.int64(1574), np.int64(1509), np.int64(1575), np.int64(1513))"
20,739.7142857142858,1740.9464285714284,18.0,0.7074701271804061,1300.669921875,"(np.int64(1738), np.int64(737), np.int64(1746), np.int64(749))"
20,1344.8333333333333,1929.8333333333333,4.0,0.15721558381786804,1282.4476318359375,"(np.int64(1929), np.int64(1339), np.int64(1932), np.int64(1350))"
20,336.1048634336678,1972.9154124860647,66.0,2.5940571329948225,1324.5323486328125,"(np.int64(1963), np.int64(324), np.int64(1979), np.int64(346))"
21,974.5555555555555,42.76666666666667,18.0,0.7074694353947121,1335.96630859375,"(np.int64(41), np.int64(969), np.int64(47), np.int64(979))"
21,534.0,60.166666666666664,6.0,0.2358231451315707,1348.88525390625,"(np.int64(59), np.int64(533), np.int64(62), np.int64(536))"
21,255.5,168.0,2.0,0.0786077150438569,1306.0687255859375,"(np.int64(168), np.int64(255), np.int64(169), np.int64(257))"
21,1551.142857142857,287.7142857142857,7.0,0.27512700265349915,1275.834716796875,"(np.int64(287), np.int64(1549), np.int64(289), np.int64(1554))"
21,10.0,310.0,3.0,0.11791157256578536,1341.6630859375,"(np.int64(309), np.int64(10), np.int64(312), np.int64(11))"
21,251.0,436.6666666666667,3.0,0.11791157256578536,1196.3248291015625,"(np.int64(434), np.int64(249), np.int64(442), np.int64(255))"
21,563.7142857142857,459.14285714285717,7.0,0.27512700265349915,1333.050537109375,"(np.int64(458), np.int64(563), np.int64(461), np.int64(566))"
21,960.6666666666667,676.3333333333333,4.0,0.1572154300877138,1285.8155517578125,"(np.int64(670), np.int64(959), np.int64(684), np.int64(963))"
21,1010.5,685.0,2.0,0.0786077150438569,1201.0572509765625,"(np.int64(685), np.int64(1010), np.int64(686), np.int64(1012))"
21,50.666666666666664,1054.6666666666667,3.0,0.11791157256578536,1266.706298828125,"(np.int64(1054), np.int64(50), np.int64(1056), np.int64(52))"
21,471.29166666666663,1271.875,14.0,0.5502540053069983,1246.4306640625,"(np.int64(1269), np.int64(468), np.int64(1275), np.int64(474))"
21,1577.6666666666665,1270.2777777777778,10.0,0.3930385752192845,1307.571533203125,"(np.int64(1269), np.int64(1576), np.int64(1274), np.int64(1582))"
21,532.5,1424.0,2.0,0.0786077150438569,1344.6910400390625,"(np.int64(1424), np.int64(532), np.int64(1425), np.int64(534))"
21,715.3030303030303,1480.090909090909,33.0,1.2970272982236388,1323.809814453125,"(np.int64(1476), np.int64(711), np.int64(1486), np.int64(721))"
21,1153.8333333333333,1517.8333333333333,6.0,0.2358231451315707,1314.703857421875,"(np.int64(1517), np.int64(1153), np.int64(1520), np.int64(1156))"
21,1511.5,1572.0,2.0,0.0786077150438569,1202.986083984375,"(np.int64(1572), np.int64(1510), np.int64(1573), np.int64(1514))"
21,740.45,1740.25,14.0,0.5502540053069983,1288.3499755859375,"(np.int64(1737), np.int64(737), np.int64(1745), np.int64(749))"
21,537.3333333333334,1799.0,3.0,0.11791157256578536,1311.38427734375,"(np.int64(1798), np.int64(537), np.int64(1801), np.int64(539))"
21,1344.35,1928.1,14.0,0.5502540053069983,1296.603759765625,"(np.int64(1926), np.int64(1339), np.int64(1932), np.int64(1351))"
21,336.1857142857143,1972.6904761904764,63.0,2.4761430238814923,1318.808349609375,"(np.int64(1963), np.int64(324), np.int64(1979), np.int64(346))"
22,972.75,43.35,13.0,0.5109496481894817,1314.300537109375,"(np.int64(41), np.int64(969), np.int64(47), np.int64(976))"
22,534.3333333333334,60.333333333333336,3.0,0.11791145727449577,1350.91845703125,"(np.int64(60), np.int64(534), np.int64(62), np.int64(536))"
22,247.0,170.25,3.0,0.11791145727449577,1269.1434326171875,"(np.int64(168), np.int64(239), np.int64(174), np.int64(256))"
22,1552.125,288.375,6.0,0.23582291454899154,1264.4833984375,"(np.int64(288), np.int64(1550), np.int64(291), np.int64(1555))"
22,517.0,340.5,2.0,0.07860763818299718,1235.0567626953125,"(np.int64(340), np.int64(517), np.int64(342), np.int64(518))"
22,247.0,439.0,2.0,0.07860763818299718,1190.6328125,"(np.int64(434), np.int64(246), np.int64(445), np.int64(249))"
22,1978.8,449.2,5.0,0.19651909545749296,1195.056396484375,"(np.int64(447), np.int64(1976), np.int64(452), np.int64(1982))"
22,563.3333333333334,459.5,6.0,0.23582291454899154,1333.39013671875,"(np.int64(458), np.int64(563), np.int64(462), np.int64(565))"
22,991.5,656.5,2.0,0.07860763818299718,1228.906494140625,"(np.int64(656), np.int64(991), np.int64(658), np.int64(993))"
22,960.65,677.55,8.0,0.3144305527319887,1286.4588623046875,"(np.int64(671), np.int64(959), np.int64(686), np.int64(963))"
22,997.0,684.0,2.0,0.07860763818299718,1190.9404296875,"(np.int64(683), np.int64(996), np.int64(686), np.int64(999))"
22,109.98643410852713,1049.5968992248063,48.0,1.886583316391932,1313.3544921875,"(np.int64(1038), np.int64(106), np.int64(1054), np.int64(114))"
22,50.666666666666664,1054.6666666666667,3.0,0.11791145727449577,1268.1026611328125,"(np.int64(1054), np.int64(50), np.int64(1056), np.int64(52))"
22,995.5,1080.5,2.0,0.07860763818299718,1192.2886962890625,"(np.int64(1080), np.int64(995), np.int64(1082), np.int64(997))"
22,468.83333333333337,1271.0,7.0,0.2751267336404901,1253.69677734375,"(np.int64(1270), np.int64(467), np.int64(1273), np.int64(474))"
22,1579.1,1271.6,10.0,0.39303819091498593,1307.5826416015625,"(np.int64(1270), np.int64(1577), np.int64(1274), np.int64(1582))"
22,913.5,1328.0,2.0,0.07860763818299718,1232.6912841796875,"(np.int64(1328), np.int64(913), np.int64(1329), np.int64(915))"
22,533.0,1424.0,3.0,0.11791145727449577,1345.71435546875,"(np.int64(1424), np.int64(532), np.int64(1425), np.int64(535))"
22,715.3783783783783,1480.3513513513512,37.0,1.4542413063854478,1323.809814453125,"(np.int64(1476), np.int64(711), np.int64(1487), np.int64(721))"
22,1154.0,1518.0,7.0,0.2751267336404901,1313.685546875,"(np.int64(1517), np.int64(1153), np.int64(1520), np.int64(1156))"
22,742.75,1741.25,4.0,0.15721527636599436,1222.7325439453125,"(np.int64(1740), np.int64(737), np.int64(1745), np.int64(748))"
22,537.1428571428571,1799.2857142857142,7.0,0.2751267336404901,1271.035888671875,"(np.int64(1798), np.int64(535), np.int64(1801), np.int64(540))"
22,1343.1935483870968,1929.5483870967741,31.0,1.2184183918364564,1315.033935546875,"(np.int64(1926), np.int64(1338), np.int64(1932), np.int64(1351))"
22,334.984756097561,1971.8122309899568,62.0,2.436836783672913,1318.960693359375,"(np.int64(1964), np.int64(325), np.int64(1978), np.int64(346))"
23,972.4047619047619,43.523809523809526,10.0,0.3930378065908161,1315.9200439453125,"(np.int64(42), np.int64(969), np.int64(47), np.int64(976))"
23,534.25,60.75,4.0,0.15721512263632645,1336.982177734375,"(np.int64(60), np.int64(534), np.int64(63), np.int64(536))"
23,238.33333333333334,172.66666666666666,3.0,0.11791134197724484,1250.9246826171875,"(np.int64(172), np.int64(238), np.int64(174), np.int64(240))"
23,1553.5,288.5,6.0,0.2358226839544897,1244.63623046875,"(np.int64(287), np.int64(1553), np.int64(291), np.int64(1555))"
23,10.0,309.5,2.0,0.07860756131816322,1344.325927734375,"(np.int64(309), np.int64(10), np.int64(311), np.int64(11))"
23,516.0,341.5,2.0,0.07860756131816322,1198.95849609375,"(np.int64(341), np.int64(516), np.int64(343), np.int64(517))"
23,562.6666666666666,459.1666666666667,6.0,0.2358226839544897,1319.5810546875,"(np.int64(458), np.int64(562), np.int64(462), np.int64(564))"
23,959.3333333333334,683.0,3.0,0.11791134197724484,1285.812744140625,"(np.int64(682), np.int64(959), np.int64(685), np.int64(961))"
23,91.0,999.0,2.0,0.07860756131816322,1215.2181396484375,"(np.int64(998), np.int64(91), np.int64(1001), np.int64(92))"
23,50.5,1055.0,4.0,0.15721512263632645,1299.5096435546875,"(np.int64(1054), np.int64(50), np.int64(1057), np.int64(52))"
23,470.875,1271.25,8.0,0.3144302452726529,1218.10400390625,"(np.int64(1270), np.int64(468), np.int64(1274), np.int64(475))"
23,1578.9,1271.7,10.0,0.3930378065908161,1310.2130126953125,"(np.int64(1270), np.int64(1577), np.int64(1274), np.int64(1582))"
23,533.0,1424.25,4.0,0.15721512263632645,1345.0150146484375,"(np.int64(1424), np.int64(532), np.int64(1426), np.int64(535))"
23,715.3030303030303,1480.6666666666667,33.0,1.2970247617496933,1324.146728515625,"(np.int64(1477), np.int64(711), np.int64(1487), np.int64(721))"
23,1153.7142857142858,1518.142857142857,7.0,0.27512646461357126,1314.993896484375,"(np.int64(1517), np.int64(1153), np.int64(1520), np.int64(1156))"
23,1511.25,1573.5,3.0,0.11791134197724484,1273.6881103515625,"(np.int64(1573), np.int64(1509), np.int64(1575), np.int64(1514))"
23,743.0,1713.5,2.0,0.07860756131816322,1191.59326171875,"(np.int64(1713), np.int64(743), np.int64(1715), np.int64(744))"
23,741.5,1742.5,2.0,0.07860756131816322,1217.4794921875,"(np.int64(1740), np.int64(736), np.int64(1746), np.int64(748))"
23,534.0,1799.75,9.0,0.35373402593173453,1278.0599365234375,"(np.int64(1797), np.int64(532), np.int64(1802), np.int64(538))"
23,1343.7179487179487,1928.6538461538464,28.0,1.1005058584542853,1317.578369140625,"(np.int64(1927), np.int64(1338), np.int64(1932), np.int64(1350))"
23,333.5298701298701,1972.5246753246752,55.0,2.161707936249489,1318.09521484375,"(np.int64(1964), np.int64(323), np.int64(1979), np.int64(346))"
24,972.5,42.5,14.0,0.5502523911504014,1314.9642333984375,"(np.int64(40), np.int64(969), np.int64(46), np.int64(977))"
24,534.3333333333334,59.333333333333336,3.0,0.117911226675086,1275.7532958984375,"(np.int64(59), np.int64(534), np.int64(61), np.int64(536))"
24,246.55,169.65,9.0,0.35373368002525796,1306.6510009765625,"(np.int64(167), np.int64(238), np.int64(174), np.int64(256))"
24,1553.5714285714287,287.2857142857143,7.0,0.2751261955752007,1302.8123779296875,"(np.int64(286), np.int64(1553), np.int64(290), np.int64(1555))"
24,9.714285714285714,308.85714285714283,7.0,0.2751261955752007,1344.331298828125,"(np.int64(308), np.int64(9), np.int64(311), np.int64(12))"
24,563.0,458.2857142857143,7.0,0.2751261955752007,1297.13671875,"(np.int64(456), np.int64(562), np.int64(461), np.int64(565))"
24,959.0,681.5,2.0,0.07860748445005733,1284.8436279296875,"(np.int64(681), np.int64(959), np.int64(683), np.int64(960))"
24,997.0,683.75,3.0,0.117911226675086,1188.240966796875,"(np.int64(682), np.int64(995), np.int64(687), np.int64(1000))"
24,51.0,1053.5,4.0,0.15721496890011466,1297.584228515625,"(np.int64(1053), np.int64(50), np.int64(1055), np.int64(53))"
24,471.1875,1270.6875,9.0,0.35373368002525796,1222.435791015625,"(np.int64(1268), np.int64(468), np.int64(1273), np.int64(474))"
24,1578.4,1270.1,10.0,0.39303742225028665,1319.109130859375,"(np.int64(1268), np.int64(1576), np.int64(1273), np.int64(1581))"
24,533.0,1423.0,7.0,0.2751261955752007,1342.8475341796875,"(np.int64(1422), np.int64(532), np.int64(1425), np.int64(535))"
24,714.9,1480.35,24.0,0.943289813400688,1324.478515625,"(np.int64(1476), np.int64(711), np.int64(1487), np.int64(721))"
24,1153.5,1517.5,4.0,0.15721496890011466,1313.315673828125,"(np.int64(1517), np.int64(1153), np.int64(1519), np.int64(1155))"
24,1509.5,1572.0,2.0,0.07860748445005733,1299.5859375,"(np.int64(1572), np.int64(1509), np.int64(1573), np.int64(1511))"
24,534.5833333333333,1799.1666666666665,8.0,0.3144299378002293,1279.709716796875,"(np.int64(1797), np.int64(532), np.int64(1802), np.int64(540))"
24,1342.6785714285713,1928.9285714285713,28.0,1.1005047823008027,1316.9189453125,"(np.int64(1927), np.int64(1338), np.int64(1931), np.int64(1348))"
24,335.33181818181816,1972.4142424242425,46.0,1.8079721423513186,1316.895263671875,"(np.int64(1965), np.int64(324), np.int64(1978), np.int64(345))"
24,1212.5,2021.0,2.0,0.07860748445005733,1335.3822021484375,"(np.int64(2021), np.int64(1212), np.int64(2022), np.int64(1214))"
25,972.85,42.05,9.0,0.3537333342251834,1310.2982177734375,"(np.int64(40), np.int64(970), np.int64(45), np.int64(977))"
25,534.0,59.5,2.0,0.0786074076055963,1203.071044921875,"(np.int64(59), np.int64(534), np.int64(61), np.int64(535))"
25,249.7777777777778,165.94444444444446,9.0,0.3537333342251833,1312.5863037109375,"(np.int64(159), np.int64(238), np.int64(174), np.int64(257))"
25,488.5,275.0,2.0,0.0786074076055963,1217.60546875,"(np.int64(274), np.int64(488), np.int64(277), np.int64(490))"
25,1554.125,287.25,8.0,0.3144296304223852,1325.0926513671875,"(np.int64(285), np.int64(1553), np.int64(291), np.int64(1557))"
25,10.142857142857142,308.14285714285717,7.0,0.27512592661958707,1347.2713623046875,"(np.int64(307), np.int64(9), np.int64(311), np.int64(12))"
25,7.0,336.0,2.0,0.0786074076055963,1180.164306640625,"(np.int64(334), np.int64(7), np.int64(339), np.int64(8))"
25,249.5,437.0,2.0,0.0786074076055963,1179.2022705078125,"(np.int64(433), np.int64(248), np.int64(442), np.int64(252))"
25,563.2,457.8,5.0,0.19651851901399076,1340.5631103515625,"(np.int64(456), np.int64(563), np.int64(460), np.int64(565))"
25,32.5,480.5,2.0,0.0786074076055963,1177.642333984375,"(np.int64(480), np.int64(31), np.int64(482), np.int64(35))"
25,959.6666666666666,674.8333333333334,4.0,0.1572148152111926,1282.243408203125,"(np.int64(671), np.int64(959), np.int64(682), np.int64(961))"
25,1658.5,778.0,2.0,0.0786074076055963,1218.2554931640625,"(np.int64(778), np.int64(1658), np.int64(779), np.int64(1660))"
25,106.46747967479673,1047.7204155374886,52.0,2.043792597745504,1312.352294921875,"(np.int64(1039), np.int64(101), np.int64(1053), np.int64(114))"
25,51.0,1053.5,4.0,0.1572148152111926,1294.4637451171875,"(np.int64(1053), np.int64(50), np.int64(1055), np.int64(53))"
25,993.5,1079.0,2.0,0.0786074076055963,1223.3515625,"(np.int64(1079), np.int64(993), np.int64(1080), np.int64(995))"
25,1578.4166666666667,1269.6666666666667,12.0,0.47164444563357777,1317.786376953125,"(np.int64(1268), np.int64(1576), np.int64(1272), np.int64(1582))"
25,471.2,1270.0,5.0,0.19651851901399076,1241.13623046875,"(np.int64(1269), np.int64(470), np.int64(1272), np.int64(474))"
25,533.2,1422.4,5.0,0.19651851901399076,1343.9952392578125,"(np.int64(1422), np.int64(532), np.int64(1424), np.int64(535))"
25,714.9166666666667,1480.0416666666665,15.0,0.5895555570419722,1316.304443359375,"(np.int64(1476), np.int64(711), np.int64(1485), np.int64(721))"
25,1153.8333333333333,1516.8333333333333,6.0,0.23582222281678888,1312.8463134765625,"(np.int64(1516), np.int64(1153), np.int64(1519), np.int64(1156))"
25,451.5,1755.0,2.0,0.0786074076055963,1219.529541015625,"(np.int64(1755), np.int64(451), np.int64(1756), np.int64(453))"
25,534.5,1796.75,8.0,0.3144296304223852,1294.541748046875,"(np.int64(1793), np.int64(532), np.int64(1801), np.int64(539))"
25,1342.2142857142858,1929.0714285714287,28.0,1.1005037064783483,1317.240478515625,"(np.int64(1928), np.int64(1338), np.int64(1932), np.int64(1348))"
25,336.31324786324785,1973.2376068376068,27.0,1.06120000267555,1321.79052734375,"(np.int64(1967), np.int64(328), np.int64(1977), np.int64(346))"
25,1212.0,2020.5,2.0,0.0786074076055963,1280.787353515625,"(np.int64(2020), np.int64(1211), np.int64(2022), np.int64(1214))"
26,972.5833333333333,43.33333333333333,12.0,0.47164398446010436,1315.591552734375,"(np.int64(41), np.int64(969), np.int64(47), np.int64(977))"
26,249.7111111111111,167.35555555555553,9.0,0.35373298834507827,1307.322021484375,"(np.int64(161), np.int64(238), np.int64(174), np.int64(257))"
26,381.0,221.5,2.0,0.07860733074335073,1195.15576171875,"(np.int64(221), np.int64(380), np.int64(223), np.int64(383))"
26,1554.1,288.9,10.0,0.39303665371675367,1330.171142578125,"(np.int64(286), np.int64(1553), np.int64(292), np.int64(1557))"
26,9.555555555555555,310.22222222222223,9.0,0.35373298834507827,1343.9857177734375,"(np.int64(308), np.int64(9), np.int64(313), np.int64(11))"
26,516.5,340.0,2.0,0.07860733074335073,1214.419677734375,"(np.int64(340), np.int64(516), np.int64(341), np.int64(518))"
26,247.33333333333334,435.0,3.0,0.11791099611502609,1213.3203125,"(np.int64(434), np.int64(247), np.int64(437), np.int64(249))"
26,563.25,459.625,8.0,0.3144293229734029,1326.51416015625,"(np.int64(458), np.int64(562), np.int64(462), np.int64(565))"
26,958.8333333333333,683.5,4.0,0.15721466148670146,1210.93017578125,"(np.int64(681), np.int64(958), np.int64(686), np.int64(960))"
26,1658.0,779.5,2.0,0.07860733074335073,1196.6136474609375,"(np.int64(779), np.int64(1658), np.int64(781), np.int64(1659))"
26,50.666666666666664,1054.6666666666667,3.0,0.11791099611502609,1298.19189453125,"(np.int64(1054), np.int64(50), np.int64(1056), np.int64(52))"
26,993.0,1081.0,3.0,0.11791099611502609,1228.640625,"(np.int64(1081), np.int64(992), np.int64(1082), np.int64(995))"
26,1578.7777777777778,1271.2222222222222,9.0,0.35373298834507827,1314.659423828125,"(np.int64(1269), np.int64(1577), np.int64(1274), np.int64(1582))"
26,471.0,1271.25,3.0,0.11791099611502609,1199.1710205078125,"(np.int64(1270), np.int64(470), np.int64(1273), np.int64(473))"
26,533.0,1424.0,7.0,0.2751256576017276,1345.013427734375,"(np.int64(1423), np.int64(532), np.int64(1426), np.int64(535))"
26,714.25,1481.6,11.0,0.432340319088429,1314.1097412109375,"(np.int64(1477), np.int64(711), np.int64(1486), np.int64(720))"
26,1153.5714285714287,1518.2857142857142,7.0,0.2751256576017276,1313.91845703125,"(np.int64(1517), np.int64(1153), np.int64(1521), np.int64(1155))"
26,536.0,1799.0,5.0,0.19651832685837684,1317.455810546875,"(np.int64(1798), np.int64(535), np.int64(1801), np.int64(538))"
26,1341.2555555555555,1930.8777777777777,19.0,0.7467696420618319,1315.37646484375,"(np.int64(1929), np.int64(1337), np.int64(1934), np.int64(1347))"
26,333.99523809523805,1972.5761904761907,15.0,0.5895549805751304,1314.4443359375,"(np.int64(1967), np.int64(324), np.int64(1978), np.int64(345))"
26,1213.6666666666667,2022.3333333333333,3.0,0.11791099611502609,1329.2628173828125,"(np.int64(2022), np.int64(1213), np.int64(2024), np.int64(1215))"
27,972.3375,45.3625,13.0,0.5109471502332974,1313.679443359375,"(np.int64(43), np.int64(969), np.int64(49), np.int64(977))"
27,1540.5,128.0,2.0,0.07860725388204574,1281.676025390625,"(np.int64(128), np.int64(1540), np.int64(129), np.int64(1542))"
27,249.05555555555554,169.2777777777778,8.0,0.314429015528183,1316.5771484375,"(np.int64(163), np.int64(237), np.int64(176), np.int64(256))"
27,1553.7777777777778,291.1111111111111,9.0,0.3537326424692058,1327.475830078125,"(np.int64(289), np.int64(1553), np.int64(294), np.int64(1556))"
27,9.5,312.5,8.0,0.314429015528183,1345.4520263671875,"(np.int64(311), np.int64(9), np.int64(315), np.int64(11))"
27,563.8,461.6,6.0,0.23582176164613725,1276.778076171875,"(np.int64(460), np.int64(562), np.int64(463), np.int64(566))"
27,1002.0,685.5,2.0,0.07860725388204574,1199.898193359375,"(np.int64(683), np.int64(994), np.int64(689), np.int64(1011))"
27,958.75,685.75,4.0,0.1572145077640915,1234.9276123046875,"(np.int64(685), np.int64(958), np.int64(688), np.int64(960))"
27,50.5,1057.0,4.0,0.1572145077640915,1239.8255615234375,"(np.int64(1056), np.int64(50), np.int64(1059), np.int64(52))"
27,992.75,1083.0,4.0,0.1572145077640915,1281.9324951171875,"(np.int64(1082), np.int64(992), np.int64(1085), np.int64(995))"
27,660.0,1177.5,2.0,0.07860725388204574,1194.974609375,"(np.int64(1177), np.int64(660), np.int64(1179), np.int64(661))"
27,469.75,1272.5,4.0,0.1572145077640915,1211.1815185546875,"(np.int64(1271), np.int64(469), np.int64(1275), np.int64(472))"
27,1578.0833333333333,1273.1666666666667,12.0,0.47164352329227444,1307.6275634765625,"(np.int64(1271), np.int64(1576), np.int64(1276), np.int64(1581))"
27,532.8,1426.2,5.0,0.19651813470511437,1345.682861328125,"(np.int64(1425), np.int64(532), np.int64(1428), np.int64(535))"
27,224.0,1435.5,2.0,0.07860725388204574,1274.67529296875,"(np.int64(1435), np.int64(224), np.int64(1437), np.int64(225))"
27,711.5,1486.5,8.0,0.314429015528183,1321.7059326171875,"(np.int64(1484), np.int64(710), np.int64(1489), np.int64(715))"
27,1153.5,1520.5,6.0,0.23582176164613722,1313.65380859375,"(np.int64(1519), np.int64(1153), np.int64(1523), np.int64(1155))"
27,535.5,1800.5,2.0,0.07860725388204574,1209.412109375,"(np.int64(1800), np.int64(535), np.int64(1802), np.int64(537))"
27,1340.75,1931.775,14.0,0.5502507771743201,1282.1376953125,"(np.int64(1927), np.int64(1337), np.int64(1937), np.int64(1347))"
27,334.9037037037037,1975.7518518518518,22.0,0.8646797927025032,1306.3453369140625,"(np.int64(1969), np.int64(324), np.int64(1980), np.int64(345))"
27,1213.0,2024.25,3.0,0.11791088082306861,1333.5533447265625,"(np.int64(2024), np.int64(1212), np.int64(2026), np.int64(1215))"
28,972.4833333333333,46.38333333333333,11.0,0.4323394735883653,1311.9415283203125,"(np.int64(44), np.int64(969), np.int64(50), np.int64(977))"
28,1540.5,129.0,2.0,0.07860717701606641,1284.870361328125,"(np.int64(129), np.int64(1540), np.int64(130), np.int64(1542))"
28,249.61111111111111,169.94444444444446,8.0,0.31442870806426565,1302.7591552734375,"(np.int64(163), np.int64(238), np.int64(177), np.int64(257))"
28,486.6666666666667,277.0,3.0,0.11791076552409963,1232.183837890625,"(np.int64(269), np.int64(485), np.int64(283), np.int64(489))"
28,1554.090909090909,292.1818181818182,11.0,0.4323394735883653,1328.150634765625,"(np.int64(290), np.int64(1553), np.int64(295), np.int64(1557))"
28,9.75,314.3333333333333,12.0,0.4716430620963985,1340.328369140625,"(np.int64(312), np.int64(9), np.int64(319), np.int64(12))"
28,1978.5,452.5,2.0,0.07860717701606641,1184.9002685546875,"(np.int64(452), np.int64(1978), np.int64(454), np.int64(1980))"
28,562.5,462.5,2.0,0.07860717701606641,1234.8153076171875,"(np.int64(462), np.int64(562), np.int64(464), np.int64(564))"
28,959.5,681.75,5.0,0.19651794254016602,1233.07958984375,"(np.int64(677), np.int64(959), np.int64(689), np.int64(961))"
28,1217.3333333333333,845.3333333333334,3.0,0.11791076552409963,1319.97607421875,"(np.int64(845), np.int64(1217), np.int64(847), np.int64(1219))"
28,50.666666666666664,1058.6666666666667,3.0,0.11791076552409963,1300.7435302734375,"(np.int64(1058), np.int64(50), np.int64(1060), np.int64(52))"
28,993.0,1084.0,5.0,0.19651794254016602,1309.81396484375,"(np.int64(1083), np.int64(992), np.int64(1086), np.int64(995))"
28,1579.090909090909,1274.4545454545455,11.0,0.4323394735883653,1315.832763671875,"(np.int64(1273), np.int64(1577), np.int64(1277), np.int64(1582))"
28,470.5,1274.5,4.0,0.15721435403213282,1193.57861328125,"(np.int64(1274), np.int64(470), np.int64(1276), np.int64(472))"
28,533.2,1427.4,5.0,0.19651794254016602,1347.355224609375,"(np.int64(1427), np.int64(532), np.int64(1429), np.int64(535))"
28,712.5,1487.0,4.0,0.15721435403213282,1317.848388671875,"(np.int64(1486), np.int64(712), np.int64(1489), np.int64(714))"
28,1153.5714285714287,1521.7142857142858,7.0,0.2751251195562324,1310.7657470703125,"(np.int64(1520), np.int64(1153), np.int64(1524), np.int64(1155))"
28,745.625,1738.25,5.0,0.19651794254016602,1228.62841796875,"(np.int64(1720), np.int64(742), np.int64(1746), np.int64(750))"
28,534.5,1801.5,2.0,0.07860717701606641,1185.26416015625,"(np.int64(1801), np.int64(533), np.int64(1803), np.int64(537))"
28,999.5,1833.5,2.0,0.07860717701606641,1222.16162109375,"(np.int64(1833), np.int64(999), np.int64(1835), np.int64(1001))"
28,1341.5,1933.9545454545455,12.0,0.4716430620963985,1289.0416259765625,"(np.int64(1933), np.int64(1339), np.int64(1936), np.int64(1348))"
28,335.1166666666667,1976.7333333333333,21.0,0.8253753586686974,1308.7501220703125,"(np.int64(1971), np.int64(324), np.int64(1981), np.int64(345))"
28,1210.45,2024.55,7.0,0.2751251195562324,1335.1494140625,"(np.int64(2023), np.int64(1207), np.int64(2027), np.int64(1216))"
29,973.125,46.5,11.0,0.43233905084995206,1300.6163330078125,"(np.int64(44), np.int64(970), np.int64(50), np.int64(977))"
29,632.5,98.0,4.0,0.1572142003090735,1297.3935546875,"(np.int64(97), np.int64(631), np.int64(100), np.int64(635))"
29,1541.5,129.0,2.0,0.07860710015453674,1281.47607421875,"(np.int64(129), np.int64(1541), np.int64(130), np.int64(1543))"
29,238.5,175.5,4.0,0.1572142003090735,1280.803466796875,"(np.int64(175), np.int64(238), np.int64(177), np.int64(240))"
29,488.25,280.25,3.0,0.11791065023180511,1200.8515625,"(np.int64(279), np.int64(487), np.int64(283), np.int64(490))"
29,1552.75,291.9583333333333,15.0,0.5895532511590256,1323.427734375,"(np.int64(290), np.int64(1550), np.int64(296), np.int64(1559))"
29,512.0,307.0,3.0,0.11791065023180511,1281.504150390625,"(np.int64(306), np.int64(512), np.int64(309), np.int64(513))"
29,10.416666666666666,314.1666666666667,12.0,0.47164260092722043,1338.9249267578125,"(np.int64(312), np.int64(9), np.int64(318), np.int64(12))"
29,955.6666666666667,684.9166666666667,7.0,0.2751248505408786,1217.4976806640625,"(np.int64(683), np.int64(952), np.int64(690), np.int64(961))"
29,2017.5,803.0,2.0,0.07860710015453674,1262.50390625,"(np.int64(803), np.int64(2017), np.int64(804), np.int64(2019))"
29,1218.0,845.5,2.0,0.07860710015453674,1322.1947021484375,"(np.int64(845), np.int64(1218), np.int64(847), np.int64(1219))"
29,51.333333333333336,1058.3333333333333,3.0,0.11791065023180511,1245.5775146484375,"(np.int64(1058), np.int64(51), np.int64(1060), np.int64(53))"
29,994.0,1084.5,4.0,0.1572142003090735,1243.9521484375,"(np.int64(1084), np.int64(993), np.int64(1086), np.int64(996))"
29,661.0,1178.5,2.0,0.07860710015453674,1262.4759521484375,"(np.int64(1178), np.int64(661), np.int64(1180), np.int64(662))"
29,1578.923076923077,1274.076923076923,13.0,0.5109461510044888,1314.824462890625,"(np.int64(1272), np.int64(1575), np.int64(1277), np.int64(1583))"
29,534.3333333333334,1427.6666666666667,3.0,0.11791065023180511,1335.309814453125,"(np.int64(1427), np.int64(534), np.int64(1429), np.int64(536))"
29,224.5,1437.0,2.0,0.07860710015453674,1211.2484130859375,"(np.int64(1437), np.int64(224), np.int64(1438), np.int64(226))"
29,1154.4285714285713,1521.7142857142858,7.0,0.2751248505408786,1310.760986328125,"(np.int64(1520), np.int64(1154), np.int64(1524), np.int64(1156))"
29,743.5,1744.3333333333335,9.0,0.3537319506954153,1242.8311767578125,"(np.int64(1743), np.int64(741), np.int64(1746), np.int64(749))"
29,1345.875,1933.0,9.0,0.35373195069541535,1242.6630859375,"(np.int64(1932), np.int64(1342), np.int64(1936), np.int64(1349))"
29,1588.5,1935.0,2.0,0.07860710015453674,1204.8028564453125,"(np.int64(1935), np.int64(1588), np.int64(1936), np.int64(1590))"
29,333.79924242424244,1975.2291666666667,25.0,0.9825887519317092,1282.5970458984375,"(np.int64(1971), np.int64(324), np.int64(1982), np.int64(346))"
29,1211.0,2024.25,5.0,0.19651775038634187,1334.1328125,"(np.int64(2023), np.int64(1208), np.int64(2027), np.int64(1216))"
30,971.5,47.5,4.0,0.15721404660895935,1303.4827880859375,"(np.int64(47), np.int64(971), np.int64(49), np.int64(973))"
30,1541.5,128.5,4.0,0.15721404660895935,1293.16845703125,"(np.int64(128), np.int64(1541), np.int64(130), np.int64(1543))"
30,252.0,167.875,5.0,0.1965175582611992,1225.6849365234375,"(np.int64(162), np.int64(239), np.int64(176), np.int64(258))"
30,1553.193181818182,291.6363636363636,15.0,0.5895526747835975,1330.512451171875,"(np.int64(290), np.int64(1550), np.int64(295), np.int64(1559))"
30,513.25,306.875,8.0,0.3144280932179187,1312.060791015625,"(np.int64(305), np.int64(511), np.int64(310), np.int64(517))"
30,11.0,313.77777777777777,9.0,0.35373160487015853,1338.93505859375,"(np.int64(312), np.int64(10), np.int64(317), np.int64(13))"
30,1892.3333333333333,396.3333333333333,3.0,0.11791053495671952,1196.8411865234375,"(np.int64(396), np.int64(1892), np.int64(398), np.int64(1894))"
30,956.1666666666667,684.3333333333333,9.0,0.35373160487015853,1286.9747314453125,"(np.int64(682), np.int64(952), np.int64(689), np.int64(962))"
30,1218.5,844.5,4.0,0.15721404660895935,1298.0665283203125,"(np.int64(844), np.int64(1218), np.int64(846), np.int64(1220))"
30,52.0,1058.25,4.0,0.15721404660895935,1298.196044921875,"(np.int64(1058), np.int64(51), np.int64(1060), np.int64(54))"
30,993.6666666666666,1083.3333333333333,3.0,0.11791053495671952,1269.5595703125,"(np.int64(1083), np.int64(993), np.int64(1085), np.int64(995))"
30,661.3333333333334,1178.3333333333333,3.0,0.11791053495671952,1263.443603515625,"(np.int64(1178), np.int64(661), np.int64(1180), np.int64(663))"
30,1578.0625,1273.1875,16.0,0.6288561864358374,1312.3199462890625,"(np.int64(1271), np.int64(1574), np.int64(1276), np.int64(1583))"
30,534.5,1427.0,2.0,0.07860702330447968,1336.7840576171875,"(np.int64(1427), np.int64(534), np.int64(1428), np.int64(536))"
30,1155.0,1521.0,3.0,0.11791053495671952,1310.1171875,"(np.int64(1520), np.int64(1155), np.int64(1523), np.int64(1156))"
30,744.9,1743.5,10.0,0.39303511652239836,1299.1031494140625,"(np.int64(1742), np.int64(741), np.int64(1745), np.int64(750))"
30,535.5,1802.5,2.0,0.07860702330447968,1197.463134765625,"(np.int64(1802), np.int64(535), np.int64(1804), np.int64(537))"
30,1349.7857142857142,1930.3214285714284,17.0,0.6681596980880773,1282.1026611328125,"(np.int64(1928), np.int64(1340), np.int64(1936), np.int64(1359))"
30,334.87857142857143,1975.7875,23.0,0.9039807680015163,1280.469970703125,"(np.int64(1970), np.int64(325), np.int64(1981), np.int64(346))"
30,1211.75,2024.0,3.0,0.11791053495671952,1345.1029052734375,"(np.int64(2023), np.int64(1209), np.int64(2026), np.int64(1216))"
31,971.3333333333334,47.666666666666664,3.0,0.11791041965811935,1291.0079345703125,"(np.int64(47), np.int64(971), np.int64(49), np.int64(973))"
31,1551.1583333333335,291.51666666666665,14.0,0.5502486250712236,1329.827392578125,"(np.int64(290), np.int64(1547), np.int64(295), np.int64(1559))"
31,514.4642857142858,307.8928571428571,9.0,0.35373125897435803,1316.8695068359375,"(np.int64(305), np.int64(511), np.int64(311), np.int64(518))"
31,10.6,313.4,5.0,0.19651736609686557,1339.6136474609375,"(np.int64(312), np.int64(10), np.int64(316), np.int64(12))"
31,7.5,343.0,2.0,0.07860694643874623,1251.158203125,"(np.int64(343), np.int64(7), np.int64(344), np.int64(9))"
31,1892.1666666666665,397.83333333333337,4.0,0.15721389287749246,1302.0682373046875,"(np.int64(396), np.int64(1892), np.int64(400), np.int64(1894))"
31,985.0,657.75,3.0,0.11791041965811935,1195.3958740234375,"(np.int64(657), np.int64(984), np.int64(659), np.int64(987))"
31,955.7,684.3,8.0,0.3144277857549849,1276.61328125,"(np.int64(681), np.int64(952), np.int64(689), np.int64(961))"
31,2021.3333333333333,796.3333333333334,3.0,0.11791041965811935,1285.2337646484375,"(np.int64(796), np.int64(2021), np.int64(798), np.int64(2023))"
31,1218.0,844.5,2.0,0.07860694643874623,1321.8575439453125,"(np.int64(844), np.int64(1218), np.int64(846), np.int64(1219))"
31,109.38,1050.1799999999998,26.0,1.021890303703701,1302.7459716796875,"(np.int64(1043), np.int64(107), np.int64(1055), np.int64(113))"
31,51.5,1058.5,4.0,0.15721389287749246,1270.107177734375,"(np.int64(1058), np.int64(51), np.int64(1060), np.int64(53))"
31,661.0,1178.5,2.0,0.07860694643874623,1303.315185546875,"(np.int64(1178), np.int64(661), np.int64(1180), np.int64(662))"
31,1577.75,1273.3,20.0,0.7860694643874623,1308.0321044921875,"(np.int64(1271), np.int64(1573), np.int64(1277), np.int64(1583))"
31,745.8333333333333,1732.3333333333335,10.0,0.39303473219373114,1306.188720703125,"(np.int64(1721), np.int64(740), np.int64(1745), np.int64(749))"
31,1347.8333333333333,1931.6190476190477,16.0,0.6288555715099698,1298.3001708984375,"(np.int64(1930), np.int64(1341), np.int64(1936), np.int64(1352))"
31,332.66666666666663,1975.472222222222,19.0,0.7467659911680893,1306.8935546875,"(np.int64(1970), np.int64(325), np.int64(1981), np.int64(343))"
31,1214.6666666666667,2025.3333333333333,3.0,0.11791041965811935,1333.6768798828125,"(np.int64(2025), np.int64(1214), np.int64(2027), np.int64(1216))"
32,970.3333333333334,47.666666666666664,3.0,0.11791030436233496,1290.69140625,"(np.int64(47), np.int64(970), np.int64(49), np.int64(972))"
32,1550.4583333333333,291.625,13.0,0.5109446522367849,1326.81591796875,"(np.int64(290), np.int64(1546), np.int64(296), np.int64(1559))"
32,35.5,291.0,2.0,0.07860686957488998,1347.124755859375,"(np.int64(291), np.int64(35), np.int64(292), np.int64(37))"
32,512.2333333333333,306.43333333333334,8.0,0.3144274782995599,1273.43798828125,"(np.int64(304), np.int64(510), np.int64(311), np.int64(517))"
32,9.333333333333334,313.6666666666667,3.0,0.11791030436233496,1318.458740234375,"(np.int64(313), np.int64(9), np.int64(315), np.int64(11))"
32,7.0,346.25,3.0,0.11791030436233496,1288.8642578125,"(np.int64(343), np.int64(7), np.int64(350), np.int64(8))"
32,1891.6666666666667,397.5,6.0,0.23582060872466992,1317.320556640625,"(np.int64(396), np.int64(1891), np.int64(400), np.int64(1893))"
32,29.5,485.25,3.0,0.11791030436233496,1195.1083984375,"(np.int64(484), np.int64(27), np.int64(487), np.int64(33))"
32,1014.5,641.375,5.0,0.19651717393722495,1205.05322265625,"(np.int64(641), np.int64(1013), np.int64(644), np.int64(1018))"
32,984.0,657.8333333333334,6.0,0.23582060872466992,1217.9632568359375,"(np.int64(657), np.int64(983), np.int64(660), np.int64(986))"
32,957.4166666666666,685.0833333333334,6.0,0.23582060872466995,1284.88037109375,"(np.int64(682), np.int64(951), np.int64(689), np.int64(963))"
32,2020.1666666666667,797.1666666666666,6.0,0.23582060872466992,1323.0716552734375,"(np.int64(796), np.int64(2019), np.int64(800), np.int64(2022))"
32,1217.5,845.0,2.0,0.07860686957488998,1322.862060546875,"(np.int64(845), np.int64(1217), np.int64(846), np.int64(1219))"
32,50.5,1059.0,2.0,0.07860686957488998,1220.5093994140625,"(np.int64(1059), np.int64(50), np.int64(1060), np.int64(52))"
32,992.0,1083.5,2.0,0.07860686957488998,1208.5577392578125,"(np.int64(1083), np.int64(992), np.int64(1085), np.int64(993))"
32,660.0,1178.5,2.0,0.07860686957488998,1301.474853515625,"(np.int64(1178), np.int64(660), np.int64(1180), np.int64(661))"
32,1572.2333333333333,1268.6333333333332,18.0,0.7074618261740098,1315.493408203125,"(np.int64(1263), np.int64(1568), np.int64(1277), np.int64(1582))"
32,715.75,1483.5,3.0,0.11791030436233496,1278.859619140625,"(np.int64(1481), np.int64(713), np.int64(1487), np.int64(720))"
32,744.5,1736.1944444444443,12.0,0.47164121744933984,1293.057861328125,"(np.int64(1722), np.int64(739), np.int64(1746), np.int64(750))"
32,1060.5,1735.5,2.0,0.07860686957488998,1287.5462646484375,"(np.int64(1735), np.int64(1060), np.int64(1737), np.int64(1062))"
32,1349.3823529411766,1932.0,18.0,0.7074618261740099,1303.8712158203125,"(np.int64(1930), np.int64(1340), np.int64(1936), np.int64(1356))"
32,332.3,1975.320238095238,19.0,0.7467652609614549,1284.2813720703125,"(np.int64(1969), np.int64(324), np.int64(1981), np.int64(341))"
32,1214.0,2025.6666666666667,3.0,0.11791030436233496,1334.124755859375,"(np.int64(2025), np.int64(1213), np.int64(2027), np.int64(1216))"
33,970.0,47.5,2.0,0.07860679269863409,1306.409423828125,"(np.int64(47), np.int64(970), np.int64(49), np.int64(971))"
33,488.25,277.75,3.0,0.11791018904795114,1212.781494140625,"(np.int64(276), np.int64(487), np.int64(281), np.int64(490))"
33,1553.2666666666667,291.6333333333333,8.0,0.31442717079453636,1327.8187255859375,"(np.int64(290), np.int64(1549), np.int64(295), np.int64(1558))"
33,513.0,306.5,2.0,0.07860679269863409,1190.913330078125,"(np.int64(305), np.int64(511), np.int64(309), np.int64(516))"
33,6.916666666666666,345.33333333333337,5.0,0.19651698174658522,1338.3477783203125,"(np.int64(342), np.int64(6), np.int64(349), np.int64(9))"
33,1891.2857142857142,397.14285714285717,7.0,0.2751237744452193,1308.5963134765625,"(np.int64(396), np.int64(1890), np.int64(399), np.int64(1893))"
33,28.0,484.0,2.0,0.07860679269863409,1208.2728271484375,"(np.int64(483), np.int64(26), np.int64(486), np.int64(31))"
33,983.3333333333334,657.3333333333334,3.0,0.11791018904795114,1246.74462890625,"(np.int64(657), np.int64(983), np.int64(659), np.int64(985))"
33,959.25,687.125,8.0,0.31442717079453636,1238.105224609375,"(np.int64(685), np.int64(958), np.int64(690), np.int64(962))"
33,2018.1,799.1,6.0,0.23582037809590226,1325.7938232421875,"(np.int64(795), np.int64(2016), np.int64(803), np.int64(2022))"
33,1217.5,844.5,4.0,0.15721358539726818,1320.529296875,"(np.int64(844), np.int64(1217), np.int64(846), np.int64(1219))"
33,50.5,1058.0,2.0,0.07860679269863409,1229.8709716796875,"(np.int64(1058), np.int64(50), np.int64(1059), np.int64(52))"
33,965.3333333333334,1089.6666666666667,3.0,0.11791018904795114,1312.240966796875,"(np.int64(1089), np.int64(965), np.int64(1091), np.int64(967))"
33,659.5,1178.5,4.0,0.15721358539726818,1303.0347900390625,"(np.int64(1178), np.int64(659), np.int64(1180), np.int64(661))"
33,1573.421568627451,1268.5,20.0,0.7860679269863409,1309.0283203125,"(np.int64(1262), np.int64(1571), np.int64(1276), np.int64(1582))"
33,1765.0,1349.5,2.0,0.07860679269863409,1209.8927001953125,"(np.int64(1349), np.int64(1765), np.int64(1351), np.int64(1766))"
33,715.3333333333333,1482.6666666666665,4.0,0.15721358539726818,1308.353271484375,"(np.int64(1480), np.int64(713), np.int64(1486), np.int64(719))"
33,744.1,1742.7,11.0,0.4323373598424875,1300.5780029296875,"(np.int64(1742), np.int64(738), np.int64(1745), np.int64(748))"
33,1343.923076923077,1933.6923076923076,13.0,0.5109441525411216,1303.8717041015625,"(np.int64(1932), np.int64(1341), np.int64(1936), np.int64(1348))"
33,332.32142857142856,1974.2261904761906,14.0,0.5502475488904387,1248.2564697265625,"(np.int64(1971), np.int64(324), np.int64(1981), np.int64(341))"
33,1214.0,2025.5,4.0,0.15721358539726818,1334.703125,"(np.int64(2025), np.int64(1213), np.int64(2027), np.int64(1216))"
34,971.0,45.5,2.0,0.07860671583829767,1298.3790283203125,"(np.int64(45), np.int64(971), np.int64(47), np.int64(972))"
34,1548.1666666666665,287.58333333333337,8.0,0.3144268633531907,1318.76513671875,"(np.int64(287), np.int64(1545), np.int64(290), np.int64(1553))"
34,514.0,304.25,3.0,0.11791007375744651,1222.6925048828125,"(np.int64(302), np.int64(512), np.int64(307), np.int64(517))"
34,8.5,346.0,2.0,0.07860671583829767,1233.4791259765625,"(np.int64(346), np.int64(8), np.int64(347), np.int64(10))"
34,1891.65,398.05,9.0,0.35373022127233955,1251.80078125,"(np.int64(393), np.int64(1890), np.int64(403), np.int64(1894))"
34,249.5,442.0,2.0,0.07860671583829767,1220.266845703125,"(np.int64(442), np.int64(249), np.int64(443), np.int64(251))"
34,26.5,481.5,2.0,0.07860671583829767,1182.513916015625,"(np.int64(481), np.int64(26), np.int64(483), np.int64(28))"
34,960.125,684.625,8.0,0.3144268633531907,1279.1541748046875,"(np.int64(683), np.int64(959), np.int64(687), np.int64(963))"
34,2019.3333333333335,797.1666666666667,7.0,0.27512350543404185,1321.7069091796875,"(np.int64(793), np.int64(2017), np.int64(801), np.int64(2024))"
34,1218.4,841.8,5.0,0.1965167895957442,1324.7777099609375,"(np.int64(841), np.int64(1218), np.int64(844), np.int64(1220))"
34,966.3333333333334,1087.6666666666667,3.0,0.11791007375744651,1309.70751953125,"(np.int64(1087), np.int64(966), np.int64(1089), np.int64(968))"
34,660.6666666666666,1175.6666666666667,3.0,0.11791007375744651,1295.66943359375,"(np.int64(1175), np.int64(660), np.int64(1177), np.int64(662))"
34,1575.8095238095239,1269.8095238095239,21.0,0.8253705163021255,1309.9913330078125,"(np.int64(1266), np.int64(1570), np.int64(1274), np.int64(1582))"
34,1766.0,1347.5,2.0,0.07860671583829767,1304.72705078125,"(np.int64(1347), np.int64(1766), np.int64(1349), np.int64(1767))"
34,719.0,1478.25,4.0,0.15721343167659535,1310.6622314453125,"(np.int64(1478), np.int64(718), np.int64(1480), np.int64(721))"
34,1061.6666666666667,1732.6666666666667,3.0,0.11791007375744651,1213.505859375,"(np.int64(1732), np.int64(1061), np.int64(1734), np.int64(1063))"
34,747.5,1741.9722222222224,15.0,0.5895503687872325,1297.9661865234375,"(np.int64(1739), np.int64(739), np.int64(1746), np.int64(753))"
34,1345.1666666666667,1931.5833333333333,12.0,0.47164029502978605,1293.6824951171875,"(np.int64(1930), np.int64(1342), np.int64(1934), np.int64(1349))"
34,329.85714285714283,1972.9285714285713,12.0,0.4716402950297861,1238.9498291015625,"(np.int64(1969), np.int64(324), np.int64(1978), np.int64(341))"
35,972.25,45.0,4.0,0.15721327795827558,1330.6075439453125,"(np.int64(44), np.int64(972), np.int64(47), np.int64(974))"
35,489.0,278.0,2.0,0.07860663897913779,1188.7320556640625,"(np.int64(276), np.int64(488), np.int64(281), np.int64(491))"
35,1551.0444444444445,287.35555555555555,9.0,0.35372987540612005,1332.013427734375,"(np.int64(286), np.int64(1546), np.int64(289), np.int64(1556))"
35,515.75,304.875,5.0,0.19651659744784447,1209.984375,"(np.int64(303), np.int64(513), np.int64(307), np.int64(518))"
35,8.666666666666668,342.66666666666663,4.0,0.15721327795827558,1272.115234375,"(np.int64(340), np.int64(8), np.int64(347), np.int64(11))"
35,463.6666666666667,380.3333333333333,3.0,0.1179099584687067,1210.563232421875,"(np.int64(375), np.int64(458), np.int64(390), np.int64(468))"
35,1893.0,398.25,5.0,0.19651659744784447,1306.4884033203125,"(np.int64(393), np.int64(1892), np.int64(403), np.int64(1895))"
35,250.0,441.5,2.0,0.07860663897913779,1192.894287109375,"(np.int64(441), np.int64(250), np.int64(443), np.int64(251))"
35,960.4,683.4,5.0,0.19651659744784447,1243.17236328125,"(np.int64(682), np.int64(960), np.int64(686), np.int64(962))"
35,2022.4285714285713,794.0,7.0,0.2751232364269823,1326.0318603515625,"(np.int64(793), np.int64(2021), np.int64(796), np.int64(2025))"
35,1219.5,841.5,4.0,0.15721327795827558,1326.39013671875,"(np.int64(841), np.int64(1219), np.int64(843), np.int64(1221))"
35,194.0,1101.5,2.0,0.07860663897913779,1286.97265625,"(np.int64(1101), np.int64(194), np.int64(1103), np.int64(195))"
35,661.5,1175.0,2.0,0.07860663897913779,1300.837646484375,"(np.int64(1175), np.int64(661), np.int64(1176), np.int64(663))"
35,1576.611111111111,1269.0,18.0,0.7074597508122401,1313.875732421875,"(np.int64(1266), np.int64(1572), np.int64(1273), np.int64(1583))"
35,1767.0,1346.5,2.0,0.07860663897913779,1304.09033203125,"(np.int64(1346), np.int64(1767), np.int64(1348), np.int64(1768))"
35,535.5,1424.5,2.0,0.07860663897913779,1299.9005126953125,"(np.int64(1424), np.int64(535), np.int64(1426), np.int64(537))"
35,720.0,1478.0,3.0,0.1179099584687067,1310.6507568359375,"(np.int64(1478), np.int64(719), np.int64(1479), np.int64(722))"
35,1154.5,1517.0,2.0,0.07860663897913779,1315.7777099609375,"(np.int64(1516), np.int64(1152), np.int64(1519), np.int64(1158))"
35,1062.5,1732.5,2.0,0.07860663897913779,1279.66796875,"(np.int64(1732), np.int64(1062), np.int64(1734), np.int64(1064))"
35,747.6972222222222,1741.3138888888889,16.0,0.6288531118331023,1300.231201171875,"(np.int64(1739), np.int64(740), np.int64(1745), np.int64(753))"
35,1345.6923076923076,1931.3076923076924,13.0,0.5109431533643957,1259.5181884765625,"(np.int64(1930), np.int64(1343), np.int64(1933), np.int64(1350))"
35,333.5,1970.625,7.0,0.2751232364269823,1285.51171875,"(np.int64(1968), np.int64(326), np.int64(1974), np.int64(343))"
35,1216.5,2023.0,2.0,0.07860663897913779,1290.0323486328125,"(np.int64(2023), np.int64(1216), np.int64(2024), np.int64(1218))"
36,971.5,47.0,4.0,0.1572131242554078,1303.4635009765625,"(np.int64(46), np.int64(971), np.int64(49), np.int64(973))"
36,489.22222222222223,278.22222222222223,5.0,0.19651640531925973,1221.789306640625,"(np.int64(275), np.int64(488), np.int64(282), np.int64(492))"
36,1548.75,289.5,6.0,0.23581968638311168,1317.815185546875,"(np.int64(289), np.int64(1546), np.int64(291), np.int64(1552))"
36,465.0,377.14285714285717,7.0,0.27512296744696363,1310.639404296875,"(np.int64(376), np.int64(464), np.int64(380), np.int64(467))"
36,1892.857142857143,397.2857142857143,7.0,0.27512296744696363,1313.013916015625,"(np.int64(395), np.int64(1892), np.int64(401), np.int64(1894))"
36,960.875,686.75,5.0,0.19651640531925973,1260.6171875,"(np.int64(685), np.int64(959), np.int64(689), np.int64(963))"
36,1883.0,792.5,2.0,0.0786065621277039,1223.06787109375,"(np.int64(792), np.int64(1883), np.int64(794), np.int64(1884))"
36,2021.111111111111,796.7777777777778,9.0,0.3537295295746675,1324.4169921875,"(np.int64(795), np.int64(2020), np.int64(800), np.int64(2023))"
36,1219.0,843.5,2.0,0.0786065621277039,1326.1392822265625,"(np.int64(843), np.int64(1219), np.int64(845), np.int64(1220))"
36,966.4,1089.2,5.0,0.19651640531925973,1259.8343505859375,"(np.int64(1088), np.int64(966), np.int64(1091), np.int64(968))"
36,1578.53125,1272.28125,18.0,0.707459059149335,1299.3668212890625,"(np.int64(1268), np.int64(1572), np.int64(1275), np.int64(1582))"
36,1766.5,1348.5,4.0,0.1572131242554078,1300.045166015625,"(np.int64(1348), np.int64(1766), np.int64(1350), np.int64(1768))"
36,716.5,1483.0,6.0,0.23581968638311168,1314.840576171875,"(np.int64(1480), np.int64(713), np.int64(1488), np.int64(721))"
36,745.5454545454545,1741.7727272727273,12.0,0.47163937276622336,1277.526123046875,"(np.int64(1741), np.int64(739), np.int64(1744), np.int64(750))"
36,1346.0,1933.5,2.0,0.0786065621277039,1213.204345703125,"(np.int64(1933), np.int64(1346), np.int64(1935), np.int64(1347))"
36,332.5,1972.125,6.0,0.23581968638311168,1279.3526611328125,"(np.int64(1971), np.int64(325), np.int64(1975), np.int64(342))"
37,969.6666666666666,49.666666666666664,3.0,0.11790972789756128,1299.7127685546875,"(np.int64(49), np.int64(969), np.int64(51), np.int64(971))"
37,486.6666666666667,282.5,4.0,0.1572129705300817,1250.31494140625,"(np.int64(279), np.int64(485), np.int64(287), np.int64(489))"
37,1546.9,291.8,6.0,0.2358194557951226,1324.943115234375,"(np.int64(291), np.int64(1544), np.int64(293), np.int64(1550))"
37,464.5,379.5,6.0,0.23581945579512256,1318.9852294921875,"(np.int64(378), np.int64(464), np.int64(382), np.int64(466))"
37,1890.7272727272727,403.6363636363636,12.0,0.4716389115902451,1323.2369384765625,"(np.int64(398), np.int64(1890), np.int64(408), np.int64(1893))"
37,28.5,486.5,2.0,0.07860648526504085,1224.552978515625,"(np.int64(485), np.int64(25), np.int64(489), np.int64(33))"
37,1015.0,642.5,2.0,0.07860648526504085,1186.427734375,"(np.int64(642), np.int64(1015), np.int64(644), np.int64(1016))"
37,959.0,688.75,3.0,0.11790972789756128,1218.091552734375,"(np.int64(687), np.int64(958), np.int64(691), np.int64(961))"
37,1883.5,795.0,6.0,0.23581945579512256,1320.57958984375,"(np.int64(795), np.int64(1881), np.int64(796), np.int64(1887))"
37,2019.2307692307693,800.2307692307693,13.0,0.5109421542227656,1325.1949462890625,"(np.int64(798), np.int64(2016), np.int64(805), np.int64(2023))"
37,1217.3333333333333,846.3333333333334,3.0,0.11790972789756128,1320.3837890625,"(np.int64(846), np.int64(1217), np.int64(848), np.int64(1219))"
37,965.6666666666666,1090.111111111111,9.0,0.35372918369268386,1307.96435546875,"(np.int64(1089), np.int64(964), np.int64(1093), np.int64(969))"
37,1572.4772727272727,1272.6363636363635,13.0,0.5109421542227656,1315.5167236328125,"(np.int64(1271), np.int64(1569), np.int64(1277), np.int64(1579))"
37,1764.6,1351.2,5.0,0.19651621316260215,1312.27197265625,"(np.int64(1350), np.int64(1764), np.int64(1353), np.int64(1766))"
37,712.0,1488.5,4.0,0.1572129705300817,1311.125244140625,"(np.int64(1488), np.int64(711), np.int64(1490), np.int64(714))"
37,1154.5,1522.5,2.0,0.07860648526504085,1313.92236328125,"(np.int64(1522), np.int64(1154), np.int64(1524), np.int64(1156))"
37,1060.5,1736.5,2.0,0.07860648526504085,1309.1112060546875,"(np.int64(1736), np.int64(1060), np.int64(1738), np.int64(1062))"
37,740.4545454545455,1745.3636363636363,11.0,0.4323356689577247,1305.642822265625,"(np.int64(1744), np.int64(737), np.int64(1747), np.int64(745))"
37,451.6666666666667,1760.6666666666667,3.0,0.11790972789756128,1312.076171875,"(np.int64(1760), np.int64(451), np.int64(1762), np.int64(453))"
37,1342.2142857142858,1936.357142857143,8.0,0.3144259410601634,1258.6224365234375,"(np.int64(1935), np.int64(1340), np.int64(1938), np.int64(1347))"
37,330.0,1975.8333333333333,10.0,0.3930324263252043,1298.9854736328125,"(np.int64(1972), np.int64(323), np.int64(1981), np.int64(338))"
38,969.5,48.5,4.0,0.15721281680476482,1308.200927734375,"(np.int64(48), np.int64(969), np.int64(50), np.int64(971))"
38,485.2857142857143,282.7142857142857,7.0,0.2751224294083384,1284.950439453125,"(np.int64(280), np.int64(484), np.int64(286), np.int64(488))"
38,1546.5,290.75,7.0,0.2751224294083384,1324.951171875,"(np.int64(290), np.int64(1543), np.int64(292), np.int64(1550))"
38,1890.15,400.95,20.0,0.7860640840238241,1324.2567138671875,"(np.int64(396), np.int64(1889), np.int64(407), np.int64(1892))"
38,248.25,442.0,4.0,0.15721281680476482,1230.2548828125,"(np.int64(438), np.int64(248), np.int64(447), np.int64(250))"
38,27.833333333333336,485.66666666666663,4.0,0.15721281680476482,1220.1435546875,"(np.int64(484), np.int64(24), np.int64(488), np.int64(32))"
38,958.3333333333334,688.5,4.0,0.15721281680476482,1275.72802734375,"(np.int64(687), np.int64(957), np.int64(691), np.int64(961))"
38,1121.0,733.5,2.0,0.07860640840238241,1243.5606689453125,"(np.int64(733), np.int64(1121), np.int64(735), np.int64(1122))"
38,1882.875,794.25,8.0,0.31442563360952963,1322.090087890625,"(np.int64(794), np.int64(1880), np.int64(796), np.int64(1886))"
38,2019.1764705882354,799.2941176470588,17.0,0.6681544714202504,1336.451416015625,"(np.int64(797), np.int64(2016), np.int64(804), np.int64(2023))"
38,964.5555555555555,1088.7777777777778,9.0,0.35372883781072084,1306.9786376953125,"(np.int64(1088), np.int64(963), np.int64(1091), np.int64(968))"
38,190.5,1108.0,2.0,0.07860640840238241,1252.1441650390625,"(np.int64(1107), np.int64(190), np.int64(1110), np.int64(192))"
38,1572.7,1272.4,14.0,0.5502448588166768,1261.06103515625,"(np.int64(1270), np.int64(1570), np.int64(1276), np.int64(1578))"
38,1764.3333333333333,1350.5,6.0,0.2358192252071472,1311.923095703125,"(np.int64(1349), np.int64(1764), np.int64(1353), np.int64(1766))"
38,711.0909090909091,1488.090909090909,11.0,0.43233524621310326,1319.8955078125,"(np.int64(1486), np.int64(709), np.int64(1492), np.int64(714))"
38,1060.5,1735.5,2.0,0.07860640840238241,1279.53369140625,"(np.int64(1735), np.int64(1060), np.int64(1737), np.int64(1062))"
38,739.0,1744.2727272727273,11.0,0.43233524621310326,1300.6451416015625,"(np.int64(1743), np.int64(737), np.int64(1746), np.int64(743))"
38,450.5,1760.0,2.0,0.07860640840238241,1265.6722412109375,"(np.int64(1760), np.int64(450), np.int64(1761), np.int64(452))"
38,1341.875,1935.375,8.0,0.31442563360952963,1250.44970703125,"(np.int64(1935), np.int64(1339), np.int64(1937), np.int64(1346))"
38,329.375,1973.875,5.0,0.19651602100595603,1297.4783935546875,"(np.int64(1973), np.int64(322), np.int64(1977), np.int64(337))"
39,969.8333333333334,46.0,6.0,0.23581899459180386,1313.67724609375,"(np.int64(45), np.int64(969), np.int64(48), np.int64(972))"
39,484.625,282.3125,9.0,0.3537284918877058,1272.7235107421875,"(np.int64(277), np.int64(483), np.int64(286), np.int64(489))"
39,1544.3333333333333,287.6666666666667,3.0,0.11790949729590193,1306.66796875,"(np.int64(287), np.int64(1544), np.int64(289), np.int64(1546))"
39,1890.6666666666667,398.85714285714283,21.0,0.8253664810713135,1325.464599609375,"(np.int64(394), np.int64(1890), np.int64(405), np.int64(1893))"
39,248.0,442.5,2.0,0.07860633153060129,1254.0843505859375,"(np.int64(442), np.int64(248), np.int64(444), np.int64(249))"
39,30.166666666666668,483.3333333333333,6.0,0.23581899459180383,1319.321533203125,"(np.int64(482), np.int64(25), np.int64(486), np.int64(34))"
39,957.75,684.5,3.0,0.11790949729590193,1193.861328125,"(np.int64(683), np.int64(957), np.int64(687), np.int64(959))"
39,2019.0555555555557,797.0,18.0,0.7074569837754116,1325.7796630859375,"(np.int64(794), np.int64(2015), np.int64(802), np.int64(2023))"
39,964.8461538461538,1086.3076923076924,13.0,0.5109411549489083,1321.133056640625,"(np.int64(1085), np.int64(963), np.int64(1089), np.int64(968))"
39,191.5,1104.0,2.0,0.07860633153060129,1262.7476806640625,"(np.int64(1103), np.int64(191), np.int64(1106), np.int64(193))"
39,1576.85,1271.75,11.0,0.43233482341830703,1301.784912109375,"(np.int64(1269), np.int64(1573), np.int64(1274), np.int64(1580))"
39,1765.1666666666667,1347.3333333333333,6.0,0.23581899459180386,1305.0927734375,"(np.int64(1346), np.int64(1764), np.int64(1349), np.int64(1767))"
39,711.9375,1485.0,16.0,0.6288506522448103,1322.62939453125,"(np.int64(1482), np.int64(710), np.int64(1490), np.int64(715))"
39,1154.5,1519.5,2.0,0.07860633153060129,1178.4249267578125,"(np.int64(1519), np.int64(1154), np.int64(1521), np.int64(1156))"
39,743.0384615384615,1740.6538461538462,14.0,0.550244320714209,1274.4036865234375,"(np.int64(1740), np.int64(737), np.int64(1743), np.int64(747))"
39,450.6666666666667,1757.6666666666667,3.0,0.11790949729590193,1305.696533203125,"(np.int64(1757), np.int64(450), np.int64(1759), np.int64(452))"
39,1342.25,1932.6666666666665,5.0,0.1965158288265032,1227.516845703125,"(np.int64(1932), np.int64(1340), np.int64(1934), np.int64(1346))"
39,329.8,1970.4,6.0,0.23581899459180383,1233.84375,"(np.int64(1969), np.int64(323), np.int64(1974), np.int64(337))"
40,970.5,43.5,4.0,0.15721250934198924,1309.64599609375,"(np.int64(43), np.int64(970), np.int64(45), np.int64(972))"
40,959.5,69.0,2.0,0.07860625467099462,1204.157958984375,"(np.int64(69), np.int64(959), np.int64(70), np.int64(961))"
40,486.9230769230769,277.61538461538464,13.0,0.510940655361465,1325.8433837890625,"(np.int64(274), np.int64(484), np.int64(283), np.int64(490))"
40,1544.5,285.0,2.0,0.07860625467099462,1279.652587890625,"(np.int64(285), np.int64(1544), np.int64(286), np.int64(1546))"
40,1891.2173913043478,397.4782608695652,23.0,0.9039719287164382,1324.23388671875,"(np.int64(392), np.int64(1890), np.int64(404), np.int64(1893))"
40,249.5,436.5,2.0,0.07860625467099462,1222.9102783203125,"(np.int64(434), np.int64(249), np.int64(440), np.int64(251))"
40,29.583333333333336,480.66666666666663,5.0,0.19651563667748656,1238.775634765625,"(np.int64(479), np.int64(25), np.int64(483), np.int64(35))"
40,959.0,681.5,2.0,0.07860625467099462,1218.5926513671875,"(np.int64(681), np.int64(959), np.int64(683), np.int64(960))"
40,1122.5,728.5,2.0,0.07860625467099462,1324.08056640625,"(np.int64(728), np.int64(1122), np.int64(730), np.int64(1124))"
40,2018.3818181818183,796.0545454545454,16.0,0.628850037367957,1315.2664794921875,"(np.int64(792), np.int64(2015), np.int64(800), np.int64(2023))"
40,1218.3333333333333,840.3333333333334,3.0,0.11790938200649193,1309.697021484375,"(np.int64(840), np.int64(1218), np.int64(842), np.int64(1220))"
40,965.3333333333334,1083.9166666666667,12.0,0.4716375280259677,1321.806884765625,"(np.int64(1082), np.int64(963), np.int64(1087), np.int64(969))"
40,192.0,1102.5,2.0,0.07860625467099462,1278.6561279296875,"(np.int64(1102), np.int64(192), np.int64(1104), np.int64(193))"
40,1575.1818181818182,1268.2727272727273,11.0,0.4323344006904704,1284.2767333984375,"(np.int64(1266), np.int64(1572), np.int64(1271), np.int64(1579))"
40,1765.8333333333333,1345.3333333333333,6.0,0.23581876401298385,1305.68603515625,"(np.int64(1344), np.int64(1765), np.int64(1347), np.int64(1768))"
40,712.1764705882352,1483.235294117647,17.0,0.6681531647034543,1323.799560546875,"(np.int64(1480), np.int64(710), np.int64(1488), np.int64(716))"
40,1147.75,1516.0,3.0,0.11790938200649193,1299.145751953125,"(np.int64(1515), np.int64(1140), np.int64(1518), np.int64(1157))"
40,744.0,1738.4499999999998,15.0,0.5895469100324597,1305.967041015625,"(np.int64(1737), np.int64(738), np.int64(1741), np.int64(750))"
40,451.5,1755.5,4.0,0.15721250934198924,1308.85400390625,"(np.int64(1755), np.int64(451), np.int64(1757), np.int64(453))"
40,1342.5,1930.5,6.0,0.23581876401298385,1241.35595703125,"(np.int64(1930), np.int64(1340), np.int64(1932), np.int64(1347))"
40,330.33333333333337,1967.6666666666665,4.0,0.15721250934198924,1205.38427734375,"(np.int64(1967), np.int64(323), np.int64(1970), np.int64(338))"
41,971.5,43.5,4.0,0.1572123556260614,1332.958740234375,"(np.int64(43), np.int64(971), np.int64(45), np.int64(973))"
41,960.5,69.0,2.0,0.0786061778130307,1210.784423828125,"(np.int64(69), np.int64(960), np.int64(70), np.int64(962))"
41,487.9375,277.4375,16.0,0.6288494225042456,1328.87939453125,"(np.int64(273), np.int64(486), np.int64(283), np.int64(491))"
41,10.0,342.0,3.0,0.11790926671954605,1200.8846435546875,"(np.int64(341), np.int64(10), np.int64(344), np.int64(11))"
41,1892.388888888889,397.6666666666667,18.0,0.7074556003172763,1327.7100830078125,"(np.int64(391), np.int64(1891), np.int64(404), np.int64(1894))"
41,1989.0,409.0,2.0,0.0786061778130307,1198.3642578125,"(np.int64(409), np.int64(1988), np.int64(410), np.int64(1991))"
41,250.25,436.75,3.0,0.11790926671954605,1188.048828125,"(np.int64(433), np.int64(250), np.int64(441), np.int64(252))"
41,30.75,480.6,7.0,0.27512162234560744,1281.8492431640625,"(np.int64(479), np.int64(25), np.int64(483), np.int64(36))"
41,959.75,683.0,3.0,0.11790926671954605,1196.2596435546875,"(np.int64(681), np.int64(959), np.int64(686), np.int64(961))"
41,1123.6666666666667,728.3333333333334,3.0,0.11790926671954605,1326.021240234375,"(np.int64(728), np.int64(1123), np.int64(730), np.int64(1125))"
41,2020.0,795.2105263157895,19.0,0.7467586892237916,1327.060546875,"(np.int64(792), np.int64(2016), np.int64(800), np.int64(2024))"
41,1219.3333333333333,840.3333333333334,3.0,0.11790926671954605,1321.00634765625,"(np.int64(840), np.int64(1219), np.int64(842), np.int64(1221))"
41,966.5384615384615,1083.5384615384614,13.0,0.5109401557846995,1316.9010009765625,"(np.int64(1082), np.int64(964), np.int64(1087), np.int64(971))"
41,1576.2,1268.0,7.0,0.27512162234560744,1304.688720703125,"(np.int64(1266), np.int64(1572), np.int64(1271), np.int64(1581))"
41,1766.7142857142858,1345.0,7.0,0.27512162234560744,1306.013916015625,"(np.int64(1344), np.int64(1766), np.int64(1347), np.int64(1769))"
41,713.2307692307693,1483.0,13.0,0.5109401557846995,1323.136962890625,"(np.int64(1481), np.int64(711), np.int64(1487), np.int64(717))"
41,1148.75,1516.0,3.0,0.11790926671954605,1275.821044921875,"(np.int64(1515), np.int64(1141), np.int64(1518), np.int64(1158))"
41,745.3351648351648,1738.1868131868132,20.0,0.786061778130307,1306.5335693359375,"(np.int64(1736), np.int64(739), np.int64(1741), np.int64(752))"
41,452.0,1755.5,4.0,0.1572123556260614,1308.196533203125,"(np.int64(1755), np.int64(451), np.int64(1757), np.int64(454))"
41,1336.1666666666667,1930.0,4.0,0.1572123556260614,1242.51025390625,"(np.int64(1929), np.int64(1320), np.int64(1932), np.int64(1347))"
42,973.0,43.5,2.0,0.07860610095343326,1307.8408203125,"(np.int64(43), np.int64(973), np.int64(45), np.int64(974))"
42,489.63157894736844,277.2631578947368,19.0,0.746757959057616,1327.9879150390625,"(np.int64(272), np.int64(487), np.int64(284), np.int64(493))"
42,1894.0,397.0,15.0,0.5895457571507494,1311.9443359375,"(np.int64(392), np.int64(1893), np.int64(404), np.int64(1896))"
42,1991.5,410.0,2.0,0.07860610095343326,1176.0772705078125,"(np.int64(409), np.int64(1991), np.int64(412), np.int64(1993))"
42,32.5,480.5,4.0,0.15721220190686652,1314.9888916015625,"(np.int64(479), np.int64(28), np.int64(483), np.int64(38))"
42,1125.0,728.5,4.0,0.15721220190686652,1331.58837890625,"(np.int64(728), np.int64(1124), np.int64(730), np.int64(1127))"
42,2021.695652173913,795.3913043478261,23.0,0.9039701609644825,1328.3585205078125,"(np.int64(792), np.int64(2017), np.int64(800), np.int64(2026))"
42,1220.6666666666667,840.6666666666666,3.0,0.11790915143014989,1325.896484375,"(np.int64(840), np.int64(1220), np.int64(842), np.int64(1222))"
42,967.7272727272727,1084.7954545454545,13.0,0.5109396561973162,1316.233154296875,"(np.int64(1082), np.int64(965), np.int64(1088), np.int64(971))"
42,479.6666666666667,1120.3333333333333,3.0,0.11790915143014989,1310.38232421875,"(np.int64(1120), np.int64(479), np.int64(1122), np.int64(481))"
42,1578.8333333333333,1269.3333333333333,6.0,0.23581830286029978,1251.4765625,"(np.int64(1268), np.int64(1577), np.int64(1272), np.int64(1581))"
42,1768.2857142857142,1345.142857142857,7.0,0.2751213533370164,1305.722900390625,"(np.int64(1344), np.int64(1767), np.int64(1347), np.int64(1770))"
42,714.3571428571429,1485.0714285714284,8.0,0.31442440381373304,1314.96240234375,"(np.int64(1481), np.int64(713), np.int64(1489), np.int64(718))"
42,746.478021978022,1738.2582417582416,20.0,0.7860610095343326,1306.225830078125,"(np.int64(1736), np.int64(740), np.int64(1741), np.int64(753))"
42,453.5,1755.5,4.0,0.15721220190686652,1304.4521484375,"(np.int64(1755), np.int64(453), np.int64(1757), np.int64(455))"
42,1334.0,1929.5,4.0,0.15721220190686652,1303.6048583984375,"(np.int64(1929), np.int64(1322), np.int64(1931), np.int64(1347))"
42,676.7142857142857,1943.4285714285713,7.0,0.2751213533370164,1260.186767578125,"(np.int64(1941), np.int64(676), np.int64(1947), np.int64(678))"
43,491.1578947368421,276.89473684210526,19.0,0.746757228889261,1338.4005126953125,"(np.int64(272), np.int64(489), np.int64(283), np.int64(494))"
43,468.5,376.0,2.0,0.07860602409360642,1304.635009765625,"(np.int64(376), np.int64(468), np.int64(377), np.int64(470))"
43,1895.3157894736842,395.94736842105266,19.0,0.746757228889261,1319.224365234375,"(np.int64(391), np.int64(1894), np.int64(403), np.int64(1897))"
43,255.5,433.5,4.0,0.15721204818721285,1242.90869140625,"(np.int64(433), np.int64(255), np.int64(435), np.int64(257))"
43,33.75,480.5,5.0,0.19651506023401605,1343.5054931640625,"(np.int64(479), np.int64(29), np.int64(483), np.int64(40))"
43,962.5,682.25,3.0,0.11790903614040964,1260.892822265625,"(np.int64(681), np.int64(962), np.int64(685), np.int64(964))"
43,1126.3333333333333,728.6666666666666,3.0,0.11790903614040964,1328.2423095703125,"(np.int64(728), np.int64(1126), np.int64(730), np.int64(1128))"
43,2023.0454545454545,795.3181818181819,22.0,0.8646662650296707,1336.09423828125,"(np.int64(792), np.int64(2018), np.int64(800), np.int64(2028))"
43,1222.3333333333333,840.3333333333334,3.0,0.11790903614040964,1321.738037109375,"(np.int64(840), np.int64(1222), np.int64(842), np.int64(1224))"
43,968.5384615384615,1083.4615384615386,13.0,0.5109391566084418,1316.7625732421875,"(np.int64(1082), np.int64(966), np.int64(1087), np.int64(972))"
43,481.0,1119.5,2.0,0.07860602409360642,1309.58447265625,"(np.int64(1119), np.int64(481), np.int64(1121), np.int64(482))"
43,1580.3333333333333,1269.3333333333333,6.0,0.23581807228081927,1276.38916015625,"(np.int64(1268), np.int64(1579), np.int64(1272), np.int64(1583))"
43,1769.5,1345.0,4.0,0.15721204818721285,1305.697509765625,"(np.int64(1344), np.int64(1769), np.int64(1347), np.int64(1771))"
43,228.0,1432.5,2.0,0.07860602409360642,1242.649658203125,"(np.int64(1432), np.int64(228), np.int64(1434), np.int64(229))"
43,1144.5,1515.5,2.0,0.07860602409360642,1325.98779296875,"(np.int64(1515), np.int64(1144), np.int64(1517), np.int64(1146))"
43,748.4047619047619,1730.75,19.0,0.746757228889261,1301.2662353515625,"(np.int64(1716), np.int64(741), np.int64(1741), np.int64(754))"
43,454.8,1755.8,5.0,0.19651506023401605,1313.2901611328125,"(np.int64(1755), np.int64(454), np.int64(1758), np.int64(457))"
43,1324.0,1929.0,3.0,0.11790903614040964,1305.5419921875,"(np.int64(1929), np.int64(1323), np.int64(1930), np.int64(1326))"
43,334.0,1969.0,2.0,0.07860602409360642,1204.1160888671875,"(np.int64(1967), np.int64(328), np.int64(1972), np.int64(341))"
44,491.8888888888889,275.77777777777777,18.0,0.7074535251082699,1317.8731689453125,"(np.int64(271), np.int64(490), np.int64(281), np.int64(495))"
44,469.0,375.5,2.0,0.07860594723425221,1311.34228515625,"(np.int64(375), np.int64(469), np.int64(377), np.int64(470))"
44,1895.7619047619048,396.0952380952381,21.0,0.8253624459596482,1318.5784912109375,"(np.int64(391), np.int64(1895), np.int64(403), np.int64(1898))"
44,253.625,438.125,7.0,0.2751208153198827,1240.3917236328125,"(np.int64(433), np.int64(251), np.int64(443), np.int64(259))"
44,39.63333333333333,476.76666666666665,10.0,0.393029736171261,1320.0675048828125,"(np.int64(466), np.int64(29), np.int64(483), np.int64(57))"
44,449.5,470.5,2.0,0.07860594723425221,1208.2080078125,"(np.int64(469), np.int64(449), np.int64(473), np.int64(451))"
44,904.25,477.0,3.0,0.11790892085137832,1217.168212890625,"(np.int64(472), np.int64(899), np.int64(483), np.int64(911))"
44,963.0,681.5,2.0,0.07860594723425221,1253.296630859375,"(np.int64(680), np.int64(963), np.int64(684), np.int64(964))"
44,1127.0,728.25,4.0,0.15721189446850442,1325.8406982421875,"(np.int64(727), np.int64(1126), np.int64(730), np.int64(1129))"
44,2023.607142857143,795.1785714285714,28.0,1.100483261279531,1334.4091796875,"(np.int64(792), np.int64(2019), np.int64(800), np.int64(2029))"
44,1223.0,840.5,2.0,0.07860594723425221,1321.0601806640625,"(np.int64(840), np.int64(1223), np.int64(842), np.int64(1224))"
44,354.5,971.0,2.0,0.07860594723425221,1209.56640625,"(np.int64(971), np.int64(354), np.int64(972), np.int64(356))"
44,111.5,1048.75,3.0,0.11790892085137832,1304.65478515625,"(np.int64(1038), np.int64(110), np.int64(1060), np.int64(114))"
44,969.7307692307693,1084.423076923077,14.0,0.5502416306397655,1316.0968017578125,"(np.int64(1081), np.int64(966), np.int64(1087), np.int64(974))"
44,481.5,1119.5,2.0,0.07860594723425221,1308.808349609375,"(np.int64(1119), np.int64(481), np.int64(1121), np.int64(483))"
44,1581.142857142857,1268.7142857142858,7.0,0.27512081531988275,1274.1168212890625,"(np.int64(1267), np.int64(1579), np.int64(1271), np.int64(1584))"
44,1770.0,1345.0,7.0,0.27512081531988275,1303.92333984375,"(np.int64(1344), np.int64(1769), np.int64(1347), np.int64(1772))"
44,228.66666666666666,1431.6666666666667,3.0,0.11790892085137832,1239.6602783203125,"(np.int64(1431), np.int64(228), np.int64(1433), np.int64(230))"
44,1145.5,1515.5,2.0,0.07860594723425221,1331.01318359375,"(np.int64(1515), np.int64(1145), np.int64(1517), np.int64(1147))"
44,9.0,1636.5,2.0,0.07860594723425221,1195.2247314453125,"(np.int64(1636), np.int64(9), np.int64(1638), np.int64(10))"
44,749.2777777777778,1730.3148148148148,12.0,0.47163568340551326,1301.598388671875,"(np.int64(1716), np.int64(743), np.int64(1740), np.int64(755))"
44,455.2,1755.6,5.0,0.1965148680856305,1312.9619140625,"(np.int64(1755), np.int64(454), np.int64(1757), np.int64(457))"
44,681.2222222222222,1938.888888888889,5.0,0.1965148680856305,1214.373046875,"(np.int64(1935), np.int64(679), np.int64(1944), np.int64(684))"
44,334.83333333333337,1966.6666666666665,4.0,0.15721189446850442,1298.202392578125,"(np.int64(1966), np.int64(329), np.int64(1968), np.int64(342))"
45,491.1875,275.6875,12.0,0.47163522224521465,1294.3046875,"(np.int64(272), np.int64(489), np.int64(282), np.int64(494))"
45,468.3333333333333,375.6666666666667,3.0,0.11790880556130366,1314.341064453125,"(np.int64(375), np.int64(468), np.int64(377), np.int64(470))"
45,1894.7333333333333,397.4666666666667,18.0,0.7074528333678219,1318.2435302734375,"(np.int64(392), np.int64(1894), np.int64(402), np.int64(1897))"
45,253.33333333333334,436.6666666666667,5.0,0.1965146759355061,1222.3045654296875,"(np.int64(433), np.int64(251), np.int64(443), np.int64(257))"
45,449.16666666666663,469.83333333333337,4.0,0.15721174074840488,1224.1641845703125,"(np.int64(469), np.int64(448), np.int64(472), np.int64(451))"
45,898.5,472.5,2.0,0.07860587037420244,1242.6552734375,"(np.int64(472), np.int64(898), np.int64(474), np.int64(900))"
45,33.15,480.3,7.0,0.2751205463097085,1343.1514892578125,"(np.int64(479), np.int64(29), np.int64(483), np.int64(39))"
45,962.75,683.5,4.0,0.15721174074840488,1200.6705322265625,"(np.int64(682), np.int64(962), np.int64(686), np.int64(964))"
45,1126.5,728.5,2.0,0.07860587037420244,1199.5704345703125,"(np.int64(728), np.int64(1126), np.int64(730), np.int64(1128))"
45,2023.3,794.8666666666667,30.0,1.1790880556130365,1329.2701416015625,"(np.int64(791), np.int64(2018), np.int64(800), np.int64(2029))"
45,970.7777777777778,1084.0,10.0,0.3930293518710122,1314.1314697265625,"(np.int64(1082), np.int64(966), np.int64(1086), np.int64(974))"
45,1578.0,1266.8,6.0,0.2358176111226073,1300.669189453125,"(np.int64(1265), np.int64(1576), np.int64(1271), np.int64(1583))"
45,1769.2,1345.2,5.0,0.1965146759355061,1306.3526611328125,"(np.int64(1344), np.int64(1768), np.int64(1347), np.int64(1771))"
45,228.0,1431.6666666666667,3.0,0.11790880556130366,1269.7109375,"(np.int64(1431), np.int64(227), np.int64(1433), np.int64(230))"
45,744.0833333333334,1732.0833333333333,11.0,0.43233228705811344,1301.92626953125,"(np.int64(1721), np.int64(736), np.int64(1740), np.int64(754))"
45,454.2857142857143,1756.0,7.0,0.27512054630970856,1312.97900390625,"(np.int64(1755), np.int64(453), np.int64(1758), np.int64(456))"
45,678.0,1943.5,2.0,0.07860587037420244,1197.34423828125,"(np.int64(1941), np.int64(677), np.int64(1947), np.int64(680))"
45,333.75,1967.25,3.0,0.11790880556130366,1232.0477294921875,"(np.int64(1966), np.int64(328), np.int64(1969), np.int64(341))"
46,490.22222222222223,272.0925925925926,12.0,0.47163476109195324,1314.6644287109375,"(np.int64(264), np.int64(487), np.int64(283), np.int64(492))"
46,1893.75,398.27777777777777,20.0,0.7860579351532553,1312.7548828125,"(np.int64(392), np.int64(1893), np.int64(402), np.int64(1896))"
46,251.75,438.91666666666663,5.0,0.19651448378831385,1263.3939208984375,"(np.int64(435), np.int64(250), np.int64(444), np.int64(254))"
46,447.83333333333337,471.16666666666663,4.0,0.15721158703065108,1201.555419921875,"(np.int64(470), np.int64(447), np.int64(474), np.int64(449))"
46,897.1666666666666,473.1666666666667,4.0,0.15721158703065108,1209.716796875,"(np.int64(472), np.int64(896), np.int64(476), np.int64(900))"
46,31.178571428571427,480.3571428571429,9.0,0.35372607081896495,1342.2354736328125,"(np.int64(479), np.int64(27), np.int64(484), np.int64(38))"
46,961.8333333333333,681.5,4.0,0.15721158703065108,1282.620361328125,"(np.int64(679), np.int64(961), np.int64(686), np.int64(963))"
46,2021.9285714285713,795.0357142857143,28.0,1.1004811092145577,1329.33935546875,"(np.int64(792), np.int64(2017), np.int64(800), np.int64(2027))"
46,110.75,1043.25,4.0,0.15721158703065108,1194.0740966796875,"(np.int64(1038), np.int64(110), np.int64(1050), np.int64(112))"
46,968.5,1083.8333333333333,12.0,0.47163476109195324,1316.573974609375,"(np.int64(1082), np.int64(965), np.int64(1087), np.int64(974))"
46,1577.8,1267.6,8.0,0.31442317406130216,1262.792236328125,"(np.int64(1265), np.int64(1574), np.int64(1271), np.int64(1582))"
46,1768.3333333333333,1345.0,3.0,0.11790869027298831,1303.364013671875,"(np.int64(1344), np.int64(1768), np.int64(1347), np.int64(1770))"
46,226.75,1432.0,4.0,0.15721158703065108,1292.848388671875,"(np.int64(1431), np.int64(226), np.int64(1434), np.int64(229))"
46,1151.5,1516.5,2.0,0.07860579351532554,1174.638427734375,"(np.int64(1516), np.int64(1144), np.int64(1518), np.int64(1160))"
46,744.0328571428571,1734.684285714286,18.0,0.7074521416379298,1306.8692626953125,"(np.int64(1720), np.int64(734), np.int64(1740), np.int64(753))"
46,1066.6666666666667,1727.6666666666667,3.0,0.11790869027298831,1324.81396484375,"(np.int64(1727), np.int64(1066), np.int64(1729), np.int64(1068))"
46,453.14285714285717,1756.2857142857142,7.0,0.2751202773036394,1311.525390625,"(np.int64(1755), np.int64(452), np.int64(1758), np.int64(455))"
46,679.0,1939.0,2.0,0.07860579351532554,1179.6083984375,"(np.int64(1937), np.int64(677), np.int64(1942), np.int64(682))"
46,336.5,1964.1,6.0,0.23581738054597662,1305.404296875,"(np.int64(1962), np.int64(335), np.int64(1968), np.int64(340))"
47,487.9166666666667,278.25,12.0,0.4716342999948864,1308.4603271484375,"(np.int64(274), np.int64(486), np.int64(283), np.int64(491))"
47,466.0,375.5,2.0,0.0786057166658144,1260.84228515625,"(np.int64(375), np.int64(466), np.int64(377), np.int64(467))"
47,1893.05,396.4,20.0,0.786057166658144,1313.6005859375,"(np.int64(392), np.int64(1892), np.int64(403), np.int64(1895))"
47,250.8,438.8,5.0,0.196514291664536,1259.288818359375,"(np.int64(433), np.int64(249), np.int64(444), np.int64(254))"
47,447.3333333333333,471.6666666666667,3.0,0.1179085749987216,1210.8800048828125,"(np.int64(471), np.int64(447), np.int64(473), np.int64(449))"
47,897.3333333333334,472.1666666666667,4.0,0.1572114333316288,1237.7957763671875,"(np.int64(471), np.int64(896), np.int64(475), np.int64(901))"
47,30.916666666666668,479.91666666666663,10.0,0.393028583329072,1338.934814453125,"(np.int64(478), np.int64(26), np.int64(483), np.int64(37))"
47,960.75,683.5,4.0,0.1572114333316288,1252.8211669921875,"(np.int64(682), np.int64(960), np.int64(686), np.int64(962))"
47,2020.9666666666667,794.7333333333333,30.0,1.179085749987216,1328.6824951171875,"(np.int64(791), np.int64(2016), np.int64(799), np.int64(2027))"
47,351.6666666666667,970.3333333333334,3.0,0.1179085749987216,1226.074951171875,"(np.int64(970), np.int64(351), np.int64(972), np.int64(353))"
47,110.0,1042.75,3.0,0.1179085749987216,1301.512451171875,"(np.int64(1038), np.int64(110), np.int64(1048), np.int64(111))"
47,968.7333333333333,1083.8666666666666,15.0,0.589542874993608,1315.91650390625,"(np.int64(1082), np.int64(965), np.int64(1087), np.int64(974))"
47,662.3333333333334,1173.3333333333333,3.0,0.1179085749987216,1297.869140625,"(np.int64(1173), np.int64(662), np.int64(1175), np.int64(664))"
47,1575.1583333333335,1265.7666666666667,14.0,0.5502400166607008,1296.1180419921875,"(np.int64(1263), np.int64(1572), np.int64(1271), np.int64(1580))"
47,1157.6666666666667,1517.3333333333333,3.0,0.1179085749987216,1314.1937255859375,"(np.int64(1517), np.int64(1157), np.int64(1519), np.int64(1159))"
47,741.7944444444444,1731.9388888888889,15.0,0.589542874993608,1307.8389892578125,"(np.int64(1720), np.int64(732), np.int64(1740), np.int64(753))"
47,1066.3333333333333,1727.5555555555557,9.0,0.3537257249961648,1327.4962158203125,"(np.int64(1726), np.int64(1065), np.int64(1730), np.int64(1069))"
47,452.0,1756.0,7.0,0.2751200083303504,1316.198974609375,"(np.int64(1755), np.int64(451), np.int64(1758), np.int64(454))"
47,678.0,1939.0,2.0,0.0786057166658144,1194.8660888671875,"(np.int64(1936), np.int64(676), np.int64(1943), np.int64(681))"
47,332.43333333333334,1968.1666666666667,12.0,0.4716342999948864,1311.708251953125,"(np.int64(1962), np.int64(328), np.int64(1973), np.int64(340))"
48,488.0925925925926,264.5555555555556,12.0,0.47163383885572263,1275.9610595703125,"(np.int64(255), np.int64(486), np.int64(281), np.int64(491))"
48,465.2,374.2,5.0,0.19651409952321774,1319.7470703125,"(np.int64(373), np.int64(464), np.int64(376), np.int64(467))"
48,1892.4444444444443,397.5555555555556,11.0,0.4323310189510791,1306.552734375,"(np.int64(391), np.int64(1891), np.int64(401), np.int64(1895))"
48,250.7333333333333,436.4666666666667,14.0,0.5502394786650098,1280.2403564453125,"(np.int64(432), np.int64(248), np.int64(444), np.int64(255))"
48,447.25,471.0,4.0,0.1572112796185742,1249.623291015625,"(np.int64(470), np.int64(447), np.int64(473), np.int64(449))"
48,897.3333333333334,472.5,4.0,0.1572112796185742,1264.70263671875,"(np.int64(471), np.int64(896), np.int64(476), np.int64(901))"
48,30.208333333333332,479.08333333333337,14.0,0.5502394786650098,1335.921630859375,"(np.int64(477), np.int64(26), np.int64(484), np.int64(37))"
48,633.5,477.0,2.0,0.0786056398092871,1345.4990234375,"(np.int64(477), np.int64(633), np.int64(478), np.int64(635))"
48,960.25,682.75,3.0,0.11790845971393066,1211.2626953125,"(np.int64(681), np.int64(959), np.int64(685), np.int64(962))"
48,2020.8064516129032,794.0,31.0,1.2183874170439501,1328.229248046875,"(np.int64(790), np.int64(2016), np.int64(799), np.int64(2027))"
48,109.83333333333334,1042.1666666666665,4.0,0.1572112796185742,1301.20361328125,"(np.int64(1037), np.int64(109), np.int64(1048), np.int64(111))"
48,968.2,1083.5333333333333,15.0,0.5895422985696532,1317.2508544921875,"(np.int64(1082), np.int64(965), np.int64(1086), np.int64(973))"
48,662.0,1172.75,4.0,0.1572112796185742,1299.293212890625,"(np.int64(1172), np.int64(661), np.int64(1174), np.int64(664))"
48,1577.3214285714284,1267.732142857143,11.0,0.43233101895107906,1281.1573486328125,"(np.int64(1264), np.int64(1574), np.int64(1272), np.int64(1581))"
48,226.0,1430.5,2.0,0.0786056398092871,1242.9241943359375,"(np.int64(1430), np.int64(226), np.int64(1432), np.int64(227))"
48,1157.5,1516.5,4.0,0.1572112796185742,1317.45458984375,"(np.int64(1516), np.int64(1157), np.int64(1518), np.int64(1159))"
48,741.4583333333333,1727.875,7.0,0.2751197393325049,1306.42529296875,"(np.int64(1719), np.int64(732), np.int64(1737), np.int64(752))"
48,1065.909090909091,1727.7272727272727,11.0,0.43233101895107906,1327.8216552734375,"(np.int64(1726), np.int64(1064), np.int64(1730), np.int64(1069))"
48,451.8333333333333,1755.6666666666667,6.0,0.23581691942786132,1309.2017822265625,"(np.int64(1755), np.int64(450), np.int64(1757), np.int64(454))"
48,334.32,1965.78,15.0,0.5895422985696532,1305.737548828125,"(np.int64(1958), np.int64(328), np.int64(1972), np.int64(344))"
49,487.0,268.5,4.0,0.15721112593033573,1216.8511962890625,"(np.int64(256), np.int64(487), np.int64(281), np.int64(488))"
49,6.5,341.0,2.0,0.07860556296516787,1189.642578125,"(np.int64(341), np.int64(6), np.int64(342), np.int64(8))"
49,465.5,375.0,2.0,0.07860556296516787,1298.064453125,"(np.int64(375), np.int64(465), np.int64(376), np.int64(467))"
49,1893.25,396.1666666666667,12.0,0.4716333777910072,1311.996337890625,"(np.int64(393), np.int64(1892), np.int64(401), np.int64(1895))"
49,251.54166666666666,438.4166666666667,8.0,0.3144222518606715,1251.0743408203125,"(np.int64(434), np.int64(250), np.int64(444), np.int64(254))"
49,447.5,470.5,2.0,0.07860556296516787,1187.89501953125,"(np.int64(470), np.int64(447), np.int64(472), np.int64(449))"
49,897.0,473.25,3.0,0.1179083444477518,1212.749267578125,"(np.int64(472), np.int64(896), np.int64(475), np.int64(899))"
49,30.5,480.58333333333337,13.0,0.5109361592735912,1339.471923828125,"(np.int64(478), np.int64(27), np.int64(485), np.int64(37))"
49,962.0,677.8333333333334,4.0,0.15721112593033573,1262.457763671875,"(np.int64(674), np.int64(961), np.int64(685), np.int64(964))"
49,2020.8709677419354,794.6451612903226,31.0,1.218386225960102,1327.7244873046875,"(np.int64(791), np.int64(2016), np.int64(799), np.int64(2026))"
49,108.5,1049.0,2.0,0.07860556296516787,1262.9432373046875,"(np.int64(1038), np.int64(107), np.int64(1061), np.int64(111))"
49,968.1818181818181,1083.8181818181818,11.0,0.43233059630842324,1317.239013671875,"(np.int64(1082), np.int64(966), np.int64(1086), np.int64(972))"
49,662.5,1173.5,4.0,0.15721112593033573,1305.80712890625,"(np.int64(1173), np.int64(662), np.int64(1175), np.int64(664))"
49,1578.857142857143,1268.904761904762,9.0,0.3537250333432554,1228.52587890625,"(np.int64(1266), np.int64(1575), np.int64(1271), np.int64(1582))"
49,1157.6,1517.2,5.0,0.19651390741291966,1316.7779541015625,"(np.int64(1516), np.int64(1157), np.int64(1519), np.int64(1159))"
49,741.7916666666667,1727.7083333333335,7.0,0.27511947037808754,1314.30224609375,"(np.int64(1719), np.int64(732), np.int64(1737), np.int64(753))"
49,1066.3,1728.5,10.0,0.3930278148258393,1324.8118896484375,"(np.int64(1727), np.int64(1065), np.int64(1731), np.int64(1069))"
49,452.0,1756.5,6.0,0.2358166888955036,1256.535400390625,"(np.int64(1756), np.int64(451), np.int64(1758), np.int64(454))"
49,375.0,1866.5,2.0,0.07860556296516787,1257.6519775390625,"(np.int64(1866), np.int64(375), np.int64(1868), np.int64(376))"
49,1591.0,1919.75,6.0,0.2358166888955036,1324.544921875,"(np.int64(1911), np.int64(1590), np.int64(1930), np.int64(1593))"
49,332.6139169472503,1966.1767676767677,40.0,1.5721112593033573,1321.2197265625,"(np.int64(1957), np.int64(328), np.int64(1974), np.int64(340))"
