event_id,n_detections,frame_start,frame_end,lifetime_frames,lifetime_seconds,x_centroid,y_centroid,x_std,y_std,bbox_x1,bbox_y1,bbox_x2,bbox_y2,bbox_width_px,bbox_height_px,peak_intensity,mean_intensity,total_area_Mm2,mean_area_Mm2,total_area_km2,mean_area_km2,original_cluster_id
1,16,0,16,17,170.0,729.0439722314723,54.482282185407186,9.685862326536466,6.585718509430487,714.8076923076924,46.0,742.0,70.0,28.192307692307622,25.0,1055.966796875,943.3881034851074,1.1993736763382628,0.07496085477114142,1199373.6763382629,74960.85477114143,1
2,11,0,10,11,110.0,318.4212235076794,84.0886879774017,4.617870734512365,2.469298968377122,312.53333333333336,80.76,330.375,89.83502024291498,18.84166666666664,10.075020242914974,1135.0126953125,1081.1142023259943,3.8825295777351174,0.3529572343395561,3882529.5777351176,352957.23433955613,4
3,5,0,8,9,90.0,645.7333333333333,68.36666666666666,6.883635990117741,6.115917301962514,638.0,62.0,658.1666666666666,80.0,21.16666666666663,19.0,942.980224609375,928.45078125,0.14837634876127861,0.029675269752255724,148376.3487612786,29675.269752255725,5
4,3,0,2,3,30.0,391.6111111111111,162.7777777777778,0.6431020501550152,0.15713484026367497,391.0,162.66666666666666,392.5,163.0,2.5,1.3333333333333428,943.01318359375,930.8204752604166,0.09891536563711908,0.032971788545706364,98915.36563711909,32971.78854570636,6
21,8,0,7,8,80.0,324.35094246031747,959.2053571428571,1.2171019826368896,1.6975560163280143,322.08333333333337,957.0,325.77777777777777,961.875,4.6944444444444,5.875,1095.14453125,1013.8980407714844,0.6800527644730695,0.08500659555913369,680052.7644730695,85006.59555913368,34
22,10,0,13,14,140.0,575.1066666666667,972.5783333333333,1.542422337320972,7.807275986753207,572.6666666666666,964.0,579.0,985.0,7.333333333333371,22.0,1017.553466796875,939.7797241210938,0.2720237320133833,0.02720237320133833,272023.7320133833,27202.37320133833,35
23,2,0,1,2,20.0,1041.181818181818,981.3181818181818,0.18181818181813014,0.318181818181813,1041.0,981.0,1041.3636363636363,981.6363636363636,1.3636363636362603,1.636363636363626,1388.79931640625,1261.837890625,0.17310148179348378,0.08655074089674189,173101.48179348378,86550.74089674189,36
24,28,0,28,29,290.0,586.7050981756339,1056.9976244588747,2.6724131416432604,5.453253630401201,582.0611111111111,1045.9805555555556,593.6666666666666,1073.6666666666667,12.605555555555497,28.68611111111113,1017.5677490234375,956.241697038923,3.412769532032201,0.12188462614400718,3412769.532032201,121884.62614400718,38
34,1,0,0,1,10.0,999.5,1500.5,0.0,0.0,999.5,1500.5,999.5,1500.5,1.0,1.0,942.83447265625,942.83447265625,0.02472875269862582,0.02472875269862582,24728.75269862582,24728.75269862582,52
33,25,0,25,26,260.0,1020.0411379679601,1429.770847645151,1.558935358852768,3.6163160875694946,1016.5,1423.0,1022.75,1434.909090909091,7.25,12.909090909090992,1175.484375,1021.5195874023437,3.1407281882722735,0.12562912753089095,3140728.1882722736,125629.12753089095,50
28,2,0,1,2,20.0,350.58333333333337,1248.3333333333335,1.9166666666666572,2.3333333333333712,348.6666666666667,1246.0,352.5,1250.6666666666667,4.833333333333314,5.6666666666667425,979.998046875,943.302978515625,0.06182202368196657,0.030911011840983285,61822.02368196657,30911.011840983287,43
27,1,0,0,1,10.0,1729.0,1248.0,0.0,0.0,1729.0,1248.0,1729.0,1248.0,1.0,1.0,906.66455078125,906.66455078125,0.01236437634931291,0.01236437634931291,12364.37634931291,12364.37634931291,42
6,5,0,4,5,50.0,170.68444444444444,178.13333333333333,1.226091854050053,1.243427163572965,168.5,176.25,172.25,180.0,4.75,4.75,1017.5595703125,965.416650390625,0.35856989489786084,0.07171397897957217,358569.8948978608,71713.97897957217,8
5,2,0,1,2,20.0,1690.0,170.25,0.0,0.25,1690.0,170.0,1690.0,170.5,1.0,1.5,979.998046875,961.505615234375,0.037093270983340754,0.018546635491670377,37093.27098334076,18546.63549167038,7
36,13,0,12,13,130.0,1164.332184708203,1929.233362062774,0.8575342911657049,0.8320992142128447,1162.75,1927.6666666666667,1166.0,1930.5,4.25,3.8333333333332575,2912.04931640625,1673.086904672476,1.397208524000345,0.1074775787692573,1397208.5240003448,107477.5787692573,57
35,1,0,0,1,10.0,954.0,1543.0,0.0,0.0,954.0,1543.0,954.0,1543.0,1.0,1.0,906.66455078125,906.66455078125,0.03709312904793873,0.03709312904793873,37093.12904793873,37093.12904793873,53
14,4,0,5,6,60.0,1929.9625,673.8375,1.6670989022850733,1.2416596755955314,1927.85,672.0,1932.5,675.5,5.650000000000091,4.5,943.00390625,933.8551025390625,0.14837350979405853,0.03709337744851463,148373.50979405854,37093.377448514635,22
13,3,0,2,3,30.0,1924.608024691358,645.2649447693308,0.34498939147702834,2.3094450330927097,1924.25,642.0263157894738,1925.0740740740741,647.25,1.824074074074133,6.223684210526244,1135.0126953125,1044.18115234375,0.4945771120728425,0.16485903735761417,494577.1120728425,164859.03735761417,21
20,9,0,10,11,110.0,308.5190177142284,921.0514314477916,1.7566732833853942,1.0424487065509422,305.6923076923077,919.8666666666667,311.0,923.3103448275862,6.307692307692321,4.4436781609194895,1301.35546875,1047.543972439236,1.384825977771831,0.153869553085759,1384825.977771831,153869.553085759,32
19,4,0,3,4,40.0,220.47222222222223,862.8472222222222,0.6291528696059037,1.2676987754136237,219.55555555555554,861.2222222222222,221.33333333333334,864.1666666666666,2.7777777777778,3.944444444444457,1479.13623046875,1303.9943237304688,0.5440376691926347,0.13600941729815869,544037.6691926348,136009.4172981587,31
18,1,0,0,1,10.0,265.0,776.6666666666666,0.0,0.0,265.0,776.6666666666666,265.0,776.6666666666666,1.0,1.0,979.998046875,979.998046875,0.03709312904793873,0.03709312904793873,37093.12904793873,37093.12904793873,27
17,20,0,26,27,270.0,208.2479166666667,776.0011904761905,3.8302178236216387,2.5897821089586097,203.0,770.0,215.5,779.6666666666667,13.5,10.666666666666742,1017.5625,935.919384765625,0.7419365471448425,0.037096827357242124,741936.5471448425,37096.827357242124,26
16,4,0,6,7,70.0,1954.25,771.5,3.832427429188973,2.598076211353316,1950.0,769.0,1959.0,775.0,10.0,7.0,906.724609375,906.6578369140625,0.04945828609363574,0.012364571523408936,49458.28609363574,12364.571523408935,25
15,3,0,2,3,30.0,275.8666666666667,757.8333333333334,0.5792715732327488,1.0274023338281628,275.1,756.5,276.5,759.0,2.3999999999999773,3.5,979.998046875,931.0732421875,0.11127967101873099,0.037093223672910326,111279.67101873098,37093.223672910324,23
10,8,0,6,7,70.0,772.2652891434807,460.33724768139666,10.778750961295914,2.676161400698486,757.7777777777778,456.1666666666667,784.0,464.26666666666665,27.22222222222217,9.099999999999966,1095.0439453125,981.1382141113281,1.4342791535920836,0.17928489419901045,1434279.1535920836,179284.89419901045,16
9,1,0,0,1,10.0,309.0,323.0,0.0,0.0,309.0,323.0,309.0,323.0,1.0,1.0,906.66455078125,906.66455078125,0.01236437634931291,0.01236437634931291,12364.37634931291,12364.37634931291,15
12,1,0,0,1,10.0,464.0,632.0,0.0,0.0,464.0,632.0,464.0,632.0,1.0,1.0,979.998046875,979.998046875,0.01236437634931291,0.01236437634931291,12364.37634931291,12364.37634931291,20
11,11,0,10,11,110.0,765.0169519874066,541.393044077135,1.7207800971441758,1.3949361111254717,762.3333333333333,539.0,767.4090909090909,544.4285714285714,6.0757575757576205,6.428571428571445,5599.9892578125,2168.444657759233,1.360128383542477,0.1236480348674979,1360128.383542477,123648.0348674979,17
30,4,0,3,4,40.0,560.875,1308.1944444444443,0.5936586186989693,1.1252571722515639,560.0,1306.7777777777778,561.5,1309.8333333333333,2.5,4.055555555555429,1388.73828125,1221.4777221679688,0.32147612707186585,0.08036903176796646,321476.12707186583,80369.03176796646,46
29,3,0,2,3,30.0,733.6438447442946,1305.3737131434284,3.442996688806544,2.3342532680700767,730.3333333333334,1303.4,738.391304347826,1308.6521739130435,9.057971014492637,6.252173913043407,1175.4140625,1121.8416341145833,0.8407814240707937,0.28026047469026455,840781.4240707937,280260.47469026456,45
8,2,0,1,2,20.0,509.6333333333333,240.7,0.6333333333333258,0.7000000000000028,509.0,240.0,510.26666666666665,241.4,2.2666666666666515,2.4000000000000057,979.998046875,961.505615234375,0.09891508176220429,0.049457540881102144,98915.08176220428,49457.54088110214,12
7,7,0,6,7,70.0,373.4563492063492,196.10922146636432,1.725736829441375,2.4447644623553173,371.16666666666663,192.08333333333331,376.5,199.24074074074073,6.333333333333371,8.157407407407419,1017.59375,953.9178989955357,0.7789706850606436,0.1112815264372348,778970.6850606436,111281.5264372348,10
26,3,0,5,6,60.0,1656.5,1205.3333333333333,0.7071067811865476,0.4714045207910317,1655.5,1205.0,1657.0,1206.0,2.5,2.0,1095.06689453125,1018.5608723958334,0.04945814414753455,0.016486048049178182,49458.14414753455,16486.048049178182,41
25,12,0,20,21,210.0,546.4958333333333,1027.6666666666667,3.0176880177086267,2.37323033484366,543.0,1023.5,553.75,1032.0,11.75,9.5,1216.68310546875,960.290028889974,0.5564297992157964,0.046369149934649696,556429.7992157964,46369.14993464969,39
32,4,0,3,4,40.0,724.1666666666667,1322.1666666666665,2.500000000000019,1.1180339887499118,720.0,1321.0,726.6666666666667,1324.0,7.6666666666667425,4.0,1017.50244140625,961.7092895507812,0.11128073557966783,0.02782018389491696,111280.73557966783,27820.183894916958,48
31,24,0,30,31,310.0,1753.0877671609578,1325.1535279170148,2.209231725285843,1.9801941682261068,1749.75,1320.6666666666667,1760.0,1329.0,11.25,9.333333333333258,1017.6002197265625,943.2968368530273,2.0525817271612077,0.08552423863171699,2052581.7271612077,85524.23863171699,47
40,1,1,1,1,10.0,326.0,313.0,0.0,0.0,326.0,313.0,326.0,313.0,1.0,1.0,906.60791015625,906.60791015625,0.012364447317013921,0.012364447317013921,12364.44731701392,12364.44731701392,63
39,1,1,1,1,10.0,349.0,237.0,0.0,0.0,349.0,237.0,349.0,237.0,1.0,1.0,906.60791015625,906.60791015625,0.012364447317013921,0.012364447317013921,12364.44731701392,12364.44731701392,62
37,3,1,3,3,30.0,947.1666666666666,67.41666666666667,1.4337208778404378,0.42491829279939874,945.5,67.0,949.0,68.0,4.5,2.0,943.01318359375,918.760498046875,0.07418689681859736,0.02472896560619912,74186.89681859736,24728.96560619912,59
38,1,1,1,1,10.0,274.0,94.0,0.0,0.0,274.0,94.0,274.0,94.0,1.0,1.0,906.60791015625,906.60791015625,0.012364447317013921,0.012364447317013921,12364.44731701392,12364.44731701392,60
41,4,1,4,4,40.0,556.4583333333334,317.9583333333333,0.7395099728874632,1.0433320021290744,555.5,317.0,557.3333333333334,319.5,2.8333333333333712,3.5,1301.35302734375,1139.90283203125,0.12364560872926746,0.030911402182316864,123645.60872926745,30911.402182316862,64
42,1,1,1,1,10.0,1578.0,433.0,0.0,0.0,1578.0,433.0,1578.0,433.0,1.0,1.0,906.60791015625,906.60791015625,0.012364447317013921,0.012364447317013921,12364.44731701392,12364.44731701392,65
43,32,1,37,37,370.0,566.5832291417987,1088.858277340766,3.382982987380894,2.2649859508637284,560.0,1082.5,573.3333333333334,1094.0,14.333333333333371,12.5,1095.1187744140625,979.575761795044,4.080798271507592,0.12752494598461225,4080798.271507592,127524.94598461225,68
44,1,1,1,1,10.0,219.66666666666666,2046.6666666666667,0.0,0.0,219.66666666666666,2046.6666666666667,219.66666666666666,2046.6666666666667,1.0,1.0,906.60791015625,906.60791015625,0.03709334195104176,0.03709334195104176,37093.34195104176,37093.34195104176,69
45,5,2,8,7,70.0,1560.6,437.7,6.343500610861482,1.1661903789690602,1556.0,436.0,1573.0,439.5,18.0,4.5,943.00390625,913.930810546875,0.07418838729553198,0.014837677459106396,74188.38729553198,14837.677459106395,70
46,6,2,7,6,60.0,1934.4675925925924,613.2532407407408,0.8083312120798832,0.7910416907137062,1933.0,612.0,1935.5555555555557,614.2,3.5555555555556566,3.2000000000000455,1056.000244140625,974.5777587890625,0.4080344975950414,0.06800574959917356,408034.4975950414,68005.74959917356,71
47,1,2,2,1,10.0,1913.775,1332.3049999999998,0.0,0.0,1913.775,1332.3049999999998,1913.775,1332.3049999999998,1.0,1.0,1135.0205078125,1135.0205078125,1.2488163471713938,1.2488163471713938,1248816.3471713937,1248816.3471713937,73
48,3,2,6,5,50.0,692.2333333333332,1388.3666666666668,1.4290634073484008,1.0656244908763504,690.5,1387.0,694.0,1389.6,4.5,3.599999999999909,1134.977783203125,1006.965576171875,0.0989167850776388,0.032972261692546266,98916.78507763881,32972.261692546264,74
49,10,2,15,14,140.0,953.8305952380952,1492.127261904762,1.306297546303478,1.2195572374604435,951.1999999999999,1488.7142857142858,955.3333333333334,1493.15,5.133333333333439,5.435714285714312,1056.028076171875,1010.2112609863282,0.9150107657641828,0.09150107657641829,915010.7657641828,91501.07657641829,75
50,17,3,25,23,230.0,329.79411764705884,306.7843137254902,12.223481288474597,14.119791503798018,308.0,286.5,344.5,326.0,37.5,40.5,942.965087890625,915.1917688706342,0.2967671786653544,0.017456892862667907,296767.1786653544,17456.892862667908,77
51,1,3,3,1,10.0,242.0,792.0,0.0,0.0,242.0,792.0,242.0,792.0,1.0,1.0,906.654541015625,906.654541015625,0.01236458926171599,0.01236458926171599,12364.58926171599,12364.58926171599,78
52,1,3,3,1,10.0,221.0,830.0,0.0,0.0,221.0,830.0,221.0,830.0,1.0,1.0,942.928955078125,942.928955078125,0.01236458926171599,0.01236458926171599,12364.58926171599,12364.58926171599,79
53,9,3,15,13,130.0,915.3074074074074,1117.4537037037035,0.8810806745167212,0.8258096579847372,913.8333333333334,1116.0,916.75,1119.0,3.9166666666666288,4.0,2190.95654296875,1611.4556749131943,0.6182584944270332,0.06869538826967035,618258.4944270332,68695.38826967035,80
54,4,3,7,5,50.0,1933.1666666666665,1279.4166666666667,2.8333333333333512,2.4874685927665516,1931.0,1276.0,1938.0,1283.0,8.0,8.0,906.724609375,906.6925048828125,0.1607422155615164,0.0401855538903791,160742.2155615164,40185.5538903791,81
55,9,3,18,16,160.0,1463.9944444444445,1511.0728395061726,2.2040962146550727,1.074192823717915,1461.0,1510.0,1467.375,1513.375,7.375,4.375,1388.78515625,1099.145039876302,0.46986872988053036,0.05220763665339226,469868.7298805303,52207.636653392256,82
56,5,4,8,5,50.0,420.3833333333333,134.11666666666665,0.7881060278357946,2.1804688588568393,419.0,130.0,421.25,136.0,3.25,7.0,1017.61181640625,980.32744140625,0.17310744363560504,0.03462148872712101,173107.44363560504,34621.48872712101,83
57,1,4,4,1,10.0,1993.0,826.0,0.0,0.0,1993.0,826.0,1993.0,826.0,1.0,1.0,906.63427734375,906.63427734375,0.012364660235901416,0.012364660235901416,12364.660235901416,12364.660235901416,84
58,1,4,4,1,10.0,739.0,1336.0,0.0,0.0,739.0,1336.0,739.0,1336.0,1.0,1.0,942.980224609375,942.980224609375,0.012364660235901416,0.012364660235901416,12364.660235901416,12364.660235901416,85
59,1,4,4,1,10.0,1760.5,1376.0,0.0,0.0,1760.5,1376.0,1760.5,1376.0,1.0,1.0,1388.82958984375,1388.82958984375,0.024729320471802832,0.024729320471802832,24729.320471802832,24729.320471802832,86
60,6,4,9,6,60.0,1535.3333333333333,1707.6805555555557,0.7555538882201219,1.2510845005688622,1534.0,1706.3333333333333,1536.5,1709.75,3.5,4.4166666666667425,1525.312255859375,1202.0240071614583,0.3956746638575085,0.06594577730958474,395674.6638575085,65945.77730958474,87
61,1,4,4,1,10.0,862.0,1946.0,0.0,0.0,862.0,1946.0,862.0,1946.0,1.0,1.0,906.63427734375,906.63427734375,0.012364660235901416,0.012364660235901416,12364.660235901416,12364.660235901416,88
62,2,5,7,3,30.0,190.0,91.0,0.0,0.0,190.0,91.0,190.0,91.0,1.0,1.0,943.00390625,942.94921875,0.024729604383785145,0.012364802191892572,24729.604383785143,12364.802191892571,89
63,2,5,6,2,20.0,417.16666666666663,239.33333333333331,0.1666666666666572,0.3333333333333286,417.0,239.0,417.3333333333333,239.66666666666666,1.3333333333333144,1.6666666666666572,943.00390625,942.974365234375,0.04945899583042944,0.02472949791521472,49458.99583042944,24729.49791521472,90
64,13,5,27,23,230.0,456.0684852605307,629.3129812527541,3.1591631511458043,3.854562812952729,450.0,622.9017857142858,462.0,636.4074074074074,13.0,14.505621693121611,1095.1187744140625,974.9375328650841,3.202635892538038,0.24635660711831062,3202635.892538038,246356.6071183106,91
65,1,5,5,1,10.0,521.7404912447541,984.0573910813428,0.0,0.0,521.7404912447541,984.0573910813428,521.7404912447541,984.0573910813428,1.0,1.0,1134.862548828125,1134.862548828125,4.006172913014369,4.006172913014369,4006172.913014369,4006172.913014369,92
66,1,5,5,1,10.0,1058.0,1044.5,0.0,0.0,1058.0,1044.5,1058.0,1044.5,1.0,1.0,979.878173828125,979.878173828125,0.024729462426014627,0.024729462426014627,24729.462426014627,24729.462426014627,93
67,2,5,6,2,20.0,975.4333333333334,1146.8666666666668,0.23333333333329165,0.4666666666665833,975.2,1146.4,975.6666666666666,1147.3333333333333,1.4666666666665833,1.9333333333331666,1135.0029296875,1095.5155029296875,0.09891820459605943,0.04945910229802972,98918.20459605944,49459.10229802972,94
68,2,5,6,2,20.0,3.992546583850932,1701.2695652173911,2.992546583850932,8.269565217391232,1.0,1693.0,6.985093167701864,1709.5391304347825,6.985093167701864,17.539130434782464,1175.41015625,1077.66796875,4.179279220974872,2.089639610487436,4179279.2209748724,2089639.6104874362,95
69,1,5,5,1,10.0,1258.0,1867.0,0.0,0.0,1258.0,1867.0,1258.0,1867.0,1.0,1.0,906.69482421875,906.69482421875,0.012364731213007314,0.012364731213007314,12364.731213007313,12364.731213007313,96
70,2,5,6,2,20.0,220.5,2007.5,1.5,0.5,219.0,2007.0,222.0,2008.0,4.0,2.0,906.724609375,906.709716796875,0.03709426461742212,0.01854713230871106,37094.26461742212,18547.13230871106,97
71,6,6,19,14,140.0,2004.302587899455,31.458753132346484,8.203999131111873,1.4210676040509145,1993.0,30.0,2016.5,34.0,24.5,5.0,1135.00439453125,975.3030293782552,1.1994568710333497,0.1999094785055583,1199456.8710333498,199909.4785055583,98
72,2,6,7,2,20.0,976.2,67.1,0.8000000000000114,1.1000000000000014,975.4,66.0,977.0,68.2,2.6000000000000227,3.200000000000003,1095.04052734375,1037.483154296875,0.07418916804529666,0.03709458402264833,74189.16804529665,37094.58402264833,99
73,1,6,6,1,10.0,408.0,220.0,0.0,0.0,408.0,220.0,408.0,220.0,1.0,1.0,906.724609375,906.724609375,0.012364802191407497,0.012364802191407497,12364.802191407496,12364.802191407496,100
74,1,6,6,1,10.0,836.0,495.0,0.0,0.0,836.0,495.0,836.0,495.0,1.0,1.0,942.94482421875,942.94482421875,0.012364802191407497,0.012364802191407497,12364.802191407496,12364.802191407496,101
75,1,6,6,1,10.0,146.5,1069.0,0.0,0.0,146.5,1069.0,146.5,1069.0,1.0,1.0,942.94482421875,942.94482421875,0.024729604382814994,0.024729604382814994,24729.604382814992,24729.604382814992,102
76,4,6,9,4,40.0,1516.7395833333333,1483.1145833333333,0.3612946915838415,0.6867894054948661,1516.125,1482.0,1517.0,1483.875,1.875,2.875,1017.5859375,980.4210815429688,0.22256807197525136,0.05564201799381284,222568.07197525137,55642.01799381284,103
77,4,7,10,4,40.0,1724.035037878788,1247.3051609848485,1.3379616183520158,0.29310691282248263,1722.0,1247.03125,1725.375,1247.7727272727273,4.375,1.741477272727252,2190.9697265625,1530.6661987304688,0.6677077649054514,0.16692694122636284,667707.7649054513,166926.94122636283,105
78,1,7,7,1,10.0,292.0,1959.0,0.0,0.0,292.0,1959.0,292.0,1959.0,1.0,1.0,4825.5888671875,4825.5888671875,0.012364873170777831,0.012364873170777831,12364.873170777832,12364.873170777832,106
79,1,8,8,1,10.0,1488.0,156.5,0.0,0.0,1488.0,156.5,1488.0,156.5,1.0,1.0,979.869140625,979.869140625,0.024729888302236616,0.024729888302236616,24729.888302236617,24729.888302236617,108
80,11,8,24,17,170.0,1305.9135586901139,761.5295045464901,5.284049791103072,2.6119651981688508,1295.6363636363637,759.0,1314.0,768.8181818181819,19.36363636363626,10.81818181818187,1973.3406982421875,1255.6989635120738,1.483846824843101,0.13489516589482736,1483846.824843101,134895.16589482737,109
81,2,8,9,2,20.0,241.5,775.5,0.5,0.5,241.0,775.0,242.0,776.0,2.0,2.0,906.7060546875,906.66259765625,0.024729959279214668,0.012364979639607334,24729.95927921467,12364.979639607334,110
82,19,8,23,16,160.0,604.3583838983424,957.6672800422108,4.5140419643494205,6.159228045440561,599.9285714285714,953.5,615.0,972.5,16.071428571428555,20.0,1817.5986328125,1227.6750552528783,2.4978139851271965,0.13146389395406297,2497813.9851271966,131463.89395406298,111
83,3,8,10,3,30.0,730.7916666666666,1295.5416666666667,0.5803495115493382,2.566477265739082,730.0,1292.0,731.375,1298.0,2.375,7.0,1175.442138671875,1008.3620198567709,0.12365015129384802,0.041216717097949336,123650.15129384802,41216.71709794934,112
84,3,9,11,3,30.0,896.138888888889,29.722222222222218,0.38689967436626,0.20786985482077472,895.75,29.5,896.6666666666667,30.0,1.9166666666667425,1.5,1017.6002197265625,992.4968465169271,0.24730200626400517,0.08243400208800172,247302.00626400518,82434.00208800173,113
85,5,9,13,5,50.0,950.3700000000001,80.25833333333334,1.107268912434737,0.4011788185391206,948.75,79.625,951.8,80.76666666666667,4.0499999999999545,2.1416666666666657,1175.465087890625,1074.331103515625,0.39568453041834106,0.07913690608366822,395684.53041834105,79136.90608366822,114
86,10,9,23,15,150.0,403.6890404040404,171.6451767676768,1.9377588336840716,2.92548087130293,401.0,167.0,408.0,176.0,8.0,10.0,1134.90869140625,1000.2403686523437,1.5456966050510845,0.15456966050510845,1545696.6050510844,154569.66050510845,115
87,2,9,10,2,20.0,854.0,187.5,1.0,0.5,853.0,187.0,855.0,188.0,3.0,2.0,942.8935546875,924.7891845703125,0.024730101246055188,0.012365050623027594,24730.101246055186,12365.050623027593,116
88,1,9,9,1,10.0,314.0,327.0,0.0,0.0,314.0,327.0,314.0,327.0,1.0,1.0,942.8935546875,942.8935546875,0.024730030256192716,0.024730030256192716,24730.030256192716,24730.030256192716,117
89,1,9,9,1,10.0,123.0,532.0,0.0,0.0,123.0,532.0,123.0,532.0,1.0,1.0,906.619140625,906.619140625,0.012365015128096358,0.012365015128096358,12365.015128096358,12365.015128096358,118
90,25,9,42,34,340.0,964.092346153023,1522.8656752748793,3.0069090656572084,10.147090315701526,960.1153846153846,1512.375,975.5,1548.5,16.38461538461536,37.125,1619.897216796875,1044.2234423828124,4.6000637258543104,0.18400254903417243,4600063.72585431,184002.54903417244,119
91,7,9,15,7,70.0,384.0425666099773,1751.6996208900223,3.603021985157091,1.358657901976248,379.4114583333333,1750.4444444444443,391.0,1754.5,12.588541666666686,5.055555555555657,3591.095703125,1581.7060372488838,1.2612468765021272,0.1801781252145896,1261246.8765021272,180178.12521458959,120
92,2,9,10,2,20.0,2.125,1777.75,0.375,0.75,1.75,1777.0,2.5,1778.5,1.75,2.5,979.952392578125,961.4451293945312,0.08655531886626192,0.04327765943313096,86555.31886626192,43277.65943313096,121
93,1,10,10,1,10.0,355.0,227.0,0.0,0.0,355.0,227.0,355.0,227.0,1.0,1.0,906.684814453125,906.684814453125,0.01236508611795883,0.01236508611795883,12365.08611795883,12365.08611795883,122
94,2,10,11,2,20.0,891.2428571428572,292.0857142857143,0.04285714285714448,0.5142857142857338,891.2,291.57142857142856,891.2857142857143,292.6,1.085714285714289,2.0285714285714675,1134.925537109375,1134.9214477539062,0.1483815302967496,0.0741907651483748,148381.5302967496,74190.7651483748,123
95,20,10,23,14,140.0,1903.581813716563,1656.3019169534632,3.4337367132947367,15.818233722229733,1899.0,1637.1041666666665,1909.6363636363635,1685.0,11.636363636363512,48.895833333333485,1479.0721435546875,1135.3537231445312,4.797863833916721,0.23989319169583606,4797863.833916721,239893.19169583605,124
96,3,10,14,5,50.0,228.33333333333334,1999.5,1.8856180831641267,0.7071067811865476,227.0,1999.0,231.0,2000.5,5.0,2.5,906.684814453125,906.6666666666666,0.0494607704031523,0.01648692346771743,49460.770403152295,16486.92346771743,125
97,1,11,11,1,10.0,273.0,96.0,0.0,0.0,273.0,96.0,273.0,96.0,1.0,1.0,979.9379272460938,979.9379272460938,0.01236515710099364,0.01236515710099364,12365.15710099364,12365.15710099364,126
98,1,11,11,1,10.0,908.0,112.0,0.0,0.0,908.0,112.0,908.0,112.0,1.0,1.0,906.65185546875,906.65185546875,0.01236515710099364,0.01236515710099364,12365.15710099364,12365.15710099364,127
99,5,11,18,8,80.0,352.5,200.4,2.756809750418044,3.0066592756745814,347.5,197.0,355.0,204.0,8.5,8.0,979.90966796875,928.567529296875,0.08655766151993653,0.017311532303987305,86557.66151993653,17311.532303987304,128
100,9,12,31,20,200.0,669.4777777777778,57.455555555555556,5.201661652839142,1.1729460640352574,659.0,56.0,674.4,60.0,16.399999999999977,5.0,979.8739013671875,930.9258761935764,0.2720433957960806,0.03022704397734229,272043.3957960806,30227.043977342288,129
101,1,12,12,1,10.0,752.0,531.0,0.0,0.0,752.0,531.0,752.0,531.0,1.0,1.0,1017.60595703125,1017.60595703125,0.01236522809279649,0.01236522809279649,12365.22809279649,12365.22809279649,130
102,1,12,12,1,10.0,185.0,838.0,0.0,0.0,185.0,838.0,185.0,838.0,1.0,1.0,906.63623046875,906.63623046875,0.01236522809279649,0.01236522809279649,12365.22809279649,12365.22809279649,131
103,6,12,19,8,80.0,362.72222222222223,1243.5555555555554,5.211869170164725,4.614456617690028,354.0,1239.5,368.3333333333333,1251.0,15.333333333333314,12.5,1017.607177734375,955.8288981119791,0.123655688574985,0.020609281429164166,123655.688574985,20609.281429164166,132
104,1,12,12,1,10.0,1313.0,1458.0,0.0,0.0,1313.0,1458.0,1313.0,1458.0,1.0,1.0,1175.4547119140625,1175.4547119140625,0.01236522809279649,0.01236522809279649,12365.22809279649,12365.22809279649,133
105,1,13,13,1,10.0,189.0,90.0,0.0,0.0,189.0,90.0,189.0,90.0,1.0,1.0,906.65771484375,906.65771484375,0.012365299081128343,0.012365299081128343,12365.299081128343,12365.299081128343,134
106,2,13,14,2,20.0,865.5,226.5,0.5,1.0,865.0,225.5,866.0,227.5,2.0,3.0,1055.98828125,999.4497680664062,0.04946133831113299,0.024730669155566494,49461.33831113299,24730.669155566495,135
107,2,13,14,2,20.0,1592.9166666666665,453.58333333333337,0.41666666666662877,0.08333333333334281,1592.5,453.5,1593.3333333333333,453.6666666666667,1.8333333333332575,1.1666666666666856,1301.314697265625,1198.2161865234375,0.08655737754113763,0.04327868877056881,86557.37754113763,43278.68877056881,136
108,5,13,19,7,70.0,839.0,493.33333333333337,1.7888543819998317,4.876246279442596,837.0,488.0,842.0,502.0,6.0,15.0,942.889892578125,913.90341796875,0.08655879742032391,0.01731175948406478,86558.79742032391,17311.75948406478,137
109,1,13,13,1,10.0,523.0,536.0,0.0,0.0,523.0,536.0,523.0,536.0,1.0,1.0,942.96142578125,942.96142578125,0.03709589724338503,0.03709589724338503,37095.89724338503,37095.89724338503,138
110,2,13,14,2,20.0,1936.5,617.0,0.5,1.0,1936.0,616.0,1937.0,618.0,2.0,3.0,942.9112548828125,924.7844848632812,0.024730669155566494,0.012365334577783247,24730.669155566495,12365.334577783247,139
111,2,13,14,2,20.0,818.75,759.25,0.25,0.75,818.5,758.5,819.0,760.0,1.5,2.5,1017.615234375,1017.6056518554688,0.061826779378880946,0.030913389689440473,61826.77937888094,30913.38968944047,140
112,1,13,13,1,10.0,694.0,1359.0,0.0,0.0,694.0,1359.0,694.0,1359.0,1.0,1.0,942.96142578125,942.96142578125,0.012365299081128343,0.012365299081128343,12365.299081128343,12365.299081128343,141
113,20,13,27,15,150.0,1290.1965254138718,1853.5696573819957,10.523266099865015,2.888480754031342,1272.0,1847.0,1312.0,1857.5,41.0,11.5,1767.125244140625,1121.141339111328,4.253847687991531,0.21269238439957655,4253847.687991531,212692.38439957655,142
114,1,14,14,1,10.0,725.0,21.5,0.0,0.0,725.0,21.5,725.0,21.5,1.0,1.0,906.678955078125,906.678955078125,0.0247307401488763,0.0247307401488763,24730.740148876303,24730.740148876303,143
115,1,14,14,1,10.0,707.5636363636363,101.61354723707666,0.0,0.0,707.5636363636363,101.61354723707666,707.5636363636363,101.61354723707666,1.0,1.0,1056.007080078125,1056.007080078125,1.4220175585603871,1.4220175585603871,1422017.5585603872,1422017.5585603872,144
116,5,14,24,11,110.0,376.15,191.55,3.047950130825634,2.8390139133156778,371.0,188.0,380.0,196.5,10.0,9.5,979.9173583984375,921.3153564453125,0.09892594247633854,0.019785188495267707,98925.94247633855,19785.188495267706,145
117,2,14,15,2,20.0,443.25,704.5,0.75,0.5,442.5,704.0,444.0,705.0,2.5,2.0,1017.5693359375,980.2402954101562,0.061827134335877665,0.030913567167938832,61827.134335877665,30913.567167938832,146
118,1,14,14,1,10.0,631.5,1145.0,0.0,0.0,631.5,1145.0,631.5,1145.0,1.0,1.0,1017.615234375,1017.615234375,0.0247307401488763,0.0247307401488763,24730.740148876303,24730.740148876303,147
119,4,14,20,7,70.0,1867.9197478991596,1368.4135854341737,1.3556579930151265,3.1260169966738305,1866.2,1363.0,1870.0,1370.2857142857142,4.7999999999999545,8.28571428571422,1668.28125,1201.0830078125,0.494619630503232,0.123654907625808,494619.630503232,123654.907625808,148
120,1,14,14,1,10.0,888.0,1950.3333333333333,0.0,0.0,888.0,1950.3333333333333,888.0,1950.3333333333333,1.0,1.0,1017.615234375,1017.615234375,0.03709611022331445,0.03709611022331445,37096.11022331445,37096.11022331445,149
121,1,15,15,1,10.0,692.0,125.0,0.0,0.0,692.0,125.0,692.0,125.0,1.0,1.0,906.65478515625,906.65478515625,0.024730882130719757,0.024730882130719757,24730.882130719758,24730.882130719758,151
122,1,15,15,1,10.0,128.0,129.0,0.0,0.0,128.0,129.0,128.0,129.0,1.0,1.0,1134.92578125,1134.92578125,0.012365441065359879,0.012365441065359879,12365.441065359879,12365.441065359879,152
123,6,16,22,7,70.0,523.3333333333334,291.47222222222223,0.9428090415820634,1.5287875450907795,522.0,290.0,525.0,294.5,4.0,5.5,942.889892578125,912.7115275065104,0.11129145445100636,0.018548575741834394,111291.45445100636,18548.575741834393,153
124,1,16,16,1,10.0,1078.0,1061.0,0.0,0.0,1078.0,1061.0,1078.0,1061.0,1.0,1.0,942.96484375,942.96484375,0.012365512058877266,0.012365512058877266,12365.512058877266,12365.512058877266,154
125,2,16,18,3,30.0,1930.5,1274.0,0.5,4.0,1930.0,1270.0,1931.0,1278.0,2.0,9.0,906.67236328125,906.654052734375,0.024731166110405566,0.012365583055202783,24731.166110405564,12365.583055202782,155
126,11,16,28,13,130.0,732.4616161616161,1294.3727272727274,0.47639395877652735,2.6813363907429486,731.4444444444445,1290.0,733.1666666666666,1301.25,2.7222222222221717,12.25,1525.369873046875,1143.9721013849432,1.0016419775471825,0.09105836159519841,1001641.9775471826,91058.36159519841,156
127,1,16,16,1,10.0,1268.0,1365.0,0.0,0.0,1268.0,1365.0,1268.0,1365.0,1.0,1.0,5779.9111328125,5779.9111328125,0.012365512058877266,0.012365512058877266,12365.512058877266,12365.512058877266,157
128,1,16,16,1,10.0,984.3952129757445,1513.9595576151976,0.0,0.0,984.3952129757445,1513.9595576151976,984.3952129757445,1513.9595576151976,1.0,1.0,1717.3519287109375,1717.3519287109375,6.182756029438633,6.182756029438633,6182756.0294386335,6182756.0294386335,158
129,1,16,16,1,10.0,226.0,2047.0,0.0,0.0,226.0,2047.0,226.0,2047.0,1.0,1.0,942.96484375,942.96484375,0.012365512058877266,0.012365512058877266,12365.512058877266,12365.512058877266,159
132,3,17,19,3,30.0,2024.5,828.8333333333334,1.7795130420052185,4.870546398734152,2022.0,822.0,2026.0,833.0,5.0,12.0,942.965087890625,930.8277180989584,0.07419385330644458,0.02473128443548153,74193.85330644458,24731.284435481528,163
134,1,17,17,1,10.0,961.0,1369.0,0.0,0.0,961.0,1369.0,961.0,1369.0,1.0,1.0,1175.533935546875,1175.533935546875,0.012365583055097011,0.012365583055097011,12365.583055097011,12365.583055097011,165
131,2,17,18,2,20.0,2003.0,828.0,0.0,1.0,2003.0,827.0,2003.0,829.0,1.0,3.0,906.6357421875,906.6319580078125,0.024731237106625312,0.012365618553312656,24731.23710662531,12365.618553312655,162
130,2,17,18,2,20.0,766.25,544.5,0.25,0.5,766.0,544.0,766.5,545.0,1.5,2.0,1134.90869140625,1020.772216796875,0.037096820161722326,0.018548410080861163,37096.820161722324,18548.410080861162,161
133,13,17,34,18,180.0,294.86538461538464,847.9807692307693,2.9849226645944222,1.9962983495939968,288.5,845.5,298.5,852.0,11.0,7.5,1017.61279296875,931.9844031700721,0.2596912324624621,0.019976248650958626,259691.23246246213,19976.248650958627,164
136,3,18,26,9,90.0,280.6666666666667,92.83333333333333,1.699673171197595,2.3921166824012206,279.0,89.5,283.0,95.0,5.0,6.5,942.9425048828125,918.7391357421875,0.04946353925609351,0.016487846418697837,49463.53925609351,16487.846418697838,167
135,2,18,20,3,30.0,312.3333333333333,92.41666666666667,1.3333333333333144,3.9166666666666714,311.0,88.5,313.66666666666663,96.33333333333334,3.6666666666666288,8.833333333333343,979.88623046875,943.260986328125,0.12365767645979125,0.06182883822989563,123657.67645979126,61828.83822989563,166
140,1,18,18,1,10.0,1399.0,1817.5,0.0,0.0,1399.0,1817.5,1399.0,1817.5,1.0,1.0,1134.912109375,1134.912109375,0.024731308103056602,0.024731308103056602,24731.308103056603,24731.308103056603,171
139,1,18,18,1,10.0,238.0,789.0,0.0,0.0,238.0,789.0,238.0,789.0,1.0,1.0,906.6357421875,906.6357421875,0.012365654051528301,0.012365654051528301,12365.654051528301,12365.654051528301,170
138,4,18,21,4,40.0,170.125,728.9166666666666,1.5155444566227676,1.4215601757693335,168.0,727.0,172.0,731.0,5.0,5.0,942.965087890625,933.8795166015625,0.11129173842007772,0.02782293460501943,111291.73842007773,27822.934605019433,169
141,1,18,18,1,10.0,198.0,2047.0,0.0,0.0,198.0,2047.0,198.0,2047.0,1.0,1.0,906.6357421875,906.6357421875,0.012365654051528301,0.012365654051528301,12365.654051528301,12365.654051528301,172
137,4,18,21,4,40.0,1691.0,144.75,0.7071067811865476,1.0897247358851685,1690.0,143.0,1692.0,146.0,3.0,4.0,906.70361328125,906.6754760742188,0.04946304218974052,0.01236576054743513,49463.04218974052,12365.76054743513,168
144,25,19,48,30,300.0,522.1645346378426,695.05650278607,2.024177999026957,2.125972722176312,518.0,691.4736842105264,526.0,700.6724137931035,9.0,10.19872958257713,1433.654296875,1109.4523046875,3.672813560106382,0.14691254240425528,3672813.560106382,146912.54240425528,176
142,6,19,23,5,50.0,715.9775708061002,60.65549019607843,12.576538185419533,7.171163914437843,698.0277777777778,53.0,729.0,72.0,31.97222222222217,20.0,979.88623046875,937.1133829752604,0.5688271151652187,0.09480451919420312,568827.1151652187,94804.51919420311,173
143,3,19,24,6,60.0,976.6666666666666,553.8333333333334,0.4714045207910317,2.9533408577782247,976.0,551.5,977.0,558.0,2.0,7.5,942.96484375,918.7718505859375,0.04946389424937335,0.016487964749791115,49463.89424937335,16487.964749791114,174
145,1,19,19,1,10.0,1870.0,1629.0,0.0,0.0,1870.0,1629.0,1870.0,1629.0,1.0,1.0,906.687744140625,906.687744140625,0.012365725044812625,0.012365725044812625,12365.725044812625,12365.725044812625,177
148,4,20,23,4,40.0,1837.84375,1393.6145833333335,0.6210814660734935,0.643729773145058,1837.0,1392.625,1838.5,1394.3333333333335,2.5,2.708333333333485,1017.5677490234375,961.7681579589844,0.16075733673360385,0.04018933418340096,160757.33673360385,40189.33418340096,180
150,24,20,45,26,260.0,232.3423611111111,2009.7472222222223,4.813719732794491,7.354062663203311,220.0,2000.0,240.75,2027.5,21.75,28.5,979.93603515625,915.7581176757812,0.7791131860581245,0.03246304941908852,779113.1860581245,32463.049419088522,182
147,1,20,20,1,10.0,1718.5,1248.0,0.0,0.0,1718.5,1248.0,1718.5,1248.0,1.0,1.0,1216.753662109375,1216.753662109375,0.024731592089183664,0.024731592089183664,24731.592089183665,24731.592089183665,179
146,1,20,20,1,10.0,196.0,86.0,0.0,0.0,196.0,86.0,196.0,86.0,1.0,1.0,942.95947265625,942.95947265625,0.012365796044591832,0.012365796044591832,12365.796044591832,12365.796044591832,178
149,3,20,26,7,70.0,581.6666666666666,1897.1666666666667,3.858612300930075,2.3921166824012206,578.0,1895.0,587.0,1900.5,10.0,6.5,942.96484375,930.8444010416666,0.06183040036730027,0.020610133455766757,61830.400367300266,20610.133455766758,181
152,1,21,21,1,10.0,354.0,273.0,0.0,0.0,354.0,273.0,354.0,273.0,1.0,1.0,906.70361328125,906.70361328125,0.012365867048807757,0.012365867048807757,12365.867048807757,12365.867048807757,184
151,4,21,25,5,50.0,489.1363636363636,98.4034090909091,3.8044938630150216,1.6807717106699565,485.0,96.72727272727273,493.5,100.88636363636363,9.5,5.159090909090892,1301.3582763671875,1138.5185241699219,0.5070077207359438,0.12675193018398595,507007.7207359438,126751.93018398595,183
156,2,21,22,2,20.0,328.0,2047.0,0.0,0.0,328.0,2047.0,328.0,2047.0,1.0,1.0,942.9150390625,924.809326171875,0.02473180510269383,0.012365902551346916,24731.80510269383,12365.902551346915,188
155,1,21,21,1,10.0,525.3826433566434,990.2002600642602,0.0,0.0,525.3826433566434,990.2002600642602,525.3826433566434,990.2002600642602,1.0,1.0,1175.49951171875,1175.49951171875,4.1672971954482145,4.1672971954482145,4167297.1954482147,4167297.1954482147,187
154,1,21,21,1,10.0,1936.0,663.0,0.0,0.0,1936.0,663.0,1936.0,663.0,1.0,1.0,1017.5830078125,1017.5830078125,0.012365867048807757,0.012365867048807757,12365.867048807757,12365.867048807757,186
153,1,21,21,1,10.0,1934.5,625.0,0.0,0.0,1934.5,625.0,1934.5,625.0,1.0,1.0,942.9228515625,942.9228515625,0.024731734097615515,0.024731734097615515,24731.734097615514,24731.734097615514,185
160,1,22,22,1,10.0,1.0,333.0,0.0,0.0,1.0,333.0,1.0,333.0,1.0,1.0,942.9150390625,942.9150390625,0.012365938053886074,0.012365938053886074,12365.938053886075,12365.938053886075,193
159,2,22,23,2,20.0,713.0485119047619,98.46220238095238,1.0056547619047365,0.8663690476190453,712.0428571428572,97.59583333333333,714.0541666666667,99.32857142857142,3.011309523809473,2.7327380952380906,1017.5677490234375,998.7425537109375,0.5688347836801464,0.2844173918400732,568834.7836801464,284417.3918400732,192
158,6,22,29,8,80.0,746.5555555555555,48.166666666666664,1.9688939051854828,0.6871842709362768,744.0,47.0,750.0,49.0,7.0,3.0,942.914794921875,918.7501017252604,0.09892991878003693,0.016488319796672823,98929.91878003693,16488.319796672822,190
157,1,22,22,1,10.0,1999.989247311828,3.9086021505376345,0.0,0.0,1999.989247311828,3.9086021505376345,1999.989247311828,3.9086021505376345,1.0,1.0,1258.6905517578125,1258.6905517578125,2.3000644780228097,2.3000644780228097,2300064.4780228096,2300064.4780228096,189
161,3,22,25,4,40.0,464.5,608.6666666666666,0.816496580927726,1.649915822768611,463.5,606.5,465.5,610.5,3.0,5.0,1017.5692138671875,955.7348225911459,0.0741961963902985,0.02473206546343283,74196.1963902985,24732.06546343283,194
162,1,22,22,1,10.0,1358.0,1450.0,0.0,0.0,1358.0,1450.0,1358.0,1450.0,1.0,1.0,1388.76171875,1388.76171875,0.012365938053886074,0.012365938053886074,12365.938053886075,12365.938053886075,196
163,1,22,22,1,10.0,985.9647380579775,1517.4890111036589,0.0,0.0,985.9647380579775,1517.4890111036589,985.9647380579775,1517.4890111036589,1.0,1.0,1619.8740234375,1619.8740234375,5.403914929548215,5.403914929548215,5403914.929548215,5403914.929548215,197
164,1,23,23,1,10.0,462.0,50.0,0.0,0.0,462.0,50.0,462.0,50.0,1.0,1.0,906.6629638671875,906.6629638671875,0.012366009062642033,0.012366009062642033,12366.009062642033,12366.009062642033,198
165,1,23,23,1,10.0,463.0,661.0,0.0,0.0,463.0,661.0,463.0,661.0,1.0,1.0,906.6629638671875,906.6629638671875,0.012366009062642033,0.012366009062642033,12366.009062642033,12366.009062642033,199
166,5,23,28,6,60.0,923.4333333333332,1413.75,0.8273115763993975,1.118033988749895,922.6666666666666,1412.0,925.0,1415.0,3.3333333333333712,4.0,1055.9959716796875,936.54599609375,0.12366108476097439,0.024732216952194876,123661.08476097438,24732.216952194878,200
167,2,23,24,2,20.0,1498.25,1512.25,0.25,0.25,1498.0,1512.0,1498.5,1512.5,1.5,1.5,1055.9825439453125,1017.932861328125,0.07419633840912145,0.03709816920456072,74196.33840912144,37098.16920456072,201
168,3,23,25,3,30.0,1991.1666666666667,1689.3333333333333,0.23570226039551584,0.23570226039551584,1991.0,1689.0,1991.5,1689.5,1.5,1.5,1433.618408203125,1196.3329264322917,0.07419648042444504,0.02473216014148168,74196.48042444505,24732.16014148168,202
169,1,23,23,1,10.0,6.944444444444444,1772.3333333333333,0.0,0.0,6.944444444444444,1772.3333333333333,6.944444444444444,1772.3333333333333,1.0,1.0,906.6629638671875,906.6629638671875,0.0741960543758522,0.0741960543758522,74196.0543758522,74196.0543758522,203
170,1,24,24,1,10.0,475.0,32.0,0.0,0.0,475.0,32.0,475.0,32.0,1.0,1.0,979.8739013671875,979.8739013671875,0.03709824021287803,0.03709824021287803,37098.24021287803,37098.24021287803,204
171,6,24,29,6,60.0,841.4195156695156,116.36192511192512,1.0666779001557383,6.9909008111226445,840.0,109.5,843.0,131.0,4.0,22.5,1216.6741943359375,1027.3160603841145,0.40808575508317774,0.06801429251386296,408085.75508317776,68014.29251386295,205
172,3,24,27,4,40.0,338.3333333333333,301.0,4.988876515698588,7.483314773547883,333.0,291.0,345.0,309.0,13.0,19.0,906.690185546875,906.6837972005209,0.037098524252393766,0.012366174750797923,37098.52425239376,12366.174750797923,206
173,1,24,24,1,10.0,1859.0,1404.0,0.0,0.0,1859.0,1404.0,1859.0,1404.0,1.0,1.0,906.67236328125,906.67236328125,0.012366080070959344,0.012366080070959344,12366.080070959344,12366.080070959344,207
174,3,24,29,6,60.0,1842.3333333333333,1418.0,0.9428090415820634,1.4142135623730951,1841.0,1416.0,1843.0,1419.0,3.0,4.0,942.886474609375,918.7355143229166,0.037098879317613,0.012366293105871,37098.879317613,12366.293105871,208
175,5,24,28,5,50.0,344.8590476190476,1718.2761904761908,0.4191190415324158,0.47847073093639597,344.42857142857144,1717.7142857142858,345.5,1719.0,2.071428571428555,2.2857142857142208,1258.698486328125,1106.77509765625,0.27205695701685584,0.054411391403371166,272056.9570168558,54411.39140337117,209
176,19,25,45,21,210.0,549.1141189240071,319.36411768860506,5.442311877325688,5.337688820778141,537.6363636363636,311.0,557.0588235294117,325.73333333333335,20.422459893048085,15.733333333333348,2784.74462890625,1780.3665707236842,5.639236113568086,0.2968019007141098,5639236.113568086,296801.90071410977,210
177,1,25,25,1,10.0,1918.6666666666667,1384.6666666666667,0.0,0.0,1918.6666666666667,1384.6666666666667,1918.6666666666667,1384.6666666666667,1.0,1.0,942.90478515625,942.90478515625,0.03709845323586342,0.03709845323586342,37098.453235863424,37098.453235863424,212
178,2,25,26,2,20.0,742.0,1648.5,0.0,0.5,742.0,1648.0,742.0,1649.0,1.0,2.0,1095.1275634765625,1000.8833618164062,0.0494646753262583,0.02473233766312915,49464.6753262583,24732.33766312915,213
179,1,26,26,1,10.0,2045.6,29.52,0.0,0.0,2045.6,29.52,2045.6,29.52,1.0,1.0,1055.968017578125,1055.968017578125,0.3091555522598719,0.3091555522598719,309155.5522598719,309155.5522598719,214
180,1,26,26,1,10.0,1920.0,106.0,0.0,0.0,1920.0,106.0,1920.0,106.0,1.0,1.0,1920.68359375,1920.68359375,0.012366222090394875,0.012366222090394875,12366.222090394875,12366.222090394875,216
181,1,26,26,1,10.0,872.0,220.0,0.0,0.0,872.0,220.0,872.0,220.0,1.0,1.0,906.63916015625,906.63916015625,0.012366222090394875,0.012366222090394875,12366.222090394875,12366.222090394875,217
182,2,26,28,3,30.0,791.5,455.5,0.5,3.5,791.0,452.0,792.0,459.0,2.0,8.0,906.6826171875,906.660888671875,0.024732586206488685,0.012366293103244342,24732.586206488686,12366.293103244343,218
183,4,26,32,7,70.0,847.375,489.25,2.9869507863371303,3.6314597615834874,843.0,485.0,851.0,495.0,9.0,11.0,906.690185546875,906.669921875,0.0618320336470833,0.015458008411770825,61832.0336470833,15458.008411770825,219
184,7,26,32,7,70.0,449.29682539682534,826.063492063492,0.7629358103028525,1.2534532798300038,448.0,824.1111111111111,450.1666666666667,828.3333333333334,3.1666666666666856,5.222222222222285,1056.0390625,986.1192103794643,0.605951628722994,0.08656451838899915,605951.628722994,86564.51838899915,220
185,1,26,26,1,10.0,2003.5,828.5,0.0,0.0,2003.5,828.5,2003.5,828.5,1.0,1.0,906.63916015625,906.63916015625,0.02473244418078975,0.02473244418078975,24732.44418078975,24732.44418078975,221
186,1,26,26,1,10.0,1232.0,1031.0,0.0,0.0,1232.0,1031.0,1232.0,1031.0,1.0,1.0,1479.066162109375,1479.066162109375,0.012366222090394875,0.012366222090394875,12366.222090394875,12366.222090394875,222
187,5,26,37,12,120.0,224.3833333333333,2046.4,1.279756921363501,0.5612486080160912,222.16666666666666,2045.5,226.0,2047.0,4.833333333333343,2.5,943.005859375,928.4201171875,0.14839850001202426,0.02967970000240485,148398.50001202425,29679.70000240485,223
188,3,27,33,7,70.0,360.0,220.66666666666666,2.8284271247461903,4.189935029992178,356.0,215.0,362.0,225.0,7.0,11.0,906.690185546875,906.658935546875,0.03709958947525449,0.01236652982508483,37099.58947525449,12366.52982508483,225
189,1,27,27,1,10.0,1525.0,461.0,0.0,0.0,1525.0,461.0,1525.0,461.0,1.0,1.0,906.690185546875,906.690185546875,0.012366293102813276,0.012366293102813276,12366.293102813275,12366.293102813275,226
190,3,27,31,5,50.0,1539.7916666666667,471.9583333333333,0.2946278254943948,0.7660323462854265,1539.375,471.0,1540.0,472.875,1.625,2.875,1479.1484375,1121.92138671875,0.12366541657683869,0.041221805525612894,123665.41657683869,41221.805525612894,227
191,1,27,27,1,10.0,1964.0,780.0,0.0,0.0,1964.0,780.0,1964.0,780.0,1.0,1.0,979.91015625,979.91015625,0.012366293102813276,0.012366293102813276,12366.293102813275,12366.293102813275,228
192,1,27,27,1,10.0,1981.0,820.0,0.0,0.0,1981.0,820.0,1981.0,820.0,1.0,1.0,942.914794921875,942.914794921875,0.012366293102813276,0.012366293102813276,12366.293102813275,12366.293102813275,229
196,1,27,27,1,10.0,1383.5,1645.0,0.0,0.0,1383.5,1645.0,1383.5,1645.0,1.0,1.0,979.91015625,979.91015625,0.02473258620562655,0.02473258620562655,24732.58620562655,24732.58620562655,234
195,1,27,27,1,10.0,1454.5,1507.5,0.0,0.0,1454.5,1507.5,1454.5,1507.5,1.0,1.0,942.914794921875,942.914794921875,0.02473258620562655,0.02473258620562655,24732.58620562655,24732.58620562655,233
194,8,27,37,11,110.0,1725.8982142857144,1245.5318452380952,5.26119860996447,1.0829466457309898,1717.0,1244.2666666666667,1734.5,1248.0,18.5,4.7333333333333485,1920.760009765625,1184.4494323730469,0.7790855554242263,0.09738569442802829,779085.5554242263,97385.69442802829,232
197,11,27,38,12,120.0,317.96590909090907,2018.1969696969697,1.3548009216080725,1.4294312314855695,315.5,2016.6666666666667,319.5,2021.25,5.0,5.5833333333332575,979.89013671875,933.1079323508523,0.48230474840187465,0.04384588621835224,482304.7484018747,43845.886218352236,235
193,3,27,30,4,40.0,522.5,990.0,1.0801234497346435,2.943920288775949,521.0,986.0,523.5,993.0,3.5,8.0,979.907958984375,931.0935872395834,0.07419853977623816,0.02473284659207939,74198.53977623816,24732.84659207939,231
198,1,28,28,1,10.0,969.25,1500.0,0.0,0.0,969.25,1500.0,969.25,1500.0,1.0,1.0,906.6826171875,906.6826171875,0.04946545646437524,0.04946545646437524,49465.45646437524,49465.45646437524,236
199,1,28,28,1,10.0,2045.0,1703.0,0.0,0.0,2045.0,1703.0,2045.0,1703.0,1.0,1.0,2247.086181640625,2247.086181640625,0.01236636411609381,0.01236636411609381,12366.36411609381,12366.36411609381,237
200,5,29,35,7,70.0,725.6673889706785,67.91100079744817,4.8917147250639985,8.47872012719006,716.0,53.0,729.0,75.67583732057416,14.0,23.67583732057416,1135.0419921875,996.86337890625,1.0635404797790975,0.2127080959558195,1063540.4797790975,212708.0959558195,238
204,13,29,47,19,190.0,396.7449147343884,167.2231229297019,4.885788499472436,3.755619728358598,385.5,161.0,403.0,172.66666666666666,18.5,12.666666666666657,1056.05615234375,977.7935321514423,1.830267413401819,0.14078980103090916,1830267.413401819,140789.80103090915,242
207,1,29,29,1,10.0,263.0,1961.0,0.0,0.0,263.0,1961.0,263.0,1961.0,1.0,1.0,906.647705078125,906.647705078125,0.012366435130559846,0.012366435130559846,12366.435130559847,12366.435130559847,245
206,19,29,48,20,200.0,1503.7161354054033,1466.3952340648166,2.432424552599543,1.235586786139258,1499.0,1464.5,1506.6666666666667,1469.5933333333332,8.666666666666742,6.0933333333332484,3175.1455078125,1546.7025274979442,3.5617168481574444,0.18745878148197076,3561716.8481574445,187458.78148197077,244
205,2,29,30,2,20.0,332.0,912.625,0.0,1.625,332.0,911.0,332.0,914.25,1.0,4.25,942.933349609375,924.79052734375,0.0618324597188762,0.0309162298594381,61832.4597188762,30916.2298594381,243
202,1,29,29,1,10.0,189.0,85.0,0.0,0.0,189.0,85.0,189.0,85.0,1.0,1.0,906.647705078125,906.647705078125,0.012366435130559846,0.012366435130559846,12366.435130559847,12366.435130559847,240
203,6,29,34,6,60.0,169.75409544159547,104.36777065527066,0.9784268717493657,1.1853240215335494,168.16666666666669,102.5,171.0,105.90384615384616,3.8333333333333144,4.40384615384616,1017.583984375,961.7725016276041,0.6306984183653762,0.10511640306089604,630698.4183653762,105116.40306089603,241
201,3,29,32,4,40.0,440.3333333333333,83.0,0.9428090415820634,0.816496580927726,439.0,82.0,441.0,84.0,3.0,3.0,906.689453125,906.666015625,0.037099660481621714,0.012366553493873904,37099.660481621715,12366.553493873904,239
208,14,30,43,14,140.0,1879.3571828533784,1422.1139610389607,2.7761214612574436,1.397977538168125,1872.0,1419.5,1883.0,1423.8333333333333,12.0,5.3333333333332575,1055.986572265625,969.9066685267857,1.323264951933721,0.09451892513812292,1323264.9519337208,94518.92513812293,246
209,6,30,38,9,90.0,171.00833333333333,1515.3944444444444,2.6109411883244134,1.01112637351116,167.0,1513.6666666666667,173.8,1517.0,7.800000000000011,4.3333333333332575,1056.015380859375,999.255859375,0.18550149846471528,0.03091691641078588,185501.4984647153,30916.91641078588,247
210,1,31,31,1,10.0,244.0,294.0,0.0,0.0,244.0,294.0,244.0,294.0,1.0,1.0,906.689453125,906.689453125,0.012366577165868291,0.012366577165868291,12366.577165868292,12366.577165868292,249
211,2,31,33,3,30.0,511.5,623.0,2.5,1.0,509.0,622.0,514.0,624.0,6.0,3.0,942.921142578125,924.7591552734375,0.024733296372441215,0.012366648186220608,24733.296372441215,12366.648186220607,250
216,1,32,32,1,10.0,126.0,483.0,0.0,0.0,126.0,483.0,126.0,483.0,1.0,1.0,7118.9609375,7118.9609375,0.012366648185193577,0.012366648185193577,12366.648185193577,12366.648185193577,255
212,2,32,36,5,50.0,1993.0,1.0,5.0,1.0,1988.0,0.0,1998.0,2.0,11.0,3.0,906.660888671875,906.6575927734375,0.02473358046746279,0.012366790233731394,24733.580467462787,12366.790233731394,251
215,2,32,33,2,20.0,884.0,306.5,0.0,0.5,884.0,306.0,884.0,307.0,1.0,2.0,906.660888671875,906.6290283203125,0.0247333673917665,0.01236668369588325,24733.3673917665,12366.68369588325,254
214,2,32,37,6,60.0,354.0,262.0,0.0,3.0,354.0,259.0,354.0,265.0,1.0,7.0,906.660888671875,906.6492919921875,0.024733651495645353,0.012366825747822677,24733.651495645354,12366.825747822677,253
213,3,32,34,3,30.0,353.3333333333333,126.33333333333333,1.247219128924647,1.699673171197595,352.0,124.0,355.0,128.0,4.0,5.0,906.660888671875,906.612060546875,0.03710015763455928,0.01236671921151976,37100.157634559284,12366.71921151976,252
218,5,32,36,5,50.0,1019.6333333333332,1422.8166666666666,1.6944353369518355,1.6934514394507156,1017.0,1421.0,1021.6666666666666,1425.3333333333333,5.666666666666629,5.3333333333332575,1017.61376953125,965.278662109375,0.13603455053883745,0.02720691010776749,136034.55053883744,27206.91010776749,257
217,3,32,34,3,30.0,341.6666666666667,845.9166666666666,0.4714045207910317,0.11785113019775792,341.0,845.75,342.0,846.0,2.0,1.25,943.005859375,930.8568522135416,0.07420031525427806,0.024733438418092685,74200.31525427806,24733.438418092686,256
224,1,33,33,1,10.0,467.0,602.0,0.0,0.0,467.0,602.0,467.0,602.0,1.0,1.0,906.59716796875,906.59716796875,0.012366719206572924,0.012366719206572924,12366.719206572923,12366.719206572923,263
223,7,33,39,7,70.0,1362.4047619047617,232.9404761904762,0.5624291338579879,1.317400553243802,1361.5,231.0,1363.0,235.0,2.5,5.0,1479.06591796875,1182.8467494419642,0.2349720685755355,0.03356743836793364,234972.0685755355,33567.43836793364,262
220,1,33,33,1,10.0,535.0,141.0,0.0,0.0,535.0,141.0,535.0,141.0,1.0,1.0,979.89013671875,979.89013671875,0.012366719206572924,0.012366719206572924,12366.719206572923,12366.719206572923,259
219,4,33,38,6,60.0,467.9282608695652,83.5695652173913,2.6172928986267943,4.932077404464522,464.8,79.8,472.0,92.0,8.199999999999989,13.200000000000003,1525.3399658203125,1108.4392395019531,0.37100953110149026,0.09275238277537257,371009.53110149025,92752.38277537256,258
222,3,33,35,3,30.0,146.66666666666666,174.33333333333334,0.4714045207910317,1.699673171197595,146.0,172.0,147.0,176.0,2.0,5.0,906.6796875,906.6183268229166,0.03710037070518045,0.01236679023506015,37100.37070518045,12366.790235060149,261
221,4,33,38,6,60.0,1689.7083333333335,157.41666666666669,0.27950849718749066,1.0206207261596645,1689.25,156.25,1690.0,158.91666666666669,1.75,3.6666666666666856,1175.53759765625,1019.59423828125,0.33390504106493935,0.08347626026623484,333905.04106493935,83476.26026623484,260
225,7,33,39,7,70.0,571.1320441079657,680.8072928095969,3.6130403795983224,2.246915100555535,564.25,676.3777777777779,575.4285714285714,683.516129032258,12.178571428571445,8.138351254480199,2026.6875,1444.1439557756696,2.127108233844915,0.3038726048349879,2127108.2338449154,303872.6048349879,264
226,29,33,62,30,300.0,540.6258226784555,1022.0874503094387,2.583921130551439,7.3623088812373085,534.4,1008.5,545.0,1046.5,11.600000000000023,39.0,1619.870361328125,1142.4783093682652,8.471938524624466,0.2921358111939471,8471938.524624467,292135.8111939471,265
227,17,33,49,17,170.0,589.1116479925304,1055.4362278244632,4.432415730476888,5.44546604088856,584.7777777777778,1047.4444444444443,604.0,1065.8,20.22222222222217,19.35555555555561,1017.68798828125,975.9476390165441,1.6324884813954603,0.09602873419973296,1632488.4813954604,96028.73419973296,266
228,1,33,33,1,10.0,1932.0,1266.0,0.0,0.0,1932.0,1266.0,1932.0,1266.0,1.0,1.0,906.59716796875,906.59716796875,0.012366719206572924,0.012366719206572924,12366.719206572923,12366.719206572923,267
229,1,34,34,1,10.0,975.0,52.5,0.0,0.0,975.0,52.5,975.0,52.5,1.0,1.0,1095.087890625,1095.087890625,0.024733580485585563,0.024733580485585563,24733.580485585564,24733.580485585564,268
230,1,34,34,1,10.0,333.0,116.0,0.0,0.0,333.0,116.0,333.0,116.0,1.0,1.0,906.578125,906.578125,0.012366790242792781,0.012366790242792781,12366.790242792782,12366.790242792782,269
233,1,34,34,1,10.0,973.0,1561.0,0.0,0.0,973.0,1561.0,973.0,1561.0,1.0,1.0,906.578125,906.578125,0.012366790242792781,0.012366790242792781,12366.790242792782,12366.790242792782,272
231,19,34,56,23,230.0,203.013916130907,775.9099483309724,3.5168555737614806,2.958054593570725,197.0,768.0,210.0,780.0,14.0,13.0,1056.000732421875,955.051712839227,1.3975611708446483,0.07355585109708675,1397561.1708446483,73555.85109708675,270
232,5,34,38,5,50.0,965.425,1499.825,5.3558379363083795,4.61356694976891,956.0,1493.0,970.0,1505.5,15.0,13.5,1017.650146484375,943.39462890625,0.22260471015701913,0.044520942031403825,222604.71015701914,44520.94203140382,271
236,2,35,36,2,20.0,777.0,466.0,0.0,0.0,777.0,466.0,777.0,466.0,1.0,1.0,942.881103515625,924.7803955078125,0.02473379353808396,0.01236689676904198,24733.79353808396,12366.89676904198,275
238,3,35,37,3,30.0,1663.1666666666667,1195.8333333333333,1.178511301977579,1.0274023338281628,1661.5,1194.5,1664.0,1197.0,3.5,3.5,943.01318359375,918.7683919270834,0.049467658104350484,0.016489219368116828,49467.658104350485,16489.21936811683,277
234,1,35,35,1,10.0,953.0,87.0,0.0,0.0,953.0,87.0,953.0,87.0,1.0,1.0,906.6796875,906.6796875,0.012366861255814748,0.012366861255814748,12366.861255814747,12366.861255814747,273
237,1,35,35,1,10.0,463.0,661.0,0.0,0.0,463.0,661.0,463.0,661.0,1.0,1.0,906.6796875,906.6796875,0.012366861255814748,0.012366861255814748,12366.861255814747,12366.861255814747,276
235,8,35,46,12,120.0,465.6971726190476,113.31770833333334,1.364249607046814,2.5471199609531765,463.9583333333333,108.0,469.0,116.0,6.041666666666686,9.0,1095.142822265625,989.9762573242188,0.4204813802700609,0.05256017253375761,420481.38027006085,52560.172533757606,274
247,1,36,36,1,10.0,2028.0,1717.0,0.0,0.0,2028.0,1717.0,2028.0,1717.0,1.0,1.0,942.881103515625,942.881103515625,0.012366932282269212,0.012366932282269212,12366.932282269212,12366.932282269212,286
241,1,36,36,1,10.0,447.5,247.0,0.0,0.0,447.5,247.0,447.5,247.0,1.0,1.0,906.654296875,906.654296875,0.024733864564538424,0.024733864564538424,24733.864564538424,24733.864564538424,280
243,4,36,39,4,40.0,491.52916666666664,699.0583333333333,2.1714170680303195,0.7142886904700145,488.16666666666663,698.3333333333333,494.0,700.0,6.833333333333371,2.6666666666667425,1017.650146484375,962.1472778320312,0.17313797533729078,0.043284493834322695,173137.9753372908,43284.4938343227,282
242,1,36,36,1,10.0,315.0,324.0,0.0,0.0,315.0,324.0,315.0,324.0,1.0,1.0,906.654296875,906.654296875,0.012366932282269212,0.012366932282269212,12366.932282269212,12366.932282269212,281
244,10,36,50,15,150.0,175.89869047619047,802.6195634920634,2.3188734686981514,2.446649284254619,172.5,798.0,179.625,805.375,8.125,8.375,1095.07373046875,980.665869140625,0.494694838574112,0.0494694838574112,494694.838574112,49469.4838574112,283
245,3,36,40,5,50.0,1760.6666666666667,1325.3333333333333,1.247219128924647,2.8674417556808756,1759.0,1322.0,1762.0,1329.0,4.0,8.0,942.926025390625,918.7689615885416,0.06183508786231865,0.020611695954106217,61835.08786231865,20611.695954106217,284
246,5,36,44,9,90.0,1845.2,1383.6,5.5641710972974225,6.374950980203691,1837.0,1376.0,1850.0,1393.0,14.0,18.0,979.925048828125,921.308447265625,0.061835868956967924,0.012367173791393585,61835.868956967926,12367.173791393585,285
240,1,36,36,1,10.0,388.0,189.0,0.0,0.0,388.0,189.0,388.0,189.0,1.0,1.0,906.654296875,906.654296875,0.012366932282269212,0.012366932282269212,12366.932282269212,12366.932282269212,279
239,6,36,42,7,70.0,749.6388888888888,56.444444444444436,1.4350657058988363,3.011808037428845,747.6666666666666,52.666666666666664,752.0,60.0,5.333333333333371,8.333333333333336,942.881103515625,912.7095133463541,0.14840538988059676,0.024734231646766126,148405.38988059675,24734.231646766126,278
252,3,37,44,8,80.0,1003.1986274509804,1508.0807843137256,0.9564291447661731,1.102647995892208,1001.92,1507.17,1004.22,1509.6323529411766,3.300000000000068,3.462352941176505,1301.308349609375,1218.333251953125,2.3992580266548234,0.7997526755516078,2399258.026654823,799752.6755516077,291
250,1,37,37,1,10.0,1919.0,1377.0,0.0,0.0,1919.0,1377.0,1919.0,1377.0,1.0,1.0,942.889404296875,942.889404296875,0.012367003310451777,0.012367003310451777,12367.003310451777,12367.003310451777,289
251,9,37,47,11,110.0,1805.7389927645247,1436.0414571244357,3.3971278409722427,1.494598116886675,1800.659090909091,1434.0,1810.1,1438.5744680851064,10.440909090908917,5.574468085106446,1433.6202392578125,1129.5712348090278,2.201414104982375,0.24460156722026388,2201414.104982375,244601.56722026388,290
248,6,37,42,6,60.0,513.5009803921567,592.1860021786492,3.70643972534994,5.200191608672547,506.0,581.0,518.0,596.25,13.0,16.25,1433.624267578125,1116.4479573567708,0.7420322765081233,0.12367204608468722,742032.2765081233,123672.04608468723,287
249,8,37,44,8,80.0,604.9648814386866,948.1236602279802,1.4463930468666932,2.8194580021238127,602.0,944.25,607.2941176470588,953.0,6.294117647058783,9.75,2247.09228515625,1614.4027099609375,0.9893758228103608,0.1236719778512951,989375.8228103608,123671.9778512951,288
256,34,38,75,38,380.0,1901.6698944945224,1640.2788226181738,0.9261169413304868,2.564716780430241,1900.0,1635.0,1903.8333333333333,1644.2222222222224,4.8333333333332575,10.222222222222399,1344.79736328125,982.8286527745864,3.4632827375089046,0.10186125698555602,3463282.7375089047,101861.25698555603,295
255,2,38,39,2,20.0,1859.0,1405.5,1.0,0.5,1858.0,1405.0,1860.0,1406.0,3.0,2.0,906.677001953125,906.662353515625,0.024734219715507592,0.012367109857753796,24734.219715507592,12367.109857753796,294
254,1,38,38,1,10.0,1346.0,650.0,0.0,0.0,1346.0,650.0,1346.0,650.0,1.0,1.0,942.926025390625,942.926025390625,0.012367074343180413,0.012367074343180413,12367.074343180413,12367.074343180413,293
253,4,38,41,4,40.0,1967.388623379477,644.1259691747497,0.8824551598325179,0.8218811839334669,1966.5,642.7837837837837,1968.8292682926829,645.0,3.3292682926828547,3.216216216216253,1301.317138671875,1099.7088012695312,1.273817688105521,0.31845442202638025,1273817.688105521,318454.42202638026,292
257,1,39,39,1,10.0,621.0,311.0,0.0,0.0,621.0,311.0,621.0,311.0,1.0,1.0,979.948974609375,979.948974609375,0.012367145372327177,0.012367145372327177,12367.145372327177,12367.145372327177,296
258,2,39,40,2,20.0,774.5,446.5,0.5,0.5,774.0,446.0,775.0,447.0,2.0,2.0,906.7265625,906.6871337890625,0.02473436204465778,0.01236718102232889,24734.36204465778,12367.18102232889,297
261,3,39,42,4,40.0,516.6666666666666,988.0,3.39934634239519,0.816496580927726,512.0,987.0,520.0,989.0,9.0,3.0,906.677001953125,906.657470703125,0.03710179128725952,0.012367263762419839,37101.79128725952,12367.26376241984,300
262,1,39,39,1,10.0,1451.0,1288.0,0.0,0.0,1451.0,1288.0,1451.0,1288.0,1.0,1.0,942.968017578125,942.968017578125,0.012367145372327177,0.012367145372327177,12367.145372327177,12367.145372327177,301
259,3,39,42,4,40.0,459.8055555555555,611.2222222222223,0.8615590232928292,0.8748897637791029,459.0,610.0,461.0,612.0,3.0,3.0,942.926025390625,930.8272298177084,0.11130558776762334,0.03710186258920778,111305.58776762334,37101.862589207776,298
260,6,39,44,6,60.0,975.1805555555557,866.611111111111,0.6093725269022323,1.556547302902429,974.0,864.0,976.0,869.0,3.0,6.0,1344.709716796875,1141.5579833984375,0.17314287686810786,0.028857146144684643,173142.87686810785,28857.146144684644,299
263,1,39,39,1,10.0,1499.0,1512.0,0.0,0.0,1499.0,1512.0,1499.0,1512.0,1.0,1.0,906.647705078125,906.647705078125,0.012367145372327177,0.012367145372327177,12367.145372327177,12367.145372327177,302
264,1,39,39,1,10.0,0.0,1781.0,0.0,0.0,0.0,1781.0,0.0,1781.0,1.0,1.0,906.647705078125,906.647705078125,0.012367145372327177,0.012367145372327177,12367.145372327177,12367.145372327177,303
268,1,40,40,1,10.0,963.5,1928.0,0.0,0.0,963.5,1928.0,963.5,1928.0,1.0,1.0,1095.071044921875,1095.071044921875,0.024734433344661202,0.024734433344661202,24734.433344661204,24734.433344661204,308
267,2,40,41,2,20.0,732.0,1299.5,0.0,0.5,732.0,1299.0,732.0,1300.0,1.0,2.0,942.968017578125,924.8472900390625,0.024734504111602065,0.012367252055801033,24734.504111602066,12367.252055801033,307
269,3,40,43,4,40.0,1164.3333333333333,2045.0,2.6246692913372702,0.816496580927726,1162.0,2044.0,1168.0,2046.0,7.0,3.0,906.7265625,906.6947021484375,0.04946936313623832,0.01648978771207944,49469.363136238324,16489.78771207944,309
265,1,40,40,1,10.0,634.0,72.0,0.0,0.0,634.0,72.0,634.0,72.0,1.0,1.0,906.7265625,906.7265625,0.012367216672330601,0.012367216672330601,12367.216672330602,12367.216672330602,304
266,1,40,40,1,10.0,1721.0,163.0,0.0,0.0,1721.0,163.0,1721.0,163.0,1.0,1.0,906.7265625,906.7265625,0.012367216672330601,0.012367216672330601,12367.216672330602,12367.216672330602,305
279,4,41,48,8,80.0,2.7069444444444444,1688.5805555555557,1.8754644486494934,2.126393878359746,0.27777777777777773,1685.25,4.75,1690.6,5.472222222222222,6.349999999999909,1017.6123046875,961.8001098632812,0.23498300794066534,0.058745751985166336,234983.00794066535,58745.75198516634,321
276,1,41,41,1,10.0,1931.0,1272.0,0.0,0.0,1931.0,1272.0,1931.0,1272.0,1.0,1.0,906.647705078125,906.647705078125,0.012367287439271464,0.012367287439271464,12367.287439271464,12367.287439271464,317
273,1,41,41,1,10.0,351.0,811.0,0.0,0.0,351.0,811.0,351.0,811.0,1.0,1.0,1134.916015625,1134.916015625,0.012367287439271464,0.012367287439271464,12367.287439271464,12367.287439271464,314
275,11,41,51,11,110.0,509.2932900432901,1012.7494588744589,1.625149825223398,0.7473776328099699,506.0,1011.5,511.25,1014.0,6.25,3.5,979.943359375,933.1784113103694,0.4947059899039372,0.044973271809448837,494705.9899039372,44973.27180944884,316
274,1,41,41,1,10.0,192.75,883.75,0.0,0.0,192.75,883.75,192.75,883.75,1.0,1.0,979.948974609375,979.948974609375,0.049469149757085856,0.049469149757085856,49469.149757085856,49469.149757085856,315
272,1,41,41,1,10.0,1854.0,744.5,0.0,0.0,1854.0,744.5,1854.0,744.5,1.0,1.0,979.948974609375,979.948974609375,0.024734574878542928,0.024734574878542928,24734.574878542928,24734.574878542928,313
270,1,41,41,1,10.0,497.0,27.0,0.0,0.0,497.0,27.0,497.0,27.0,1.0,1.0,2538.646240234375,2538.646240234375,0.024734574878542928,0.024734574878542928,24734.574878542928,24734.574878542928,310
277,1,41,41,1,10.0,907.0,1459.0,0.0,0.0,907.0,1459.0,907.0,1459.0,1.0,1.0,906.647705078125,906.647705078125,0.012367287439271464,0.012367287439271464,12367.287439271464,12367.287439271464,318
278,3,41,44,4,40.0,1455.7166666666665,1507.3083333333334,0.3064129385142135,0.6179041637305513,1455.5,1506.5,1456.15,1508.0,1.650000000000091,2.5,1619.9591064453125,1168.6151123046875,0.1607753050100615,0.05359176833668716,160775.30501006148,53591.768336687164,320
271,9,41,53,13,130.0,188.66440145502645,170.53741732804232,4.406148844646643,2.374524469613574,177.0,167.5,192.0,175.0,16.0,8.5,979.943359375,947.2973361545139,0.7296946099538604,0.08107717888376226,729694.6099538604,81077.17888376226,312
283,1,42,42,1,10.0,1843.5,1415.0,0.0,0.0,1843.5,1415.0,1843.5,1415.0,1.0,1.0,942.926025390625,942.926025390625,0.024734716951321744,0.024734716951321744,24734.716951321745,24734.716951321745,325
284,2,42,46,5,50.0,869.75,1964.5,0.75,0.5,869.0,1964.0,870.5,1965.0,2.5,2.0,942.926025390625,942.9097900390625,0.037102359589171297,0.018551179794585648,37102.3595891713,18551.17979458565,326
281,3,42,45,4,40.0,562.6666666666666,138.0,2.494438257849294,1.4142135623730951,560.0,136.0,566.0,139.0,7.0,4.0,906.6805419921875,906.6689860026041,0.037102359577049486,0.01236745319234983,37102.35957704949,12367.453192349829,323
282,1,42,42,1,10.0,381.0,195.0,0.0,0.0,381.0,195.0,381.0,195.0,1.0,1.0,906.677001953125,906.677001953125,0.012367358475660872,0.012367358475660872,12367.358475660873,12367.358475660873,324
280,2,42,47,6,60.0,341.25,112.625,0.75,1.625,340.5,111.0,342.0,114.25,2.5,4.25,979.943359375,979.939697265625,0.06183821319677086,0.03091910659838543,61838.21319677086,30919.10659838543,322
293,1,43,43,1,10.0,190.0,2046.0,0.0,0.0,190.0,2046.0,190.0,2046.0,1.0,1.0,1017.618896484375,1017.618896484375,0.024734859025171956,0.024734859025171956,24734.859025171958,24734.859025171958,336
290,1,43,43,1,10.0,1792.0,852.0,0.0,0.0,1792.0,852.0,1792.0,852.0,1.0,1.0,1216.6942138671875,1216.6942138671875,0.012367429512585978,0.012367429512585978,12367.429512585979,12367.429512585979,333
285,1,43,43,1,10.0,694.8061103810776,65.35353153745072,0.0,0.0,694.8061103810776,65.35353153745072,694.8061103810776,65.35353153745072,1.0,1.0,1175.484619140625,1175.484619140625,9.584757872254134,9.584757872254134,9584757.872254133,9584757.872254133,327
286,3,43,48,6,60.0,359.0,207.33333333333334,1.4142135623730951,6.182412330330469,358.0,202.0,361.0,216.0,4.0,15.0,906.68408203125,906.6811930338541,0.037102927919790245,0.012367642639930081,37102.92791979024,12367.642639930082,329
287,1,43,43,1,10.0,355.0,247.0,0.0,0.0,355.0,247.0,355.0,247.0,1.0,1.0,906.6805419921875,906.6805419921875,0.012367429512585978,0.012367429512585978,12367.429512585979,12367.429512585979,330
289,1,43,43,1,10.0,427.0,757.5,0.0,0.0,427.0,757.5,427.0,757.5,1.0,1.0,3108.294189453125,3108.294189453125,0.024734859025171956,0.024734859025171956,24734.859025171958,24734.859025171958,332
288,2,43,45,3,30.0,982.5,553.0,4.5,1.0,978.0,552.0,987.0,554.0,10.0,3.0,1055.9696044921875,1017.9548950195312,0.024735001101388612,0.012367500550694306,24735.00110138861,12367.500550694305,331
292,8,43,57,15,150.0,588.4583333333333,1898.5416666666665,0.744190462478828,1.7475180812925597,587.0,1897.0,589.0,1902.0,3.0,6.0,942.96044921875,915.7447509765625,0.12367806059809586,0.015459757574761982,123678.06059809585,15459.757574761981,335
291,6,43,53,11,110.0,1899.7430555555557,1338.2291666666667,2.463203352582339,0.5078948473118693,1895.0,1337.5,1903.0,1339.0,9.0,2.5,1017.647705078125,949.447509765625,0.2473551263550502,0.041225854392508365,247355.1263550502,41225.854392508365,334
295,1,44,44,1,10.0,251.0,1989.0,0.0,0.0,251.0,1989.0,251.0,1989.0,1.0,1.0,906.68408203125,906.68408203125,0.012367500552648292,0.012367500552648292,12367.500552648291,12367.500552648291,338
297,16,44,68,25,250.0,224.15104166666666,2046.1145833333335,4.530564483585964,1.7841107631752544,217.0,2039.5,232.0,2047.0,16.0,8.5,979.9423828125,922.5838470458984,0.4947397418551809,0.030921233865948805,494739.7418551809,30921.233865948805,340
296,1,44,44,1,10.0,281.0,2026.0,0.0,0.0,281.0,2026.0,281.0,2026.0,1.0,1.0,942.960205078125,942.960205078125,0.024735001105296583,0.024735001105296583,24735.001105296582,24735.001105296582,339
294,7,44,50,7,70.0,919.8309523809523,1116.9309523809525,0.5455758986836703,0.6690688015626751,919.25,1116.0,921.0,1118.0,2.75,3.0,1817.6259765625,1370.4201136997767,0.21025035113709473,0.03003576444815639,210250.35113709472,30035.76444815639,337
299,1,45,45,1,10.0,1535.0,484.0,0.0,0.0,1535.0,484.0,1535.0,484.0,1.0,1.0,1017.647705078125,1017.647705078125,0.012367571588802634,0.012367571588802634,12367.571588802633,12367.571588802633,342
298,6,45,50,6,60.0,332.0625,95.325,2.6748734393736586,1.357003438954131,327.0,93.6,335.0,97.0,9.0,4.400000000000006,1095.11865234375,999.2341105143229,0.469974043491286,0.07832900724854767,469974.043491286,78329.00724854767,341
300,1,45,45,1,10.0,299.0,853.0,0.0,0.0,299.0,853.0,299.0,853.0,1.0,1.0,906.6494140625,906.6494140625,0.012367571588802634,0.012367571588802634,12367.571588802633,12367.571588802633,343
301,1,45,45,1,10.0,1583.0,1212.0,0.0,0.0,1583.0,1212.0,1583.0,1212.0,1.0,1.0,1920.770751953125,1920.770751953125,0.012367571588802634,0.012367571588802634,12367.571588802633,12367.571588802633,344
305,23,46,68,23,230.0,1696.4150966183574,1251.092943409248,1.2546165829211051,1.0642105290008028,1694.111111111111,1249.0,1700.0,1254.111111111111,6.888888888888914,6.111111111111086,2912.0478515625,1794.0051163383152,1.756309065014094,0.07636126369626496,1756309.065014094,76361.26369626496,349
308,2,46,47,2,20.0,1278.25,1790.5,0.75,0.5,1277.5,1790.0,1279.0,1791.0,2.5,2.0,1095.11865234375,1000.87890625,0.03710306999840454,0.01855153499920227,37103.06999840454,18551.53499920227,353
302,2,46,47,2,20.0,2037.75,44.25,0.25,0.75,2037.5,43.5,2038.0,45.0,1.5,2.5,1017.615234375,962.127197265625,0.03710306999840454,0.01855153499920227,37103.06999840454,18551.53499920227,345
304,1,46,46,1,10.0,727.0,144.0,0.0,0.0,727.0,144.0,727.0,144.0,1.0,1.0,906.63916015625,906.63916015625,0.012367642637849549,0.012367642637849549,12367.642637849549,12367.642637849549,347
303,1,46,46,1,10.0,457.5,65.0,0.0,0.0,457.5,65.0,457.5,65.0,1.0,1.0,942.8935546875,942.8935546875,0.024735285275699098,0.024735285275699098,24735.285275699098,24735.285275699098,346
307,8,46,54,9,90.0,1990.8291666666667,1687.5604166666667,0.2604416654667641,0.4660663922065462,1990.5,1687.0,1991.3333333333333,1688.3333333333333,1.8333333333332575,2.3333333333332575,1619.9298095703125,1271.6546936035156,0.3215664528122466,0.040195806601530826,321566.4528122466,40195.80660153083,352
306,1,46,46,1,10.0,921.0,1360.0,0.0,0.0,921.0,1360.0,921.0,1360.0,1.0,1.0,906.63916015625,906.63916015625,0.012367642637849549,0.012367642637849549,12367.642637849549,12367.642637849549,351
312,1,47,47,1,10.0,800.0,505.0,0.0,0.0,800.0,505.0,800.0,505.0,1.0,1.0,1056.007080078125,1056.007080078125,0.012367713680277496,0.012367713680277496,12367.713680277497,12367.713680277497,358
311,1,47,47,1,10.0,519.5,230.0,0.0,0.0,519.5,230.0,519.5,230.0,1.0,1.0,942.9112548828125,942.9112548828125,0.024735427360554993,0.024735427360554993,24735.427360554993,24735.427360554993,357
313,2,47,49,3,30.0,1022.0,1435.5,0.0,1.5,1022.0,1434.0,1022.0,1437.0,1.0,4.0,906.6796875,906.6793212890625,0.02473556945612366,0.01236778472806183,24735.56945612366,12367.78472806183,359
315,2,47,51,5,50.0,375.75,1815.0,0.75,0.5,375.0,1814.5,376.5,1815.5,2.5,2.0,979.931640625,943.3052978515625,0.04947142309899691,0.024735711549498454,49471.42309899691,24735.711549498454,361
314,1,47,47,1,10.0,0.5625,1771.125,0.0,0.0,0.5625,1771.125,0.5625,1771.125,1.0,1.0,1017.615234375,1017.615234375,0.11130942312249748,0.11130942312249748,111309.42312249748,111309.42312249748,360
309,2,47,48,2,20.0,971.75,54.25,0.75,0.75,971.0,53.5,972.5,55.0,2.5,2.5,1017.615234375,998.7623291015625,0.03710328313413103,0.018551641567065517,37103.28313413103,18551.641567065515,354
310,1,47,47,1,10.0,442.0,222.0,0.0,0.0,442.0,222.0,442.0,222.0,1.0,1.0,906.678955078125,906.678955078125,0.012367713680277496,0.012367713680277496,12367.713680277497,12367.713680277497,356
319,1,48,48,1,10.0,240.0,985.5,0.0,0.0,240.0,985.5,240.0,985.5,1.0,1.0,1017.606689453125,1017.606689453125,0.024735569453853537,0.024735569453853537,24735.569453853535,24735.569453853535,365
320,21,48,68,21,210.0,1762.791530030816,1326.1700396825397,3.1992439954160115,2.7481034883746225,1756.0,1320.0,1768.0,1331.0,13.0,12.0,979.92578125,932.6436128162202,1.6202617278941989,0.07715532037591423,1620261.7278941988,77155.32037591423,366
321,2,48,49,2,20.0,514.0,1344.0,0.0,0.0,514.0,1344.0,514.0,1344.0,1.0,1.0,979.909423828125,943.2945556640625,0.02473564050277293,0.012367820251386465,24735.64050277293,12367.820251386465,367
316,6,48,55,8,80.0,883.25,196.08333333333334,1.14564392373896,2.8198207192814384,881.0,193.5,884.5,202.0,4.5,9.5,979.9088134765625,943.0558064778646,0.11131176772807214,0.018551961288012023,111311.76772807214,18551.961288012022,362
317,13,48,62,15,150.0,181.50791199541197,216.17031394531392,2.611124695350009,3.4425765576228367,174.5,211.5,185.0,223.5,11.5,13.0,1175.54150390625,1022.7975698617788,2.906579406939708,0.22358303130305446,2906579.406939708,223583.03130305445,363
318,13,48,62,15,150.0,1978.978992966257,653.3401521585342,1.8177346522161206,2.154960291114006,1974.9649122807018,649.6,1981.0,658.0980392156863,7.03508771929819,9.498039215686276,1525.3302001953125,1164.2559814453125,5.157526026613568,0.3967327712779668,5157526.026613568,396732.7712779668,364
326,1,49,49,1,10.0,1215.0,1674.3333333333333,0.0,0.0,1215.0,1674.3333333333333,1215.0,1674.3333333333333,1.0,1.0,979.9088134765625,979.9088134765625,0.037103567327538486,0.037103567327538486,37103.56732753848,37103.56732753848,373
325,5,49,54,6,60.0,1849.97179881522,1377.4927455001139,2.300694774172551,2.6660364099850296,1848.3116883116884,1372.5,1854.5,1379.640350877193,7.1883116883116145,8.140350877192986,1258.6456298828125,1059.113037109375,1.1873233197114226,0.23746466394228452,1187323.3197114225,237464.66394228453,371
323,5,49,53,5,50.0,448.8666666666667,827.8333333333334,0.6863753427324608,1.7256238807393074,448.0,825.0,450.0,830.0,3.0,6.0,1017.5794677734375,936.0923095703125,0.09894419613252256,0.019788839226504512,98944.19613252256,19788.83922650451,369
322,3,49,54,6,60.0,195.66666666666666,84.66666666666667,3.0912061651652345,2.0548046676563256,193.0,82.0,200.0,87.0,8.0,6.0,906.6796875,906.6637369791666,0.03710413573577746,0.012368045245259154,37104.13573577746,12368.045245259154,368
324,8,49,57,9,90.0,2021.3784722222222,893.9425843253969,1.0619268152546084,1.772935873706496,2019.5,892.0,2023.0,897.5,4.5,6.5,1017.57861328125,957.0503540039062,0.5070901865835047,0.06338627332293809,507090.18658350466,63386.27332293808,370
332,2,50,52,3,30.0,852.9840529588486,229.6042234332425,3.1507196255153076,6.39577656675749,849.8333333333333,223.20844686648502,856.1347725843639,236.0,7.301439251030615,13.79155313351498,2848.0224609375,1913.9513549804688,4.774020606274573,2.3870103031372865,4774020.606274573,2387010.3031372866,379
331,1,50,50,1,10.0,1705.0,169.0,0.0,0.0,1705.0,169.0,1705.0,169.0,1.0,1.0,906.708740234375,906.708740234375,0.012367926823025233,0.012367926823025233,12367.926823025233,12367.926823025233,378
330,5,50,55,6,60.0,350.9888888888889,125.86666666666667,2.185925800419185,0.8733715004382567,347.44444444444446,124.33333333333334,353.0,127.0,6.555555555555543,3.666666666666657,1017.590087890625,965.55986328125,0.222627372350499,0.0445254744700998,222627.372350499,44525.474470099805,377
329,1,50,50,1,10.0,227.0,83.0,0.0,0.0,227.0,83.0,227.0,83.0,1.0,1.0,906.708740234375,906.708740234375,0.012367926823025233,0.012367926823025233,12367.926823025233,12367.926823025233,376
333,2,50,51,2,20.0,1185.8333333333335,783.8333333333333,0.16666666666662877,0.16666666666668561,1185.6666666666667,783.6666666666666,1186.0,784.0,1.3333333333332575,1.3333333333333712,1479.1328125,1211.046630859375,0.049471778338296656,0.024735889169148328,49471.77833829666,24735.88916914833,382
328,12,50,68,19,190.0,650.625,58.805555555555564,6.285408955727594,4.181409104448575,635.0,53.0,662.1666666666666,70.0,28.16666666666663,18.0,979.885986328125,924.8757832845052,0.39580023556142097,0.03298335296345175,395800.23556142097,32983.35296345175,375
327,2,50,51,2,20.0,882.0138888888889,10.722222222222221,0.7638888888889142,0.7222222222222223,881.25,10.0,882.7777777777778,11.444444444444445,2.5277777777778283,2.4444444444444446,1258.71240234375,1196.8106689453125,0.27209566893807824,0.13604783446903912,272095.6689380782,136047.8344690391,374
338,6,51,59,9,90.0,1151.3714285714286,2039.4269841269843,0.5306551235655158,1.3029029355484834,1150.8,2038.0,1152.0,2041.6666666666667,2.2000000000000455,4.6666666666667425,1668.347900390625,1194.9267171223958,0.5936722823802728,0.09894538039671213,593672.2823802728,98945.38039671213,387
336,11,51,67,17,170.0,1938.97012987013,1272.0022727272726,2.4933307483385763,7.630459703665047,1934.5,1262.5,1942.125,1284.75,8.625,23.25,979.96630859375,933.2645818536931,0.544215000657326,0.04947409096884781,544215.000657326,49474.09096884781,385
335,1,51,51,1,10.0,103.75,880.5,0.0,0.0,103.75,880.5,103.75,880.5,1.0,1.0,979.931640625,979.931640625,0.061839989346104796,0.061839989346104796,61839.9893461048,61839.9893461048,384
334,2,51,52,2,20.0,1593.0,396.5,0.0,0.5,1593.0,396.0,1593.0,397.0,1.0,2.0,1017.57861328125,980.266845703125,0.02473606679005167,0.012368033395025835,24736.06679005167,12368.033395025835,383
337,1,51,51,1,10.0,1848.0,1415.0,0.0,0.0,1848.0,1415.0,1848.0,1415.0,1.0,1.0,942.96044921875,942.96044921875,0.01236799786922096,0.01236799786922096,12367.997869220959,12367.997869220959,386
343,3,52,57,6,60.0,252.66666666666666,295.6666666666667,6.182412330330469,2.357022603955158,244.0,294.0,258.0,299.0,15.0,6.0,906.6951904296875,906.6761474609375,0.04947319944292195,0.016491066480973985,49473.19944292195,16491.066480973986,392
344,1,52,52,1,10.0,498.0,767.0,0.0,0.0,498.0,767.0,498.0,767.0,1.0,1.0,1973.29833984375,1973.29833984375,0.012368068920830711,0.012368068920830711,12368.068920830712,12368.068920830712,393
340,1,52,52,1,10.0,180.0,101.0,0.0,0.0,180.0,101.0,180.0,101.0,1.0,1.0,906.649169921875,906.649169921875,0.012368068920830711,0.012368068920830711,12368.068920830712,12368.068920830712,389
339,2,52,54,3,30.0,484.0,23.0,0.0,1.0,484.0,22.0,484.0,24.0,1.0,3.0,979.8802490234375,943.2713012695312,0.0247362799599313,0.01236813997996565,24736.2799599313,12368.13997996565,388
345,2,52,53,2,20.0,503.5,1287.5,0.5,1.5,503.0,1286.0,504.0,1289.0,2.0,4.0,979.84912109375,943.2491455078125,0.02473620890193807,0.012368104450969034,24736.20890193807,12368.104450969035,394
346,6,52,57,6,60.0,967.0833333333334,1498.9166666666667,3.962497809322914,2.129488723196773,962.0,1496.0,974.0,1503.0,13.0,8.0,942.968017578125,912.7180379231771,0.08657769044381633,0.014429615073969388,86577.69044381633,14429.615073969388,395
342,1,52,52,1,10.0,215.66666666666666,129.0,0.0,0.0,215.66666666666666,129.0,215.66666666666666,129.0,1.0,1.0,906.649169921875,906.649169921875,0.03710420676249213,0.03710420676249213,37104.20676249213,37104.20676249213,391
341,37,52,87,36,360.0,413.76266847009055,130.04021782646154,3.077525547471149,7.1330476109177,407.77777777777777,118.0,419.5,152.0,12.722222222222229,35.0,1344.718017578125,1057.9386976087414,8.979843645431469,0.24269847690355323,8979843.645431468,242698.47690355324,390
351,1,53,53,1,10.0,100.28571428571429,1026.7142857142858,0.0,0.0,100.28571428571429,1026.7142857142858,100.28571428571429,1026.7142857142858,1.0,1.0,1216.74462890625,1216.74462890625,0.0865769798677515,0.0865769798677515,86576.97986775149,86576.97986775149,401
352,2,53,54,2,20.0,521.25,1054.6666666666665,0.25,1.3333333333333712,521.0,1053.3333333333333,521.5,1056.0,1.5,3.6666666666667425,942.9873046875,942.9613037109375,0.09894554619681827,0.04947277309840913,98945.54619681826,49472.77309840913,402
354,7,53,62,10,100.0,1461.668367346939,2046.780612244898,1.3157924877757652,0.2821387053611915,1459.5,2046.25,1464.25,2047.0,5.75,1.75,1868.783935546875,1270.653355189732,0.35868984534559617,0.05124140647794231,358689.84534559614,51241.406477942306,404
353,4,53,57,5,50.0,1000.835387576083,1506.945586622807,2.9540348844084825,1.1235426085194986,995.7350877192982,1505.3052631578948,1002.75,1508.0714285714287,8.014912280701765,3.7661654135338267,1525.267578125,1456.7015991210938,4.910208774200225,1.2275521935500562,4910208.774200224,1227552.193550056,403
347,3,53,58,6,60.0,2036.9833333333333,44.666666666666664,1.2651306476232016,0.4714045207910317,2035.2,44.0,2038.0,45.0,3.7999999999999545,2.0,1055.95556640625,980.6448567708334,0.11131397041156582,0.037104656803855274,111313.97041156582,37104.65680385527,396
348,17,53,70,18,180.0,382.9176375272332,197.8125801431684,7.29332356180466,6.641894644591727,368.0,190.0,398.0,214.0,31.0,25.0,1017.66455078125,949.8817210477941,1.8924290988431582,0.1113193587554799,1892429.0988431582,111319.35875547989,398
350,2,53,54,2,20.0,1232.0,618.0,0.0,0.0,1232.0,618.0,1232.0,618.0,1.0,1.0,906.662353515625,906.6558837890625,0.02473635102020795,0.012368175510103975,24736.35102020795,12368.175510103974,400
349,1,53,53,1,10.0,354.0,226.0,0.0,0.0,354.0,226.0,354.0,226.0,1.0,1.0,906.6494140625,906.6494140625,0.012368139981107357,0.012368139981107357,12368.139981107357,12368.139981107357,399
359,12,54,66,13,130.0,973.8849876974876,842.4907569282568,0.6979891706038024,2.690081599691308,972.5555555555555,838.9,975.0707070707072,846.0,3.515151515151615,8.100000000000023,1572.27587890625,1161.013692220052,1.4718757404419385,0.12265631170349488,1471875.7404419384,122656.31170349488,410
360,1,54,54,1,10.0,922.0,1423.0,0.0,0.0,922.0,1423.0,922.0,1423.0,1.0,1.0,942.935302734375,942.935302734375,0.012368211039100591,0.012368211039100591,12368.211039100592,12368.211039100592,411
356,14,54,71,18,180.0,433.39285714285717,227.61309523809524,5.352497986349696,3.392862364239926,427.0,223.0,443.0,231.5,17.0,9.5,942.968017578125,919.6286969866071,0.2968523440806374,0.02120373886290267,296852.3440806374,21203.73886290267,407
355,2,54,55,2,20.0,406.0,2.0,0.0,0.0,406.0,2.0,406.0,2.0,1.0,1.0,906.662353515625,906.655029296875,0.02473649313434445,0.012368246567172225,24736.49313434445,12368.246567172226,405
361,4,54,58,5,50.0,1233.9375,1892.125,0.7153451963912248,3.9111219617905038,1233.0,1886.0,1235.0,1896.0,3.0,11.0,1017.5244140625,952.5101318359375,0.21026321163679418,0.052565802909198545,210263.21163679418,52565.802909198545,412
357,1,54,54,1,10.0,341.0,307.0,0.0,0.0,341.0,307.0,341.0,307.0,1.0,1.0,942.935302734375,942.935302734375,0.012368211039100591,0.012368211039100591,12368.211039100592,12368.211039100592,408
358,23,54,75,22,220.0,1315.5100808884458,751.5915234702286,16.793994948293083,8.535419342108181,1288.3333333333333,741.5,1339.0,769.675,51.66666666666674,29.174999999999955,1525.28369140625,1053.0599206012228,3.6365268020212405,0.15810986095744523,3636526.8020212403,158109.86095744523,409
363,3,55,57,3,30.0,501.7962962962963,138.3148148148148,1.4303682605427797,0.6484126444448683,500.0,137.44444444444446,503.5,139.0,4.5,2.555555555555543,979.909423828125,943.1908772786459,0.12368346048357208,0.04122782016119069,123683.46048357208,41227.82016119069,414
362,2,55,57,3,30.0,336.5,70.0,0.5,0.0,336.0,70.0,337.0,70.0,2.0,1.0,979.9317626953125,943.2897338867188,0.024736706310019042,0.012368353155009521,24736.706310019043,12368.353155009521,413
364,2,56,58,3,30.0,1954.5,777.5,0.5,2.5,1954.0,775.0,1955.0,780.0,2.0,6.0,942.99169921875,924.837890625,0.024736848426398825,0.012368424213199412,24736.848426398825,12368.424213199412,415
365,12,56,70,15,150.0,503.24238215488214,968.3881734006733,1.625216904236149,1.8220989441118915,501.0,966.3888888888888,506.5,972.125,6.5,6.7361111111111995,1056.0250244140625,971.2820536295573,0.8905708199636878,0.07421423499697398,890570.8199636878,74214.23499697397,416
367,2,56,57,2,20.0,556.5,1064.5,0.5,5.5,556.0,1059.0,557.0,1070.0,2.0,12.0,906.6951904296875,906.6896362304688,0.02473677736843321,0.012368388684216605,24736.77736843321,12368.388684216605,418
366,1,56,56,1,10.0,530.5,985.0,0.0,0.0,530.5,985.0,530.5,985.0,1.0,1.0,942.960205078125,942.960205078125,0.02473670630731606,0.02473670630731606,24736.706307316057,24736.706307316057,417
370,7,57,67,11,110.0,4.798148989690342,1694.7198807902423,4.762510103400589,5.181093936610109,0.5,1689.5,14.311233211233212,1705.1313186813188,14.811233211233212,16.631318681318817,1095.1708984375,986.75146484375,2.0408086142821897,0.29154408775459856,2040808.6142821896,291544.0877545986,422
368,6,57,63,7,70.0,2046.1666666666667,870.9166666666666,0.8975274678557508,0.731247032282677,2045.0,870.0,2047.0,872.0,3.0,3.0,1017.57763671875,931.2182820638021,0.09894931247618255,0.016491552079363758,98949.31247618255,16491.55207936376,420
369,7,57,66,10,100.0,165.48809523809524,1523.3452380952383,1.5901660661433543,0.7243340831036473,163.5,1522.0,168.0,1524.4166666666667,5.5,3.4166666666667425,1433.601318359375,1089.1978934151787,0.4452698096352203,0.06360997280503147,445269.80963522027,63609.97280503147,421
373,1,58,58,1,10.0,614.0,298.0,0.0,0.0,614.0,298.0,614.0,298.0,1.0,1.0,5870.90576171875,5870.90576171875,0.012368495272740794,0.012368495272740794,12368.495272740794,12368.495272740794,425
374,3,58,62,5,50.0,75.24444444444445,971.1555555555556,0.1749779527558189,0.3705184889007319,75.0,970.8,75.4,971.6666666666666,1.4000000000000057,1.8666666666666742,979.96630859375,955.3055013020834,0.11131780773150596,0.037105935910501986,111317.80773150596,37105.93591050198,426
371,2,58,59,2,20.0,527.5,128.0,0.5,0.0,527.0,128.0,528.0,128.0,2.0,1.0,943.00830078125,924.8046875,0.024737061613741403,0.012368530806870701,24737.061613741404,12368.530806870702,423
372,1,58,58,1,10.0,781.0,164.0,0.0,0.0,781.0,164.0,781.0,164.0,1.0,1.0,1095.1708984375,1095.1708984375,0.012368495272740794,0.012368495272740794,12368.495272740794,12368.495272740794,424
376,1,59,59,1,10.0,883.0,101.0,0.0,0.0,883.0,101.0,883.0,101.0,1.0,1.0,906.578125,906.578125,0.012368566341000607,0.012368566341000607,12368.566341000607,12368.566341000607,428
375,3,59,62,4,40.0,465.4444444444444,62.22222222222222,8.850960748576368,3.74742710089779,455.5,59.166666666666664,477.0,67.5,22.5,9.333333333333336,1017.66455078125,968.0478515625,0.12368623194622955,0.041228743982076516,123686.23194622954,41228.743982076514,427
380,2,59,61,3,30.0,1958.0,659.0,1.0,2.0,1957.0,657.0,1959.0,661.0,3.0,5.0,906.69091796875,906.634521484375,0.024737274814921564,0.012368637407460782,24737.274814921566,12368.637407460783,432
377,1,59,59,1,10.0,545.0,146.0,0.0,0.0,545.0,146.0,545.0,146.0,1.0,1.0,906.578125,906.578125,0.012368566341000607,0.012368566341000607,12368.566341000607,12368.566341000607,429
382,1,59,59,1,10.0,1549.3333333333333,1716.0,0.0,0.0,1549.3333333333333,1716.0,1549.3333333333333,1716.0,1.0,1.0,979.95166015625,979.95166015625,0.03710569902300182,0.03710569902300182,37105.69902300182,37105.69902300182,434
381,14,59,75,17,170.0,1931.586610867203,1329.8622867264316,6.400740776800534,1.1787490118549784,1913.0,1328.0,1941.5,1332.0,29.5,5.0,2247.12841796875,1309.365443638393,2.288307231093089,0.16345051650664924,2288307.231093089,163450.51650664923,433
379,1,59,59,1,10.0,345.0,604.0,0.0,0.0,345.0,604.0,345.0,604.0,1.0,1.0,1479.19970703125,1479.19970703125,0.012368566341000607,0.012368566341000607,12368.566341000607,12368.566341000607,431
378,1,59,59,1,10.0,192.5,166.0,0.0,0.0,192.5,166.0,192.5,166.0,1.0,1.0,943.00830078125,943.00830078125,0.024737132682001214,0.024737132682001214,24737.132682001215,24737.132682001215,430
383,1,59,59,1,10.0,1451.0,1926.0,0.0,0.0,1451.0,1926.0,1451.0,1926.0,1.0,1.0,906.578125,906.578125,0.012368566341000607,0.012368566341000607,12368.566341000607,12368.566341000607,435
387,1,60,60,1,10.0,1166.0,1680.0,0.0,0.0,1166.0,1680.0,1166.0,1680.0,1.0,1.0,942.91845703125,942.91845703125,0.012368637406434155,0.012368637406434155,12368.637406434156,12368.637406434156,439
385,1,60,60,1,10.0,1236.0,625.0,0.0,0.0,1236.0,625.0,1236.0,625.0,1.0,1.0,906.729248046875,906.729248046875,0.012368637406434155,0.012368637406434155,12368.637406434156,12368.637406434156,437
386,1,60,60,1,10.0,95.0,1210.0,0.0,0.0,95.0,1210.0,95.0,1210.0,1.0,1.0,3449.55224609375,3449.55224609375,0.012368637406434155,0.012368637406434155,12368.637406434156,12368.637406434156,438
384,1,60,60,1,10.0,774.0,476.0,0.0,0.0,774.0,476.0,774.0,476.0,1.0,1.0,942.91845703125,942.91845703125,0.012368637406434155,0.012368637406434155,12368.637406434156,12368.637406434156,436
391,2,61,62,2,20.0,685.75,916.0,0.25,2.5,685.5,913.5,686.0,918.5,1.5,6.0,1017.6005859375,962.1058349609375,0.07421239298304141,0.03710619649152071,74212.39298304141,37106.196491520706,443
392,1,61,61,1,10.0,536.5,1039.5,0.0,0.0,536.5,1039.5,536.5,1039.5,1.0,1.0,943.00048828125,943.00048828125,0.024737416947841918,0.024737416947841918,24737.416947841917,24737.416947841917,444
388,1,61,61,1,10.0,933.0,50.0,0.0,0.0,933.0,50.0,933.0,50.0,1.0,1.0,906.69091796875,906.69091796875,0.012368708473920959,0.012368708473920959,12368.708473920959,12368.708473920959,440
393,4,61,64,4,40.0,731.325,1385.9,0.605702071979277,1.5346009253222999,730.5,1384.6,732.0,1388.5,2.5,4.900000000000091,1056.02978515625,962.1534423828125,0.16079463155258017,0.04019865788814504,160794.63155258016,40198.65788814504,445
389,1,61,61,1,10.0,190.0,83.0,0.0,0.0,190.0,83.0,190.0,83.0,1.0,1.0,906.69091796875,906.69091796875,0.012368708473920959,0.012368708473920959,12368.708473920959,12368.708473920959,441
390,4,61,64,4,40.0,445.25,819.5,0.4330127018922193,0.6123724356957945,445.0,819.0,446.0,820.5,2.0,2.5,979.885986328125,924.9777221679688,0.07421296154278462,0.018553240385696154,74212.96154278461,18553.240385696154,442
395,10,62,74,13,130.0,382.02,1758.6108333333334,3.969395419960072,0.48748290568320884,376.0,1758.0,387.0,1759.4,12.0,2.400000000000091,1868.797119140625,1183.286572265625,0.865851527521755,0.0865851527521755,865851.527521755,86585.1527521755,447
394,7,62,69,8,80.0,1846.4761904761906,1413.3214285714287,0.7737179432986511,1.6186098848035229,1845.0,1411.0,1847.3333333333333,1416.0,3.3333333333332575,6.0,1017.61181640625,953.8030133928571,0.17316795986429973,0.024738279980614248,173167.95986429972,24738.279980614247,446
401,17,63,87,25,250.0,2027.5943627450984,887.8615196078432,2.3282081936385826,2.040377508869499,2024.5,884.0,2031.3125,892.0,7.8125,9.0,1017.62646484375,949.8387882008273,0.705084766690497,0.041475574511205704,705084.766690497,41475.574511205705,453
400,5,63,68,6,60.0,459.2,610.6,0.4,0.8,459.0,610.0,460.0,612.0,2.0,3.0,942.921142578125,921.165283203125,0.07421431194397515,0.014842862388795031,74214.31194397515,14842.86238879503,452
402,3,63,65,3,30.0,524.6666666666666,979.0,0.4714045207910317,0.0,524.0,979.0,525.0,979.0,2.0,1.0,979.958984375,943.2020263671875,0.07421345903632617,0.02473781967877539,74213.45903632617,24737.81967877539,454
399,2,63,68,6,60.0,839.5,483.5,0.5,2.5,839.0,481.0,840.0,486.0,2.0,6.0,906.7265625,906.7080078125,0.02473805660109181,0.012369028300545905,24738.05660109181,12369.028300545904,451
398,1,63,63,1,10.0,827.0,206.2,0.0,0.0,827.0,206.2,827.0,206.2,1.0,1.0,1258.60791015625,1258.60791015625,0.12368850611693466,0.12368850611693466,123688.50611693466,123688.50611693466,450
396,1,63,63,1,10.0,963.5,62.0,0.0,0.0,963.5,62.0,963.5,62.0,1.0,1.0,979.8447265625,979.8447265625,0.02473770122338693,0.02473770122338693,24737.70122338693,24737.70122338693,448
397,4,63,68,6,60.0,367.375,121.75,5.164482065028399,2.5617376914898995,359.5,118.5,372.0,124.5,13.5,7.0,942.904541015625,915.7528076171875,0.07421431193921707,0.018553577984804268,74214.31193921708,18553.57798480427,449
403,1,63,63,1,10.0,1544.0,1702.0,0.0,0.0,1544.0,1702.0,1544.0,1702.0,1.0,1.0,906.7265625,906.7265625,0.012368850611693466,0.012368850611693466,12368.850611693466,12368.850611693466,455
407,1,64,64,1,10.0,254.0,291.0,0.0,0.0,254.0,291.0,254.0,291.0,1.0,1.0,979.958984375,979.958984375,0.012368921684906302,0.012368921684906302,12368.921684906301,12368.921684906301,460
408,1,64,64,1,10.0,1307.8333333333333,438.8333333333333,0.0,0.0,1307.8333333333333,438.8333333333333,1307.8333333333333,438.8333333333333,1.0,1.0,2599.11376953125,2599.11376953125,0.0742135301094378,0.0742135301094378,74213.53010943781,74213.53010943781,461
404,1,64,64,1,10.0,679.0,55.0,0.0,0.0,679.0,55.0,679.0,55.0,1.0,1.0,906.607421875,906.607421875,0.012368921684906302,0.012368921684906302,12368.921684906301,12368.921684906301,457
406,5,64,68,5,50.0,273.66666666666663,93.2,3.7609100553515633,1.60346846277409,266.3333333333333,90.66666666666667,277.0,95.0,11.666666666666686,5.333333333333329,942.921142578125,913.9148193359375,0.14842912140223374,0.02968582428044675,148429.12140223375,29685.824280446748,459
405,1,64,64,1,10.0,919.0,62.0,0.0,0.0,919.0,62.0,919.0,62.0,1.0,1.0,1017.68310546875,1017.68310546875,0.0371067650547189,0.0371067650547189,37106.765054718904,37106.765054718904,458
412,1,65,65,1,10.0,1468.0,1300.0,0.0,0.0,1468.0,1300.0,1468.0,1300.0,1.0,1.0,906.6881103515625,906.6881103515625,0.01236899275822035,0.01236899275822035,12368.992758220349,12368.992758220349,465
411,12,65,76,12,120.0,921.001736111111,1116.4534647065898,0.6453435829733455,0.9634172621044744,919.6666666666666,1114.5625,922.0,1117.5,3.3333333333333712,3.9375,6820.17578125,3162.195597330729,1.6574916597602185,0.1381243049800182,1657491.6597602186,138124.3049800182,464
413,2,65,66,2,20.0,590.6,1909.4,0.6000000000000227,0.6000000000000227,590.0,1908.8,591.2,1910.0,2.2000000000000455,2.2000000000000455,942.9423828125,924.8152465820312,0.08658337575193761,0.04329168787596881,86583.37575193761,43291.687875968804,466
409,1,65,65,1,10.0,666.0,74.0,0.0,0.0,666.0,74.0,666.0,74.0,1.0,1.0,906.6881103515625,906.6881103515625,0.01236899275822035,0.01236899275822035,12368.992758220349,12368.992758220349,462
410,2,65,66,2,20.0,1231.5,616.0,0.5,0.0,1231.0,616.0,1232.0,616.0,2.0,1.0,906.690673828125,906.6893920898438,0.02473805659050656,0.01236902829525328,24738.056590506563,12369.028295253282,463
417,4,66,69,4,40.0,121.13666426166425,995.2344276094277,0.17972758326429109,1.500616484149113,120.95238095238095,993.3333333333334,121.4090909090909,997.5,1.4567099567099575,5.166666666666629,1668.24365234375,1275.9082641601562,0.7174130233298129,0.17935325583245323,717413.0233298129,179353.25583245323,470
415,1,66,66,1,10.0,803.0,484.0,0.0,0.0,803.0,484.0,803.0,484.0,1.0,1.0,979.9423828125,979.9423828125,0.01236906383228621,0.01236906383228621,12369.06383228621,12369.06383228621,468
416,1,66,66,1,10.0,782.0,906.0,0.0,0.0,782.0,906.0,782.0,906.0,1.0,1.0,1216.70068359375,1216.70068359375,0.01236906383228621,0.01236906383228621,12369.06383228621,12369.06383228621,469
414,1,66,66,1,10.0,336.0,68.5,0.0,0.0,336.0,68.5,336.0,68.5,1.0,1.0,1055.974609375,1055.974609375,0.02473812766457242,0.02473812766457242,24738.12766457242,24738.12766457242,467
418,13,67,87,21,210.0,194.47435897435895,86.00961538461539,2.6369304819930135,3.131133034995517,190.0,83.0,200.0,95.0,11.0,13.0,942.9638671875,920.61181640625,0.3587193435292907,0.027593795656099283,358719.3435292907,27593.795656099282,471
423,1,67,67,1,10.0,1899.5,1337.0,0.0,0.0,1899.5,1337.0,1899.5,1337.0,1.0,1.0,906.666748046875,906.666748046875,0.02473826982071666,0.02473826982071666,24738.26982071666,24738.26982071666,476
422,1,67,67,1,10.0,855.0,499.0,0.0,0.0,855.0,499.0,855.0,499.0,1.0,1.0,906.666748046875,906.666748046875,0.01236913491035833,0.01236913491035833,12369.13491035833,12369.13491035833,475
420,1,67,67,1,10.0,355.5,260.5,0.0,0.0,355.5,260.5,355.5,260.5,1.0,1.0,906.666748046875,906.666748046875,0.02473826982071666,0.02473826982071666,24738.26982071666,24738.26982071666,473
419,25,67,94,28,280.0,184.5109975544923,171.0395053030303,5.22698163855349,4.153680988010031,177.42962962962963,164.43714285714287,199.0,181.57407407407408,22.57037037037037,18.136931216931202,2660.30908203125,1065.8625122070312,7.545827770040425,0.301833110801617,7545827.7700404255,301833.11080161703,472
425,2,67,68,2,20.0,992.0,1613.1666666666665,1.0,1.1666666666666288,991.0,1612.0,993.0,1614.3333333333333,3.0,3.3333333333332575,906.689453125,906.6781005859375,0.04947675287855337,0.024738376439276684,49476.752878553365,24738.376439276683,478
421,3,67,71,5,50.0,227.66666666666666,276.1666666666667,2.6246692913372702,2.2484562605386733,224.0,273.0,230.0,278.0,7.0,6.0,942.9541015625,918.7701009114584,0.04947696612202764,0.01649232204067588,49476.96612202764,16492.32204067588,474
424,12,67,84,18,180.0,925.5960197210197,1420.1474837662336,2.9547439497206325,2.441136382674578,917.0625,1417.0,928.6363636363636,1423.6190476190477,12.573863636363626,7.619047619047706,1433.6201171875,1185.8973592122395,1.5709748322820776,0.1309145693568398,1570974.8322820775,130914.56935683978,477
427,1,68,68,1,10.0,787.0,428.0,0.0,0.0,787.0,428.0,787.0,428.0,1.0,1.0,906.689453125,906.689453125,0.012369205989398346,0.012369205989398346,12369.205989398346,12369.205989398346,480
426,1,68,68,1,10.0,239.0,83.0,0.0,0.0,239.0,83.0,239.0,83.0,1.0,1.0,906.689453125,906.689453125,0.012369205989398346,0.012369205989398346,12369.205989398346,12369.205989398346,479
433,1,69,69,1,10.0,998.0,1411.0,0.0,0.0,998.0,1411.0,998.0,1411.0,1.0,1.0,979.87060546875,979.87060546875,0.01236927706615323,0.01236927706615323,12369.27706615323,12369.27706615323,487
432,1,69,69,1,10.0,717.0,548.0,0.0,0.0,717.0,548.0,717.0,548.0,1.0,1.0,1095.0986328125,1095.0986328125,0.01236927706615323,0.01236927706615323,12369.27706615323,12369.27706615323,486
434,1,69,69,1,10.0,11.436831301845269,1707.606126206196,0.0,0.0,11.436831301845269,1707.606126206196,11.436831301845269,1707.606126206196,1.0,1.0,1258.5888671875,1258.5888671875,2.6099174609583313,2.6099174609583313,2609917.4609583314,2609917.4609583314,488
429,1,69,69,1,10.0,686.0,159.0,0.0,0.0,686.0,159.0,686.0,159.0,1.0,1.0,979.87060546875,979.87060546875,0.01236927706615323,0.01236927706615323,12369.27706615323,12369.27706615323,482
435,1,69,69,1,10.0,0.0,1764.1666666666667,0.0,0.0,0.0,1764.1666666666667,0.0,1764.1666666666667,1.0,1.0,979.87060546875,979.87060546875,0.04947710826461292,0.04947710826461292,49477.10826461292,49477.10826461292,489
430,1,69,69,1,10.0,1757.0,224.0,0.0,0.0,1757.0,224.0,1757.0,224.0,1.0,1.0,942.9638671875,942.9638671875,0.01236927706615323,0.01236927706615323,12369.27706615323,12369.27706615323,483
431,8,69,78,10,100.0,181.375,232.125,5.655473012931809,3.822221212855164,175.0,227.0,193.0,237.0,19.0,11.0,942.96484375,920.2885131835938,0.09895698941705902,0.012369623677132378,98956.98941705903,12369.623677132378,484
428,1,69,69,1,10.0,917.0,118.0,0.0,0.0,917.0,118.0,917.0,118.0,1.0,1.0,942.9638671875,942.9638671875,0.01236927706615323,0.01236927706615323,12369.27706615323,12369.27706615323,481
437,3,70,72,3,30.0,923.5925925925926,1389.2074074074073,0.29162992125968334,0.9173828104180161,923.3333333333334,1388.0,924.0,1390.2222222222222,1.6666666666666288,3.2222222222221717,1668.190673828125,1273.125732421875,0.33397389280460277,0.1113246309348676,333973.89280460274,111324.6309348676,491
438,1,70,70,1,10.0,1452.0,1920.0,0.0,0.0,1452.0,1920.0,1452.0,1920.0,1.0,1.0,1134.88330078125,1134.88330078125,0.03710804444985159,0.03710804444985159,37108.04444985159,37108.04444985159,492
436,1,70,70,1,10.0,522.0,653.0,0.0,0.0,522.0,653.0,522.0,653.0,1.0,1.0,979.91796875,979.91796875,0.012369348149950532,0.012369348149950532,12369.348149950532,12369.348149950532,490
440,4,71,74,4,40.0,327.6636904761905,93.3110119047619,4.830608361275279,1.3817499172276086,324.3809523809524,91.0,336.0,94.625,12.619047619047592,4.625,1095.16650390625,1038.23583984375,0.6432136387334582,0.16080340968336454,643213.6387334581,160803.40968336453,494
439,10,71,80,10,100.0,1012.0789041514041,3.6105722055722054,1.056822905506118,0.7302060481053465,1010.6875,2.2857142857142856,1013.75,5.1,4.0625,3.814285714285714,3379.855224609375,2086.530065917969,2.48632636080549,0.248632636080549,2486326.36080549,248632.636080549,493
444,1,71,71,1,10.0,1834.0,1312.0,0.0,0.0,1834.0,1312.0,1834.0,1312.0,1.0,1.0,1301.3310546875,1301.3310546875,0.012369419232872625,0.012369419232872625,12369.419232872626,12369.419232872626,498
443,11,71,80,10,100.0,1237.1804730796578,638.558924963925,1.5475854430261258,7.4652136980361306,1234.625,622.5,1239.8703703703704,649.5,6.245370370370438,28.0,1175.4912109375,1043.0178888494318,2.177073178452256,0.19791574349565966,2177073.178452256,197915.74349565967,497
442,1,71,71,1,10.0,15.0,165.0,0.0,0.0,15.0,165.0,15.0,165.0,1.0,1.0,942.9541015625,942.9541015625,0.012369419232872625,0.012369419232872625,12369.419232872626,12369.419232872626,496
441,1,71,71,1,10.0,500.5,109.75,0.0,0.0,500.5,109.75,500.5,109.75,1.0,1.0,1055.9853515625,1055.9853515625,0.0494776769314905,0.0494776769314905,49477.6769314905,49477.6769314905,495
445,1,72,72,1,10.0,736.0,49.0,0.0,0.0,736.0,49.0,736.0,49.0,1.0,1.0,942.96484375,942.96484375,0.012369490317414102,0.012369490317414102,12369.490317414102,12369.490317414102,499
447,1,72,72,1,10.0,269.33333333333337,835.3333333333333,0.0,0.0,269.33333333333337,835.3333333333333,269.33333333333337,835.3333333333333,1.0,1.0,942.96484375,942.96484375,0.04947796126965641,0.04947796126965641,49477.96126965641,49477.96126965641,501
446,16,72,98,27,270.0,476.671875,600.96875,3.1008047720511205,2.458840872748784,472.0,596.0,485.0,606.0,14.0,11.0,1017.6149291992188,936.4004859924316,0.48245705062810973,0.030153565664256858,482457.0506281097,30153.565664256857,500
448,2,73,74,2,20.0,929.5,101.0,0.5,1.0,929.0,100.0,930.0,102.0,2.0,3.0,906.71875,906.71728515625,0.024739193897535122,0.012369596948767561,24739.193897535122,12369.596948767561,502
454,6,73,78,6,60.0,585.5972222222223,1122.25,0.9888459728515329,1.7260262647673315,584.0,1120.0,587.0,1125.0,4.0,6.0,979.89892578125,936.9963785807291,0.14843658620575745,0.024739431034292908,148436.58620575746,24739.43103429291,508
453,1,73,73,1,10.0,972.0,841.0,0.0,0.0,972.0,841.0,972.0,841.0,1.0,1.0,1017.666015625,1017.666015625,0.012369561404443553,0.012369561404443553,12369.561404443553,12369.561404443553,507
452,1,73,73,1,10.0,1951.0,779.0,0.0,0.0,1951.0,779.0,1951.0,779.0,1.0,1.0,906.71875,906.71875,0.012369561404443553,0.012369561404443553,12369.561404443553,12369.561404443553,506
451,2,73,74,2,20.0,505.5,581.0,0.5,1.0,505.0,580.0,506.0,582.0,2.0,3.0,906.71875,906.71728515625,0.024739193897535122,0.012369596948767561,24739.193897535122,12369.596948767561,505
450,7,73,79,7,70.0,290.1904761904762,310.83333333333337,7.735420783246218,5.00713776237768,281.0,304.0,303.0,318.0,23.0,15.0,979.844482421875,917.1345912388393,0.1360682338882604,0.01943831912689434,136068.23388826038,19438.31912689434,504
449,19,73,98,26,260.0,1719.7394945697579,189.61242690058478,3.0793442647164757,3.455595086414448,1716.0,183.66666666666666,1726.0,194.0,11.0,11.333333333333343,1258.6910400390625,982.650634765625,0.8040795803052874,0.0423199779108046,804079.5803052874,42319.9779108046,503
456,4,73,76,4,40.0,996.0625,1625.375,1.229519723306625,0.81967981553775,994.0,1624.0,997.0,1626.0,4.0,3.0,906.729248046875,906.7073364257812,0.07421807982760596,0.01855451995690149,74218.07982760596,18554.51995690149,511
455,23,73,99,27,270.0,317.01306148835727,1551.8771678614016,2.1916125177048302,3.4194902321163854,310.58333333333337,1546.3333333333333,320.0,1555.4928571428572,10.416666666666629,10.15952380952399,2304.012451171875,1482.0849821671195,6.469892092033682,0.28129965617537744,6469892.092033681,281299.65617537743,510
457,2,74,75,2,20.0,479.75,64.5,0.25,1.0,479.5,63.5,480.0,65.5,1.5,3.0,942.91845703125,924.817138671875,0.04947867215268413,0.024739336076342065,49478.67215268413,24739.336076342064,512
458,1,74,74,1,10.0,347.5,236.5,0.0,0.0,347.5,236.5,347.5,236.5,1.0,1.0,906.7158203125,906.7158203125,0.02473926498618314,0.02473926498618314,24739.264986183138,24739.264986183138,513
462,10,74,83,10,100.0,585.6113095238095,1904.6191666666666,3.891357991880869,6.336413779365518,579.9,1897.0,590.0,1914.5,11.100000000000023,18.5,1388.791259765625,1029.9724365234374,0.7545670679173991,0.07545670679173991,754567.0679173991,75456.70679173991,517
461,2,74,75,2,20.0,1371.5,1669.5,0.0,0.5,1371.5,1669.0,1371.5,1670.0,1.0,2.0,1056.016357421875,1036.7969970703125,0.04947867215268413,0.024739336076342065,49478.67215268413,24739.336076342064,516
459,6,74,79,6,60.0,252.78125,290.2881944444444,2.626040082748867,1.281682778459156,250.0,288.97916666666663,256.8333333333333,292.0,7.833333333333314,4.020833333333371,979.867919921875,930.95068359375,0.34635276875868926,0.057725461459781545,346352.7687586892,57725.461459781545,514
460,3,74,76,3,30.0,1933.9166666666667,661.75,0.6561673228343176,0.6123724356957945,1933.0,661.0,1934.5,662.5,2.5,2.5,979.858642578125,943.1451822916666,0.08658799769364217,0.028862665897880724,86587.99769364217,28862.665897880725,515
471,1,75,75,1,10.0,1510.0,1445.0,0.0,0.0,1510.0,1445.0,1510.0,1445.0,1.0,1.0,906.729248046875,906.729248046875,0.012369703583250498,0.012369703583250498,12369.703583250497,12369.703583250497,526
470,1,75,75,1,10.0,990.0,1409.0,0.0,0.0,990.0,1409.0,990.0,1409.0,1.0,1.0,906.729248046875,906.729248046875,0.012369703583250498,0.012369703583250498,12369.703583250497,12369.703583250497,525
468,1,75,75,1,10.0,1695.0,1250.0,0.0,0.0,1695.0,1250.0,1695.0,1250.0,1.0,1.0,906.729248046875,906.729248046875,0.012369703583250498,0.012369703583250498,12369.703583250497,12369.703583250497,523
467,4,75,78,4,40.0,621.78125,1060.25,0.4539324701979359,0.4330127018922193,621.0,1060.0,622.125,1061.0,2.125,2.0,1095.067626953125,1018.2828979492188,0.2845067395621498,0.07112668489053744,284506.7395621498,71126.68489053745,522
469,1,75,75,1,10.0,1912.0,1385.0,0.0,0.0,1912.0,1385.0,1912.0,1385.0,1.0,1.0,942.91845703125,942.91845703125,0.012369703583250498,0.012369703583250498,12369.703583250497,12369.703583250497,524
465,9,75,82,8,80.0,1954.0337301587304,623.6146825396826,2.1773766492764475,9.299666021306136,1952.3333333333333,614.5,1960.0,639.0,8.666666666666742,25.5,1388.791259765625,1141.6434868706597,0.9153812454491258,0.1017090272721251,915381.2454491258,101709.0272721251,520
464,1,75,75,1,10.0,216.5,260.5,0.0,0.0,216.5,260.5,216.5,260.5,1.0,1.0,942.91845703125,942.91845703125,0.024739407166500995,0.024739407166500995,24739.407166500994,24739.407166500994,519
463,1,75,75,1,10.0,460.6666666666667,36.166666666666664,0.0,0.0,460.6666666666667,36.166666666666664,460.6666666666667,36.166666666666664,1.0,1.0,1344.64892578125,1344.64892578125,0.07421822149950298,0.07421822149950298,74218.22149950298,74218.22149950298,518
466,13,75,89,15,150.0,1337.631684981685,783.1247419247419,3.8675900335381113,1.5484090147732212,1332.090909090909,780.3333333333334,1343.0,787.0,11.909090909090992,7.666666666666629,2478.906982421875,1336.730966421274,1.076191020967806,0.08278392468983123,1076191.020967806,82783.92468983123,521
473,1,76,76,1,10.0,2004.0,1156.0,0.0,0.0,2004.0,1156.0,2004.0,1156.0,1.0,1.0,1017.5966796875,1017.5966796875,0.012369775180319344,0.012369775180319344,12369.775180319344,12369.775180319344,528
472,24,76,99,24,240.0,364.4730740361345,187.82462112132316,6.555922470523545,4.7737261828119095,357.1,175.07777777777775,389.0,197.0,32.89999999999998,22.922222222222246,1095.091064453125,977.3784840901693,5.863509683757011,0.24431290348987544,5863509.683757011,244312.90348987543,527
475,1,76,76,1,10.0,1875.0,1414.0,0.0,0.0,1875.0,1414.0,1875.0,1414.0,1.0,1.0,906.66552734375,906.66552734375,0.012369775180319344,0.012369775180319344,12369.775180319344,12369.775180319344,530
477,9,76,84,9,90.0,671.5029157350075,1938.087123036349,2.6692709089727624,1.8894073403956595,665.4583333333334,1935.375,675.0,1941.0,10.541666666666629,6.625,1258.687744140625,1094.2467719184028,2.01631884799379,0.22403542755486555,2016318.84799379,224035.42755486554,532
476,3,76,78,3,30.0,166.02692307692305,1522.7615384615385,0.20296131130242706,0.4539113382133086,165.75,1522.3846153846155,166.23076923076923,1523.4,1.4807692307692264,2.015384615384619,1301.28662109375,1178.497802734375,0.38346508166546256,0.12782169388848752,383465.0816654626,127821.69388848751,531
478,1,76,76,1,10.0,219.0,2047.0,0.0,0.0,219.0,2047.0,219.0,2047.0,1.0,1.0,906.66552734375,906.66552734375,0.012369775180319344,0.012369775180319344,12369.775180319344,12369.775180319344,533
474,2,76,77,2,20.0,516.375,1338.5,0.625,0.25,515.75,1338.25,517.0,1338.75,2.25,1.5,1134.8896484375,1038.8974609375,0.086588638022326,0.043294319011163,86588.63802232599,43294.319011162996,529
481,2,77,78,2,20.0,428.5,218.5,2.5,3.5,426.0,215.0,431.0,222.0,6.0,8.0,906.66259765625,906.63623046875,0.024739762628398512,0.012369881314199256,24739.762628398512,12369.881314199256,537
482,6,77,83,7,70.0,536.5277777777777,1022.861111111111,2.9065963718989005,1.0819078941194717,532.6666666666666,1021.0,541.0,1024.0,9.333333333333371,4.0,979.943603515625,930.9543253580729,0.1979222249331566,0.03298703748885943,197922.2249331566,32987.03748885943,538
485,7,77,87,11,110.0,27.264285714285712,1748.2833333333333,1.609506198832932,2.026628289110295,24.0,1745.1666666666667,28.916666666666668,1750.3333333333333,5.916666666666668,6.166666666666515,979.920166015625,943.1195242745536,0.40821763794129906,0.05831680542018558,408217.63794129906,58316.80542018558,541
480,2,77,78,2,20.0,213.75,124.0,1.75,3.0,212.0,121.0,215.5,127.0,4.5,7.0,942.9052734375,924.783935546875,0.03710960839541472,0.01855480419770736,37109.60839541472,18554.80419770736,536
484,3,77,80,4,40.0,97.5,1634.0,1.0801234497346435,0.816496580927726,96.5,1633.0,99.0,1635.0,3.5,3.0,1017.590576171875,955.7379557291666,0.049479738634791756,0.016493246211597253,49479.738634791756,16493.246211597252,540
483,7,77,84,8,80.0,744.0516813053521,1329.7045876977402,2.186931007658259,0.4151833169899211,740.734375,1329.0833333333333,746.3333333333334,1330.3461538461538,6.598958333333371,2.2628205128205536,2784.701904296875,1623.6766183035713,2.1524051391380796,0.3074864484482971,2152405.1391380797,307486.4484482971,539
479,4,77,80,4,40.0,478.3020833333333,37.895833333333336,1.3627532257040103,0.3969283100678684,476.3333333333333,37.25,480.0,38.333333333333336,4.666666666666686,2.0833333333333357,1216.657958984375,1011.5181884765625,0.16080856382103592,0.04020214095525898,160808.56382103593,40202.14095525898,534
489,1,78,78,1,10.0,993.5714285714286,1518.5714285714287,0.0,0.0,993.5714285714286,1518.5714285714287,993.5714285714286,1518.5714285714287,1.0,1.0,1055.995361328125,1055.995361328125,0.08658941802967611,0.08658941802967611,86589.4180296761,86589.4180296761,545
490,3,78,81,4,40.0,55.94444444444445,1700.7222222222224,2.28656840302852,0.9060836905722536,53.5,1699.5,59.0,1701.6666666666667,6.5,3.1666666666667425,1017.548828125,955.6924641927084,0.09895976146966251,0.03298658715655417,98959.76146966251,32986.58715655417,546
492,4,78,86,9,90.0,243.375,1995.0,0.649519052838329,0.0,243.0,1995.0,244.5,1995.0,2.5,1.0,906.708740234375,906.6566772460938,0.06185065080681974,0.015462662701704936,61850.65080681974,15462.662701704936,548
486,2,78,81,4,40.0,639.2985119047619,115.2282738095238,1.1806547619048047,2.3758928571428584,638.1178571428571,112.85238095238094,640.4791666666667,117.60416666666666,3.3613095238096093,5.751785714285717,1055.995361328125,1017.957763671875,0.90300649039599,0.451503245197995,903006.49039599,451503.245197995,542
488,1,78,78,1,10.0,1144.0,1132.0,0.0,0.0,1144.0,1132.0,1144.0,1132.0,1.0,1.0,6055.07763671875,6055.07763671875,0.012369916861382302,0.012369916861382302,12369.916861382302,12369.916861382302,544
493,4,78,84,7,70.0,317.25,2037.5,3.344772040064913,2.8722813232690143,313.0,2033.0,321.0,2040.0,9.0,8.0,942.96875,915.7266540527344,0.049480591726456066,0.012370147931614017,49480.59172645606,12370.147931614016,549
491,1,78,78,1,10.0,1767.5,1945.0,0.0,0.0,1767.5,1945.0,1767.5,1945.0,1.0,1.0,2190.983154296875,2190.983154296875,0.024739833722764604,0.024739833722764604,24739.833722764604,24739.833722764604,547
487,1,78,78,1,10.0,226.0,276.0,0.0,0.0,226.0,276.0,226.0,276.0,1.0,1.0,942.882568359375,942.882568359375,0.012369916861382302,0.012369916861382302,12369.916861382302,12369.916861382302,543
496,1,79,79,1,10.0,590.0,1062.0,0.0,0.0,590.0,1062.0,590.0,1062.0,1.0,1.0,906.708740234375,906.708740234375,0.012369987956609166,0.012369987956609166,12369.987956609166,12369.987956609166,552
495,13,79,92,14,140.0,1274.6516025641026,768.8896367521369,4.04505526017344,1.9528263035897555,1269.5,763.4166666666667,1284.5,771.0,16.0,8.583333333333258,1301.325927734375,1017.7654794546274,0.9277882753620674,0.07136832887400518,927788.2753620674,71368.32887400518,551
494,2,79,84,6,60.0,457.0,223.0,2.0,0.0,455.0,223.0,459.0,223.0,5.0,1.0,979.899169921875,943.2670288085938,0.02474033141895457,0.012370165709477285,24740.33141895457,12370.165709477285,550
497,1,80,80,1,10.0,1809.0,225.0,0.0,0.0,1809.0,225.0,1809.0,225.0,1.0,1.0,942.91455078125,942.91455078125,0.012370059144150174,0.012370059144150174,12370.059144150173,12370.059144150173,553
498,8,80,90,11,110.0,329.625,327.3125,4.02919036532155,3.2493989828889895,326.0,321.5,338.0,333.0,13.0,12.5,942.95703125,920.2523727416992,0.16081581623746205,0.020101977029682756,160815.81623746204,20101.977029682756,554
499,1,80,80,1,10.0,1331.0,753.0,0.0,0.0,1331.0,753.0,1331.0,753.0,1.0,1.0,942.91455078125,942.91455078125,0.012370059144150174,0.012370059144150174,12370.059144150173,12370.059144150173,555
500,9,80,99,20,200.0,373.7489106753813,1764.413126361656,3.0263024014548074,1.469046537152261,370.0,1762.1764705882354,378.75,1766.125,9.75,4.948529411764639,1134.92626953125,965.0556572808159,0.5319473842882302,0.05910526492091447,531947.3842882302,59105.264920914466,556
501,1,81,81,1,10.0,2038.0,186.5,0.0,0.0,2038.0,186.5,2038.0,186.5,1.0,1.0,1017.6182861328125,1017.6182861328125,0.024740260308611588,0.024740260308611588,24740.26030861159,24740.26030861159,557
503,3,81,87,7,70.0,1.736985596707819,1756.595318930041,0.7044678583000594,4.067222259878599,0.9,1751.6,2.623456790123457,1761.5625,2.723456790123457,10.962500000000091,1055.9617919921875,1005.2466227213541,0.6679939966055416,0.22266466553518052,667993.9966055416,222664.6655351805,559
502,2,81,82,2,20.0,1718.5,1246.0,0.5,0.0,1718.0,1246.0,1719.0,1246.0,2.0,1.0,1017.6182861328125,980.2935180664062,0.024740331402728355,0.012370165701364177,24740.331402728356,12370.165701364178,558
510,1,82,82,1,10.0,997.0,1616.0,0.0,0.0,997.0,1616.0,997.0,1616.0,1.0,1.0,906.701904296875,906.701904296875,0.012370201248422561,0.012370201248422561,12370.201248422562,12370.201248422562,566
507,1,82,82,1,10.0,1921.0,700.0,0.0,0.0,1921.0,700.0,1921.0,700.0,1.0,1.0,942.96875,942.96875,0.012370201248422561,0.012370201248422561,12370.201248422562,12370.201248422562,563
506,10,82,91,10,100.0,1915.7769444444446,680.4343055555555,0.8131351268810614,3.843410067273083,1914.4166666666667,671.875,1916.8333333333335,686.3125,3.4166666666667425,15.4375,1388.7569580078125,1139.910382080078,1.4597251322453153,0.14597251322453153,1459725.1322453152,145972.51322453152,562
504,1,82,82,1,10.0,636.0,70.0,0.0,0.0,636.0,70.0,636.0,70.0,1.0,1.0,906.701904296875,906.701904296875,0.012370201248422561,0.012370201248422561,12370.201248422562,12370.201248422562,560
505,1,82,82,1,10.0,841.0,170.0,0.0,0.0,841.0,170.0,841.0,170.0,1.0,1.0,906.701904296875,906.701904296875,0.012370201248422561,0.012370201248422561,12370.201248422562,12370.201248422562,561
508,6,82,93,12,120.0,1893.0833333333333,1336.2083333333333,3.8774633747106138,0.6833841444523635,1885.0,1335.0,1896.0,1337.0,12.0,3.0,1017.5968627929688,925.1585286458334,0.18555913416047018,0.030926522360078364,185559.1341604702,30926.522360078365,564
509,5,82,91,10,100.0,1848.983677833085,1412.6469674857913,3.5427184710634223,2.8143904089156457,1845.4827586206898,1407.902027027027,1855.730855855856,1415.609375,11.248097235166142,8.707347972972912,1258.619873046875,1151.83662109375,2.5854586005026343,0.5170917201005268,2585458.6005026344,517091.7201005268,565
511,1,82,82,1,10.0,1632.0,2041.0,0.0,0.0,1632.0,2041.0,1632.0,2041.0,1.0,1.0,979.943603515625,979.943603515625,0.012370201248422561,0.012370201248422561,12370.201248422562,12370.201248422562,567
512,1,83,83,1,10.0,735.0,49.5,0.0,0.0,735.0,49.5,735.0,49.5,1.0,1.0,906.6455078125,906.6455078125,0.024740544715440394,0.024740544715440394,24740.544715440396,24740.544715440396,568
516,1,83,83,1,10.0,1246.0,1767.0,0.0,0.0,1246.0,1767.0,1246.0,1767.0,1.0,1.0,942.878173828125,942.878173828125,0.012370272357720197,0.012370272357720197,12370.272357720198,12370.272357720198,572
515,1,83,83,1,10.0,1545.0,918.0,0.0,0.0,1545.0,918.0,1545.0,918.0,1.0,1.0,1258.655517578125,1258.655517578125,0.012370272357720197,0.012370272357720197,12370.272357720198,12370.272357720198,571
514,4,83,89,7,70.0,503.75,135.75,0.82915619758885,0.4330127018922193,503.0,135.0,505.0,136.0,3.0,2.0,942.9700927734375,915.7241821289062,0.061852001753092904,0.015463000438273226,61852.0017530929,15463.000438273226,570
513,3,83,87,5,50.0,233.0,80.58333333333333,2.449489742783178,0.5137011669140814,230.0,80.0,236.0,81.25,7.0,2.25,942.891357421875,918.733154296875,0.07422220299670691,0.02474073433223564,74222.20299670691,24740.73433223564,569
517,2,84,87,4,40.0,683.5,57.0,2.5,5.0,681.0,52.0,686.0,62.0,6.0,11.0,942.95703125,924.809814453125,0.024740900249581626,0.012370450124790813,24740.900249581628,12370.450124790814,573
518,2,84,85,2,20.0,342.4375,89.0,0.5625,0.0,341.875,89.0,343.0,89.0,2.125,1.0,1017.58642578125,962.1163330078125,0.1484441926539545,0.07422209632697725,148444.1926539545,74222.09632697725,574
519,1,84,84,1,10.0,302.0,322.0,0.0,0.0,302.0,322.0,302.0,322.0,1.0,1.0,906.6348876953125,906.6348876953125,0.012370343462345404,0.012370343462345404,12370.343462345403,12370.343462345403,575
521,1,84,84,1,10.0,1253.0,1875.5,0.0,0.0,1253.0,1875.5,1253.0,1875.5,1.0,1.0,942.95703125,942.95703125,0.024740686924690808,0.024740686924690808,24740.686924690806,24740.686924690806,577
520,6,84,89,6,60.0,2017.1833333333334,414.1166666666666,3.1333776592609124,1.5763001688200793,2014.5,412.5,2022.6,417.2,9.099999999999909,5.699999999999989,1258.6910400390625,1014.3755289713541,0.2350402234093265,0.03917337056822109,235040.2234093265,39173.370568221086,576
524,2,85,86,2,20.0,1956.125,1365.25,0.875,2.75,1955.25,1362.5,1957.0,1368.0,2.75,6.5,1134.992919921875,1076.3143310546875,0.061852143947119104,0.030926071973559552,61852.143947119104,30926.071973559552,580
523,1,85,85,1,10.0,571.0,995.0,0.0,0.0,571.0,995.0,571.0,995.0,1.0,1.0,906.646240234375,906.646240234375,0.012370414568155047,0.012370414568155047,12370.414568155047,12370.414568155047,579
522,2,85,86,2,20.0,1301.125,749.375,0.625,0.125,1300.5,749.25,1301.75,749.5,2.25,1.25,1017.6357421875,962.122802734375,0.07422262962161802,0.03711131481080901,74222.62962161802,37111.31481080901,578
526,1,86,86,1,10.0,180.0,236.0,0.0,0.0,180.0,236.0,180.0,236.0,1.0,1.0,906.60986328125,906.60986328125,0.012370485674498919,0.012370485674498919,12370.48567449892,12370.48567449892,582
531,14,86,99,14,140.0,1905.387293265637,1641.7849251406406,1.7968031331127525,2.49626128044275,1902.3333333333333,1638.0246913580247,1908.1604938271605,1647.0666666666664,6.82716049382725,10.041975308641668,1175.4814453125,1070.7171892438616,5.925755708410013,0.4232682648864295,5925755.708410013,423268.2648864295,587
529,4,86,92,7,70.0,237.5625,790.5,1.229519723306625,3.2596012026013246,236.0,785.0,239.0,793.5,4.0,9.5,979.9329223632812,934.0421447753906,0.14844881482808694,0.037112203707021736,148448.81482808694,37112.203707021734,585
530,6,86,96,11,110.0,1941.6000000000001,1329.0416666666667,2.093641166325624,2.2657626873870873,1940.0,1327.5,1946.0,1334.0,7.0,7.5,1216.7384033203125,976.4762674967448,0.23504761941597332,0.03917460323599555,235047.6194159733,39174.60323599555,586
525,1,86,86,1,10.0,1859.0,154.0,0.0,0.0,1859.0,154.0,1859.0,154.0,1.0,1.0,2599.101318359375,2599.101318359375,0.012370485674498919,0.012370485674498919,12370.48567449892,12370.48567449892,581
527,1,86,86,1,10.0,901.3333333333334,238.33333333333334,0.0,0.0,901.3333333333334,238.33333333333334,901.3333333333334,238.33333333333334,1.0,1.0,906.60986328125,906.60986328125,0.03711145702349676,0.03711145702349676,37111.45702349676,37111.45702349676,583
528,2,86,87,2,20.0,459.0,610.0,0.0,0.0,459.0,610.0,459.0,610.0,1.0,1.0,906.66259765625,906.63623046875,0.02474104246173514,0.01237052123086757,24741.042461735142,12370.521230867571,584
532,1,87,87,1,10.0,1050.0,753.0,0.0,0.0,1050.0,753.0,1050.0,753.0,1.0,1.0,1216.665771484375,1216.665771484375,0.012370556787236222,0.012370556787236222,12370.556787236223,12370.556787236223,588
533,13,87,99,13,130.0,323.07022307988126,1253.8628947564498,2.200500640023929,1.3247286982363036,318.2948717948718,1252.6666666666667,326.4166666666667,1257.2307692307693,9.121794871794862,5.564102564102541,2538.66650390625,1587.4208045372595,4.515454843210737,0.3473426802469798,4515454.843210737,347342.6802469798,589
534,2,87,88,2,20.0,98.75,1633.25,0.25,1.25,98.5,1632.0,99.0,1634.5,1.5,3.5,979.85791015625,961.400146484375,0.049482369367458576,0.024741184683729288,49482.369367458574,24741.184683729287,590
538,1,88,88,1,10.0,1694.0,1250.5,0.0,0.0,1694.0,1250.5,1694.0,1250.5,1.0,1.0,979.9423828125,979.9423828125,0.024741255792986135,0.024741255792986135,24741.255792986136,24741.255792986136,594
537,1,88,88,1,10.0,441.0,808.0,0.0,0.0,441.0,808.0,441.0,808.0,1.0,1.0,906.690673828125,906.690673828125,0.012370627896493068,0.012370627896493068,12370.627896493068,12370.627896493068,593
536,2,88,91,4,40.0,258.0,298.0,1.0,1.0,257.0,297.0,259.0,299.0,3.0,3.0,942.9450073242188,942.9436950683594,0.024741469134379045,0.012370734567189522,24741.469134379044,12370.734567189522,592
535,2,88,89,2,20.0,448.5,214.5,0.5,0.5,448.0,214.0,449.0,215.0,2.0,2.0,942.9700927734375,942.9562377929688,0.024741326903645132,0.012370663451822566,24741.32690364513,12370.663451822566,591
542,3,89,95,7,70.0,289.6507936507937,2046.2936507936508,2.081151540843117,0.547216323045636,286.7857142857143,2045.6666666666667,291.6666666666667,2047.0,5.880952380952408,2.3333333333332575,1056.0194091796875,980.6195475260416,0.19793260648115316,0.06597753549371772,197932.60648115317,65977.53549371772,598
541,1,89,89,1,10.0,693.0,1405.0,0.0,0.0,693.0,1405.0,693.0,1405.0,1.0,1.0,1017.576416015625,1017.576416015625,0.012370699007152063,0.012370699007152063,12370.699007152063,12370.699007152063,597
540,5,89,93,5,50.0,1848.6878970152654,1387.582483481431,0.6650914933362311,0.9306657203441243,1847.4736842105262,1385.8181818181818,1849.5,1388.5714285714287,3.026315789473756,3.7532467532469127,1817.616943359375,1456.9228515625,0.7175103564668128,0.14350207129336257,717510.3564668128,143502.07129336256,596
539,1,89,89,1,10.0,863.0,151.5,0.0,0.0,863.0,151.5,863.0,151.5,1.0,1.0,979.91943359375,979.91943359375,0.024741398014304125,0.024741398014304125,24741.398014304126,24741.398014304126,595
550,1,90,90,1,10.0,594.0,1064.0,0.0,0.0,594.0,1064.0,594.0,1064.0,1.0,1.0,906.6461791992188,906.6461791992188,0.01237077012453114,0.01237077012453114,12370.77012453114,12370.77012453114,606
543,4,90,93,4,40.0,929.875,105.9375,0.5448623679425842,2.624255846902127,929.0,102.75,930.5,109.0,2.5,7.25,942.9298095703125,933.8597412109375,0.12370898134839209,0.030927245337098022,123708.98134839209,30927.245337098022,599
549,9,90,99,10,100.0,78.91111111111111,960.4638888888888,5.226735638244847,3.662784139738649,70.0,955.0,86.0,966.5,17.0,12.5,1055.9857177734375,985.0435723198784,0.4453560452920924,0.04948400503245471,445356.04529209237,49484.00503245471,605
551,1,90,90,1,10.0,1197.5,1317.5,0.0,0.0,1197.5,1317.5,1197.5,1317.5,1.0,1.0,1572.2742919921875,1572.2742919921875,0.04948308049812456,0.04948308049812456,49483.08049812456,49483.08049812456,607
544,9,90,99,10,100.0,851.9769140989729,125.36192810457517,1.3460107713066496,4.098295902563427,850.7083333333334,114.5,854.0,128.0,4.291666666666629,14.5,1095.09814453125,984.9665052625868,0.9154709134739224,0.10171899038599137,915470.9134739224,101718.99038599138,600
545,1,90,90,1,10.0,940.0,209.0,0.0,0.0,940.0,209.0,940.0,209.0,1.0,1.0,906.6461791992188,906.6461791992188,0.01237077012453114,0.01237077012453114,12370.77012453114,12370.77012453114,601
547,4,90,93,4,40.0,211.75,759.0833333333333,1.346291201783626,0.14433756729737363,210.0,759.0,213.5,759.3333333333333,4.5,1.3333333333332575,979.9329223632812,952.3575897216797,0.1237084835195006,0.03092712087987515,123708.4835195006,30927.12087987515,603
548,8,90,99,10,100.0,1955.5226190476192,780.9755952380953,0.973462360984719,1.1492762128801122,1954.0,779.3333333333334,1957.0,783.0,4.0,4.666666666666629,1095.09814453125,962.4893493652344,0.25979406682752026,0.03247425835344003,259794.06682752026,32474.258353440033,604
546,1,90,90,1,10.0,194.0,225.0,0.0,0.0,194.0,225.0,194.0,225.0,1.0,1.0,906.6461791992188,906.6461791992188,0.01237077012453114,0.01237077012453114,12370.77012453114,12370.77012453114,602
561,2,91,93,3,30.0,974.25,1930.0,2.75,0.0,971.5,1930.0,977.0,1930.0,6.5,1.0,1017.6149291992188,980.2799682617188,0.11133814009502266,0.05566907004751133,111338.14009502265,55669.070047511326,617
553,1,91,91,1,10.0,508.0,583.0,0.0,0.0,508.0,583.0,508.0,583.0,1.0,1.0,979.9329223632812,979.9329223632812,0.012370841237885975,0.012370841237885975,12370.841237885976,12370.841237885976,609
554,5,91,95,5,50.0,1999.1666666666665,825.6,0.21081851067787996,1.4628738838327795,1999.0,823.0,1999.5,827.5,1.5,5.5,942.9450073242188,913.9216918945312,0.11133849568849723,0.022267699137699444,111338.49568849723,22267.699137699445,610
557,8,91,98,8,80.0,723.8913005050506,1437.4442482864356,0.7341885773250525,0.5674268821695015,722.2222222222222,1436.5714285714287,724.44,1438.52,3.217777777777883,2.948571428571313,2361.60009765625,1418.488868713379,1.6453559511356437,0.20566949389195546,1645355.9511356438,205669.49389195547,613
556,1,91,91,1,10.0,1097.0,1255.0,0.0,0.0,1097.0,1255.0,1097.0,1255.0,1.0,1.0,3175.111083984375,3175.111083984375,0.012370841237885975,0.012370841237885975,12370.841237885976,12370.841237885976,612
558,3,91,97,7,70.0,0.6666666666666666,1685.6666666666667,0.4714045207910317,0.9428090415820634,0.0,1685.0,1.0,1687.0,2.0,3.0,942.95068359375,918.7673950195312,0.03711330603588883,0.012371102011962945,37113.30603588883,12371.102011962945,614
562,1,91,91,1,10.0,314.0,2045.0,0.0,0.0,314.0,2045.0,314.0,2045.0,1.0,1.0,906.6814575195312,906.6814575195312,0.012370841237885975,0.012370841237885975,12370.841237885976,12370.841237885976,618
559,1,91,91,1,10.0,1505.0,1873.0,0.0,0.0,1505.0,1873.0,1505.0,1873.0,1.0,1.0,979.9329223632812,979.9329223632812,0.012370841237885975,0.012370841237885975,12370.841237885976,12370.841237885976,615
560,4,91,99,9,90.0,1249.625,1882.5,6.035053852286655,2.7613402542968153,1245.0,1878.0,1260.0,1885.0,16.0,8.0,979.9251708984375,924.9856719970703,0.09896929024840945,0.024742322562102362,98969.29024840945,24742.322562102363,616
555,8,91,96,6,60.0,541.0131944444445,1024.020138888889,6.333469136884638,10.877546153439935,533.0,1013.3333333333334,549.1111111111111,1043.25,17.111111111111086,30.91666666666663,1134.946533203125,995.4792861938477,0.49484204161546075,0.061855255201932594,494842.04161546077,61855.255201932596,611
552,3,91,96,6,60.0,2045.611111111111,426.8888888888889,0.5499719409228372,0.6849348892187823,2045.0,426.0,2046.3333333333333,427.6666666666667,2.3333333333332575,2.6666666666666856,1095.0975341796875,1043.66845703125,0.07422597198526379,0.024741990661754597,74225.9719852638,24741.990661754597,608
566,2,92,93,2,20.0,970.0,838.0,1.0,2.0,969.0,836.0,971.0,840.0,3.0,5.0,942.9298095703125,924.7999267578125,0.024741895831319916,0.012370947915659958,24741.895831319915,12370.947915659957,622
565,1,92,92,1,10.0,918.6923076923077,190.07692307692307,0.0,0.0,918.6923076923077,190.07692307692307,918.6923076923077,190.07692307692307,1.0,1.0,1017.5746459960938,1017.5746459960938,0.16082186061398238,0.16082186061398238,160821.86061398237,160821.86061398237,621
568,1,92,92,1,10.0,1861.5,1366.0,0.0,0.0,1861.5,1366.0,1861.5,1366.0,1.0,1.0,942.9298095703125,942.9298095703125,0.024741824709843444,0.024741824709843444,24741.824709843444,24741.824709843444,624
567,5,92,98,7,70.0,308.12,863.6,0.8704022058795602,1.019803902718557,306.5,862.0,309.0,865.0,3.5,4.0,1017.6119995117188,943.362109375,0.1855670280228378,0.037113405604567565,185567.0280228378,37113.40560456757,623
563,1,92,92,1,10.0,771.0,110.0,0.0,0.0,771.0,110.0,771.0,110.0,1.0,1.0,942.9298095703125,942.9298095703125,0.012370912354921722,0.012370912354921722,12370.912354921722,12370.912354921722,619
564,2,92,96,5,50.0,409.0,184.0,0.0,1.0,409.0,183.0,409.0,185.0,1.0,3.0,906.6842041015625,906.6766052246094,0.02474210919352795,0.012371054596763974,24742.109193527947,12371.054596763974,620
569,1,92,92,1,10.0,1631.0,2047.0,0.0,0.0,1631.0,2047.0,1631.0,2047.0,1.0,1.0,906.6842041015625,906.6842041015625,0.012370912354921722,0.012370912354921722,12370.912354921722,12370.912354921722,625
571,1,93,93,1,10.0,840.0,482.0,0.0,0.0,840.0,482.0,840.0,482.0,1.0,1.0,906.6700439453125,906.6700439453125,0.012370983476398196,0.012370983476398196,12370.983476398196,12370.983476398196,627
570,4,93,96,4,40.0,1739.5375,201.26458333333335,0.6739575283354239,0.5016768755882637,1738.5,200.6,1740.25,202.0,2.75,2.4000000000000057,1055.982666015625,999.1180114746094,0.22267940945058462,0.055669852362646155,222679.40945058462,55669.852362646154,626
573,1,93,93,1,10.0,1674.0,1686.0,0.0,0.0,1674.0,1686.0,1674.0,1686.0,1.0,1.0,906.6700439453125,906.6700439453125,0.012370983476398196,0.012370983476398196,12370.983476398196,12370.983476398196,629
572,2,93,94,2,20.0,1356.0,744.0,1.0,1.0,1355.0,743.0,1357.0,745.0,3.0,3.0,906.6700439453125,906.6636962890625,0.024742038070791603,0.012371019035395801,24742.0380707916,12371.0190353958,628
574,1,93,93,1,10.0,1635.0,2023.0,0.0,0.0,1635.0,2023.0,1635.0,2023.0,1.0,1.0,906.6700439453125,906.6700439453125,0.02474196695279639,0.02474196695279639,24741.966952796392,24741.966952796392,630
576,1,94,94,1,10.0,232.0,78.0,0.0,0.0,232.0,78.0,232.0,78.0,1.0,1.0,906.6573486328125,906.6573486328125,0.012371054594393407,0.012371054594393407,12371.054594393407,12371.054594393407,632
581,1,94,94,1,10.0,60.0,1703.0,0.0,0.0,60.0,1703.0,60.0,1703.0,1.0,1.0,906.6573486328125,906.6573486328125,0.012371054594393407,0.012371054594393407,12371.054594393407,12371.054594393407,637
579,1,94,94,1,10.0,923.0,228.0,0.0,0.0,923.0,228.0,923.0,228.0,1.0,1.0,906.6573486328125,906.6573486328125,0.012371054594393407,0.012371054594393407,12371.054594393407,12371.054594393407,635
580,1,94,94,1,10.0,1037.5,576.0,0.0,0.0,1037.5,576.0,1037.5,576.0,1.0,1.0,942.918212890625,942.918212890625,0.024742109188786814,0.024742109188786814,24742.109188786813,24742.109188786813,636
578,1,94,94,1,10.0,918.0,153.0,0.0,0.0,918.0,153.0,918.0,153.0,1.0,1.0,906.6573486328125,906.6573486328125,0.012371054594393407,0.012371054594393407,12371.054594393407,12371.054594393407,634
575,3,94,98,5,50.0,755.3333333333334,50.0,1.247219128924647,2.8284271247461903,754.0,48.0,757.0,54.0,4.0,7.0,906.6815185546875,906.6696370442709,0.037113661645472446,0.012371220548490816,37113.66164547244,12371.220548490815,631
577,4,94,99,6,60.0,214.29166666666666,117.91666666666666,1.9162137145944886,2.1131203888509935,212.66666666666666,116.0,217.5,121.33333333333333,5.833333333333343,6.333333333333329,979.9119873046875,961.5917053222656,0.12371282193478184,0.03092820548369546,123712.82193478184,30928.20548369546,633
584,5,95,99,5,50.0,1941.7904761904763,636.0538888888889,1.5479984882834825,3.2984431419222475,1940.0,631.0,1943.7333333333333,639.5694444444445,4.7333333333333485,9.569444444444457,1095.108642578125,973.6496826171875,0.9773382777528105,0.19546765555056209,977338.2777528105,195467.65555056208,640
586,1,95,95,1,10.0,1884.0,1630.0,0.0,0.0,1884.0,1630.0,1884.0,1630.0,1.0,1.0,942.9326782226562,942.9326782226562,0.012371125717806063,0.012371125717806063,12371.125717806062,12371.125717806062,642
582,4,95,99,5,50.0,638.5864743589743,124.57000000000001,0.6742579473656982,3.2107357817726214,637.8666666666667,120.8,639.2884615384615,127.96153846153845,2.421794871794873,8.161538461538456,1055.9857177734375,999.1096801757812,0.9402146583124188,0.2350536645781047,940214.6583124188,235053.6645781047,638
583,1,95,95,1,10.0,1869.0,283.0,0.0,0.0,1869.0,283.0,1869.0,283.0,1.0,1.0,906.65185546875,906.65185546875,0.012371125717806063,0.012371125717806063,12371.125717806062,12371.125717806062,639
585,3,95,97,3,30.0,630.3333333333334,1101.3333333333333,1.1785113019775793,0.6236095644623235,629.5,1100.5,632.0,1102.0,3.5,2.5,942.95068359375,942.9348347981771,0.061855913072221214,0.020618637690740405,61855.913072221214,20618.637690740405,641
588,1,96,96,1,10.0,1974.0,620.0,0.0,0.0,1974.0,620.0,1974.0,620.0,1.0,1.0,942.95068359375,942.95068359375,0.012371196838606229,0.012371196838606229,12371.196838606229,12371.196838606229,644
589,2,96,97,2,20.0,929.5,1423.0,0.5,1.0,929.0,1422.0,930.0,1424.0,2.0,3.0,979.9266967773438,943.2978515625,0.024742464798002857,0.012371232399001428,24742.464798002857,12371.232399001428,645
587,4,96,99,4,40.0,332.6910406403941,91.83990147783251,7.975235892312538,3.9739556974831736,324.9784482758621,85.5,346.0,96.43103448275862,22.021551724137908,11.93103448275862,1175.4814453125,1098.1420593261719,1.7567367659806552,0.4391841914951638,1756736.765980655,439184.1914951638,643
591,2,97,98,2,20.0,1806.5,236.0,0.5,2.0,1806.0,234.0,1807.0,238.0,2.0,5.0,942.921142578125,924.8013305664062,0.037113875010475667,0.018556937505237833,37113.87501047567,18556.937505237835,647
590,2,97,98,2,20.0,449.0,216.0,0.0,0.0,449.0,216.0,449.0,216.0,1.0,1.0,906.6815185546875,906.67578125,0.024742607051079037,0.012371303525539518,24742.607051079038,12371.303525539519,646
592,2,97,98,2,20.0,509.0,585.0,0.0,0.0,509.0,585.0,509.0,585.0,1.0,1.0,942.95068359375,942.9359130859375,0.024742607051079037,0.012371303525539518,24742.607051079038,12371.303525539519,648
593,2,97,98,2,20.0,212.5,778.5,0.5,0.5,212.0,778.0,213.0,779.0,2.0,2.0,906.6815185546875,906.67578125,0.024742607051079037,0.012371303525539518,24742.607051079038,12371.303525539519,649
596,1,97,97,1,10.0,3.867555555555555,1758.0423703703702,0.0,0.0,3.867555555555555,1758.0423703703702,3.867555555555555,1758.0423703703702,1.0,1.0,1055.9857177734375,1055.9857177734375,1.6701211745185447,1.6701211745185447,1670121.1745185447,1670121.1745185447,652
594,1,97,97,1,10.0,601.0,1291.0,0.0,0.0,601.0,1291.0,601.0,1291.0,1.0,1.0,906.6700439453125,906.6700439453125,0.012371267959396628,0.012371267959396628,12371.267959396628,12371.267959396628,650
595,1,97,97,1,10.0,695.0,1422.0,0.0,0.0,695.0,1422.0,695.0,1422.0,1.0,1.0,906.6700439453125,906.6700439453125,0.012371267959396628,0.012371267959396628,12371.267959396628,12371.267959396628,651
597,3,97,99,3,30.0,581.4166666666666,1906.9666666666665,1.8683028543455291,0.5312459150169572,579.5,1906.3,583.95,1907.6,5.4500000000000455,2.2999999999999545,979.9266967773438,955.2690633138021,0.173198889523753,0.05773296317458434,173198.889523753,57732.963174584336,653
598,1,97,97,1,10.0,1156.0,2037.5,0.0,0.0,1156.0,2037.5,1156.0,2037.5,1.0,1.0,1017.6149291992188,1017.6149291992188,0.024742535918793256,0.024742535918793256,24742.535918793255,24742.535918793255,654
605,2,98,99,2,20.0,1853.2046830484328,1413.5446492165242,0.5892984330483841,0.14765847578337343,1852.6153846153845,1413.3969907407409,1853.7939814814813,1413.6923076923076,2.1785968660967683,1.2953169515667469,1344.7197265625,1280.7174682617188,2.7340733366574312,1.3670366683287156,2734073.3366574314,1367036.6683287157,661
599,1,98,98,1,10.0,698.5,134.5,0.0,0.0,698.5,134.5,698.5,134.5,1.0,1.0,1479.117431640625,1479.117431640625,0.04948535636672964,0.04948535636672964,49485.35636672964,49485.35636672964,655
602,1,98,98,1,10.0,1330.0,763.0,0.0,0.0,1330.0,763.0,1330.0,763.0,1.0,1.0,1017.5852661132812,1017.5852661132812,0.01237133909168241,0.01237133909168241,12371.33909168241,12371.33909168241,658
601,1,98,98,1,10.0,499.0,665.5,0.0,0.0,499.0,665.5,499.0,665.5,1.0,1.0,906.6815185546875,906.6815185546875,0.02474267818336482,0.02474267818336482,24742.67818336482,24742.67818336482,657
603,1,98,98,1,10.0,282.0,806.0,0.0,0.0,282.0,806.0,282.0,806.0,1.0,1.0,942.95068359375,942.95068359375,0.01237133909168241,0.01237133909168241,12371.33909168241,12371.33909168241,659
604,1,98,98,1,10.0,1394.0,1301.0,0.0,0.0,1394.0,1301.0,1394.0,1301.0,1.0,1.0,1055.990234375,1055.990234375,0.01237133909168241,0.01237133909168241,12371.33909168241,12371.33909168241,660
600,1,98,98,1,10.0,506.25,607.5,0.0,0.0,506.25,607.5,506.25,607.5,1.0,1.0,942.95068359375,942.95068359375,0.037114017275047234,0.037114017275047234,37114.017275047234,37114.017275047234,656
609,1,99,99,1,10.0,1880.0,396.0,0.0,0.0,1880.0,396.0,1880.0,396.0,1.0,1.0,2599.08984375,2599.08984375,0.012371410220486436,0.012371410220486436,12371.410220486436,12371.410220486436,665
607,1,99,99,1,10.0,482.5,147.0,0.0,0.0,482.5,147.0,482.5,147.0,1.0,1.0,942.9298095703125,942.9298095703125,0.02474282044097287,0.02474282044097287,24742.82044097287,24742.82044097287,663
610,1,99,99,1,10.0,1938.0,666.0,0.0,0.0,1938.0,666.0,1938.0,666.0,1.0,1.0,906.6842041015625,906.6842041015625,0.012371410220486436,0.012371410220486436,12371.410220486436,12371.410220486436,666
612,1,99,99,1,10.0,993.0,1917.6666666666667,0.0,0.0,993.0,1917.6666666666667,993.0,1917.6666666666667,1.0,1.0,1095.108642578125,1095.108642578125,0.03711423066145931,0.03711423066145931,37114.23066145931,37114.23066145931,668
611,1,99,99,1,10.0,1279.0,1852.0,0.0,0.0,1279.0,1852.0,1279.0,1852.0,1.0,1.0,906.6842041015625,906.6842041015625,0.012371410220486436,0.012371410220486436,12371.410220486436,12371.410220486436,667
608,1,99,99,1,10.0,408.5,166.5,0.0,0.0,408.5,166.5,408.5,166.5,1.0,1.0,906.6842041015625,906.6842041015625,0.02474282044097287,0.02474282044097287,24742.82044097287,24742.82044097287,664
606,1,99,99,1,10.0,358.0,116.0,0.0,0.0,358.0,116.0,358.0,116.0,1.0,1.0,906.6842041015625,906.6842041015625,0.012371410220486436,0.012371410220486436,12371.410220486436,12371.410220486436,662
