event_id,n_detections,frame_start,frame_end,total_lifetime_frames,total_lifetime_seconds,active_frames,active_seconds,duty_cycle,x_centroid,y_centroid,x_std,y_std,bbox_x1,bbox_y1,bbox_x2,bbox_y2,bbox_width_px,bbox_height_px,peak_intensity,mean_intensity,total_area_Mm2,mean_detection_area_Mm2,total_area_km2,mean_detection_area_km2,original_cluster_id
17,15,0,14,15,75.0,15,75.0,1.0,631.5347619047619,540.858783068783,2.6329991751013977,2.107389098031868,627.0,538.9166666666667,635.0,546.3,9.0,8.383333333333212,1337.9183349609375,1302.831876627604,2.712012095356612,0.18080080635710746,2712012.095356612,180800.80635710747,16
18,1,0,0,1,5.0,1,5.0,1.0,1400.0,606.0,0.0,0.0,1400.0,606.0,1400.0,606.0,1.0,1.0,1284.3875732421875,1284.3875732421875,0.0393046646006855,0.0393046646006855,39304.6646006855,39304.6646006855,17
19,1,0,0,1,5.0,1,5.0,1.0,978.0,662.3333333333334,0.0,0.0,978.0,662.3333333333334,978.0,662.3333333333334,1.0,1.0,1284.1881103515625,1284.1881103515625,0.1179139938020565,0.1179139938020565,117913.9938020565,117913.9938020565,18
20,6,0,6,7,35.0,6,30.0,0.8571428571428571,960.7777777777777,680.4444444444445,1.1166528467912162,1.9759354715309783,959.6666666666666,677.5,963.0,683.0,4.333333333333371,6.5,1289.67529296875,1279.8992919921875,0.3930456851691808,0.06550761419486346,393045.6851691808,65507.61419486346,19
21,8,0,9,10,50.0,8,40.0,0.8,1225.6770833333335,670.6666666666667,0.8105612553108444,1.64147630029935,1224.25,668.5,1227.0,673.0,3.75,5.5,1325.490478515625,1305.8253021240234,0.668176800031156,0.0835221000038945,668176.8000311559,83522.10000389449,20
22,10,0,11,12,60.0,10,50.0,0.8333333333333334,2020.8545614035088,794.2618899521531,0.8048911297103192,2.1815470843927813,2019.375,790.0,2022.0,797.625,3.625,8.625,1335.436767578125,1318.3797485351563,4.4414143782416025,0.44414143782416027,4441414.378241602,444141.43782416027,21
23,4,0,5,6,30.0,4,20.0,0.6666666666666666,96.5,1014.875,0.5,1.8157298807917437,96.0,1012.0,97.0,1017.0,2.0,6.0,1292.935791015625,1281.2979431152344,0.19652297709615116,0.04913074427403779,196522.97709615115,49130.74427403779,22
40,1,0,0,1,5.0,1,5.0,1.0,1464.8166666666666,1593.7722222222221,0.0,0.0,1464.8166666666666,1593.7722222222221,1464.8166666666666,1593.7722222222221,1.0,1.0,1318.42041015625,1318.42041015625,1.0612259442185086,1.0612259442185086,1061225.9442185087,1061225.9442185087,47
41,1,0,0,1,5.0,1,5.0,1.0,927.0,1787.0,0.0,0.0,927.0,1787.0,927.0,1787.0,1.0,1.0,1295.15576171875,1295.15576171875,0.0393046646006855,0.0393046646006855,39304.6646006855,39304.6646006855,48
42,5,0,8,9,45.0,5,25.0,0.5555555555555556,946.4333333333334,1800.1,1.2849556844930772,2.8447807960856415,945.0,1797.25,948.5,1805.25,4.5,9.0,1295.271240234375,1286.92724609375,0.6681774533802477,0.13363549067604955,668177.4533802477,133635.49067604955,49
43,3,0,4,5,25.0,3,15.0,0.6,1974.5833333333333,1830.0833333333333,1.3591255358583407,1.296362432175337,1972.75,1828.25,1976.0,1831.0,4.25,3.75,1298.481689453125,1272.0493977864583,0.19652282337378704,0.06550760779126234,196522.82337378705,65507.607791262344,50
44,1,0,0,1,5.0,1,5.0,1.0,1135.0,1868.0,0.0,0.0,1135.0,1868.0,1135.0,1868.0,1.0,1.0,1263.4715576171875,1263.4715576171875,0.0393046646006855,0.0393046646006855,39304.6646006855,39304.6646006855,51
45,1,0,0,1,5.0,1,5.0,1.0,1149.825,1889.275,0.0,0.0,1149.825,1889.275,1149.825,1889.275,1.0,1.0,1324.2254638671875,1324.2254638671875,0.8253979566143954,0.8253979566143954,825397.9566143954,825397.9566143954,52
46,1,0,0,1,5.0,1,5.0,1.0,923.5625,1923.375,0.0,0.0,923.5625,1923.375,923.5625,1923.375,1.0,1.0,1313.4129638671875,1313.4129638671875,0.35374198140616947,0.35374198140616947,353741.9814061695,353741.9814061695,53
47,10,0,15,16,80.0,10,50.0,0.625,1318.705,1933.8933333333334,1.2341900177849434,1.6522409025320792,1316.0,1931.5,1320.5,1936.5,5.5,6.0,1319.825439453125,1304.0619873046876,1.3363534079482902,0.13363534079482903,1336353.4079482902,133635.34079482904,54
48,10,0,9,10,50.0,10,50.0,1.0,674.87040318381,1939.9737615759154,0.6622298499551637,3.063029313998528,673.3888888888889,1935.8636363636363,675.6818181818181,1944.8030303030303,3.292929292929216,9.939393939393995,1327.260986328125,1325.5267456054687,8.214637851754492,0.8214637851754493,8214637.851754492,821463.7851754492,55
49,1,0,0,1,5.0,1,5.0,1.0,510.5,2012.5,0.0,0.0,510.5,2012.5,510.5,2012.5,1.0,1.0,1327.7705078125,1327.7705078125,0.157218658402742,0.157218658402742,157218.658402742,157218.658402742,57
50,1,0,0,1,5.0,1,5.0,1.0,952.5,2011.5,0.0,0.0,952.5,2011.5,952.5,2011.5,1.0,1.0,1309.5576171875,1309.5576171875,0.078609329201371,0.078609329201371,78609.329201371,78609.329201371,58
51,50,0,49,50,250.0,50,250.0,1.0,197.48,2023.506666666667,0.09797958971132711,0.07423685817107051,197.0,2023.3333333333333,197.5,2024.0,1.5,1.6666666666667425,1963.6666259765625,1638.0266284179688,3.9303711877211023,0.07860742375442205,3930371.1877211025,78607.42375442205,59
12,1,0,0,1,5.0,1,5.0,1.0,535.6,301.2,0.0,0.0,535.6,301.2,535.6,301.2,1.0,1.0,1300.85009765625,1300.85009765625,0.19652332300342748,0.19652332300342748,196523.32300342747,196523.32300342747,11
13,1,0,0,1,5.0,1,5.0,1.0,513.5,306.5,0.0,0.0,513.5,306.5,513.5,306.5,1.0,1.0,1277.496826171875,1277.496826171875,0.078609329201371,0.078609329201371,78609.329201371,78609.329201371,12
14,10,0,10,11,55.0,10,50.0,0.9090909090909091,213.46062937062933,375.3957664557665,0.49117636895229605,1.473802107646178,212.5,373.54545454545456,214.0909090909091,378.2857142857143,2.5909090909090935,5.740259740259717,1312.744384765625,1307.6121459960937,3.4587996849984703,0.34587996849984703,3458799.6849984704,345879.96849984705,13
15,4,0,4,5,25.0,4,20.0,0.8,1565.8750825928457,387.05865658464336,1.0332422440474656,1.7069293121971634,1564.1309523809525,384.4912280701754,1566.7545454545455,389.27976190476187,3.6235930735929287,5.788533834586474,1329.609619140625,1327.3474731445312,4.0483732282760165,1.0120933070690041,4048373.2282760167,1012093.3070690042,14
16,5,0,5,6,30.0,5,25.0,0.8333333333333334,1580.9666666666667,405.4547619047619,1.69197452042809,1.8926160373548044,1578.0833333333333,402.25,1583.0,408.0,5.9166666666667425,6.75,1308.535400390625,1298.911865234375,0.9433091063408647,0.18866182126817294,943309.1063408648,188661.82126817293,15
24,1,0,0,1,5.0,1,5.0,1.0,780.0,1029.0,0.0,0.0,780.0,1029.0,780.0,1029.0,1.0,1.0,1299.719970703125,1299.719970703125,0.0393046646006855,0.0393046646006855,39304.6646006855,39304.6646006855,23
25,1,0,0,1,5.0,1,5.0,1.0,677.0,1055.0,0.0,0.0,677.0,1055.0,677.0,1055.0,1.0,1.0,1295.44384765625,1295.44384765625,0.0393046646006855,0.0393046646006855,39304.6646006855,39304.6646006855,25
26,18,0,20,21,105.0,18,90.0,0.8571428571428571,1980.1948688271602,1106.5204089506174,2.294979240946544,2.876827592934444,1974.875,1100.5,1982.6666666666667,1110.875,8.791666666666742,11.375,1331.056396484375,1301.2889607747395,3.733921845157537,0.20744010250875206,3733921.8451575367,207440.10250875205,26
27,2,0,1,2,10.0,2,10.0,1.0,565.0,1142.5833333333335,1.0,1.9166666666666288,564.0,1140.6666666666667,566.0,1144.5,3.0,4.8333333333332575,1315.14111328125,1308.369140625,0.19652320769584408,0.09826160384792204,196523.2076958441,98261.60384792204,27
28,25,0,25,26,130.0,25,125.0,0.9615384615384616,1950.6159999999998,1136.3466666666666,2.529196095380667,1.8422027877275424,1947.5,1131.0,1957.1666666666665,1140.0,10.666666666666515,10.0,1294.477783203125,1271.2769091796874,1.8865998421523567,0.07546399368609427,1886599.8421523566,75463.99368609427,28
29,11,0,12,13,65.0,11,55.0,0.8461538461538461,1866.5383780991738,1394.0113021448249,2.690805514435597,2.5819657566773184,1861.15625,1390.75,1869.8636363636365,1400.15625,9.707386363636488,10.40625,1335.552490234375,1320.6930486505682,5.266807569230364,0.4788006881118513,5266807.569230365,478800.6881118513,32
30,6,0,5,6,30.0,6,30.0,1.0,447.5222222222222,1397.6555555555558,0.688978488796781,1.9688939051854524,446.3333333333333,1395.5,448.0,1401.3333333333333,2.6666666666666856,6.8333333333332575,1338.716064453125,1304.4911702473958,0.9433106436279088,0.15721844060465148,943310.6436279089,157218.4406046515,33
31,1,0,0,1,5.0,1,5.0,1.0,534.0,1427.0,0.0,0.0,534.0,1427.0,534.0,1427.0,1.0,1.0,1338.0069580078125,1338.0069580078125,0.0393046646006855,0.0393046646006855,39304.6646006855,39304.6646006855,36
32,1,0,0,1,5.0,1,5.0,1.0,1579.0,1427.0,0.0,0.0,1579.0,1427.0,1579.0,1427.0,1.0,1.0,1296.839599609375,1296.839599609375,0.0393046646006855,0.0393046646006855,39304.6646006855,39304.6646006855,37
33,1,0,0,1,5.0,1,5.0,1.0,1688.0,1457.0,0.0,0.0,1688.0,1457.0,1688.0,1457.0,1.0,1.0,1268.4124755859375,1268.4124755859375,0.0393046646006855,0.0393046646006855,39304.6646006855,39304.6646006855,38
34,1,0,0,1,5.0,1,5.0,1.0,1519.0,1467.0,0.0,0.0,1519.0,1467.0,1519.0,1467.0,1.0,1.0,1261.85400390625,1261.85400390625,0.0393046646006855,0.0393046646006855,39304.6646006855,39304.6646006855,39
35,44,0,45,46,230.0,44,220.0,0.9565217391304348,1363.0371250476664,1516.1156124145657,2.5877230093492596,2.951513781572666,1358.75,1509.25,1367.5,1522.9,9.75,14.650000000000091,1337.50244140625,1303.0854353471236,12.616400184066192,0.2867363678196862,12616400.184066191,286736.3678196862,41
36,31,0,30,31,155.0,31,155.0,1.0,1153.8629619589774,1518.0342504743835,1.0192306109120097,1.962773328921324,1152.25,1514.25,1157.8333333333333,1521.8,6.5833333333332575,8.549999999999955,1321.941162109375,1315.1573761970767,8.135972335462743,0.26245072049879814,8135972.3354627425,262450.7204987981,42
37,1,0,0,1,5.0,1,5.0,1.0,1260.09375,1536.03125,0.0,0.0,1260.09375,1536.03125,1260.09375,1536.03125,1.0,1.0,1334.8607177734375,1334.8607177734375,0.6681792982116534,0.6681792982116534,668179.2982116535,668179.2982116535,43
38,1,0,0,1,5.0,1,5.0,1.0,1455.1666666666667,1577.4166666666667,0.0,0.0,1455.1666666666667,1577.4166666666667,1455.1666666666667,1577.4166666666667,1.0,1.0,1304.528076171875,1304.528076171875,0.23582798760411297,0.23582798760411297,235827.98760411298,235827.98760411298,44
39,13,0,24,25,125.0,13,65.0,0.52,1511.7692307692307,1573.4807692307693,1.8040060614705498,1.5946471108944522,1509.0,1570.0,1515.0,1576.0,7.0,7.0,1308.68212890625,1278.6487755408655,0.7860850290292545,0.0604680791560965,786085.0290292545,60468.0791560965,45
1,1,0,0,1,5.0,1,5.0,1.0,984.0,43.0,0.0,0.0,984.0,43.0,984.0,43.0,1.0,1.0,1271.82470703125,1271.82470703125,0.0393046646006855,0.0393046646006855,39304.6646006855,39304.6646006855,0
2,21,0,24,25,125.0,21,105.0,0.84,534.5113378684808,59.79563492063492,0.9170124520125381,1.8223836414318275,533.0,56.0,536.0,64.0,4.0,9.0,1356.856201171875,1324.1585460844494,2.711984616598783,0.12914212459994204,2711984.616598783,129142.12459994204,1
3,1,0,0,1,5.0,1,5.0,1.0,687.0,84.0,0.0,0.0,687.0,84.0,687.0,84.0,1.0,1.0,1285.9384765625,1285.9384765625,0.0393046646006855,0.0393046646006855,39304.6646006855,39304.6646006855,2
4,1,0,0,1,5.0,1,5.0,1.0,707.0,94.0,0.0,0.0,707.0,94.0,707.0,94.0,1.0,1.0,1263.626708984375,1263.626708984375,0.0393046646006855,0.0393046646006855,39304.6646006855,39304.6646006855,3
5,15,0,15,16,80.0,15,75.0,0.9375,341.7668278018279,100.34632178932179,1.4309795069631221,2.646309950161578,339.4166666666667,95.0,344.0,104.21666666666667,5.583333333333314,10.216666666666669,1344.284912109375,1316.4958902994792,4.873754774158032,0.3249169849438688,4873754.774158032,324916.98494386877,4
6,44,0,48,49,245.0,44,220.0,0.8979591836734694,703.5928384809635,110.10104562104561,1.8999887868661407,2.773265021884953,700.75,105.0,709.5,115.4,9.75,11.400000000000006,1347.19873046875,1323.019581187855,10.690648710476273,0.24296928887446076,10690648.710476274,242969.28887446076,5
7,31,0,32,33,165.0,31,155.0,0.9393939393939394,675.0645217935242,111.94144740988119,1.8227009302893133,2.267949661542995,671.5833333333334,108.0,678.8571428571428,115.875,8.273809523809405,8.875,1355.0693359375,1315.4088056010585,13.009597133702982,0.4196644236678381,13009597.133702982,419664.4236678381,6
8,26,0,28,29,145.0,26,130.0,0.896551724137931,256.09337427642083,168.25376387838435,1.1978356043845537,1.7240020621065921,254.0,165.10526315789474,258.44444444444446,172.0,5.444444444444457,7.89473684210526,1321.633056640625,1309.180419921875,9.354420627383607,0.35978540874552334,9354420.627383608,359785.40874552337,7
9,3,0,4,5,25.0,3,15.0,0.6,239.0,174.0,0.816496580927726,1.632993161855452,238.0,172.0,240.0,176.0,3.0,5.0,1323.8822021484375,1283.7275797526042,0.11791380163493559,0.03930460054497853,117913.80163493559,39304.60054497853,8
10,1,0,0,1,5.0,1,5.0,1.0,280.0,232.0,0.0,0.0,280.0,232.0,280.0,232.0,1.0,1.0,1296.21923828125,1296.21923828125,0.0393046646006855,0.0393046646006855,39304.6646006855,39304.6646006855,9
11,40,0,40,41,205.0,40,200.0,0.975609756097561,1550.6022926032301,288.4973876470752,2.843784547756969,2.307918364688881,1544.0,284.2307692307692,1556.0833333333335,293.25,13.083333333333485,10.019230769230774,1333.1536865234375,1322.0166229248048,10.14044770161973,0.25351119254049326,10140447.70161973,253511.19254049327,10
52,1,1,1,1,5.0,1,5.0,1.0,2013.0,24.0,0.0,0.0,2013.0,24.0,2013.0,24.0,1.0,1.0,1257.5323486328125,1257.5323486328125,0.03930462616482436,0.03930462616482436,39304.62616482436,39304.62616482436,60
53,7,1,14,14,70.0,7,35.0,0.5,655.1904761904763,94.54761904761904,1.001699236569647,1.4439646857196486,654.0,93.0,657.0,97.0,4.0,5.0,1325.112060546875,1281.7982526506696,0.5895674324060669,0.08422391891515242,589567.4324060669,84223.91891515242,61
54,4,1,8,8,40.0,4,20.0,0.5,156.625,368.875,1.0825317547305484,1.5155444566227676,155.0,367.0,158.0,371.0,4.0,5.0,1278.00244140625,1268.310302734375,0.2358272573465913,0.058956814336647824,235827.2573465913,58956.814336647825,63
55,1,1,1,1,5.0,1,5.0,1.0,422.0,501.0,0.0,0.0,422.0,501.0,422.0,501.0,1.0,1.0,1315.381591796875,1315.381591796875,0.03930462616482436,0.03930462616482436,39304.62616482436,39304.62616482436,64
56,1,1,1,1,5.0,1,5.0,1.0,1995.0,1096.0,0.0,0.0,1995.0,1096.0,1995.0,1096.0,1.0,1.0,1258.566162109375,1258.566162109375,0.03930462616482436,0.03930462616482436,39304.62616482436,39304.62616482436,65
57,1,1,1,1,5.0,1,5.0,1.0,1589.0,1434.0,0.0,0.0,1589.0,1434.0,1589.0,1434.0,1.0,1.0,1255.6484375,1255.6484375,0.03930462616482436,0.03930462616482436,39304.62616482436,39304.62616482436,66
58,6,1,6,6,30.0,6,30.0,1.0,1267.0400271512115,1534.8842366332499,1.1910957091894343,1.9986723268327027,1265.4166666666667,1532.2631578947369,1268.6842105263158,1538.2,4.267543859649095,6.9368421052631675,1342.008056640625,1337.0631917317708,3.9697570963561004,0.6616261827260167,3969757.0963561004,661626.1827260167,67
59,1,1,1,1,5.0,1,5.0,1.0,1458.0,1608.0,0.0,0.0,1458.0,1608.0,1458.0,1608.0,1.0,1.0,1275.24560546875,1275.24560546875,0.03930462616482436,0.03930462616482436,39304.62616482436,39304.62616482436,68
60,2,2,3,2,10.0,2,10.0,1.0,704.0357142857142,101.3125,0.6071428571428328,1.4017857142857224,703.4285714285714,99.91071428571428,704.6428571428571,102.71428571428572,2.2142857142856656,3.803571428571445,1332.882568359375,1328.05419921875,0.7467868593730879,0.37339342968654393,746786.8593730879,373393.42968654394,70
61,1,2,2,1,5.0,1,5.0,1.0,63.0,614.0,0.0,0.0,63.0,614.0,63.0,614.0,1.0,1.0,1303.5191650390625,1303.5191650390625,0.03930458772966766,0.03930458772966766,39304.58772966766,39304.58772966766,71
62,8,2,14,13,65.0,8,40.0,0.6153846153846154,980.75,657.625,0.9682458365518543,1.1110243021644486,980.0,656.0,983.0,659.0,4.0,4.0,1284.114501953125,1268.5216522216797,0.3144345496644326,0.03930431870805408,314434.54966443265,39304.31870805408,72
63,1,2,2,1,5.0,1,5.0,1.0,569.0,1135.0,0.0,0.0,569.0,1135.0,569.0,1135.0,1.0,1.0,1253.52392578125,1253.52392578125,0.03930458772966766,0.03930458772966766,39304.58772966766,39304.58772966766,73
64,1,2,2,1,5.0,1,5.0,1.0,451.0,1358.0,0.0,0.0,451.0,1358.0,451.0,1358.0,1.0,1.0,1300.1812744140625,1300.1812744140625,0.03930458772966766,0.03930458772966766,39304.58772966766,39304.58772966766,74
65,32,2,35,34,170.0,32,160.0,0.9411764705882353,533.9145833333332,1424.05,1.2127773880871764,1.9383555458744404,531.5,1420.0,536.0,1427.5,5.5,8.5,1347.355224609375,1329.9926452636719,3.2622280148918517,0.10194462546537036,3262228.0148918517,101944.62546537037,75
66,6,2,9,8,40.0,6,30.0,0.75,1581.3055555555554,1422.0555555555554,0.36535962327682975,1.4582671942673986,1581.0,1419.0,1582.0,1423.3333333333333,2.0,5.3333333333332575,1332.1328125,1289.747090657552,0.3537400597385263,0.05895667662308771,353740.0597385263,58956.67662308771,76
67,3,2,4,3,15.0,3,15.0,1.0,1577.0,1438.5,0.408248290463863,0.7071067811865476,1576.5,1438.0,1577.5,1439.5,2.0,2.5,1279.83984375,1274.3734130859375,0.19652274649152973,0.06550758216384324,196522.74649152975,65507.58216384324,77
68,1,2,2,1,5.0,1,5.0,1.0,1526.0,1451.0,0.0,0.0,1526.0,1451.0,1526.0,1451.0,1.0,1.0,1267.310791015625,1267.310791015625,0.03930458772966766,0.03930458772966766,39304.58772966766,39304.58772966766,78
69,1,2,2,1,5.0,1,5.0,1.0,1547.0,1454.0,0.0,0.0,1547.0,1454.0,1547.0,1454.0,1.0,1.0,1262.5216064453125,1262.5216064453125,0.03930458772966766,0.03930458772966766,39304.58772966766,39304.58772966766,79
70,7,2,9,8,40.0,7,35.0,0.875,62.952380952380956,1496.1190476190475,0.11664236870396169,1.4439646857196315,62.666666666666664,1494.0,63.0,1498.3333333333333,1.3333333333333357,5.3333333333332575,1303.56689453125,1290.6043875558037,0.3930445706090061,0.056149224372715155,393044.5706090061,56149.22437271516,80
71,7,2,8,7,35.0,7,35.0,1.0,1676.0714285714287,1570.9880952380952,1.3703410039549098,2.3198712725253494,1674.0,1566.5,1678.3333333333333,1574.0,5.3333333333332575,8.5,1310.447021484375,1287.0186418805804,0.7467844766300862,0.10668349666144088,746784.4766300862,106683.49666144088,81
72,10,2,16,15,75.0,10,50.0,0.6666666666666666,1459.4145844446002,1580.6512413502676,1.606310346806788,2.9607897764265925,1456.5227272727273,1575.2314814814813,1461.0925925925924,1583.892857142857,5.56986531986513,9.661375661375814,1319.009521484375,1315.5581787109375,9.668850911123009,0.9668850911123009,9668850.91112301,966885.0911123009,82
73,2,2,5,4,20.0,2,10.0,0.5,1544.0,1582.5,0.0,0.5,1544.0,1582.0,1544.0,1583.0,1.0,2.0,1312.0089111328125,1298.21533203125,0.07860906016581695,0.039304530082908476,78609.06016581695,39304.53008290847,83
74,1,2,2,1,5.0,1,5.0,1.0,1389.0,1764.0,0.0,0.0,1389.0,1764.0,1389.0,1764.0,1.0,1.0,1293.6507568359375,1293.6507568359375,0.03930458772966766,0.03930458772966766,39304.58772966766,39304.58772966766,84
75,1,2,2,1,5.0,1,5.0,1.0,1939.0,1815.0,0.0,0.0,1939.0,1815.0,1939.0,1815.0,1.0,1.0,1260.51416015625,1260.51416015625,0.03930458772966766,0.03930458772966766,39304.58772966766,39304.58772966766,85
76,2,2,3,2,10.0,2,10.0,1.0,1997.5,1819.0,0.5,0.0,1997.0,1819.0,1998.0,1819.0,2.0,1.0,1277.7354736328125,1265.5596313476562,0.07860913702301062,0.03930456851150531,78609.13702301061,39304.568511505306,86
77,2,2,4,3,15.0,2,10.0,0.6666666666666666,1009.8333333333333,1880.0,0.16666666666668561,1.0,1009.6666666666666,1879.0,1010.0,1881.0,1.3333333333333712,3.0,1294.8681640625,1277.6790161132812,0.15721812033794486,0.07860906016897243,157218.12033794486,78609.06016897243,87
78,2,2,4,3,15.0,2,10.0,0.6666666666666666,543.0,1950.75,0.0,0.75,543.0,1950.0,543.0,1951.5,1.0,2.5,1298.4156494140625,1293.4352416992188,0.11791360946851913,0.058956804734259564,117913.60946851913,58956.80473425957,88
79,40,3,44,42,210.0,40,200.0,0.9523809523809523,973.6659431193806,43.796514769952275,3.1322787100103495,2.709655157515058,969.5,38.0,983.5,49.666666666666664,15.0,12.666666666666664,1335.96630859375,1311.3551300048828,13.088205694185842,0.32720514235464604,13088205.694185842,327205.14235464606,89
80,2,3,4,2,10.0,2,10.0,1.0,619.5,106.5,0.5,0.5,619.0,106.0,620.0,107.0,2.0,2.0,1293.312744140625,1282.92529296875,0.07860906016276868,0.03930453008138434,78609.06016276868,39304.53008138434,90
81,1,3,3,1,5.0,1,5.0,1.0,251.4888888888889,168.1888888888889,0.0,0.0,251.4888888888889,168.1888888888889,251.4888888888889,168.1888888888889,1.0,1.0,1313.47607421875,1313.47607421875,0.707481887280173,0.707481887280173,707481.887280173,707481.887280173,91
82,23,3,27,25,125.0,23,115.0,0.92,533.1914543534806,293.0884035679489,3.8128466597867954,4.02026810783174,525.3775510204081,286.43877551020404,539.0,300.0,14.622448979591923,14.561224489795961,1336.074462890625,1311.9251762058425,9.079193740357693,0.39474755392859534,9079193.740357693,394747.5539285953,92
83,3,3,8,6,30.0,3,15.0,0.5,1572.3772402820778,394.65339482284145,1.1216968242404408,1.53497330509392,1571.3491228070175,393.5019607843137,1573.9375,396.8228070175439,3.5883771929825343,4.3208462332301565,1328.8843994140625,1327.5957845052083,3.3015726480979826,1.100524216032661,3301572.6480979826,1100524.216032661,93
84,1,3,3,1,5.0,1,5.0,1.0,1980.5,442.5,0.0,0.0,1980.5,442.5,1980.5,442.5,1.0,1.0,1257.8203125,1257.8203125,0.0786090985866859,0.0786090985866859,78609.0985866859,78609.0985866859,94
85,1,3,3,1,5.0,1,5.0,1.0,84.0,615.0,0.0,0.0,84.0,615.0,84.0,615.0,1.0,1.0,1268.57958984375,1268.57958984375,0.03930454929334295,0.03930454929334295,39304.54929334295,39304.54929334295,95
86,2,3,6,4,20.0,2,10.0,0.5,543.5,1139.5,0.5,1.5,543.0,1138.0,544.0,1141.0,2.0,4.0,1278.3558349609375,1271.7029418945312,0.07860898329504686,0.03930449164752343,78608.98329504686,39304.49164752343,96
87,12,3,16,14,70.0,12,60.0,0.8571428571428571,550.2027777777778,1184.7833333333335,2.1735982427734086,1.511591018565365,547.0,1182.3333333333333,552.0,1187.4,6.0,6.066666666666833,1296.584228515625,1277.5995279947917,1.1791313674965076,0.09826094729137563,1179131.3674965077,98260.94729137563,97
88,1,3,3,1,5.0,1,5.0,1.0,475.0,1267.0,0.0,0.0,475.0,1267.0,475.0,1267.0,1.0,1.0,1303.8857421875,1303.8857421875,0.03930454929334295,0.03930454929334295,39304.54929334295,39304.54929334295,99
89,1,3,3,1,5.0,1,5.0,1.0,1751.0,1349.0,0.0,0.0,1751.0,1349.0,1751.0,1349.0,1.0,1.0,1292.72802734375,1292.72802734375,0.03930454929334295,0.03930454929334295,39304.54929334295,39304.54929334295,100
90,1,3,3,1,5.0,1,5.0,1.0,1893.0,1631.0,0.0,0.0,1893.0,1631.0,1893.0,1631.0,1.0,1.0,1283.4830322265625,1283.4830322265625,0.03930454929334295,0.03930454929334295,39304.54929334295,39304.54929334295,101
91,1,3,3,1,5.0,1,5.0,1.0,408.0,1741.0,0.0,0.0,408.0,1741.0,408.0,1741.0,1.0,1.0,1280.6138916015625,1280.6138916015625,0.03930454929334295,0.03930454929334295,39304.54929334295,39304.54929334295,102
92,1,3,3,1,5.0,1,5.0,1.0,670.0,1886.0,0.0,0.0,670.0,1886.0,670.0,1886.0,1.0,1.0,1302.77001953125,1302.77001953125,0.03930454929334295,0.03930454929334295,39304.54929334295,39304.54929334295,103
93,2,3,6,4,20.0,2,10.0,0.5,881.5,1928.0,0.5,0.0,881.0,1928.0,882.0,1928.0,2.0,1.0,1267.1981201171875,1263.7846069335938,0.07860898329504686,0.03930449164752343,78608.98329504686,39304.49164752343,104
94,1,3,3,1,5.0,1,5.0,1.0,1138.0,1953.0,0.0,0.0,1138.0,1953.0,1138.0,1953.0,1.0,1.0,1305.745361328125,1305.745361328125,0.03930454929334295,0.03930454929334295,39304.54929334295,39304.54929334295,105
95,1,3,3,1,5.0,1,5.0,1.0,671.0,1965.0,0.0,0.0,671.0,1965.0,671.0,1965.0,1.0,1.0,1253.0118408203125,1253.0118408203125,0.03930454929334295,0.03930454929334295,39304.54929334295,39304.54929334295,106
96,8,3,17,15,75.0,8,40.0,0.5333333333333333,701.225,2005.925,0.4520785330006335,1.3423393758658924,700.8,2004.0,702.0,2007.5,2.2000000000000455,4.5,1328.646240234375,1314.1098022460938,0.7860881804260764,0.09826102255325955,786088.1804260764,98261.02255325955,107
97,2,3,4,2,10.0,2,10.0,1.0,954.25,2006.5,0.25,0.5,954.0,2006.0,954.5,2007.0,1.5,2.0,1287.83984375,1274.135986328125,0.11791360945611162,0.05895680472805581,117913.60945611162,58956.80472805581,108
98,12,3,16,14,70.0,12,60.0,0.8571428571428571,1213.7791666666667,2020.6208333333334,0.7977725065594984,1.1824160176895786,1212.5,2019.0,1215.75,2022.5,4.25,4.5,1340.671630859375,1334.4993896484375,1.3756527304060582,0.11463772753383818,1375652.7304060583,114637.72753383817,109
99,2,4,5,2,10.0,2,10.0,1.0,746.0,105.0,0.0,1.0,746.0,104.0,746.0,106.0,1.0,3.0,1284.60205078125,1269.3099975585938,0.07860898330557502,0.03930449165278751,78608.98330557502,39304.49165278751,111
100,1,4,4,1,5.0,1,5.0,1.0,1086.0,310.0,0.0,0.0,1086.0,310.0,1086.0,310.0,1.0,1.0,1331.4820556640625,1331.4820556640625,0.039304510869425734,0.039304510869425734,39304.510869425736,39304.510869425736,112
101,4,4,7,4,20.0,4,20.0,1.0,587.5,530.875,1.1726039399558574,0.21650635094610965,585.5,530.5,588.5,531.0,4.0,1.5,1300.970458984375,1279.4048461914062,0.27513123018334007,0.06878280754583502,275131.2301833401,68782.80754583502,113
102,4,4,7,4,20.0,4,20.0,1.0,559.0805555555555,1147.1055555555556,0.9789568333085454,0.5076270138450109,558.0,1146.5555555555557,560.6,1147.9,3.6000000000000227,2.3444444444444343,1302.724365234375,1288.91064453125,0.7860891412476729,0.19652228531191823,786089.141247673,196522.28531191824,115
103,8,4,13,10,50.0,8,40.0,0.8,1049.3,1438.91875,0.3427827300200555,1.0951419713900248,1049.0,1437.25,1050.0,1440.25,2.0,4.0,1342.6246337890625,1323.6295928955078,0.9826072759014364,0.12282590948767955,982607.2759014363,122825.90948767954,116
104,1,4,4,1,5.0,1,5.0,1.0,458.0,1444.0,0.0,0.0,458.0,1444.0,458.0,1444.0,1.0,1.0,1311.90673828125,1311.90673828125,0.039304510869425734,0.039304510869425734,39304.510869425736,39304.510869425736,117
105,1,4,4,1,5.0,1,5.0,1.0,1012.0,1495.0,0.0,0.0,1012.0,1495.0,1012.0,1495.0,1.0,1.0,1301.56884765625,1301.56884765625,0.039304510869425734,0.039304510869425734,39304.510869425736,39304.510869425736,118
106,1,4,4,1,5.0,1,5.0,1.0,1845.5,1511.0,0.0,0.0,1845.5,1511.0,1845.5,1511.0,1.0,1.0,1295.586181640625,1295.586181640625,0.07860902173885147,0.07860902173885147,78609.02173885147,78609.02173885147,119
107,1,4,4,1,5.0,1,5.0,1.0,1293.0,1530.0,0.0,0.0,1293.0,1530.0,1293.0,1530.0,1.0,1.0,1260.0013427734375,1260.0013427734375,0.039304510869425734,0.039304510869425734,39304.510869425736,39304.510869425736,120
108,11,4,25,22,110.0,11,55.0,0.5,1898.6969696969697,1564.9242424242425,1.1716736320715968,1.9337037737628842,1897.0,1562.5,1901.0,1569.0,5.0,7.5,1309.38818359375,1283.5173117897727,0.7467765212712845,0.06788877466102586,746776.5212712844,67888.77466102586,121
109,3,4,8,5,25.0,3,15.0,0.6,1455.5370370370367,1571.1851851851852,1.7417254897819114,2.6330181610631125,1454.2777777777776,1567.6666666666667,1458.0,1574.0,4.722222222222399,7.3333333333332575,1294.6552734375,1283.2582194010417,0.5502623835047087,0.18342079450156956,550262.3835047086,183420.79450156956,122
110,1,4,4,1,5.0,1,5.0,1.0,1898.0,1583.0,0.0,0.0,1898.0,1583.0,1898.0,1583.0,1.0,1.0,1260.9586181640625,1260.9586181640625,0.039304510869425734,0.039304510869425734,39304.510869425736,39304.510869425736,123
111,3,4,8,5,25.0,3,15.0,0.6,1466.3314814814814,1589.7555555555555,2.0116038547853363,0.5343354782269861,1463.7,1589.3666666666668,1468.5833333333335,1590.511111111111,5.883333333333439,2.1444444444441615,1314.89404296875,1313.8711344401042,2.0438309909045183,0.6812769969681728,2043830.9909045182,681276.9969681728,124
112,1,4,4,1,5.0,1,5.0,1.0,870.0,1872.0,0.0,0.0,870.0,1872.0,870.0,1872.0,1.0,1.0,1269.023193359375,1269.023193359375,0.039304510869425734,0.039304510869425734,39304.510869425736,39304.510869425736,125
113,3,4,9,6,30.0,3,15.0,0.5,671.1944444444445,1970.138888888889,0.8452846697057284,1.3164439567858466,670.0,1969.1666666666667,671.8333333333334,1972.0,2.8333333333333712,3.8333333333332575,1322.287109375,1300.1154378255208,0.35373917579373165,0.11791305859791056,353739.17579373164,117913.05859791055,126
114,1,5,5,1,5.0,1,5.0,1.0,688.4545454545455,80.4090909090909,0.0,0.0,688.4545454545455,80.4090909090909,688.4545454545455,80.4090909090909,1.0,1.0,1311.6046142578125,1311.6046142578125,0.4716536692337914,0.4716536692337914,471653.66923379136,471653.66923379136,127
115,2,5,6,2,10.0,2,10.0,1.0,6.4375,316.0,0.0625,0.25,6.375,315.75,6.5,316.25,1.125,1.5,1338.8560791015625,1337.8201904296875,0.35374002131867127,0.17687001065933564,353740.0213186713,176870.01065933565,128
116,2,5,7,3,15.0,2,10.0,0.6666666666666666,555.0,524.0,0.0,0.0,555.0,524.0,555.0,524.0,1.0,1.0,1264.83837890625,1261.3241577148438,0.0786088680049315,0.03930443400246575,78608.8680049315,39304.43400246575,129
117,12,5,20,16,80.0,12,60.0,0.75,470.125,1270.763888888889,1.959219657584791,1.4198629520024582,467.0,1269.0,474.0,1274.0,8.0,6.0,1330.16845703125,1282.6006164550781,0.7860821466780193,0.06550684555650162,786082.1466780193,65506.84555650162,131
118,1,5,5,1,5.0,1,5.0,1.0,1584.0,1429.0,0.0,0.0,1584.0,1429.0,1584.0,1429.0,1.0,1.0,1296.345703125,1296.345703125,0.07860894487229857,0.07860894487229857,78608.94487229857,78608.94487229857,132
119,2,5,7,3,15.0,2,10.0,0.6666666666666666,1854.5,1509.0,0.5,1.0,1854.0,1508.0,1855.0,1510.0,2.0,3.0,1263.3310546875,1263.0489501953125,0.0786088680049315,0.03930443400246575,78608.8680049315,39304.43400246575,133
120,2,5,9,5,25.0,2,10.0,0.4,1447.0,1548.5,1.0,1.5,1446.0,1547.0,1448.0,1550.0,3.0,4.0,1268.905517578125,1262.11279296875,0.07860879113956304,0.03930439556978152,78608.79113956304,39304.39556978152,134
121,1,5,5,1,5.0,1,5.0,1.0,1902.0,1642.0,0.0,0.0,1902.0,1642.0,1902.0,1642.0,1.0,1.0,1265.9190673828125,1265.9190673828125,0.03930447243614928,0.03930447243614928,39304.472436149284,39304.472436149284,135
122,1,5,5,1,5.0,1,5.0,1.0,1827.0,1656.0,0.0,0.0,1827.0,1656.0,1827.0,1656.0,1.0,1.0,1268.728759765625,1268.728759765625,0.03930447243614928,0.03930447243614928,39304.472436149284,39304.472436149284,136
123,1,5,5,1,5.0,1,5.0,1.0,883.0,1840.0,0.0,0.0,883.0,1840.0,883.0,1840.0,1.0,1.0,1270.03076171875,1270.03076171875,0.03930447243614928,0.03930447243614928,39304.472436149284,39304.472436149284,137
124,1,5,5,1,5.0,1,5.0,1.0,680.0,2005.0,0.0,0.0,680.0,2005.0,680.0,2005.0,1.0,1.0,1283.87353515625,1283.87353515625,0.03930447243614928,0.03930447243614928,39304.472436149284,39304.472436149284,138
125,1,6,6,1,5.0,1,5.0,1.0,666.0833333333334,105.41666666666667,0.0,0.0,666.0833333333334,105.41666666666667,666.0833333333334,105.41666666666667,1.0,1.0,1313.501220703125,1313.501220703125,0.27513103801192734,0.27513103801192734,275131.03801192733,275131.03801192733,139
126,9,6,15,10,50.0,9,45.0,0.9,1729.5,118.22222222222223,0.408248290463863,1.003081671403766,1729.0,116.5,1730.0,120.0,2.0,4.5,1317.677490234375,1297.3564860026042,0.6681724572273031,0.07424138413636701,668172.4572273031,74241.384136367,140
127,1,6,6,1,5.0,1,5.0,1.0,1869.0,180.0,0.0,0.0,1869.0,180.0,1869.0,180.0,1.0,1.0,1306.205810546875,1306.205810546875,0.03930443400170391,0.03930443400170391,39304.43400170391,39304.43400170391,141
128,2,6,7,2,10.0,2,10.0,1.0,687.0,473.0,0.0,0.0,687.0,473.0,687.0,473.0,1.0,1.0,1331.05419921875,1308.4296875,0.07860882957048612,0.03930441478524306,78608.82957048612,39304.41478524306,142
132,1,6,6,1,5.0,1,5.0,1.0,242.0,1574.0,0.0,0.0,242.0,1574.0,242.0,1574.0,1.0,1.0,1256.66796875,1256.66796875,0.03930443400170391,0.03930443400170391,39304.43400170391,39304.43400170391,147
131,1,6,6,1,5.0,1,5.0,1.0,1837.0,1516.0,0.0,0.0,1837.0,1516.0,1837.0,1516.0,1.0,1.0,1261.036376953125,1261.036376953125,0.03930443400170391,0.03930443400170391,39304.43400170391,39304.43400170391,146
134,2,6,7,2,10.0,2,10.0,1.0,325.1166666666667,1968.822222222222,0.21666666666666856,0.37777777777785104,324.9,1968.4444444444443,325.3333333333333,1969.2,1.4333333333333371,1.755555555555702,1309.1771240234375,1307.6907348632812,0.7467839001360791,0.37339195006803955,746783.900136079,373391.9500680395,149
133,1,6,6,1,5.0,1,5.0,1.0,1147.142156862745,1884.4411764705883,0.0,0.0,1147.142156862745,1884.4411764705883,1147.142156862745,1884.4411764705883,1.0,1.0,1325.2978515625,1325.2978515625,0.9040019820391899,0.9040019820391899,904001.9820391899,904001.9820391899,148
130,2,6,7,2,10.0,2,10.0,1.0,1863.9326923076924,1400.0801282051284,1.9326923076923777,0.977564102564088,1862.0,1399.1025641025642,1865.8653846153848,1401.0576923076924,4.865384615384755,2.955128205128176,1334.585693359375,1333.5008544921875,1.1791324435572919,0.5895662217786459,1179132.4435572918,589566.2217786459,145
129,35,6,49,44,220.0,35,175.0,0.7954545454545454,1776.2319614512471,1182.890873015873,2.048909829193551,2.286581859710895,1771.5,1176.6666666666667,1782.0,1186.5,11.5,10.833333333333258,1323.22900390625,1285.2594621930803,4.677110930164371,0.13363174086183918,4677110.930164372,133631.74086183918,143
136,1,7,7,1,5.0,1,5.0,1.0,348.5,95.625,0.0,0.0,348.5,95.625,348.5,95.625,1.0,1.0,1328.06103515625,1328.06103515625,0.35373956011904,0.35373956011904,353739.56011904,353739.56011904,151
135,2,7,8,2,10.0,2,10.0,1.0,706.5,90.25,0.0,1.25,706.5,89.0,706.5,91.5,1.0,3.5,1299.1629638671875,1298.9446411132812,0.15721750540905588,0.07860875270452794,157217.50540905588,78608.75270452794,150
140,9,7,15,9,45.0,9,45.0,1.0,904.3145502645502,1741.2362433862434,1.3328705000003673,1.091702239170392,902.5,1739.1666666666665,906.0,1742.142857142857,4.5,3.9761904761905953,1320.469970703125,1303.2138671875,1.3756473116547834,0.15284970129497594,1375647.3116547833,152849.70129497594,156
139,1,7,7,1,5.0,1,5.0,1.0,1737.0,1159.5,0.0,0.0,1737.0,1159.5,1737.0,1159.5,1.0,1.0,1301.2086181640625,1301.2086181640625,0.07860879113756444,0.07860879113756444,78608.79113756445,78608.79113756445,154
142,7,7,18,12,60.0,7,35.0,0.5833333333333334,211.57142857142858,2037.857142857143,0.41649656391752143,0.6388765649999398,211.0,2037.0,212.0,2039.0,2.0,3.0,1295.696044921875,1282.029820033482,0.3537371389544895,0.0505338769934985,353737.1389544895,50533.876993498496,158
141,1,7,7,1,5.0,1,5.0,1.0,1998.0,1823.0,0.0,0.0,1998.0,1823.0,1998.0,1823.0,1.0,1.0,1256.65576171875,1256.65576171875,0.03930439556878222,0.03930439556878222,39304.39556878222,39304.39556878222,157
138,1,7,7,1,5.0,1,5.0,1.0,353.0,448.0,0.0,0.0,353.0,448.0,353.0,448.0,1.0,1.0,1263.54638671875,1263.54638671875,0.03930439556878222,0.03930439556878222,39304.39556878222,39304.39556878222,153
137,8,7,14,8,40.0,8,40.0,1.0,9.55625,310.425,1.5449949995424292,1.4284558484990524,6.666666666666667,308.2,11.0,312.83333333333337,5.333333333333333,5.633333333333383,1361.6959228515625,1332.6783142089844,1.2577375836702738,0.15721719795878422,1257737.583670274,157217.19795878424,152
144,1,8,8,1,5.0,1,5.0,1.0,36.0,481.0,0.0,0.0,36.0,481.0,36.0,481.0,1.0,1.0,1265.0926513671875,1265.0926513671875,0.039304357135745725,0.039304357135745725,39304.357135745726,39304.357135745726,160
143,1,8,8,1,5.0,1,5.0,1.0,401.0,462.0,0.0,0.0,401.0,462.0,401.0,462.0,1.0,1.0,1257.361328125,1257.361328125,0.039304357135745725,0.039304357135745725,39304.357135745726,39304.357135745726,159
148,4,8,13,6,30.0,4,20.0,0.6666666666666666,1592.5,1423.5,0.8660254037844386,2.0615528128088303,1591.0,1421.0,1593.0,1426.0,3.0,6.0,1315.5677490234375,1283.1802978515625,0.15721700580796663,0.03930425145199166,157217.00580796663,39304.25145199166,164
147,4,8,14,7,35.0,4,20.0,0.5714285714285714,1840.75,1162.875,0.5590169943749475,0.739509972887452,1840.0,1162.0,1841.5,1164.0,2.5,3.0,1309.4976806640625,1289.8641967773438,0.3537385993299642,0.08843464983249105,353738.5993299642,88434.64983249105,163
150,1,8,8,1,5.0,1,5.0,1.0,1749.0,1825.0,0.0,0.0,1749.0,1825.0,1749.0,1825.0,1.0,1.0,1267.2347412109375,1267.2347412109375,0.039304357135745725,0.039304357135745725,39304.357135745726,39304.357135745726,166
149,2,8,12,5,25.0,2,10.0,0.4,1849.5,1520.0,0.5,0.0,1849.0,1520.0,1850.0,1520.0,2.0,1.0,1266.71728515625,1263.5781860351562,0.07860856054451777,0.039304280272258886,78608.56054451778,39304.28027225889,165
146,18,8,25,18,90.0,18,90.0,1.0,563.2854901888236,1142.945352526921,1.2261723046808852,1.5951217511138933,560.843137254902,1140.5,564.875,1145.4,5.03186274509801,5.900000000000091,1333.762939453125,1322.9476860894097,9.865323926803216,0.5480735514890676,9865323.926803216,548073.5514890676,162
145,3,8,12,5,25.0,3,15.0,0.6,922.0,561.3333333333334,0.0,0.4714045207910317,922.0,561.0,922.0,562.0,1.0,2.0,1268.73193359375,1263.6812744140625,0.11791280238573193,0.039304267461910646,117912.80238573193,39304.26746191065,161
152,1,9,9,1,5.0,1,5.0,1.0,60.0,625.0,0.0,0.0,60.0,625.0,60.0,625.0,1.0,1.0,1295.7679443359375,1295.7679443359375,0.03930431870341375,0.03930431870341375,39304.31870341375,39304.31870341375,168
151,1,9,9,1,5.0,1,5.0,1.0,218.33333333333331,375.33333333333337,0.0,0.0,218.33333333333331,375.33333333333337,218.33333333333331,375.33333333333337,1.0,1.0,1303.454345703125,1303.454345703125,0.157217274813655,0.157217274813655,157217.274813655,157217.274813655,167
154,4,9,14,6,30.0,4,20.0,0.6666666666666666,965.875,1884.3125,1.0825317547305484,0.8172935519138763,964.5,1883.0,967.5,1885.0,4.0,3.0,1287.9619140625,1274.9434509277344,0.3144334735933308,0.0786083683983327,314433.47359333077,78608.36839833269,170
155,1,9,9,1,5.0,1,5.0,1.0,710.0,1932.0,0.0,0.0,710.0,1932.0,710.0,1932.0,1.0,1.0,1329.709228515625,1329.709228515625,0.03930431870341375,0.03930431870341375,39304.31870341375,39304.31870341375,171
153,2,9,10,2,10.0,2,10.0,1.0,1638.0,1176.0,1.0,2.0,1637.0,1174.0,1639.0,1178.0,3.0,5.0,1271.124267578125,1266.5109252929688,0.07860859897871084,0.03930429948935542,78608.59897871084,39304.29948935542,169
160,1,10,10,1,5.0,1,5.0,1.0,1835.0,1503.0,0.0,0.0,1835.0,1503.0,1835.0,1503.0,1.0,1.0,1271.6629638671875,1271.6629638671875,0.03930428027529708,0.03930428027529708,39304.28027529708,39304.28027529708,177
156,17,10,27,18,90.0,17,85.0,0.9444444444444444,563.4470588235295,459.1794117647059,0.908730984987161,1.1690386169695897,562.0,457.0,565.0,461.6666666666667,4.0,5.666666666666686,1340.8819580078125,1322.3661965762867,2.0438039349361334,0.12022376087859608,2043803.9349361334,120223.76087859608,173
159,7,10,17,8,40.0,7,35.0,0.875,1571.814285714286,1260.901700680272,2.6488793463242697,3.1482093326852434,1568.3333333333333,1256.8,1575.6666666666667,1265.2619047619048,8.333333333333485,9.461904761904862,1315.45947265625,1305.93212890625,1.6507731230395353,0.23582473186279077,1650773.1230395352,235824.73186279077,176
158,1,10,10,1,5.0,1,5.0,1.0,451.0,1093.0,0.0,0.0,451.0,1093.0,451.0,1093.0,1.0,1.0,1317.43505859375,1317.43505859375,0.03930428027529708,0.03930428027529708,39304.28027529708,39304.28027529708,175
157,3,10,13,4,20.0,3,15.0,0.75,561.8333333333334,528.5,1.649915822768611,1.4719601443879744,559.5,526.5,563.0,530.0,4.5,4.5,1280.155517578125,1269.0249430338542,0.1572168136603727,0.05240560455345757,157216.81366037272,52405.604553457575,174
161,3,10,15,6,30.0,3,15.0,0.5,1253.888888888889,1524.3333333333333,0.1571348402636415,0.9428090415820634,1253.6666666666667,1523.0,1254.0,1525.0,1.3333333333332575,3.0,1294.252685546875,1275.0054524739583,0.1965207864842441,0.06550692882808136,196520.7864842441,65506.928828081356,178
162,1,10,10,1,5.0,1,5.0,1.0,248.775,1572.45,0.0,0.0,248.775,1572.45,248.775,1572.45,1.0,1.0,1343.175537109375,1343.175537109375,0.35373852247767373,0.35373852247767373,353738.5224776737,353738.5224776737,179
163,1,10,10,1,5.0,1,5.0,1.0,1897.0,1657.0,0.0,0.0,1897.0,1657.0,1897.0,1657.0,1.0,1.0,1256.8896484375,1256.8896484375,0.03930428027529708,0.03930428027529708,39304.28027529708,39304.28027529708,180
164,5,10,14,5,25.0,5,25.0,1.0,1131.9,1703.4,0.19999999999999998,0.8,1131.5,1702.0,1132.0,1704.0,1.5,3.0,1326.0966796875,1306.3852294921876,0.23582522047616591,0.047165044095233186,235825.2204761659,47165.044095233185,181
165,12,10,21,12,60.0,12,60.0,1.0,744.1712962962962,1740.3191287878788,1.7258710351309419,1.455032113091055,740.3888888888889,1738.0,746.5,1743.7878787878788,7.111111111111086,6.787878787878753,1311.1353759765625,1295.9791158040364,2.987105201140654,0.24892543342838783,2987105.201140654,248925.43342838783,182
166,10,10,20,11,55.0,10,50.0,0.9090909090909091,1720.5583333333336,1782.2333333333336,1.0408663592305119,1.84421015914974,1719.0,1778.5,1722.0,1785.0,4.0,7.5,1311.0753173828125,1287.57705078125,1.021907059694561,0.10219070596945609,1021907.059694561,102190.70596945609,183
167,1,10,10,1,5.0,1,5.0,1.0,1472.0,1975.0,0.0,0.0,1472.0,1975.0,1472.0,1975.0,1.0,1.0,1330.330322265625,1330.330322265625,0.03930428027529708,0.03930428027529708,39304.28027529708,39304.28027529708,184
176,1,11,11,1,5.0,1,5.0,1.0,955.0,1773.0,0.0,0.0,955.0,1773.0,955.0,1773.0,1.0,1.0,1280.98828125,1280.98828125,0.039304241841214164,0.039304241841214164,39304.24184121416,39304.24184121416,194
177,1,11,11,1,5.0,1,5.0,1.0,883.0,1839.0,0.0,0.0,883.0,1839.0,883.0,1839.0,1.0,1.0,1256.9453125,1256.9453125,0.039304241841214164,0.039304241841214164,39304.24184121416,39304.24184121416,195
170,4,11,14,4,20.0,4,20.0,1.0,1363.5,586.25,0.6123724356957945,0.5590169943749475,1363.0,585.5,1364.5,587.0,2.5,2.5,1323.6697998046875,1281.0451965332031,0.23582502833420738,0.058956257083551844,235825.02833420737,58956.25708355184,187
171,1,11,11,1,5.0,1,5.0,1.0,80.0,627.0,0.0,0.0,80.0,627.0,80.0,627.0,1.0,1.0,1263.9892578125,1263.9892578125,0.039304241841214164,0.039304241841214164,39304.24184121416,39304.24184121416,188
172,3,11,16,6,30.0,3,15.0,0.5,91.66666666666667,997.6666666666666,0.9428090415820634,0.9428090415820634,91.0,997.0,93.0,999.0,3.0,3.0,1265.916015625,1261.5084228515625,0.11791249493743916,0.039304164979146385,117912.49493743916,39304.164979146386,189
173,4,11,14,4,20.0,4,20.0,1.0,1781.125,1151.375,0.739509972887452,0.960143218483576,1780.0,1150.0,1782.0,1152.5,3.0,3.5,1290.6121826171875,1274.1883544921875,0.19652094020086883,0.04913023505021721,196520.94020086882,49130.235050217205,190
174,1,11,11,1,5.0,1,5.0,1.0,1544.0,1579.0,0.0,0.0,1544.0,1579.0,1544.0,1579.0,1.0,1.0,1289.7877197265625,1289.7877197265625,0.039304241841214164,0.039304241841214164,39304.24184121416,39304.24184121416,192
175,1,11,11,1,5.0,1,5.0,1.0,1890.0,1614.0,0.0,0.0,1890.0,1614.0,1890.0,1614.0,1.0,1.0,1258.456298828125,1258.456298828125,0.039304241841214164,0.039304241841214164,39304.24184121416,39304.24184121416,193
168,1,11,11,1,5.0,1,5.0,1.0,1981.0,448.0,0.0,0.0,1981.0,448.0,1981.0,448.0,1.0,1.0,1277.7440185546875,1277.7440185546875,0.039304241841214164,0.039304241841214164,39304.24184121416,39304.24184121416,185
169,1,11,11,1,5.0,1,5.0,1.0,177.5,565.0,0.0,0.0,177.5,565.0,177.5,565.0,1.0,1.0,1293.54296875,1293.54296875,0.07860848368242833,0.07860848368242833,78608.48368242833,78608.48368242833,186
191,1,12,12,1,5.0,1,5.0,1.0,892.0,1926.0,0.0,0.0,892.0,1926.0,892.0,1926.0,1.0,1.0,1253.57666015625,1253.57666015625,0.03930420340877205,0.03930420340877205,39304.203408772046,39304.203408772046,209
190,1,12,12,1,5.0,1,5.0,1.0,792.0,1843.0,0.0,0.0,792.0,1843.0,792.0,1843.0,1.0,1.0,1261.016845703125,1261.016845703125,0.03930420340877205,0.03930420340877205,39304.203408772046,39304.203408772046,208
189,3,12,14,3,15.0,3,15.0,1.0,1156.3333333333333,1805.3333333333333,0.4714045207910317,0.4714045207910317,1156.0,1805.0,1157.0,1806.0,2.0,2.0,1319.943359375,1294.1444905598958,0.11791249495088263,0.03930416498362754,117912.49495088262,39304.16498362755,207
188,1,12,12,1,5.0,1,5.0,1.0,1052.0,1769.0,0.0,0.0,1052.0,1769.0,1052.0,1769.0,1.0,1.0,1329.993408203125,1329.993408203125,0.03930420340877205,0.03930420340877205,39304.203408772046,39304.203408772046,206
187,1,12,12,1,5.0,1,5.0,1.0,1714.0,1563.0,0.0,0.0,1714.0,1563.0,1714.0,1563.0,1.0,1.0,1263.626708984375,1263.626708984375,0.03930420340877205,0.03930420340877205,39304.203408772046,39304.203408772046,205
186,1,12,12,1,5.0,1,5.0,1.0,1577.0,1443.0,0.0,0.0,1577.0,1443.0,1577.0,1443.0,1.0,1.0,1275.6455078125,1275.6455078125,0.03930420340877205,0.03930420340877205,39304.203408772046,39304.203408772046,204
185,1,12,12,1,5.0,1,5.0,1.0,540.5,1189.5,0.0,0.0,540.5,1189.5,540.5,1189.5,1.0,1.0,1265.52685546875,1265.52685546875,0.0786084068175441,0.0786084068175441,78608.40681754409,78608.40681754409,203
192,2,12,16,5,25.0,2,10.0,0.4,673.985081845238,1954.0047619047618,1.0279389880952294,0.8380952380953204,672.9571428571428,1953.1666666666665,675.0130208333333,1954.8428571428572,3.055877976190459,2.6761904761906408,1327.130859375,1326.524658203125,1.8472932560153512,0.9236466280076756,1847293.2560153513,923646.6280076756,210
178,1,12,12,1,5.0,1,5.0,1.0,704.7407407407408,100.14814814814815,0.0,0.0,704.7407407407408,100.14814814814815,704.7407407407408,100.14814814814815,1.0,1.0,1335.922607421875,1335.922607421875,0.43234623749649254,0.43234623749649254,432346.2374964925,432346.2374964925,196
179,1,12,12,1,5.0,1,5.0,1.0,660.0,136.0,0.0,0.0,660.0,136.0,660.0,136.0,1.0,1.0,1270.219970703125,1270.219970703125,0.03930420340877205,0.03930420340877205,39304.203408772046,39304.203408772046,197
180,3,12,15,4,20.0,3,15.0,0.75,1481.6666666666667,343.5,0.4714045207910317,0.408248290463863,1481.0,343.0,1482.0,344.0,2.0,2.0,1288.3282470703125,1275.1489664713542,0.15721654463926726,0.052405514879755755,157216.54463926726,52405.514879755756,198
181,2,12,14,3,15.0,2,10.0,0.6666666666666666,311.5,444.5,0.5,0.5,311.0,444.0,312.0,445.0,2.0,2.0,1291.9007568359375,1285.4329223632812,0.07860832996273084,0.03930416498136542,78608.32996273084,39304.16498136542,199
182,3,12,15,4,20.0,3,15.0,0.75,960.6666666666666,672.6666666666666,0.4714045207910317,0.9428090415820634,960.0,672.0,961.0,674.0,2.0,3.0,1278.8206787109375,1266.2510579427083,0.11791241808530846,0.039304139361769484,117912.41808530845,39304.139361769485,200
183,4,12,17,6,30.0,4,20.0,0.6666666666666666,1234.375,836.5,0.414578098794425,0.9354143466934853,1234.0,835.5,1235.0,838.0,2.0,3.5,1314.9298095703125,1296.5827331542969,0.23582460556712415,0.058956151391781036,235824.60556712415,58956.15139178104,201
184,1,12,12,1,5.0,1,5.0,1.0,637.0,1171.0,0.0,0.0,637.0,1171.0,637.0,1171.0,1.0,1.0,1319.3251953125,1319.3251953125,0.03930420340877205,0.03930420340877205,39304.203408772046,39304.203408772046,202
193,1,12,12,1,5.0,1,5.0,1.0,680.0,2005.0,0.0,0.0,680.0,2005.0,680.0,2005.0,1.0,1.0,1266.419677734375,1266.419677734375,0.03930420340877205,0.03930420340877205,39304.203408772046,39304.203408772046,211
200,1,13,13,1,5.0,1,5.0,1.0,1907.0,1648.0,0.0,0.0,1907.0,1648.0,1907.0,1648.0,1.0,1.0,1263.455810546875,1263.455810546875,0.03930416498815179,0.03930416498815179,39304.164988151795,39304.164988151795,218
198,10,13,23,11,55.0,10,50.0,0.9090909090909091,1675.125,1570.3916666666667,1.8391007766478327,3.557864918427579,1673.0,1565.5,1679.0,1576.0,7.0,11.5,1315.398681640625,1301.0390869140624,0.9432955783120406,0.09432955783120406,943295.5783120405,94329.55783120406,216
199,1,13,13,1,5.0,1,5.0,1.0,1937.0,1589.0,0.0,0.0,1937.0,1589.0,1937.0,1589.0,1.0,1.0,1268.7421875,1268.7421875,0.03930416498815179,0.03930416498815179,39304.164988151795,39304.164988151795,217
196,4,13,17,5,25.0,4,20.0,0.8,1402.125,603.7083333333334,1.1265421528829784,0.7671646933134293,1401.1666666666667,603.0,1404.0,604.8333333333334,3.8333333333332575,2.8333333333333712,1319.76025390625,1293.4346923828125,0.4323444696856675,0.10808611742141687,432344.4696856675,108086.11742141687,214
195,1,13,13,1,5.0,1,5.0,1.0,622.0,120.0,0.0,0.0,622.0,120.0,622.0,120.0,1.0,1.0,1303.8922119140625,1303.8922119140625,0.03930416498815179,0.03930416498815179,39304.164988151795,39304.164988151795,213
194,8,13,25,13,65.0,8,40.0,0.6153846153846154,709.6875,92.0625,1.3678792892649556,1.0734727523323542,707.5,90.0,711.0,94.0,4.5,5.0,1297.40185546875,1272.8008575439453,0.5502547739893162,0.06878184674866453,550254.7739893162,68781.84674866452,212
197,4,13,16,4,20.0,4,20.0,1.0,999.5833333333333,687.7916666666667,1.0897247358851727,1.2767961205037042,998.0,686.0,1001.0,689.0,4.0,4.0,1278.4727783203125,1270.1061706542969,0.275128693719874,0.0687821734299685,275128.69371987396,68782.17342996849,215
201,3,13,17,5,25.0,3,15.0,0.6,940.0,1799.0,0.816496580927726,1.4142135623730951,939.0,1797.0,941.0,1800.0,3.0,4.0,1284.207275390625,1274.79052734375,0.11791230279420713,0.03930410093140237,117912.30279420712,39304.100931402376,219
205,12,14,31,18,90.0,12,60.0,0.6666666666666666,50.93055555555555,1055.4722222222224,0.5246618546534474,1.7818962711077297,50.0,1053.0,52.0,1059.0,3.0,7.0,1300.7435302734375,1283.4861653645833,0.5895563640850768,0.04912969700708974,589556.3640850768,49129.69700708974,223
203,1,14,14,1,5.0,1,5.0,1.0,69.0,416.0,0.0,0.0,69.0,416.0,69.0,416.0,1.0,1.0,1265.3758544921875,1265.3758544921875,0.0393041265539588,0.0393041265539588,39304.1265539588,39304.1265539588,221
202,1,14,14,1,5.0,1,5.0,1.0,1541.0,232.0,0.0,0.0,1541.0,232.0,1541.0,232.0,1.0,1.0,1298.7568359375,1298.7568359375,0.0393041265539588,0.0393041265539588,39304.1265539588,39304.1265539588,220
207,1,14,14,1,5.0,1,5.0,1.0,1465.8076923076924,1590.8461538461538,0.0,0.0,1465.8076923076924,1590.8461538461538,1465.8076923076924,1590.8461538461538,1.0,1.0,1318.668701171875,1318.668701171875,1.0219072904029287,1.0219072904029287,1021907.2904029287,1021907.2904029287,225
206,9,14,22,9,45.0,9,45.0,1.0,238.62962962962962,1573.282098765432,1.01463907642983,1.0341951065278245,237.5,1572.0,240.66666666666666,1575.0,4.166666666666657,4.0,1343.71630859375,1311.1814371744792,1.1791209909956202,0.1310134434439578,1179120.9909956201,131013.44344395779,224
208,4,14,18,5,25.0,4,20.0,0.8,261.875,1596.25,1.1388041973930374,1.0307764064044151,260.0,1595.5,263.0,1598.0,4.0,3.5,1318.584228515625,1312.3390502929688,0.31443262810558315,0.07860815702639579,314432.62810558314,78608.15702639578,226
204,2,14,15,2,10.0,2,10.0,1.0,1631.1666666666665,860.1666666666667,0.16666666666662877,0.16666666666668561,1631.0,860.0,1631.3333333333333,860.3333333333334,1.3333333333332575,1.3333333333333712,1315.496826171875,1302.2643432617188,0.15721646778445403,0.07860823389222701,157216.46778445403,78608.23389222701,222
209,4,14,21,8,40.0,4,20.0,0.5,674.125,2006.0416666666667,0.739509972887452,1.4451787663353806,673.0,2004.0,675.0,2008.0,3.0,5.0,1318.74169921875,1294.885498046875,0.2751275022807747,0.06878187557019368,275127.5022807747,68781.87557019368,227
213,4,15,18,4,20.0,4,20.0,1.0,994.625,1080.75,0.414578098794425,1.479019945774904,994.0,1079.0,995.0,1083.0,2.0,5.0,1321.034423828125,1300.5564270019531,0.1965201331341258,0.04913003328353145,196520.13313412582,49130.033283531455,231
211,1,15,15,1,5.0,1,5.0,1.0,529.3095238095239,287.0,0.0,0.0,529.3095238095239,287.0,529.3095238095239,287.0,1.0,1.0,1324.244384765625,1324.244384765625,0.3930408812257762,0.3930408812257762,393040.88122577616,393040.88122577616,229
210,2,15,16,2,10.0,2,10.0,1.0,1527.0,270.0,0.0,0.5,1527.0,269.5,1527.0,270.5,1.0,2.0,1315.9163818359375,1315.8413696289062,0.15721627562006113,0.07860813781003056,157216.27562006112,78608.13781003056,228
215,1,15,15,1,5.0,1,5.0,1.0,1730.0,1562.0,0.0,0.0,1730.0,1562.0,1730.0,1562.0,1.0,1.0,1253.773681640625,1253.773681640625,0.039304088122577616,0.039304088122577616,39304.08812257762,39304.08812257762,233
214,33,15,48,34,170.0,33,165.0,0.9705882352941176,1578.3204425204426,1271.3047859547858,2.1150734678996868,2.319049269172099,1573.0,1265.5,1582.0,1274.6666666666667,10.0,10.166666666666742,1319.109130859375,1303.7492453835227,6.052749556006417,0.18341665321231568,6052749.556006418,183416.65321231566,232
216,6,15,24,10,50.0,6,30.0,0.6,948.0833333333334,1802.4166666666667,0.60667582410671,1.9454362549881254,947.0,1800.0,949.0,1805.5,3.0,6.5,1282.9844970703125,1272.966817220052,0.3537352173372048,0.0589558695562008,353735.2173372048,58955.8695562008,234
212,1,15,15,1,5.0,1,5.0,1.0,210.5,377.0,0.0,0.0,210.5,377.0,210.5,377.0,1.0,1.0,1259.531982421875,1259.531982421875,0.07860817624515523,0.07860817624515523,78608.17624515523,78608.17624515523,230
225,1,16,16,1,5.0,1,5.0,1.0,952.1666666666666,1805.1666666666667,0.0,0.0,952.1666666666666,1805.1666666666667,952.1666666666666,1805.1666666666667,1.0,1.0,1289.62255859375,1289.62255859375,0.23582429812471764,0.23582429812471764,235824.29812471764,235824.29812471764,243
226,1,16,16,1,5.0,1,5.0,1.0,1125.5,1877.5,0.0,0.0,1125.5,1877.5,1125.5,1877.5,1.0,1.0,1318.640869140625,1318.640869140625,0.31443239749962354,0.31443239749962354,314432.39749962353,314432.39749962353,244
224,2,16,17,2,10.0,2,10.0,1.0,1257.625,1533.625,0.375,0.875,1257.25,1532.75,1258.0,1534.5,1.75,2.75,1298.5595703125,1297.9454345703125,0.23582418281864845,0.11791209140932422,235824.18281864843,117912.09140932422,242
220,1,16,16,1,5.0,1,5.0,1.0,1744.0,410.0,0.0,0.0,1744.0,410.0,1744.0,410.0,1.0,1.0,1312.473876953125,1312.473876953125,0.03930404968745294,0.03930404968745294,39304.04968745294,39304.04968745294,238
227,1,16,16,1,5.0,1,5.0,1.0,1151.6666666666665,1886.078947368421,0.0,0.0,1151.6666666666665,1886.078947368421,1151.6666666666665,1886.078947368421,1.0,1.0,1324.95556640625,1324.95556640625,2.2796348818722705,2.2796348818722705,2279634.8818722703,2279634.8818722703,245
223,4,16,19,4,20.0,4,20.0,1.0,1856.0,1399.375,1.3693063937629153,0.960143218483576,1854.5,1398.0,1858.0,1400.5,4.5,3.5,1325.43408203125,1311.0368347167969,0.2751278866057002,0.06878197165142505,275127.8866057002,68781.97165142505,241
221,1,16,16,1,5.0,1,5.0,1.0,566.0,491.0,0.0,0.0,566.0,491.0,566.0,491.0,1.0,1.0,1274.120849609375,1274.120849609375,0.03930404968745294,0.03930404968745294,39304.04968745294,39304.04968745294,239
222,1,16,16,1,5.0,1,5.0,1.0,555.0,524.0,0.0,0.0,555.0,524.0,555.0,524.0,1.0,1.0,1266.4967041015625,1266.4967041015625,0.03930404968745294,0.03930404968745294,39304.04968745294,39304.04968745294,240
218,4,16,19,4,20.0,4,20.0,1.0,1476.25,358.2916666666667,0.82915619758885,2.102825480157583,1475.0,355.1666666666667,1477.0,361.0,3.0,6.833333333333314,1331.613525390625,1304.2793579101562,0.3537357553805329,0.08843393884513323,353735.75538053294,88433.93884513323,236
217,1,16,16,1,5.0,1,5.0,1.0,338.0,105.0,0.0,0.0,338.0,105.0,338.0,105.0,1.0,1.0,1288.60888671875,1288.60888671875,0.07860809937490588,0.07860809937490588,78608.09937490588,78608.09937490588,235
219,1,16,16,1,5.0,1,5.0,1.0,1581.0,404.0,0.0,0.0,1581.0,404.0,1581.0,404.0,1.0,1.0,1256.61279296875,1256.61279296875,0.03930404968745294,0.03930404968745294,39304.04968745294,39304.04968745294,237
232,1,17,17,1,5.0,1,5.0,1.0,1462.3555555555556,1587.1499999999999,0.0,0.0,1462.3555555555556,1587.1499999999999,1462.3555555555556,1587.1499999999999,1.0,1.0,1318.0849609375,1318.0849609375,0.8253842362940274,0.8253842362940274,825384.2362940273,825384.2362940273,250
228,1,17,17,1,5.0,1,5.0,1.0,639.0,491.0,0.0,0.0,639.0,491.0,639.0,491.0,1.0,1.0,1259.16064453125,1259.16064453125,0.03930401125209654,0.03930401125209654,39304.01125209654,39304.01125209654,246
234,1,17,17,1,5.0,1,5.0,1.0,672.0833333333334,1970.8333333333333,0.0,0.0,672.0833333333334,1970.8333333333333,672.0833333333334,1970.8333333333333,1.0,1.0,1303.504638671875,1303.504638671875,0.35373610126886884,0.35373610126886884,353736.10126886884,353736.10126886884,252
233,1,17,17,1,5.0,1,5.0,1.0,675.4722222222222,1941.4166666666667,0.0,0.0,675.4722222222222,1941.4166666666667,675.4722222222222,1941.4166666666667,1.0,1.0,1326.582275390625,1326.582275390625,0.8646882475461237,0.8646882475461237,864688.2475461237,864688.2475461237,251
229,1,17,17,1,5.0,1,5.0,1.0,73.0,619.0,0.0,0.0,73.0,619.0,73.0,619.0,1.0,1.0,1269.2366943359375,1269.2366943359375,0.03930401125209654,0.03930401125209654,39304.01125209654,39304.01125209654,247
231,1,17,17,1,5.0,1,5.0,1.0,1778.3333333333333,1168.0,0.0,0.0,1778.3333333333333,1168.0,1778.3333333333333,1168.0,1.0,1.0,1296.887939453125,1296.887939453125,0.11791203375628961,0.11791203375628961,117912.03375628962,117912.03375628962,249
230,1,17,17,1,5.0,1,5.0,1.0,1972.0,1106.0,0.0,0.0,1972.0,1106.0,1972.0,1106.0,1.0,1.0,1264.546875,1264.546875,0.03930401125209654,0.03930401125209654,39304.01125209654,39304.01125209654,248
236,1,18,18,1,5.0,1,5.0,1.0,240.0,126.0,0.0,0.0,240.0,126.0,240.0,126.0,1.0,1.0,1283.591796875,1283.591796875,0.03930397281990215,0.03930397281990215,39303.972819902156,39303.972819902156,254
244,1,18,18,1,5.0,1,5.0,1.0,1446.5,1750.0,0.0,0.0,1446.5,1750.0,1446.5,1750.0,1.0,1.0,1298.96826171875,1298.96826171875,0.0786079456398043,0.0786079456398043,78607.94563980431,78607.94563980431,263
241,2,18,20,3,15.0,2,10.0,0.6666666666666666,543.5,1187.9166666666667,0.5,1.0833333333332575,543.0,1186.8333333333335,544.0,1189.0,2.0,3.166666666666515,1299.0162353515625,1291.8165893554688,0.23582352945767235,0.11791176472883617,235823.52945767235,117911.76472883618,260
245,1,18,18,1,5.0,1,5.0,1.0,671.9666666666667,1958.7305555555556,0.0,0.0,671.9666666666667,1958.7305555555556,671.9666666666667,1958.7305555555556,1.0,1.0,1326.9190673828125,1326.9190673828125,1.2577271302368689,1.2577271302368689,1257727.130236869,1257727.130236869,264
242,1,18,18,1,5.0,1,5.0,1.0,1260.0,1542.0,0.0,0.0,1260.0,1542.0,1260.0,1542.0,1.0,1.0,1278.7777099609375,1278.7777099609375,0.0786079456398043,0.0786079456398043,78607.94563980431,78607.94563980431,261
243,1,18,18,1,5.0,1,5.0,1.0,1457.1119999999999,1586.656,0.0,0.0,1457.1119999999999,1586.656,1457.1119999999999,1586.656,1.0,1.0,1325.625732421875,1325.625732421875,1.1398152117771625,1.1398152117771625,1139815.2117771625,1139815.2117771625,262
238,1,18,18,1,5.0,1,5.0,1.0,725.0,439.0,0.0,0.0,725.0,439.0,725.0,439.0,1.0,1.0,1261.916259765625,1261.916259765625,0.03930397281990215,0.03930397281990215,39303.972819902156,39303.972819902156,256
237,1,18,18,1,5.0,1,5.0,1.0,1296.0,249.0,0.0,0.0,1296.0,249.0,1296.0,249.0,1.0,1.0,1262.2994384765625,1262.2994384765625,0.03930397281990215,0.03930397281990215,39303.972819902156,39303.972819902156,255
240,1,18,18,1,5.0,1,5.0,1.0,1834.0,1169.0,0.0,0.0,1834.0,1169.0,1834.0,1169.0,1.0,1.0,1295.471435546875,1295.471435546875,0.03930397281990215,0.03930397281990215,39303.972819902156,39303.972819902156,259
239,1,18,18,1,5.0,1,5.0,1.0,538.0,1146.0,0.0,0.0,538.0,1146.0,538.0,1146.0,1.0,1.0,1258.682861328125,1258.682861328125,0.03930397281990215,0.03930397281990215,39303.972819902156,39303.972819902156,257
235,30,18,49,32,160.0,30,150.0,0.9375,335.6223148148148,115.70648148148148,1.9706822996095807,2.9508040451767634,332.0,110.0,339.5,122.0,8.5,13.0,1338.6240234375,1302.1758951822917,5.1880370586708775,0.1729345686223626,5188037.0586708775,172934.5686223626,253
251,1,19,19,1,5.0,1,5.0,1.0,1578.0,1444.0,0.0,0.0,1578.0,1444.0,1578.0,1444.0,1.0,1.0,1284.9212646484375,1284.9212646484375,0.11791180316137484,0.11791180316137484,117911.80316137485,117911.80316137485,270
246,2,19,23,5,25.0,2,10.0,0.4,617.0,119.25,1.0,0.75,616.0,118.5,618.0,120.0,3.0,2.5,1275.86328125,1268.5617065429688,0.11791149570528817,0.05895574785264408,117911.49570528817,58955.74785264408,265
247,13,19,32,14,70.0,13,65.0,0.9285714285714286,9.984981684981685,311.496336996337,0.5459773006421492,2.151097022034893,9.0,308.1666666666667,11.0,314.3333333333333,3.0,7.166666666666629,1347.2713623046875,1339.7536996694712,2.2796109389741095,0.17535468761339304,2279610.9389741095,175354.68761339303,266
253,1,19,19,1,5.0,1,5.0,1.0,985.0,1628.0,0.0,0.0,985.0,1628.0,985.0,1628.0,1.0,1.0,1299.7386474609375,1299.7386474609375,0.03930393438712495,0.03930393438712495,39303.93438712495,39303.93438712495,272
250,13,19,31,13,65.0,13,65.0,1.0,1970.6429487179485,1111.024358974359,2.348503447264784,3.0633455775585694,1965.8333333333333,1107.0,1974.3333333333333,1116.3333333333333,9.5,10.333333333333258,1323.6513671875,1293.2825646033655,2.3189208300493256,0.17837852538840965,2318920.8300493257,178378.52538840965,269
248,1,19,19,1,5.0,1,5.0,1.0,999.0,691.0,0.0,0.0,999.0,691.0,999.0,691.0,1.0,1.0,1268.2137451171875,1268.2137451171875,0.03930393438712495,0.03930393438712495,39303.93438712495,39303.93438712495,267
249,1,19,19,1,5.0,1,5.0,1.0,130.0,1029.0,0.0,0.0,130.0,1029.0,130.0,1029.0,1.0,1.0,1275.2841796875,1275.2841796875,0.03930393438712495,0.03930393438712495,39303.93438712495,39303.93438712495,268
252,1,19,19,1,5.0,1,5.0,1.0,1450.0,1568.0,0.0,0.0,1450.0,1568.0,1450.0,1568.0,1.0,1.0,1263.943603515625,1263.943603515625,0.0786078687742499,0.0786078687742499,78607.8687742499,78607.8687742499,271
256,1,20,20,1,5.0,1,5.0,1.0,894.0,606.0,0.0,0.0,894.0,606.0,894.0,606.0,1.0,1.0,1264.97265625,1264.97265625,0.03930389595446701,0.03930389595446701,39303.895954467014,39303.895954467014,275
263,16,20,37,18,90.0,16,80.0,0.8888888888888888,1343.1734064020345,1931.755105825225,1.9442498512310524,2.151610831488269,1340.0,1929.0,1347.0,1936.0,8.0,8.0,1317.578369140625,1295.7717361450195,4.1661874145731925,0.26038671341082453,4166187.4145731926,260386.71341082454,282
262,2,20,21,2,10.0,2,10.0,1.0,953.5,1821.5,0.5,0.5,953.0,1821.0,954.0,1822.0,2.0,2.0,1275.498291015625,1266.3427124023438,0.07860775347639545,0.03930387673819773,78607.75347639545,39303.87673819772,281
260,1,20,20,1,5.0,1,5.0,1.0,151.0,1687.0,0.0,0.0,151.0,1687.0,151.0,1687.0,1.0,1.0,1310.118408203125,1310.118408203125,0.03930389595446701,0.03930389595446701,39303.895954467014,39303.895954467014,279
257,6,20,25,6,30.0,6,30.0,1.0,959.0,681.8333333333334,0.0,0.6871842709362769,959.0,681.0,959.0,683.0,1.0,3.0,1286.4588623046875,1280.297139485677,0.23582279925480248,0.03930379987580041,235822.7992548025,39303.79987580041,276
258,1,20,20,1,5.0,1,5.0,1.0,307.0,865.0,0.0,0.0,307.0,865.0,307.0,865.0,1.0,1.0,1335.017333984375,1335.017333984375,0.03930389595446701,0.03930389595446701,39303.895954467014,39303.895954467014,277
259,1,20,20,1,5.0,1,5.0,1.0,1553.0,1650.0,0.0,0.0,1553.0,1650.0,1553.0,1650.0,1.0,1.0,1268.322998046875,1268.322998046875,0.03930389595446701,0.03930389595446701,39303.895954467014,39303.895954467014,278
255,1,20,20,1,5.0,1,5.0,1.0,1131.0,204.0,0.0,0.0,1131.0,204.0,1131.0,204.0,1.0,1.0,1324.65283203125,1324.65283203125,0.03930389595446701,0.03930389595446701,39303.895954467014,39303.895954467014,274
261,1,20,20,1,5.0,1,5.0,1.0,1702.0,1763.0,0.0,0.0,1702.0,1763.0,1702.0,1763.0,1.0,1.0,1268.3470458984375,1268.3470458984375,0.03930389595446701,0.03930389595446701,39303.895954467014,39303.895954467014,280
254,1,20,20,1,5.0,1,5.0,1.0,658.0,85.0,0.0,0.0,658.0,85.0,658.0,85.0,1.0,1.0,1254.0777587890625,1254.0777587890625,0.03930389595446701,0.03930389595446701,39303.895954467014,39303.895954467014,273
273,2,21,23,3,15.0,2,10.0,0.6666666666666666,1009.0,1882.0,1.0,0.0,1008.0,1882.0,1010.0,1882.0,3.0,1.0,1261.77880859375,1258.68017578125,0.07860763818101006,0.03930381909050503,78607.63818101006,39303.81909050503,292
265,1,21,21,1,5.0,1,5.0,1.0,1889.0,401.0,0.0,0.0,1889.0,401.0,1889.0,401.0,1.0,1.0,1261.390625,1261.390625,0.03930385752192845,0.03930385752192845,39303.85752192845,39303.85752192845,284
272,6,21,26,6,30.0,6,30.0,1.0,536.75,1798.25,0.6291528696058958,0.3818813079129867,535.5,1798.0,537.5,1799.0,3.0,2.0,1317.455810546875,1292.031229654948,0.35373383379426643,0.05895563896571107,353733.83379426645,58955.63896571107,291
266,1,21,21,1,5.0,1,5.0,1.0,1879.0,433.5,0.0,0.0,1879.0,433.5,1879.0,433.5,1.0,1.0,1323.2716064453125,1323.2716064453125,0.0786077150438569,0.0786077150438569,78607.7150438569,78607.7150438569,285
267,1,21,21,1,5.0,1,5.0,1.0,212.0,501.0,0.0,0.0,212.0,501.0,212.0,501.0,1.0,1.0,1271.1695556640625,1271.1695556640625,0.03930385752192845,0.03930385752192845,39303.85752192845,39303.85752192845,286
268,2,21,22,2,10.0,2,10.0,1.0,453.75,1213.1666666666665,0.25,0.16666666666662877,453.5,1213.0,454.0,1213.3333333333333,1.5,1.3333333333332575,1327.981689453125,1327.72900390625,0.19651917231835267,0.09825958615917633,196519.17231835268,98259.58615917634,287
269,2,21,22,2,10.0,2,10.0,1.0,471.65,1222.75,0.09999999999999432,0.049999999999954525,471.55,1222.7,471.75,1222.8,1.1999999999999886,1.099999999999909,1333.8131103515625,1333.1284790039062,0.8646844427476974,0.4323422213738487,864684.4427476974,432342.2213738487,288
270,1,21,21,1,5.0,1,5.0,1.0,1278.4416666666666,1533.6361111111112,0.0,0.0,1278.4416666666666,1533.6361111111112,1278.4416666666666,1533.6361111111112,1.0,1.0,1338.9044189453125,1338.9044189453125,2.004496733618351,2.004496733618351,2004496.733618351,2004496.733618351,289
271,1,21,21,1,5.0,1,5.0,1.0,1464.7179487179485,1591.2051282051282,0.0,0.0,1464.7179487179485,1591.2051282051282,1464.7179487179485,1591.2051282051282,1.0,1.0,1311.810546875,1311.810546875,0.7074694353947121,0.7074694353947121,707469.435394712,707469.435394712,290
264,1,21,21,1,5.0,1,5.0,1.0,686.3703703703703,110.4037037037037,0.0,0.0,686.3703703703703,110.4037037037037,686.3703703703703,110.4037037037037,1.0,1.0,1337.31201171875,1337.31201171875,0.6288617203508552,0.6288617203508552,628861.7203508551,628861.7203508551,283
283,1,22,22,1,5.0,1,5.0,1.0,448.0,1404.0,0.0,0.0,448.0,1404.0,448.0,1404.0,1.0,1.0,1279.5751953125,1279.5751953125,0.03930381909149859,0.03930381909149859,39303.81909149859,39303.81909149859,302
275,1,22,22,1,5.0,1,5.0,1.0,186.5,276.0,0.0,0.0,186.5,276.0,186.5,276.0,1.0,1.0,1282.3428955078125,1282.3428955078125,0.07860763818299718,0.07860763818299718,78607.63818299718,78607.63818299718,294
274,6,22,29,8,40.0,6,30.0,0.75,238.27777777777774,173.6111111111111,0.4044505494044717,1.6850834320114574,238.0,171.66666666666666,239.0,176.0,2.0,5.333333333333343,1302.7591552734375,1283.1964111328125,0.3930366152776014,0.0655061025462669,393036.6152776014,65506.102546266906,293
278,1,22,22,1,5.0,1,5.0,1.0,211.0,377.0,0.0,0.0,211.0,377.0,211.0,377.0,1.0,1.0,1267.984375,1267.984375,0.03930381909149859,0.03930381909149859,39303.81909149859,39303.81909149859,297
279,1,22,22,1,5.0,1,5.0,1.0,489.0,391.5,0.0,0.0,489.0,391.5,489.0,391.5,1.0,1.0,1315.9801025390625,1315.9801025390625,0.07860763818299718,0.07860763818299718,78607.63818299718,78607.63818299718,298
277,9,22,36,15,75.0,9,45.0,0.6,154.77777777777777,371.44444444444446,1.0030816714037663,1.7069212773041353,153.0,368.0,156.0,374.0,4.0,7.0,1297.19384765625,1272.5067138671875,0.4323394736029207,0.04803771928921341,432339.4736029207,48037.71928921341,296
276,1,22,22,1,5.0,1,5.0,1.0,1480.0,344.0,0.0,0.0,1480.0,344.0,1480.0,344.0,1.0,1.0,1272.2421875,1272.2421875,0.03930381909149859,0.03930381909149859,39303.81909149859,39303.81909149859,295
285,1,22,22,1,5.0,1,5.0,1.0,1868.0,1560.0,0.0,0.0,1868.0,1560.0,1868.0,1560.0,1.0,1.0,1301.787109375,1301.787109375,0.03930381909149859,0.03930381909149859,39303.81909149859,39303.81909149859,304
280,1,22,22,1,5.0,1,5.0,1.0,1294.0,469.0,0.0,0.0,1294.0,469.0,1294.0,469.0,1.0,1.0,1338.12109375,1338.12109375,0.03930381909149859,0.03930381909149859,39303.81909149859,39303.81909149859,299
282,28,22,49,28,140.0,28,140.0,1.0,1863.7150553811266,1394.503160430839,2.3698512421411166,2.7288224475333718,1859.7884615384614,1389.8846153846152,1869.8076923076924,1398.6666666666667,11.019230769230944,9.782051282051498,1344.1314697265625,1315.2514343261719,8.332253965601197,0.2975804987714713,8332253.9656011965,297580.4987714713,301
281,1,22,22,1,5.0,1,5.0,1.0,62.0,601.0,0.0,0.0,62.0,601.0,62.0,601.0,1.0,1.0,1263.608154296875,1263.608154296875,0.03930381909149859,0.03930381909149859,39303.81909149859,39303.81909149859,300
286,1,22,22,1,5.0,1,5.0,1.0,1839.0,1651.0,0.0,0.0,1839.0,1651.0,1839.0,1651.0,1.0,1.0,1255.66015625,1255.66015625,0.03930381909149859,0.03930381909149859,39303.81909149859,39303.81909149859,305
284,1,22,22,1,5.0,1,5.0,1.0,1253.0,1525.0,0.0,0.0,1253.0,1525.0,1253.0,1525.0,1.0,1.0,1260.8642578125,1260.8642578125,0.03930381909149859,0.03930381909149859,39303.81909149859,39303.81909149859,303
288,1,23,23,1,5.0,1,5.0,1.0,1541.0,233.0,0.0,0.0,1541.0,233.0,1541.0,233.0,1.0,1.0,1279.2874755859375,1279.2874755859375,0.03930378065908161,0.03930378065908161,39303.78065908161,39303.78065908161,308
295,1,23,23,1,5.0,1,5.0,1.0,876.5,1834.5,0.0,0.0,876.5,1834.5,876.5,1834.5,1.0,1.0,1282.0224609375,1282.0224609375,0.07860756131816322,0.07860756131816322,78607.56131816322,78607.56131816322,315
292,3,23,26,4,20.0,3,15.0,0.75,551.3333333333334,1186.0,1.247219128924647,0.816496580927726,550.0,1185.0,553.0,1187.0,4.0,3.0,1266.2366943359375,1261.4419759114583,0.11791118825578564,0.03930372941859522,117911.18825578564,39303.72941859522,312
289,1,23,23,1,5.0,1,5.0,1.0,346.0,448.0,0.0,0.0,346.0,448.0,346.0,448.0,1.0,1.0,1256.91162109375,1256.91162109375,0.03930378065908161,0.03930378065908161,39303.78065908161,39303.78065908161,309
290,14,23,44,22,110.0,14,70.0,0.6363636363636364,920.3055555555555,567.1031746031746,0.9562318804406574,2.541372360691478,918.875,562.75,923.0,573.625,5.125,11.875,1277.91748046875,1270.075230189732,1.9651696255347906,0.14036925896677074,1965169.6255347906,140369.25896677075,310
291,1,23,23,1,5.0,1,5.0,1.0,68.0,614.0,0.0,0.0,68.0,614.0,68.0,614.0,1.0,1.0,1258.50537109375,1258.50537109375,0.03930378065908161,0.03930378065908161,39303.78065908161,39303.78065908161,311
294,1,23,23,1,5.0,1,5.0,1.0,1697.0,1470.0,0.0,0.0,1697.0,1470.0,1697.0,1470.0,1.0,1.0,1258.3115234375,1258.3115234375,0.03930378065908161,0.03930378065908161,39303.78065908161,39303.78065908161,314
293,1,23,23,1,5.0,1,5.0,1.0,121.0,1232.0,0.0,0.0,121.0,1232.0,121.0,1232.0,1.0,1.0,1295.0086669921875,1295.0086669921875,0.03930378065908161,0.03930378065908161,39303.78065908161,39303.78065908161,313
287,1,23,23,1,5.0,1,5.0,1.0,311.0,170.0,0.0,0.0,311.0,170.0,311.0,170.0,1.0,1.0,1319.1934814453125,1319.1934814453125,0.03930378065908161,0.03930378065908161,39303.78065908161,39303.78065908161,307
304,3,24,27,4,20.0,3,15.0,0.75,1935.0,1570.3333333333333,0.0,1.247219128924647,1935.0,1569.0,1935.0,1572.0,1.0,4.0,1294.541748046875,1282.0410563151042,0.1179110729688497,0.039303690989616565,117911.0729688497,39303.69098961657,324
299,1,24,24,1,5.0,1,5.0,1.0,1525.0,975.0,0.0,0.0,1525.0,975.0,1525.0,975.0,1.0,1.0,1286.6334228515625,1286.6334228515625,0.039303742225028665,0.039303742225028665,39303.74222502866,39303.74222502866,319
305,1,24,24,1,5.0,1,5.0,1.0,1898.0,1662.0,0.0,0.0,1898.0,1662.0,1898.0,1662.0,1.0,1.0,1255.453125,1255.453125,0.039303742225028665,0.039303742225028665,39303.74222502866,39303.74222502866,325
306,1,24,24,1,5.0,1,5.0,1.0,1699.5,1759.5,0.0,0.0,1699.5,1759.5,1699.5,1759.5,1.0,1.0,1256.135986328125,1256.135986328125,0.07860748445005733,0.07860748445005733,78607.48445005732,78607.48445005732,326
307,11,24,35,12,60.0,11,55.0,0.9166666666666666,1213.3560606060607,2023.780303030303,1.8153703009745232,1.7108804836647056,1210.1666666666665,2021.0,1217.0,2026.0,7.833333333333485,6.0,1345.1029052734375,1325.9916326349432,1.021891840857924,0.09289925825981128,1021891.8408579241,92899.25825981128,327
300,1,24,24,1,5.0,1,5.0,1.0,1748.0,1205.0,0.0,0.0,1748.0,1205.0,1748.0,1205.0,1.0,1.0,1262.3297119140625,1262.3297119140625,0.039303742225028665,0.039303742225028665,39303.74222502866,39303.74222502866,320
301,9,24,33,10,50.0,9,45.0,0.9,1581.1400997151,1439.845061728395,4.219365784257926,1.2419626607447987,1575.3333333333335,1438.05,1586.2,1442.0,11.86666666666656,4.9500000000000455,1321.753662109375,1308.4644911024307,3.183583405781408,0.35373148953126754,3183583.4057814083,353731.48953126755,321
302,1,24,24,1,5.0,1,5.0,1.0,1261.0,1538.5,0.0,0.0,1261.0,1538.5,1261.0,1538.5,1.0,1.0,1327.25732421875,1327.25732421875,0.07860748445005733,0.07860748445005733,78607.48445005732,78607.48445005732,322
303,10,24,34,11,55.0,10,50.0,0.9090909090909091,1449.9875,1560.325,1.2826364449835248,2.566801944487007,1447.0,1555.0,1452.0,1564.875,6.0,10.875,1293.9459228515625,1277.7795043945312,1.414926342493341,0.1414926342493341,1414926.3424933408,141492.63424933408,323
297,1,24,24,1,5.0,1,5.0,1.0,246.5,170.0,0.0,0.0,246.5,170.0,246.5,170.0,1.0,1.0,1306.6510009765625,1306.6510009765625,0.15721496890011466,0.15721496890011466,157214.96890011465,157214.96890011465,317
298,1,24,24,1,5.0,1,5.0,1.0,566.0,492.0,0.0,0.0,566.0,492.0,566.0,492.0,1.0,1.0,1256.1595458984375,1256.1595458984375,0.039303742225028665,0.039303742225028665,39303.74222502866,39303.74222502866,318
296,1,24,24,1,5.0,1,5.0,1.0,344.0,104.0,0.0,0.0,344.0,104.0,344.0,104.0,1.0,1.0,1254.74658203125,1254.74658203125,0.039303742225028665,0.039303742225028665,39303.74222502866,39303.74222502866,316
312,1,25,25,1,5.0,1,5.0,1.0,1303.0,1531.0,0.0,0.0,1303.0,1531.0,1303.0,1531.0,1.0,1.0,1280.1373291015625,1280.1373291015625,0.03930370380279815,0.03930370380279815,39303.70380279815,39303.70380279815,332
311,1,25,25,1,5.0,1,5.0,1.0,1520.0,1462.0,0.0,0.0,1520.0,1462.0,1520.0,1462.0,1.0,1.0,1267.9949951171875,1267.9949951171875,0.03930370380279815,0.03930370380279815,39303.70380279815,39303.70380279815,331
310,3,25,30,6,30.0,3,15.0,0.5,1840.3333333333333,1166.0,0.9428090415820634,2.160246899469287,1839.0,1163.0,1841.0,1168.0,3.0,6.0,1283.4761962890625,1279.1983642578125,0.11791084239606087,0.03930361413202029,117910.84239606086,39303.61413202029,330
309,1,25,25,1,5.0,1,5.0,1.0,1480.0,339.0,0.0,0.0,1480.0,339.0,1480.0,339.0,1.0,1.0,1287.91162109375,1287.91162109375,0.03930370380279815,0.03930370380279815,39303.70380279815,39303.70380279815,329
308,13,25,38,14,70.0,13,65.0,0.9285714285714286,616.8846153846154,126.4423076923077,1.0902336756198743,1.803185872266314,615.0,123.0,618.5,129.0,4.5,7.0,1347.9276123046875,1293.0304048978364,0.9432835877772724,0.0725602759828671,943283.5877772724,72560.2759828671,328
316,1,25,25,1,5.0,1,5.0,1.0,839.0,1906.0,0.0,0.0,839.0,1906.0,839.0,1906.0,1.0,1.0,1314.6923828125,1314.6923828125,0.03930370380279815,0.03930370380279815,39303.70380279815,39303.70380279815,336
313,7,25,32,8,40.0,7,35.0,0.875,1299.5714285714287,1553.7857142857142,2.2745261897272364,1.8488827293635408,1296.0,1550.0,1303.0,1556.0,8.0,7.0,1289.9031982421875,1272.2981654575892,0.35373229659552075,0.050533185227931536,353732.29659552075,50533.185227931535,333
314,1,25,25,1,5.0,1,5.0,1.0,2021.0,1630.0,0.0,0.0,2021.0,1630.0,2021.0,1630.0,1.0,1.0,1254.032470703125,1254.032470703125,0.03930370380279815,0.03930370380279815,39303.70380279815,39303.70380279815,334
315,1,25,25,1,5.0,1,5.0,1.0,941.0,1798.5,0.0,0.0,941.0,1798.5,941.0,1798.5,1.0,1.0,1286.9755859375,1286.9755859375,0.0786074076055963,0.0786074076055963,78607.4076055963,78607.4076055963,335
318,15,25,42,18,90.0,15,75.0,0.8333333333333334,674.8372739297738,1944.1711195286198,0.9681021357982301,2.3675402311985128,673.4,1940.5,677.0,1947.7083333333335,4.600000000000023,8.208333333333485,1328.808349609375,1314.6881510416667,6.406465058252932,0.4270976705501955,6406465.0582529325,427097.6705501955,338
317,1,25,25,1,5.0,1,5.0,1.0,1042.0,1928.0,0.0,0.0,1042.0,1928.0,1042.0,1928.0,1.0,1.0,1317.786376953125,1317.786376953125,0.03930370380279815,0.03930370380279815,39303.70380279815,39303.70380279815,337
319,4,25,28,4,20.0,4,20.0,1.0,672.4475748194016,1964.3180598555214,0.4986781779911675,3.1310766540990804,671.75,1961.0529411764705,673.1411764705883,1968.5,2.3911764705883343,8.44705882352946,1328.475830078125,1319.2655029296875,2.122395585751601,0.5305988964379003,2122395.585751601,530598.8964379003,339
323,1,26,26,1,5.0,1,5.0,1.0,1677.0,1573.0,0.0,0.0,1677.0,1573.0,1677.0,1573.0,1.0,1.0,1274.577880859375,1274.577880859375,0.039303665371675366,0.039303665371675366,39303.665371675364,39303.665371675364,343
325,1,26,26,1,5.0,1,5.0,1.0,1909.0,1608.0,0.0,0.0,1909.0,1608.0,1909.0,1608.0,1.0,1.0,1266.40380859375,1266.40380859375,0.039303665371675366,0.039303665371675366,39303.665371675364,39303.665371675364,345
322,2,26,30,5,25.0,2,10.0,0.4,1284.5,1530.0,0.5,1.0,1284.0,1529.0,1285.0,1531.0,2.0,3.0,1338.65576171875,1302.513916015625,0.0786071770239152,0.0393035885119576,78607.17702391521,39303.588511957605,342
320,14,26,39,14,70.0,14,70.0,1.0,1953.914527932385,3.5074469181612042,0.8120734383097398,1.398795779921763,1952.6666666666667,0.5,1955.3333333333333,5.333333333333333,3.666666666666515,5.833333333333333,1340.412109375,1321.2828020368304,2.8298483421875193,0.20213202444196568,2829848.342187519,202132.02444196568,340
321,1,26,26,1,5.0,1,5.0,1.0,734.0,319.0,0.0,0.0,734.0,319.0,734.0,319.0,1.0,1.0,1303.33056640625,1303.33056640625,0.039303665371675366,0.039303665371675366,39303.665371675364,39303.665371675364,341
324,1,26,26,1,5.0,1,5.0,1.0,1422.0,1588.0,0.0,0.0,1422.0,1588.0,1422.0,1588.0,1.0,1.0,1301.107666015625,1301.107666015625,0.039303665371675366,0.039303665371675366,39303.665371675364,39303.665371675364,344
337,1,27,27,1,5.0,1,5.0,1.0,1456.5,1581.5,0.0,0.0,1456.5,1581.5,1456.5,1581.5,1.0,1.0,1276.111328125,1276.111328125,0.07860725388204574,0.07860725388204574,78607.25388204574,78607.25388204574,357
326,1,27,27,1,5.0,1,5.0,1.0,297.0,46.0,0.0,0.0,297.0,46.0,297.0,46.0,1.0,1.0,1354.81201171875,1354.81201171875,0.03930362694102287,0.03930362694102287,39303.62694102287,39303.62694102287,346
327,4,27,30,4,20.0,4,20.0,1.0,1540.875,128.5,0.739509972887452,0.5,1540.0,128.0,1542.0,129.0,3.0,2.0,1293.16845703125,1285.2977294921875,0.1965178656865975,0.04912946642164937,196517.86568659748,49129.46642164937,347
329,16,27,44,18,90.0,16,80.0,0.8888888888888888,1218.875,843.03125,1.7633419974582292,2.080179905080323,1217.0,840.0,1223.0,846.0,7.0,7.0,1326.39013671875,1320.0896682739258,1.2577053782727505,0.07860658614204691,1257705.3782727504,78606.5861420469,349
336,5,27,35,9,45.0,5,25.0,0.5555555555555556,1901.9,1570.5,1.2806248474865698,1.8506755523321747,1900.0,1567.75,1903.5,1572.5,4.5,5.75,1295.5159912109375,1271.2218505859375,0.39303469373345934,0.07860693874669186,393034.69373345934,78606.93874669186,356
338,1,27,27,1,5.0,1,5.0,1.0,2008.0,1667.0,0.0,0.0,2008.0,1667.0,2008.0,1667.0,1.0,1.0,1267.8541259765625,1267.8541259765625,0.03930362694102287,0.03930362694102287,39303.62694102287,39303.62694102287,358
331,1,27,27,1,5.0,1,5.0,1.0,1299.0,1167.0,0.0,0.0,1299.0,1167.0,1299.0,1167.0,1.0,1.0,1279.1116943359375,1279.1116943359375,0.03930362694102287,0.03930362694102287,39303.62694102287,39303.62694102287,351
332,2,27,28,2,10.0,2,10.0,1.0,224.0,1436.5,0.0,0.5,224.0,1436.0,224.0,1437.0,1.0,2.0,1297.944091796875,1286.3096923828125,0.07860721544905608,0.03930360772452804,78607.21544905608,39303.60772452804,352
333,1,27,27,1,5.0,1,5.0,1.0,1550.0,1458.0,0.0,0.0,1550.0,1458.0,1550.0,1458.0,1.0,1.0,1275.16259765625,1275.16259765625,0.03930362694102287,0.03930362694102287,39303.62694102287,39303.62694102287,353
334,13,27,42,16,80.0,13,65.0,0.8125,714.5615337653799,1483.5350145580915,2.7816388032814445,3.218379558455969,711.4444444444445,1478.0,720.0,1488.3333333333333,9.555555555555543,11.333333333333258,1323.799560546875,1313.7284498948318,2.79052892004611,0.2146560707727777,2790528.92004611,214656.07077277772,354
335,1,27,27,1,5.0,1,5.0,1.0,1521.0,1501.0,0.0,0.0,1521.0,1501.0,1521.0,1501.0,1.0,1.0,1287.24072265625,1287.24072265625,0.03930362694102287,0.03930362694102287,39303.62694102287,39303.62694102287,355
328,1,27,27,1,5.0,1,5.0,1.0,1854.0,501.0,0.0,0.0,1854.0,501.0,1854.0,501.0,1.0,1.0,1321.423828125,1321.423828125,0.03930362694102287,0.03930362694102287,39303.62694102287,39303.62694102287,348
330,3,27,30,4,20.0,3,15.0,0.75,992.8333333333334,1083.3333333333333,0.23570226039551584,0.4714045207910317,992.5,1083.0,993.0,1084.0,1.5,2.0,1309.81396484375,1287.1020100911458,0.1572143540423188,0.05240478468077293,157214.3540423188,52404.78468077293,350
344,2,28,30,3,15.0,2,10.0,0.6666666666666666,1588.5,1934.5,0.5,0.5,1588.0,1934.0,1589.0,1935.0,2.0,2.0,1302.955078125,1298.567138671875,0.07860710016027304,0.03930355008013652,78607.10016027304,39303.55008013652,365
339,5,28,35,8,40.0,5,25.0,0.625,7.5,344.5,0.8944271909999159,1.6733200530681511,6.5,342.0,9.0,346.0,3.5,5.0,1338.3477783203125,1287.759765625,0.275124081923366,0.0550248163846732,275124.081923366,55024.8163846732,359
343,1,28,28,1,5.0,1,5.0,1.0,260.0,1596.0,0.0,0.0,260.0,1596.0,260.0,1596.0,1.0,1.0,1271.712646484375,1271.712646484375,0.039303588508033206,0.039303588508033206,39303.58850803321,39303.58850803321,364
342,1,28,28,1,5.0,1,5.0,1.0,1904.0,1579.0,0.0,0.0,1904.0,1579.0,1904.0,1579.0,1.0,1.0,1267.093505859375,1267.093505859375,0.039303588508033206,0.039303588508033206,39303.58850803321,39303.58850803321,363
341,1,28,28,1,5.0,1,5.0,1.0,1302.0,1536.0,0.0,0.0,1302.0,1536.0,1302.0,1536.0,1.0,1.0,1263.2862548828125,1263.2862548828125,0.039303588508033206,0.039303588508033206,39303.58850803321,39303.58850803321,362
340,1,28,28,1,5.0,1,5.0,1.0,1096.0,737.0,0.0,0.0,1096.0,737.0,1096.0,737.0,1.0,1.0,1332.0419921875,1332.0419921875,0.039303588508033206,0.039303588508033206,39303.58850803321,39303.58850803321,361
355,4,29,36,8,40.0,4,20.0,0.5,670.5,1977.8125,1.2747548783981961,1.7973504805685507,669.0,1975.0,672.0,1980.0,4.0,6.0,1293.7745361328125,1281.6086120605469,0.35373125895101065,0.08843281473775266,353731.25895101065,88432.81473775266,377
351,1,29,29,1,5.0,1,5.0,1.0,1261.5,1542.5,0.0,0.0,1261.5,1542.5,1261.5,1542.5,1.0,1.0,1311.43359375,1311.43359375,0.07860710015453674,0.07860710015453674,78607.10015453675,78607.10015453675,373
345,5,29,34,6,30.0,5,25.0,0.8333333333333334,633.4121428571428,96.74454545454545,1.0654394513485188,1.4036092790604022,632.0,94.0,635.2857142857143,98.0,4.285714285714334,5.0,1350.571044921875,1337.5172119140625,1.2577101821893892,0.25154203643787787,1257710.1821893891,251542.03643787786,366
346,4,29,32,4,20.0,4,20.0,1.0,513.125,307.33333333333337,1.1388041973930374,0.7359800721939873,512.0,306.5,514.5,308.5,3.5,3.0,1316.8695068359375,1295.9681091308594,0.35373141269986397,0.08843285317496599,353731.41269986395,88432.85317496599,367
350,7,29,35,7,35.0,7,35.0,1.0,660.7857142857143,1177.4285714285713,0.7491491772643939,1.2657175104763823,659.5,1175.0,662.0,1178.5,3.5,4.5,1303.315185546875,1290.035923549107,0.39303434785049624,0.056147763978642316,393034.34785049624,56147.76397864232,371
349,1,29,29,1,5.0,1,5.0,1.0,2017.0,803.0,0.0,0.0,2017.0,803.0,2017.0,803.0,1.0,1.0,1262.50390625,1262.50390625,0.03930355007726837,0.03930355007726837,39303.55007726837,39303.55007726837,370
347,1,29,29,1,5.0,1,5.0,1.0,118.0,379.0,0.0,0.0,118.0,379.0,118.0,379.0,1.0,1.0,1261.99951171875,1261.99951171875,0.03930355007726837,0.03930355007726837,39303.55007726837,39303.55007726837,368
348,1,29,29,1,5.0,1,5.0,1.0,750.0,621.0,0.0,0.0,750.0,621.0,750.0,621.0,1.0,1.0,1295.095703125,1295.095703125,0.03930355007726837,0.03930355007726837,39303.55007726837,39303.55007726837,369
357,5,29,35,7,35.0,5,25.0,0.7142857142857143,701.0,2010.3,0.6324555320336759,1.32664991614216,700.0,2008.5,702.0,2012.0,3.0,4.5,1316.1104736328125,1285.9081787109376,0.23582041654424513,0.047164083308849025,235820.41654424512,47164.083308849025,379
354,11,29,40,12,60.0,11,55.0,0.9166666666666666,942.2727272727273,1803.8106060606062,2.3942510345677883,1.7502131576859463,939.25,1801.0,946.25,1806.5,8.0,6.5,1289.8685302734375,1280.4910999644887,0.8646720680464909,0.07860655164059008,864672.0680464909,78606.55164059007,376
352,1,29,29,1,5.0,1,5.0,1.0,1693.0,1755.0,0.0,0.0,1693.0,1755.0,1693.0,1755.0,1.0,1.0,1294.703369140625,1294.703369140625,0.03930355007726837,0.03930355007726837,39303.55007726837,39303.55007726837,374
353,1,29,29,1,5.0,1,5.0,1.0,102.0,1790.0,0.0,0.0,102.0,1790.0,102.0,1790.0,1.0,1.0,1302.493896484375,1302.493896484375,0.03930355007726837,0.03930355007726837,39303.55007726837,39303.55007726837,375
356,1,29,29,1,5.0,1,5.0,1.0,617.0,1982.0,0.0,0.0,617.0,1982.0,617.0,1982.0,1.0,1.0,1330.20947265625,1330.20947265625,0.03930355007726837,0.03930355007726837,39303.55007726837,39303.55007726837,378
358,2,30,32,3,15.0,2,10.0,0.6666666666666666,1483.5,349.0,0.5,1.0,1483.0,348.0,1484.0,350.0,2.0,3.0,1263.9725341796875,1261.0517578125,0.07860694643968483,0.039303473219842414,78606.94643968483,39303.47321984242,380
359,1,30,30,1,5.0,1,5.0,1.0,1476.0,363.0,0.0,0.0,1476.0,363.0,1476.0,363.0,1.0,1.0,1277.722900390625,1277.722900390625,0.03930351165223984,0.03930351165223984,39303.51165223984,39303.51165223984,381
363,1,30,30,1,5.0,1,5.0,1.0,1960.0,1143.0,0.0,0.0,1960.0,1143.0,1960.0,1143.0,1.0,1.0,1255.072998046875,1255.072998046875,0.03930351165223984,0.03930351165223984,39303.51165223984,39303.51165223984,385
365,10,30,39,10,50.0,10,50.0,1.0,741.9541666666667,1743.1375,2.6269470292422157,1.221629433266184,738.5,1741.3333333333333,747.3333333333334,1745.0,9.833333333333371,4.6666666666667425,1306.188720703125,1295.5342895507813,1.4935270246193781,0.14935270246193783,1493527.0246193781,149352.70246193782,387
360,1,30,30,1,5.0,1,5.0,1.0,569.0,537.0,0.0,0.0,569.0,537.0,569.0,537.0,1.0,1.0,1265.0244140625,1265.0244140625,0.03930351165223984,0.03930351165223984,39303.51165223984,39303.51165223984,382
362,6,30,38,9,45.0,6,30.0,0.6666666666666666,957.0833333333334,684.9583333333334,2.588704094501511,1.5028907330726193,952.0,682.5,959.5,687.0,8.5,5.5,1286.9747314453125,1277.3279622395833,0.43233755207369656,0.07205625867894942,432337.55207369657,72056.25867894942,384
361,1,30,30,1,5.0,1,5.0,1.0,58.0,579.0,0.0,0.0,58.0,579.0,58.0,579.0,1.0,1.0,1311.49072265625,1311.49072265625,0.07860702330447968,0.07860702330447968,78607.02330447968,78607.02330447968,383
366,1,30,30,1,5.0,1,5.0,1.0,1901.0,1790.0,0.0,0.0,1901.0,1790.0,1901.0,1790.0,1.0,1.0,1319.031982421875,1319.031982421875,0.03930351165223984,0.03930351165223984,39303.51165223984,39303.51165223984,388
364,1,30,30,1,5.0,1,5.0,1.0,1901.0,1657.0,0.0,0.0,1901.0,1657.0,1901.0,1657.0,1.0,1.0,1268.7562255859375,1268.7562255859375,0.03930351165223984,0.03930351165223984,39303.51165223984,39303.51165223984,386
371,1,31,31,1,5.0,1,5.0,1.0,566.0,492.0,0.0,0.0,566.0,492.0,566.0,492.0,1.0,1.0,1281.818115234375,1281.818115234375,0.039303473219373115,0.039303473219373115,39303.47321937312,39303.47321937312,393
374,1,31,31,1,5.0,1,5.0,1.0,950.0,1805.0,0.0,0.0,950.0,1805.0,950.0,1805.0,1.0,1.0,1287.0771484375,1287.0771484375,0.039303473219373115,0.039303473219373115,39303.47321937312,39303.47321937312,396
373,1,31,31,1,5.0,1,5.0,1.0,1992.0,1695.0,0.0,0.0,1992.0,1695.0,1992.0,1695.0,1.0,1.0,1276.071044921875,1276.071044921875,0.039303473219373115,0.039303473219373115,39303.47321937312,39303.47321937312,395
368,1,31,31,1,5.0,1,5.0,1.0,552.0,362.0,0.0,0.0,552.0,362.0,552.0,362.0,1.0,1.0,1327.8756103515625,1327.8756103515625,0.039303473219373115,0.039303473219373115,39303.47321937312,39303.47321937312,390
370,3,31,33,3,15.0,3,15.0,1.0,567.6111111111112,467.5555555555556,0.28327886186625345,0.4157397096415507,567.3333333333334,467.0,568.0,468.0,1.6666666666666288,2.0,1318.458740234375,1311.5977783203125,0.23582064715039822,0.07860688238346607,235820.6471503982,78606.88238346607,392
369,18,31,49,19,95.0,18,90.0,0.9473684210526315,1892.8575923259746,396.6961746586747,1.5999387176595246,2.215936990472917,1890.3333333333335,393.5,1895.7916666666667,402.22222222222223,6.4583333333332575,9.722222222222229,1327.7100830078125,1315.8491617838542,5.738249597227051,0.3187916442903917,5738249.597227051,318791.6442903917,391
367,1,31,31,1,5.0,1,5.0,1.0,1997.0,17.0,0.0,0.0,1997.0,17.0,1997.0,17.0,1.0,1.0,1272.49267578125,1272.49267578125,0.039303473219373115,0.039303473219373115,39303.47321937312,39303.47321937312,389
372,19,31,49,19,95.0,19,95.0,1.0,2021.107484148916,795.6636333045466,1.2480865845276066,1.6942326850079548,2019.090909090909,793.25,2023.7826086956522,799.8,5.691699604743235,7.5499999999999545,1336.451416015625,1325.1639854029606,9.393411656130711,0.4943900871647743,9393411.65613071,494390.0871647743,394
384,4,32,38,7,35.0,4,20.0,0.5714285714285714,1061.125,1734.875,1.1388041973930374,1.6723860200324565,1060.0,1732.0,1063.0,1736.0,4.0,5.0,1309.1112060546875,1288.9647827148438,0.19651663589817053,0.04912915897454263,196516.63589817053,49129.15897454263,406
375,1,32,32,1,5.0,1,5.0,1.0,146.5,9.0,0.0,0.0,146.5,9.0,146.5,9.0,1.0,1.0,1352.54638671875,1352.54638671875,0.07860686957488998,0.07860686957488998,78606.86957488998,78606.86957488998,397
383,12,32,49,18,90.0,12,60.0,0.6666666666666666,1645.2253306878308,1680.5238095238094,1.7213320444154971,2.119278567760772,1642.5,1678.0,1648.0,1685.3333333333333,6.5,8.333333333333258,1316.38134765625,1296.5187581380208,1.8472482531371552,0.15393735442809628,1847248.2531371552,153937.35442809627,405
382,1,32,32,1,5.0,1,5.0,1.0,2025.0,1507.0,0.0,0.0,2025.0,1507.0,2025.0,1507.0,1.0,1.0,1305.2490234375,1305.2490234375,0.03930343478744499,0.03930343478744499,39303.43478744499,39303.43478744499,404
381,18,32,49,18,90.0,18,90.0,1.0,966.818819143819,1085.799903799904,1.6284436237972253,2.532753777133195,964.5,1082.7142857142858,969.7857142857142,1090.25,6.285714285714221,8.53571428571422,1321.806884765625,1311.5020548502605,4.716363175288002,0.262020176404889,4716363.175288002,262020.176404889,403
380,1,32,32,1,5.0,1,5.0,1.0,72.0,677.0,0.0,0.0,72.0,677.0,72.0,677.0,1.0,1.0,1268.85498046875,1268.85498046875,0.03930343478744499,0.03930343478744499,39303.43478744499,39303.43478744499,402
376,1,32,32,1,5.0,1,5.0,1.0,702.0,94.0,0.0,0.0,702.0,94.0,702.0,94.0,1.0,1.0,1257.4725341796875,1257.4725341796875,0.03930343478744499,0.03930343478744499,39303.43478744499,39303.43478744499,398
377,1,32,32,1,5.0,1,5.0,1.0,654.5,98.16666666666666,0.0,0.0,654.5,98.16666666666666,654.5,98.16666666666666,1.0,1.0,1296.65234375,1296.65234375,0.15721373914977996,0.15721373914977996,157213.73914977995,157213.73914977995,399
378,2,32,35,4,20.0,2,10.0,0.5,36.5,289.5,1.5,1.5,35.0,288.0,38.0,291.0,4.0,4.0,1347.124755859375,1314.5127563476562,0.07860675427701388,0.03930337713850694,78606.75427701388,39303.37713850694,400
379,4,32,35,4,20.0,4,20.0,1.0,366.75,472.5,0.82915619758885,2.692582403567252,366.0,469.0,368.0,476.0,3.0,8.0,1309.1622314453125,1278.7185668945312,0.15721350854547977,0.039303377136369944,157213.50854547977,39303.37713636994,401
387,1,32,32,1,5.0,1,5.0,1.0,1021.0,1871.0,0.0,0.0,1021.0,1871.0,1021.0,1871.0,1.0,1.0,1255.5555419921875,1255.5555419921875,0.03930343478744499,0.03930343478744499,39303.43478744499,39303.43478744499,409
386,1,32,32,1,5.0,1,5.0,1.0,1738.0,1834.0,0.0,0.0,1738.0,1834.0,1738.0,1834.0,1.0,1.0,1260.5877685546875,1260.5877685546875,0.03930343478744499,0.03930343478744499,39303.43478744499,39303.43478744499,408
385,1,32,32,1,5.0,1,5.0,1.0,1696.0,1758.5,0.0,0.0,1696.0,1758.5,1696.0,1758.5,1.0,1.0,1311.2099609375,1311.2099609375,0.07860686957488998,0.07860686957488998,78606.86957488998,78606.86957488998,407
391,1,33,33,1,5.0,1,5.0,1.0,749.0,590.0,0.0,0.0,749.0,590.0,749.0,590.0,1.0,1.0,1306.301513671875,1306.301513671875,0.039303396349317045,0.039303396349317045,39303.396349317045,39303.396349317045,413
388,2,33,35,3,15.0,2,10.0,0.6666666666666666,637.3,101.275,1.1999999999999886,1.7749999999999986,636.1,99.5,638.5,103.05,3.3999999999999773,4.549999999999997,1342.343505859375,1309.86181640625,0.5109439988216253,0.25547199941081267,510943.9988216253,255471.99941081266,410
389,4,33,36,4,20.0,4,20.0,1.0,667.1230059523809,106.92630952380952,1.17159017400309,2.784567409927584,666.0,103.19333333333334,669.0,109.83333333333333,4.0,7.639999999999986,1331.201416015625,1306.9890747070312,1.9651662435547048,0.4912915608886762,1965166.2435547048,491291.5608886762,411
390,3,33,36,4,20.0,3,15.0,0.75,660.0,125.0,0.816496580927726,0.816496580927726,659.0,124.0,661.0,126.0,3.0,3.0,1266.452880859375,1259.7154134114583,0.11790999690273789,0.03930333230091263,117909.99690273788,39303.33230091263,412
395,2,33,34,2,10.0,2,10.0,1.0,1843.75,1504.25,0.75,1.75,1843.0,1502.5,1844.5,1506.0,2.5,4.5,1264.703369140625,1259.881591796875,0.11791011218761471,0.058955056093807356,117910.11218761471,58955.056093807354,417
393,2,33,34,2,10.0,2,10.0,1.0,1980.5,1109.0,0.5,1.0,1980.0,1108.0,1981.0,1110.0,2.0,3.0,1254.9248046875,1254.7820434570312,0.07860675426846589,0.039303377134232945,78606.75426846588,39303.37713423294,415
398,1,33,33,1,5.0,1,5.0,1.0,829.0,1794.0,0.0,0.0,829.0,1794.0,829.0,1794.0,1.0,1.0,1260.9453125,1260.9453125,0.039303396349317045,0.039303396349317045,39303.396349317045,39303.396349317045,420
396,1,33,33,1,5.0,1,5.0,1.0,1445.375,1556.125,0.0,0.0,1445.375,1556.125,1445.375,1556.125,1.0,1.0,1293.9095458984375,1293.9095458984375,0.19651698174658522,0.19651698174658522,196516.98174658522,196516.98174658522,418
397,12,33,49,17,85.0,12,60.0,0.7058823529411765,248.58333333333334,1574.4166666666667,1.8008485654145256,2.3614378858841256,246.0,1572.0,252.0,1579.0,7.0,8.0,1339.451416015625,1305.8092651367188,0.786061163280719,0.06550509694005992,786061.163280719,65505.09694005992,419
392,1,33,33,1,5.0,1,5.0,1.0,303.0,910.0,0.0,0.0,303.0,910.0,303.0,910.0,1.0,1.0,1301.90087890625,1301.90087890625,0.039303396349317045,0.039303396349317045,39303.396349317045,39303.396349317045,414
394,1,33,33,1,5.0,1,5.0,1.0,1746.0,1214.0,0.0,0.0,1746.0,1214.0,1746.0,1214.0,1.0,1.0,1271.096435546875,1271.096435546875,0.039303396349317045,0.039303396349317045,39303.396349317045,39303.396349317045,416
399,4,34,38,5,25.0,4,20.0,0.8,1525.0,185.75,0.7071067811865476,1.6007810593582121,1524.0,183.5,1526.0,188.0,3.0,5.5,1287.1171875,1275.2424011230469,0.2358196863627694,0.05895492159069235,235819.6863627694,58954.92159069235,421
400,2,34,35,2,10.0,2,10.0,1.0,984.5,655.5,1.5,0.5,983.0,655.0,986.0,656.0,4.0,2.0,1270.185791015625,1268.61865234375,0.07860667740871774,0.03930333870435887,78606.67740871773,39303.33870435887,422
407,7,34,45,12,60.0,7,35.0,0.5833333333333334,674.2857142857143,2003.357142857143,2.3277386766857604,1.662920960974688,672.0,2002.0,678.5,2007.0,7.5,6.0,1305.052490234375,1281.2176688058037,0.35372795388415634,0.05053256484059376,353727.95388415636,50532.56484059376,429
406,1,34,34,1,5.0,1,5.0,1.0,1009.0,1876.0,0.0,0.0,1009.0,1876.0,1009.0,1876.0,1.0,1.0,1258.3294677734375,1258.3294677734375,0.03930335791914884,0.03930335791914884,39303.35791914884,39303.35791914884,428
405,2,34,35,2,10.0,2,10.0,1.0,1458.5,1611.5,1.5,1.5,1457.0,1610.0,1460.0,1613.0,4.0,4.0,1263.129150390625,1262.548583984375,0.07860667740871774,0.03930333870435887,78606.67740871773,39303.33870435887,427
404,4,34,41,8,40.0,4,20.0,0.5,1154.375,1517.25,2.042516829796024,0.4330127018922193,1151.0,1517.0,1156.0,1518.0,6.0,2.0,1315.7777099609375,1286.9523620605469,0.1965162131402993,0.049129053285074824,196516.21314029928,49129.05328507482,426
403,1,34,34,1,5.0,1,5.0,1.0,1526.0,1506.0,0.0,0.0,1526.0,1506.0,1526.0,1506.0,1.0,1.0,1284.8055419921875,1284.8055419921875,0.03930335791914884,0.03930335791914884,39303.35791914884,39303.35791914884,425
402,13,34,46,13,65.0,13,65.0,1.0,1767.0463369963372,1346.7199633699634,1.8844365688688514,2.2086429220235613,1764.5,1344.8,1770.4,1351.6666666666667,6.900000000000091,7.866666666666788,1312.27197265625,1305.7623666616587,2.0044586103405235,0.15418912387234796,2004458.6103405235,154189.12387234796,424
401,6,34,39,6,30.0,6,30.0,1.0,470.7291666666667,1223.4375,1.2256305066735604,1.7614949853273307,469.25,1221.125,472.625,1226.0,4.375,5.875,1333.29345703125,1317.1309000651042,1.13979526605204,0.18996587767534,1139795.26605204,189965.87767534002,423
417,1,35,35,1,5.0,1,5.0,1.0,903.0,1708.0,0.0,0.0,903.0,1708.0,903.0,1708.0,1.0,1.0,1283.5821533203125,1283.5821533203125,0.039303319489568896,0.039303319489568896,39303.319489568894,39303.319489568894,439
418,15,35,49,15,75.0,15,75.0,1.0,452.61777777777775,1756.708888888889,1.3839217847020246,1.5568470828909855,450.5,1755.3333333333333,455.2,1760.5,5.699999999999989,6.1666666666667425,1316.198974609375,1302.337060546875,1.7686348888997592,0.11790899259331727,1768634.8888997592,117908.99259331728,440
419,1,35,35,1,5.0,1,5.0,1.0,1147.0,1928.0,0.0,0.0,1147.0,1928.0,1147.0,1928.0,1.0,1.0,1311.39501953125,1311.39501953125,0.039303319489568896,0.039303319489568896,39303.319489568894,39303.319489568894,441
420,2,35,37,3,15.0,2,10.0,0.6666666666666666,331.25,1971.75,1.25,1.75,330.0,1970.0,332.5,1973.5,3.5,4.5,1298.9854736328125,1292.2485961914062,0.15721312424417866,0.07860656212208933,157213.12424417865,78606.56212208932,442
412,1,35,35,1,5.0,1,5.0,1.0,402.0,1311.0,0.0,0.0,402.0,1311.0,402.0,1311.0,1.0,1.0,1338.62890625,1338.62890625,0.039303319489568896,0.039303319489568896,39303.319489568894,39303.319489568894,434
411,6,35,41,7,35.0,6,30.0,0.8571428571428571,1987.3333333333333,1106.0833333333333,1.1055415967851334,1.7892425461319907,1986.0,1104.0,1989.0,1109.0,4.0,6.0,1298.6728515625,1275.888936360677,0.2751223140958945,0.04585371901598242,275122.3140958945,45853.71901598242,433
410,3,35,40,6,30.0,3,15.0,0.5,192.33333333333334,1103.3333333333333,1.247219128924647,1.247219128924647,191.0,1102.0,194.0,1105.0,4.0,4.0,1286.97265625,1276.12548828125,0.11790961259036686,0.039303204196788954,117909.61259036686,39303.20419678895,432
416,1,35,35,1,5.0,1,5.0,1.0,1847.0,1662.0,0.0,0.0,1847.0,1662.0,1847.0,1662.0,1.0,1.0,1268.421630859375,1268.421630859375,0.039303319489568896,0.039303319489568896,39303.319489568894,39303.319489568894,438
408,2,35,39,5,25.0,2,10.0,0.4,26.0,481.5,1.0,0.5,25.0,481.0,27.0,482.0,3.0,2.0,1319.321533203125,1292.6311645507812,0.07860648525486955,0.03930324262743477,78606.48525486955,39303.242627434774,430
415,4,35,39,5,25.0,4,20.0,0.8,1934.3125,1571.375,1.0807260291119114,1.9162137145944864,1933.0,1569.0,1936.0,1573.5,4.0,5.5,1321.55859375,1281.2718505859375,0.23581941735362205,0.05895485433840551,235819.41735362206,58954.854338405516,437
414,1,35,35,1,5.0,1,5.0,1.0,1841.0,1485.0,0.0,0.0,1841.0,1485.0,1841.0,1485.0,1.0,1.0,1265.11376953125,1265.11376953125,0.039303319489568896,0.039303319489568896,39303.319489568894,39303.319489568894,436
413,1,35,35,1,5.0,1,5.0,1.0,453.5,1385.0,0.0,0.0,453.5,1385.0,453.5,1385.0,1.0,1.0,1332.0684814453125,1332.0684814453125,0.07860663897913779,0.07860663897913779,78606.63897913779,78606.63897913779,435
409,1,35,35,1,5.0,1,5.0,1.0,569.0,486.0,0.0,0.0,569.0,486.0,569.0,486.0,1.0,1.0,1267.0433349609375,1267.0433349609375,0.039303319489568896,0.039303319489568896,39303.319489568894,39303.319489568894,431
428,2,36,38,3,15.0,2,10.0,0.6666666666666666,324.0,1974.0,1.0,1.0,323.0,1973.0,325.0,1975.0,3.0,3.0,1297.4783935546875,1288.41552734375,0.07860648526504316,0.03930324263252158,78606.48526504316,39303.24263252158,450
426,2,36,40,5,25.0,2,10.0,0.4,1105.0,1874.0,1.0,1.0,1104.0,1873.0,1106.0,1875.0,3.0,3.0,1280.4747314453125,1278.3901977539062,0.07860640839934926,0.03930320419967463,78606.40839934927,39303.204199674634,448
427,1,36,36,1,5.0,1,5.0,1.0,739.0,1882.0,0.0,0.0,739.0,1882.0,739.0,1882.0,1.0,1.0,1285.876220703125,1285.876220703125,0.03930328106385195,0.03930328106385195,39303.281063851944,39303.281063851944,449
424,1,36,36,1,5.0,1,5.0,1.0,944.0,1734.0,0.0,0.0,944.0,1734.0,944.0,1734.0,1.0,1.0,1302.6024169921875,1302.6024169921875,0.03930328106385195,0.03930328106385195,39303.281063851944,39303.281063851944,446
423,1,36,36,1,5.0,1,5.0,1.0,1140.0,597.0,0.0,0.0,1140.0,597.0,1140.0,597.0,1.0,1.0,1316.53662109375,1316.53662109375,0.03930328106385195,0.03930328106385195,39303.281063851944,39303.281063851944,445
422,1,36,36,1,5.0,1,5.0,1.0,647.0,484.0,0.0,0.0,647.0,484.0,647.0,484.0,1.0,1.0,1313.3531494140625,1313.3531494140625,0.03930328106385195,0.03930328106385195,39303.281063851944,39303.281063851944,444
421,2,36,37,2,10.0,2,10.0,1.0,464.5833333333333,378.6666666666667,0.5833333333333144,0.8333333333333144,464.0,377.83333333333337,465.16666666666663,379.5,2.1666666666666288,2.6666666666666288,1318.9852294921875,1314.8123168945312,0.23581960952044864,0.11790980476022432,235819.60952044863,117909.80476022432,443
425,1,36,36,1,5.0,1,5.0,1.0,829.0,1778.0,0.0,0.0,829.0,1778.0,829.0,1778.0,1.0,1.0,1258.346923828125,1258.346923828125,0.03930328106385195,0.03930328106385195,39303.281063851944,39303.281063851944,447
436,1,37,37,1,5.0,1,5.0,1.0,260.5,1594.0,0.0,0.0,260.5,1594.0,260.5,1594.0,1.0,1.0,1283.09765625,1283.09765625,0.07860648526504085,0.07860648526504085,78606.48526504086,78606.48526504086,458
431,2,37,38,2,10.0,2,10.0,1.0,1883.25,794.6,0.25,0.39999999999997726,1883.0,794.2,1883.5,795.0,1.5,1.7999999999999545,1322.090087890625,1321.3348388671875,0.4323354768010786,0.2161677384005393,432335.4768010786,216167.7384005393,453
430,4,37,44,8,40.0,4,20.0,0.5,897.0,599.0,1.5811388300841898,2.23606797749979,895.0,596.0,899.0,602.0,5.0,7.0,1285.2315673828125,1270.4659423828125,0.1572124324916638,0.03930310812291595,157212.4324916638,39303.10812291595,452
433,2,37,38,2,10.0,2,10.0,1.0,1154.5,1522.5,0.5,0.5,1154.0,1522.0,1155.0,1523.0,2.0,2.0,1313.92236328125,1313.3394775390625,0.07860644683371162,0.03930322341685581,78606.44683371163,39303.22341685581,455
434,1,37,37,1,5.0,1,5.0,1.0,1442.0,1551.0,0.0,0.0,1442.0,1551.0,1442.0,1551.0,1.0,1.0,1263.15380859375,1263.15380859375,0.03930324263252043,0.03930324263252043,39303.24263252043,39303.24263252043,456
435,1,37,37,1,5.0,1,5.0,1.0,1477.0,1592.0,0.0,0.0,1477.0,1592.0,1477.0,1592.0,1.0,1.0,1256.9442138671875,1256.9442138671875,0.03930324263252043,0.03930324263252043,39303.24263252043,39303.24263252043,457
437,1,37,37,1,5.0,1,5.0,1.0,1690.0,1755.0,0.0,0.0,1690.0,1755.0,1690.0,1755.0,1.0,1.0,1257.5316162109375,1257.5316162109375,0.03930324263252043,0.03930324263252043,39303.24263252043,39303.24263252043,459
429,1,37,37,1,5.0,1,5.0,1.0,653.4,102.05,0.0,0.0,653.4,102.05,653.4,102.05,1.0,1.0,1321.9222412109375,1321.9222412109375,0.27512269842764303,0.27512269842764303,275122.69842764304,275122.69842764304,451
432,1,37,37,1,5.0,1,5.0,1.0,1850.0,1185.0,0.0,0.0,1850.0,1185.0,1850.0,1185.0,1.0,1.0,1309.558837890625,1309.558837890625,0.03930324263252043,0.03930324263252043,39303.24263252043,39303.24263252043,454
438,1,38,38,1,5.0,1,5.0,1.0,655.0,96.8888888888889,0.0,0.0,655.0,96.8888888888889,655.0,96.8888888888889,1.0,1.0,1302.478515625,1302.478515625,0.393032042011912,0.393032042011912,393032.042011912,393032.042011912,460
439,1,38,38,1,5.0,1,5.0,1.0,210.56,142.90142857142857,0.0,0.0,210.56,142.90142857142857,210.56,142.90142857142857,1.0,1.0,1356.674072265625,1356.674072265625,1.4149153512428831,1.4149153512428831,1414915.3512428831,1414915.3512428831,461
449,1,38,38,1,5.0,1,5.0,1.0,1976.0,1841.0,0.0,0.0,1976.0,1841.0,1976.0,1841.0,1.0,1.0,1268.8389892578125,1268.8389892578125,0.039303204201191204,0.039303204201191204,39303.204201191205,39303.204201191205,472
450,1,38,38,1,5.0,1,5.0,1.0,1567.0,2036.0,0.0,0.0,1567.0,2036.0,1567.0,2036.0,1.0,1.0,1262.6444091796875,1262.6444091796875,0.039303204201191204,0.039303204201191204,39303.204201191205,39303.204201191205,473
448,5,38,44,7,35.0,5,25.0,0.7142857142857143,1706.45,1763.5099999999998,2.5612496949731396,1.3821722034536843,1703.0,1762.25,1709.5,1766.0,7.5,4.75,1312.979248046875,1288.8624267578125,0.47163660572473687,0.09432732114494738,471636.6057247369,94327.32114494737,471
445,10,38,48,11,55.0,10,50.0,0.9090909090909091,1302.1333333333332,1548.8666666666666,1.8912077270005623,4.07280956807186,1299.0,1542.0,1304.5,1556.3333333333333,6.5,15.333333333333258,1317.10595703125,1280.7675048828125,0.7860609326938851,0.07860609326938851,786060.932693885,78606.09326938851,468
444,4,38,46,9,45.0,4,20.0,0.4444444444444444,1521.125,1499.5,1.0231690964840563,2.0615528128088303,1519.5,1498.0,1522.0,1503.0,3.5,6.0,1265.427734375,1258.8914184570312,0.19651552140205783,0.04912888035051446,196515.52140205784,49128.88035051446,467
443,2,38,41,4,20.0,2,10.0,0.5,1546.5,1457.0,0.5,2.0,1546.0,1455.0,1547.0,1459.0,2.0,5.0,1302.1163330078125,1285.7415161132812,0.07860629310770656,0.03930314655385328,78606.29310770656,39303.14655385328,466
442,8,38,47,10,50.0,8,40.0,0.8,62.0,781.9375,3.400367627183861,1.4670868242881878,56.5,780.0,67.0,784.5,11.5,5.5,1303.63134765625,1280.8201904296875,0.5502429372702726,0.06878036715878408,550242.9372702726,68780.36715878408,464
440,1,38,38,1,5.0,1,5.0,1.0,484.0,285.0,0.0,0.0,484.0,285.0,484.0,285.0,1.0,1.0,1284.950439453125,1284.950439453125,0.039303204201191204,0.039303204201191204,39303.204201191205,39303.204201191205,462
447,2,38,39,2,10.0,2,10.0,1.0,1519.0,1577.5,1.0,0.5,1518.0,1577.0,1520.0,1578.0,3.0,2.0,1262.477783203125,1259.4492797851562,0.07860636996649184,0.03930318498324592,78606.36996649184,39303.18498324592,470
446,2,38,39,2,10.0,2,10.0,1.0,1900.3611111111113,1571.5833333333335,0.8611111111111995,0.08333333333337123,1899.5,1571.5,1901.2222222222224,1571.6666666666667,2.722222222222399,1.1666666666667425,1291.073974609375,1274.9563598632812,0.2751222372288856,0.1375611186144428,275122.23722888564,137561.11861444282,469
441,1,38,38,1,5.0,1,5.0,1.0,365.0,478.0,0.0,0.0,365.0,478.0,365.0,478.0,1.0,1.0,1257.144287109375,1257.144287109375,0.039303204201191204,0.039303204201191204,39303.204201191205,39303.204201191205,463
452,8,39,48,10,50.0,8,40.0,0.8,617.7291666666667,122.5625,1.69954548662608,0.7680128579652817,614.3333333333334,121.5,619.5,124.0,6.166666666666629,3.5,1344.3359375,1290.32666015625,0.43233317095540286,0.05404164636942536,432333.17095540283,54041.646369425354,475
455,1,39,39,1,5.0,1,5.0,1.0,1674.0,1572.0,0.0,0.0,1674.0,1572.0,1674.0,1572.0,1.0,1.0,1292.3865966796875,1292.3865966796875,0.03930316576530064,0.03930316576530064,39303.16576530064,39303.16576530064,478
456,1,39,39,1,5.0,1,5.0,1.0,947.5,1769.0,0.0,0.0,947.5,1769.0,947.5,1769.0,1.0,1.0,1278.2628173828125,1278.2628173828125,0.07860633153060129,0.07860633153060129,78606.33153060128,78606.33153060128,479
454,2,39,42,4,20.0,2,10.0,0.5,1972.5,1104.5,1.5,0.5,1971.0,1104.0,1974.0,1105.0,4.0,2.0,1271.57080078125,1269.0493774414062,0.07860621624201727,0.03930310812100864,78606.21624201727,39303.108121008634,477
451,4,39,44,6,30.0,4,20.0,0.6666666666666666,640.0463466183575,103.89371980676329,2.539443825914221,0.8768066035710558,637.0,102.94444444444444,643.7826086956521,105.0,7.782608695652129,3.055555555555557,1354.41943359375,1304.4410095214844,1.532818084701841,0.3832045211754603,1532818.084701841,383204.52117546025,474
453,10,39,48,10,50.0,10,50.0,1.0,488.88339285714284,277.56642857142856,1.6745948432473505,0.8738260346175969,487.0,276.4,491.57142857142856,279.0,5.571428571428555,3.6000000000000227,1338.4005126953125,1310.5098388671875,2.554695936785236,0.2554695936785236,2554695.936785236,255469.5936785236,476
465,1,40,40,1,5.0,1,5.0,1.0,1449.0,1560.0,0.0,0.0,1449.0,1560.0,1449.0,1560.0,1.0,1.0,1276.9954833984375,1276.9954833984375,0.03930312733549731,0.03930312733549731,39303.12733549731,39303.12733549731,488
467,1,40,40,1,5.0,1,5.0,1.0,1133.0,1873.0,0.0,0.0,1133.0,1873.0,1133.0,1873.0,1.0,1.0,1275.2071533203125,1275.2071533203125,0.07860625467099462,0.07860625467099462,78606.25467099462,78606.25467099462,490
466,10,40,49,10,50.0,10,50.0,1.0,747.7083333333333,1737.5158333333334,2.377291292393295,0.9463853014966401,744.0,1736.0,751.0,1738.6,8.0,3.599999999999909,1306.8692626953125,1296.8267822265625,2.004453460719044,0.2004453460719044,2004453.460719044,200445.3460719044,489
468,1,40,40,1,5.0,1,5.0,1.0,890.0,1929.0,0.0,0.0,890.0,1929.0,890.0,1929.0,1.0,1.0,1256.5059814453125,1256.5059814453125,0.03930312733549731,0.03930312733549731,39303.12733549731,39303.12733549731,491
462,3,40,47,8,40.0,3,15.0,0.375,544.9166666666666,1185.3333333333333,2.257702864024011,0.11785113019775792,542.0,1185.25,547.5,1185.5,6.5,1.25,1296.852294921875,1283.1313069661458,0.3537268394327733,0.11790894647759109,353726.8394327733,117908.94647759109,485
463,3,40,44,5,25.0,3,15.0,0.6,1584.6666666666667,1419.5,2.0138409955990957,0.408248290463863,1583.0,1419.0,1587.5,1420.0,5.5,2.0,1318.025634765625,1290.1025797526042,0.23581837971827754,0.07860612657275919,235818.37971827755,78606.12657275918,486
469,1,40,40,1,5.0,1,5.0,1.0,669.0,1975.5,0.0,0.0,669.0,1975.5,669.0,1975.5,1.0,1.0,1291.379150390625,1291.379150390625,0.07860625467099462,0.07860625467099462,78606.25467099462,78606.25467099462,492
457,1,40,40,1,5.0,1,5.0,1.0,303.0,263.0,0.0,0.0,303.0,263.0,303.0,263.0,1.0,1.0,1309.82470703125,1309.82470703125,0.03930312733549731,0.03930312733549731,39303.12733549731,39303.12733549731,480
458,1,40,40,1,5.0,1,5.0,1.0,1828.0,284.0,0.0,0.0,1828.0,284.0,1828.0,284.0,1.0,1.0,1284.251220703125,1284.251220703125,0.03930312733549731,0.03930312733549731,39303.12733549731,39303.12733549731,481
459,5,40,44,5,25.0,5,25.0,1.0,1124.9666666666667,728.6333333333333,1.6478942792410662,0.22110831935701408,1123.0,728.3333333333334,1127.3333333333333,729.0,5.3333333333332575,1.6666666666666288,1331.58837890625,1327.154638671875,0.4716364135704659,0.09432728271409317,471636.41357046587,94327.28271409318,482
460,5,40,44,5,25.0,5,25.0,1.0,479.5,1120.0,1.8439088914585775,0.0,477.0,1120.0,482.0,1120.0,6.0,1.0,1315.317626953125,1310.5981689453124,0.23581830285937522,0.04716366057187504,235818.30285937522,47163.66057187504,483
461,8,40,48,9,45.0,8,40.0,0.8888888888888888,1843.0145833333333,1163.7208333333333,1.7857739821371001,0.3107730057632304,1839.5,1163.0,1845.2,1164.0,6.7000000000000455,2.0,1303.6025390625,1297.6053009033203,1.0218772756416385,0.12773465945520482,1021877.2756416386,127734.65945520482,484
464,1,40,40,1,5.0,1,5.0,1.0,1252.0,1523.0,0.0,0.0,1252.0,1523.0,1252.0,1523.0,1.0,1.0,1266.4952392578125,1266.4952392578125,0.03930312733549731,0.03930312733549731,39303.12733549731,39303.12733549731,487
471,1,41,41,1,5.0,1,5.0,1.0,577.5,493.5,0.0,0.0,577.5,493.5,577.5,493.5,1.0,1.0,1292.3985595703125,1292.3985595703125,0.1572123556260614,0.1572123556260614,157212.35562606138,157212.35562606138,494
478,1,41,41,1,5.0,1,5.0,1.0,1151.826923076923,1886.8846153846152,0.0,0.0,1151.826923076923,1886.8846153846152,1151.826923076923,1886.8846153846152,1.0,1.0,1321.60400390625,1321.60400390625,1.0611834004759144,1.0611834004759144,1061183.4004759144,1061183.4004759144,501
474,1,41,41,1,5.0,1,5.0,1.0,1266.578125,1537.0625,0.0,0.0,1266.578125,1537.0625,1266.578125,1537.0625,1.0,1.0,1337.24609375,1337.24609375,1.2970019339150065,1.2970019339150065,1297001.9339150065,1297001.9339150065,497
473,1,41,41,1,5.0,1,5.0,1.0,1675.0,1471.0,0.0,0.0,1675.0,1471.0,1675.0,1471.0,1.0,1.0,1255.73583984375,1255.73583984375,0.03930308890651535,0.03930308890651535,39303.088906515346,39303.088906515346,496
477,1,41,41,1,5.0,1,5.0,1.0,1012.0,1870.0,0.0,0.0,1012.0,1870.0,1012.0,1870.0,1.0,1.0,1268.883544921875,1268.883544921875,0.03930308890651535,0.03930308890651535,39303.088906515346,39303.088906515346,500
472,1,41,41,1,5.0,1,5.0,1.0,440.0,1210.0,0.0,0.0,440.0,1210.0,440.0,1210.0,1.0,1.0,1300.01171875,1300.01171875,0.03930308890651535,0.03930308890651535,39303.088906515346,39303.088906515346,495
470,9,41,49,9,45.0,9,45.0,1.0,33.84444444444445,480.87777777777774,2.6679655401554183,0.9639249112705284,30.5,479.375,37.5,482.0,8.0,3.625,1343.5054931640625,1328.7462022569443,1.2183899533341018,0.13537666148156688,1218389.953334102,135376.66148156687,493
476,1,41,41,1,5.0,1,5.0,1.0,60.0,1858.0,0.0,0.0,60.0,1858.0,60.0,1858.0,1.0,1.0,1255.7098388671875,1255.7098388671875,0.03930308890651535,0.03930308890651535,39303.088906515346,39303.088906515346,499
475,9,41,49,9,45.0,9,45.0,1.0,957.1129629629629,1821.3407407407406,0.8213124763532293,0.818426339706488,955.8,1820.6666666666667,958.3333333333334,1823.5,3.5333333333334167,3.8333333333332575,1296.271484375,1291.9756944444443,1.4542081024686533,0.1615786780520726,1454208.1024686533,161578.6780520726,498
480,6,42,47,6,30.0,6,30.0,1.0,443.5416666666667,365.73611111111114,1.044994683665371,0.35491478719946157,442.0,365.0,445.0,366.0,4.0,2.0,1311.5777587890625,1294.6060384114583,0.4323324023549961,0.07205540039249934,432332.40235499607,72055.40039249934,503
484,1,42,42,1,5.0,1,5.0,1.0,1524.0,1575.0,0.0,0.0,1524.0,1575.0,1524.0,1575.0,1.0,1.0,1259.28662109375,1259.28662109375,0.03930305047671663,0.03930305047671663,39303.05047671663,39303.05047671663,507
483,1,42,42,1,5.0,1,5.0,1.0,1449.0,625.0,0.0,0.0,1449.0,625.0,1449.0,625.0,1.0,1.0,1308.158447265625,1308.158447265625,0.03930305047671663,0.03930305047671663,39303.05047671663,39303.05047671663,506
481,2,42,43,2,10.0,2,10.0,1.0,606.5,533.0,1.5,0.0,605.0,533.0,608.0,533.0,4.0,1.0,1280.949951171875,1273.0834350585938,0.07860606252351984,0.03930303126175992,78606.06252351984,39303.03126175992,504
482,1,42,42,1,5.0,1,5.0,1.0,1299.5,583.0,0.0,0.0,1299.5,583.0,1299.5,583.0,1.0,1.0,1327.72314453125,1327.72314453125,0.07860610095343326,0.07860610095343326,78606.10095343326,78606.10095343326,505
486,2,42,43,2,10.0,2,10.0,1.0,1323.25,1929.0,1.25,0.0,1322.0,1929.0,1324.5,1929.0,3.5,1.0,1305.5419921875,1304.5734252929688,0.11790907457032306,0.05895453728516153,117909.07457032305,58954.537285161525,509
485,1,42,42,1,5.0,1,5.0,1.0,1794.0,1750.0,0.0,0.0,1794.0,1750.0,1794.0,1750.0,1.0,1.0,1309.90576171875,1309.90576171875,0.03930305047671663,0.03930305047671663,39303.05047671663,39303.05047671663,508
479,1,42,42,1,5.0,1,5.0,1.0,1293.0,263.0,0.0,0.0,1293.0,263.0,1293.0,263.0,1.0,1.0,1296.589111328125,1296.589111328125,0.03930305047671663,0.03930305047671663,39303.05047671663,39303.05047671663,502
496,3,43,45,3,15.0,3,15.0,1.0,1145.0,1515.6666666666667,0.408248290463863,0.23570226039551584,1144.5,1515.5,1145.5,1516.0,2.0,1.5,1331.01318359375,1324.8457845052083,0.19651490651495984,0.06550496883831995,196514.90651495985,65504.968838319954,519
500,2,43,44,2,10.0,2,10.0,1.0,953.625,1803.875,0.375,0.125,953.25,1803.75,954.0,1804.0,1.75,1.25,1289.294189453125,1285.0623168945312,0.23581795699178795,0.11790897849589398,235817.95699178794,117908.97849589397,523
499,1,43,43,1,5.0,1,5.0,1.0,950.0,1765.0,0.0,0.0,950.0,1765.0,950.0,1765.0,1.0,1.0,1263.6915283203125,1263.6915283203125,0.03930301204680321,0.03930301204680321,39303.01204680321,39303.01204680321,522
498,2,43,44,2,10.0,2,10.0,1.0,1907.25,1567.5,0.75,0.5,1906.5,1567.0,1908.0,1568.0,2.5,2.0,1271.9224853515625,1270.3206176757812,0.15721197132785864,0.07860598566392932,157211.97132785863,78605.98566392931,521
497,1,43,43,1,5.0,1,5.0,1.0,1280.1833333333334,1530.8833333333332,0.0,0.0,1280.1833333333334,1530.8833333333332,1280.1833333333334,1530.8833333333332,1.0,1.0,1344.023681640625,1344.023681640625,1.2183933734508996,1.2183933734508996,1218393.3734508995,1218393.3734508995,520
493,1,43,43,1,5.0,1,5.0,1.0,1043.0,1016.0,0.0,0.0,1043.0,1016.0,1043.0,1016.0,1.0,1.0,1340.706787109375,1340.706787109375,0.03930301204680321,0.03930301204680321,39303.01204680321,39303.01204680321,516
494,1,43,43,1,5.0,1,5.0,1.0,547.0,1180.0,0.0,0.0,547.0,1180.0,547.0,1180.0,1.0,1.0,1290.1234130859375,1290.1234130859375,0.03930301204680321,0.03930301204680321,39303.01204680321,39303.01204680321,517
488,7,43,49,7,35.0,7,35.0,1.0,467.07142857142856,375.57142857142856,1.2079667518062687,0.5624291338579865,465.5,374.5,469.0,376.0,4.5,2.5,1319.7470703125,1303.6569301060267,0.35372607085059765,0.050532295835799663,353726.07085059764,50532.29583579966,511
495,1,43,43,1,5.0,1,5.0,1.0,471.5,1218.0,0.0,0.0,471.5,1218.0,471.5,1218.0,1.0,1.0,1289.44970703125,1289.44970703125,0.07860602409360642,0.07860602409360642,78606.02409360642,78606.02409360642,518
489,1,43,43,1,5.0,1,5.0,1.0,349.0,447.5,0.0,0.0,349.0,447.5,349.0,447.5,1.0,1.0,1270.2476806640625,1270.2476806640625,0.07860602409360642,0.07860602409360642,78606.02409360642,78606.02409360642,512
490,1,43,43,1,5.0,1,5.0,1.0,406.0,450.0,0.0,0.0,406.0,450.0,406.0,450.0,1.0,1.0,1272.165283203125,1272.165283203125,0.03930301204680321,0.03930301204680321,39303.01204680321,39303.01204680321,513
491,1,43,43,1,5.0,1,5.0,1.0,372.0,482.0,0.0,0.0,372.0,482.0,372.0,482.0,1.0,1.0,1263.043701171875,1263.043701171875,0.03930301204680321,0.03930301204680321,39303.01204680321,39303.01204680321,514
492,3,43,49,7,35.0,3,15.0,0.42857142857142855,962.0,684.0,0.816496580927726,0.816496580927726,961.0,683.0,963.0,685.0,3.0,3.0,1282.620361328125,1268.656982421875,0.11790869028704992,0.03930289676234997,117908.69028704992,39302.89676234997,515
487,1,43,43,1,5.0,1,5.0,1.0,963.0,69.0,0.0,0.0,963.0,69.0,963.0,69.0,1.0,1.0,1258.0682373046875,1258.0682373046875,0.03930301204680321,0.03930301204680321,39303.01204680321,39303.01204680321,510
509,4,44,49,6,30.0,4,20.0,0.6666666666666666,337.1770833333333,1966.9088541666667,2.9939718080670015,0.37000250738169443,332.75,1966.5,341.0,1967.46875,9.25,1.96875,1321.2197265625,1309.1336669921875,1.0611760222411613,0.2652940055602903,1061176.0222411612,265294.0055602903,532
507,1,44,44,1,5.0,1,5.0,1.0,1858.2129629629628,1195.861111111111,0.0,0.0,1858.2129629629628,1195.861111111111,1858.2129629629628,1195.861111111111,1.0,1.0,1322.1573486328125,1322.1573486328125,0.6681505514911437,0.6681505514911437,668150.5514911436,668150.5514911436,530
506,1,44,44,1,5.0,1,5.0,1.0,58.0,765.0,0.0,0.0,58.0,765.0,58.0,765.0,1.0,1.0,1262.126220703125,1262.126220703125,0.039302973617126105,0.039302973617126105,39302.9736171261,39302.9736171261,529
501,5,44,49,6,30.0,5,25.0,0.8333333333333334,214.3666666666667,376.0,1.0974718422102867,0.21081851067787996,213.0,375.6666666666667,216.0,376.3333333333333,4.0,1.6666666666666288,1298.9139404296875,1289.2864013671874,0.393028468052609,0.0786056936105218,393028.468052609,78605.6936105218,524
502,1,44,44,1,5.0,1,5.0,1.0,56.0,466.0,0.0,0.0,56.0,466.0,56.0,466.0,1.0,1.0,1320.0675048828125,1320.0675048828125,0.039302973617126105,0.039302973617126105,39302.9736171261,39302.9736171261,525
503,1,44,44,1,5.0,1,5.0,1.0,368.0,471.0,0.0,0.0,368.0,471.0,368.0,471.0,1.0,1.0,1278.1397705078125,1278.1397705078125,0.039302973617126105,0.039302973617126105,39302.9736171261,39302.9736171261,526
505,4,44,47,4,20.0,4,20.0,1.0,998.7083333333334,660.1666666666666,1.293010054098587,0.35355339059328716,997.0,659.6666666666666,1000.3333333333334,660.5,4.333333333333371,1.8333333333333712,1279.0628662109375,1272.9639282226562,0.43233217178092315,0.10808304294523079,432332.17178092315,108083.04294523079,528
504,2,44,45,2,10.0,2,10.0,1.0,564.0,523.5,0.0,0.5,564.0,523.0,564.0,524.0,1.0,2.0,1283.9913330078125,1281.7489013671875,0.07860590880422733,0.03930295440211366,78605.90880422732,39302.95440211366,527
508,5,44,49,6,30.0,5,25.0,0.8333333333333334,1842.7,1484.8,2.7129319932501073,2.481934729198171,1839.0,1481.0,1847.0,1488.0,9.0,8.0,1316.098388671875,1288.19384765625,0.2751200851854935,0.05502401703709871,275120.0851854935,55024.01703709871,531
510,1,45,45,1,5.0,1,5.0,1.0,357.0,249.0,0.0,0.0,357.0,249.0,357.0,249.0,1.0,1.0,1322.617431640625,1322.617431640625,0.03930293518710122,0.03930293518710122,39302.93518710122,39302.93518710122,533
511,2,45,48,4,20.0,2,10.0,0.5,354.0,448.0,1.0,0.0,353.0,448.0,355.0,448.0,3.0,1.0,1278.4326171875,1278.317626953125,0.07860575509174478,0.03930287754587239,78605.75509174478,39302.87754587239,534
516,3,45,47,3,15.0,3,15.0,1.0,948.0,1801.5,0.7359800721939872,0.2041241452319315,947.25,1801.25,949.0,1801.75,2.75,1.5,1294.35693359375,1282.7706298828125,0.35372607083301355,0.11790869027767119,353726.07083301357,117908.6902776712,539
515,1,45,45,1,5.0,1,5.0,1.0,1894.0,1559.0,0.0,0.0,1894.0,1559.0,1894.0,1559.0,1.0,1.0,1263.425048828125,1263.425048828125,0.03930293518710122,0.03930293518710122,39302.93518710122,39302.93518710122,538
514,1,45,45,1,5.0,1,5.0,1.0,1686.0,1459.0,0.0,0.0,1686.0,1459.0,1686.0,1459.0,1.0,1.0,1262.4296875,1262.4296875,0.03930293518710122,0.03930293518710122,39302.93518710122,39302.93518710122,537
513,2,45,46,2,10.0,2,10.0,1.0,227.25,1432.0,0.75,0.0,226.5,1432.0,228.0,1432.0,2.5,1.0,1292.848388671875,1281.2796630859375,0.11790872870242676,0.05895436435121338,117908.72870242676,58954.36435121338,536
517,1,45,45,1,5.0,1,5.0,1.0,1100.0,1870.0,0.0,0.0,1100.0,1870.0,1100.0,1870.0,1.0,1.0,1270.20849609375,1270.20849609375,0.03930293518710122,0.03930293518710122,39302.93518710122,39302.93518710122,540
512,1,45,45,1,5.0,1,5.0,1.0,904.0,599.0,0.0,0.0,904.0,599.0,904.0,599.0,1.0,1.0,1282.6756591796875,1282.6756591796875,0.03930293518710122,0.03930293518710122,39302.93518710122,39302.93518710122,535
523,3,46,49,4,20.0,3,15.0,0.75,1450.527777777778,1559.3333333333333,0.9867955371294728,0.2721655269759396,1449.3333333333335,1559.0,1451.75,1559.6666666666667,3.416666666666515,1.6666666666667425,1288.4931640625,1278.0896402994792,0.4323311726749175,0.14411039089163916,432331.1726749175,144110.39089163917,546
525,4,46,49,4,20.0,4,20.0,1.0,1066.2122023809525,1727.9327380952382,0.29170113377494683,0.38637647082972953,1065.857142857143,1727.6666666666667,1066.6666666666667,1728.6,1.8095238095238528,1.9333333333331666,1327.8216552734375,1326.2359313964844,0.9039652036816703,0.22599130092041758,903965.2036816704,225991.3009204176,548
524,4,46,49,4,20.0,4,20.0,1.0,733.3333333333334,1720.4166666666667,1.0206207261596576,1.0307764064044196,732.5,1719.5,735.0,1722.0,3.5,3.5,1314.30224609375,1296.0347595214844,0.31442267453083933,0.07860566863270983,314422.6745308393,78605.66863270983,547
518,3,46,48,3,15.0,3,15.0,1.0,251.66666666666666,440.5,1.247219128924647,1.4719601443879744,250.0,438.5,253.0,442.0,4.0,4.5,1280.2403564453125,1267.6410319010417,0.15721139489985708,0.05240379829995236,157211.39489985708,52403.79829995237,541
521,1,46,46,1,5.0,1,5.0,1.0,1827.0,1229.0,0.0,0.0,1827.0,1229.0,1827.0,1229.0,1.0,1.0,1282.1495361328125,1282.1495361328125,0.07860579351532554,0.07860579351532554,78605.79351532554,78605.79351532554,544
522,1,46,46,1,5.0,1,5.0,1.0,870.0,1305.0,0.0,0.0,870.0,1305.0,870.0,1305.0,1.0,1.0,1287.35498046875,1287.35498046875,0.03930289675766277,0.03930289675766277,39302.89675766277,39302.89675766277,545
520,1,46,46,1,5.0,1,5.0,1.0,1983.0,1109.0,0.0,0.0,1983.0,1109.0,1983.0,1109.0,1.0,1.0,1267.997802734375,1267.997802734375,0.03930289675766277,0.03930289675766277,39302.89675766277,39302.89675766277,543
519,1,46,46,1,5.0,1,5.0,1.0,916.0,575.0,0.0,0.0,916.0,575.0,916.0,575.0,1.0,1.0,1276.787109375,1276.787109375,0.03930289675766277,0.03930289675766277,39302.89675766277,39302.89675766277,542
526,1,46,46,1,5.0,1,5.0,1.0,948.0,1883.0,0.0,0.0,948.0,1883.0,948.0,1883.0,1.0,1.0,1288.2967529296875,1288.2967529296875,0.03930289675766277,0.03930289675766277,39302.89675766277,39302.89675766277,549
532,1,47,47,1,5.0,1,5.0,1.0,1676.0,1570.0,0.0,0.0,1676.0,1570.0,1676.0,1570.0,1.0,1.0,1273.9471435546875,1273.9471435546875,0.0393028583329072,0.0393028583329072,39302.8583329072,39302.8583329072,555
530,3,47,49,3,15.0,3,15.0,1.0,662.3888888888889,1173.1666666666667,0.07856742013182075,0.36004114991150105,662.3333333333334,1172.6666666666667,662.5,1173.5,1.1666666666666288,1.8333333333332575,1305.80712890625,1300.9898274739583,0.39302816064298796,0.13100938688099598,393028.16064298793,131009.38688099598,553
535,1,47,47,1,5.0,1,5.0,1.0,1570.25,2031.5,0.0,0.0,1570.25,2031.5,1570.25,2031.5,1.0,1.0,1285.5550537109375,1285.5550537109375,0.1179085749987216,0.1179085749987216,117908.5749987216,117908.5749987216,558
533,1,47,47,1,5.0,1,5.0,1.0,1457.0,1612.0,0.0,0.0,1457.0,1612.0,1457.0,1612.0,1.0,1.0,1303.2353515625,1303.2353515625,0.0393028583329072,0.0393028583329072,39302.8583329072,39302.8583329072,556
534,1,47,47,1,5.0,1,5.0,1.0,1015.0,1870.0,0.0,0.0,1015.0,1870.0,1015.0,1870.0,1.0,1.0,1292.248779296875,1292.248779296875,0.0393028583329072,0.0393028583329072,39302.8583329072,39302.8583329072,557
529,1,47,47,1,5.0,1,5.0,1.0,537.0,296.0,0.0,0.0,537.0,296.0,537.0,296.0,1.0,1.0,1286.854248046875,1286.854248046875,0.0393028583329072,0.0393028583329072,39302.8583329072,39302.8583329072,552
531,3,47,49,3,15.0,3,15.0,1.0,1157.7222222222224,1517.111111111111,0.20786985482076778,0.43744488188953223,1157.5,1516.5,1158.0,1517.5,1.5,2.0,1317.45458984375,1316.14208984375,0.3537253407321404,0.11790844691071346,353725.3407321404,117908.44691071346,554
527,2,47,49,3,15.0,2,10.0,0.6666666666666666,212.75,148.0,0.25,0.0,212.5,148.0,213.0,148.0,1.5,1.0,1309.84423828125,1306.1266479492188,0.19651413796388945,0.09825706898194472,196514.13796388946,98257.06898194473,550
528,1,47,47,1,5.0,1,5.0,1.0,1439.0,260.5,0.0,0.0,1439.0,260.5,1439.0,260.5,1.0,1.0,1310.804443359375,1310.804443359375,0.0786057166658144,0.0786057166658144,78605.7166658144,78605.7166658144,551
536,2,48,49,2,10.0,2,10.0,1.0,723.6785714285714,41.75,0.1785714285714448,0.25,723.5,41.5,723.8571428571429,42.0,1.3571428571428896,1.5,1322.748779296875,1306.3214721679688,0.3537251101873746,0.1768625550936873,353725.11018737464,176862.55509368732,559
543,2,48,49,2,10.0,2,10.0,1.0,552.375,1183.125,0.375,0.125,552.0,1183.0,552.75,1183.25,1.75,1.25,1316.919677734375,1287.5892333984375,0.19651406110115813,0.09825703055057906,196514.06110115812,98257.03055057906,566
542,1,48,48,1,5.0,1,5.0,1.0,995.5,654.75,0.0,0.0,995.5,654.75,995.5,654.75,1.0,1.0,1270.7138671875,1270.7138671875,0.11790845971393066,0.11790845971393066,117908.45971393066,117908.45971393066,565
541,1,48,48,1,5.0,1,5.0,1.0,917.6666666666666,569.0,0.0,0.0,917.6666666666666,569.0,917.6666666666666,569.0,1.0,1.0,1270.1025390625,1270.1025390625,0.11790845971393066,0.11790845971393066,117908.45971393066,117908.45971393066,564
540,1,48,48,1,5.0,1,5.0,1.0,633.5,477.0,0.0,0.0,633.5,477.0,633.5,477.0,1.0,1.0,1345.4990234375,1345.4990234375,0.0786056398092871,0.0786056398092871,78605.6398092871,78605.6398092871,563
539,1,48,48,1,5.0,1,5.0,1.0,371.0,477.0,0.0,0.0,371.0,477.0,371.0,477.0,1.0,1.0,1266.28173828125,1266.28173828125,0.03930281990464355,0.03930281990464355,39302.81990464355,39302.81990464355,562
538,1,48,48,1,5.0,1,5.0,1.0,896.0,472.0,0.0,0.0,896.0,472.0,896.0,472.0,1.0,1.0,1264.70263671875,1264.70263671875,0.03930281990464355,0.03930281990464355,39302.81990464355,39302.81990464355,561
537,1,48,48,1,5.0,1,5.0,1.0,661.0,120.0,0.0,0.0,661.0,120.0,661.0,120.0,1.0,1.0,1267.1478271484375,1267.1478271484375,0.03930281990464355,0.03930281990464355,39302.81990464355,39302.81990464355,560
544,1,48,48,1,5.0,1,5.0,1.0,1054.0,1320.5,0.0,0.0,1054.0,1320.5,1054.0,1320.5,1.0,1.0,1331.9735107421875,1331.9735107421875,0.0786056398092871,0.0786056398092871,78605.6398092871,78605.6398092871,567
550,2,48,49,2,10.0,2,10.0,1.0,1590.0,1928.25,0.0,0.25,1590.0,1928.0,1590.0,1928.5,1.0,1.5,1319.7725830078125,1297.5350341796875,0.11790838286981142,0.05895419143490571,117908.38286981142,58954.19143490571,573
547,2,48,49,2,10.0,2,10.0,1.0,1901.75,1570.25,2.25,0.25,1899.5,1570.0,1904.0,1570.5,5.5,1.5,1272.446044921875,1266.748046875,0.11790842129187104,0.05895421064593552,117908.42129187104,58954.21064593552,570
548,1,48,48,1,5.0,1,5.0,1.0,0.0,1587.0,0.0,0.0,0.0,1587.0,0.0,1587.0,1.0,1.0,1319.28857421875,1319.28857421875,0.03930281990464355,0.03930281990464355,39302.81990464355,39302.81990464355,571
551,1,48,48,1,5.0,1,5.0,1.0,334.83333333333337,1961.8333333333335,0.0,0.0,334.83333333333337,1961.8333333333335,334.83333333333337,1961.8333333333335,1.0,1.0,1305.737548828125,1305.737548828125,0.39302819904643554,0.39302819904643554,393028.19904643553,393028.19904643553,574
549,1,48,48,1,5.0,1,5.0,1.0,132.0,1906.0,0.0,0.0,132.0,1906.0,132.0,1906.0,1.0,1.0,1326.95556640625,1326.95556640625,0.03930281990464355,0.03930281990464355,39302.81990464355,39302.81990464355,572
546,1,48,48,1,5.0,1,5.0,1.0,1249.0,1540.5,0.0,0.0,1249.0,1540.5,1249.0,1540.5,1.0,1.0,1273.515869140625,1273.515869140625,0.0786056398092871,0.0786056398092871,78605.6398092871,78605.6398092871,569
545,1,48,48,1,5.0,1,5.0,1.0,1355.0,1510.0,0.0,0.0,1355.0,1510.0,1355.0,1510.0,1.0,1.0,1266.332763671875,1266.332763671875,0.03930281990464355,0.03930281990464355,39302.81990464355,39302.81990464355,568
552,1,49,49,1,5.0,1,5.0,1.0,1578.75,396.75,0.0,0.0,1578.75,396.75,1578.75,396.75,1.0,1.0,1304.0595703125,1304.0595703125,0.1179083444477518,0.1179083444477518,117908.3444477518,117908.3444477518,575
554,1,49,49,1,5.0,1,5.0,1.0,64.0,785.0,0.0,0.0,64.0,785.0,64.0,785.0,1.0,1.0,1297.31201171875,1297.31201171875,0.03930278148258393,0.03930278148258393,39302.78148258393,39302.78148258393,577
555,1,49,49,1,5.0,1,5.0,1.0,1220.0,840.0,0.0,0.0,1220.0,840.0,1220.0,840.0,1.0,1.0,1282.82177734375,1282.82177734375,0.03930278148258393,0.03930278148258393,39302.78148258393,39302.78148258393,578
556,1,49,49,1,5.0,1,5.0,1.0,1845.0,1172.0,0.0,0.0,1845.0,1172.0,1845.0,1172.0,1.0,1.0,1259.3995361328125,1259.3995361328125,0.03930278148258393,0.03930278148258393,39302.78148258393,39302.78148258393,579
557,1,49,49,1,5.0,1,5.0,1.0,1533.0,1589.0,0.0,0.0,1533.0,1589.0,1533.0,1589.0,1.0,1.0,1301.46240234375,1301.46240234375,0.03930278148258393,0.03930278148258393,39302.78148258393,39302.78148258393,580
558,1,49,49,1,5.0,1,5.0,1.0,942.0,1798.0,0.0,0.0,942.0,1798.0,942.0,1798.0,1.0,1.0,1265.9287109375,1265.9287109375,0.1179083444477518,0.1179083444477518,117908.3444477518,117908.3444477518,581
559,1,49,49,1,5.0,1,5.0,1.0,375.0,1867.0,0.0,0.0,375.0,1867.0,375.0,1867.0,1.0,1.0,1257.6519775390625,1257.6519775390625,0.03930278148258393,0.03930278148258393,39302.78148258393,39302.78148258393,582
553,1,49,49,1,5.0,1,5.0,1.0,898.0,596.0,0.0,0.0,898.0,596.0,898.0,596.0,1.0,1.0,1274.7392578125,1274.7392578125,0.03930278148258393,0.03930278148258393,39302.78148258393,39302.78148258393,576
560,1,49,49,1,5.0,1,5.0,1.0,1591.0,1911.0,0.0,0.0,1591.0,1911.0,1591.0,1911.0,1.0,1.0,1324.544921875,1324.544921875,0.03930278148258393,0.03930278148258393,39302.78148258393,39302.78148258393,583
