event_id,n_detections,frame_start,frame_end,lifetime_seconds,lifetime_frames,x_centroid,y_centroid,x_std,y_std,bbox_x1,bbox_y1,bbox_x2,bbox_y2,bbox_width_px,bbox_height_px,peak_intensity,mean_intensity,total_area_Mm2,mean_area_Mm2,total_area_km2,mean_area_km2,cluster_id
65,1,0,0,10.0,1,1729.0,1247.6666666666667,0.0,0.0,1729.0,1247.6666666666667,1729.0,1247.6666666666667,1.0,1.0,906.66455078125,906.66455078125,0.03709312904793873,0.03709312904793873,37093.12904793873,37093.12904793873,89
82,1,0,0,10.0,1,943.5,1454.0,0.0,0.0,943.5,1454.0,943.5,1454.0,1.0,1.0,768.7412109375,768.7412109375,0.02472875269862582,0.02472875269862582,24728.75269862582,24728.75269862582,112
83,1,0,0,10.0,1,952.0,1485.5,0.0,0.0,952.0,1485.5,952.0,1485.5,1.0,1.0,768.7412109375,768.7412109375,0.02472875269862582,0.02472875269862582,24728.75269862582,24728.75269862582,113
84,2,0,1,20.0,2,978.5,1494.25,0.5,2.25,978.0,1492.0,979.0,1496.5,2.0,5.5,768.7412109375,768.7021484375,0.037093270983340754,0.018546635491670377,37093.27098334076,18546.63549167038,114
85,17,0,12,130.0,13,1003.5808823529412,1510.3058823529411,2.236487684435072,5.477941329999562,999.0,1496.0,1006.75,1520.0,8.75,25.0,836.30419921875,786.469877355239,0.6924270777035365,0.040731004570796266,692427.0777035365,40731.00457079626,116
86,1,0,0,10.0,1,1497.0,1515.0,0.0,0.0,1497.0,1515.0,1497.0,1515.0,1.0,1.0,802.12890625,802.12890625,0.01236437634931291,0.01236437634931291,12364.37634931291,12364.37634931291,117
87,1,0,0,10.0,1,986.0,1638.0,0.0,0.0,986.0,1638.0,986.0,1638.0,1.0,1.0,768.7412109375,768.7412109375,0.01236437634931291,0.01236437634931291,12364.37634931291,12364.37634931291,119
88,2,0,3,40.0,4,1027.5,1646.0,0.5,0.0,1027.0,1646.0,1028.0,1646.0,2.0,1.0,768.7412109375,768.707275390625,0.0247289656110289,0.01236448280551445,24728.9656110289,12364.48280551445,120
89,5,0,6,70.0,7,1.875,1664.475,0.6180165405913052,2.6224988083886713,1.2083333333333335,1660.0,3.0,1666.875,2.7916666666666665,7.875,802.1474609375,775.4015625,0.1978337121174801,0.03956674242349602,197833.7121174801,39566.74242349602,121
90,1,0,0,10.0,1,0.0,1684.0,0.0,0.0,0.0,1684.0,0.0,1684.0,1.0,1.0,768.7412109375,768.7412109375,0.01236437634931291,0.01236437634931291,12364.37634931291,12364.37634931291,123
91,1,0,0,10.0,1,41.375,1710.875,0.0,0.0,41.375,1710.875,41.375,1710.875,1.0,1.0,768.7412109375,768.7412109375,0.09891501079450328,0.09891501079450328,98915.01079450328,98915.01079450328,125
92,16,0,16,170.0,17,1533.898511904762,1708.0404761904763,2.1081116408611846,2.8626682683315594,1529.0,1705.0,1536.3,1716.0,8.299999999999955,12.0,1525.312255859375,941.6479034423828,1.3477683370841467,0.08423552106775917,1347768.3370841467,84235.52106775917,126
93,2,0,1,20.0,2,374.4807692307692,1733.548076923077,0.019230769230773603,0.2980769230769056,374.46153846153845,1733.25,374.5,1733.8461538461538,1.0384615384615472,1.5961538461538112,836.3564453125,836.333984375,0.2596524710771792,0.1298262355385896,259652.47107717922,129826.23553858961,127
94,2,0,1,20.0,2,378.25,1749.5,0.75,0.5,377.5,1749.0,379.0,1750.0,2.5,2.0,871.18701171875,819.964111328125,0.06182216561736859,0.030911082808684296,61822.16561736859,30911.082808684296,128
95,67,0,28,290.0,29,1232.3329338157696,1752.2190147746119,6.366091733342187,8.24807940801585,1218.0,1737.0,1246.5,1764.5,29.5,28.5,802.1884765625,775.1854721752566,2.052661446427189,0.030636738006375955,2052661.446427189,30636.738006375956,129
96,1,0,0,10.0,1,2.0,1793.8,0.0,0.0,2.0,1793.8,2.0,1793.8,1.0,1.0,836.3115234375,836.3115234375,0.06182188174656455,0.06182188174656455,61821.88174656455,61821.88174656455,130
97,4,0,1,20.0,2,152.125,1914.0,1.7455300054711176,5.787918451395113,150.0,1906.0,154.5,1920.0,5.5,15.0,768.7412109375,768.7216796875,0.06182195271426556,0.01545548817856639,61821.952714265564,15455.488178566391,132
98,1,0,0,10.0,1,79.0,1908.0,0.0,0.0,79.0,1908.0,79.0,1908.0,1.0,1.0,768.7412109375,768.7412109375,0.01236437634931291,0.01236437634931291,12364.37634931291,12364.37634931291,133
99,1,0,0,10.0,1,628.0,1912.0,0.0,0.0,628.0,1912.0,628.0,1912.0,1.0,1.0,768.7412109375,768.7412109375,0.01236437634931291,0.01236437634931291,12364.37634931291,12364.37634931291,134
100,23,0,8,90.0,9,618.538061978626,1928.96674883712,4.995818926099412,6.523607117319627,608.0,1918.0,629.0,1943.0,22.0,26.0,836.3564453125,780.3940960427989,1.4219175452313244,0.061822501966579325,1421917.5452313244,61822.50196657932,135
101,1,0,0,10.0,1,1211.0,1921.0,0.0,0.0,1211.0,1921.0,1211.0,1921.0,1.0,1.0,768.7412109375,768.7412109375,0.01236437634931291,0.01236437634931291,12364.37634931291,12364.37634931291,136
102,35,0,21,220.0,22,68.48882921589689,1928.1690327007998,6.679916790526672,3.9766584823844595,60.0,1923.0,85.0,1942.0,26.0,20.0,802.141357421875,774.4312779017857,1.792974545547984,0.05122784415851383,1792974.545547984,51227.84415851383,137
103,17,0,14,150.0,15,1163.4012466205963,1931.769839362564,2.0409456004569035,4.8078951103334235,1158.888888888889,1927.7,1166.0,1943.5,8.111111111111086,16.799999999999955,2912.04931640625,1460.2888973460479,2.62131805095142,0.1541951794677306,2621318.05095142,154195.1794677306,138
104,72,0,20,210.0,21,876.393397266314,1950.4700865299828,14.619556397793312,5.292319036169662,852.5,1941.0,898.0,1965.0,46.5,25.0,1017.615234375,785.7022399902344,3.58587852980234,0.049803868469476945,3585878.52980234,49803.86846947695,139
105,7,0,6,70.0,7,635.3014842300556,1949.2597402597403,0.7740541230115195,3.16365075807614,634.0,1943.0,636.1818181818181,1954.0,3.18181818181813,12.0,836.271240234375,792.6917898995536,0.4822184844388082,0.06888835491982974,482218.4844388082,68888.35491982974,141
106,1,0,0,10.0,1,838.0,1954.0,0.0,0.0,838.0,1954.0,838.0,1954.0,1.0,1.0,768.7412109375,768.7412109375,0.01236437634931291,0.01236437634931291,12364.37634931291,12364.37634931291,142
107,1,0,0,10.0,1,136.0,1967.0,0.0,0.0,136.0,1967.0,136.0,1967.0,1.0,1.0,768.7412109375,768.7412109375,0.01236437634931291,0.01236437634931291,12364.37634931291,12364.37634931291,143
108,74,0,39,400.0,40,593.8496382569913,1967.6971383883147,6.812439682582505,4.160074922227922,582.0,1957.0,614.0,1975.0,33.0,19.0,1017.590087890625,784.783465411212,6.24483101697939,0.08438960833755932,6244831.01697939,84389.60833755932,144
109,1,0,0,10.0,1,786.0,2001.125,0.0,0.0,786.0,2001.125,786.0,2001.125,1.0,1.0,802.12890625,802.12890625,0.09891501079450328,0.09891501079450328,98915.01079450328,98915.01079450328,145
110,1,0,0,10.0,1,960.0,1999.0,0.0,0.0,960.0,1999.0,960.0,1999.0,1.0,1.0,768.7412109375,768.7412109375,0.01236437634931291,0.01236437634931291,12364.37634931291,12364.37634931291,146
111,8,0,10,110.0,11,353.44444444444446,2010.875,2.3908260879277794,1.5562374497485916,350.0,2008.0,358.0,2013.0,9.0,6.0,768.806640625,768.7256927490234,0.17310552728256157,0.021638190910320196,173105.52728256155,21638.190910320194,147
112,1,0,0,10.0,1,750.0,2044.0,0.0,0.0,750.0,2044.0,750.0,2044.0,1.0,1.0,836.3115234375,836.3115234375,0.02472875269862582,0.02472875269862582,24728.75269862582,24728.75269862582,148
27,5,0,1,20.0,2,508.76119174942704,669.4655462184874,3.3311050933964252,2.4535432139382105,505.0,665.0,513.1176470588235,672.0,9.117647058823536,8.0,1017.59375,887.576953125,0.704770516426351,0.1409541032852702,704770.516426351,140954.1032852702,41
28,14,0,13,140.0,14,121.76071428571429,694.5561224489795,2.731703979689795,1.8056395641808256,118.0,691.0,127.0,698.0,10.0,8.0,836.318359375,785.5164882114956,0.5687857277659837,0.04062755198328455,568785.7277659837,40627.551983284546,42
25,49,0,21,220.0,22,1928.3542210583703,660.4819512857443,4.616966564251174,11.614166233536608,1919.0,634.0,1936.0,674.0,18.0,41.0,1135.0126953125,824.2200479312819,9.087960408413434,0.18546857976353945,9087960.408413434,185468.57976353946,38
26,4,0,2,30.0,3,1973.875,649.8125,0.5448623679425842,2.314188572696702,1973.0,646.0,1974.5,652.0,2.5,7.0,836.3564453125,793.9786376953125,0.1607377441658122,0.04018443604145305,160737.7441658122,40184.43604145305,39
29,4,0,2,30.0,3,172.75,725.5,2.7032387981826527,0.36055512754640207,169.8,725.0,177.0,726.0,8.199999999999989,2.0,871.18701171875,802.686279296875,0.14837365169552486,0.037093412923881214,148373.65169552487,37093.41292388122,43
30,26,0,13,140.0,14,1928.826707830568,734.6620059882928,2.526801576208533,6.169860494985682,1925.0,724.0,1933.0,746.0,9.0,23.0,871.18701171875,797.352064866286,2.1143498039508293,0.08132114630580113,2114349.8039508294,81321.14630580113,44
64,3,0,2,30.0,3,349.147619047619,1248.6936507936507,0.9640005457229648,0.35601585850795636,347.8,1248.2142857142858,350.0,1249.0666666666666,3.1999999999999886,1.8523809523808268,979.998046875,896.2532552083334,0.3462038152199334,0.11540127173997779,346203.8152199334,115401.27173997779,88
63,1,0,0,10.0,1,363.0,1239.5,0.0,0.0,363.0,1239.5,363.0,1239.5,1.0,1.0,768.7412109375,768.7412109375,0.02472875269862582,0.02472875269862582,24728.75269862582,24728.75269862582,87
62,1,0,0,10.0,1,1965.0,1215.0,0.0,0.0,1965.0,1215.0,1965.0,1215.0,1.0,1.0,768.7412109375,768.7412109375,0.01236437634931291,0.01236437634931291,12364.37634931291,12364.37634931291,86
61,5,0,5,60.0,6,1655.3133333333335,1204.44,0.9270263091076287,0.5087675740890135,1653.6666666666667,1203.6666666666667,1656.0,1205.0,3.3333333333332575,2.3333333333332575,1095.06689453125,939.0826171875,0.1978334282305622,0.039566685646112446,197833.42823056222,39566.68564611245,85
51,1,0,0,10.0,1,583.5,1070.0,0.0,0.0,583.5,1070.0,583.5,1070.0,1.0,1.0,768.7412109375,768.7412109375,0.02472875269862582,0.02472875269862582,24728.75269862582,24728.75269862582,75
52,1,0,0,10.0,1,574.0,1075.0,0.0,0.0,574.0,1075.0,574.0,1075.0,1.0,1.0,768.7412109375,768.7412109375,0.01236437634931291,0.01236437634931291,12364.37634931291,12364.37634931291,76
1,1,0,0,10.0,1,463.0,13.0,0.0,0.0,463.0,13.0,463.0,13.0,1.0,1.0,768.7412109375,768.7412109375,0.01236437634931291,0.01236437634931291,12364.37634931291,12364.37634931291,1
2,1,0,0,10.0,1,904.0,44.0,0.0,0.0,904.0,44.0,904.0,44.0,1.0,1.0,768.7412109375,768.7412109375,0.01236437634931291,0.01236437634931291,12364.37634931291,12364.37634931291,3
54,3,0,2,30.0,3,2011.8333333333333,1075.5,0.23570226039551584,0.408248290463863,2011.5,1075.0,2012.0,1076.0,1.5,2.0,802.1162109375,779.8880208333334,0.08655106025961794,0.028850353419872646,86551.06025961794,28850.353419872645,78
53,2,0,1,20.0,2,511.75,1076.25,0.25,0.25,511.5,1076.0,512.0,1076.5,1.5,1.5,768.7412109375,768.7021484375,0.037093270983340754,0.018546635491670377,37093.27098334076,18546.63549167038,77
58,7,0,5,60.0,6,1813.7142857142858,1161.4761904761904,2.913725436338734,2.866650846341412,1808.0,1157.0,1817.0,1167.0,10.0,11.0,768.806640625,768.7204241071429,0.11128059364911798,0.01589722766415971,111280.59364911797,15897.22766415971,82
57,18,0,10,110.0,11,1849.2916666666667,1154.111111111111,9.899582623076142,4.490129778981758,1832.0,1148.5,1862.0,1165.0,31.0,17.5,802.15380859375,774.2907918294271,0.4080296714431334,0.022668315080174077,408029.6714431334,22668.315080174078,81
60,1,0,0,10.0,1,1948.0,1178.0,0.0,0.0,1948.0,1178.0,1948.0,1178.0,1.0,1.0,768.7412109375,768.7412109375,0.01236437634931291,0.01236437634931291,12364.37634931291,12364.37634931291,84
59,1,0,0,10.0,1,1935.0,1163.0,0.0,0.0,1935.0,1163.0,1935.0,1163.0,1.0,1.0,768.7412109375,768.7412109375,0.01236437634931291,0.01236437634931291,12364.37634931291,12364.37634931291,83
56,17,0,13,140.0,14,565.6160130718954,1126.5702614379086,5.88518223534194,4.937206621888559,556.0,1120.5,575.0,1134.5,20.0,15.0,836.318359375,782.5615090762867,0.840809530605686,0.049459384153275644,840809.530605686,49459.38415327564,80
55,2,0,1,20.0,2,557.0,1109.75,0.0,0.25,557.0,1109.5,557.0,1110.0,1.0,1.5,768.7412109375,768.7021484375,0.037093270983340754,0.018546635491670377,37093.27098334076,18546.63549167038,79
40,14,0,10,110.0,11,2030.0400765606596,881.5444262157159,5.523691645615989,3.466365176807751,2019.0,874.0,2038.0,886.0,20.0,13.0,979.998046875,805.3950980050223,4.228627428610685,0.30204481632933466,4228627.428610685,302044.8163293347,61
39,4,0,3,40.0,4,220.5209668803419,863.0368589743589,0.6151331635071349,0.9612219030193447,219.57692307692307,861.7307692307693,221.25,864.0,2.673076923076934,3.2692307692307168,1479.13623046875,1303.9943237304688,0.890243471594929,0.22256086789873225,890243.471594929,222560.86789873225,60
38,1,0,0,10.0,1,261.5,828.0,0.0,0.0,261.5,828.0,261.5,828.0,1.0,1.0,768.7412109375,768.7412109375,0.02472875269862582,0.02472875269862582,24728.75269862582,24728.75269862582,57
37,1,0,0,10.0,1,2008.3636363636363,836.8181818181819,0.0,0.0,2008.3636363636363,836.8181818181819,2008.3636363636363,836.8181818181819,1.0,1.0,979.998046875,979.998046875,5.366139335601803,5.366139335601803,5366139.335601803,5366139.335601803,56
36,2,0,1,20.0,2,283.5,792.5,3.5,0.5,280.0,792.0,287.0,793.0,8.0,2.0,768.7412109375,768.7021484375,0.02472882366632683,0.012364411833163415,24728.823666326833,12364.411833163416,54
35,6,0,7,80.0,8,270.4166666666667,778.111111111111,1.8800856954464131,3.27542288288526,267.0,774.0,272.5,784.0,6.5,11.0,836.2626953125,779.9712727864584,0.11128208412616747,0.018547014021027913,111282.08412616747,18547.014021027913,52
34,4,0,2,30.0,3,192.52291666666667,773.6291666666667,1.5574125510495467,2.1355254037355964,191.0,770.0,195.0,775.4166666666667,5.0,6.4166666666667425,802.15380859375,793.8013916015625,0.259653251742444,0.064913312935611,259653.25174244403,64913.31293561101,50
33,1,0,0,10.0,1,183.25,768.0,0.0,0.0,183.25,768.0,183.25,768.0,1.0,1.0,768.7412109375,768.7412109375,0.03709312904793873,0.03709312904793873,37093.12904793873,37093.12904793873,48
32,25,0,12,130.0,13,1949.6882362130623,765.8203660831921,7.836963831462156,8.273413480529653,1934.4166666666665,745.5,1961.0,776.0,27.583333333333485,31.5,906.724609375,813.820771484375,2.460549928215344,0.09842199712861376,2460549.928215344,98421.99712861376,46
31,15,0,14,150.0,15,277.7594487070191,756.9205787629061,2.4922879080685605,1.357343503854698,275.0,755.0,285.0,759.6666666666666,11.0,5.666666666666629,979.998046875,810.1458821614583,1.3353696795048633,0.08902464530032422,1335369.6795048632,89024.64530032422,45
71,50,0,38,390.0,39,706.7346443426542,1328.766059957483,2.097693256203547,4.877993539192322,702.0,1318.0,710.0,1338.0,9.0,21.0,802.20166015625,780.0724096679687,3.8951655659746343,0.07790331131949269,3895165.565974634,77903.31131949268,98
70,8,0,4,50.0,5,744.5381944444443,1321.5871527777779,3.598167440701872,8.30208364555743,738.0,1313.625,749.1055555555555,1337.1666666666667,12.105555555555497,24.541666666666742,942.980224609375,828.8953247070312,0.7542336994583363,0.09427921243229204,754233.6994583363,94279.21243229204,97
69,13,0,12,130.0,13,1912.1666666666667,1310.4358974358972,2.2021260123705355,5.64789063625113,1908.0,1301.0,1915.75,1319.5,8.75,19.5,836.3115234375,784.2458683894231,0.3091206229185306,0.023778509455271584,309120.6229185306,23778.509455271585,95
68,4,0,3,40.0,4,560.9049107142857,1308.4901785714287,0.5601757180923719,0.8325542169940944,560.0625,1307.375,561.5714285714286,1309.3,2.508928571428555,2.9249999999999545,1388.73828125,1221.4777221679688,0.5811304433845468,0.1452826108461367,581130.4433845468,145282.6108461367,94
67,1,0,0,10.0,1,1905.0,1305.0,0.0,0.0,1905.0,1305.0,1905.0,1305.0,1.0,1.0,768.7412109375,768.7412109375,0.01236437634931291,0.01236437634931291,12364.37634931291,12364.37634931291,93
66,63,0,28,290.0,29,730.1607633588694,1305.8019899127994,3.141594212717262,9.571845459011186,719.0,1289.0,734.0,1324.0,16.0,36.0,1525.369873046875,900.5294034443205,9.916766678865654,0.15740899490262944,9916766.678865654,157408.99490262943,92
21,37,0,13,140.0,14,774.6520135693206,457.784946896991,11.000935079367855,5.136484203241091,754.0,448.0,790.5,468.0,37.5,21.0,1095.0439453125,835.759630357897,8.0740400972393,0.21821729992538647,8074040.0972393,218217.29992538647,30
20,1,0,0,10.0,1,807.0,435.0,0.0,0.0,807.0,435.0,807.0,435.0,1.0,1.0,768.7412109375,768.7412109375,0.01236437634931291,0.01236437634931291,12364.37634931291,12364.37634931291,29
19,2,0,0,10.0,1,800.0,421.75,0.0,3.25,800.0,418.5,800.0,425.0,1.0,7.5,768.7412109375,768.7412109375,0.03709312904793873,0.018546564523969366,37093.12904793873,18546.564523969366,28
18,4,0,2,30.0,3,867.5,322.25,2.692582403567252,2.1937410968480306,863.0,320.5,870.0,326.0,8.0,6.5,871.18701171875,819.598388671875,0.09891557854844361,0.024728894637110903,98915.57854844362,24728.894637110905,27
17,5,0,2,30.0,3,1797.7078787878788,236.64050505050506,1.0755904266216545,3.056346878081621,1797.0,231.5,1799.8333333333333,240.83333333333334,3.8333333333332575,10.333333333333343,1135.0205078125,977.67626953125,0.6800455251186475,0.13600910502372948,680045.5251186475,136009.10502372947,25
16,9,0,8,90.0,9,428.537037037037,231.37037037037038,3.596790216682895,3.8855364738973046,422.0,224.0,432.5,237.33333333333334,11.5,14.333333333333343,871.064697265625,780.081787109375,0.14837570995061442,0.016486189994512714,148375.70995061443,16486.189994512715,24
15,3,0,2,30.0,3,369.51190476190476,179.92857142857144,1.9877981909062683,0.20481726826291938,366.70238095238096,179.66666666666669,371.0,180.16666666666669,5.297619047619037,1.5,871.18701171875,836.9951171875,0.35857017873064667,0.11952339291021556,358570.1787306467,119523.39291021557,20
14,20,0,17,180.0,18,192.75194444444443,193.79361111111112,2.8077979350065707,9.500274244742023,186.0,176.5,196.75,206.25,11.75,30.75,871.068603515625,790.7544128417969,0.6677005258817977,0.03338502629408989,667700.5258817978,33385.02629408989,19
13,2,0,1,20.0,2,1689.8333333333335,170.0,0.16666666666662877,0.5,1689.6666666666667,169.5,1690.0,170.5,1.3333333333332575,2.0,979.998046875,961.505615234375,0.09891543660070934,0.04945771830035467,98915.43660070933,49457.71830035467,18
12,2,0,2,30.0,3,362.5,164.0,0.5,0.0,362.0,164.0,363.0,164.0,2.0,1.0,768.806640625,768.77392578125,0.0370932709874515,0.01854663549372575,37093.2709874515,18546.63549372575,17
11,29,0,7,80.0,8,169.30841697230673,172.73795870349173,3.9102410688407727,7.307688368672435,160.0,160.0,176.0,186.0,17.0,27.0,1017.5595703125,825.0129983836207,3.7959171938472416,0.13089369633956005,3795917.1938472413,130893.69633956005,16
10,1,0,0,10.0,1,357.0,148.0,0.0,0.0,357.0,148.0,357.0,148.0,1.0,1.0,768.7412109375,768.7412109375,0.01236437634931291,0.01236437634931291,12364.37634931291,12364.37634931291,15
9,25,0,21,220.0,22,418.42627435527436,131.20716237466237,1.7279951532200344,2.8870196579020244,415.5,126.0,421.875,136.14285714285714,7.375,11.142857142857139,1017.61181640625,832.55884765625,2.250404505814066,0.09001618023256264,2250404.5058140657,90016.18023256263,14
8,3,0,4,50.0,5,407.13888888888886,110.88888888888887,0.6538112386633372,0.7973722274670764,406.41666666666663,110.16666666666666,408.0,112.0,2.5833333333333712,2.833333333333343,836.271240234375,791.2285970052084,0.13601083675995623,0.04533694558665208,136010.83675995623,45336.94558665208,13
7,1,0,0,10.0,1,265.0,98.0,0.0,0.0,265.0,98.0,265.0,98.0,1.0,1.0,768.7412109375,768.7412109375,0.01236437634931291,0.01236437634931291,12364.37634931291,12364.37634931291,12
6,12,0,8,90.0,9,363.4375,92.25,6.783961631426482,1.2162099599438687,352.0,90.5,373.0,94.0,22.0,4.5,871.0908203125,791.1793009440104,0.27202358995972364,0.022668632496643637,272023.58995972364,22668.632496643637,11
81,1,0,0,10.0,1,1017.0,1449.5,0.0,0.0,1017.0,1449.5,1017.0,1449.5,1.0,1.0,768.7412109375,768.7412109375,0.02472875269862582,0.02472875269862582,24728.75269862582,24728.75269862582,111
80,1,0,0,10.0,1,1850.0,1424.0,0.0,0.0,1850.0,1424.0,1850.0,1424.0,1.0,1.0,768.7412109375,768.7412109375,0.01236437634931291,0.01236437634931291,12364.37634931291,12364.37634931291,110
79,2,0,2,30.0,3,920.875,1422.7916666666667,1.875,1.7916666666667425,919.0,1421.0,922.75,1424.5833333333335,4.75,4.583333333333485,836.3115234375,802.55908203125,0.07418640003539023,0.037093200017695116,74186.40003539024,37093.20001769512,108
78,1,0,0,10.0,1,1009.0,1417.0,0.0,0.0,1009.0,1417.0,1009.0,1417.0,1.0,1.0,768.7412109375,768.7412109375,0.01236437634931291,0.01236437634931291,12364.37634931291,12364.37634931291,107
77,2,0,1,20.0,2,894.0,1416.25,2.0,0.75,892.0,1415.5,896.0,1417.0,5.0,2.5,768.7412109375,768.7021484375,0.03709320001563974,0.01854660000781987,37093.20001563974,18546.60000781987,106
76,33,0,7,80.0,8,980.9197489601901,1413.6653421469598,13.324113517426815,5.466566299788895,954.5,1406.0,1004.0,1428.0,50.5,23.0,802.15380859375,776.8159919507576,1.644483488080799,0.04983283297214543,1644483.488080799,49832.83297214543,104
75,1,0,0,10.0,1,1859.5,1400.0,0.0,0.0,1859.5,1400.0,1859.5,1400.0,1.0,1.0,768.7412109375,768.7412109375,0.02472875269862582,0.02472875269862582,24728.75269862582,24728.75269862582,103
74,73,0,22,230.0,23,685.0920555816355,1411.8210048792334,9.66977433290201,9.077204340420066,664.0,1387.3333333333333,699.625,1428.0,36.625,41.66666666666674,1134.977783203125,792.2762952830693,5.935181228932592,0.08130385245113139,5935181.228932592,81303.85245113139,102
73,29,0,20,210.0,21,1917.9733746814377,1382.7950876371767,4.749586212666977,3.6891110310052553,1907.0,1375.8333333333333,1924.4615384615386,1390.625,18.461538461538566,15.791666666666742,836.3564453125,790.7602623248922,1.9042280929717506,0.06566303768868105,1904228.0929717505,65663.03768868106,101
72,1,0,0,10.0,1,1741.0,1319.0,0.0,0.0,1741.0,1319.0,1741.0,1319.0,1.0,1.0,768.7412109375,768.7412109375,0.01236437634931291,0.01236437634931291,12364.37634931291,12364.37634931291,99
24,1,0,0,10.0,1,1942.0,620.0,0.0,0.0,1942.0,620.0,1942.0,620.0,1.0,1.0,802.12890625,802.12890625,0.01236437634931291,0.01236437634931291,12364.37634931291,12364.37634931291,37
23,1,0,0,10.0,1,513.5,584.5,0.0,0.0,513.5,584.5,513.5,584.5,1.0,1.0,768.7412109375,768.7412109375,0.02472875269862582,0.02472875269862582,24728.75269862582,24728.75269862582,34
22,15,0,10,110.0,11,763.3681558162716,540.7319259538099,3.312872044450088,1.9533466279828315,757.5,536.0,767.0370370370371,543.9,10.537037037037067,8.899999999999977,5599.9892578125,1823.3890380859375,1.9907301725190867,0.1327153448346058,1990730.1725190866,132715.34483460578,32
5,14,0,7,80.0,8,725.0207173778603,82.97928262213975,2.8535496926723054,6.364018083089308,719.3333333333334,69.0,732.0,92.5,13.666666666666629,24.5,871.0908203125,809.798113141741,0.8284289712254994,0.05917349794467853,828428.9712254994,59173.49794467853,10
4,3,0,3,40.0,4,259.6666666666667,69.33333333333333,1.247219128924647,0.9428090415820634,258.0,68.0,261.0,70.0,4.0,3.0,768.806640625,768.7403971354166,0.03709348389985458,0.01236449463328486,37093.48389985458,12364.494633284861,7
3,52,0,27,280.0,28,659.2621794871794,53.59102564102564,12.493715991126486,3.725960642404083,637.75,43.0,691.0,63.5,54.25,21.5,836.3115234375,779.0006080040565,1.619830192849251,0.031150580631716364,1619830.192849251,31150.580631716362,4
50,1,0,0,10.0,1,598.5,1052.0,0.0,0.0,598.5,1052.0,598.5,1052.0,1.0,1.0,768.7412109375,768.7412109375,0.02472875269862582,0.02472875269862582,24728.75269862582,24728.75269862582,74
49,14,0,10,110.0,11,499.5871779014636,1025.7700422593277,1.104656848668241,3.3932132238944126,496.8,1020.75,501.1,1030.6,5.300000000000011,10.849999999999909,836.286376953125,790.3502110072544,1.0139068953475536,0.07242192109625382,1013906.8953475537,72421.92109625382,73
48,16,0,13,140.0,14,516.2275602002164,1009.3757271374459,4.177780762077225,1.5655654579765585,508.0,1006.0,524.0,1012.0,17.0,7.0,871.1055908203125,791.9425506591797,1.1004569624819396,0.06877856015512122,1100456.9624819395,68778.56015512122,71
47,4,0,4,50.0,5,1041.3576923076923,981.4538461538461,1.0702195206990013,0.47296746701232634,1040.0,980.7,1043.0,982.0,4.0,2.2999999999999545,1388.79931640625,1023.645751953125,0.3214750625247598,0.08036876563118996,321475.06252475985,80368.76563118996,70
46,1,0,0,10.0,1,327.0,974.0,0.0,0.0,327.0,974.0,327.0,974.0,1.0,1.0,802.12890625,802.12890625,0.01236437634931291,0.01236437634931291,12364.37634931291,12364.37634931291,69
45,13,0,9,100.0,10,323.4715876229034,959.037018829124,2.527211738035333,1.2781581516805935,318.5,956.5,325.6842105263158,961.0,8.18421052631578,5.5,1095.14453125,957.6709547776443,1.7434096415187714,0.13410843396298242,1743409.6415187714,134108.4339629824,68
44,21,0,13,140.0,14,311.7043654676046,922.4864961796723,4.763397111556448,2.1342921154932277,302.25,918.75,320.0,927.0,18.75,9.25,1301.35546875,920.7899286179315,4.0185018035556235,0.19135722874074398,4018501.8035556236,191357.22874074397,66
43,31,0,20,210.0,21,325.69596774193553,890.7665898617512,7.628528583326518,3.6550528504091746,313.5,884.5,340.0,900.5,27.5,17.0,871.11328125,782.8336929813509,1.187057426749478,0.03829217505643477,1187057.426749478,38292.175056434775,65
42,33,0,18,190.0,19,313.01903063266695,872.5621547644275,5.951000464290915,3.4631282549241384,303.3333333333333,866.0,327.0,877.6666666666666,24.666666666666686,12.666666666666629,836.30419921875,788.1035119258996,1.7434566314913564,0.05283201913610171,1743456.6314913565,52832.019136101706,64
41,1,0,0,10.0,1,373.5,867.5,0.0,0.0,373.5,867.5,373.5,867.5,1.0,1.0,768.7412109375,768.7412109375,0.04945750539725164,0.04945750539725164,49457.50539725164,49457.50539725164,63
128,3,1,2,20.0,2,129.0,723.0,2.449489742783178,0.816496580927726,126.0,722.0,132.0,724.0,7.0,3.0,768.806640625,768.7587890625,0.03709348389466528,0.012364494631555095,37093.48389466528,12364.494631555095,164
127,1,1,1,10.0,1,457.0,699.0,0.0,0.0,457.0,699.0,457.0,699.0,1.0,1.0,768.6630859375,768.6630859375,0.012364447317013921,0.012364447317013921,12364.44731701392,12364.44731701392,163
126,2,1,2,20.0,2,1971.0833333333335,673.1666666666667,0.5833333333333712,0.16666666666668561,1970.5,673.0,1971.6666666666667,673.3333333333334,2.1666666666667425,1.3333333333333712,836.3564453125,802.58154296875,0.06182237852869313,0.030911189264346564,61822.37852869313,30911.189264346565,162
125,3,1,6,60.0,6,789.3333333333334,508.3333333333333,0.4714045207910317,0.4714045207910317,789.0,508.0,790.0,509.0,2.0,2.0,768.75341796875,768.7029622395834,0.037093909744322834,0.012364636581440944,37093.90974432283,12364.636581440944,161
124,1,1,1,10.0,1,1524.0,459.0,0.0,0.0,1524.0,459.0,1524.0,459.0,1.0,1.0,836.3564453125,836.3564453125,0.012364447317013921,0.012364447317013921,12364.44731701392,12364.44731701392,160
139,1,1,1,10.0,1,1494.0,1846.0,0.0,0.0,1494.0,1846.0,1494.0,1846.0,1.0,1.0,768.6630859375,768.6630859375,0.012364447317013921,0.012364447317013921,12364.44731701392,12364.44731701392,175
113,1,1,1,10.0,1,1984.6666666666667,0.3333333333333333,0.0,0.0,1984.6666666666667,0.3333333333333333,1984.6666666666667,0.3333333333333333,1.0,1.0,836.3564453125,836.3564453125,0.03709334195104176,0.03709334195104176,37093.34195104176,37093.34195104176,149
114,3,1,3,30.0,3,479.6666666666667,22.5,1.699673171197595,1.0801234497346435,478.0,21.5,482.0,24.0,5.0,3.5,768.806640625,768.71435546875,0.049458073156381274,0.016486024385460426,49458.07315638127,16486.024385460427,150
121,2,1,2,20.0,2,1577.8333333333335,433.16666666666663,0.16666666666662877,0.1666666666666572,1577.6666666666667,433.0,1578.0,433.3333333333333,1.3333333333332575,1.3333333333333144,906.60791015625,854.380859375,0.049458002183490966,0.024729001091745483,49458.002183490964,24729.001091745482,157
122,21,1,10,100.0,10,1562.4312925170068,439.5448979591837,6.244190877077695,3.356257042533339,1554.0,435.5,1573.0,448.0,20.0,13.5,943.00390625,845.3490629650298,0.8037038382706094,0.038271611346219495,803703.8382706094,38271.61134621949,158
115,1,1,1,10.0,1,638.3333333333334,61.666666666666664,0.0,0.0,638.3333333333334,61.666666666666664,638.3333333333334,61.666666666666664,1.0,1.0,802.1162109375,802.1162109375,0.03709334195104176,0.03709334195104176,37093.34195104176,37093.34195104176,151
116,5,1,5,50.0,5,631.65,72.75,2.154065922853802,3.2326459750489227,629.0,67.0,635.5,77.0,7.5,11.0,802.1162109375,775.37421875,0.0989167850876811,0.01978335701753622,98916.7850876811,19783.357017536222,152
117,1,1,1,10.0,1,168.0,88.0,0.0,0.0,168.0,88.0,168.0,88.0,1.0,1.0,768.6630859375,768.6630859375,0.012364447317013921,0.012364447317013921,12364.44731701392,12364.44731701392,153
118,5,1,8,80.0,8,465.0,115.7,0.5477225575051661,0.9797958971132711,464.0,114.0,465.5,117.0,2.5,4.0,836.271240234375,788.892138671875,0.08655276362766567,0.017310552725533133,86552.76362766567,17310.552725533133,154
119,2,1,3,30.0,3,365.25,148.0,2.25,0.0,363.0,148.0,367.5,148.0,5.5,1.0,768.67333984375,768.668212890625,0.03709348389574383,0.018546741947871915,37093.48389574383,18546.741947871917,155
120,4,1,4,40.0,4,556.425,317.8666666666667,1.4463315664120866,0.6150880695748634,555.0,317.1666666666667,558.2,318.8,4.2000000000000455,2.6333333333333258,1301.35302734375,1139.90283203125,0.23492655722738082,0.058731639306845204,234926.5572273808,58731.6393068452,156
129,1,1,1,10.0,1,1985.0,828.0,0.0,0.0,1985.0,828.0,1985.0,828.0,1.0,1.0,768.6630859375,768.6630859375,0.012364447317013921,0.012364447317013921,12364.44731701392,12364.44731701392,165
130,1,1,1,10.0,1,341.0,847.0,0.0,0.0,341.0,847.0,341.0,847.0,1.0,1.0,768.6630859375,768.6630859375,0.012364447317013921,0.012364447317013921,12364.44731701392,12364.44731701392,166
131,2,1,2,20.0,2,2029.0,860.75,0.0,2.75,2029.0,858.0,2029.0,863.5,1.0,6.5,768.806640625,768.73486328125,0.03709348389466528,0.01854674194733264,37093.48389466528,18546.74194733264,167
132,1,1,1,10.0,1,936.5,1414.0,0.0,0.0,936.5,1414.0,936.5,1414.0,1.0,1.0,768.6630859375,768.6630859375,0.024728894634027842,0.024728894634027842,24728.89463402784,24728.89463402784,168
133,1,1,1,10.0,1,1842.9,1415.2,0.0,0.0,1842.9,1415.2,1842.9,1415.2,1.0,1.0,871.18701171875,871.18701171875,0.12364447317013921,0.12364447317013921,123644.47317013922,123644.47317013922,169
134,1,1,1,10.0,1,1825.0,1427.0,0.0,0.0,1825.0,1427.0,1825.0,1427.0,1.0,1.0,768.6630859375,768.6630859375,0.012364447317013921,0.012364447317013921,12364.44731701392,12364.44731701392,170
135,1,1,1,10.0,1,924.0,1447.0,0.0,0.0,924.0,1447.0,924.0,1447.0,1.0,1.0,768.6630859375,768.6630859375,0.012364447317013921,0.012364447317013921,12364.44731701392,12364.44731701392,171
136,4,1,6,60.0,6,960.0,1597.0,1.224744871391589,1.5811388300841898,959.0,1595.0,962.0,1599.0,4.0,5.0,768.806640625,768.7088623046875,0.07418725169299094,0.018546812923247735,74187.25169299093,18546.812923247733,172
137,1,1,1,10.0,1,50.5,1701.75,0.0,0.0,50.5,1701.75,50.5,1701.75,1.0,1.0,836.3564453125,836.3564453125,0.061822236585069607,0.061822236585069607,61822.23658506961,61822.23658506961,173
138,1,1,1,10.0,1,1216.0,1760.0,0.0,0.0,1216.0,1760.0,1216.0,1760.0,1.0,1.0,768.6630859375,768.6630859375,0.012364447317013921,0.012364447317013921,12364.44731701392,12364.44731701392,174
123,1,1,1,10.0,1,754.0,442.0,0.0,0.0,754.0,442.0,754.0,442.0,1.0,1.0,768.6630859375,768.6630859375,0.012364447317013921,0.012364447317013921,12364.44731701392,12364.44731701392,159
143,1,2,2,10.0,1,386.0,95.0,0.0,0.0,386.0,95.0,386.0,95.0,1.0,1.0,768.806640625,768.806640625,0.012364518288825682,0.012364518288825682,12364.518288825682,12364.518288825682,179
141,24,2,14,130.0,13,366.9329861111111,80.16979166666665,11.022787444686262,2.1128859669596465,349.0,77.79166666666667,384.1666666666667,84.33333333333333,36.166666666666686,7.541666666666657,836.2864990234375,786.8928375244141,1.0386577227051328,0.043277405112713864,1038657.7227051328,43277.40511271387,177
142,1,2,2,10.0,1,950.0,84.0,0.0,0.0,950.0,84.0,950.0,84.0,1.0,1.0,768.806640625,768.806640625,0.012364518288825682,0.012364518288825682,12364.518288825682,12364.518288825682,178
144,1,2,2,10.0,1,243.0,307.0,0.0,0.0,243.0,307.0,243.0,307.0,1.0,1.0,768.806640625,768.806640625,0.012364518288825682,0.012364518288825682,12364.518288825682,12364.518288825682,180
140,1,2,2,10.0,1,897.0,28.0,0.0,0.0,897.0,28.0,897.0,28.0,1.0,1.0,768.806640625,768.806640625,0.012364518288825682,0.012364518288825682,12364.518288825682,12364.518288825682,176
152,4,2,5,40.0,4,1711.675,1251.525,0.46569840025494175,1.2457427503300798,1711.0,1249.5,1712.2,1252.6,2.2000000000000455,4.099999999999909,836.271240234375,802.3114624023438,0.13601097870660506,0.034002744676651264,136010.97870660506,34002.744676651266,188
151,1,2,2,10.0,1,506.0,1012.0,0.0,0.0,506.0,1012.0,506.0,1012.0,1.0,1.0,768.806640625,768.806640625,0.012364518288825682,0.012364518288825682,12364.518288825682,12364.518288825682,187
150,4,2,6,50.0,5,220.45833333333334,828.9583333333334,0.8447139555297215,1.2437342963832816,219.0,827.5,221.0,830.5,3.0,4.0,942.928955078125,829.1697387695312,0.13601069481115763,0.03400267370278941,136010.69481115762,34002.673702789405,186
149,1,2,2,10.0,1,204.0,736.0,0.0,0.0,204.0,736.0,204.0,736.0,1.0,1.0,768.806640625,768.806640625,0.012364518288825682,0.012364518288825682,12364.518288825682,12364.518288825682,185
148,1,2,2,10.0,1,535.0,634.0,0.0,0.0,535.0,634.0,535.0,634.0,1.0,1.0,768.806640625,768.806640625,0.012364518288825682,0.012364518288825682,12364.518288825682,12364.518288825682,184
147,1,2,2,10.0,1,1949.0,614.0,0.0,0.0,1949.0,614.0,1949.0,614.0,1.0,1.0,768.806640625,768.806640625,0.012364518288825682,0.012364518288825682,12364.518288825682,12364.518288825682,183
154,1,2,2,10.0,1,514.5,1292.5,0.0,0.0,514.5,1292.5,514.5,1292.5,1.0,1.0,768.806640625,768.806640625,0.024729036577651364,0.024729036577651364,24729.036577651364,24729.036577651364,190
153,1,2,2,10.0,1,263.0,1250.0,0.0,0.0,263.0,1250.0,263.0,1250.0,1.0,1.0,768.806640625,768.806640625,0.012364518288825682,0.012364518288825682,12364.518288825682,12364.518288825682,189
146,1,2,2,10.0,1,863.0,553.0,0.0,0.0,863.0,553.0,863.0,553.0,1.0,1.0,768.806640625,768.806640625,0.012364518288825682,0.012364518288825682,12364.518288825682,12364.518288825682,182
145,4,2,7,60.0,6,1602.75,449.6666666666667,4.815340071064556,2.041241452319308,1597.0,446.6666666666667,1608.0,452.0,12.0,6.333333333333314,836.30419921875,785.5828857421875,0.07418774851197818,0.018546937127994545,74187.74851197818,18546.937127994544,181
155,1,2,2,10.0,1,997.0,1493.0,0.0,0.0,997.0,1493.0,997.0,1493.0,1.0,1.0,768.806640625,768.806640625,0.012364518288825682,0.012364518288825682,12364.518288825682,12364.518288825682,191
156,1,2,2,10.0,1,49.125,1683.0,0.0,0.0,49.125,1683.0,49.125,1683.0,1.0,1.0,768.806640625,768.806640625,0.06182259144412841,0.06182259144412841,61822.59144412841,61822.59144412841,192
157,1,2,2,10.0,1,1196.0,1770.0,0.0,0.0,1196.0,1770.0,1196.0,1770.0,1.0,1.0,768.806640625,768.806640625,0.012364518288825682,0.012364518288825682,12364.518288825682,12364.518288825682,193
158,1,2,2,10.0,1,580.7794117647059,1894.25,0.0,0.0,580.7794117647059,1894.25,580.7794117647059,1894.25,1.0,1.0,1216.7802734375,1216.7802734375,0.853151761928972,0.853151761928972,853151.761928972,853151.761928972,195
159,7,2,6,50.0,5,7.5,1914.0,4.543441112511214,1.4142135623730951,0.0,1912.0,14.0,1916.0,15.0,5.0,802.124267578125,773.5070103236607,0.09891721092988659,0.01413103013284094,98917.21092988658,14131.03013284094,196
160,53,2,21,200.0,20,163.5812190639549,1919.9086679463094,5.555380857723041,11.445752267554003,144.0,1900.0,172.0,1943.0,29.0,44.0,836.29052734375,776.9186505011793,2.5349026417201856,0.04782835173056954,2534902.6417201855,47828.35173056954,197
161,1,2,2,10.0,1,1191.0,1925.0,0.0,0.0,1191.0,1925.0,1191.0,1925.0,1.0,1.0,768.806640625,768.806640625,0.012364518288825682,0.012364518288825682,12364.518288825682,12364.518288825682,198
162,1,2,2,10.0,1,190.0,2012.0,0.0,0.0,190.0,2012.0,190.0,2012.0,1.0,1.0,768.806640625,768.806640625,0.012364518288825682,0.012364518288825682,12364.518288825682,12364.518288825682,199
182,2,3,5,30.0,3,162.5,1945.5,0.5,3.5,162.0,1942.0,163.0,1949.0,2.0,8.0,768.67333984375,768.668701171875,0.0247293204747233,0.01236466023736165,24729.320474723303,12364.660237361652,219
181,2,3,4,20.0,2,573.0,1905.0,1.0,1.0,572.0,1904.0,574.0,1906.0,3.0,3.0,768.75341796875,768.71337890625,0.024729249497617407,0.012364624748808704,24729.249497617406,12364.624748808703,218
180,8,3,10,80.0,8,1225.375,1715.75,4.181432170919432,3.191786333700926,1218.0,1710.0,1232.0,1719.0,15.0,10.0,768.70556640625,768.6830749511719,0.09891912735204096,0.01236489091900512,98919.12735204096,12364.89091900512,217
179,1,3,3,10.0,1,986.0,1550.0,0.0,0.0,986.0,1550.0,986.0,1550.0,1.0,1.0,768.67333984375,768.67333984375,0.01236458926171599,0.01236458926171599,12364.58926171599,12364.58926171599,216
177,1,3,3,10.0,1,693.0,1446.0,0.0,0.0,693.0,1446.0,693.0,1446.0,1.0,1.0,768.67333984375,768.67333984375,0.01236458926171599,0.01236458926171599,12364.58926171599,12364.58926171599,214
178,21,3,18,160.0,16,1464.2797052154194,1511.3257369614512,3.4028016826049328,1.3414634336226672,1455.0,1509.0,1470.0,1513.75,16.0,5.75,1388.78515625,951.5694434756324,1.5950900061300586,0.07595666695857421,1595090.0061300586,75956.6669585742,215
184,2,3,5,30.0,3,903.5,1977.0,2.5,3.0,901.0,1974.0,906.0,1980.0,6.0,7.0,768.67333984375,768.668701171875,0.0247293204747233,0.01236466023736165,24729.320474723303,12364.660237361652,221
183,13,3,18,160.0,16,131.2,1956.1,2.755972535310288,3.988059099940147,125.0,1951.8,135.5,1967.0,11.5,16.200000000000045,802.1728515625,771.2693997896635,0.24730193554610225,0.019023225811238633,247301.93554610224,19023.225811238633,220
171,1,3,3,10.0,1,239.25,801.0,0.0,0.0,239.25,801.0,239.25,801.0,1.0,1.0,768.67333984375,768.67333984375,0.03709376778514797,0.03709376778514797,37093.76778514797,37093.76778514797,208
172,1,3,3,10.0,1,975.0,869.0,0.0,0.0,975.0,869.0,975.0,869.0,1.0,1.0,768.67333984375,768.67333984375,0.01236458926171599,0.01236458926171599,12364.58926171599,12364.58926171599,209
173,13,3,16,140.0,14,915.4862637362638,1117.5895604395605,1.0039539630662977,0.6913735412247344,914.0,1116.5,917.0,1119.0,4.0,3.5,2190.95654296875,1378.297382061298,0.902654410697205,0.06943495466901577,902654.410697205,69434.95466901577,210
174,2,3,5,30.0,3,1974.5,1227.5,2.5,2.5,1972.0,1225.0,1977.0,1230.0,6.0,6.0,768.67333984375,768.668701171875,0.0247293204747233,0.01236466023736165,24729.320474723303,12364.660237361652,211
175,3,3,5,30.0,3,461.26666666666665,1230.3333333333333,2.3113247764479645,0.9428090415820634,458.0,1229.0,463.0,1231.0,6.0,3.0,836.196044921875,791.2076009114584,0.08655290556265396,0.028850968520884656,86552.90556265396,28850.968520884657,212
176,1,3,3,10.0,1,872.0,1404.0,0.0,0.0,872.0,1404.0,872.0,1404.0,1.0,1.0,768.67333984375,768.67333984375,0.01236458926171599,0.01236458926171599,12364.58926171599,12364.58926171599,213
169,1,3,3,10.0,1,818.0,462.0,0.0,0.0,818.0,462.0,818.0,462.0,1.0,1.0,768.67333984375,768.67333984375,0.01236458926171599,0.01236458926171599,12364.58926171599,12364.58926171599,206
170,1,3,3,10.0,1,473.0,594.0,0.0,0.0,473.0,594.0,473.0,594.0,1.0,1.0,768.67333984375,768.67333984375,0.01236458926171599,0.01236458926171599,12364.58926171599,12364.58926171599,207
163,1,3,3,10.0,1,429.0,191.0,0.0,0.0,429.0,191.0,429.0,191.0,1.0,1.0,836.286376953125,836.286376953125,0.01236458926171599,0.01236458926171599,12364.58926171599,12364.58926171599,200
164,2,3,4,20.0,2,517.5,214.0,2.5,1.0,515.0,213.0,520.0,215.0,6.0,3.0,768.75341796875,768.71337890625,0.024729249497617407,0.012364624748808704,24729.249497617406,12364.624748808703,201
165,5,3,7,50.0,5,416.09,239.16055555555553,0.9759098319004668,1.1359289449174346,414.25,237.5,417.0,240.4,3.75,3.9000000000000057,943.00390625,872.3931640625,0.4574957646969946,0.09149915293939892,457495.7646969946,91499.15293939892,202
166,1,3,3,10.0,1,772.0,425.0,0.0,0.0,772.0,425.0,772.0,425.0,1.0,1.0,768.67333984375,768.67333984375,0.01236458926171599,0.01236458926171599,12364.58926171599,12364.58926171599,203
167,11,3,13,110.0,11,779.0795454545455,433.71590909090907,2.4519662374820874,4.425549179162975,774.0,427.0,784.0,440.25,11.0,14.25,871.068603515625,777.9991787997159,0.2720264290840976,0.0247296753712816,272026.42908409756,24729.6753712816,204
168,2,3,4,20.0,2,1550.625,447.75,0.375,0.25,1550.25,447.5,1551.0,448.0,1.75,1.5,836.286376953125,819.205322265625,0.04945842802104938,0.02472921401052469,49458.42802104938,24729.21401052469,205
185,1,3,3,10.0,1,330.0,2006.0,0.0,0.0,330.0,2006.0,330.0,2006.0,1.0,1.0,768.67333984375,768.67333984375,0.01236458926171599,0.01236458926171599,12364.58926171599,12364.58926171599,222
186,1,3,3,10.0,1,368.0,2014.0,0.0,0.0,368.0,2014.0,368.0,2014.0,1.0,1.0,768.67333984375,768.67333984375,0.01236458926171599,0.01236458926171599,12364.58926171599,12364.58926171599,223
195,2,4,5,20.0,2,22.5,1920.5,0.5,2.5,22.0,1918.0,23.0,1923.0,2.0,6.0,768.75341796875,768.708740234375,0.02472939144890873,0.012364695724454365,24729.39144890873,12364.695724454365,232
194,1,4,4,10.0,1,12.5,1695.5,0.0,0.0,12.5,1695.5,12.5,1695.5,1.0,1.0,802.124267578125,802.124267578125,0.024729320471802832,0.024729320471802832,24729.320471802832,24729.320471802832,231
196,2,4,7,40.0,4,313.0,1967.5,1.0,1.5,312.0,1966.0,314.0,1969.0,3.0,4.0,768.75341796875,768.7216796875,0.024729533406679247,0.012364766703339624,24729.533406679246,12364.766703339623,233
189,1,4,4,10.0,1,520.0,304.0,0.0,0.0,520.0,304.0,520.0,304.0,1.0,1.0,768.75341796875,768.75341796875,0.012364660235901416,0.012364660235901416,12364.660235901416,12364.660235901416,226
190,4,4,8,50.0,5,1057.125,1044.5,0.960143218483576,0.6123724356957945,1056.0,1044.0,1058.5,1045.5,3.5,2.5,979.878173828125,847.1126098632812,0.11128279385776538,0.027820698464441344,111282.79385776538,27820.698464441346,227
191,1,4,4,10.0,1,1760.5,1376.0,0.0,0.0,1760.5,1376.0,1760.5,1376.0,1.0,1.0,1388.82958984375,1388.82958984375,0.024729320471802832,0.024729320471802832,24729.320471802832,24729.320471802832,228
192,1,4,4,10.0,1,949.0,1456.0,0.0,0.0,949.0,1456.0,949.0,1456.0,1.0,1.0,768.75341796875,768.75341796875,0.012364660235901416,0.012364660235901416,12364.660235901416,12364.660235901416,229
193,13,4,12,90.0,9,1516.758803203034,1481.6908040331118,0.9388378948784177,4.352259140660579,1515.0,1472.0,1518.6,1487.8,4.599999999999909,16.799999999999955,1017.5859375,862.502206655649,1.9289278807158652,0.14837906774737425,1928927.8807158652,148379.06774737424,230
188,6,4,8,50.0,5,1692.6373015873014,145.00317460317459,2.2372683657730392,3.2400107157454956,1688.0,138.0,1695.0,147.5,8.0,10.5,836.196044921875,802.3569742838541,0.2843906633605347,0.04739844389342245,284390.6633605347,47398.44389342245,225
187,1,4,4,10.0,1,383.0,82.0,0.0,0.0,383.0,82.0,383.0,82.0,1.0,1.0,768.75341796875,768.75341796875,0.012364660235901416,0.012364660235901416,12364.660235901416,12364.660235901416,224
206,3,5,10,60.0,6,546.8000000000001,636.4,1.0708252269472773,0.8485281374238356,545.4,635.2,548.0,637.0,3.6000000000000227,2.7999999999999545,836.196044921875,802.3594156901041,0.08655503497357929,0.02885167832452643,86555.03497357928,28851.678324526427,243
233,2,5,7,30.0,3,924.5,2033.5,3.5,0.5,921.0,2033.0,928.0,2034.0,8.0,2.0,768.68994140625,768.677001953125,0.024729604383785145,0.012364802191892572,24729.604383785143,12364.802191892571,270
229,1,5,5,10.0,1,142.0,1908.0,0.0,0.0,142.0,1908.0,142.0,1908.0,1.0,1.0,768.6640625,768.6640625,0.012364731213007314,0.012364731213007314,12364.731213007313,12364.731213007313,266
232,4,5,9,50.0,5,652.25,1963.75,1.920286436967152,4.710360920354193,649.0,1956.0,654.0,1968.0,6.0,13.0,768.6923828125,768.68115234375,0.049459421703289,0.01236485542582225,49459.421703289,12364.85542582225,269
231,1,5,5,10.0,1,618.0,1956.0,0.0,0.0,618.0,1956.0,618.0,1956.0,1.0,1.0,768.6640625,768.6640625,0.012364731213007314,0.012364731213007314,12364.731213007313,12364.731213007313,268
230,1,5,5,10.0,1,630.0,1915.0,0.0,0.0,630.0,1915.0,630.0,1915.0,1.0,1.0,768.6640625,768.6640625,0.012364731213007314,0.012364731213007314,12364.731213007313,12364.731213007313,267
218,13,5,15,110.0,11,878.5384615384615,1415.423076923077,5.503360995657173,2.5407914715251914,871.0,1412.0,888.0,1420.0,18.0,9.0,768.7342529296875,768.6982234074519,0.18547586596109075,0.01426737430469929,185475.86596109075,14267.37430469929,255
219,1,5,5,10.0,1,924.0,1417.0,0.0,0.0,924.0,1417.0,924.0,1417.0,1.0,1.0,768.6640625,768.6640625,0.012364731213007314,0.012364731213007314,12364.731213007313,12364.731213007313,256
220,1,5,5,10.0,1,1007.0,1417.0,0.0,0.0,1007.0,1417.0,1007.0,1417.0,1.0,1.0,768.6640625,768.6640625,0.012364731213007314,0.012364731213007314,12364.731213007313,12364.731213007313,257
213,1,5,5,10.0,1,505.0,1250.0,0.0,0.0,505.0,1250.0,505.0,1250.0,1.0,1.0,768.6640625,768.6640625,0.012364731213007314,0.012364731213007314,12364.731213007313,12364.731213007313,250
214,2,5,5,10.0,1,1878.0,1302.0,1.0,3.0,1877.0,1299.0,1879.0,1305.0,3.0,7.0,768.6640625,768.6640625,0.024729462426014627,0.012364731213007314,24729.462426014627,12364.731213007313,251
215,1,5,5,10.0,1,1913.0,1344.0,0.0,0.0,1913.0,1344.0,1913.0,1344.0,1.0,1.0,768.6640625,768.6640625,0.012364731213007314,0.012364731213007314,12364.731213007313,12364.731213007313,252
216,4,5,8,40.0,4,1491.5416666666667,1366.1875,0.34610932762156593,1.4510233457804875,1491.1666666666667,1364.5,1492.0,1368.5,1.8333333333332575,5.0,802.1728515625,793.7859497070312,0.22256729120359983,0.05564182280089996,222567.29120359983,55641.82280089996,253
217,1,5,5,10.0,1,1854.0,1403.5,0.0,0.0,1854.0,1403.5,1854.0,1403.5,1.0,1.0,768.6640625,768.6640625,0.024729462426014627,0.024729462426014627,24729.462426014627,24729.462426014627,254
222,1,5,5,10.0,1,138.0,1542.0,0.0,0.0,138.0,1542.0,138.0,1542.0,1.0,1.0,768.6640625,768.6640625,0.012364731213007314,0.012364731213007314,12364.731213007313,12364.731213007313,259
207,1,5,5,10.0,1,492.0,667.3333333333334,0.0,0.0,492.0,667.3333333333334,492.0,667.3333333333334,1.0,1.0,768.6640625,768.6640625,0.037094193639021944,0.037094193639021944,37094.19363902194,37094.19363902194,244
208,1,5,5,10.0,1,2019.6666666666667,826.3333333333334,0.0,0.0,2019.6666666666667,826.3333333333334,2019.6666666666667,826.3333333333334,1.0,1.0,768.6640625,768.6640625,0.037094193639021944,0.037094193639021944,37094.19363902194,37094.19363902194,245
205,1,5,5,10.0,1,1951.0,635.5,0.0,0.0,1951.0,635.5,1951.0,635.5,1.0,1.0,802.1474609375,802.1474609375,0.049458924852029254,0.049458924852029254,49458.92485202925,49458.92485202925,242
209,3,5,6,20.0,2,2022.3333333333333,895.3333333333334,3.0912061651652345,0.4714045207910317,2018.0,895.0,2025.0,896.0,8.0,2.0,802.1728515625,779.8336588541666,0.03709426461742212,0.012364754872474041,37094.26461742212,12364.75487247404,246
228,2,5,6,20.0,2,36.25,1708.5,0.75,0.5,35.5,1708.0,37.0,1709.0,2.5,2.0,802.1474609375,785.419921875,0.061823798021836934,0.030911899010918467,61823.798021836934,30911.899010918467,265
227,6,5,9,50.0,5,55.05092592592593,1684.8101851851852,3.0490847588974987,1.9439428365347076,51.388888888888886,1681.0,60.0,1687.0,9.611111111111114,7.0,802.20166015625,779.8529459635416,0.3338522853986303,0.05564204756643839,333852.2853986303,55642.04756643839,264
226,9,5,13,90.0,9,2.022399925177703,1680.43965114104,1.9449707562509007,4.8243846715247765,0.0,1673.0,7.0,1686.0,8.0,14.0,906.69482421875,817.9339599609375,1.0386551669365343,0.11540612965961491,1038655.1669365342,115406.12965961492,263
202,4,5,11,70.0,7,852.0,174.375,0.7071067811865476,1.9803724397193574,851.0,171.0,853.0,176.0,3.0,6.0,836.318359375,793.9684448242188,0.0618244368489044,0.0154561092122261,61824.4368489044,15456.1092122261,239
203,1,5,5,10.0,1,1514.0,207.0,0.0,0.0,1514.0,207.0,1514.0,207.0,1.0,1.0,802.1474609375,802.1474609375,0.012364731213007314,0.012364731213007314,12364.731213007313,12364.731213007313,240
204,1,5,5,10.0,1,145.0,218.0,0.0,0.0,145.0,218.0,145.0,218.0,1.0,1.0,768.6640625,768.6640625,0.012364731213007314,0.012364731213007314,12364.731213007313,12364.731213007313,241
201,3,5,9,50.0,5,1688.6666666666667,168.33333333333334,0.4714045207910317,1.247219128924647,1688.0,167.0,1689.0,170.0,2.0,4.0,871.129150390625,848.1314290364584,0.04945927974551848,0.016486426581839495,49459.279745518485,16486.426581839496,238
198,46,5,28,240.0,24,467.2982809461071,36.46539541376497,5.238328189292882,6.273210695850229,457.0,25.0,475.0,51.0,19.0,27.0,979.8739013671875,792.4040447732676,3.1531976337654686,0.0685477746470754,3153197.6337654684,68547.77464707539,235
199,3,5,7,30.0,3,590.8333333333334,132.66666666666666,1.0274023338281628,0.9428090415820634,589.5,132.0,592.0,134.0,3.5,3.0,768.6923828125,768.68212890625,0.049459279745970475,0.01648642658199016,49459.279745970474,16486.42658199016,236
200,6,5,12,80.0,8,406.3333333333333,146.0,1.9720265943665387,3.696845502136472,403.0,141.0,409.0,151.0,7.0,11.0,871.11328125,785.7577514648438,0.09891948225993255,0.016486580376655426,98919.48225993256,16486.580376655427,237
197,2,5,7,30.0,3,2036.25,0.0,1.25,0.0,2035.0,0.0,2037.5,0.0,3.5,1.0,768.68994140625,768.677001953125,0.061824223896118635,0.030912111948059318,61824.22389611864,30912.11194805932,234
225,1,5,5,10.0,1,1880.0,1638.0,0.0,0.0,1880.0,1638.0,1880.0,1638.0,1.0,1.0,768.6640625,768.6640625,0.012364731213007314,0.012364731213007314,12364.731213007313,12364.731213007313,262
223,1,5,5,10.0,1,726.0,1564.0,0.0,0.0,726.0,1564.0,726.0,1564.0,1.0,1.0,768.6640625,768.6640625,0.012364731213007314,0.012364731213007314,12364.731213007313,12364.731213007313,260
224,1,5,5,10.0,1,954.0,1607.0,0.0,0.0,954.0,1607.0,954.0,1607.0,1.0,1.0,768.6640625,768.6640625,0.012364731213007314,0.012364731213007314,12364.731213007313,12364.731213007313,261
221,20,5,27,230.0,23,1497.3901223776224,1510.9677102064602,2.3211529930080688,1.4907181988057903,1493.0,1508.0,1503.6666666666667,1513.0,11.666666666666742,6.0,1055.9825439453125,820.7188110351562,1.0263574539542184,0.05131787269771092,1026357.4539542184,51317.87269771092,258
211,1,5,5,10.0,1,557.0,1110.0,0.0,0.0,557.0,1110.0,557.0,1110.0,1.0,1.0,768.6640625,768.6640625,0.012364731213007314,0.012364731213007314,12364.731213007313,12364.731213007313,248
212,4,5,8,40.0,4,975.7083333333334,1147.4166666666667,0.8196798155377516,1.030776406404392,975.0,1146.1666666666667,977.0,1149.0,3.0,3.8333333333332575,1135.0029296875,932.1066284179688,0.17310701774838502,0.043276754437096256,173107.01774838503,43276.75443709626,249
210,3,5,7,30.0,3,145.83333333333334,1069.3333333333333,0.4714045207910317,0.4714045207910317,145.5,1069.0,146.5,1070.0,2.0,2.0,942.94482421875,871.806640625,0.12364787995921492,0.041215959986404975,123647.87995921492,41215.959986404974,247
241,1,6,6,10.0,1,1533.0,470.0,0.0,0.0,1533.0,470.0,1533.0,470.0,1.0,1.0,768.6923828125,768.6923828125,0.012364802191407497,0.012364802191407497,12364.802191407496,12364.802191407496,278
250,2,6,7,20.0,2,900.0,1420.5,1.0,0.5,899.0,1420.0,901.0,1421.0,3.0,2.0,768.6923828125,768.691162109375,0.02472967536218533,0.012364837681092665,24729.67536218533,12364.837681092666,287
251,2,6,8,30.0,3,1021.3888888888889,1469.3333333333335,0.6111111111110858,1.3333333333333712,1020.7777777777778,1468.0,1022.0,1470.6666666666667,2.2222222222221717,3.6666666666667425,768.70556640625,768.698974609375,0.12364816387378577,0.061824081936892886,123648.16387378577,61824.081936892886,289
252,5,6,15,100.0,10,1193.7,1763.4,4.308131845707604,2.4166091947189146,1190.0,1760.0,1201.5,1767.0,12.5,8.0,768.7342529296875,768.69755859375,0.07419023282970802,0.014838046565941603,74190.23282970802,14838.046565941604,290
253,2,6,7,20.0,2,1720.5,1868.5,0.5,0.5,1720.0,1868.0,1721.0,1869.0,2.0,2.0,768.6923828125,768.691162109375,0.02472967536218533,0.012364837681092665,24729.67536218533,12364.837681092666,291
254,1,6,6,10.0,1,32.0,1921.0,0.0,0.0,32.0,1921.0,32.0,1921.0,1.0,1.0,768.6923828125,768.6923828125,0.012364802191407497,0.012364802191407497,12364.802191407496,12364.802191407496,292
255,1,6,6,10.0,1,838.0,1953.0,0.0,0.0,838.0,1953.0,838.0,1953.0,1.0,1.0,802.1728515625,802.1728515625,0.012364802191407497,0.012364802191407497,12364.802191407496,12364.802191407496,293
256,1,6,6,10.0,1,875.0,1958.0,0.0,0.0,875.0,1958.0,875.0,1958.0,1.0,1.0,768.6923828125,768.6923828125,0.012364802191407497,0.012364802191407497,12364.802191407496,12364.802191407496,294
257,1,6,6,10.0,1,181.5,1979.5,0.0,0.0,181.5,1979.5,181.5,1979.5,1.0,1.0,802.1728515625,802.1728515625,0.024729604382814994,0.024729604382814994,24729.604382814992,24729.604382814992,295
249,1,6,6,10.0,1,511.0,1290.0,0.0,0.0,511.0,1290.0,511.0,1290.0,1.0,1.0,768.6923828125,768.6923828125,0.012364802191407497,0.012364802191407497,12364.802191407496,12364.802191407496,286
240,2,6,7,20.0,2,865.85,321.95,0.6499999999999773,0.5500000000000114,865.2,321.4,866.5,322.5,2.2999999999999545,2.1000000000000227,836.279052734375,802.4857177734375,0.08655397023670415,0.043276985118352075,86553.97023670415,43276.98511835207,277
239,1,6,6,10.0,1,149.0,202.0,0.0,0.0,149.0,202.0,149.0,202.0,1.0,1.0,768.6923828125,768.6923828125,0.012364802191407497,0.012364802191407497,12364.802191407496,12364.802191407496,276
238,1,6,6,10.0,1,494.0,108.0,0.0,0.0,494.0,108.0,494.0,108.0,1.0,1.0,768.6923828125,768.6923828125,0.012364802191407497,0.012364802191407497,12364.802191407496,12364.802191407496,275
237,2,6,9,40.0,4,900.0,104.5,1.5,1.0,898.5,103.5,901.5,105.5,4.0,3.0,836.2626953125,802.470458984375,0.0989188434046377,0.04945942170231885,98918.84340463771,49459.421702318854,274
236,5,6,12,70.0,7,886.5,72.7,0.8944271909999159,1.16619037896906,885.0,71.0,887.5,74.0,3.5,4.0,802.156494140625,775.38466796875,0.07419016179250865,0.01483803235850173,74190.16179250865,14838.032358501729,273
235,2,6,7,20.0,2,975.8875,67.4625,0.5124999999999886,0.6625000000000014,975.375,66.8,976.4,68.125,2.0249999999999773,2.325000000000003,1095.04052734375,1037.483154296875,0.16074299632326014,0.08037149816163007,160742.99632326013,80371.49816163006,272
234,2,6,7,20.0,2,1987.5,6.0,1.5,1.0,1986.0,5.0,1989.0,7.0,4.0,3.0,768.6923828125,768.691162109375,0.04945927974500032,0.02472963987250016,49459.27974500032,24729.63987250016,271
242,4,6,11,60.0,6,770.125,475.375,1.8833148966649205,1.9803724397193574,768.0,472.0,772.0,477.0,5.0,6.0,802.156494140625,777.0519104003906,0.07419030375740879,0.018547575939352197,74190.3037574088,18547.5759393522,279
243,2,6,7,20.0,2,1956.3,621.4,0.2999999999999545,1.3999999999999773,1956.0,620.0,1956.6,622.8,1.599999999999909,3.7999999999999545,836.279052734375,802.4857177734375,0.08655397023670415,0.043276985118352075,86553.97023670415,43276.98511835207,280
244,1,6,6,10.0,1,125.0,684.0,0.0,0.0,125.0,684.0,125.0,684.0,1.0,1.0,768.6923828125,768.6923828125,0.012364802191407497,0.012364802191407497,12364.802191407496,12364.802191407496,281
245,1,6,6,10.0,1,172.0,733.0,0.0,0.0,172.0,733.0,172.0,733.0,1.0,1.0,802.1728515625,802.1728515625,0.012364802191407497,0.012364802191407497,12364.802191407496,12364.802191407496,282
246,1,6,6,10.0,1,604.25,1058.5,0.0,0.0,604.25,1058.5,604.25,1058.5,1.0,1.0,768.6923828125,768.6923828125,0.03709440657422249,0.03709440657422249,37094.40657422249,37094.40657422249,283
247,1,6,6,10.0,1,1957.0,1175.0,0.0,0.0,1957.0,1175.0,1957.0,1175.0,1.0,1.0,768.6923828125,768.6923828125,0.012364802191407497,0.012364802191407497,12364.802191407496,12364.802191407496,284
248,6,6,10,50.0,5,1726.6957366650774,1246.6211696858943,3.0267061035332743,0.9886309105417714,1722.0,1244.75,1730.0,1247.7241379310344,9.0,3.97413793103442,2190.9697265625,1282.2526448567708,1.5950782923089295,0.26584638205148825,1595078.2923089296,265846.38205148827,285
272,4,7,10,40.0,4,953.15,1407.95,3.6698092593485074,0.9526279441628724,949.0,1407.0,957.0,1409.0,9.0,3.0,768.70556640625,768.6885681152344,0.11128449736902149,0.027821124342255373,111284.49736902148,27821.12434225537,310
271,2,7,8,20.0,2,1897.0,1288.5,0.0,0.5,1897.0,1288.0,1897.0,1289.0,1.0,2.0,768.70556640625,768.69775390625,0.02472981732189614,0.01236490866094807,24729.81732189614,12364.90866094807,309
270,1,7,7,10.0,1,262.0,1263.0,0.0,0.0,262.0,1263.0,262.0,1263.0,1.0,1.0,836.279052734375,836.279052734375,0.012364873170777831,0.012364873170777831,12364.873170777832,12364.873170777832,308
269,11,7,13,70.0,7,1308.4537481963469,760.6104108232965,5.461654845903993,2.3334173695096467,1298.925,758.0,1315.5,766.25,17.575000000000045,9.25,2304.01416015625,1387.89599609375,3.400426580579924,0.3091296891436295,3400426.580579924,309129.68914362945,307
268,3,7,8,20.0,2,1953.1666666666667,655.8333333333334,1.649915822768611,2.7182510717166815,1951.0,653.0,1955.0,659.5,5.0,7.5,768.70556640625,768.7003580729166,0.04945970562413275,0.016486568541377585,49459.70562413275,16486.568541377586,306
280,1,7,7,10.0,1,292.0,1959.0,0.0,0.0,292.0,1959.0,292.0,1959.0,1.0,1.0,4825.5888671875,4825.5888671875,0.012364873170777831,0.012364873170777831,12364.873170777832,12364.873170777832,318
266,1,7,7,10.0,1,857.0,523.0,0.0,0.0,857.0,523.0,857.0,523.0,1.0,1.0,768.68994140625,768.68994140625,0.012364873170777831,0.012364873170777831,12364.873170777832,12364.873170777832,304
267,2,7,8,20.0,2,1973.5,649.25,1.5,0.75,1972.0,648.5,1975.0,650.0,4.0,2.5,768.70556640625,768.69775390625,0.03709469049267397,0.018547345246336985,37094.69049267397,18547.345246336987,305
264,130,7,52,460.0,46,786.2319549984428,439.9455423386096,13.573047257711833,9.859036495004213,756.0,421.0,810.0,461.0,55.0,41.0,906.7265625,780.4816641000601,4.365416750903536,0.03358012885310413,4365416.750903537,33580.12885310413,302
263,1,7,7,10.0,1,373.5,232.5,0.0,0.0,373.5,232.5,373.5,232.5,1.0,1.0,768.68994140625,768.68994140625,0.024729746341555663,0.024729746341555663,24729.746341555663,24729.746341555663,301
262,4,7,10,40.0,4,854.0208333333334,188.41666666666666,0.81729355191388,1.1636866703140798,852.75,187.0,855.0,190.0,3.25,4.0,942.8935546875,863.6466674804688,0.11128520717802054,0.027821301794505135,111285.20717802054,27821.301794505136,300
261,2,7,8,20.0,2,383.5,142.0,0.5,0.0,383.0,142.0,384.0,142.0,2.0,1.0,802.20166015625,802.1676025390625,0.07418945196568841,0.037094725982844204,74189.45196568841,37094.725982844204,299
260,1,7,7,10.0,1,577.0,137.0,0.0,0.0,577.0,137.0,577.0,137.0,1.0,1.0,768.68994140625,768.68994140625,0.012364873170777831,0.012364873170777831,12364.873170777832,12364.873170777832,298
259,1,7,7,10.0,1,332.0,127.0,0.0,0.0,332.0,127.0,332.0,127.0,1.0,1.0,768.68994140625,768.68994140625,0.012364873170777831,0.012364873170777831,12364.873170777832,12364.873170777832,297
258,2,7,7,10.0,1,380.375,94.375,3.125,0.625,377.25,93.75,383.5,95.0,7.25,2.25,802.20166015625,802.20166015625,0.06182436585388915,0.030912182926944577,61824.365853889154,30912.182926944577,296
265,1,7,7,10.0,1,1517.0,447.0,0.0,0.0,1517.0,447.0,1517.0,447.0,1.0,1.0,768.68994140625,768.68994140625,0.012364873170777831,0.012364873170777831,12364.873170777832,12364.873170777832,303
281,3,7,8,20.0,2,855.5833333333334,1963.8333333333333,3.513861440384669,2.6562295750848715,850.75,1960.5,859.0,1967.0,9.25,7.5,802.20166015625,779.8709309895834,0.06182464977525106,0.020608216591750352,61824.64977525106,20608.21659175035,319
283,1,7,7,10.0,1,940.0,2010.0,0.0,0.0,940.0,2010.0,940.0,2010.0,1.0,1.0,768.68994140625,768.68994140625,0.012364873170777831,0.012364873170777831,12364.873170777832,12364.873170777832,321
282,1,7,7,10.0,1,644.0,1973.0,0.0,0.0,644.0,1973.0,644.0,1973.0,1.0,1.0,768.68994140625,768.68994140625,0.012364873170777831,0.012364873170777831,12364.873170777832,12364.873170777832,320
277,1,7,7,10.0,1,1305.0,1829.0,0.0,0.0,1305.0,1829.0,1305.0,1829.0,1.0,1.0,871.0634765625,871.0634765625,0.012364873170777831,0.012364873170777831,12364.873170777832,12364.873170777832,315
276,1,7,7,10.0,1,20.75,1708.0,0.0,0.0,20.75,1708.0,20.75,1708.0,1.0,1.0,768.68994140625,768.68994140625,0.049459492683111325,0.049459492683111325,49459.492683111326,49459.492683111326,314
273,2,7,9,30.0,3,935.0,1415.5,0.0,0.5,935.0,1415.0,935.0,1416.0,1.0,2.0,768.68994140625,768.68408203125,0.024729888298874188,0.012364944149437094,24729.888298874186,12364.944149437093,311
278,1,7,7,10.0,1,587.0,1892.0,0.0,0.0,587.0,1892.0,587.0,1892.0,1.0,1.0,802.20166015625,802.20166015625,0.012364873170777831,0.012364873170777831,12364.873170777832,12364.873170777832,316
279,1,7,7,10.0,1,75.0,1907.0,0.0,0.0,75.0,1907.0,75.0,1907.0,1.0,1.0,768.68994140625,768.68994140625,0.012364873170777831,0.012364873170777831,12364.873170777832,12364.873170777832,317
275,1,7,7,10.0,1,48.0,1671.0,0.0,0.0,48.0,1671.0,48.0,1671.0,1.0,1.0,768.68994140625,768.68994140625,0.012364873170777831,0.012364873170777831,12364.873170777832,12364.873170777832,313
274,1,7,7,10.0,1,876.0,1440.0,0.0,0.0,876.0,1440.0,876.0,1440.0,1.0,1.0,768.68994140625,768.68994140625,0.012364873170777831,0.012364873170777831,12364.873170777832,12364.873170777832,312
286,2,8,9,20.0,2,728.5,73.5,0.5,1.5,728.0,72.0,729.0,75.0,2.0,4.0,768.70556640625,768.69189453125,0.024729959279214668,0.012364979639607334,24729.95927921467,12364.979639607334,324
287,1,8,8,10.0,1,403.0,85.0,0.0,0.0,403.0,85.0,403.0,85.0,1.0,1.0,768.70556640625,768.70556640625,0.012364944151118308,0.012364944151118308,12364.944151118309,12364.944151118309,325
300,1,8,8,10.0,1,1935.0,1301.0,0.0,0.0,1935.0,1301.0,1935.0,1301.0,1.0,1.0,802.133544921875,802.133544921875,0.012364944151118308,0.012364944151118308,12364.944151118309,12364.944151118309,338
292,5,8,11,40.0,4,855.1045454545454,307.4313131313131,0.75262625584797,4.508990214653523,853.75,303.0,856.0,315.5,3.25,13.5,906.684814453125,830.278759765625,0.45750854125156926,0.09150170825031385,457508.54125156923,91501.70825031385,330
285,2,8,11,40.0,4,260.5,66.0,2.5,1.0,258.0,65.0,263.0,67.0,6.0,3.0,768.718017578125,768.7117919921875,0.024730101252111947,0.012365050626055973,24730.10125211195,12365.050626055974,323
284,5,8,12,50.0,5,896.2485346215781,29.165152979066022,0.9514082569860777,4.534203352291724,895.0,21.0,897.5,35.0,3.5,15.0,1017.6002197265625,909.6618286132813,1.1252239013618555,0.2250447802723711,1125223.9013618554,225044.7802723711,322
288,1,8,8,10.0,1,633.0,88.0,0.0,0.0,633.0,88.0,633.0,88.0,1.0,1.0,768.70556640625,768.70556640625,0.024729888302236616,0.024729888302236616,24729.888302236617,24729.888302236617,326
297,19,8,23,160.0,16,602.9840836790072,955.7906361048402,2.525996417620738,2.1773287157662793,600.04,954.0,610.0,964.5,10.960000000000036,11.5,1817.5986328125,1175.9874653063323,4.21660894580073,0.22192678662109105,4216608.94580073,221926.78662109104,335
291,1,8,8,10.0,1,173.0,216.0,0.0,0.0,173.0,216.0,173.0,216.0,1.0,1.0,768.70556640625,768.70556640625,0.012364944151118308,0.012364944151118308,12364.944151118309,12364.944151118309,329
296,2,8,11,40.0,4,230.5,795.5,0.5,1.5,230.0,794.0,231.0,797.0,2.0,4.0,768.718017578125,768.7117919921875,0.024730101252111947,0.012365050626055973,24730.10125211195,12365.050626055974,334
293,2,8,9,20.0,2,1548.5,452.75,0.5,0.75,1548.0,452.0,1549.0,453.5,2.0,2.5,802.109619140625,785.4075927734375,0.037094903430332976,0.018547451715166488,37094.903430332975,18547.451715166488,331
294,1,8,8,10.0,1,738.5,529.0,0.0,0.0,738.5,529.0,738.5,529.0,1.0,1.0,802.133544921875,802.133544921875,0.024729888302236616,0.024729888302236616,24729.888302236617,24729.888302236617,332
295,2,8,10,30.0,3,263.0,771.75,1.0,0.75,262.0,771.0,264.0,772.5,3.0,2.5,768.70556640625,768.6930541992188,0.037094974420195444,0.018547487210097722,37094.974420195445,18547.487210097723,333
289,4,8,11,40.0,4,1488.392361111111,154.69097222222223,0.7653001483925694,1.2907843088387916,1487.111111111111,153.0,1489.0,156.55555555555554,2.888888888888914,4.555555555555543,979.869140625,855.4588317871094,0.23493493259365059,0.058733733148412647,234934.9325936506,58733.73314841265,327
298,6,8,13,60.0,6,1851.7916666666667,1148.4166666666667,3.792582307024536,1.4837078178970715,1845.0,1146.0,1855.5,1150.5,11.5,5.5,768.718017578125,768.6936442057291,0.14838160130613717,0.024730266884356197,148381.60130613716,24730.266884356195,336
302,1,8,8,10.0,1,51.0,1661.0,0.0,0.0,51.0,1661.0,51.0,1661.0,1.0,1.0,768.70556640625,768.70556640625,0.012364944151118308,0.012364944151118308,12364.944151118309,12364.944151118309,340
299,3,8,11,40.0,4,1653.6666666666667,1190.0,1.247219128924647,1.4142135623730951,1652.0,1188.0,1655.0,1191.0,4.0,4.0,802.156494140625,802.1311442057291,0.037095187370070774,0.012365062456690258,37095.18737007077,12365.062456690259,337
303,1,8,8,10.0,1,1277.5,1791.5,0.0,0.0,1277.5,1791.5,1277.5,1791.5,1.0,1.0,768.70556640625,768.70556640625,0.024729888302236616,0.024729888302236616,24729.888302236617,24729.888302236617,341
301,1,8,8,10.0,1,1905.75,1393.5,0.0,0.0,1905.75,1393.5,1905.75,1393.5,1.0,1.0,768.70556640625,768.70556640625,0.037094832453354924,0.037094832453354924,37094.832453354924,37094.832453354924,339
290,1,8,8,10.0,1,403.0,194.0,0.0,0.0,403.0,194.0,403.0,194.0,1.0,1.0,768.70556640625,768.70556640625,0.012364944151118308,0.012364944151118308,12364.944151118309,12364.944151118309,328
320,1,9,9,10.0,1,1005.0,1420.0,0.0,0.0,1005.0,1420.0,1005.0,1420.0,1.0,1.0,768.67822265625,768.67822265625,0.012365015128096358,0.012365015128096358,12365.015128096358,12365.015128096358,358
319,3,9,11,30.0,3,508.7,1296.0625,1.2832251036613374,0.08838834764831845,507.6,1296.0,510.5,1296.1875,3.8999999999999773,1.1875,1017.599365234375,920.1729329427084,0.2967611439423168,0.09892038131410559,296761.14394231676,98920.38131410559,357
324,1,9,9,10.0,1,344.0,2020.0,0.0,0.0,344.0,2020.0,344.0,2020.0,1.0,1.0,768.67822265625,768.67822265625,0.012365015128096358,0.012365015128096358,12365.015128096358,12365.015128096358,362
323,1,9,9,10.0,1,637.0,1964.0,0.0,0.0,637.0,1964.0,637.0,1964.0,1.0,1.0,768.67822265625,768.67822265625,0.012365015128096358,0.012365015128096358,12365.015128096358,12365.015128096358,361
318,2,9,11,30.0,3,556.5,1103.5,0.5,1.5,556.0,1102.0,557.0,1105.0,2.0,4.0,768.718017578125,768.6981201171875,0.02473017222909,0.012365086114545,24730.17222909,12365.086114545,356
317,1,9,9,10.0,1,535.0,965.0,0.0,0.0,535.0,965.0,535.0,965.0,1.0,1.0,768.67822265625,768.67822265625,0.03709504538428907,0.03709504538428907,37095.04538428907,37095.04538428907,355
316,1,9,9,10.0,1,336.0,883.0,0.0,0.0,336.0,883.0,336.0,883.0,1.0,1.0,768.67822265625,768.67822265625,0.012365015128096358,0.012365015128096358,12365.015128096358,12365.015128096358,354
315,1,9,9,10.0,1,221.0,860.0,0.0,0.0,221.0,860.0,221.0,860.0,1.0,1.0,768.67822265625,768.67822265625,0.012365015128096358,0.012365015128096358,12365.015128096358,12365.015128096358,353
314,4,9,16,80.0,8,270.875,826.1875,0.739509972887452,2.6063324327491304,270.0,824.0,272.0,830.5,3.0,7.5,802.111083984375,777.047119140625,0.11128669792547095,0.02782167448136774,111286.69792547096,27821.67448136774,352
313,4,9,13,50.0,5,1946.125,784.5,1.1388041973930374,0.8660254037844386,1945.0,784.0,1947.5,786.0,3.5,3.0,802.109619140625,777.0498352050781,0.06182557255627353,0.015456393139068382,61825.57255627353,15456.393139068383,351
312,2,9,11,30.0,3,488.5,706.0,1.5,1.0,487.0,705.0,490.0,707.0,4.0,3.0,768.718017578125,768.6981201171875,0.02473017222909,0.012365086114545,24730.17222909,12365.086114545,350
311,3,9,11,30.0,3,455.5,701.6666666666666,1.8708286933869707,0.4714045207910317,453.5,701.0,458.0,702.0,5.5,2.0,768.718017578125,768.6922607421875,0.049460344465007654,0.016486781488335885,49460.344465007656,16486.781488335884,349
310,1,9,9,10.0,1,452.0,614.0,0.0,0.0,452.0,614.0,452.0,614.0,1.0,1.0,768.67822265625,768.67822265625,0.012365015128096358,0.012365015128096358,12365.015128096358,12365.015128096358,348
309,1,9,9,10.0,1,123.0,532.0,0.0,0.0,123.0,532.0,123.0,532.0,1.0,1.0,906.619140625,906.619140625,0.012365015128096358,0.012365015128096358,12365.015128096358,12365.015128096358,347
308,5,9,15,70.0,7,817.6,444.4,3.6660605559646724,4.223742416388575,814.0,439.0,824.0,450.0,11.0,12.0,768.7342529296875,768.7005615234375,0.06182635344181922,0.012365270688363844,61826.35344181922,12365.270688363844,346
307,5,9,12,40.0,4,892.0466666666667,291.98333333333335,2.9627014699425898,1.5709162223930873,887.0,290.6666666666667,896.0,295.0,10.0,5.333333333333314,1134.925537109375,935.6761474609375,0.3338586028989914,0.06677172057979827,333858.6028989914,66771.72057979828,345
306,2,9,10,20.0,2,1797.0,239.0,1.0,3.0,1796.0,236.0,1798.0,242.0,3.0,7.0,768.6805419921875,768.6793823242188,0.024730101246055188,0.012365050623027594,24730.101246055186,12365.050623027593,344
305,1,9,9,10.0,1,385.5,211.5,0.0,0.0,385.5,211.5,385.5,211.5,1.0,1.0,768.67822265625,768.67822265625,0.024730030256192716,0.024730030256192716,24730.030256192716,24730.030256192716,343
325,1,9,9,10.0,1,241.0,2039.5,0.0,0.0,241.0,2039.5,241.0,2039.5,1.0,1.0,768.67822265625,768.67822265625,0.024730030256192716,0.024730030256192716,24730.030256192716,24730.030256192716,363
304,1,9,9,10.0,1,632.0,77.0,0.0,0.0,632.0,77.0,632.0,77.0,1.0,1.0,802.109619140625,802.109619140625,0.012365015128096358,0.012365015128096358,12365.015128096358,12365.015128096358,342
322,10,9,15,70.0,7,382.9086932581784,1752.3392224550178,3.7966713303053954,2.207497383621329,376.5,1749.0,389.0,1756.9166666666667,13.5,8.916666666666742,3591.095703125,1347.8258178710937,2.84399096115389,0.284399096115389,2843990.96115389,284399.09611538897,360
321,1,9,9,10.0,1,0.5,1698.0,0.0,0.0,0.5,1698.0,0.5,1698.0,1.0,1.0,768.67822265625,768.67822265625,0.024730030256192716,0.024730030256192716,24730.030256192716,24730.030256192716,359
340,4,10,13,40.0,4,846.75,1940.75,4.602988159880492,2.5860201081971503,840.0,1938.0,853.0,1945.0,14.0,8.0,768.718017578125,768.6925659179688,0.049460628418039644,0.012365157104509911,49460.62841803965,12365.157104509912,378
341,1,10,10,10.0,1,164.0,1944.0,0.0,0.0,164.0,1944.0,164.0,1944.0,1.0,1.0,768.6805419921875,768.6805419921875,0.01236508611795883,0.01236508611795883,12365.08611795883,12365.08611795883,379
334,1,10,10,10.0,1,506.0,1254.1666666666667,0.0,0.0,506.0,1254.1666666666667,506.0,1254.1666666666667,1.0,1.0,802.1033935546875,802.1033935546875,0.04946034447183532,0.04946034447183532,49460.34447183532,49460.34447183532,372
335,5,10,12,30.0,3,989.6333333333332,1412.2666666666667,5.598015521394873,2.991840756308916,980.6666666666666,1410.0,995.0,1418.0,15.333333333333371,9.0,768.690673828125,768.68662109375,0.09892125684302126,0.019784251368604254,98921.25684302126,19784.251368604255,373
329,12,10,24,150.0,15,517.5243055555555,218.9201388888889,2.5012993344139147,2.9757147023814516,512.0,214.0,520.0,224.0,9.0,11.0,802.113037109375,774.2746988932291,0.2596775992907963,0.021639799940899693,259677.59929079632,21639.79994089969,367
330,1,10,10,10.0,1,463.0,245.0,0.0,0.0,463.0,245.0,463.0,245.0,1.0,1.0,768.6805419921875,768.6805419921875,0.01236508611795883,0.01236508611795883,12365.08611795883,12365.08611795883,368
331,2,10,11,20.0,2,514.25,261.0,2.75,0.0,511.5,261.0,517.0,261.0,6.5,1.0,768.718017578125,768.6992797851562,0.03709540031994611,0.018547700159973056,37095.400319946115,18547.700159973057,369
332,1,10,10,10.0,1,1523.0,457.0,0.0,0.0,1523.0,457.0,1523.0,457.0,1.0,1.0,768.6805419921875,768.6805419921875,0.01236508611795883,0.01236508611795883,12365.08611795883,12365.08611795883,370
333,2,10,13,40.0,4,1820.0,1154.5,2.0,0.5,1818.0,1154.0,1822.0,1155.0,5.0,2.0,768.691162109375,768.6858520507812,0.02473038519908717,0.012365192599543585,24730.38519908717,12365.192599543585,371
326,2,10,12,30.0,3,631.5,66.0,2.5,1.0,629.0,65.0,634.0,67.0,6.0,3.0,768.690673828125,768.6856079101562,0.02473031421075532,0.01236515710537766,24730.314210755318,12365.157105377659,364
328,1,10,10,10.0,1,168.0,183.0,0.0,0.0,168.0,183.0,168.0,183.0,1.0,1.0,768.6805419921875,768.6805419921875,0.01236508611795883,0.01236508611795883,12365.08611795883,12365.08611795883,366
327,2,10,11,20.0,2,908.077922077922,112.08441558441558,0.35064935064934843,0.37012987012987253,907.7272727272727,111.71428571428571,908.4285714285714,112.45454545454545,1.7012987012986969,1.740259740259745,906.684814453125,906.6683349609375,0.30912814671145805,0.15456407335572903,309128.14671145804,154564.07335572902,365
342,1,10,10,10.0,1,167.0,2047.0,0.0,0.0,167.0,2047.0,167.0,2047.0,1.0,1.0,768.6805419921875,768.6805419921875,0.01236508611795883,0.01236508611795883,12365.08611795883,12365.08611795883,380
339,1,10,10,10.0,1,1237.0,1737.0,0.0,0.0,1237.0,1737.0,1237.0,1737.0,1.0,1.0,768.6805419921875,768.6805419921875,0.01236508611795883,0.01236508611795883,12365.08611795883,12365.08611795883,377
337,1,10,10,10.0,1,723.5,1418.5,0.0,0.0,723.5,1418.5,723.5,1418.5,1.0,1.0,768.6805419921875,768.6805419921875,0.02473017223591766,0.02473017223591766,24730.17223591766,24730.17223591766,375
338,3,10,14,50.0,5,993.3333333333334,1533.0,0.4714045207910317,1.7795130420052185,993.0,1531.5,994.0,1535.5,2.0,5.0,836.2940673828125,791.2308756510416,0.0618260694857876,0.02060868982859587,61826.0694857876,20608.689828595867,376
336,2,10,11,20.0,2,923.25,1416.5,1.25,1.0,922.0,1415.5,924.5,1417.5,3.5,3.0,802.156494140625,802.1299438476562,0.04946048643790494,0.02473024321895247,49460.48643790494,24730.24321895247,374
368,1,11,11,10.0,1,936.0,2021.0,0.0,0.0,936.0,2021.0,936.0,2021.0,1.0,1.0,768.718017578125,768.718017578125,0.01236515710099364,0.01236515710099364,12365.15710099364,12365.15710099364,406
352,1,11,11,10.0,1,802.0,415.0,0.0,0.0,802.0,415.0,802.0,415.0,1.0,1.0,768.718017578125,768.718017578125,0.01236515710099364,0.01236515710099364,12365.15710099364,12365.15710099364,390
351,1,11,11,10.0,1,882.0,260.0,0.0,0.0,882.0,260.0,882.0,260.0,1.0,1.0,802.156494140625,802.156494140625,0.01236515710099364,0.01236515710099364,12365.15710099364,12365.15710099364,389
345,1,11,11,10.0,1,270.0,66.0,0.0,0.0,270.0,66.0,270.0,66.0,1.0,1.0,802.156494140625,802.156494140625,0.01236515710099364,0.01236515710099364,12365.15710099364,12365.15710099364,383
346,2,11,14,40.0,4,968.5,67.5,1.5,1.5,967.0,66.0,970.0,69.0,4.0,4.0,768.718017578125,768.7132568359375,0.02473052717543179,0.012365263587715895,24730.52717543179,12365.263587715895,384
347,7,11,21,110.0,11,333.9642857142857,81.10714285714286,10.854910484783053,1.067851170551861,319.0,79.5,347.5,83.0,29.5,4.5,871.063720703125,792.884050641741,0.18548190005253132,0.02649741429321876,185481.90005253133,26497.414293218757,385
348,1,11,11,10.0,1,1705.0,157.0,0.0,0.0,1705.0,157.0,1705.0,157.0,1.0,1.0,836.2637939453125,836.2637939453125,0.01236515710099364,0.01236515710099364,12365.15710099364,12365.15710099364,386
349,3,11,14,40.0,4,864.6944444444445,226.5,0.7586944602081975,1.0801234497346435,864.0,225.0,865.75,227.5,2.75,3.5,1055.98828125,922.5391845703125,0.13601857387213592,0.04533952462404531,136018.57387213592,45339.524624045305,387
350,1,11,11,10.0,1,425.0,234.0,0.0,0.0,425.0,234.0,425.0,234.0,1.0,1.0,768.718017578125,768.718017578125,0.01236515710099364,0.01236515710099364,12365.15710099364,12365.15710099364,388
344,2,11,12,20.0,2,649.75,40.25,3.25,0.75,646.5,39.5,653.0,41.0,7.5,2.5,768.718017578125,768.704345703125,0.03709554229478377,0.018547771147391885,37095.54229478377,18547.771147391886,382
343,2,11,12,20.0,2,866.0,9.0,2.0,0.0,864.0,9.0,868.0,9.0,5.0,1.0,836.2864990234375,836.275146484375,0.09892146978335767,0.049460734891678834,98921.46978335766,49460.73489167883,381
360,11,11,19,90.0,9,360.04112554112555,1245.4253246753249,5.693496553113782,4.558109573798393,353.6666666666667,1239.75,368.0,1251.3333333333333,15.333333333333314,12.583333333333258,1017.607177734375,895.3310990767045,0.5564464809213718,0.050586043720124714,556446.4809213718,50586.04372012471,398
367,1,11,11,10.0,1,612.0,1965.0,0.0,0.0,612.0,1965.0,612.0,1965.0,1.0,1.0,768.718017578125,768.718017578125,0.01236515710099364,0.01236515710099364,12365.15710099364,12365.15710099364,405
366,1,11,11,10.0,1,573.0,1910.0,0.0,0.0,573.0,1910.0,573.0,1910.0,1.0,1.0,768.718017578125,768.718017578125,0.01236515710099364,0.01236515710099364,12365.15710099364,12365.15710099364,404
365,1,11,11,10.0,1,27.0,1719.0,0.0,0.0,27.0,1719.0,27.0,1719.0,1.0,1.0,802.156494140625,802.156494140625,0.01236515710099364,0.01236515710099364,12365.15710099364,12365.15710099364,403
364,1,11,11,10.0,1,2.0,1658.0,0.0,0.0,2.0,1658.0,2.0,1658.0,1.0,1.0,768.718017578125,768.718017578125,0.01236515710099364,0.01236515710099364,12365.15710099364,12365.15710099364,402
363,1,11,11,10.0,1,1515.0,1502.0,0.0,0.0,1515.0,1502.0,1515.0,1502.0,1.0,1.0,768.718017578125,768.718017578125,0.01236515710099364,0.01236515710099364,12365.15710099364,12365.15710099364,401
362,1,11,11,10.0,1,717.0,1437.0,0.0,0.0,717.0,1437.0,717.0,1437.0,1.0,1.0,768.718017578125,768.718017578125,0.01236515710099364,0.01236515710099364,12365.15710099364,12365.15710099364,400
361,5,11,17,70.0,7,1924.9,1333.0,2.4166091947189146,2.3021728866442674,1922.0,1329.5,1928.0,1335.0,7.0,6.5,768.744873046875,768.7140625,0.09892317358399537,0.019784634716799074,98923.17358399538,19784.634716799075,399
356,5,11,13,30.0,3,171.88333333333333,729.6333333333333,1.5344199048645184,2.5828494170413965,170.0,726.0,173.75,732.0,4.75,7.0,802.113037109375,782.0696044921875,0.1360177929671468,0.02720355859342936,136017.79296714682,27203.55859342936,394
359,1,11,11,10.0,1,73.0,1030.0,0.0,0.0,73.0,1030.0,73.0,1030.0,1.0,1.0,768.718017578125,768.718017578125,0.01236515710099364,0.01236515710099364,12365.15710099364,12365.15710099364,397
358,5,11,15,50.0,5,613.3712820512822,970.6712820512821,1.3226300179436064,1.4094612210331587,612.0,968.5,614.9333333333333,971.9333333333333,3.9333333333332803,4.43333333333328,1175.465087890625,978.4854248046875,0.5688045387067326,0.11376090774134653,568804.5387067327,113760.90774134653,396
357,1,11,11,10.0,1,521.0,962.0,0.0,0.0,521.0,962.0,521.0,962.0,1.0,1.0,768.718017578125,768.718017578125,0.01236515710099364,0.01236515710099364,12365.15710099364,12365.15710099364,395
354,3,11,13,30.0,3,865.3333333333334,553.6666666666666,0.9428090415820634,1.699673171197595,864.0,552.0,866.0,556.0,3.0,5.0,768.718017578125,768.699951171875,0.037095684274918474,0.012365228091639492,37095.68427491847,12365.228091639492,392
355,6,11,18,80.0,8,466.125,594.9722222222223,1.5013497014106842,1.0904325792439045,463.5,593.0,467.83333333333337,596.0,5.333333333333371,4.0,802.113037109375,774.2731323242188,0.1731151100757586,0.02885251834595977,173115.11007575862,28852.51834595977,393
353,3,11,13,30.0,3,752.0,530.6666666666666,0.816496580927726,0.4714045207910317,751.0,530.0,753.0,531.0,3.0,2.0,1017.60595703125,874.1869710286459,0.06182614046051145,0.02060871348683715,61826.14046051145,20608.71348683715,391
384,1,12,12,10.0,1,1313.0,1458.0,0.0,0.0,1313.0,1458.0,1313.0,1458.0,1.0,1.0,1175.4547119140625,1175.4547119140625,0.01236522809279649,0.01236522809279649,12365.22809279649,12365.22809279649,423
388,33,12,35,240.0,24,587.2641414141415,1898.7550505050503,9.976428550324647,6.698564453537049,570.5,1890.0,604.0,1910.1666666666667,34.5,21.166666666666742,836.2421875,777.8441458037405,0.8037868277043174,0.024357176597100526,803786.8277043174,24357.176597100526,427
383,2,12,13,20.0,2,876.5,1434.5,1.5,3.5,875.0,1431.0,878.0,1438.0,4.0,8.0,768.691162109375,768.69091796875,0.024730527173924835,0.012365263586962418,24730.527173924835,12365.263586962417,422
382,3,12,14,30.0,3,902.0,1420.6666666666667,2.160246899469287,1.247219128924647,899.0,1419.0,904.0,1422.0,6.0,4.0,768.70849609375,768.69677734375,0.037095897248362986,0.012365299082787662,37095.897248362984,12365.299082787662,421
381,3,12,13,20.0,2,694.2314814814814,1356.4722222222224,2.4955035008807482,2.4947475688130902,691.4444444444445,1353.0,697.5,1358.75,7.055555555555543,6.75,942.96142578125,860.451904296875,0.2596706418087085,0.08655688060290284,259670.64180870852,86556.88060290283,420
380,1,12,12,10.0,1,891.0,860.0,0.0,0.0,891.0,860.0,891.0,860.0,1.0,1.0,871.0858154296875,871.0858154296875,0.01236522809279649,0.01236522809279649,12365.22809279649,12365.22809279649,418
379,1,12,12,10.0,1,185.0,838.5,0.0,0.0,185.0,838.5,185.0,838.5,1.0,1.0,906.63623046875,906.63623046875,0.02473045618559298,0.02473045618559298,24730.45618559298,24730.45618559298,417
378,2,12,13,20.0,2,1957.25,652.25,0.25,1.25,1957.0,651.0,1957.5,653.5,1.5,3.5,802.113037109375,802.1104125976562,0.03709582625505318,0.01854791312752659,37095.82625505318,18547.91312752659,416
377,2,12,13,20.0,2,461.0,614.0,2.0,2.0,459.0,612.0,463.0,616.0,5.0,5.0,768.691162109375,768.69091796875,0.024730527173924835,0.012365263586962418,24730.527173924835,12365.263586962417,415
376,1,12,12,10.0,1,756.0,459.0,0.0,0.0,756.0,459.0,756.0,459.0,1.0,1.0,768.690673828125,768.690673828125,0.01236522809279649,0.01236522809279649,12365.22809279649,12365.22809279649,414
375,1,12,12,10.0,1,530.0,307.0,0.0,0.0,530.0,307.0,530.0,307.0,1.0,1.0,768.690673828125,768.690673828125,0.01236522809279649,0.01236522809279649,12365.22809279649,12365.22809279649,413
374,5,12,16,50.0,5,424.0,222.8,2.6076809620810595,3.4871191548325386,419.0,218.0,426.0,228.0,8.0,11.0,768.7342529296875,768.7100341796875,0.06182685037260013,0.012365370074520026,61826.85037260013,12365.370074520026,412
373,2,12,14,30.0,3,633.25,96.5,0.25,1.5,633.0,95.0,633.5,98.0,1.5,4.0,836.2940673828125,819.2035522460938,0.06182642442726577,0.030913212213632885,61826.42442726577,30913.212213632884,411
372,1,12,12,10.0,1,365.0,91.0,0.0,0.0,365.0,91.0,365.0,91.0,1.0,1.0,768.690673828125,768.690673828125,0.01236522809279649,0.01236522809279649,12365.22809279649,12365.22809279649,410
371,1,12,12,10.0,1,397.0,86.0,0.0,0.0,397.0,86.0,397.0,86.0,1.0,1.0,802.113037109375,802.113037109375,0.01236522809279649,0.01236522809279649,12365.22809279649,12365.22809279649,409
370,2,12,13,20.0,2,904.0,85.0,1.0,0.0,903.0,85.0,905.0,85.0,3.0,1.0,768.691162109375,768.69091796875,0.04946112533618152,0.02473056266809076,49461.125336181525,24730.562668090763,408
369,3,12,14,30.0,3,1988.3333333333333,8.666666666666666,2.494438257849294,0.4714045207910317,1985.0,8.0,1991.0,9.0,7.0,2.0,768.70849609375,768.69677734375,0.037095897248362986,0.012365299082787662,37095.897248362984,12365.299082787662,407
386,1,12,12,10.0,1,1277.5,1792.0,0.0,0.0,1277.5,1792.0,1277.5,1792.0,1.0,1.0,768.690673828125,768.690673828125,0.02473045618559298,0.02473045618559298,24730.45618559298,24730.45618559298,425
391,1,12,12,10.0,1,934.0,2047.0,0.0,0.0,934.0,2047.0,934.0,2047.0,1.0,1.0,768.690673828125,768.690673828125,0.01236522809279649,0.01236522809279649,12365.22809279649,12365.22809279649,430
389,1,12,12,10.0,1,137.0,1919.0,0.0,0.0,137.0,1919.0,137.0,1919.0,1.0,1.0,768.690673828125,768.690673828125,0.01236522809279649,0.01236522809279649,12365.22809279649,12365.22809279649,428
390,1,12,12,10.0,1,846.0,1960.0,0.0,0.0,846.0,1960.0,846.0,1960.0,1.0,1.0,768.690673828125,768.690673828125,0.01236522809279649,0.01236522809279649,12365.22809279649,12365.22809279649,429
385,1,12,12,10.0,1,1005.0,1485.0,0.0,0.0,1005.0,1485.0,1005.0,1485.0,1.0,1.0,768.690673828125,768.690673828125,0.01236522809279649,0.01236522809279649,12365.22809279649,12365.22809279649,424
387,3,12,13,20.0,2,8.666666666666666,1899.0,3.39934634239519,1.4142135623730951,4.0,1897.0,12.0,1900.0,9.0,4.0,768.691162109375,768.6908365885416,0.03709575526672132,0.012365251755573773,37095.75526672132,12365.251755573772,426
392,1,13,13,10.0,1,458.0,8.0,0.0,0.0,458.0,8.0,458.0,8.0,1.0,1.0,802.1077880859375,802.1077880859375,0.012365299081128343,0.012365299081128343,12365.299081128343,12365.299081128343,431
393,1,13,13,10.0,1,761.0,36.0,0.0,0.0,761.0,36.0,761.0,36.0,1.0,1.0,768.691162109375,768.691162109375,0.012365299081128343,0.012365299081128343,12365.299081128343,12365.299081128343,432
400,3,13,14,20.0,2,525.0,535.0,2.8284271247461903,1.0801234497346435,523.0,534.0,529.0,536.5,7.0,3.5,942.96142578125,849.3105061848959,0.08655723555451802,0.02885241185150601,86557.23555451802,28852.41185150601,439
399,5,13,17,50.0,5,1592.1,452.7,0.66332495807108,0.812403840463596,1591.0,451.5,1593.0,453.5,3.0,3.0,1301.314697265625,974.51484375,0.1731152520292167,0.03462305040584334,173115.2520292167,34623.05040584334,438
398,1,13,13,10.0,1,342.0,351.0,0.0,0.0,342.0,351.0,342.0,351.0,1.0,1.0,768.691162109375,768.691162109375,0.012365299081128343,0.012365299081128343,12365.299081128343,12365.299081128343,437
397,14,13,20,80.0,8,677.25,145.17857142857142,4.725290786382669,3.706206873307952,670.0,137.0,684.5,150.0,15.5,14.0,836.2607421875,775.9257114955357,0.34623476368399414,0.024731054548856723,346234.7636839941,24731.054548856722,436
396,1,13,13,10.0,1,703.0,133.0,0.0,0.0,703.0,133.0,703.0,133.0,1.0,1.0,768.691162109375,768.691162109375,0.012365299081128343,0.012365299081128343,12365.299081128343,12365.299081128343,435
395,1,13,13,10.0,1,633.0,82.0,0.0,0.0,633.0,82.0,633.0,82.0,1.0,1.0,768.691162109375,768.691162109375,0.012365299081128343,0.012365299081128343,12365.299081128343,12365.299081128343,434
394,2,13,16,40.0,4,730.0,66.5,0.0,1.5,730.0,65.0,730.0,68.0,1.0,4.0,768.7255859375,768.7083740234375,0.02473081114000561,0.012365405570002805,24730.81114000561,12365.405570002806,433
417,1,13,13,10.0,1,148.0,1906.0,0.0,0.0,148.0,1906.0,148.0,1906.0,1.0,1.0,768.691162109375,768.691162109375,0.012365299081128343,0.012365299081128343,12365.299081128343,12365.299081128343,456
401,3,13,15,30.0,3,1970.9444444444443,646.2222222222222,0.47790695928017823,1.3698697784375646,1970.3333333333333,644.6666666666666,1971.5,648.0,2.1666666666667425,4.333333333333371,802.0994873046875,779.8330485026041,0.07419236242608429,0.02473078747536143,74192.36242608429,24730.78747536143,440
402,14,13,24,120.0,12,496.950641025641,704.9596153846153,3.4212315391098937,0.783613366670655,491.0,704.0,504.0,706.25,14.0,3.25,836.29052734375,792.7764020647321,1.0016130089051534,0.0715437863503681,1001613.0089051534,71543.7863503681,441
403,1,13,13,10.0,1,144.0,723.0,0.0,0.0,144.0,723.0,144.0,723.0,1.0,1.0,768.691162109375,768.691162109375,0.012365299081128343,0.012365299081128343,12365.299081128343,12365.299081128343,442
404,1,13,13,10.0,1,201.0,733.5,0.0,0.0,201.0,733.5,201.0,733.5,1.0,1.0,802.1077880859375,802.1077880859375,0.024730598162256687,0.024730598162256687,24730.598162256687,24730.598162256687,443
405,3,13,16,40.0,4,818.9333333333334,758.3000000000001,0.09428090415822778,1.4306175822583285,818.8,756.5,819.0,760.0,1.2000000000000455,4.5,1017.615234375,934.6456298828125,0.12365377173333032,0.04121792391111011,123653.77173333033,41217.923911110105,444
406,2,13,14,20.0,2,535.3809523809524,954.2460317460318,0.04761904761903679,0.46825396825391863,535.3333333333334,953.7777777777778,535.4285714285714,954.7142857142857,1.0952380952380736,1.9365079365078373,802.1077880859375,785.4081420898438,0.19784542423784174,0.09892271211892087,197845.42423784174,98922.71211892087,445
407,1,13,13,10.0,1,589.0,1138.0,0.0,0.0,589.0,1138.0,589.0,1138.0,1.0,1.0,768.691162109375,768.691162109375,0.012365299081128343,0.012365299081128343,12365.299081128343,12365.299081128343,446
408,2,13,14,20.0,2,632.1428571428571,1145.357142857143,0.8571428571428328,0.6428571428571104,631.2857142857143,1144.7142857142858,633.0,1146.0,2.7142857142856656,2.2857142857142208,1017.615234375,893.1531982421875,0.09892288960219539,0.049461444801097695,98922.88960219538,49461.44480109769,447
409,11,13,25,130.0,13,1948.7213203463202,1174.262987012987,1.519064790318185,1.6902205049111279,1946.0,1172.0,1952.0,1178.0,7.0,7.0,871.091064453125,784.1697665127841,0.4204329480146528,0.03822117709224116,420432.9480146528,38221.17709224116,448
410,1,13,13,10.0,1,1961.0,1178.0,0.0,0.0,1961.0,1178.0,1961.0,1178.0,1.0,1.0,768.691162109375,768.691162109375,0.012365299081128343,0.012365299081128343,12365.299081128343,12365.299081128343,449
411,1,13,13,10.0,1,514.3,1288.3,0.0,0.0,514.3,1288.3,514.3,1288.3,1.0,1.0,1095.11767578125,1095.11767578125,0.12365299081128343,0.12365299081128343,123652.99081128344,123652.99081128344,450
412,2,13,16,40.0,4,1948.0,1301.5,0.0,1.5,1948.0,1300.0,1948.0,1303.0,1.0,4.0,768.7255859375,768.7083740234375,0.02473081114000561,0.012365405570002805,24730.81114000561,12365.405570002806,451
413,2,13,15,30.0,3,736.5,1336.5,1.5,0.5,735.0,1336.0,738.0,1337.0,4.0,2.0,768.7342529296875,768.7127075195312,0.024730740146488222,0.012365370073244111,24730.74014648822,12365.37007324411,452
414,20,13,30,180.0,18,960.0035912698413,1404.635277777778,6.07185482147657,2.012350197629938,952.0,1400.0,974.0,1408.5,23.0,9.5,802.1884765625,777.0679565429688,0.7543171102353005,0.037715855511765026,754317.1102353005,37715.855511765025,453
415,1,13,13,10.0,1,949.0,1454.0,0.0,0.0,949.0,1454.0,949.0,1454.0,1.0,1.0,768.691162109375,768.691162109375,0.012365299081128343,0.012365299081128343,12365.299081128343,12365.299081128343,454
416,1,13,13,10.0,1,1170.0,1895.5,0.0,0.0,1170.0,1895.5,1170.0,1895.5,1.0,1.0,768.691162109375,768.691162109375,0.024730598162256687,0.024730598162256687,24730.598162256687,24730.598162256687,455
418,6,13,17,50.0,5,1192.2916666666667,1924.8333333333333,4.042525681908389,1.4624940645653537,1187.5,1922.0,1199.0,1926.0,12.5,5.0,768.744873046875,768.7216593424479,0.12365469463847195,0.020609115773078657,123654.69463847195,20609.115773078658,457
419,5,14,19,60.0,6,1999.3,37.5,5.528109984434102,2.792848008753788,1991.0,32.0,2007.0,39.5,17.0,8.5,768.7342529296875,768.725341796875,0.09892402549345845,0.01978480509869169,98924.02549345845,19784.80509869169,458
420,1,14,14,10.0,1,597.0,122.0,0.0,0.0,597.0,122.0,597.0,122.0,1.0,1.0,768.70849609375,768.70849609375,0.01236537007443815,0.01236537007443815,12365.370074438151,12365.370074438151,459
421,1,14,14,10.0,1,574.0,134.0,0.0,0.0,574.0,134.0,574.0,134.0,1.0,1.0,768.70849609375,768.70849609375,0.01236537007443815,0.01236537007443815,12365.370074438151,12365.370074438151,460
423,4,14,18,50.0,5,909.75,227.625,2.8613807855648994,2.218529918662356,906.0,224.0,913.0,230.0,8.0,7.0,768.7342529296875,768.7105407714844,0.06182734732464174,0.015456836831160435,61827.34732464174,15456.836831160435,462
424,4,14,17,40.0,4,838.175,266.2,2.8621451745150734,2.310844001658258,834.7,264.0,841.0,269.4,7.2999999999999545,6.399999999999977,1055.9825439453125,936.7183532714844,0.16075179876854667,0.04018794969213667,160751.79876854667,40187.949692136666,463
422,15,14,26,130.0,13,1506.857777777778,150.31111111111113,6.597266175292179,2.010036545334499,1497.0,147.0,1519.0,153.0,23.0,7.0,871.13916015625,782.2755289713542,0.4080709146764385,0.027204727645095902,408070.91467643855,27204.727645095903,461
425,23,14,30,170.0,17,520.0359574741614,291.46708115921336,2.964233278331272,2.7282218541833103,513.0,286.3333333333333,524.1388888888888,297.75,12.1388888888888,12.416666666666686,942.889892578125,825.388767408288,3.041972766410647,0.13225968549611508,3041972.766410647,132259.68549611507,464
429,7,14,18,50.0,5,443.2619047619047,702.7619047619048,3.2007652146297265,1.8472808286953804,438.5,700.0,449.0,705.0,11.5,6.0,1017.5693359375,872.7304338727679,0.29677115353277506,0.04239587907611072,296771.15353277506,42395.879076110716,468
430,18,14,26,130.0,13,164.70401172546315,723.3994164243373,5.654130077106347,3.7406602452404125,157.0,719.0,172.42857142857142,730.4285714285714,16.428571428571416,12.428571428571445,942.965087890625,820.3822428385416,1.3602325246610043,0.07556847359227802,1360232.5246610043,75568.47359227801,469
427,1,14,14,10.0,1,1524.0,458.0,0.0,0.0,1524.0,458.0,1524.0,458.0,1.0,1.0,768.70849609375,768.70849609375,0.01236537007443815,0.01236537007443815,12365.370074438151,12365.370074438151,466
428,1,14,14,10.0,1,515.0,592.0,0.0,0.0,515.0,592.0,515.0,592.0,1.0,1.0,768.70849609375,768.70849609375,0.01236537007443815,0.01236537007443815,12365.370074438151,12365.370074438151,467
431,7,14,21,80.0,8,181.15714285714284,765.3214285714286,3.40246009438429,1.8837381420343704,177.0,762.0,186.5,768.0,10.5,7.0,802.174072265625,783.0388532366071,0.22258297992025142,0.03179756856003592,222582.9799202514,31797.568560035917,470
432,1,14,14,10.0,1,204.0,849.0,0.0,0.0,204.0,849.0,204.0,849.0,1.0,1.0,768.70849609375,768.70849609375,0.01236537007443815,0.01236537007443815,12365.370074438151,12365.370074438151,471
426,4,14,17,40.0,4,852.5833333333334,308.68333333333334,0.8760707733967538,1.273773920285705,851.6,307.2,854.0,310.5,3.3999999999999773,4.300000000000011,979.8739013671875,934.2048950195312,0.24730967325330064,0.06182741831332516,247309.67325330063,61827.41831332516,465
440,1,14,14,10.0,1,1243.0,1717.0,0.0,0.0,1243.0,1717.0,1243.0,1717.0,1.0,1.0,768.70849609375,768.70849609375,0.01236537007443815,0.01236537007443815,12365.370074438151,12365.370074438151,479
444,1,14,14,10.0,1,74.0,1902.0,0.0,0.0,74.0,1902.0,74.0,1902.0,1.0,1.0,768.70849609375,768.70849609375,0.01236537007443815,0.01236537007443815,12365.370074438151,12365.370074438151,483
433,1,14,14,10.0,1,1928.0,1168.0,0.0,0.0,1928.0,1168.0,1928.0,1168.0,1.0,1.0,768.70849609375,768.70849609375,0.01236537007443815,0.01236537007443815,12365.370074438151,12365.370074438151,472
435,1,14,14,10.0,1,1966.0,1247.0,0.0,0.0,1966.0,1247.0,1966.0,1247.0,1.0,1.0,768.70849609375,768.70849609375,0.01236537007443815,0.01236537007443815,12365.370074438151,12365.370074438151,474
434,1,14,14,10.0,1,1967.0,1218.0,0.0,0.0,1967.0,1218.0,1967.0,1218.0,1.0,1.0,802.141357421875,802.141357421875,0.01236537007443815,0.01236537007443815,12365.370074438151,12365.370074438151,473
437,1,14,14,10.0,1,1883.0,1311.0,0.0,0.0,1883.0,1311.0,1883.0,1311.0,1.0,1.0,768.70849609375,768.70849609375,0.01236537007443815,0.01236537007443815,12365.370074438151,12365.370074438151,476
438,3,14,17,40.0,4,49.583333333333336,1692.75,1.829541533341679,3.360307525609325,47.0,1688.0,51.0,1695.25,5.0,8.25,768.744873046875,768.7292073567709,0.07419271739097467,0.024730905796991557,74192.71739097468,24730.905796991556,477
439,2,14,15,20.0,2,366.5,1702.5,1.5,0.5,365.0,1702.0,368.0,1703.0,4.0,2.0,802.0994873046875,785.4039916992188,0.02473081113979803,0.012365405569899015,24730.81113979803,12365.405569899014,478
436,1,14,14,10.0,1,317.0,1265.0,0.0,0.0,317.0,1265.0,317.0,1265.0,1.0,1.0,768.70849609375,768.70849609375,0.01236537007443815,0.01236537007443815,12365.370074438151,12365.370074438151,475
446,1,14,14,10.0,1,943.0,2013.0,0.0,0.0,943.0,2013.0,943.0,2013.0,1.0,1.0,768.70849609375,768.70849609375,0.01236537007443815,0.01236537007443815,12365.370074438151,12365.370074438151,485
441,1,14,14,10.0,1,1223.0,1718.0,0.0,0.0,1223.0,1718.0,1223.0,1718.0,1.0,1.0,768.70849609375,768.70849609375,0.01236537007443815,0.01236537007443815,12365.370074438151,12365.370074438151,480
443,1,14,14,10.0,1,34.0,1720.0,0.0,0.0,34.0,1720.0,34.0,1720.0,1.0,1.0,768.70849609375,768.70849609375,0.01236537007443815,0.01236537007443815,12365.370074438151,12365.370074438151,482
442,1,14,14,10.0,1,10.75,1720.0,0.0,0.0,10.75,1720.0,10.75,1720.0,1.0,1.0,768.70849609375,768.70849609375,0.0494614802977526,0.0494614802977526,49461.480297752605,49461.480297752605,481
447,1,14,14,10.0,1,927.0,2031.0,0.0,0.0,927.0,2031.0,927.0,2031.0,1.0,1.0,768.70849609375,768.70849609375,0.01236537007443815,0.01236537007443815,12365.370074438151,12365.370074438151,486
445,1,14,14,10.0,1,361.0,2006.0,0.0,0.0,361.0,2006.0,361.0,2006.0,1.0,1.0,768.70849609375,768.70849609375,0.01236537007443815,0.01236537007443815,12365.370074438151,12365.370074438151,484
448,2,15,16,20.0,2,630.0,69.5,2.0,3.5,628.0,66.0,632.0,73.0,5.0,8.0,768.7342529296875,768.7299194335938,0.024730953124237145,0.012365476562118572,24730.953124237145,12365.476562118572,487
449,1,15,15,10.0,1,903.0,124.0,0.0,0.0,903.0,124.0,903.0,124.0,1.0,1.0,768.7342529296875,768.7342529296875,0.012365441065359879,0.012365441065359879,12365.441065359879,12365.441065359879,488
464,2,15,16,20.0,2,857.5,1966.0,4.5,1.0,853.0,1965.0,862.0,1967.0,10.0,3.0,768.7342529296875,768.7299194335938,0.024730953124237145,0.012365476562118572,24730.953124237145,12365.476562118572,503
463,1,15,15,10.0,1,38.0,1966.0,0.0,0.0,38.0,1966.0,38.0,1966.0,1.0,1.0,768.7342529296875,768.7342529296875,0.012365441065359879,0.012365441065359879,12365.441065359879,12365.441065359879,502
462,1,15,15,10.0,1,112.0,1916.0,0.0,0.0,112.0,1916.0,112.0,1916.0,1.0,1.0,768.7342529296875,768.7342529296875,0.012365441065359879,0.012365441065359879,12365.441065359879,12365.441065359879,501
461,2,15,18,40.0,4,1002.0,1523.5,0.0,0.5,1002.0,1523.0,1002.0,1524.0,1.0,2.0,802.0994873046875,785.3866577148438,0.04946197724760794,0.02473098862380397,49461.97724760794,24730.98862380397,500
460,24,15,48,340.0,34,1455.7427827380952,1507.4848958333332,1.661183727746445,1.2709647088855918,1452.5,1504.5,1459.0,1510.5,7.5,7.0,1619.9591064453125,854.1933339436849,0.9027865588131168,0.0376161066172132,902786.5588131167,37616.1066172132,499
459,1,15,15,10.0,1,1674.0,1011.0,0.0,0.0,1674.0,1011.0,1674.0,1011.0,1.0,1.0,768.7342529296875,768.7342529296875,0.012365441065359879,0.012365441065359879,12365.441065359879,12365.441065359879,498
458,1,15,15,10.0,1,237.0,823.0,0.0,0.0,237.0,823.0,237.0,823.0,1.0,1.0,768.7342529296875,768.7342529296875,0.012365441065359879,0.012365441065359879,12365.441065359879,12365.441065359879,497
457,2,15,16,20.0,2,552.3452380952381,632.2857142857142,0.48809523809518396,0.7142857142857224,551.8571428571429,631.5714285714286,552.8333333333333,633.0,1.976190476190368,2.428571428571445,871.142333984375,836.626708984375,0.13602013569302823,0.06801006784651412,136020.13569302822,68010.06784651411,496
456,2,15,17,30.0,3,863.5,321.5,0.5,0.5,863.0,321.0,864.0,322.0,2.0,2.0,871.11474609375,819.9244995117188,0.024731024120456892,0.012365512060228446,24731.024120456892,12365.512060228446,495
455,1,15,15,10.0,1,1805.0,234.0,0.0,0.0,1805.0,234.0,1805.0,234.0,1.0,1.0,768.7342529296875,768.7342529296875,0.012365441065359879,0.012365441065359879,12365.441065359879,12365.441065359879,494
454,4,15,19,50.0,5,901.0625,193.875,1.3035408509133881,1.4306903927824497,899.0,192.0,902.5,196.0,4.5,5.0,836.28955078125,785.6054382324219,0.08655879740369248,0.02163969935092312,86558.79740369247,21639.699350923118,493
453,1,15,15,10.0,1,871.0,172.0,0.0,0.0,871.0,172.0,871.0,172.0,1.0,1.0,768.7342529296875,768.7342529296875,0.012365441065359879,0.012365441065359879,12365.441065359879,12365.441065359879,492
452,44,15,41,270.0,27,1692.5064795684114,151.13253271349862,4.603614585734613,5.997474656368903,1685.5,140.5,1702.0,161.83333333333334,17.5,22.333333333333343,1175.53759765625,829.7235051935369,2.720638392007343,0.06183269072743962,2720638.392007343,61832.69072743962,491
451,2,15,18,40.0,4,585.5,135.0,0.5,1.0,585.0,134.0,586.0,136.0,2.0,3.0,768.7342529296875,768.7040405273438,0.02473109511688818,0.01236554755844409,24731.09511688818,12365.54755844409,490
450,1,15,15,10.0,1,128.0,129.0,0.0,0.0,128.0,129.0,128.0,129.0,1.0,1.0,1134.92578125,1134.92578125,0.012365441065359879,0.012365441065359879,12365.441065359879,12365.441065359879,489
474,1,16,16,10.0,1,177.0,801.0,0.0,0.0,177.0,801.0,177.0,801.0,1.0,1.0,768.7255859375,768.7255859375,0.012365512058877266,0.012365512058877266,12365.512058877266,12365.512058877266,514
473,1,16,16,10.0,1,1283.5,794.0,0.0,0.0,1283.5,794.0,1283.5,794.0,1.0,1.0,906.67236328125,906.67236328125,0.024731024117754533,0.024731024117754533,24731.024117754532,24731.024117754532,513
491,1,16,16,10.0,1,590.0,1898.0,0.0,0.0,590.0,1898.0,590.0,1898.0,1.0,1.0,768.7255859375,768.7255859375,0.012365512058877266,0.012365512058877266,12365.512058877266,12365.512058877266,531
492,7,16,21,60.0,6,60.55952380952381,1941.4166666666665,3.736540471328733,0.8345229603962866,55.0,1940.0,68.0,1942.75,14.0,3.75,768.744873046875,768.7148786272321,0.17311951170647122,0.024731358815210176,173119.5117064712,24731.358815210177,532
481,1,16,16,10.0,1,1923.0,1251.0,0.0,0.0,1923.0,1251.0,1923.0,1251.0,1.0,1.0,768.7255859375,768.7255859375,0.012365512058877266,0.012365512058877266,12365.512058877266,12365.512058877266,521
482,2,16,19,40.0,4,1898.0,1286.0,0.0,1.0,1898.0,1285.0,1898.0,1287.0,1.0,3.0,768.7255859375,768.724853515625,0.024731237103689893,0.012365618551844947,24731.237103689895,12365.618551844947,522
493,2,16,17,20.0,2,788.3,1972.5,0.6999999999999886,0.5,787.6,1972.0,789.0,1973.0,2.3999999999999773,2.0,836.28955078125,802.5172119140625,0.07419314334948335,0.037096571674741674,74193.14334948335,37096.57167474167,533
494,2,16,16,10.0,1,1296.75,2001.75,2.25,3.75,1294.5,1998.0,1299.0,2005.5,5.5,8.5,802.111083984375,785.4183349609375,0.0370965361766318,0.0185482680883159,37096.5361766318,18548.2680883159,534
467,1,16,16,10.0,1,194.0,183.0,0.0,0.0,194.0,183.0,194.0,183.0,1.0,1.0,768.7255859375,768.7255859375,0.012365512058877266,0.012365512058877266,12365.512058877266,12365.512058877266,506
468,1,16,16,10.0,1,527.0,306.0,0.0,0.0,527.0,306.0,527.0,306.0,1.0,1.0,768.7255859375,768.7255859375,0.012365512058877266,0.012365512058877266,12365.512058877266,12365.512058877266,507
469,1,16,16,10.0,1,1146.0,532.0,0.0,0.0,1146.0,532.0,1146.0,532.0,1.0,1.0,768.7255859375,768.7255859375,0.012365512058877266,0.012365512058877266,12365.512058877266,12365.512058877266,508
470,4,16,19,40.0,4,766.65,545.05,0.4092676385936218,0.7123903424387528,766.0,544.0,767.0,546.0,2.0,3.0,1134.90869140625,894.74853515625,0.09892480643070324,0.02473120160767581,98924.80643070325,24731.201607675812,509
471,2,16,17,20.0,2,456.5,612.125,0.5,1.875,456.0,610.25,457.0,614.0,2.0,4.75,768.744873046875,768.7352294921875,0.04946211923172881,0.024731059615864404,49462.11923172881,24731.059615864404,510
472,1,16,16,10.0,1,1278.0,782.0,0.0,0.0,1278.0,782.0,1278.0,782.0,1.0,1.0,768.7255859375,768.7255859375,0.012365512058877266,0.012365512058877266,12365.512058877266,12365.512058877266,512
480,1,16,16,10.0,1,1970.0,1180.0,0.0,0.0,1970.0,1180.0,1970.0,1180.0,1.0,1.0,802.111083984375,802.111083984375,0.012365512058877266,0.012365512058877266,12365.512058877266,12365.512058877266,520
479,2,16,17,20.0,2,1802.5,1147.5,1.5,2.5,1801.0,1145.0,1804.0,1150.0,4.0,6.0,768.744873046875,768.7352294921875,0.024731095113974276,0.012365547556987138,24731.095113974276,12365.547556987138,519
483,3,16,18,30.0,3,1901.3333333333333,1309.0,4.988876515698588,0.816496580927726,1896.0,1308.0,1908.0,1310.0,13.0,3.0,768.744873046875,768.7147623697916,0.037096749165502575,0.012365583055167524,37096.74916550257,12365.583055167524,523
484,1,16,16,10.0,1,1268.0,1365.0,0.0,0.0,1268.0,1365.0,1268.0,1365.0,1.0,1.0,5779.9111328125,5779.9111328125,0.012365512058877266,0.012365512058877266,12365.512058877266,12365.512058877266,524
475,1,16,16,10.0,1,1078.0,1061.0,0.0,0.0,1078.0,1061.0,1078.0,1061.0,1.0,1.0,942.96484375,942.96484375,0.012365512058877266,0.012365512058877266,12365.512058877266,12365.512058877266,515
476,1,16,16,10.0,1,181.0,1080.5,0.0,0.0,181.0,1080.5,181.0,1080.5,1.0,1.0,768.7255859375,768.7255859375,0.024731024117754533,0.024731024117754533,24731.024117754532,24731.024117754532,516
478,1,16,16,10.0,1,1829.0,1149.0,0.0,0.0,1829.0,1149.0,1829.0,1149.0,1.0,1.0,768.7255859375,768.7255859375,0.012365512058877266,0.012365512058877266,12365.512058877266,12365.512058877266,518
477,1,16,16,10.0,1,1824.0,1137.0,0.0,0.0,1824.0,1137.0,1824.0,1137.0,1.0,1.0,768.7255859375,768.7255859375,0.012365512058877266,0.012365512058877266,12365.512058877266,12365.512058877266,517
489,8,16,22,70.0,7,1873.0498798076924,1632.5414663461538,3.23238385554452,2.1264175482860512,1869.0,1630.0,1879.0,1636.0,11.0,7.0,906.687744140625,798.7685241699219,0.49463006684444966,0.06182875835555621,494630.06684444967,61828.75835555621,529
490,2,16,17,20.0,2,51.5,1667.25,0.5,4.25,51.0,1663.0,52.0,1671.5,2.0,9.5,802.111083984375,785.427978515625,0.03709660717285154,0.01854830358642577,37096.607172851545,18548.303586425773,530
487,3,16,17,20.0,2,697.8333333333334,1448.0,1.649915822768611,1.632993161855452,695.5,1446.0,699.0,1450.0,4.5,5.0,768.744873046875,768.7384440104166,0.0494622612241683,0.016487420408056102,49462.2612241683,16487.420408056103,527
488,1,16,16,10.0,1,997.0,1490.0,0.0,0.0,997.0,1490.0,997.0,1490.0,1.0,1.0,768.7255859375,768.7255859375,0.012365512058877266,0.012365512058877266,12365.512058877266,12365.512058877266,528
485,2,16,17,20.0,2,990.5,1408.0,1.5,0.0,989.0,1408.0,992.0,1408.0,4.0,1.0,768.744873046875,768.7352294921875,0.024731095113974276,0.012365547556987138,24731.095113974276,12365.547556987138,525
486,2,16,19,40.0,4,924.0,1416.25,2.0,1.75,922.0,1414.5,926.0,1418.0,5.0,4.5,768.7255859375,768.724853515625,0.03709674916256716,0.01854837458128358,37096.74916256716,18548.37458128358,526
465,3,16,17,20.0,2,269.3333333333333,63.666666666666664,3.299831645537222,4.988876515698588,267.0,57.0,274.0,69.0,8.0,13.0,768.744873046875,768.7320149739584,0.03709660717285154,0.012365535724283847,37096.607172851545,12365.535724283847,504
466,1,16,16,10.0,1,187.0,107.0,0.0,0.0,187.0,107.0,187.0,107.0,1.0,1.0,768.7255859375,768.7255859375,0.012365512058877266,0.012365512058877266,12365.512058877266,12365.512058877266,505
498,2,17,18,20.0,2,774.5,422.0,1.5,2.0,773.0,420.0,776.0,424.0,4.0,5.0,768.744873046875,768.7093505859375,0.024731237106625312,0.012365618553312656,24731.23710662531,12365.618553312655,539
497,1,17,17,10.0,1,175.0,216.0,0.0,0.0,175.0,216.0,175.0,216.0,1.0,1.0,768.744873046875,768.744873046875,0.012365583055097011,0.012365583055097011,12365.583055097011,12365.583055097011,538
496,12,17,29,130.0,13,630.7777777777778,78.65277777777777,1.7163879673083777,5.388369820361967,629.0,70.0,635.0,86.0,7.0,17.0,802.1884765625,779.8560791015625,0.30915079478287205,0.025762566231906005,309150.7947828721,25762.566231906007,537
495,1,17,17,10.0,1,1999.0,26.0,0.0,0.0,1999.0,26.0,1999.0,26.0,1.0,1.0,768.744873046875,768.744873046875,0.012365583055097011,0.012365583055097011,12365.583055097011,12365.583055097011,536
512,1,17,17,10.0,1,959.0,1509.0,0.0,0.0,959.0,1509.0,959.0,1509.0,1.0,1.0,768.744873046875,768.744873046875,0.012365583055097011,0.012365583055097011,12365.583055097011,12365.583055097011,553
511,3,17,19,30.0,3,919.0833333333334,1447.5833333333333,0.6561673228343176,1.2304019216861166,918.5,1446.0,920.0,1449.0,2.5,4.0,802.1884765625,779.8690592447916,0.08655964935083546,0.028853216450278486,86559.64935083546,28853.216450278487,552
510,2,17,18,20.0,2,734.0,1379.5,1.0,0.5,733.0,1379.0,735.0,1380.0,3.0,2.0,768.744873046875,768.7093505859375,0.024731237106625312,0.012365618553312656,24731.23710662531,12365.618553312655,551
509,1,17,17,10.0,1,961.0,1369.0,0.0,0.0,961.0,1369.0,961.0,1369.0,1.0,1.0,1175.533935546875,1175.533935546875,0.012365583055097011,0.012365583055097011,12365.583055097011,12365.583055097011,550
508,4,17,20,40.0,4,516.3333333333334,1292.0833333333333,0.9789450103725561,1.1814539065631722,515.0,1290.8333333333333,517.5,1294.0,3.5,4.1666666666667425,871.11474609375,811.196533203125,0.1236564695159057,0.030914117378976425,123656.4695159057,30914.117378976425,549
507,7,17,21,50.0,5,1724.2129870129868,1247.7190476190476,5.759617253534897,1.2449079959448166,1717.3333333333333,1246.0,1731.090909090909,1250.0,14.75757575757575,5.0,1216.753662109375,847.1521693638393,0.3215082832624606,0.045929754751780086,321508.2832624606,45929.754751780085,548
506,1,17,17,10.0,1,2014.0,1066.0,0.0,0.0,2014.0,1066.0,2014.0,1066.0,1.0,1.0,768.744873046875,768.744873046875,0.012365583055097011,0.012365583055097011,12365.583055097011,12365.583055097011,547
505,2,17,18,20.0,2,58.25,1008.0,0.25,0.0,58.0,1008.0,58.5,1008.0,1.5,1.0,768.744873046875,768.7093505859375,0.037096820161722326,0.018548410080861163,37096.820161722324,18548.410080861162,546
504,1,17,17,10.0,1,236.5,807.25,0.0,0.0,236.5,807.25,236.5,807.25,1.0,1.0,836.27392578125,836.27392578125,0.037096749165291036,0.037096749165291036,37096.74916529104,37096.74916529104,545
503,1,17,17,10.0,1,275.0,755.0,0.0,0.0,275.0,755.0,275.0,755.0,1.0,1.0,768.744873046875,768.744873046875,0.012365583055097011,0.012365583055097011,12365.583055097011,12365.583055097011,544
502,1,17,17,10.0,1,182.5,727.0,0.0,0.0,182.5,727.0,182.5,727.0,1.0,1.0,768.744873046875,768.744873046875,0.024731166110194023,0.024731166110194023,24731.166110194023,24731.166110194023,543
501,2,17,18,20.0,2,131.25,725.0,1.25,1.0,130.0,724.0,132.5,726.0,3.5,3.0,768.744873046875,768.7093505859375,0.037096891158153615,0.018548445579076808,37096.891158153616,18548.445579076808,542
500,5,17,22,60.0,6,114.85,708.55,1.7999999999999998,0.33166247903554,112.5,708.0,118.0,709.0,6.5,2.0,836.29296875,809.25458984375,0.16075577463430382,0.03215115492686076,160755.77463430382,32151.154926860763,541
499,28,17,43,270.0,27,501.6396512113618,595.8332065282253,6.670089714254341,11.81937245706382,486.5,580.0,512.0,615.25,26.5,36.25,942.921142578125,795.5364641462054,1.7189413066221002,0.06139076095078929,1718941.3066221003,61390.76095078929,540
515,3,17,19,30.0,3,1398.1111111111113,1818.1666666666667,0.4157397096415558,0.3600411499116063,1397.6666666666667,1817.8333333333333,1398.6666666666667,1818.6666666666667,2.0,1.833333333333485,1134.912109375,924.9169921875,0.12365639851927346,0.041218799506424486,123656.39851927345,41218.79950642449,556
517,1,17,17,10.0,1,253.0,1941.0,0.0,0.0,253.0,1941.0,253.0,1941.0,1.0,1.0,768.744873046875,768.744873046875,0.012365583055097011,0.012365583055097011,12365.583055097011,12365.583055097011,558
516,60,17,53,370.0,37,156.5475,1907.7771428571427,10.771065417658622,6.939193790969659,134.0,1893.0,176.0,1923.0,43.0,31.0,802.1572265625,774.2747334798177,2.0158283672873005,0.033597139454788344,2015828.3672873005,33597.13945478835,557
514,1,17,17,10.0,1,1219.0,1709.0,0.0,0.0,1219.0,1709.0,1219.0,1709.0,1.0,1.0,768.744873046875,768.744873046875,0.012365583055097011,0.012365583055097011,12365.583055097011,12365.583055097011,555
513,1,17,17,10.0,1,0.7619047619047619,1680.952380952381,0.0,0.0,0.7619047619047619,1680.952380952381,0.7619047619047619,1680.952380952381,1.0,1.0,836.27392578125,836.27392578125,0.25967724415703725,0.25967724415703725,259677.24415703723,259677.24415703723,554
529,2,18,19,20.0,2,1478.5,1350.5,0.5,0.5,1478.0,1350.0,1479.0,1351.0,2.0,2.0,768.72412109375,768.698974609375,0.024731379096340926,0.012365689548170463,24731.379096340926,12365.689548170463,570
526,8,18,24,70.0,7,1307.8664772727273,760.9931818181818,3.6188619574739382,1.9103445559149976,1301.8,759.0,1314.0,765.0,13.200000000000045,7.0,979.8831787109375,867.9977416992188,0.4080752460061079,0.05100940575076349,408075.2460061079,51009.405750763486,567
530,1,18,18,10.0,1,1909.0,1374.5,0.0,0.0,1909.0,1374.5,1909.0,1374.5,1.0,1.0,768.673828125,768.673828125,0.024731308103056602,0.024731308103056602,24731.308103056603,24731.308103056603,571
523,2,18,19,20.0,2,1517.5,446.5,0.5,0.5,1517.0,446.0,1518.0,447.0,2.0,2.0,768.72412109375,768.698974609375,0.024731379096340926,0.012365689548170463,24731.379096340926,12365.689548170463,564
524,1,18,18,10.0,1,820.0,452.5,0.0,0.0,820.0,452.5,820.0,452.5,1.0,1.0,768.673828125,768.673828125,0.024731308103056602,0.024731308103056602,24731.308103056603,24731.308103056603,565
525,5,18,22,50.0,5,784.3428571428572,474.99285714285713,1.5716882902257132,1.8516953070643347,782.0,473.0,786.0,478.0,5.0,6.0,802.1884765625,788.76044921875,0.16075520660080284,0.03215104132016057,160755.20660080283,32151.04132016057,566
522,1,18,18,10.0,1,314.0,348.0,0.0,0.0,314.0,348.0,314.0,348.0,1.0,1.0,768.673828125,768.673828125,0.012365654051528301,0.012365654051528301,12365.654051528301,12365.654051528301,563
519,1,18,18,10.0,1,371.0,77.0,0.0,0.0,371.0,77.0,371.0,77.0,1.0,1.0,768.673828125,768.673828125,0.012365654051528301,0.012365654051528301,12365.654051528301,12365.654051528301,560
520,1,18,18,10.0,1,638.0,152.0,0.0,0.0,638.0,152.0,638.0,152.0,1.0,1.0,768.673828125,768.673828125,0.012365654051528301,0.012365654051528301,12365.654051528301,12365.654051528301,561
528,1,18,18,10.0,1,511.91666666666663,1007.6666666666666,0.0,0.0,511.91666666666663,1007.6666666666666,511.91666666666663,1007.6666666666666,1.0,1.0,768.673828125,768.673828125,0.1112908864637547,0.1112908864637547,111290.88646375471,111290.88646375471,569
527,1,18,18,10.0,1,336.0,914.0,0.0,0.0,336.0,914.0,336.0,914.0,1.0,1.0,768.673828125,768.673828125,0.012365654051528301,0.012365654051528301,12365.654051528301,12365.654051528301,568
539,2,18,20,30.0,3,601.0,1948.5,0.0,0.5,601.0,1948.0,601.0,1949.0,1.0,2.0,768.707275390625,768.6905517578125,0.024731450096120135,0.012365725048060067,24731.450096120134,12365.725048060067,580
540,1,18,18,10.0,1,237.39743589743588,1997.2147435897436,0.0,0.0,237.39743589743588,1997.2147435897436,237.39743589743588,1997.2147435897436,1.0,1.0,871.098388671875,871.098388671875,3.944643642437528,3.944643642437528,3944643.6424375284,3944643.6424375284,581
541,1,18,18,10.0,1,945.0,2010.0,0.0,0.0,945.0,2010.0,945.0,2010.0,1.0,1.0,768.673828125,768.673828125,0.012365654051528301,0.012365654051528301,12365.654051528301,12365.654051528301,582
542,8,18,24,70.0,7,1155.2714285714287,2043.619642857143,4.142290601656442,2.9001577851164146,1150.0,2037.857142857143,1162.0,2046.5,13.0,9.64285714285711,871.08447265625,802.476806640625,0.3091487354653093,0.03864359193316366,309148.7354653093,38643.59193316366,583
535,1,18,18,10.0,1,0.0,1626.0,0.0,0.0,0.0,1626.0,0.0,1626.0,1.0,1.0,871.098388671875,871.098388671875,0.012365654051528301,0.012365654051528301,12365.654051528301,12365.654051528301,576
536,2,18,20,30.0,3,8.5,1685.5,2.5,1.5,6.0,1684.0,11.0,1687.0,6.0,4.0,768.707275390625,768.6905517578125,0.024731450096120135,0.012365725048060067,24731.450096120134,12365.725048060067,577
537,1,18,18,10.0,1,1328.0,1836.0,0.0,0.0,1328.0,1836.0,1328.0,1836.0,1.0,1.0,768.673828125,768.673828125,0.012365654051528301,0.012365654051528301,12365.654051528301,12365.654051528301,578
538,2,18,20,30.0,3,1224.6666666666665,1903.1666666666665,0.33333333333337123,0.8333333333333712,1224.3333333333333,1902.3333333333333,1225.0,1904.0,1.6666666666667425,2.6666666666667425,871.098388671875,819.90283203125,0.04946275819917674,0.02473137909958837,49462.75819917674,24731.37909958837,579
534,7,18,22,50.0,5,872.3571428571429,1412.857142857143,4.649994513931371,1.8070158058105026,867.0,1410.0,882.0,1415.0,16.0,6.0,802.10205078125,773.4753069196429,0.12365803147523839,0.017665433067891197,123658.03147523839,17665.433067891197,575
533,1,18,18,10.0,1,1878.25,1403.0,0.0,0.0,1878.25,1403.0,1878.25,1403.0,1.0,1.0,802.174072265625,802.174072265625,0.037096962154584905,0.037096962154584905,37096.96215458491,37096.96215458491,574
532,2,18,21,40.0,4,1858.375,1401.875,0.375,1.875,1858.0,1400.0,1858.75,1403.75,1.75,4.75,836.29296875,802.4833984375,0.11129259044199036,0.05564629522099518,111292.59044199035,55646.295220995176,573
531,1,18,18,10.0,1,858.0,1396.0,0.0,0.0,858.0,1396.0,858.0,1396.0,1.0,1.0,768.673828125,768.673828125,0.012365654051528301,0.012365654051528301,12365.654051528301,12365.654051528301,572
521,6,18,21,40.0,4,415.8194444444444,168.69444444444446,3.624254925558089,3.9433683978278853,410.5,164.0,420.25,174.5,10.75,11.5,802.174072265625,785.41552734375,0.18548701169733517,0.03091450194955586,185487.01169733517,30914.501949555863,562
518,2,18,19,20.0,2,686.75,42.5,3.75,0.5,683.0,42.0,690.5,43.0,8.5,2.0,802.174072265625,785.4490966796875,0.03709710414115355,0.018548552070576776,37097.104141153555,18548.552070576778,559
546,1,19,19,10.0,1,938.3333333333333,87.83333333333334,0.0,0.0,938.3333333333333,87.83333333333334,938.3333333333333,87.83333333333334,1.0,1.0,768.72412109375,768.72412109375,0.0494629001792505,0.0494629001792505,49462.9001792505,49462.9001792505,587
545,1,19,19,10.0,1,776.0,77.5,0.0,0.0,776.0,77.5,776.0,77.5,1.0,1.0,768.72412109375,768.72412109375,0.02473145008962525,0.02473145008962525,24731.45008962525,24731.45008962525,586
562,3,19,21,30.0,3,613.4444444444445,1921.5555555555557,2.199887763691498,1.5475986974649367,611.0,1920.0,616.3333333333334,1923.6666666666667,6.333333333333371,4.6666666666667425,768.72412109375,768.7049967447916,0.08656043031702113,0.028853476772340375,86560.43031702112,28853.476772340375,604
561,4,19,21,30.0,3,1724.75,1868.5625,3.766629793329841,0.44633927678392815,1721.0,1868.0,1729.0,1869.0,9.0,2.0,836.2607421875,819.359130859375,0.12365753445167978,0.030914383612919944,123657.53445167978,30914.383612919944,603
560,8,19,29,110.0,11,1990.5,1690.13125,1.0833333333333144,0.7855658567413292,1988.0,1689.0,1991.5,1691.1666666666665,4.5,3.166666666666515,1433.618408203125,945.7799682617188,0.24732238259026376,0.03091529782378297,247322.38259026376,30915.29782378297,602
559,1,19,19,10.0,1,1015.0,1490.0,0.0,0.0,1015.0,1490.0,1015.0,1490.0,1.0,1.0,768.72412109375,768.72412109375,0.012365725044812625,0.012365725044812625,12365.725044812625,12365.725044812625,601
558,1,19,19,10.0,1,986.25,1487.5,0.0,0.0,986.25,1487.5,986.25,1487.5,1.0,1.0,802.1884765625,802.1884765625,0.0494629001792505,0.0494629001792505,49462.9001792505,49462.9001792505,600
557,6,19,24,60.0,6,1717.2673611111113,1345.4791666666667,1.7349892208456519,4.663922184051626,1715.0,1340.5,1720.0,1355.0,6.0,15.5,871.13916015625,796.9361165364584,0.3091466052490334,0.05152443420817224,309146.6052490334,51524.434208172235,599
556,1,19,19,10.0,1,733.0,1339.0,0.0,0.0,733.0,1339.0,733.0,1339.0,1.0,1.0,802.1884765625,802.1884765625,0.012365725044812625,0.012365725044812625,12365.725044812625,12365.725044812625,598
555,1,19,19,10.0,1,526.0,1002.0,0.0,0.0,526.0,1002.0,526.0,1002.0,1.0,1.0,768.72412109375,768.72412109375,0.012365725044812625,0.012365725044812625,12365.725044812625,12365.725044812625,597
554,2,19,21,30.0,3,463.0,989.75,2.0,1.25,461.0,988.5,465.0,991.0,5.0,3.5,768.72412109375,768.703857421875,0.037097317138433006,0.018548658569216503,37097.317138433005,18548.658569216503,596
553,1,19,19,10.0,1,1314.5,805.0,0.0,0.0,1314.5,805.0,1314.5,805.0,1.0,1.0,836.2607421875,836.2607421875,0.02473145008962525,0.02473145008962525,24731.45008962525,24731.45008962525,595
552,1,19,19,10.0,1,133.0,697.5,0.0,0.0,133.0,697.5,133.0,697.5,1.0,1.0,768.72412109375,768.72412109375,0.02473145008962525,0.02473145008962525,24731.45008962525,24731.45008962525,594
551,2,19,20,20.0,2,482.7142857142857,589.9285714285714,0.2857142857142776,0.07142857142855519,482.42857142857144,589.8571428571429,483.0,590.0,1.5714285714285552,1.1428571428571104,871.09423828125,819.9007568359375,0.09892587135828021,0.049462935679140105,98925.87135828022,49462.93567914011,593
550,1,19,19,10.0,1,869.0,569.0,0.0,0.0,869.0,569.0,869.0,569.0,1.0,1.0,768.72412109375,768.72412109375,0.012365725044812625,0.012365725044812625,12365.725044812625,12365.725044812625,592
549,9,19,24,60.0,6,977.2407407407409,559.6388888888889,1.246875381397541,6.791652465333937,974.25,551.0,979.0,571.5,5.75,21.5,942.96484375,848.8307562934028,0.3586105705332346,0.03984561894813718,358610.57053323457,39845.61894813718,591
544,1,19,19,10.0,1,967.0,67.5,0.0,0.0,967.0,67.5,967.0,67.5,1.0,1.0,802.1884765625,802.1884765625,0.02473145008962525,0.02473145008962525,24731.45008962525,24731.45008962525,585
543,5,19,26,80.0,8,456.2,28.0,0.9273618495495703,1.0954451150103321,455.0,26.0,457.5,29.0,3.5,4.0,802.12158203125,775.3787841796875,0.08656220547831533,0.017312441095663066,86562.20547831533,17312.441095663067,584
548,1,19,19,10.0,1,410.0,180.25,0.0,0.0,410.0,180.25,410.0,180.25,1.0,1.0,768.72412109375,768.72412109375,0.037097175134437874,0.037097175134437874,37097.17513443787,37097.17513443787,590
547,1,19,19,10.0,1,171.0,153.0,0.0,0.0,171.0,153.0,171.0,153.0,1.0,1.0,768.72412109375,768.72412109375,0.012365725044812625,0.012365725044812625,12365.725044812625,12365.725044812625,589
578,1,20,20,10.0,1,627.0,1910.0,0.0,0.0,627.0,1910.0,627.0,1910.0,1.0,1.0,768.707275390625,768.707275390625,0.012365796044591832,0.012365796044591832,12365.796044591832,12365.796044591832,621
577,1,20,20,10.0,1,1002.0,1617.0,0.0,0.0,1002.0,1617.0,1002.0,1617.0,1.0,1.0,768.707275390625,768.707275390625,0.012365796044591832,0.012365796044591832,12365.796044591832,12365.796044591832,620
574,1,20,20,10.0,1,602.5,1078.0,0.0,0.0,602.5,1078.0,602.5,1078.0,1.0,1.0,768.707275390625,768.707275390625,0.024731592089183664,0.024731592089183664,24731.592089183665,24731.592089183665,617
573,2,20,22,30.0,3,61.4,1000.45,3.6000000000000014,0.5500000000000114,57.8,999.9,65.0,1001.0,8.200000000000003,2.1000000000000227,802.10205078125,785.4189453125,0.08656142436790827,0.043280712183954136,86561.42436790827,43280.712183954136,616
576,1,20,20,10.0,1,938.0,1440.0,0.0,0.0,938.0,1440.0,938.0,1440.0,1.0,1.0,768.707275390625,768.707275390625,0.012365796044591832,0.012365796044591832,12365.796044591832,12365.796044591832,619
575,1,20,20,10.0,1,694.0,1392.0,0.0,0.0,694.0,1392.0,694.0,1392.0,1.0,1.0,768.707275390625,768.707275390625,0.012365796044591832,0.012365796044591832,12365.796044591832,12365.796044591832,618
570,1,20,20,10.0,1,867.5,554.5,0.0,0.0,867.5,554.5,867.5,554.5,1.0,1.0,768.707275390625,768.707275390625,0.024731592089183664,0.024731592089183664,24731.592089183665,24731.592089183665,613
569,1,20,20,10.0,1,864.0,540.0,0.0,0.0,864.0,540.0,864.0,540.0,1.0,1.0,768.707275390625,768.707275390625,0.012365796044591832,0.012365796044591832,12365.796044591832,12365.796044591832,612
568,2,20,21,20.0,2,855.5,525.75,3.5,3.25,852.0,522.5,859.0,529.0,8.0,7.5,802.10205078125,785.392822265625,0.03709745913799142,0.01854872956899571,37097.45913799142,18548.72956899571,611
567,2,20,21,20.0,2,842.75,272.4,0.75,0.4000000000000057,842.0,272.0,843.5,272.8,2.5,1.8000000000000114,1095.16259765625,1000.93310546875,0.11129251942240612,0.05564625971120306,111292.51942240611,55646.259711203056,610
566,5,20,23,40.0,4,396.8,214.3,1.9390719429665317,3.2186953878862163,393.0,210.0,398.0,218.0,6.0,9.0,768.73583984375,768.719384765625,0.0989274334379056,0.01978548668758112,98927.4334379056,19785.486687581117,609
565,8,20,25,60.0,6,951.765625,101.9609375,3.263323218564089,3.2189090693569122,947.5,96.5,957.5,106.33333333333333,11.0,10.833333333333329,871.0770263671875,798.4713897705078,0.6059307516744552,0.0757413439593069,605930.7516744552,75741.3439593069,608
572,2,20,21,20.0,2,2019.35,892.2,0.35000000000002274,0.8000000000000114,2019.0,891.4,2019.7,893.0,1.7000000000000455,2.6000000000000227,802.10205078125,785.4046630859375,0.08656099833743837,0.043280499168719185,86560.99833743837,43280.49916871919,615
571,1,20,20,10.0,1,490.6666666666667,665.6666666666666,0.0,0.0,490.6666666666667,665.6666666666666,490.6666666666667,665.6666666666666,1.0,1.0,802.10205078125,802.10205078125,0.0370973881337755,0.0370973881337755,37097.3881337755,37097.3881337755,614
564,7,20,25,60.0,6,1991.0714285714287,24.428571428571427,3.052265802745928,2.381904571504724,1988.5,22.0,1998.0,30.0,10.5,9.0,802.111083984375,773.4737897600446,0.12365902553333548,0.017665575076190782,123659.02553333547,17665.575076190784,607
563,1,20,20,10.0,1,2021.4980842911878,31.440613026819925,0.0,0.0,2021.4980842911878,31.440613026819925,2021.4980842911878,31.440613026819925,1.0,1.0,1134.979248046875,1134.979248046875,9.942100019851832,9.942100019851832,9942100.019851832,9942100.019851832,606
594,1,21,21,10.0,1,1220.0,1719.0,0.0,0.0,1220.0,1719.0,1220.0,1719.0,1.0,1.0,768.68359375,768.68359375,0.012365867048807757,0.012365867048807757,12365.867048807757,12365.867048807757,638
593,2,21,24,40.0,4,51.0,1691.5,0.0,0.5,51.0,1691.0,51.0,1692.0,1.0,2.0,768.7255859375,768.70458984375,0.024731947119767103,0.012365973559883552,24731.947119767105,12365.973559883552,637
590,7,21,29,90.0,9,896.564005602241,1452.4834733893556,0.8849744304132264,2.9614824444785395,895.5,1448.4,897.8,1455.5,3.2999999999999545,8.099999999999909,802.12158203125,787.7979213169643,0.5935688611966693,0.08479555159952419,593568.8611966693,84795.55159952419,634
589,2,21,23,30.0,3,998.5,1422.5,2.0,1.5,996.5,1421.0,1000.5,1424.0,5.0,4.0,802.10205078125,785.418212890625,0.04946375222289958,0.02473187611144979,49463.75222289958,24731.87611144979,633
592,3,21,24,40.0,4,50.333333333333336,1677.0,1.247219128924647,1.4142135623730951,49.0,1676.0,52.0,1679.0,4.0,4.0,768.734375,768.7145182291666,0.03709795618240913,0.012365985394136378,37097.95618240913,12365.985394136378,636
591,1,21,21,10.0,1,973.0,1546.0,0.0,0.0,973.0,1546.0,973.0,1546.0,1.0,1.0,768.68359375,768.68359375,0.012365867048807757,0.012365867048807757,12365.867048807757,12365.867048807757,635
586,3,21,23,30.0,3,259.77777777777777,1252.6666666666667,0.5152010275275445,0.4714045207910317,259.3333333333333,1252.0,260.5,1253.0,2.1666666666666856,2.0,802.10205078125,779.857421875,0.08656163739331377,0.028853879131104588,86561.63739331377,28853.879131104586,630
585,2,21,22,20.0,2,361.5,1249.0,1.0,0.0,360.5,1249.0,362.5,1249.0,3.0,1.0,871.063720703125,853.6524658203125,0.04946361020538766,0.02473180510269383,49463.61020538766,24731.80510269383,629
584,1,21,21,10.0,1,821.0,460.0,0.0,0.0,821.0,460.0,821.0,460.0,1.0,1.0,768.68359375,768.68359375,0.012365867048807757,0.012365867048807757,12365.867048807757,12365.867048807757,628
583,3,21,23,30.0,3,781.0,432.6666666666667,3.559026084010437,3.8586123009300755,776.0,429.0,784.0,438.0,9.0,10.0,768.73583984375,768.7179361979166,0.03709781416533586,0.012365938055111955,37097.81416533586,12365.938055111956,626
582,2,21,23,30.0,3,425.08333333333337,224.5,0.5833333333333428,0.5,424.5,224.0,425.6666666666667,225.0,2.1666666666666856,2.0,802.12158203125,802.11181640625,0.06182961927170734,0.03091480963585367,61829.61927170734,30914.80963585367,625
581,1,21,21,10.0,1,371.0,152.0,0.0,0.0,371.0,152.0,371.0,152.0,1.0,1.0,768.68359375,768.68359375,0.012365867048807757,0.012365867048807757,12365.867048807757,12365.867048807757,624
588,10,21,35,150.0,15,925.2774844829094,1414.5590741896297,2.6385806864331367,2.358459517988639,921.0,1410.0,931.0,1417.0,11.0,8.0,1175.457275390625,891.7407348632812,1.8178359261598949,0.18178359261598948,1817835.9261598948,181783.59261598947,632
587,1,21,21,10.0,1,1894.0,1305.0,0.0,0.0,1894.0,1305.0,1894.0,1305.0,1.0,1.0,768.68359375,768.68359375,0.012365867048807757,0.012365867048807757,12365.867048807757,12365.867048807757,631
579,1,21,21,10.0,1,290.0,52.0,0.0,0.0,290.0,52.0,290.0,52.0,1.0,1.0,768.68359375,768.68359375,0.012365867048807757,0.012365867048807757,12365.867048807757,12365.867048807757,622
580,1,21,21,10.0,1,512.0,125.0,0.0,0.0,512.0,125.0,512.0,125.0,1.0,1.0,768.68359375,768.68359375,0.012365867048807757,0.012365867048807757,12365.867048807757,12365.867048807757,623
597,1,21,21,10.0,1,228.0,1913.0,0.0,0.0,228.0,1913.0,228.0,1913.0,1.0,1.0,802.10205078125,802.10205078125,0.012365867048807757,0.012365867048807757,12365.867048807757,12365.867048807757,641
599,1,21,21,10.0,1,930.0,2047.0,0.0,0.0,930.0,2047.0,930.0,2047.0,1.0,1.0,768.68359375,768.68359375,0.012365867048807757,0.012365867048807757,12365.867048807757,12365.867048807757,643
595,1,21,21,10.0,1,1297.0,1861.0,0.0,0.0,1297.0,1861.0,1297.0,1861.0,1.0,1.0,768.68359375,768.68359375,0.012365867048807757,0.012365867048807757,12365.867048807757,12365.867048807757,639
596,1,21,21,10.0,1,0.0,1905.0,0.0,0.0,0.0,1905.0,0.0,1905.0,1.0,1.0,802.10205078125,802.10205078125,0.012365867048807757,0.012365867048807757,12365.867048807757,12365.867048807757,640
598,2,21,23,30.0,3,611.0,1963.0,0.0,0.0,611.0,1963.0,611.0,1963.0,1.0,1.0,768.734375,768.708984375,0.02473187611144979,0.012365938055724895,24731.87611144979,12365.938055724895,642
613,26,22,43,220.0,22,193.19663588045938,880.4256014849475,2.725057642684734,3.5809155231266865,188.0,873.0,197.0,886.2857142857143,10.0,14.285714285714334,1479.1441650390625,947.9600031926082,5.045441417716455,0.19405543914294057,5045441.417716455,194055.43914294057,657
619,1,22,22,10.0,1,1909.0,1376.0,0.0,0.0,1909.0,1376.0,1909.0,1376.0,1.0,1.0,768.73583984375,768.73583984375,0.012365938053886074,0.012365938053886074,12365.938053886075,12365.938053886075,663
620,1,22,22,10.0,1,923.75,1444.25,0.0,0.0,923.75,1444.25,923.75,1444.25,1.0,1.0,802.0986328125,802.0986328125,0.03709781416165822,0.03709781416165822,37097.81416165822,37097.81416165822,664
621,1,22,22,10.0,1,1358.0,1450.0,0.0,0.0,1358.0,1450.0,1358.0,1450.0,1.0,1.0,1388.76171875,1388.76171875,0.012365938053886074,0.012365938053886074,12365.938053886075,12365.938053886075,665
614,1,22,22,10.0,1,559.0,1117.0,0.0,0.0,559.0,1117.0,559.0,1117.0,1.0,1.0,768.73583984375,768.73583984375,0.012365938053886074,0.012365938053886074,12365.938053886075,12365.938053886075,658
615,1,22,22,10.0,1,1945.5,1159.0,0.0,0.0,1945.5,1159.0,1945.5,1159.0,1.0,1.0,802.0986328125,802.0986328125,0.02473187610777215,0.02473187610777215,24731.87610777215,24731.87610777215,659
616,4,22,26,50.0,5,1954.3333333333335,1246.3333333333333,1.8104634152000325,3.316624790355405,1952.0,1244.0,1957.0,1252.0,6.0,9.0,871.07080078125,802.6467590332031,0.09892920863955526,0.024732302159888815,98929.20863955526,24732.302159888815,660
617,2,22,25,40.0,4,1912.25,1298.0,1.75,2.0,1910.5,1296.0,1914.0,1300.0,4.5,5.0,768.73583984375,768.7118530273438,0.03709802718639329,0.018549013593196644,37098.02718639329,18549.013593196643,661
618,2,22,23,20.0,2,1859.5,1361.0,1.5,0.0,1858.0,1361.0,1861.0,1361.0,4.0,1.0,802.12158203125,785.4287109375,0.024731947116528107,0.012365973558264054,24731.947116528107,12365.973558264053,662
601,20,22,33,120.0,12,443.2512121212121,74.1094696969697,4.665768326560478,10.015154012228633,438.0,58.5,455.0,88.0,18.0,30.5,906.689453125,804.6567321777344,0.9522112445247258,0.04761056222623629,952211.2445247258,47610.56222623629,645
602,3,22,26,50.0,5,360.3333333333333,77.66666666666667,2.494438257849294,0.4714045207910317,357.0,77.0,363.0,78.0,7.0,2.0,768.73583984375,768.7156575520834,0.03709816920692298,0.01236605640230766,37098.169206922976,12366.05640230766,646
600,6,22,26,50.0,5,435.9027777777778,35.12777777777777,1.7575344859022861,3.2435358316747522,434.0,30.0,438.0,39.0,5.0,10.0,836.25244140625,779.9610595703125,0.23495502428908613,0.03915917071484769,234955.02428908614,39159.170714847685,644
607,1,22,22,10.0,1,465.5,598.0,0.0,0.0,465.5,598.0,465.5,598.0,1.0,1.0,768.73583984375,768.73583984375,0.02473187610777215,0.02473187610777215,24731.87610777215,24731.87610777215,651
606,1,22,22,10.0,1,1.0,333.0,0.0,0.0,1.0,333.0,1.0,333.0,1.0,1.0,942.9150390625,942.9150390625,0.012365938053886074,0.012365938053886074,12365.938053886075,12365.938053886075,650
605,1,22,22,10.0,1,904.0,209.0,0.0,0.0,904.0,209.0,904.0,209.0,1.0,1.0,768.73583984375,768.73583984375,0.012365938053886074,0.012365938053886074,12365.938053886075,12365.938053886075,649
604,9,22,29,80.0,8,840.989587572921,122.00050875050874,0.9852604415348946,11.278138585625953,840.0,110.75,842.6923076923077,145.5,3.692307692307736,35.75,1216.6741943359375,948.6249050564236,1.2489897095873657,0.1387766343985962,1248989.7095873656,138776.6343985962,648
603,1,22,22,10.0,1,581.0,130.0,0.0,0.0,581.0,130.0,581.0,130.0,1.0,1.0,768.73583984375,768.73583984375,0.012365938053886074,0.012365938053886074,12365.938053886075,12365.938053886075,647
609,1,22,22,10.0,1,277.0,756.0,0.0,0.0,277.0,756.0,277.0,756.0,1.0,1.0,768.73583984375,768.73583984375,0.012365938053886074,0.012365938053886074,12365.938053886075,12365.938053886075,653
608,1,22,22,10.0,1,1931.0,679.0,0.0,0.0,1931.0,679.0,1931.0,679.0,1.0,1.0,768.73583984375,768.73583984375,0.012365938053886074,0.012365938053886074,12365.938053886075,12365.938053886075,652
610,2,22,24,30.0,3,1296.875,792.875,2.375,1.125,1294.5,791.75,1299.25,794.0,5.75,3.25,979.8739013671875,890.9862670898438,0.11129429458741429,0.05564714729370714,111294.29458741429,55647.147293707145,654
622,1,22,22,10.0,1,963.0,1508.0,0.0,0.0,963.0,1508.0,963.0,1508.0,1.0,1.0,768.73583984375,768.73583984375,0.012365938053886074,0.012365938053886074,12365.938053886075,12365.938053886075,666
623,1,22,22,10.0,1,55.0,1664.0,0.0,0.0,55.0,1664.0,55.0,1664.0,1.0,1.0,768.73583984375,768.73583984375,0.012365938053886074,0.012365938053886074,12365.938053886075,12365.938053886075,667
624,1,22,22,10.0,1,49.0,1940.0,0.0,0.0,49.0,1940.0,49.0,1940.0,1.0,1.0,768.73583984375,768.73583984375,0.012365938053886074,0.012365938053886074,12365.938053886075,12365.938053886075,668
625,2,22,25,40.0,4,633.0,1939.5,2.0,0.5,631.0,1939.0,635.0,1940.0,5.0,2.0,768.73583984375,768.7118530273438,0.024732089132507216,0.012366044566253608,24732.089132507215,12366.044566253608,669
626,1,22,22,10.0,1,464.0,1978.0,0.0,0.0,464.0,1978.0,464.0,1978.0,1.0,1.0,836.2412109375,836.2412109375,0.012365938053886074,0.012365938053886074,12365.938053886075,12365.938053886075,670
611,1,22,22,10.0,1,292.0,796.0,0.0,0.0,292.0,796.0,292.0,796.0,1.0,1.0,768.73583984375,768.73583984375,0.012365938053886074,0.012365938053886074,12365.938053886075,12365.938053886075,655
612,1,22,22,10.0,1,378.0,858.0,0.0,0.0,378.0,858.0,378.0,858.0,1.0,1.0,768.73583984375,768.73583984375,0.012365938053886074,0.012365938053886074,12365.938053886075,12365.938053886075,656
627,1,22,22,10.0,1,293.0,1988.0,0.0,0.0,293.0,1988.0,293.0,1988.0,1.0,1.0,768.73583984375,768.73583984375,0.02473187610777215,0.02473187610777215,24731.87610777215,24731.87610777215,671
629,3,22,25,40.0,4,285.6666666666667,2044.3333333333333,1.8856180831641267,2.2484562605386738,283.0,2041.5,287.0,2047.0,5.0,6.5,802.12158203125,779.8484293619791,0.08656220545294054,0.028854068484313513,86562.20545294053,28854.068484313513,673
628,1,22,22,10.0,1,610.0,1988.0,0.0,0.0,610.0,1988.0,610.0,1988.0,1.0,1.0,768.73583984375,768.73583984375,0.012365938053886074,0.012365938053886074,12365.938053886075,12365.938053886075,672
641,1,23,23,10.0,1,136.0,1900.0,0.0,0.0,136.0,1900.0,136.0,1900.0,1.0,1.0,802.12158203125,802.12158203125,0.012366009062642033,0.012366009062642033,12366.009062642033,12366.009062642033,685
638,4,23,26,40.0,4,895.75,1416.125,0.75,0.8003905296791061,895.0,1415.0,896.5,1417.25,2.5,3.25,802.12158203125,793.7525329589844,0.11129514669908608,0.02782378667477152,111295.14669908608,27823.78667477152,682
642,3,23,26,40.0,4,79.0,1901.3333333333333,1.632993161855452,0.4714045207910317,77.0,1901.0,81.0,1902.0,5.0,2.0,768.734375,768.7122395833334,0.037098311223996254,0.012366103741332084,37098.31122399626,12366.103741332085,686
635,3,23,25,30.0,3,547.0,279.6666666666667,1.632993161855452,0.4714045207910317,545.0,279.0,549.0,280.0,5.0,2.0,768.734375,768.7159423828125,0.03709824021222252,0.01236608007074084,37098.240212222525,12366.08007074084,679
636,1,23,23,10.0,1,1949.0,770.0,0.0,0.0,1949.0,770.0,1949.0,770.0,1.0,1.0,768.734375,768.734375,0.012366009062642033,0.012366009062642033,12366.009062642033,12366.009062642033,680
637,2,23,24,20.0,2,1920.5,1376.25,0.5,0.25,1920.0,1376.0,1921.0,1376.5,2.0,1.5,802.111083984375,785.4227294921875,0.03709816920456072,0.01854908460228036,37098.16920456072,18549.08460228036,681
634,4,23,27,50.0,5,681.375,135.5,1.4737282653189494,3.570714214271425,679.0,131.0,683.0,141.0,5.0,11.0,802.090087890625,777.0616760253906,0.06183047136936051,0.015457617842340128,61830.471369360515,15457.617842340129,678
631,11,23,36,140.0,14,286.1818181818182,58.81818181818182,5.828116518118039,5.490788680196909,280.0,50.0,296.0,66.0,17.0,17.0,768.76611328125,768.711015181108,0.1360308576105885,0.012366441600962591,136030.85761058851,12366.441600962591,675
632,5,23,29,70.0,7,727.1743589743589,81.38461538461539,2.571752690300085,4.200153405044153,723.0,75.66666666666667,729.5384615384615,87.0,7.538461538461547,12.333333333333329,906.63916015625,823.4551025390625,0.3586189494568495,0.0717237898913699,358618.94945684954,71723.7898913699,676
640,22,23,45,230.0,23,4.313423831070891,1679.611896110425,3.929074427012675,4.474743654345853,0.5,1673.7777777777778,14.5,1691.0,15.0,18.22222222222217,836.279541015625,788.4862393465909,1.4716549343762815,0.0668934061080128,1471654.9343762815,66893.4061080128,684
639,4,23,26,40.0,4,167.59375,1517.40625,0.8262065041501429,0.8262065041501429,167.0,1516.0,169.0,1518.0,3.0,3.0,871.1343994140625,811.0173645019531,0.21022456835646358,0.052556142089115895,210224.56835646357,52556.14208911589,683
643,1,23,23,10.0,1,144.5,1912.0,0.0,0.0,144.5,1912.0,144.5,1912.0,1.0,1.0,768.734375,768.734375,0.024732018125284066,0.024732018125284066,24732.018125284067,24732.018125284067,687
644,1,23,23,10.0,1,281.5,1948.0,0.0,0.0,281.5,1948.0,281.5,1948.0,1.0,1.0,768.734375,768.734375,0.024732018125284066,0.024732018125284066,24732.018125284067,24732.018125284067,688
633,1,23,23,10.0,1,966.0,80.0,0.0,0.0,966.0,80.0,966.0,80.0,1.0,1.0,802.12158203125,802.12158203125,0.012366009062642033,0.012366009062642033,12366.009062642033,12366.009062642033,677
630,1,23,23,10.0,1,703.3333333333334,50.333333333333336,0.0,0.0,703.3333333333334,50.333333333333336,703.3333333333334,50.333333333333336,1.0,1.0,768.734375,768.734375,0.0370980271879261,0.0370980271879261,37098.0271879261,37098.0271879261,674
654,1,24,24,10.0,1,1921.0,728.0,0.0,0.0,1921.0,728.0,1921.0,728.0,1.0,1.0,768.7255859375,768.7255859375,0.012366080070959344,0.012366080070959344,12366.080070959344,12366.080070959344,698
653,3,24,26,30.0,3,868.6666666666666,554.0,3.39934634239519,2.943920288775949,864.0,550.0,872.0,557.0,9.0,8.0,768.7255859375,768.6967366536459,0.03709845323997536,0.012366151079991788,37098.45323997536,12366.151079991789,697
658,1,24,24,10.0,1,947.5,1410.0,0.0,0.0,947.5,1410.0,947.5,1410.0,1.0,1.0,768.7255859375,768.7255859375,0.024732160141918688,0.024732160141918688,24732.160141918688,24732.160141918688,702
657,13,24,36,130.0,13,1913.4871794871794,1284.602564102564,3.1340844288405103,3.765304077083209,1908.0,1280.0,1919.0,1290.0,12.0,11.0,802.195556640625,771.2997859074519,0.22259846019159524,0.017122958476276557,222598.46019159525,17122.958476276555,701
651,27,24,45,220.0,22,549.4276871221998,319.33102906638743,5.412509946011807,5.371471028531791,537.7647058823529,310.875,558.0,326.5,21.235294117647072,16.625,2784.74462890625,1508.0670572916667,7.617930440375574,0.282145571865762,7617930.440375574,282145.571865762,695
652,1,24,24,10.0,1,761.5,433.0,0.0,0.0,761.5,433.0,761.5,433.0,1.0,1.0,768.7255859375,768.7255859375,0.024732160141918688,0.024732160141918688,24732.160141918688,24732.160141918688,696
650,5,24,28,50.0,5,871.4666666666666,219.58888888888887,0.9092121131323787,0.5111111111111133,870.0,219.0,872.6666666666666,220.33333333333334,3.6666666666666288,2.333333333333343,906.63916015625,802.9849609375,0.21022598858238295,0.04204519771647659,210225.98858238294,42045.19771647659,694
649,2,24,24,10.0,1,197.25,175.5,0.25,2.5,197.0,173.0,197.5,178.0,1.5,6.0,768.7255859375,768.7255859375,0.03709824021287803,0.018549120106439016,37098.24021287803,18549.120106439015,693
647,1,24,24,10.0,1,550.0,135.0,0.0,0.0,550.0,135.0,550.0,135.0,1.0,1.0,768.7255859375,768.7255859375,0.012366080070959344,0.012366080070959344,12366.080070959344,12366.080070959344,691
648,1,24,24,10.0,1,192.0,164.0,0.0,0.0,192.0,164.0,192.0,164.0,1.0,1.0,768.7255859375,768.7255859375,0.012366080070959344,0.012366080070959344,12366.080070959344,12366.080070959344,692
656,1,24,24,10.0,1,564.0,1282.0,0.0,0.0,564.0,1282.0,564.0,1282.0,1.0,1.0,768.7255859375,768.7255859375,0.012366080070959344,0.012366080070959344,12366.080070959344,12366.080070959344,700
655,11,24,34,110.0,11,448.4622350592263,825.4945468004582,2.5451751101914417,0.7845203628293967,445.0,824.0,453.0,826.8863636363636,9.0,3.886363636363626,1056.0390625,931.816328568892,3.017406622329476,0.2743096929390433,3017406.6223294763,274309.6929390433,699
646,1,24,24,10.0,1,325.0,119.0,0.0,0.0,325.0,119.0,325.0,119.0,1.0,1.0,768.7255859375,768.7255859375,0.012366080070959344,0.012366080070959344,12366.080070959344,12366.080070959344,690
645,1,24,24,10.0,1,2043.0,0.0,0.0,0.0,2043.0,0.0,2043.0,0.0,1.0,1.0,768.7255859375,768.7255859375,0.012366080070959344,0.012366080070959344,12366.080070959344,12366.080070959344,689
663,1,24,24,10.0,1,628.0,1921.0,0.0,0.0,628.0,1921.0,628.0,1921.0,1.0,1.0,768.7255859375,768.7255859375,0.012366080070959344,0.012366080070959344,12366.080070959344,12366.080070959344,707
664,2,24,25,20.0,2,867.5,1928.5,3.5,0.5,864.0,1928.0,871.0,1929.0,8.0,2.0,768.7255859375,768.7067260742188,0.024732231149580487,0.012366115574790244,24732.231149580486,12366.115574790243,708
660,2,24,25,20.0,2,661.8333333333333,1504.75,0.8333333333333144,1.25,661.0,1503.5,662.6666666666666,1506.0,2.6666666666666288,3.5,836.28955078125,836.2654418945312,0.06183061337778211,0.030915306688891055,61830.61337778211,30915.306688891054,704
659,1,24,24,10.0,1,885.0,1419.0,0.0,0.0,885.0,1419.0,885.0,1419.0,1.0,1.0,768.7255859375,768.7255859375,0.012366080070959344,0.012366080070959344,12366.080070959344,12366.080070959344,703
661,6,24,29,60.0,6,344.70202020202015,1718.217171717172,0.27435912839477294,0.4830036450911341,344.5,1717.5,345.1666666666667,1719.0,1.6666666666666856,2.5,1258.698486328125,1055.9940592447917,0.5193817539172835,0.08656362565288057,519381.7539172835,86563.62565288057,705
662,1,24,24,10.0,1,1320.0,1840.0,0.0,0.0,1320.0,1840.0,1320.0,1840.0,1.0,1.0,768.7255859375,768.7255859375,0.012366080070959344,0.012366080070959344,12366.080070959344,12366.080070959344,706
683,5,25,31,70.0,7,189.9,1380.95,5.885575587824865,1.2288205727444506,182.0,1379.5,197.0,1383.0,16.0,4.5,802.130859375,775.3972412109375,0.1360308574807485,0.0272061714961497,136030.8574807485,27206.1714961497,727
684,1,25,25,10.0,1,159.0,1537.0,0.0,0.0,159.0,1537.0,159.0,1537.0,1.0,1.0,802.092529296875,802.092529296875,0.012366151078621141,0.012366151078621141,12366.151078621142,12366.151078621142,728
677,1,25,25,10.0,1,844.0,524.0,0.0,0.0,844.0,524.0,844.0,524.0,1.0,1.0,768.6878662109375,768.6878662109375,0.012366151078621141,0.012366151078621141,12366.151078621142,12366.151078621142,721
678,6,25,29,50.0,5,221.1111111111111,744.7777777777777,3.185131351827594,2.3681268317719115,217.16666666666666,741.1666666666666,226.0,748.0,9.833333333333343,7.833333333333371,836.2861328125,785.5345255533854,0.14839523319141204,0.02473253886523534,148395.23319141203,24732.53886523534,722
679,1,25,25,10.0,1,313.0,888.0,0.0,0.0,313.0,888.0,313.0,888.0,1.0,1.0,768.6878662109375,768.6878662109375,0.012366151078621141,0.012366151078621141,12366.151078621142,12366.151078621142,723
680,1,25,25,10.0,1,1795.0,1133.0,0.0,0.0,1795.0,1133.0,1795.0,1133.0,1.0,1.0,768.6878662109375,768.6878662109375,0.012366151078621141,0.012366151078621141,12366.151078621142,12366.151078621142,724
681,1,25,25,10.0,1,1830.0,1157.0,0.0,0.0,1830.0,1157.0,1830.0,1157.0,1.0,1.0,768.6878662109375,768.6878662109375,0.012366151078621141,0.012366151078621141,12366.151078621142,12366.151078621142,725
682,1,25,25,10.0,1,253.0,1259.0,0.0,0.0,253.0,1259.0,253.0,1259.0,1.0,1.0,768.6878662109375,768.6878662109375,0.012366151078621141,0.012366151078621141,12366.151078621142,12366.151078621142,726
665,3,25,28,40.0,4,687.6666666666666,45.5,3.2998316455372216,0.7071067811865476,683.0,45.0,690.0,46.5,8.0,2.5,768.739501953125,768.7184651692709,0.04946510140034151,0.01648836713344717,49465.101400341504,16488.36713344717,709
666,1,25,25,10.0,1,298.5,52.75,0.0,0.0,298.5,52.75,298.5,52.75,1.0,1.0,836.2413330078125,836.2413330078125,0.049464604314484566,0.049464604314484566,49464.60431448457,49464.60431448457,710
672,1,25,25,10.0,1,420.5,173.0,0.0,0.0,420.5,173.0,420.5,173.0,1.0,1.0,802.092529296875,802.092529296875,0.024732302157242283,0.024732302157242283,24732.302157242284,24732.302157242284,716
671,1,25,25,10.0,1,330.0,128.0,0.0,0.0,330.0,128.0,330.0,128.0,1.0,1.0,768.6878662109375,768.6878662109375,0.012366151078621141,0.012366151078621141,12366.151078621142,12366.151078621142,715
670,3,25,27,30.0,3,367.3333333333333,117.33333333333333,1.699673171197595,0.9428090415820634,365.0,116.0,369.0,118.0,5.0,3.0,768.72802734375,768.6975504557291,0.0370986662718293,0.012366222090609766,37098.6662718293,12366.222090609766,714
669,2,25,25,10.0,1,464.25,83.5,1.75,2.5,462.5,81.0,466.0,86.0,4.5,6.0,836.2413330078125,802.464599609375,0.03709845323586342,0.01854922661793171,37098.453235863424,18549.226617931712,713
668,1,25,25,10.0,1,888.0,78.0,0.0,0.0,888.0,78.0,888.0,78.0,1.0,1.0,768.6878662109375,768.6878662109375,0.012366151078621141,0.012366151078621141,12366.151078621142,12366.151078621142,712
667,1,25,25,10.0,1,232.0,75.0,0.0,0.0,232.0,75.0,232.0,75.0,1.0,1.0,768.6878662109375,768.6878662109375,0.012366151078621141,0.012366151078621141,12366.151078621142,12366.151078621142,711
673,15,25,40,160.0,16,1807.4246031746034,245.7289417989418,1.9799133883276736,3.3042127695200056,1803.0,240.0,1811.0,252.5,9.0,13.5,1056.015380859375,854.4198811848959,0.7049004387966679,0.04699336258644452,704900.4387966678,46993.36258644452,717
674,1,25,25,10.0,1,867.0,262.0,0.0,0.0,867.0,262.0,867.0,262.0,1.0,1.0,768.6878662109375,768.6878662109375,0.012366151078621141,0.012366151078621141,12366.151078621142,12366.151078621142,718
685,1,25,25,10.0,1,1274.0,1620.0,0.0,0.0,1274.0,1620.0,1274.0,1620.0,1.0,1.0,802.092529296875,802.092529296875,0.012366151078621141,0.012366151078621141,12366.151078621142,12366.151078621142,729
686,3,25,27,30.0,3,741.9523809523811,1647.9761904761906,0.41376540945196816,0.6908865775498315,741.5,1647.0,742.5,1648.5,2.0,2.5,1095.1275634765625,957.6309000651041,0.16076053211755403,0.05358684403918468,160760.53211755404,53586.844039184674,730
687,3,25,29,50.0,5,3.8333333333333335,1786.3333333333333,3.1180478223116177,0.8498365855987975,0.5,1785.5,8.0,1787.5,8.5,3.0,802.090087890625,779.8393147786459,0.1360296502177402,0.04534321673924673,136029.65021774019,45343.21673924673,731
688,1,25,25,10.0,1,0.0,1905.0,0.0,0.0,0.0,1905.0,0.0,1905.0,1.0,1.0,768.6878662109375,768.6878662109375,0.012366151078621141,0.012366151078621141,12366.151078621142,12366.151078621142,732
689,1,25,25,10.0,1,239.0,1907.0,0.0,0.0,239.0,1907.0,239.0,1907.0,1.0,1.0,768.6878662109375,768.6878662109375,0.012366151078621141,0.012366151078621141,12366.151078621142,12366.151078621142,733
690,1,25,25,10.0,1,627.0,1910.0,0.0,0.0,627.0,1910.0,627.0,1910.0,1.0,1.0,768.6878662109375,768.6878662109375,0.012366151078621141,0.012366151078621141,12366.151078621142,12366.151078621142,734
675,1,25,25,10.0,1,363.0,283.0,0.0,0.0,363.0,283.0,363.0,283.0,1.0,1.0,768.6878662109375,768.6878662109375,0.012366151078621141,0.012366151078621141,12366.151078621142,12366.151078621142,719
676,1,25,25,10.0,1,518.0,303.0,0.0,0.0,518.0,303.0,518.0,303.0,1.0,1.0,768.6878662109375,768.6878662109375,0.012366151078621141,0.012366151078621141,12366.151078621142,12366.151078621142,720
693,1,25,25,10.0,1,153.0,2038.0,0.0,0.0,153.0,2038.0,153.0,2038.0,1.0,1.0,768.6878662109375,768.6878662109375,0.012366151078621141,0.012366151078621141,12366.151078621142,12366.151078621142,737
691,1,25,25,10.0,1,119.0,1919.0,0.0,0.0,119.0,1919.0,119.0,1919.0,1.0,1.0,768.6878662109375,768.6878662109375,0.012366151078621141,0.012366151078621141,12366.151078621142,12366.151078621142,735
692,4,25,29,50.0,5,1176.8,2036.8,0.7874007874011725,0.9055385138137593,1176.0,2036.0,1178.0,2038.2,3.0,3.2000000000000455,802.120849609375,802.0979614257812,0.09892977673015424,0.02473244418253856,98929.77673015423,24732.44418253856,736
712,2,26,27,20.0,2,166.0,1948.0,2.0,2.0,164.0,1946.0,168.0,1950.0,5.0,5.0,768.72802734375,768.702392578125,0.02473251519320815,0.012366257596604075,24732.51519320815,12366.257596604075,757
714,1,26,26,10.0,1,1273.0,2047.0,0.0,0.0,1273.0,2047.0,1273.0,2047.0,1.0,1.0,768.6767578125,768.6767578125,0.012366222090394875,0.012366222090394875,12366.222090394875,12366.222090394875,759
713,3,26,28,30.0,3,858.1666666666666,1955.05,1.0274023338281628,0.5522680508593274,857.0,1954.4,859.5,1955.75,3.5,2.349999999999909,802.120849609375,790.9625651041666,0.1360294371725119,0.045343145724170635,136029.43717251188,45343.14572417064,758
707,15,26,37,120.0,12,1725.8114126559713,1245.282892015392,5.386533888632568,1.5465883498923425,1717.75,1243.0,1734.1875,1248.4,17.4375,6.400000000000091,1920.760009765625,1031.67421875,2.2754354276165927,0.1516956951744395,2275435.4276165925,151695.69517443952,752
708,1,26,26,10.0,1,1908.6666666666667,1376.3333333333333,0.0,0.0,1908.6666666666667,1376.3333333333333,1908.6666666666667,1376.3333333333333,1.0,1.0,768.6767578125,768.6767578125,0.037098666271184626,0.037098666271184626,37098.66627118463,37098.66627118463,753
701,1,26,26,10.0,1,2041.5,921.0,0.0,0.0,2041.5,921.0,2041.5,921.0,1.0,1.0,871.07080078125,871.07080078125,0.0494648883615795,0.0494648883615795,49464.8883615795,49464.8883615795,746
698,1,26,26,10.0,1,850.0,516.0,0.0,0.0,850.0,516.0,850.0,516.0,1.0,1.0,768.6767578125,768.6767578125,0.012366222090394875,0.012366222090394875,12366.222090394875,12366.222090394875,742
695,2,26,26,10.0,1,463.5,113.0,3.5,1.0,460.0,112.0,467.0,114.0,8.0,3.0,768.6767578125,768.6767578125,0.02473244418078975,0.012366222090394875,24732.44418078975,12366.222090394875,739
696,1,26,26,10.0,1,686.0,147.0,0.0,0.0,686.0,147.0,686.0,147.0,1.0,1.0,768.6767578125,768.6767578125,0.012366222090394875,0.012366222090394875,12366.222090394875,12366.222090394875,740
697,1,26,26,10.0,1,334.0,359.0,0.0,0.0,334.0,359.0,334.0,359.0,1.0,1.0,768.6767578125,768.6767578125,0.012366222090394875,0.012366222090394875,12366.222090394875,12366.222090394875,741
694,1,26,26,10.0,1,1920.0,106.0,0.0,0.0,1920.0,106.0,1920.0,106.0,1.0,1.0,1920.68359375,1920.68359375,0.012366222090394875,0.012366222090394875,12366.222090394875,12366.222090394875,738
703,1,26,26,10.0,1,595.0,1038.0,0.0,0.0,595.0,1038.0,595.0,1038.0,1.0,1.0,768.6767578125,768.6767578125,0.012366222090394875,0.012366222090394875,12366.222090394875,12366.222090394875,748
704,9,26,35,100.0,10,556.6333333333333,1116.0,1.6891812612426558,0.97182531580755,554.0,1114.5,560.0,1118.0,7.0,4.5,802.135498046875,779.8562554253472,0.210230533594579,0.023358948177175445,210230.533594579,23358.948177175444,749
705,2,26,29,40.0,4,1944.0,1160.5,2.0,1.5,1942.0,1159.0,1946.0,1162.0,5.0,4.0,768.739990234375,768.7083740234375,0.02473265722095472,0.01236632861047736,24732.657220954723,12366.328610477362,750
702,1,26,26,10.0,1,1232.0,1031.0,0.0,0.0,1232.0,1031.0,1232.0,1031.0,1.0,1.0,1479.066162109375,1479.066162109375,0.012366222090394875,0.012366222090394875,12366.222090394875,12366.222090394875,747
706,1,26,26,10.0,1,1980.0,1185.0,0.0,0.0,1980.0,1185.0,1980.0,1185.0,1.0,1.0,768.6767578125,768.6767578125,0.012366222090394875,0.012366222090394875,12366.222090394875,12366.222090394875,751
711,1,26,26,10.0,1,2.3333333333333335,1659.3333333333333,0.0,0.0,2.3333333333333335,1659.3333333333333,2.3333333333333335,1659.3333333333333,1.0,1.0,768.6767578125,768.6767578125,0.037098666271184626,0.037098666271184626,37098.66627118463,37098.66627118463,756
710,1,26,26,10.0,1,1853.0,1405.0,0.0,0.0,1853.0,1405.0,1853.0,1405.0,1.0,1.0,768.6767578125,768.6767578125,0.012366222090394875,0.012366222090394875,12366.222090394875,12366.222090394875,755
709,5,26,32,70.0,7,1923.1555555555556,1385.1694444444445,3.5413605532197856,3.0378832380296146,1918.7777777777778,1382.3472222222222,1927.0,1391.0,9.222222222222172,9.652777777777828,1055.9736328125,832.831591796875,0.952220547256965,0.190444109451393,952220.5472569651,190444.10945139301,754
699,1,26,26,10.0,1,465.0,600.5,0.0,0.0,465.0,600.5,465.0,600.5,1.0,1.0,768.6767578125,768.6767578125,0.02473244418078975,0.02473244418078975,24732.44418078975,24732.44418078975,743
700,1,26,26,10.0,1,511.5,621.5,0.0,0.0,511.5,621.5,511.5,621.5,1.0,1.0,768.6767578125,768.6767578125,0.02473244418078975,0.02473244418078975,24732.44418078975,24732.44418078975,744
724,1,27,27,10.0,1,114.0,1023.6666666666666,0.0,0.0,114.0,1023.6666666666666,114.0,1023.6666666666666,1.0,1.0,836.22265625,836.22265625,0.03709887930843983,0.03709887930843983,37098.87930843983,37098.87930843983,769
723,1,27,27,10.0,1,522.0,967.0,0.0,0.0,522.0,967.0,522.0,967.0,1.0,1.0,768.72802734375,768.72802734375,0.012366293102813276,0.012366293102813276,12366.293102813275,12366.293102813275,768
726,1,27,27,10.0,1,1960.0,1295.0,0.0,0.0,1960.0,1295.0,1960.0,1295.0,1.0,1.0,768.72802734375,768.72802734375,0.02473258620562655,0.02473258620562655,24732.58620562655,24732.58620562655,771
725,7,27,31,50.0,5,1957.934523809524,1277.6258503401361,0.915545077598947,3.3268331735030636,1956.0,1274.0,1958.75,1283.0,3.75,10.0,802.120849609375,773.5160435267857,0.3338933224637094,0.0476990460662442,333893.3224637094,47699.0460662442,770
727,7,27,34,80.0,8,1950.0238095238094,1302.7619047619048,1.7737695744942172,2.9692299558323483,1948.0,1299.0,1953.5,1307.0,6.5,9.0,768.81689453125,768.75830078125,0.12366577174239146,0.017666538820341637,123665.77174239146,17666.538820341637,772
728,1,27,27,10.0,1,1898.5,1369.0,0.0,0.0,1898.5,1369.0,1898.5,1369.0,1.0,1.0,802.090087890625,802.090087890625,0.02473258620562655,0.02473258620562655,24732.58620562655,24732.58620562655,773
730,1,27,27,10.0,1,877.0,1410.0,0.0,0.0,877.0,1410.0,877.0,1410.0,1.0,1.0,768.72802734375,768.72802734375,0.012366293102813276,0.012366293102813276,12366.293102813275,12366.293102813275,775
729,1,27,27,10.0,1,706.0,1397.0,0.0,0.0,706.0,1397.0,706.0,1397.0,1.0,1.0,768.72802734375,768.72802734375,0.012366293102813276,0.012366293102813276,12366.293102813275,12366.293102813275,774
733,2,27,28,20.0,2,1384.0,1645.0,0.0,0.0,1384.0,1645.0,1384.0,1645.0,1.0,1.0,979.91015625,874.3248291015625,0.049465243424533636,0.024732621712266818,49465.24342453363,24732.621712266817,778
734,1,27,27,10.0,1,25.5,1706.5,0.0,0.0,25.5,1706.5,25.5,1706.5,1.0,1.0,768.72802734375,768.72802734375,0.02473258620562655,0.02473258620562655,24732.58620562655,24732.58620562655,779
731,3,27,29,30.0,3,701.0833333333334,1411.0833333333333,4.053462169005103,0.11785113019775792,695.5,1411.0,705.0,1411.25,10.5,1.25,802.090087890625,790.9729817708334,0.08656490388617236,0.028854967962057453,86564.90388617235,28854.967962057453,776
732,1,27,27,10.0,1,990.0,1490.0,0.0,0.0,990.0,1490.0,990.0,1490.0,1.0,1.0,802.090087890625,802.090087890625,0.012366293102813276,0.012366293102813276,12366.293102813275,12366.293102813275,777
735,2,27,29,30.0,3,600.75,1946.5,0.75,0.5,600.0,1946.0,601.5,1947.0,2.5,2.0,802.090087890625,785.4150390625,0.037099021336186394,0.018549510668093197,37099.02133618639,18549.510668093197,780
736,65,27,68,420.0,42,617.8517227217228,1963.6091672216671,3.9340695949938667,7.725359329691418,608.0,1947.0,626.0,1976.0,19.0,30.0,871.09765625,782.1346003605769,3.4877365562805642,0.05365748548123945,3487736.556280564,53657.48548123945,781
720,1,27,27,10.0,1,783.0,476.0,0.0,0.0,783.0,476.0,783.0,476.0,1.0,1.0,768.72802734375,768.72802734375,0.012366293102813276,0.012366293102813276,12366.293102813275,12366.293102813275,765
719,5,27,32,60.0,6,1538.0238095238094,471.8809523809523,2.6389718330442395,1.2187127516256886,1533.0,470.3333333333333,1540.0,473.57142857142856,8.0,4.238095238095241,1479.1484375,1007.79013671875,0.25969797845990183,0.05193959569198037,259697.97845990185,51939.595691980365,764
721,1,27,27,10.0,1,1274.5,781.5,0.0,0.0,1274.5,781.5,1274.5,781.5,1.0,1.0,768.72802734375,768.72802734375,0.02473258620562655,0.02473258620562655,24732.58620562655,24732.58620562655,766
722,1,27,27,10.0,1,235.0,822.0,0.0,0.0,235.0,822.0,235.0,822.0,1.0,1.0,768.72802734375,768.72802734375,0.012366293102813276,0.012366293102813276,12366.293102813275,12366.293102813275,767
717,1,27,27,10.0,1,197.0,241.0,0.0,0.0,197.0,241.0,197.0,241.0,1.0,1.0,768.72802734375,768.72802734375,0.012366293102813276,0.012366293102813276,12366.293102813275,12366.293102813275,762
718,1,27,27,10.0,1,1858.0,275.0,0.0,0.0,1858.0,275.0,1858.0,275.0,1.0,1.0,768.72802734375,768.72802734375,0.012366293102813276,0.012366293102813276,12366.293102813275,12366.293102813275,763
715,3,27,30,40.0,4,711.3333333333334,43.666666666666664,1.247219128924647,0.4714045207910317,710.0,43.0,713.0,44.0,4.0,2.0,768.766357421875,768.74462890625,0.037099163365986176,0.012366387788662059,37099.163365986176,12366.38778866206,760
716,2,27,28,20.0,2,328.0,99.0,1.0,0.0,327.0,99.0,329.0,99.0,3.0,1.0,768.739501953125,768.7337646484375,0.024732657218907085,0.012366328609453543,24732.657218907087,12366.328609453543,761
746,1,28,28,10.0,1,1931.0,678.0,0.0,0.0,1931.0,678.0,1931.0,678.0,1.0,1.0,768.739501953125,768.739501953125,0.01236636411609381,0.01236636411609381,12366.36411609381,12366.36411609381,791
745,1,28,28,10.0,1,1936.0,666.0,0.0,0.0,1936.0,666.0,1936.0,666.0,1.0,1.0,768.739501953125,768.739501953125,0.01236636411609381,0.01236636411609381,12366.36411609381,12366.36411609381,790
740,11,28,35,80.0,8,540.4202741702742,143.4920634920635,5.345988723203724,1.8603406072955793,531.0,140.0,548.75,146.0,18.75,7.0,979.89013671875,809.4411177201705,0.531766014130589,0.04834236492096264,531766.014130589,48342.36492096264,785
739,7,28,32,50.0,5,580.8928571428571,144.0952380952381,4.238128678305739,1.4333254231707069,575.5,142.0,586.5,147.0,12.0,6.0,836.318115234375,792.6933244977679,0.24733040703802361,0.03533291529114623,247330.4070380236,35332.91529114623,784
742,1,28,28,10.0,1,198.75,230.5,0.0,0.0,198.75,230.5,198.75,230.5,1.0,1.0,768.739501953125,768.739501953125,0.04946545646437524,0.04946545646437524,49465.45646437524,49465.45646437524,787
741,1,28,28,10.0,1,1674.0,160.5,0.0,0.0,1674.0,160.5,1674.0,160.5,1.0,1.0,768.739501953125,768.739501953125,0.02473272823218762,0.02473272823218762,24732.72823218762,24732.72823218762,786
743,1,28,28,10.0,1,335.0,350.0,0.0,0.0,335.0,350.0,335.0,350.0,1.0,1.0,768.739501953125,768.739501953125,0.01236636411609381,0.01236636411609381,12366.36411609381,12366.36411609381,788
744,1,28,28,10.0,1,485.0,638.0,0.0,0.0,485.0,638.0,485.0,638.0,1.0,1.0,768.739501953125,768.739501953125,0.01236636411609381,0.01236636411609381,12366.36411609381,12366.36411609381,789
754,3,28,30,30.0,3,1148.4166666666667,2034.9166666666667,0.9204467514322717,0.9646530752325188,1147.25,2034.0,1149.5,2036.25,3.25,3.25,836.318115234375,791.274658203125,0.111297845164679,0.037099281721559664,111297.845164679,37099.281721559666,799
753,1,28,28,10.0,1,948.0,2012.0,0.0,0.0,948.0,2012.0,948.0,2012.0,1.0,1.0,768.739501953125,768.739501953125,0.01236636411609381,0.01236636411609381,12366.36411609381,12366.36411609381,798
749,1,28,28,10.0,1,2045.0,1703.0,0.0,0.0,2045.0,1703.0,2045.0,1703.0,1.0,1.0,2247.086181640625,2247.086181640625,0.01236636411609381,0.01236636411609381,12366.36411609381,12366.36411609381,794
750,1,28,28,10.0,1,1263.0,1717.0,0.0,0.0,1263.0,1717.0,1263.0,1717.0,1.0,1.0,768.739501953125,768.739501953125,0.01236636411609381,0.01236636411609381,12366.36411609381,12366.36411609381,795
747,1,28,28,10.0,1,1296.8,792.6,0.0,0.0,1296.8,792.6,1296.8,792.6,1.0,1.0,942.886474609375,942.886474609375,0.061831820580469044,0.061831820580469044,61831.820580469044,61831.820580469044,792
748,4,28,31,40.0,4,332.8494689542484,912.3711192810458,0.914899977064766,2.3354319694352883,331.875,909.0,334.3333333333333,914.625,3.4583333333333144,6.625,942.933349609375,880.5291137695312,0.6183236740044908,0.1545809185011227,618323.6740044908,154580.9185011227,793
751,1,28,28,10.0,1,1239.0,1755.0,0.0,0.0,1239.0,1755.0,1239.0,1755.0,1.0,1.0,768.739501953125,768.739501953125,0.01236636411609381,0.01236636411609381,12366.36411609381,12366.36411609381,796
752,1,28,28,10.0,1,138.0,1900.0,0.0,0.0,138.0,1900.0,138.0,1900.0,1.0,1.0,768.739501953125,768.739501953125,0.01236636411609381,0.01236636411609381,12366.36411609381,12366.36411609381,797
738,5,28,33,60.0,6,438.38,97.32000000000001,0.6144916598294959,1.878722970530781,437.4,96.0,439.0,101.0,2.6000000000000227,6.0,836.318115234375,788.9318359375,0.12366477742383244,0.02473295548476649,123664.77742383245,24732.955484766488,783
737,65,28,62,350.0,35,646.9355102252674,52.177532959617984,9.252962995026008,6.1203469948686,631.0,39.0,672.0,69.0,42.0,31.0,836.2940673828125,778.9955059344952,2.028228194263361,0.031203510680974784,2028228.194263361,31203.510680974785,782
755,1,28,28,10.0,1,942.0,2047.0,0.0,0.0,942.0,2047.0,942.0,2047.0,1.0,1.0,768.739501953125,768.739501953125,0.01236636411609381,0.01236636411609381,12366.36411609381,12366.36411609381,800
756,1,29,29,10.0,1,371.0,13.0,0.0,0.0,371.0,13.0,371.0,13.0,1.0,1.0,768.739990234375,768.739990234375,0.012366435130559846,0.012366435130559846,12366.435130559847,12366.435130559847,801
769,1,29,29,10.0,1,668.0,1076.5,0.0,0.0,668.0,1076.5,668.0,1076.5,1.0,1.0,871.09765625,871.09765625,0.024732870261119692,0.024732870261119692,24732.870261119693,24732.870261119693,814
757,1,29,29,10.0,1,673.0,51.0,0.0,0.0,673.0,51.0,673.0,51.0,1.0,1.0,768.739990234375,768.739990234375,0.012366435130559846,0.012366435130559846,12366.435130559847,12366.435130559847,802
759,7,29,33,50.0,5,479.60325448361164,107.38963358070501,1.5058598199544189,3.430359729565434,477.0,102.0,481.48333333333335,111.8125,5.4833333333333485,10.8125,1216.6630859375,944.2598353794643,1.8549972989336507,0.2649996141333787,1854997.2989336508,264999.61413337867,804
760,2,29,30,20.0,2,729.0,107.25,0.0,0.25,729.0,107.0,729.0,107.5,1.0,1.5,802.0888671875,785.4276123046875,0.037099447424718025,0.018549723712359013,37099.447424718026,18549.723712359013,805
758,1,29,29,10.0,1,910.0,58.0,0.0,0.0,910.0,58.0,910.0,58.0,1.0,1.0,768.739990234375,768.739990234375,0.012366435130559846,0.012366435130559846,12366.435130559847,12366.435130559847,803
772,38,29,50,220.0,22,1505.5729740376607,1467.2914205518312,3.8804152345819802,2.7192445542111168,1498.5,1462.5,1514.0,1474.0,16.5,12.5,3175.1455078125,1260.2521458675988,8.310699407082115,0.21870261597584514,8310699.407082115,218702.61597584514,817
775,1,29,29,10.0,1,37.0,1706.0,0.0,0.0,37.0,1706.0,37.0,1706.0,1.0,1.0,802.0888671875,802.0888671875,0.012366435130559846,0.012366435130559846,12366.435130559847,12366.435130559847,820
776,1,29,29,10.0,1,615.0,1939.0,0.0,0.0,615.0,1939.0,615.0,1939.0,1.0,1.0,768.739990234375,768.739990234375,0.012366435130559846,0.012366435130559846,12366.435130559847,12366.435130559847,821
774,8,29,39,110.0,11,165.76190476190476,1517.2492063492064,4.456580652373645,1.6242227825228583,161.0,1515.0,173.0,1520.0,13.0,6.0,1017.650146484375,874.33251953125,0.5194117953483502,0.06492647441854378,519411.79534835025,64926.47441854378,819
773,1,29,29,10.0,1,1007.0,1500.0,0.0,0.0,1007.0,1500.0,1007.0,1500.0,1.0,1.0,768.739990234375,768.739990234375,0.012366435130559846,0.012366435130559846,12366.435130559847,12366.435130559847,818
767,3,29,32,40.0,4,348.6666666666667,859.6666666666666,1.8856180831641267,1.247219128924647,346.0,858.0,350.0,861.0,5.0,4.0,802.130859375,790.9578450520834,0.03709958946283251,0.01236652982094417,37099.58946283251,12366.52982094417,812
768,25,29,41,130.0,13,562.0355383022775,1027.7060020703932,5.239634591607223,3.3580411716951684,557.0,1021.8,573.6666666666666,1033.8333333333333,17.66666666666663,13.033333333333303,871.11376953125,793.085634765625,1.5829686833678187,0.06331874733471275,1582968.6833678186,63318.74733471275,813
762,1,29,29,10.0,1,898.0,223.0,0.0,0.0,898.0,223.0,898.0,223.0,1.0,1.0,768.739990234375,768.739990234375,0.012366435130559846,0.012366435130559846,12366.435130559847,12366.435130559847,807
761,1,29,29,10.0,1,146.0,191.0,0.0,0.0,146.0,191.0,146.0,191.0,1.0,1.0,768.739990234375,768.739990234375,0.012366435130559846,0.012366435130559846,12366.435130559847,12366.435130559847,806
765,1,29,29,10.0,1,1918.0,724.0,0.0,0.0,1918.0,724.0,1918.0,724.0,1.0,1.0,768.739990234375,768.739990234375,0.012366435130559846,0.012366435130559846,12366.435130559847,12366.435130559847,810
766,1,29,29,10.0,1,141.0,728.0,0.0,0.0,141.0,728.0,141.0,728.0,1.0,1.0,768.739990234375,768.739990234375,0.012366435130559846,0.012366435130559846,12366.435130559847,12366.435130559847,811
763,1,29,29,10.0,1,978.0,552.5,0.0,0.0,978.0,552.5,978.0,552.5,1.0,1.0,802.0888671875,802.0888671875,0.024732870261119692,0.024732870261119692,24732.870261119693,24732.870261119693,808
764,1,29,29,10.0,1,1932.0,654.5,0.0,0.0,1932.0,654.5,1932.0,654.5,1.0,1.0,768.739990234375,768.739990234375,0.024732870261119692,0.024732870261119692,24732.870261119693,24732.870261119693,809
771,1,29,29,10.0,1,872.0,1436.0,0.0,0.0,872.0,1436.0,872.0,1436.0,1.0,1.0,768.739990234375,768.739990234375,0.012366435130559846,0.012366435130559846,12366.435130559847,12366.435130559847,816
770,2,29,31,30.0,3,586.25,1104.75,0.75,1.25,585.5,1103.5,587.0,1106.0,2.5,3.5,836.318115234375,836.3074951171875,0.03709944742698798,0.01854972371349399,37099.44742698798,18549.72371349399,815
785,1,30,30,10.0,1,377.0,233.0,0.0,0.0,377.0,233.0,377.0,233.0,1.0,1.0,768.766357421875,768.766357421875,0.01236650614707909,0.01236650614707909,12366.50614707909,12366.50614707909,830
786,3,30,32,30.0,3,868.1666666666666,265.6666666666667,0.8498365855987975,0.4714045207910317,867.0,265.0,869.0,266.0,3.0,2.0,768.766357421875,768.7236328125,0.04946623764522005,0.016488745881740017,49466.23764522005,16488.74588174002,831
797,1,30,30,10.0,1,45.0,1685.0,0.0,0.0,45.0,1685.0,45.0,1685.0,1.0,1.0,768.766357421875,768.766357421875,0.01236650614707909,0.01236650614707909,12366.50614707909,12366.50614707909,842
787,3,30,31,20.0,2,490.5,702.6666666666666,3.6285901761795403,0.9428090415820634,487.0,702.0,495.5,704.0,9.5,3.0,768.766357421875,768.7611490885416,0.04946609560710556,0.016488698535701854,49466.09560710556,16488.698535701853,832
790,1,30,30,10.0,1,1797.0,1140.0,0.0,0.0,1797.0,1140.0,1797.0,1140.0,1.0,1.0,768.766357421875,768.766357421875,0.01236650614707909,0.01236650614707909,12366.50614707909,12366.50614707909,835
789,3,30,33,40.0,4,640.3333333333334,1008.6666666666666,0.23570226039551584,0.9428090415820634,640.0,1008.0,640.5,1010.0,1.5,3.0,802.135498046875,791.0110677083334,0.06183309889196152,0.020611032963987173,61833.09889196152,20611.032963987174,834
791,16,30,45,160.0,16,1947.2687792531542,1177.537046576109,4.039300967865209,2.5225919738060765,1938.0,1173.0,1954.0,1185.0,17.0,13.0,836.318115234375,795.9829864501953,0.8656862556475502,0.05410539097797189,865686.2556475502,54105.39097797189,836
792,4,30,34,50.0,5,713.0,1357.25,0.3535533905932738,1.346291201783626,712.5,1356.0,713.5,1359.5,2.0,4.5,802.130859375,777.1161499023438,0.13603313008485113,0.03400828252121278,136033.13008485112,34008.28252121278,837
794,2,30,31,20.0,2,899.0,1419.0,1.0,1.0,898.0,1418.0,900.0,1420.0,3.0,3.0,768.766357421875,768.758544921875,0.02473308331294738,0.01236654165647369,24733.08331294738,12366.54165647369,839
793,61,30,77,480.0,48,726.1266025231599,1391.051678335326,9.725653629757444,10.471266673099938,702.0,1374.5,737.0,1415.0,36.0,41.5,1056.02978515625,805.0793056800717,3.9703894192133293,0.06508835113464474,3970389.4192133294,65088.35113464474,838
799,1,30,30,10.0,1,580.0,1902.0,0.0,0.0,580.0,1902.0,580.0,1902.0,1.0,1.0,768.766357421875,768.766357421875,0.01236650614707909,0.01236650614707909,12366.50614707909,12366.50614707909,844
798,51,30,57,280.0,28,1215.688141923436,1717.5288048552754,5.937507570676236,3.9571394935188575,1201.0,1710.0,1224.0,1728.0,24.0,19.0,802.195556640625,775.2680137484681,1.6077535552551114,0.031524579514806104,1607753.5552551115,31524.579514806104,843
795,1,30,30,10.0,1,984.0,1486.0,0.0,0.0,984.0,1486.0,984.0,1486.0,1.0,1.0,768.766357421875,768.766357421875,0.01236650614707909,0.01236650614707909,12366.50614707909,12366.50614707909,840
796,3,30,32,30.0,3,173.5154761904762,1514.3130952380952,0.1000141713314684,0.8767418684281577,173.375,1513.125,173.6,1515.2142857142858,1.2249999999999943,3.0892857142857792,1056.015380859375,993.4449055989584,0.3338977965391001,0.11129926551303337,333897.7965391001,111299.26551303337,841
800,1,30,30,10.0,1,65.0,1907.0,0.0,0.0,65.0,1907.0,65.0,1907.0,1.0,1.0,768.766357421875,768.766357421875,0.01236650614707909,0.01236650614707909,12366.50614707909,12366.50614707909,845
782,1,30,30,10.0,1,349.0,117.0,0.0,0.0,349.0,117.0,349.0,117.0,1.0,1.0,768.766357421875,768.766357421875,0.01236650614707909,0.01236650614707909,12366.50614707909,12366.50614707909,827
784,5,30,38,90.0,9,146.34666666666666,174.04333333333335,0.9835536476358451,3.614440174878785,145.0,168.0,148.0,178.5,4.0,11.5,906.6796875,858.14140625,0.29680232646763605,0.05936046529352721,296802.32646763604,59360.46529352721,829
788,1,30,30,10.0,1,268.0,772.0,0.0,0.0,268.0,772.0,268.0,772.0,1.0,1.0,768.766357421875,768.766357421875,0.01236650614707909,0.01236650614707909,12366.50614707909,12366.50614707909,833
781,1,30,30,10.0,1,312.0,83.0,0.0,0.0,312.0,83.0,312.0,83.0,1.0,1.0,768.766357421875,768.766357421875,0.01236650614707909,0.01236650614707909,12366.50614707909,12366.50614707909,826
778,2,30,33,40.0,4,657.0,51.25,2.0,1.25,655.0,50.0,659.0,52.5,5.0,3.5,768.81689453125,768.7916259765625,0.037099731500731106,0.018549865750365553,37099.731500731104,18549.865750365552,823
779,1,30,30,10.0,1,955.0,67.0,0.0,0.0,955.0,67.0,955.0,67.0,1.0,1.0,768.766357421875,768.766357421875,0.01236650614707909,0.01236650614707909,12366.50614707909,12366.50614707909,824
780,1,30,30,10.0,1,468.5,81.0,0.0,0.0,468.5,81.0,468.5,81.0,1.0,1.0,871.100341796875,871.100341796875,0.09893204917663272,0.09893204917663272,98932.04917663272,98932.04917663272,825
783,1,30,30,10.0,1,680.0,149.0,0.0,0.0,680.0,149.0,680.0,149.0,1.0,1.0,768.766357421875,768.766357421875,0.01236650614707909,0.01236650614707909,12366.50614707909,12366.50614707909,828
777,2,30,30,10.0,1,1994.0,24.0,3.0,1.0,1991.0,23.0,1997.0,25.0,7.0,3.0,768.766357421875,768.766357421875,0.02473301229415818,0.01236650614707909,24733.01229415818,12366.50614707909,822
801,1,30,30,10.0,1,120.0,1920.0,0.0,0.0,120.0,1920.0,120.0,1920.0,1.0,1.0,768.766357421875,768.766357421875,0.01236650614707909,0.01236650614707909,12366.50614707909,12366.50614707909,846
806,1,31,31,10.0,1,681.0,54.0,0.0,0.0,681.0,54.0,681.0,54.0,1.0,1.0,768.750732421875,768.750732421875,0.012366577165868291,0.012366577165868291,12366.577165868292,12366.577165868292,851
833,56,31,53,230.0,23,863.4521222616148,1961.780346038673,10.262691010439099,3.463763567517357,845.5,1954.75,882.0,1967.0,37.5,13.25,942.926025390625,799.0104195731027,4.97168721554328,0.08878012884898714,4971687.21554328,88780.12884898715,878
834,1,31,31,10.0,1,233.5,2028.0,0.0,0.0,233.5,2028.0,233.5,2028.0,1.0,1.0,768.750732421875,768.750732421875,0.024733154331736583,0.024733154331736583,24733.154331736583,24733.154331736583,879
803,1,31,31,10.0,1,456.0,30.0,0.0,0.0,456.0,30.0,456.0,30.0,1.0,1.0,768.750732421875,768.750732421875,0.012366577165868291,0.012366577165868291,12366.577165868292,12366.577165868292,848
804,1,31,31,10.0,1,921.0,34.0,0.0,0.0,921.0,34.0,921.0,34.0,1.0,1.0,802.135498046875,802.135498046875,0.012366577165868291,0.012366577165868291,12366.577165868292,12366.577165868292,849
805,3,31,33,30.0,3,467.3333333333333,39.833333333333336,3.299831645537222,2.0138409955990952,465.0,37.0,472.0,41.5,8.0,5.5,802.09130859375,779.8863118489584,0.04946652172350308,0.016488840574501028,49466.52172350309,16488.840574501028,850
802,1,31,31,10.0,1,896.0,20.25,0.0,0.0,896.0,20.25,896.0,20.25,1.0,1.0,768.750732421875,768.750732421875,0.03709973149760487,0.03709973149760487,37099.73149760487,37099.73149760487,847
818,16,31,39,90.0,9,572.9921853350673,680.8214002676796,4.974917636307206,4.813341685333615,562.8461538461538,674.1428571428571,578.2857142857143,690.0,16.439560439560523,16.85714285714289,2026.6875,1161.4995803833008,4.16765227424367,0.26047826714022937,4167652.27424367,260478.26714022938,863
817,4,31,36,60.0,6,515.0,591.9166666666666,4.898979485566356,2.419538523492981,507.0,589.0,519.0,595.6666666666666,13.0,7.666666666666629,871.1083984375,794.2907104492188,0.0742001732208824,0.0185500433052206,74200.17322088241,18550.043305220603,862
820,1,31,31,10.0,1,1978.5,1175.0,0.0,0.0,1978.5,1175.0,1978.5,1175.0,1.0,1.0,768.750732421875,768.750732421875,0.024733154331736583,0.024733154331736583,24733.154331736583,24733.154331736583,865
819,2,31,33,30.0,3,313.75,887.5,0.25,1.0,313.5,886.5,314.0,888.5,1.5,3.0,768.81689453125,768.7838134765625,0.04946659274488243,0.024733296372441215,49466.59274488243,24733.296372441215,864
822,8,31,38,80.0,8,256.8333333333333,1260.6875,0.408248290463863,2.97610565355315,256.0,1256.5,257.3333333333333,1267.0,2.3333333333333144,11.5,802.135498046875,777.0698547363281,0.21023642839184115,0.026279553548980143,210236.42839184115,26279.553548980144,867
821,8,31,38,80.0,8,1662.425,1194.9541666666667,0.8671072598012441,1.3882380419478144,1661.5,1192.5,1664.0,1196.8,3.5,5.2999999999999545,943.01318359375,850.2085266113281,0.2968054515103438,0.03710068143879298,296805.4515103438,37100.68143879298,866
823,1,31,31,10.0,1,565.0,1285.0,0.0,0.0,565.0,1285.0,565.0,1285.0,1.0,1.0,768.750732421875,768.750732421875,0.012366577165868291,0.012366577165868291,12366.577165868292,12366.577165868292,868
824,3,31,35,50.0,5,1958.6666666666667,1291.5,1.8856180831641267,2.273030282830976,1956.0,1288.5,1960.0,1294.0,5.0,6.5,768.81689453125,768.7391764322916,0.04946701888407071,0.016489006294690235,49467.018884070705,16489.006294690236,869
826,1,31,31,10.0,1,1015.0,1635.0,0.0,0.0,1015.0,1635.0,1015.0,1635.0,1.0,1.0,768.750732421875,768.750732421875,0.012366577165868291,0.012366577165868291,12366.577165868292,12366.577165868292,871
825,3,31,35,50.0,5,679.3333333333334,1429.8333333333333,1.3123346456686351,1.0274023338281628,677.5,1428.5,680.5,1431.0,4.0,3.5,802.135498046875,779.867431640625,0.08656675038167558,0.028855583460558526,86566.75038167558,28855.583460558526,870
829,1,31,31,10.0,1,1248.0,1755.0,0.0,0.0,1248.0,1755.0,1248.0,1755.0,1.0,1.0,768.750732421875,768.750732421875,0.012366577165868291,0.012366577165868291,12366.577165868292,12366.577165868292,874
830,1,31,31,10.0,1,110.0,1897.0,0.0,0.0,110.0,1897.0,110.0,1897.0,1.0,1.0,768.750732421875,768.750732421875,0.012366577165868291,0.012366577165868291,12366.577165868292,12366.577165868292,875
827,4,31,34,40.0,4,1219.125,1673.46875,0.8926785535678563,0.9369790219103094,1218.0,1672.5,1220.5,1675.0,3.5,3.5,836.16015625,802.2595825195312,0.11130040186951205,0.027825100467378013,111300.40186951205,27825.10046737801,872
828,1,31,31,10.0,1,1241.0,1732.0,0.0,0.0,1241.0,1732.0,1241.0,1732.0,1.0,1.0,768.750732421875,768.750732421875,0.012366577165868291,0.012366577165868291,12366.577165868292,12366.577165868292,873
831,4,31,34,40.0,4,606.5,1910.5,2.0615528128088303,2.598076211353316,604.0,1908.0,609.0,1914.0,6.0,7.0,802.135498046875,777.0930786132812,0.07419988913216416,0.01854997228304104,74199.88913216416,18549.97228304104,876
832,8,31,39,90.0,9,96.28125,1919.5,2.535490275568021,1.713913650100261,92.0,1917.0,99.0,1922.0,8.0,6.0,802.06201171875,772.8717041015625,0.13603518977779655,0.01700439872222457,136035.18977779656,17004.39872222457,877
835,1,31,31,10.0,1,160.0,2032.0,0.0,0.0,160.0,2032.0,160.0,2032.0,1.0,1.0,768.750732421875,768.750732421875,0.012366577165868291,0.012366577165868291,12366.577165868292,12366.577165868292,880
816,2,31,32,20.0,2,482.75,591.5,1.25,1.5,481.5,590.0,484.0,593.0,3.5,4.0,802.135498046875,785.3946533203125,0.03709980251693016,0.01854990125846508,37099.80251693016,18549.90125846508,861
809,1,31,31,10.0,1,750.0,97.5,0.0,0.0,750.0,97.5,750.0,97.5,1.0,1.0,768.750732421875,768.750732421875,0.024733154331736583,0.024733154331736583,24733.154331736583,24733.154331736583,854
810,3,31,33,30.0,3,323.6666666666667,100.0,1.247219128924647,1.4142135623730951,322.0,99.0,325.0,102.0,4.0,4.0,802.135498046875,779.8687337239584,0.037099944557634795,0.012366648185878265,37099.94455763479,12366.648185878264,855
811,1,31,31,10.0,1,1526.0,152.0,0.0,0.0,1526.0,152.0,1526.0,152.0,1.0,1.0,768.750732421875,768.750732421875,0.012366577165868291,0.012366577165868291,12366.577165868292,12366.577165868292,856
812,3,31,34,40.0,4,1796.6666666666667,213.0,1.8856180831641267,0.816496580927726,1794.0,212.0,1798.0,214.0,5.0,3.0,768.81689453125,768.7779134114584,0.04946666378110229,0.016488887927034096,49466.66378110229,16488.887927034095,857
813,1,31,31,10.0,1,889.6666666666666,267.0,0.0,0.0,889.6666666666666,267.0,889.6666666666666,267.0,1.0,1.0,802.135498046875,802.135498046875,0.03709973149760487,0.03709973149760487,37099.73149760487,37099.73149760487,858
814,7,31,37,70.0,7,777.257807668522,466.0761440940013,2.5053858412009844,1.5147698828693024,772.0,464.0,781.0,469.0,10.0,6.0,942.881103515625,818.0815080915179,0.3957385660008099,0.05653408085725856,395738.5660008099,56534.08085725857,859
807,2,31,32,20.0,2,456.16666666666663,62.25,0.1666666666666572,0.75,456.0,61.5,456.3333333333333,63.0,1.3333333333333144,2.5,768.750732421875,768.7022705078125,0.061833027867992024,0.030916513933996012,61833.02786799202,30916.51393399601,852
808,1,31,31,10.0,1,760.0,88.0,0.0,0.0,760.0,88.0,760.0,88.0,1.0,1.0,768.750732421875,768.750732421875,0.012366577165868291,0.012366577165868291,12366.577165868292,12366.577165868292,853
815,1,31,31,10.0,1,843.0,523.0,0.0,0.0,843.0,523.0,843.0,523.0,1.0,1.0,768.750732421875,768.750732421875,0.012366577165868291,0.012366577165868291,12366.577165868292,12366.577165868292,860
836,5,32,38,70.0,7,471.8,92.66666666666666,0.9273618495495705,0.9189365834726797,471.0,92.0,473.5,94.33333333333333,3.5,3.3333333333333286,906.59716796875,837.231591796875,0.111301893423918,0.0222603786847836,111301.893423918,22260.378684783598,881
849,1,32,32,10.0,1,1889.0,1319.0,0.0,0.0,1889.0,1319.0,1889.0,1319.0,1.0,1.0,768.65380859375,768.65380859375,0.012366648185193577,0.012366648185193577,12366.648185193577,12366.648185193577,895
837,1,32,32,10.0,1,366.0,117.5,0.0,0.0,366.0,117.5,366.0,117.5,1.0,1.0,768.65380859375,768.65380859375,0.024733296370387153,0.024733296370387153,24733.296370387154,24733.296370387154,882
839,3,32,34,30.0,3,884.3333333333334,306.5,0.4714045207910317,0.408248290463863,884.0,306.0,885.0,307.0,2.0,2.0,906.660888671875,871.7823079427084,0.049466876841132205,0.01648895894704407,49466.87684113221,16488.95894704407,885
840,1,32,32,10.0,1,788.0,413.0,0.0,0.0,788.0,413.0,788.0,413.0,1.0,1.0,768.65380859375,768.65380859375,0.012366648185193577,0.012366648185193577,12366.648185193577,12366.648185193577,886
838,8,32,39,80.0,8,1362.2916666666665,232.46666666666667,0.5301336309522915,1.5516120649182867,1361.2,230.0,1363.0,234.66666666666666,2.7999999999999545,5.666666666666657,1479.06591796875,1139.527099609375,0.3462743171200109,0.04328428964000136,346274.3171200109,43284.28964000136,883
850,1,32,32,10.0,1,686.0,1403.0,0.0,0.0,686.0,1403.0,686.0,1403.0,1.0,1.0,768.65380859375,768.65380859375,0.012366648185193577,0.012366648185193577,12366.648185193577,12366.648185193577,896
861,1,32,32,10.0,1,234.0,1947.0,0.0,0.0,234.0,1947.0,234.0,1947.0,1.0,1.0,768.65380859375,768.65380859375,0.012366648185193577,0.012366648185193577,12366.648185193577,12366.648185193577,907
860,2,32,33,20.0,2,164.25,1933.75,1.25,1.75,163.0,1932.0,165.5,1935.5,3.5,4.5,802.13134765625,785.392578125,0.037100086598339424,0.018550043299169712,37100.086598339425,18550.043299169713,906
848,14,32,41,100.0,10,1450.731380734112,1286.1311524609846,3.651183753327257,5.812730594608852,1444.0,1277.0,1457.0,1293.5,14.0,17.5,942.968017578125,805.3700299944196,1.6200846844662888,0.11572033460473492,1620084.684466289,115720.33460473492,894
847,1,32,32,10.0,1,2021.0,1073.0,0.0,0.0,2021.0,1073.0,2021.0,1073.0,1.0,1.0,768.65380859375,768.65380859375,0.012366648185193577,0.012366648185193577,12366.648185193577,12366.648185193577,893
844,1,32,32,10.0,1,1299.3333333333333,790.6666666666666,0.0,0.0,1299.3333333333333,790.6666666666666,1299.3333333333333,790.6666666666666,1.0,1.0,836.28955078125,836.28955078125,0.03709994455558073,0.03709994455558073,37099.94455558073,37099.94455558073,890
843,3,32,34,30.0,3,1273.1507936507935,781.5873015873016,0.3533306236436407,0.17639770453090856,1272.6666666666667,781.4285714285714,1273.5,781.8333333333334,1.8333333333332575,1.4047619047619264,943.005859375,906.89306640625,0.21023401350696372,0.07007800450232124,210234.01350696373,70078.00450232124,889
846,3,32,34,30.0,3,467.3333333333333,986.3333333333334,3.091206165165235,0.4714045207910317,463.0,986.0,470.0,987.0,8.0,2.0,768.76611328125,768.6912434895834,0.037100086613179935,0.012366695537726645,37100.086613179934,12366.695537726644,892
845,1,32,32,10.0,1,233.0,821.0,0.0,0.0,233.0,821.0,233.0,821.0,1.0,1.0,768.65380859375,768.65380859375,0.012366648185193577,0.012366648185193577,12366.648185193577,12366.648185193577,891
841,2,32,33,20.0,2,818.5,477.0,0.5,0.0,818.0,477.0,819.0,477.0,2.0,1.0,768.81689453125,768.7353515625,0.0247333673917665,0.01236668369588325,24733.3673917665,12366.68369588325,887
842,1,32,32,10.0,1,126.0,483.0,0.0,0.0,126.0,483.0,126.0,483.0,1.0,1.0,7118.9609375,7118.9609375,0.012366648185193577,0.012366648185193577,12366.648185193577,12366.648185193577,888
852,1,32,32,10.0,1,999.0,1492.0,0.0,0.0,999.0,1492.0,999.0,1492.0,1.0,1.0,768.65380859375,768.65380859375,0.012366648185193577,0.012366648185193577,12366.648185193577,12366.648185193577,898
851,1,32,32,10.0,1,947.5,1455.0,0.0,0.0,947.5,1455.0,947.5,1455.0,1.0,1.0,768.65380859375,768.65380859375,0.024733296370387153,0.024733296370387153,24733.296370387154,24733.296370387154,897
855,7,32,37,60.0,6,37.232142857142854,1725.4642857142858,1.6013785515318115,3.832261015353197,34.0,1718.0,38.75,1732.0,5.75,15.0,768.81689453125,768.710205078125,0.27207144485777524,0.038867349265396464,272071.44485777523,38867.349265396464,901
856,1,32,32,10.0,1,1226.0,1761.0,0.0,0.0,1226.0,1761.0,1226.0,1761.0,1.0,1.0,768.65380859375,768.65380859375,0.012366648185193577,0.012366648185193577,12366.648185193577,12366.648185193577,902
854,1,32,32,10.0,1,1989.0,1683.0,0.0,0.0,1989.0,1683.0,1989.0,1683.0,1.0,1.0,768.65380859375,768.65380859375,0.012366648185193577,0.012366648185193577,12366.648185193577,12366.648185193577,900
853,2,32,33,20.0,2,1384.5,1644.25,0.5,0.25,1384.0,1644.0,1385.0,1644.5,2.0,1.5,768.81689453125,768.7353515625,0.037100086598339424,0.018550043299169712,37100.086598339425,18550.043299169713,899
858,1,32,32,10.0,1,138.0,1911.0,0.0,0.0,138.0,1911.0,138.0,1911.0,1.0,1.0,768.65380859375,768.65380859375,0.012366648185193577,0.012366648185193577,12366.648185193577,12366.648185193577,904
857,7,32,39,80.0,8,568.2380952380952,1899.8333333333333,0.9671474291233261,5.522680508593637,566.5,1890.0,570.0,1908.0,4.5,19.0,802.115966796875,773.4797712053571,0.1607703328539934,0.02296719040771334,160770.3328539934,22967.19040771334,903
859,2,32,33,20.0,2,77.0,1925.0,1.0,2.0,76.0,1923.0,78.0,1927.0,3.0,5.0,802.13134765625,785.392578125,0.0247333673917665,0.01236668369588325,24733.3673917665,12366.68369588325,905
866,2,33,34,20.0,2,425.5,124.0,0.5,0.0,425.0,124.0,426.0,124.0,2.0,1.0,768.81689453125,768.79150390625,0.024733509449365705,0.012366754724682853,24733.509449365705,12366.754724682853,912
865,1,33,33,10.0,1,728.0,114.0,0.0,0.0,728.0,114.0,728.0,114.0,1.0,1.0,768.81689453125,768.81689453125,0.012366719206572924,0.012366719206572924,12366.719206572923,12366.719206572923,911
872,1,33,33,10.0,1,306.0,925.0,0.0,0.0,306.0,925.0,306.0,925.0,1.0,1.0,836.16015625,836.16015625,0.012366719206572924,0.012366719206572924,12366.719206572923,12366.719206572923,918
871,4,33,37,50.0,5,1304.25,761.75,2.928547231800971,2.0999338613923797,1299.3333333333333,760.0,1307.0,765.3333333333334,8.666666666666742,6.333333333333371,906.6796875,828.8031005859375,0.09893467697988399,0.024733669244970998,98934.676979884,24733.669244971,917
869,2,33,34,20.0,2,429.5,225.125,1.5,1.875,428.0,223.25,431.0,227.0,4.0,4.75,836.36328125,802.590087890625,0.04946708993495127,0.024733544967475634,49467.08993495127,24733.544967475635,915
877,5,33,36,40.0,4,859.3,1932.6,2.749545416973504,1.854723699099141,854.5,1931.0,863.0,1936.0,9.5,6.0,802.195556640625,775.42421875,0.07420116755198808,0.014840233510397616,74201.16755198808,14840.233510397617,924
878,1,33,33,10.0,1,164.0,1950.0,0.0,0.0,164.0,1950.0,164.0,1950.0,1.0,1.0,768.81689453125,768.81689453125,0.012366719206572924,0.012366719206572924,12366.719206572923,12366.719206572923,925
870,1,33,33,10.0,1,814.0,426.0,0.0,0.0,814.0,426.0,814.0,426.0,1.0,1.0,768.81689453125,768.81689453125,0.012366719206572924,0.012366719206572924,12366.719206572923,12366.719206572923,916
862,1,33,33,10.0,1,2047.0,0.0,0.0,0.0,2047.0,0.0,2047.0,0.0,1.0,1.0,768.81689453125,768.81689453125,0.012366719206572924,0.012366719206572924,12366.719206572923,12366.719206572923,908
863,1,33,33,10.0,1,178.0,72.0,0.0,0.0,178.0,72.0,178.0,72.0,1.0,1.0,768.81689453125,768.81689453125,0.012366719206572924,0.012366719206572924,12366.719206572923,12366.719206572923,909
864,2,33,34,20.0,2,630.7916666666666,73.66666666666667,0.7916666666666288,0.3333333333333286,630.0,73.33333333333334,631.5833333333333,74.0,2.5833333333332575,1.6666666666666572,802.13134765625,785.44873046875,0.07420067042053682,0.03710033521026841,74200.67042053683,37100.335210268415,910
874,1,33,33,10.0,1,506.8571428571429,1075.7857142857142,0.0,0.0,506.8571428571429,1075.7857142857142,506.8571428571429,1075.7857142857142,1.0,1.0,802.13134765625,802.13134765625,0.09893375365258339,0.09893375365258339,98933.75365258339,98933.75365258339,920
873,7,33,40,80.0,8,536.9976190476191,962.895238095238,3.127837487296741,2.045702314410302,533.0,959.0,541.2333333333333,965.0,9.233333333333348,7.0,802.195556640625,778.2859584263393,0.23497398661313115,0.03356771237330445,234973.98661313116,33567.71237330445,919
876,2,33,34,20.0,2,178.05,1498.3,0.5499999999999972,0.7000000000000455,177.5,1497.6,178.6,1499.0,2.0999999999999943,2.400000000000091,802.0888671875,785.452880859375,0.08656738962710975,0.043283694813554874,86567.38962710975,43283.694813554874,923
875,1,33,33,10.0,1,1019.0,1468.0,0.0,0.0,1019.0,1468.0,1019.0,1468.0,1.0,1.0,768.81689453125,768.81689453125,0.012366719206572924,0.012366719206572924,12366.719206572923,12366.719206572923,922
880,1,33,33,10.0,1,946.0,2013.0,0.0,0.0,946.0,2013.0,946.0,2013.0,1.0,1.0,768.81689453125,768.81689453125,0.012366719206572924,0.012366719206572924,12366.719206572923,12366.719206572923,927
879,1,33,33,10.0,1,302.0,1968.5,0.0,0.0,302.0,1968.5,302.0,1968.5,1.0,1.0,768.81689453125,768.81689453125,0.024733438413145847,0.024733438413145847,24733.438413145846,24733.438413145846,926
867,1,33,33,10.0,1,683.0,129.0,0.0,0.0,683.0,129.0,683.0,129.0,1.0,1.0,768.81689453125,768.81689453125,0.012366719206572924,0.012366719206572924,12366.719206572923,12366.719206572923,913
868,1,33,33,10.0,1,1772.0,212.5,0.0,0.0,1772.0,212.5,1772.0,212.5,1.0,1.0,768.81689453125,768.81689453125,0.024733438413145847,0.024733438413145847,24733.438413145846,24733.438413145846,914
892,1,34,34,10.0,1,114.0,1926.0,0.0,0.0,114.0,1926.0,114.0,1926.0,1.0,1.0,768.76611328125,768.76611328125,0.012366790242792781,0.012366790242792781,12366.790242792782,12366.790242792782,939
891,1,34,34,10.0,1,545.0,1053.5,0.0,0.0,545.0,1053.5,545.0,1053.5,1.0,1.0,768.76611328125,768.76611328125,0.024733580485585563,0.024733580485585563,24733.580485585564,24733.580485585564,938
884,2,34,35,20.0,2,424.5,179.75,0.5,0.75,424.0,179.0,425.0,180.5,2.0,2.5,768.76611328125,768.7080078125,0.037100441741400314,0.018550220870700157,37100.44174140031,18550.220870700156,931
883,1,34,34,10.0,1,1721.0,166.0,0.0,0.0,1721.0,166.0,1721.0,166.0,1.0,1.0,768.76611328125,768.76611328125,0.012366790242792781,0.012366790242792781,12366.790242792782,12366.790242792782,930
886,1,34,34,10.0,1,446.0,219.0,0.0,0.0,446.0,219.0,446.0,219.0,1.0,1.0,768.76611328125,768.76611328125,0.012366790242792781,0.012366790242792781,12366.790242792782,12366.790242792782,933
885,5,34,40,70.0,7,895.6,210.3,1.0198039027185568,6.384355879804947,894.0,201.5,897.0,219.0,4.0,18.5,768.76611328125,768.6982421875,0.07420166501947387,0.014840333003894774,74201.66501947386,14840.333003894773,932
887,4,34,38,50.0,5,876.4166924900642,270.6413769527407,1.8707922137157582,4.159033507847451,874.6192893401015,264.0,879.5416666666666,275.13953488372096,5.922377326565083,12.139534883720955,1868.8458251953125,1368.1702880859375,4.872606195255851,1.2181515488139627,4872606.19525585,1218151.5488139626,934
888,1,34,34,10.0,1,347.0,350.0,0.0,0.0,347.0,350.0,347.0,350.0,1.0,1.0,768.76611328125,768.76611328125,0.012366790242792781,0.012366790242792781,12366.790242792782,12366.790242792782,935
882,3,34,37,40.0,4,631.1666666666666,92.16666666666667,1.649915822768611,3.704351795148811,630.0,87.0,633.5,95.5,4.5,9.5,802.123779296875,779.8631184895834,0.07420116759207468,0.02473372253069156,74201.16759207468,24733.72253069156,929
881,1,34,34,10.0,1,975.2857142857143,51.714285714285715,0.0,0.0,975.2857142857143,51.714285714285715,975.2857142857143,51.714285714285715,1.0,1.0,1095.087890625,1095.087890625,0.08656753169954948,0.08656753169954948,86567.53169954948,86567.53169954948,928
893,1,34,34,10.0,1,865.0,1953.0,0.0,0.0,865.0,1953.0,865.0,1953.0,1.0,1.0,768.76611328125,768.76611328125,0.012366790242792781,0.012366790242792781,12366.790242792782,12366.790242792782,940
895,2,34,35,20.0,2,1182.1666666666665,2027.5,0.16666666666662877,0.5,1182.0,2027.0,1182.3333333333333,2028.0,1.3333333333332575,2.0,768.76611328125,768.7080078125,0.04946723198419309,0.024733615992096544,49467.23198419309,24733.615992096544,942
894,1,34,34,10.0,1,604.0,1956.0,0.0,0.0,604.0,1956.0,604.0,1956.0,1.0,1.0,768.76611328125,768.76611328125,0.012366790242792781,0.012366790242792781,12366.790242792782,12366.790242792782,941
889,6,34,39,60.0,6,1937.5833333333333,610.6018518518518,1.6180406532456333,3.011708405066259,1935.5,606.5,1940.0,616.0,5.5,10.5,871.1083984375,808.1675211588541,0.4575772048474661,0.07626286747457768,457577.2048474661,76262.86747457768,936
890,18,34,50,170.0,17,175.62845598845598,802.306964486131,2.341074465085815,2.430303000210519,171.0,798.0,181.16666666666666,805.3333333333334,11.166666666666657,8.333333333333371,1095.07373046875,909.0581393771702,1.7685404372279026,0.09825224651266125,1768540.4372279025,98252.24651266125,937
896,1,35,35,10.0,1,1997.0,13.0,0.0,0.0,1997.0,13.0,1997.0,13.0,1.0,1.0,768.64990234375,768.64990234375,0.012366861255814748,0.012366861255814748,12366.861255814747,12366.861255814747,943
897,1,35,35,10.0,1,2014.0,16.0,0.0,0.0,2014.0,16.0,2014.0,16.0,1.0,1.0,768.64990234375,768.64990234375,0.012366861255814748,0.012366861255814748,12366.861255814747,12366.861255814747,944
898,1,35,35,10.0,1,1994.0,25.5,0.0,0.0,1994.0,25.5,1994.0,25.5,1.0,1.0,768.64990234375,768.64990234375,0.024733722511629495,0.024733722511629495,24733.722511629494,24733.722511629494,945
899,5,35,41,70.0,7,710.4,43.2,2.3323807579381204,0.9797958971132711,707.0,42.0,714.0,45.0,8.0,4.0,768.739990234375,768.710107421875,0.06183537172104558,0.012367074344209115,61835.37172104558,12367.074344209115,946
900,6,35,40,60.0,6,682.861111111111,135.83333333333334,1.8293306473363309,3.32498955721,680.0,132.0,686.0,142.5,7.0,11.5,802.123779296875,774.2763264973959,0.13603710774750832,0.02267285129125139,136037.10774750833,22672.851291251387,947
901,1,35,35,10.0,1,528.0,210.5,0.0,0.0,528.0,210.5,528.0,210.5,1.0,1.0,836.2041015625,836.2041015625,0.024733722511629495,0.024733722511629495,24733.722511629494,24733.722511629494,948
902,1,35,35,10.0,1,208.0,285.0,0.0,0.0,208.0,285.0,208.0,285.0,1.0,1.0,768.64990234375,768.64990234375,0.012366861255814748,0.012366861255814748,12366.861255814747,12366.861255814747,949
903,1,35,35,10.0,1,1932.0,648.0,0.0,0.0,1932.0,648.0,1932.0,648.0,1.0,1.0,768.64990234375,768.64990234375,0.012366861255814748,0.012366861255814748,12366.861255814747,12366.861255814747,950
904,1,35,35,10.0,1,150.0,731.0,0.0,0.0,150.0,731.0,150.0,731.0,1.0,1.0,768.64990234375,768.64990234375,0.012366861255814748,0.012366861255814748,12366.861255814747,12366.861255814747,951
913,2,35,37,30.0,3,64.5,1931.5,0.5,2.5,64.0,1929.0,65.0,1934.0,2.0,6.0,768.699462890625,768.6746826171875,0.024733864566266524,0.012366932283133262,24733.864566266526,12366.932283133263,960
914,2,35,37,30.0,3,650.5,1957.25,0.5,0.75,650.0,1956.5,651.0,1958.0,2.0,2.5,768.699462890625,768.6746826171875,0.03710072582208127,0.018550362911040636,37100.72582208127,18550.362911040636,961
906,1,35,35,10.0,1,1902.0,1402.0,0.0,0.0,1902.0,1402.0,1902.0,1402.0,1.0,1.0,768.64990234375,768.64990234375,0.012366861255814748,0.012366861255814748,12366.861255814747,12366.861255814747,953
905,2,35,37,30.0,3,261.875,765.25,0.375,0.25,261.5,765.0,262.25,765.5,1.75,1.5,836.2041015625,819.1639404296875,0.061834732442984826,0.030917366221492413,61834.73244298482,30917.36622149241,952
907,1,35,35,10.0,1,874.0,1411.0,0.0,0.0,874.0,1411.0,874.0,1411.0,1.0,1.0,768.64990234375,768.64990234375,0.012366861255814748,0.012366861255814748,12366.861255814747,12366.861255814747,954
908,1,35,35,10.0,1,943.0,1413.0,0.0,0.0,943.0,1413.0,943.0,1413.0,1.0,1.0,768.64990234375,768.64990234375,0.012366861255814748,0.012366861255814748,12366.861255814747,12366.861255814747,955
910,2,35,36,20.0,2,1240.0,1753.5,1.0,1.5,1239.0,1752.0,1241.0,1755.0,3.0,4.0,768.692626953125,768.6712646484375,0.02473379353808396,0.01236689676904198,24733.79353808396,12366.89676904198,957
909,1,35,35,10.0,1,1017.0,1493.0,0.0,0.0,1017.0,1493.0,1017.0,1493.0,1.0,1.0,768.64990234375,768.64990234375,0.012366861255814748,0.012366861255814748,12366.861255814747,12366.861255814747,956
912,2,35,38,40.0,4,614.5,1921.5,0.5,0.5,614.0,1921.0,615.0,1922.0,2.0,2.0,768.72119140625,768.685546875,0.02473393559899516,0.01236696779949758,24733.935598995162,12366.967799497581,959
911,1,35,35,10.0,1,67.0,1906.0,0.0,0.0,67.0,1906.0,67.0,1906.0,1.0,1.0,768.64990234375,768.64990234375,0.012366861255814748,0.012366861255814748,12366.861255814747,12366.861255814747,958
936,1,36,36,10.0,1,121.0,1913.0,0.0,0.0,121.0,1913.0,121.0,1913.0,1.0,1.0,768.692626953125,768.692626953125,0.012366932282269212,0.012366932282269212,12366.932282269212,12366.932282269212,983
935,1,36,36,10.0,1,1243.0,1766.5,0.0,0.0,1243.0,1766.5,1243.0,1766.5,1.0,1.0,768.692626953125,768.692626953125,0.024733864564538424,0.024733864564538424,24733.864564538424,24733.864564538424,982
934,1,36,36,10.0,1,2028.0,1717.0,0.0,0.0,2028.0,1717.0,2028.0,1717.0,1.0,1.0,942.881103515625,942.881103515625,0.012366932282269212,0.012366932282269212,12366.932282269212,12366.932282269212,981
933,7,36,43,80.0,8,1497.9690476190478,1511.8738095238095,0.6487123125077124,0.6463485436738462,1497.2,1511.2,1499.0,1513.0,2.7999999999999545,2.7999999999999545,906.647705078125,836.6641148158482,0.30917977202190255,0.04416853886027179,309179.77202190255,44168.538860271794,980
932,1,36,36,10.0,1,898.0,1457.0,0.0,0.0,898.0,1457.0,898.0,1457.0,1.0,1.0,768.692626953125,768.692626953125,0.012366932282269212,0.012366932282269212,12366.932282269212,12366.932282269212,979
931,3,36,40,50.0,5,944.6666666666666,1454.6666666666667,0.4714045207910317,0.9428090415820634,944.0,1454.0,945.0,1456.0,2.0,3.0,768.739990234375,768.7052408854166,0.03710129432692699,0.012367098108975664,37101.29432692699,12367.098108975664,978
917,4,36,38,30.0,3,466.5177083333333,79.4375,1.1182217677522752,2.40035804620894,464.8333333333333,75.5,467.8,82.0,3.966666666666697,7.5,1525.3399658203125,1082.3189392089844,0.6307176660894176,0.1576794165223544,630717.6660894176,157679.4165223544,964
929,1,36,36,10.0,1,685.0,1402.0,0.0,0.0,685.0,1402.0,685.0,1402.0,1.0,1.0,768.692626953125,768.692626953125,0.012366932282269212,0.012366932282269212,12366.932282269212,12366.932282269212,976
939,20,36,47,120.0,12,1158.7039502164503,2043.7198051948048,7.269261846329236,3.7367676452073706,1147.0,2033.1666666666665,1169.5,2047.0,23.5,14.833333333333485,906.7265625,804.4747192382813,1.323305444645693,0.06616527223228466,1323305.444645693,66165.27223228467,987
928,2,36,39,40.0,4,1928.5,1382.0,0.5,1.0,1928.0,1381.0,1929.0,1383.0,2.0,3.0,768.739990234375,768.71630859375,0.02473407765459639,0.012367038827298196,24734.077654596393,12367.038827298196,975
930,1,36,36,10.0,1,699.0,1445.0,0.0,0.0,699.0,1445.0,699.0,1445.0,1.0,1.0,768.692626953125,768.692626953125,0.012366932282269212,0.012366932282269212,12366.932282269212,12366.932282269212,977
927,1,36,36,10.0,1,1941.0,1191.0,0.0,0.0,1941.0,1191.0,1941.0,1191.0,1.0,1.0,768.692626953125,768.692626953125,0.012366932282269212,0.012366932282269212,12366.932282269212,12366.932282269212,974
926,15,36,44,90.0,9,605.684271991625,947.4083494609966,2.350101018724763,3.4989344717766335,602.5,941.1666666666666,610.625,955.0,9.125,14.833333333333371,2247.09228515625,1266.2577473958333,1.8303497365152017,0.12202331576768012,1830349.7365152016,122023.31576768012,973
915,2,36,37,20.0,2,474.125,34.625,2.625,2.875,471.5,31.75,476.75,37.5,6.25,6.75,802.123779296875,785.408203125,0.061834874495893755,0.030917437247946877,61834.87449589375,30917.437247946877,962
916,1,36,36,10.0,1,964.0,76.0,0.0,0.0,964.0,76.0,964.0,76.0,1.0,1.0,768.692626953125,768.692626953125,0.012366932282269212,0.012366932282269212,12366.932282269212,12366.932282269212,963
920,3,36,39,40.0,4,871.3333333333334,548.3333333333334,3.0912061651652345,2.8674417556808756,867.0,545.0,874.0,552.0,8.0,8.0,768.739990234375,768.7084147135416,0.0371010099368656,0.012367003312288535,37101.0099368656,12367.003312288534,967
924,3,36,39,40.0,4,1929.4444444444443,666.1111111111112,1.133115447465088,0.8314794192831014,1928.3333333333333,665.0,1931.0,667.0,3.6666666666667425,3.0,768.739990234375,768.7179361979166,0.06183530068413763,0.020611766894712544,61835.300684137634,20611.766894712542,971
923,2,36,39,40.0,4,495.0,642.0,0.0,0.0,495.0,642.0,495.0,642.0,1.0,1.0,768.739990234375,768.71630859375,0.02473407765459639,0.012367038827298196,24734.077654596393,12367.038827298196,970
922,1,36,36,10.0,1,1288.5,634.5,0.0,0.0,1288.5,634.5,1288.5,634.5,1.0,1.0,768.692626953125,768.692626953125,0.024733864564538424,0.024733864564538424,24733.864564538424,24733.864564538424,969
921,1,36,36,10.0,1,446.0,605.0,0.0,0.0,446.0,605.0,446.0,605.0,1.0,1.0,768.692626953125,768.692626953125,0.012366932282269212,0.012366932282269212,12366.932282269212,12366.932282269212,968
919,2,36,37,20.0,2,1742.0,176.25,1.0,0.75,1741.0,175.5,1743.0,177.0,3.0,2.5,836.2548828125,802.4737548828125,0.06183494552407632,0.03091747276203816,61834.94552407632,30917.47276203816,966
918,1,36,36,10.0,1,476.0,111.5,0.0,0.0,476.0,111.5,476.0,111.5,1.0,1.0,768.692626953125,768.692626953125,0.024733864564538424,0.024733864564538424,24733.864564538424,24733.864564538424,965
937,1,36,36,10.0,1,885.0,1959.0,0.0,0.0,885.0,1959.0,885.0,1959.0,1.0,1.0,768.692626953125,768.692626953125,0.012366932282269212,0.012366932282269212,12366.932282269212,12366.932282269212,985
938,1,36,36,10.0,1,939.0,2023.0,0.0,0.0,939.0,2023.0,939.0,2023.0,1.0,1.0,768.692626953125,768.692626953125,0.012366932282269212,0.012366932282269212,12366.932282269212,12366.932282269212,986
925,1,36,36,10.0,1,2021.0,892.0,0.0,0.0,2021.0,892.0,2021.0,892.0,1.0,1.0,768.692626953125,768.692626953125,0.012366932282269212,0.012366932282269212,12366.932282269212,12366.932282269212,972
944,1,37,37,10.0,1,848.0,139.0,0.0,0.0,848.0,139.0,848.0,139.0,1.0,1.0,768.699462890625,768.699462890625,0.012367003310451777,0.012367003310451777,12367.003310451777,12367.003310451777,992
958,1,37,37,10.0,1,1918.0,1687.0,0.0,0.0,1918.0,1687.0,1918.0,1687.0,1.0,1.0,768.699462890625,768.699462890625,0.012367003310451777,0.012367003310451777,12367.003310451777,12367.003310451777,1006
957,1,37,37,10.0,1,1016.0,1480.0,0.0,0.0,1016.0,1480.0,1016.0,1480.0,1.0,1.0,768.699462890625,768.699462890625,0.012367003310451777,0.012367003310451777,12367.003310451777,12367.003310451777,1005
956,16,37,43,70.0,7,905.6045849779306,1454.462010069179,6.1010290454349745,2.9324008798913193,896.0,1447.0,917.0,1459.888888888889,22.0,13.888888888888914,906.647705078125,798.4886016845703,1.1006880195626887,0.06879300122266804,1100688.0195626887,68793.00122266804,1004
943,2,37,39,30.0,3,508.0,116.0,3.0,0.0,505.0,116.0,511.0,116.0,7.0,1.0,768.739990234375,768.7197265625,0.024734148682778956,0.012367074341389478,24734.148682778956,12367.074341389478,991
946,1,37,37,10.0,1,522.0,296.0,0.0,0.0,522.0,296.0,522.0,296.0,1.0,1.0,768.699462890625,768.699462890625,0.012367003310451777,0.012367003310451777,12367.003310451777,12367.003310451777,994
945,1,37,37,10.0,1,836.0,190.0,0.0,0.0,836.0,190.0,836.0,190.0,1.0,1.0,768.699462890625,768.699462890625,0.012367003310451777,0.012367003310451777,12367.003310451777,12367.003310451777,993
948,2,37,38,20.0,2,1903.5,653.0,1.5,4.0,1902.0,649.0,1905.0,657.0,4.0,9.0,768.72119140625,768.7103271484375,0.049468084274535744,0.024734042137267872,49468.084274535744,24734.042137267872,996
942,1,37,37,10.0,1,369.0,115.0,0.0,0.0,369.0,115.0,369.0,115.0,1.0,1.0,768.699462890625,768.699462890625,0.012367003310451777,0.012367003310451777,12367.003310451777,12367.003310451777,990
940,3,37,39,30.0,3,741.0,30.333333333333332,0.816496580927726,3.0912061651652345,740.0,26.0,742.0,33.0,3.0,8.0,768.739990234375,768.72021484375,0.03710122302595937,0.012367074341986457,37101.22302595937,12367.074341986458,988
961,1,37,37,10.0,1,292.0,1948.0,0.0,0.0,292.0,1948.0,292.0,1948.0,1.0,1.0,768.699462890625,768.699462890625,0.012367003310451777,0.012367003310451777,12367.003310451777,12367.003310451777,1009
962,1,37,37,10.0,1,148.0,2019.0,0.0,0.0,148.0,2019.0,148.0,2019.0,1.0,1.0,768.699462890625,768.699462890625,0.012367003310451777,0.012367003310451777,12367.003310451777,12367.003310451777,1010
960,95,37,68,320.0,32,1237.2776399331663,1752.6102506265663,7.309566221975909,9.059943448293335,1219.0,1735.0,1254.0,1772.0,36.0,38.0,836.259033203125,773.6398077713816,1.9541668361686342,0.020570177222827727,1954166.8361686342,20570.177222827726,1008
941,5,37,40,40.0,4,968.5,59.35,1.259409032487514,1.6230971765253126,966.0,56.333333333333336,969.3333333333334,61.0,4.333333333333371,5.666666666666664,871.09765625,809.224853515625,0.19787418524247902,0.039574837048495806,197874.18524247903,39574.83704849581,989
959,1,37,37,10.0,1,1232.0,1727.0,0.0,0.0,1232.0,1727.0,1232.0,1727.0,1.0,1.0,768.699462890625,768.699462890625,0.012367003310451777,0.012367003310451777,12367.003310451777,12367.003310451777,1007
950,4,37,41,50.0,5,618.5625,1007.9375,1.0661701318269987,1.203835017766139,616.75,1006.0,619.5,1009.25,3.75,4.25,768.739990234375,768.7251586914062,0.08657023071610093,0.02164255767902523,86570.23071610092,21642.55767902523,998
947,1,37,37,10.0,1,518.0,624.0,0.0,0.0,518.0,624.0,518.0,624.0,1.0,1.0,768.699462890625,768.699462890625,0.012367003310451777,0.012367003310451777,12367.003310451777,12367.003310451777,995
952,2,37,37,10.0,1,127.0,1228.0,3.0,3.0,124.0,1225.0,130.0,1231.0,7.0,7.0,836.2548828125,819.1893310546875,0.024734006620903554,0.012367003310451777,24734.006620903554,12367.003310451777,1000
951,1,37,37,10.0,1,1980.0,1174.0,0.0,0.0,1980.0,1174.0,1980.0,1174.0,1.0,1.0,768.699462890625,768.699462890625,0.012367003310451777,0.012367003310451777,12367.003310451777,12367.003310451777,999
949,1,37,37,10.0,1,519.0,682.0,0.0,0.0,519.0,682.0,519.0,682.0,1.0,1.0,768.699462890625,768.699462890625,0.012367003310451777,0.012367003310451777,12367.003310451777,12367.003310451777,997
955,13,37,47,110.0,11,1807.1077748869868,1436.1998959893303,5.281627741090027,1.237238865131235,1796.0,1434.0,1816.5,1438.2622950819673,21.5,5.262295081967295,1433.6202392578125,1036.8601637620193,4.761482175596525,0.3662678596612711,4761482.175596525,366267.8596612711,1003
954,1,37,37,10.0,1,1956.0,1298.0,0.0,0.0,1956.0,1298.0,1956.0,1298.0,1.0,1.0,768.699462890625,768.699462890625,0.012367003310451777,0.012367003310451777,12367.003310451777,12367.003310451777,1002
953,2,37,39,30.0,3,1962.0,1267.5,0.0,1.5,1962.0,1266.0,1962.0,1269.0,1.0,4.0,768.739990234375,768.7197265625,0.024734148682778956,0.012367074341389478,24734.148682778956,12367.074341389478,1001
981,10,38,48,110.0,11,168.66190476190476,1931.2857142857144,2.1602941346722493,3.061987149895058,164.0,1927.0,172.0,1937.0,9.0,11.0,802.119140625,775.3861083984375,0.3091851709924147,0.030918517099241472,309185.1709924147,30918.51709924147,1029
982,1,38,38,10.0,1,166.0,1943.0,0.0,0.0,166.0,1943.0,166.0,1943.0,1.0,1.0,768.72119140625,768.72119140625,0.012367074343180413,0.012367074343180413,12367.074343180413,12367.074343180413,1030
979,1,38,38,10.0,1,949.0,1557.0,0.0,0.0,949.0,1557.0,949.0,1557.0,1.0,1.0,768.72119140625,768.72119140625,0.012367074343180413,0.012367074343180413,12367.074343180413,12367.074343180413,1027
980,1,38,38,10.0,1,1225.0,1763.0,0.0,0.0,1225.0,1763.0,1225.0,1763.0,1.0,1.0,768.72119140625,768.72119140625,0.012367074343180413,0.012367074343180413,12367.074343180413,12367.074343180413,1028
978,1,38,38,10.0,1,952.0,1478.0,0.0,0.0,952.0,1478.0,952.0,1478.0,1.0,1.0,768.72119140625,768.72119140625,0.012367074343180413,0.012367074343180413,12367.074343180413,12367.074343180413,1026
977,37,38,58,210.0,21,695.1010978510978,1414.960374010374,7.327475577857694,5.558948801300289,684.0,1404.0,709.0,1428.0,26.0,25.0,802.177734375,779.5422297297297,1.9788417931341629,0.05348221062524765,1978841.793134163,53482.210625247644,1025
975,1,38,38,10.0,1,1826.0,1156.0,0.0,0.0,1826.0,1156.0,1826.0,1156.0,1.0,1.0,768.72119140625,768.72119140625,0.012367074343180413,0.012367074343180413,12367.074343180413,12367.074343180413,1023
976,1,38,38,10.0,1,1893.0,1334.0,0.0,0.0,1893.0,1334.0,1893.0,1334.0,1.0,1.0,768.72119140625,768.72119140625,0.012367074343180413,0.012367074343180413,12367.074343180413,12367.074343180413,1024
972,16,38,55,180.0,18,234.87275930258468,817.5100627313863,0.7293884904810447,1.7268235355822112,233.8,814.6818181818182,236.0,820.8,3.1999999999999886,7.118181818181711,1056.001708984375,897.2499771118164,2.621902878118842,0.16386892988242763,2621902.878118842,163868.92988242762,1020
971,1,38,38,10.0,1,251.0,776.0,0.0,0.0,251.0,776.0,251.0,776.0,1.0,1.0,768.72119140625,768.72119140625,0.012367074343180413,0.012367074343180413,12367.074343180413,12367.074343180413,1019
974,1,38,38,10.0,1,333.0,913.0,0.0,0.0,333.0,913.0,333.0,913.0,1.0,1.0,768.72119140625,768.72119140625,0.012367074343180413,0.012367074343180413,12367.074343180413,12367.074343180413,1022
973,2,38,40,30.0,3,260.5,846.0,0.5,2.0,260.0,844.0,261.0,848.0,2.0,5.0,802.0908203125,785.406005859375,0.024734291015511015,0.012367145507755507,24734.291015511015,12367.145507755507,1021
970,1,38,38,10.0,1,184.0,760.0,0.0,0.0,184.0,760.0,184.0,760.0,1.0,1.0,768.72119140625,768.72119140625,0.012367074343180413,0.012367074343180413,12367.074343180413,12367.074343180413,1018
969,1,38,38,10.0,1,1346.0,650.0,0.0,0.0,1346.0,650.0,1346.0,650.0,1.0,1.0,942.926025390625,942.926025390625,0.012367074343180413,0.012367074343180413,12367.074343180413,12367.074343180413,1017
964,2,38,40,30.0,3,289.0,57.0,1.0,3.0,288.0,54.0,290.0,60.0,3.0,7.0,768.72119140625,768.7021484375,0.024734291015511015,0.012367145507755507,24734.291015511015,12367.145507755507,1012
967,3,38,41,40.0,4,512.8333333333334,295.3333333333333,0.6236095644623235,1.247219128924647,512.0,294.0,513.5,297.0,2.5,4.0,768.739990234375,768.7337239583334,0.04946865252710623,0.016489550842368743,49468.65252710623,16489.550842368742,1015
963,1,38,38,10.0,1,1154.0,35.0,0.0,0.0,1154.0,35.0,1154.0,35.0,1.0,1.0,768.72119140625,768.72119140625,0.012367074343180413,0.012367074343180413,12367.074343180413,12367.074343180413,1011
965,8,38,43,60.0,6,630.675,74.125,2.0710806358034435,5.260406353125203,627.0,67.0,634.0,84.0,8.0,18.0,802.115966796875,777.0630187988281,0.17314237989116343,0.02164279748639543,173142.37989116344,21642.79748639543,1013
968,1,38,38,10.0,1,1225.0,650.0,0.0,0.0,1225.0,650.0,1225.0,650.0,1.0,1.0,768.72119140625,768.72119140625,0.012367074343180413,0.012367074343180413,12367.074343180413,12367.074343180413,1016
966,7,38,41,40.0,4,1511.325850340136,147.89115646258506,4.412399597892988,1.63981563781468,1504.0,146.0,1515.5,150.33333333333334,12.5,5.333333333333343,836.318115234375,792.6851632254464,0.284444700622557,0.040634957231793854,284444.700622557,40634.95723179385,1014
1000,6,39,44,60.0,6,975.2609126984127,866.454365079365,0.597934534077173,1.3991078146435723,974.4285714285714,864.1428571428571,976.3333333333334,868.6666666666666,2.9047619047619264,5.523809523809518,1344.709716796875,1141.5579833984375,0.4328574767407847,0.07214291279013078,432857.47674078465,72142.91279013078,1048
999,1,39,39,10.0,1,277.5,806.5,0.0,0.0,277.5,806.5,277.5,806.5,1.0,1.0,836.318115234375,836.318115234375,0.024734290744654355,0.024734290744654355,24734.290744654354,24734.290744654354,1047
994,2,39,40,20.0,2,1983.1666666666665,648.1666666666667,2.8333333333333712,0.8333333333333144,1980.3333333333333,647.3333333333334,1986.0,649.0,6.6666666666667425,2.6666666666666288,836.255126953125,802.49755859375,0.04946879538931898,0.02473439769465949,49468.795389318984,24734.397694659492,1042
993,1,39,39,10.0,1,865.0,523.0,0.0,0.0,865.0,523.0,865.0,523.0,1.0,1.0,768.739990234375,768.739990234375,0.012367145372327177,0.012367145372327177,12367.145372327177,12367.145372327177,1041
992,1,39,39,10.0,1,793.0,397.0,0.0,0.0,793.0,397.0,793.0,397.0,1.0,1.0,768.739990234375,768.739990234375,0.012367145372327177,0.012367145372327177,12367.145372327177,12367.145372327177,1040
991,1,39,39,10.0,1,621.0,311.0,0.0,0.0,621.0,311.0,621.0,311.0,1.0,1.0,979.948974609375,979.948974609375,0.012367145372327177,0.012367145372327177,12367.145372327177,12367.145372327177,1039
998,3,39,41,30.0,3,1313.5666666666666,790.0333333333333,4.834827355299836,1.7518244457961154,1307.0,788.6,1318.5,792.5,12.5,4.899999999999977,942.907958984375,837.9122721354166,0.11130494898485029,0.03710164966161676,111304.94898485029,37101.649661616764,1046
997,3,39,42,40.0,4,1854.388888888889,743.9444444444445,0.7973722274670506,0.3424674446094019,1853.6666666666667,743.5,1855.5,744.3333333333334,2.8333333333332575,1.8333333333333712,979.948974609375,884.1796875,0.08657087001379049,0.028856956671263496,86570.8700137905,28856.956671263495,1045
996,1,39,39,10.0,1,923.0,713.0,0.0,0.0,923.0,713.0,923.0,713.0,1.0,1.0,768.739990234375,768.739990234375,0.012367145372327177,0.012367145372327177,12367.145372327177,12367.145372327177,1044
995,1,39,39,10.0,1,120.0,708.0,0.0,0.0,120.0,708.0,120.0,708.0,1.0,1.0,768.739990234375,768.739990234375,0.012367145372327177,0.012367145372327177,12367.145372327177,12367.145372327177,1043
986,3,39,41,30.0,3,901.6666666666666,126.5,1.699673171197595,1.4719601443879744,900.0,124.5,904.0,128.0,5.0,4.5,768.739990234375,768.7210286458334,0.049468866156259846,0.016489622052086615,49468.86615625984,16489.622052086615,1034
985,1,39,39,10.0,1,196.0,118.0,0.0,0.0,196.0,118.0,196.0,118.0,1.0,1.0,768.739990234375,768.739990234375,0.012367145372327177,0.012367145372327177,12367.145372327177,12367.145372327177,1033
1010,1,39,39,10.0,1,867.0,1946.0,0.0,0.0,867.0,1946.0,867.0,1946.0,1.0,1.0,768.739990234375,768.739990234375,0.012367145372327177,0.012367145372327177,12367.145372327177,12367.145372327177,1058
1009,14,39,46,80.0,8,969.15212585034,1928.4077806122448,7.3277430623148785,2.116057046463708,955.0,1923.0,981.1666666666666,1931.0,27.16666666666663,9.0,1095.071044921875,823.403076171875,0.952286463493896,0.06802046167813543,952286.463493896,68020.46167813543,1057
1003,3,39,41,30.0,3,714.3333333333334,1360.6666666666667,0.4714045207910317,0.4714045207910317,714.0,1360.0,715.0,1361.0,2.0,2.0,768.739990234375,768.7210286458334,0.037101649483929244,0.012367216494643082,37101.64948392924,12367.216494643082,1051
1004,1,39,39,10.0,1,903.0,1419.0,0.0,0.0,903.0,1419.0,903.0,1419.0,1.0,1.0,768.739990234375,768.739990234375,0.012367145372327177,0.012367145372327177,12367.145372327177,12367.145372327177,1052
1005,2,39,42,40.0,4,1004.5,1495.0,0.5,1.0,1004.0,1494.0,1005.0,1496.0,2.0,3.0,768.739990234375,768.7305908203125,0.02473450384798805,0.012367251923994025,24734.50384798805,12367.251923994025,1053
1006,1,39,39,10.0,1,970.0,1596.0,0.0,0.0,970.0,1596.0,970.0,1596.0,1.0,1.0,768.739990234375,768.739990234375,0.012367145372327177,0.012367145372327177,12367.145372327177,12367.145372327177,1054
1007,1,39,39,10.0,1,10.5,1687.0,0.0,0.0,10.5,1687.0,10.5,1687.0,1.0,1.0,768.739990234375,768.739990234375,0.024734290744654355,0.024734290744654355,24734.290744654354,24734.290744654354,1055
1008,2,39,41,30.0,3,583.75,1892.5,0.75,0.5,583.0,1892.0,584.5,1893.0,2.5,2.0,802.0888671875,785.4144287109375,0.037101578183925815,0.018550789091962908,37101.57818392581,18550.789091962906,1056
1002,1,39,39,10.0,1,540.0,1146.0,0.0,0.0,540.0,1146.0,540.0,1146.0,1.0,1.0,768.739990234375,768.739990234375,0.012367145372327177,0.012367145372327177,12367.145372327177,12367.145372327177,1050
1001,1,39,39,10.0,1,2029.0,899.0,0.0,0.0,2029.0,899.0,2029.0,899.0,1.0,1.0,802.0888671875,802.0888671875,0.012367145372327177,0.012367145372327177,12367.145372327177,12367.145372327177,1049
990,1,39,39,10.0,1,1767.0,225.0,0.0,0.0,1767.0,225.0,1767.0,225.0,1.0,1.0,768.739990234375,768.739990234375,0.012367145372327177,0.012367145372327177,12367.145372327177,12367.145372327177,1038
989,1,39,39,10.0,1,870.0,214.0,0.0,0.0,870.0,214.0,870.0,214.0,1.0,1.0,768.739990234375,768.739990234375,0.012367145372327177,0.012367145372327177,12367.145372327177,12367.145372327177,1037
988,7,39,42,40.0,4,402.25,191.53571428571428,5.218442570072306,5.362616251534738,393.0,183.0,409.0,200.0,17.0,18.0,836.318115234375,783.1473214285714,0.14840716567626608,0.02120102366803801,148407.16567626607,21201.02366803801,1036
987,2,39,41,30.0,3,527.0,144.5,1.0,0.5,526.0,144.0,528.0,145.0,3.0,2.0,768.739990234375,768.739990234375,0.024734432811598643,0.012367216405799322,24734.432811598643,12367.216405799321,1035
983,2,39,41,30.0,3,1997.75,11.0,0.75,0.0,1997.0,11.0,1998.5,11.0,2.5,1.0,802.0888671875,785.4144287109375,0.03710172025087011,0.018550860125435054,37101.72025087011,18550.860125435054,1031
984,1,39,39,10.0,1,467.0,48.333333333333336,0.0,0.0,467.0,48.333333333333336,467.0,48.333333333333336,1.0,1.0,836.318115234375,836.318115234375,0.03710143611698153,0.03710143611698153,37101.43611698153,37101.43611698153,1032
1032,2,40,41,20.0,2,109.08333333333333,1533.0833333333333,0.9166666666666714,0.9166666666667425,108.16666666666666,1532.1666666666665,110.0,1534.0,2.833333333333343,2.833333333333485,802.0908203125,785.4154052734375,0.06183615412859387,0.030918077064296935,61836.154128593866,30918.077064296933,1080
1031,1,40,40,10.0,1,994.0,1512.5,0.0,0.0,994.0,1512.5,994.0,1512.5,1.0,1.0,802.0908203125,802.0908203125,0.024734433344661202,0.024734433344661202,24734.433344661204,24734.433344661204,1079
1030,3,40,43,40.0,4,698.3333333333334,1444.0,1.247219128924647,1.4142135623730951,697.0,1442.0,700.0,1445.0,4.0,4.0,768.739990234375,768.7035319010416,0.037101933624188045,0.012367311208062682,37101.933624188045,12367.311208062682,1078
1029,1,40,40,10.0,1,1961.0,1292.0,0.0,0.0,1961.0,1292.0,1961.0,1292.0,1.0,1.0,768.68310546875,768.68310546875,0.012367216672330601,0.012367216672330601,12367.216672330602,12367.216672330602,1077
1028,2,40,42,30.0,3,1814.5,1139.5,1.5,0.5,1813.0,1139.0,1816.0,1140.0,4.0,2.0,768.72119140625,768.7021484375,0.024734575147991475,0.012367287573995737,24734.575147991476,12367.287573995738,1076
1027,3,40,43,40.0,4,2008.8333333333333,1096.3333333333333,1.4337208778404378,1.247219128924647,2007.0,1095.0,2010.5,1098.0,4.5,4.0,768.72119140625,768.697265625,0.04946936313623832,0.01648978771207944,49469.363136238324,16489.78771207944,1075
1026,2,40,41,20.0,2,463.75,1004.25,0.25,0.75,463.5,1003.5,464.0,1005.0,1.5,2.5,836.255126953125,819.1719970703125,0.061836295662475595,0.030918147831237797,61836.2956624756,30918.1478312378,1074
1025,1,40,40,10.0,1,586.0,998.0,0.0,0.0,586.0,998.0,586.0,998.0,1.0,1.0,768.68310546875,768.68310546875,0.012367216672330601,0.012367216672330601,12367.216672330602,12367.216672330602,1073
1024,2,40,43,40.0,4,236.5,797.75,0.5,1.75,236.0,796.0,237.0,799.5,2.0,4.5,768.6875,768.685302734375,0.037102075697502554,0.018551037848751277,37102.07569750255,18551.037848751275,1072
1023,2,40,42,30.0,3,269.0,770.5,1.0,1.5,268.0,769.0,270.0,772.0,3.0,4.0,768.72119140625,768.7021484375,0.024734575147991475,0.012367287573995737,24734.575147991476,12367.287573995738,1071
1022,9,40,47,80.0,8,1310.0430327952079,760.0910772667277,5.7307679447467095,3.220645226579958,1301.48,756.0,1317.5142857142857,765.1020408163265,17.034285714285716,10.102040816326507,1817.603515625,1257.1473931206597,3.141353954131344,0.34903932823681605,3141353.9541313443,349039.32823681604,1070
1021,7,40,48,90.0,9,478.13571428571424,699.2928571428572,2.0898930741127626,2.3161588539508093,474.75,696.75,481.0,704.0,7.25,8.25,802.1572265625,787.8025948660714,0.23498265376095706,0.03356895053727958,234982.65376095707,33568.95053727958,1069
1020,1,40,40,10.0,1,1572.0,444.5,0.0,0.0,1572.0,444.5,1572.0,444.5,1.0,1.0,871.049560546875,871.049560546875,0.024734433344661202,0.024734433344661202,24734.433344661204,24734.433344661204,1068
1019,1,40,40,10.0,1,323.0,322.0,0.0,0.0,323.0,322.0,323.0,322.0,1.0,1.0,768.68310546875,768.68310546875,0.012367216672330601,0.012367216672330601,12367.216672330602,12367.216672330602,1067
1018,2,40,42,30.0,3,848.5,289.0,0.5,3.0,848.0,286.0,849.0,292.0,2.0,7.0,768.72119140625,768.7021484375,0.024734575147991475,0.012367287573995737,24734.575147991476,12367.287573995738,1066
1017,1,40,40,10.0,1,375.0,275.0,0.0,0.0,375.0,275.0,375.0,275.0,1.0,1.0,768.68310546875,768.68310546875,0.012367216672330601,0.012367216672330601,12367.216672330602,12367.216672330602,1065
1036,1,40,40,10.0,1,570.0,1893.0,0.0,0.0,570.0,1893.0,570.0,1893.0,1.0,1.0,768.68310546875,768.68310546875,0.012367216672330601,0.012367216672330601,12367.216672330602,12367.216672330602,1084
1033,1,40,40,10.0,1,1239.0,1730.0,0.0,0.0,1239.0,1730.0,1239.0,1730.0,1.0,1.0,768.68310546875,768.68310546875,0.012367216672330601,0.012367216672330601,12367.216672330602,12367.216672330602,1081
1035,3,40,45,60.0,6,972.8333333333334,1886.472222222222,1.9293061504650377,1.2253747222284899,971.0,1885.0,975.5,1888.0,5.5,4.0,768.72119140625,768.7007649739584,0.11130629759075933,0.03710209919691978,111306.29759075934,37102.09919691978,1083
1034,2,40,42,30.0,3,1322.375,1839.625,0.625,0.625,1321.75,1839.0,1323.0,1840.25,2.25,2.25,768.72119140625,768.7021484375,0.049469292099313215,0.024734646049656608,49469.292099313214,24734.646049656607,1082
1038,1,40,40,10.0,1,144.0,1914.0,0.0,0.0,144.0,1914.0,144.0,1914.0,1.0,1.0,768.68310546875,768.68310546875,0.012367216672330601,0.012367216672330601,12367.216672330602,12367.216672330602,1086
1037,1,40,40,10.0,1,100.0,1901.0,0.0,0.0,100.0,1901.0,100.0,1901.0,1.0,1.0,768.68310546875,768.68310546875,0.012367216672330601,0.012367216672330601,12367.216672330602,12367.216672330602,1085
1039,1,40,40,10.0,1,154.0,2024.0,0.0,0.0,154.0,2024.0,154.0,2024.0,1.0,1.0,768.68310546875,768.68310546875,0.012367216672330601,0.012367216672330601,12367.216672330602,12367.216672330602,1087
1013,1,40,40,10.0,1,407.0,137.0,0.0,0.0,407.0,137.0,407.0,137.0,1.0,1.0,768.68310546875,768.68310546875,0.012367216672330601,0.012367216672330601,12367.216672330602,12367.216672330602,1061
1015,5,40,46,70.0,7,159.95,218.0,1.452583904633395,2.8106938645110393,158.0,213.0,162.0,221.5,5.0,9.5,802.156982421875,775.3779296875,0.11130729240295556,0.022261458480591113,111307.29240295556,22261.458480591114,1063
1016,2,40,41,20.0,2,881.6666666666667,262.66666666666663,1.3333333333333144,3.333333333333343,880.3333333333334,259.3333333333333,883.0,266.0,3.6666666666666288,7.666666666666686,871.09765625,819.890380859375,0.04946907899014499,0.024734539495072497,49469.07899014499,24734.539495072495,1064
1012,1,40,40,10.0,1,691.0,62.0,0.0,0.0,691.0,62.0,691.0,62.0,1.0,1.0,768.68310546875,768.68310546875,0.012367216672330601,0.012367216672330601,12367.216672330602,12367.216672330602,1060
1011,2,40,43,40.0,4,374.5,11.5,0.5,1.5,374.0,10.0,375.0,13.0,2.0,4.0,802.1572265625,785.420166015625,0.02473464618491658,0.01236732309245829,24734.646184916583,12367.323092458291,1059
1014,1,40,40,10.0,1,1720.5,163.0,0.0,0.0,1720.5,163.0,1720.5,163.0,1.0,1.0,906.7265625,906.7265625,0.024734433344661202,0.024734433344661202,24734.433344661204,24734.433344661204,1062
1042,5,41,44,40.0,4,676.9,49.45,3.5552777669262356,1.004987562112089,670.0,48.0,680.0,51.0,11.0,4.0,802.1572265625,782.0921875,0.1607762284826651,0.03215524569653302,160776.2284826651,32155.245696533017,1090
1041,1,41,41,10.0,1,477.0,32.0,0.0,0.0,477.0,32.0,477.0,32.0,1.0,1.0,768.739990234375,768.739990234375,0.012367287439271464,0.012367287439271464,12367.287439271464,12367.287439271464,1089
1048,3,41,43,30.0,3,867.8333333333334,344.0,0.4714045207910317,0.0,867.5,344.0,868.5,344.0,2.0,1.0,768.739990234375,768.7162272135416,0.07420415085503664,0.02473471695167888,74204.15085503664,24734.716951678878,1096
1040,1,41,41,10.0,1,497.0,27.0,0.0,0.0,497.0,27.0,497.0,27.0,1.0,1.0,2538.646240234375,2538.646240234375,0.03710186231781439,0.03710186231781439,37101.86231781439,37101.86231781439,1088
1047,2,41,42,20.0,2,353.5,338.0,3.5,1.0,350.0,337.0,357.0,339.0,8.0,3.0,768.739990234375,768.7305908203125,0.024734645914932338,0.012367322957466169,24734.64591493234,12367.32295746617,1095
1046,2,41,42,20.0,2,858.5,237.5,1.5,2.5,857.0,235.0,860.0,240.0,4.0,6.0,768.739990234375,768.7305908203125,0.024734645914932338,0.012367322957466169,24734.64591493234,12367.32295746617,1094
1045,8,41,45,50.0,5,559.7458333333334,139.37083333333334,4.415658296839153,1.3949748603867773,554.5,136.5,567.0,141.0,13.5,5.5,906.6805419921875,833.2418518066406,0.27208366241466087,0.03401045780183261,272083.66241466085,34010.45780183261,1093
1044,1,41,41,10.0,1,161.0,117.0,0.0,0.0,161.0,117.0,161.0,117.0,1.0,1.0,768.739990234375,768.739990234375,0.012367287439271464,0.012367287439271464,12367.287439271464,12367.287439271464,1092
1043,4,41,47,70.0,7,840.25,119.5,1.6393596310755,2.29128784747792,839.0,116.0,843.0,122.0,5.0,7.0,768.739990234375,768.7169189453125,0.04946993118401247,0.012367482796003117,49469.931184012465,12367.482796003116,1091
1055,1,41,41,10.0,1,1943.0,1245.0,0.0,0.0,1943.0,1245.0,1943.0,1245.0,1.0,1.0,802.0888671875,802.0888671875,0.012367287439271464,0.012367287439271464,12367.287439271464,12367.287439271464,1103
1052,1,41,41,10.0,1,351.0,811.0,0.0,0.0,351.0,811.0,351.0,811.0,1.0,1.0,1134.916015625,1134.916015625,0.012367287439271464,0.012367287439271464,12367.287439271464,12367.287439271464,1100
1056,2,41,43,30.0,3,1951.5,1260.5,1.5,2.5,1950.0,1258.0,1953.0,1263.0,4.0,6.0,768.739990234375,768.7137451171875,0.024734716951857444,0.012367358475928722,24734.716951857445,12367.358475928722,1104
1057,3,41,42,20.0,2,1753.6666666666667,1305.6666666666667,3.2998316455372216,1.699673171197595,1750.0,1304.0,1758.0,1308.0,9.0,5.0,768.739990234375,768.7337239583334,0.0371019333542038,0.012367311118067935,37101.9333542038,12367.311118067935,1105
1059,1,41,41,10.0,1,674.0,1411.0,0.0,0.0,674.0,1411.0,674.0,1411.0,1.0,1.0,768.739990234375,768.739990234375,0.012367287439271464,0.012367287439271464,12367.287439271464,12367.287439271464,1107
1058,1,41,41,10.0,1,1917.0,1373.0,0.0,0.0,1917.0,1373.0,1917.0,1373.0,1.0,1.0,802.0888671875,802.0888671875,0.012367287439271464,0.012367287439271464,12367.287439271464,12367.287439271464,1106
1060,3,41,42,20.0,2,1206.6666666666667,1757.6666666666667,1.247219128924647,2.6246692913372702,1205.0,1754.0,1208.0,1760.0,4.0,7.0,802.115966796875,779.8590494791666,0.03710200439059321,0.012367334796864403,37102.00439059321,12367.334796864403,1108
1061,1,41,41,10.0,1,68.0,1905.0,0.0,0.0,68.0,1905.0,68.0,1905.0,1.0,1.0,768.739990234375,768.739990234375,0.012367287439271464,0.012367287439271464,12367.287439271464,12367.287439271464,1109
1062,1,41,41,10.0,1,610.0,1915.0,0.0,0.0,610.0,1915.0,610.0,1915.0,1.0,1.0,802.0888671875,802.0888671875,0.012367287439271464,0.012367287439271464,12367.287439271464,12367.287439271464,1110
1063,1,41,41,10.0,1,1462.0,1930.0,0.0,0.0,1462.0,1930.0,1462.0,1930.0,1.0,1.0,768.739990234375,768.739990234375,0.012367287439271464,0.012367287439271464,12367.287439271464,12367.287439271464,1111
1053,4,41,45,50.0,5,641.0,1004.875,0.7071067811865476,0.8926785535678563,640.0,1004.0,642.0,1006.0,3.0,3.0,802.156982421875,793.7715454101562,0.061837289645185894,0.015459322411296474,61837.2896451859,15459.322411296474,1101
1049,1,41,41,10.0,1,852.0,522.0,0.0,0.0,852.0,522.0,852.0,522.0,1.0,1.0,768.739990234375,768.739990234375,0.012367287439271464,0.012367287439271464,12367.287439271464,12367.287439271464,1097
1051,1,41,41,10.0,1,513.0,619.0,0.0,0.0,513.0,619.0,513.0,619.0,1.0,1.0,768.739990234375,768.739990234375,0.012367287439271464,0.012367287439271464,12367.287439271464,12367.287439271464,1099
1050,1,41,41,10.0,1,834.0,529.0,0.0,0.0,834.0,529.0,834.0,529.0,1.0,1.0,768.739990234375,768.739990234375,0.012367287439271464,0.012367287439271464,12367.287439271464,12367.287439271464,1098
1054,2,41,44,40.0,4,1797.0,1141.0,0.0,1.0,1797.0,1140.0,1797.0,1142.0,1.0,3.0,768.739990234375,768.712646484375,0.024734787991919756,0.012367393995959878,24734.787991919755,12367.393995959877,1102
1064,1,42,42,10.0,1,913.0,74.0,0.0,0.0,913.0,74.0,913.0,74.0,1.0,1.0,768.72119140625,768.72119140625,0.012367358475660872,0.012367358475660872,12367.358475660873,12367.358475660873,1112
1071,1,42,42,10.0,1,252.0,812.0,0.0,0.0,252.0,812.0,252.0,812.0,1.0,1.0,768.72119140625,768.72119140625,0.012367358475660872,0.012367358475660872,12367.358475660873,12367.358475660873,1119
1072,1,42,42,10.0,1,348.0,844.0,0.0,0.0,348.0,844.0,348.0,844.0,1.0,1.0,768.72119140625,768.72119140625,0.012367358475660872,0.012367358475660872,12367.358475660873,12367.358475660873,1120
1073,1,42,42,10.0,1,609.0,1043.0,0.0,0.0,609.0,1043.0,609.0,1043.0,1.0,1.0,768.72119140625,768.72119140625,0.012367358475660872,0.012367358475660872,12367.358475660873,12367.358475660873,1121
1074,1,42,42,10.0,1,1943.0,1163.0,0.0,0.0,1943.0,1163.0,1943.0,1163.0,1.0,1.0,768.72119140625,768.72119140625,0.012367358475660872,0.012367358475660872,12367.358475660873,12367.358475660873,1122
1075,1,42,42,10.0,1,729.0,1284.0,0.0,0.0,729.0,1284.0,729.0,1284.0,1.0,1.0,768.72119140625,768.72119140625,0.012367358475660872,0.012367358475660872,12367.358475660873,12367.358475660873,1123
1076,2,42,43,20.0,2,953.0,1478.75,0.0,0.75,953.0,1478.0,953.0,1479.5,1.0,2.5,768.72119140625,768.704345703125,0.061836934452154574,0.030918467226077287,61836.93445215457,30918.467226077286,1124
1077,6,42,49,80.0,8,1886.5,1635.875,1.632993161855452,1.5394127668259305,1885.0,1633.75,1889.0,1638.0,5.0,5.25,802.141357421875,774.2748209635416,0.13604364276810485,0.02267394046135081,136043.64276810485,22673.94046135081,1125
1078,2,42,44,30.0,3,53.0,1677.25,1.0,1.25,52.0,1676.0,54.0,1678.5,3.0,3.5,802.115966796875,785.400634765625,0.03710235958095746,0.01855117979047873,37102.359580957454,18551.179790478727,1126
1079,1,42,42,10.0,1,16.0,1686.0,0.0,0.0,16.0,1686.0,16.0,1686.0,1.0,1.0,768.72119140625,768.72119140625,0.012367358475660872,0.012367358475660872,12367.358475660873,12367.358475660873,1127
1080,1,42,42,10.0,1,109.0,1899.0,0.0,0.0,109.0,1899.0,109.0,1899.0,1.0,1.0,768.72119140625,768.72119140625,0.012367358475660872,0.012367358475660872,12367.358475660873,12367.358475660873,1128
1065,2,42,45,40.0,4,268.0,77.0,2.0,0.0,266.0,77.0,270.0,77.0,5.0,1.0,768.72119140625,768.7095947265625,0.024734930064463506,0.012367465032231753,24734.930064463508,12367.465032231754,1113
1066,13,42,50,90.0,9,391.6174627803849,105.09572148773287,3.433416666211084,1.6492947704544707,386.0,103.5925925925926,395.4,110.0,10.399999999999977,7.407407407407405,1017.615234375,906.3337965745193,2.9434929807726786,0.22642253698251374,2943492.9807726787,226422.53698251373,1114
1067,1,42,42,10.0,1,373.0,108.0,0.0,0.0,373.0,108.0,373.0,108.0,1.0,1.0,768.72119140625,768.72119140625,0.012367358475660872,0.012367358475660872,12367.358475660873,12367.358475660873,1115
1068,1,42,42,10.0,1,949.0,113.0,0.0,0.0,949.0,113.0,949.0,113.0,1.0,1.0,768.72119140625,768.72119140625,0.012367358475660872,0.012367358475660872,12367.358475660873,12367.358475660873,1116
1069,9,42,49,80.0,8,725.5879629629629,147.72222222222223,1.0054719970739423,4.732342097565968,724.0,138.0,727.125,154.0,4.125,17.0,906.63916015625,802.9112141927084,0.2968218603268566,0.032980206702984065,296821.8603268566,32980.20670298406,1117
1070,10,42,52,110.0,11,1926.15,728.15,3.478864757359791,5.753477209479499,1921.0,720.0,1932.0,738.0,12.0,19.0,768.7490234375,768.7060791015625,0.14841256424256985,0.014841256424256984,148412.56424256985,14841.256424256984,1118
1082,1,42,42,10.0,1,224.0,1947.0,0.0,0.0,224.0,1947.0,224.0,1947.0,1.0,1.0,768.72119140625,768.72119140625,0.012367358475660872,0.012367358475660872,12367.358475660873,12367.358475660873,1130
1084,2,42,43,20.0,2,588.75,1967.5,0.75,0.5,588.0,1967.0,589.5,1968.0,2.5,2.0,768.72119140625,768.704345703125,0.03710214646390772,0.01855107323195386,37102.14646390772,18551.07323195386,1132
1085,1,42,42,10.0,1,1299.0,2012.0,0.0,0.0,1299.0,2012.0,1299.0,2012.0,1.0,1.0,768.72119140625,768.72119140625,0.012367358475660872,0.012367358475660872,12367.358475660873,12367.358475660873,1133
1081,1,42,42,10.0,1,613.0,1935.0,0.0,0.0,613.0,1935.0,613.0,1935.0,1.0,1.0,802.115966796875,802.115966796875,0.012367358475660872,0.012367358475660872,12367.358475660873,12367.358475660873,1129
1083,5,42,50,90.0,9,654.1,1960.7,2.5768197453450252,2.9257477676655586,652.0,1958.0,659.0,1966.0,8.0,9.0,802.144775390625,775.404296875,0.08657364059511943,0.017314728119023886,86573.64059511943,17314.728119023886,1131
1102,1,43,43,10.0,1,1017.5,1481.0,0.0,0.0,1017.5,1481.0,1017.5,1481.0,1.0,1.0,768.6875,768.6875,0.024734859025171956,0.024734859025171956,24734.859025171958,24734.859025171958,1150
1108,1,43,43,10.0,1,159.0,2031.0,0.0,0.0,159.0,2031.0,159.0,2031.0,1.0,1.0,768.6875,768.6875,0.012367429512585978,0.012367429512585978,12367.429512585979,12367.429512585979,1156
1107,4,43,47,50.0,5,162.875,1946.0,1.1388041973930374,4.242640687119285,161.5,1942.0,164.0,1952.0,3.5,11.0,768.70849609375,768.697998046875,0.061837857959271374,0.015459464489817843,61837.85795927137,15459.464489817843,1155
1106,1,43,43,10.0,1,94.0,1897.0,0.0,0.0,94.0,1897.0,94.0,1897.0,1.0,1.0,768.6875,768.6875,0.012367429512585978,0.012367429512585978,12367.429512585979,12367.429512585979,1154
1105,2,43,44,20.0,2,1239.5,1884.5,0.5,0.5,1239.0,1884.0,1240.0,1885.0,2.0,2.0,768.6875,768.6864013671875,0.02473493006523427,0.012367465032617136,24734.93006523427,12367.465032617136,1153
1087,5,43,46,40.0,4,328.0238095238095,96.4,5.497391671760685,1.7720045146669348,320.0,94.5,333.5,99.5,14.5,6.0,979.931884765625,824.4586181640625,0.35866028669583994,0.07173205733916799,358660.28669583995,71732.057339168,1135
1088,1,43,43,10.0,1,632.0,107.0,0.0,0.0,632.0,107.0,632.0,107.0,1.0,1.0,802.1572265625,802.1572265625,0.012367429512585978,0.012367429512585978,12367.429512585979,12367.429512585979,1136
1086,1,43,43,10.0,1,467.5,30.0,0.0,0.0,467.5,30.0,467.5,30.0,1.0,1.0,768.6875,768.6875,0.024734859025171956,0.024734859025171956,24734.859025171958,24734.859025171958,1134
1097,1,43,43,10.0,1,618.0,1020.0,0.0,0.0,618.0,1020.0,618.0,1020.0,1.0,1.0,768.6875,768.6875,0.012367429512585978,0.012367429512585978,12367.429512585979,12367.429512585979,1145
1101,11,43,52,100.0,10,1925.4772727272727,1373.8863636363637,3.371765361482403,1.963773143384359,1919.0,1371.0,1929.5,1378.5,11.5,8.5,802.144775390625,777.8194025213069,0.3091966786156867,0.02810878896506243,309196.6786156867,28108.788965062427,1149
1098,8,43,50,80.0,8,919.9739583333334,1117.1125000000002,0.6538273735283702,0.7207610753764188,919.25,1116.0,921.3333333333334,1118.3333333333333,3.0833333333333712,3.3333333333332575,1817.6259765625,1303.6494140625,0.3586625601388226,0.04483282001735282,358662.5601388226,44832.820017352824,1146
1099,1,43,43,10.0,1,511.0,1340.0,0.0,0.0,511.0,1340.0,511.0,1340.0,1.0,1.0,802.1572265625,802.1572265625,0.012367429512585978,0.012367429512585978,12367.429512585979,12367.429512585979,1147
1100,1,43,43,10.0,1,1875.5,1349.0,0.0,0.0,1875.5,1349.0,1875.5,1349.0,1.0,1.0,768.6875,768.6875,0.024734859025171956,0.024734859025171956,24734.859025171958,24734.859025171958,1148
1104,6,43,51,90.0,9,375.4722222222222,1815.6805555555557,1.0689934113829955,1.0457328046711625,374.3333333333333,1814.0,377.0,1816.75,3.6666666666666856,3.75,979.931640625,843.9774576822916,0.14841362990143106,0.024735604983571843,148413.62990143106,24735.604983571844,1152
1103,1,43,43,10.0,1,1546.0,1714.0,0.0,0.0,1546.0,1714.0,1546.0,1714.0,1.0,1.0,768.6875,768.6875,0.012367429512585978,0.012367429512585978,12367.429512585979,12367.429512585979,1151
1091,1,43,43,10.0,1,526.0,285.0,0.0,0.0,526.0,285.0,526.0,285.0,1.0,1.0,768.6875,768.6875,0.012367429512585978,0.012367429512585978,12367.429512585979,12367.429512585979,1139
1090,1,43,43,10.0,1,162.0,166.0,0.0,0.0,162.0,166.0,162.0,166.0,1.0,1.0,768.6875,768.6875,0.012367429512585978,0.012367429512585978,12367.429512585979,12367.429512585979,1138
1089,1,43,43,10.0,1,644.5,113.0,0.0,0.0,644.5,113.0,644.5,113.0,1.0,1.0,802.1572265625,802.1572265625,0.024734859025171956,0.024734859025171956,24734.859025171958,24734.859025171958,1137
1096,1,43,43,10.0,1,1792.0,852.0,0.0,0.0,1792.0,852.0,1792.0,852.0,1.0,1.0,1216.6942138671875,1216.6942138671875,0.012367429512585978,0.012367429512585978,12367.429512585979,12367.429512585979,1144
1094,1,43,43,10.0,1,427.0,757.5,0.0,0.0,427.0,757.5,427.0,757.5,1.0,1.0,3108.294189453125,3108.294189453125,0.024734859025171956,0.024734859025171956,24734.859025171958,24734.859025171958,1142
1095,16,43,58,160.0,16,246.00268759018758,776.6363906926407,2.2391921429783226,3.925423740088497,241.5,770.0,250.0,785.0,9.5,16.0,906.6805419921875,798.4792251586914,0.8533759394357814,0.053335996214736336,853375.9394357813,53335.99621473633,1143
1109,2,43,46,40.0,4,172.0,2039.5,2.0,1.5,170.0,2038.0,174.0,2041.0,5.0,4.0,768.6875,768.68212890625,0.02473507215043553,0.012367536075217764,24735.072150435528,12367.536075217764,1157
1092,3,43,45,30.0,3,984.1666666666666,553.3333333333334,4.006938426723769,0.9428090415820634,978.5,552.0,987.0,554.0,9.5,3.0,1055.9696044921875,946.0222574869791,0.12367528965937637,0.04122509655312546,123675.28965937637,41225.096553125455,1140
1093,3,43,47,50.0,5,1962.3333333333333,618.0,0.4714045207910317,2.943920288775949,1962.0,615.0,1963.0,622.0,2.0,8.0,768.70849609375,768.69091796875,0.037102785830713025,0.012367595276904342,37102.78583071302,12367.595276904342,1141
1122,1,44,44,10.0,1,996.0,1635.0,0.0,0.0,996.0,1635.0,996.0,1635.0,1.0,1.0,768.685302734375,768.685302734375,0.012367500552648292,0.012367500552648292,12367.500552648291,12367.500552648291,1170
1117,1,44,44,10.0,1,1959.0,632.0,0.0,0.0,1959.0,632.0,1959.0,632.0,1.0,1.0,768.685302734375,768.685302734375,0.024735001105296583,0.024735001105296583,24735.001105296582,24735.001105296582,1165
1116,1,44,44,10.0,1,516.0,288.0,0.0,0.0,516.0,288.0,516.0,288.0,1.0,1.0,768.685302734375,768.685302734375,0.012367500552648292,0.012367500552648292,12367.500552648291,12367.500552648291,1164
1121,1,44,44,10.0,1,748.0,1312.0,0.0,0.0,748.0,1312.0,748.0,1312.0,1.0,1.0,768.685302734375,768.685302734375,0.012367500552648292,0.012367500552648292,12367.500552648291,12367.500552648291,1169
1118,5,44,50,70.0,7,513.0363636363636,672.4863636363636,1.9072526021797658,1.3578192422344963,510.6666666666667,670.0833333333333,515.3333333333333,674.0,5.666666666666572,4.9166666666667425,871.1268310546875,829.8617431640625,0.2720911219238192,0.05441822438476383,272091.1219238192,54418.22438476383,1166
1119,7,44,49,60.0,6,462.112925170068,998.3744897959184,0.6769898708974907,4.496554977300956,461.0,991.0,463.0,1003.5,3.0,13.5,836.279541015625,797.4526018415179,0.4452364137155218,0.06360520195936026,445236.4137155218,63605.20195936026,1167
1114,3,44,46,30.0,3,894.0238095238095,110.94047619047619,0.6908865775498563,0.9549073633407372,893.5,110.0,895.0,112.25,2.5,3.25,871.066162109375,825.3479410807291,0.13604314541741286,0.04534771513913762,136043.14541741286,45347.715139137625,1162
1115,1,44,44,10.0,1,892.0,260.0,0.0,0.0,892.0,260.0,892.0,260.0,1.0,1.0,768.685302734375,768.685302734375,0.012367500552648292,0.012367500552648292,12367.500552648291,12367.500552648291,1163
1112,3,44,46,30.0,3,343.3333333333333,91.33333333333333,1.247219128924647,0.4714045207910317,342.0,91.0,345.0,92.0,4.0,2.0,802.156982421875,779.8396809895834,0.07420535850955404,0.024735119503184678,74205.35850955403,24735.119503184676,1160
1110,2,44,46,30.0,3,300.0,52.75,1.0,1.75,299.0,51.0,301.0,54.5,3.0,4.5,768.685302734375,768.6810302734375,0.03710278582834739,0.018551392914173695,37102.78582834739,18551.392914173695,1158
1111,31,44,62,190.0,19,460.67408183214644,57.84527998882838,3.5887748380666245,4.867588925629862,454.0,44.0,470.0,65.7,17.0,22.700000000000003,1017.66455078125,812.0821730090726,2.090232287270703,0.06742684797647429,2090232.2872707031,67426.8479764743,1159
1120,1,44,44,10.0,1,1957.0,1291.0,0.0,0.0,1957.0,1291.0,1957.0,1291.0,1.0,1.0,768.685302734375,768.685302734375,0.012367500552648292,0.012367500552648292,12367.500552648291,12367.500552648291,1168
1123,4,44,47,40.0,4,1264.4583333333333,1853.625,1.4012643100667017,0.81967981553775,1263.0,1853.0,1266.5,1855.0,4.5,3.0,802.156982421875,785.4151000976562,0.09894078586383542,0.024735196465958856,98940.78586383542,24735.196465958856,1171
1113,2,44,45,20.0,2,884.0,105.0,0.0,1.0,884.0,104.0,884.0,106.0,1.0,3.0,768.697998046875,768.691650390625,0.024735072141450924,0.012367536070725462,24735.072141450924,12367.536070725462,1161
1131,2,45,48,40.0,4,521.5,217.0,1.5,2.0,520.0,215.0,523.0,219.0,4.0,5.0,768.697998046875,768.691650390625,0.0247353563157294,0.0123676781578647,24735.3563157294,12367.6781578647,1180
1132,2,45,48,40.0,4,890.25,299.25,0.75,0.75,889.5,298.5,891.0,300.0,2.5,2.5,836.279541015625,819.1993408203125,0.0494707126314588,0.0247353563157294,49470.7126314588,24735.3563157294,1181
1134,4,45,48,40.0,4,1534.3333333333333,483.3333333333333,0.912870929175256,0.408248290463863,1533.0,483.0,1535.3333333333333,484.0,3.3333333333332575,2.0,1017.647705078125,856.528076171875,0.09894114108716082,0.024735285271790204,98941.14108716081,24735.285271790202,1183
1133,2,45,46,20.0,2,1521.125,462.5,0.125,0.5,1521.0,462.0,1521.25,463.0,1.25,2.0,802.156982421875,785.4168701171875,0.04947035740425745,0.024735178702128727,49470.357404257455,24735.178702128727,1182
1129,19,45,68,240.0,24,1507.1850877192983,148.9233918128655,2.5492797672061367,2.4796216744298003,1502.75,145.16666666666666,1513.0,153.0,11.25,8.833333333333343,871.0865478515625,797.208785207648,1.0142139871979265,0.053379683536732975,1014213.9871979265,53379.68353673298,1178
1130,2,45,45,10.0,1,1693.0,155.0,2.0,4.0,1691.0,151.0,1695.0,159.0,5.0,9.0,871.066162109375,819.882080078125,0.02473514317760527,0.012367571588802634,24735.143177605267,12367.571588802633,1179
1148,1,45,45,10.0,1,1212.0,1676.0,0.0,0.0,1212.0,1676.0,1212.0,1676.0,1.0,1.0,802.156982421875,802.156982421875,0.012367571588802634,0.012367571588802634,12367.571588802633,12367.571588802633,1197
1147,1,45,45,10.0,1,995.0,1523.0,0.0,0.0,995.0,1523.0,995.0,1523.0,1.0,1.0,768.697998046875,768.697998046875,0.012367571588802634,0.012367571588802634,12367.571588802633,12367.571588802633,1196
1149,1,45,45,10.0,1,16.0,1677.0,0.0,0.0,16.0,1677.0,16.0,1677.0,1.0,1.0,768.697998046875,768.697998046875,0.012367571588802634,0.012367571588802634,12367.571588802633,12367.571588802633,1198
1145,1,45,45,10.0,1,1583.0,1212.0,0.0,0.0,1583.0,1212.0,1583.0,1212.0,1.0,1.0,1920.770751953125,1920.770751953125,0.012367571588802634,0.012367571588802634,12367.571588802633,12367.571588802633,1194
1146,1,45,45,10.0,1,1823.0,1440.0,0.0,0.0,1823.0,1440.0,1823.0,1440.0,1.0,1.0,768.697998046875,768.697998046875,0.012367571588802634,0.012367571588802634,12367.571588802633,12367.571588802633,1195
1128,1,45,45,10.0,1,680.0,135.0,0.0,0.0,680.0,135.0,680.0,135.0,1.0,1.0,768.697998046875,768.697998046875,0.012367571588802634,0.012367571588802634,12367.571588802633,12367.571588802633,1177
1124,3,45,46,20.0,2,698.0,47.666666666666664,2.160246899469287,2.357022603955158,696.0,46.0,701.0,51.0,6.0,6.0,768.697998046875,768.69091796875,0.037102785815454814,0.012367595271818271,37102.785815454816,12367.59527181827,1173
1125,1,45,45,10.0,1,281.0,54.0,0.0,0.0,281.0,54.0,281.0,54.0,1.0,1.0,768.697998046875,768.697998046875,0.012367571588802634,0.012367571588802634,12367.571588802633,12367.571588802633,1174
1127,3,45,46,20.0,2,728.6666666666666,125.66666666666667,1.247219128924647,3.2998316455372216,727.0,121.0,730.0,128.0,4.0,8.0,768.697998046875,768.683837890625,0.03710285686450173,0.01236761895483391,37102.85686450173,12367.61895483391,1176
1143,1,45,45,10.0,1,548.5555555555555,1092.7777777777778,0.0,0.0,548.5555555555555,1092.7777777777778,548.5555555555555,1092.7777777777778,1.0,1.0,871.066162109375,871.066162109375,0.11130814429922371,0.11130814429922371,111308.14429922371,111308.14429922371,1192
1136,1,45,45,10.0,1,1223.5,648.5,0.0,0.0,1223.5,648.5,1223.5,648.5,1.0,1.0,836.279541015625,836.279541015625,0.02473514317760527,0.02473514317760527,24735.143177605267,24735.143177605267,1185
1142,1,45,45,10.0,1,557.0,1045.0,0.0,0.0,557.0,1045.0,557.0,1045.0,1.0,1.0,768.697998046875,768.697998046875,0.012367571588802634,0.012367571588802634,12367.571588802633,12367.571588802633,1191
1140,1,45,45,10.0,1,597.0,973.0,0.0,0.0,597.0,973.0,597.0,973.0,1.0,1.0,768.697998046875,768.697998046875,0.012367571588802634,0.012367571588802634,12367.571588802633,12367.571588802633,1189
1141,4,45,49,50.0,5,239.575,985.425,0.6259992012774467,0.37666297933297727,238.5,985.0,240.0,986.0,2.5,2.0,1017.606689453125,864.8875122070312,0.11130956522593481,0.027827391306483703,111309.56522593481,27827.391306483703,1190
1138,1,45,45,10.0,1,1272.0,790.0,0.0,0.0,1272.0,790.0,1272.0,790.0,1.0,1.0,768.697998046875,768.697998046875,0.012367571588802634,0.012367571588802634,12367.571588802633,12367.571588802633,1187
1137,1,45,45,10.0,1,1933.0,665.0,0.0,0.0,1933.0,665.0,1933.0,665.0,1.0,1.0,768.697998046875,768.697998046875,0.012367571588802634,0.012367571588802634,12367.571588802633,12367.571588802633,1186
1144,3,45,47,30.0,3,572.0,1123.6666666666667,0.816496580927726,1.247219128924647,571.0,1122.0,573.0,1125.0,3.0,4.0,768.70849609375,768.6944173177084,0.061838213182628776,0.020612737727542924,61838.21318262877,20612.737727542924,1193
1139,1,45,45,10.0,1,2027.0,820.0,0.0,0.0,2027.0,820.0,2027.0,820.0,1.0,1.0,768.697998046875,768.697998046875,0.012367571588802634,0.012367571588802634,12367.571588802633,12367.571588802633,1188
1126,7,45,51,70.0,7,630.8809523809523,97.61904761904762,1.5084794344244847,6.221260453690478,629.0,90.0,633.0,106.0,5.0,17.0,802.119140625,773.4707728794643,0.17314855990969183,0.024735508558527405,173148.55990969183,24735.508558527406,1175
1135,2,45,47,30.0,3,797.0,507.0,3.0,2.0,794.0,505.0,800.0,509.0,7.0,5.0,1056.007080078125,912.3525390625,0.02473528526908013,0.012367642634540064,24735.28526908013,12367.642634540065,1184
1160,24,46,69,240.0,24,1696.4257800893636,1251.0484005506162,1.1745928792336062,1.0305615927907985,1693.923076923077,1249.0,1699.5,1254.0,6.576923076923094,6.0,2912.0478515625,1755.5530395507812,2.7581569011305094,0.11492320421377122,2758156.9011305096,114923.20421377123,1209
1156,1,46,46,10.0,1,147.0,731.0,0.0,0.0,147.0,731.0,147.0,731.0,1.0,1.0,768.6767578125,768.6767578125,0.012367642637849549,0.012367642637849549,12367.642637849549,12367.642637849549,1205
1158,1,46,46,10.0,1,255.0,809.5,0.0,0.0,255.0,809.5,255.0,809.5,1.0,1.0,768.6767578125,768.6767578125,0.024735285275699098,0.024735285275699098,24735.285275699098,24735.285275699098,1207
1157,2,46,47,20.0,2,1323.0,754.5,0.8333333333332575,0.33333333333337123,1322.1666666666667,754.1666666666666,1323.8333333333333,754.8333333333334,2.666666666666515,1.6666666666667425,906.63916015625,888.8628540039062,0.11130913895278569,0.05565456947639284,111309.13895278568,55654.56947639284,1206
1151,3,46,48,30.0,3,971.1666666666666,54.833333333333336,1.0274023338281628,1.0274023338281628,970.0,53.5,972.5,56.0,3.5,3.5,1017.615234375,922.067138671875,0.14841291940079765,0.049470973133599216,148412.91940079766,49470.97313359922,1200
1152,2,46,48,30.0,3,261.0,69.25,1.0,1.75,260.0,67.5,262.0,71.0,3.0,4.5,768.685302734375,768.6810302734375,0.037103212091703086,0.018551606045851543,37103.212091703084,18551.606045851542,1201
1162,1,46,46,10.0,1,921.0,1360.0,0.0,0.0,921.0,1360.0,921.0,1360.0,1.0,1.0,906.63916015625,906.63916015625,0.012367642637849549,0.012367642637849549,12367.642637849549,12367.642637849549,1211
1159,1,46,46,10.0,1,350.0,846.0,0.0,0.0,350.0,846.0,350.0,846.0,1.0,1.0,768.6767578125,768.6767578125,0.012367642637849549,0.012367642637849549,12367.642637849549,12367.642637849549,1208
1153,2,46,49,40.0,4,414.83333333333337,105.66666666666666,0.1666666666666572,1.3333333333333357,414.6666666666667,104.33333333333333,415.0,107.0,1.3333333333333144,3.6666666666666714,802.089599609375,785.402587890625,0.04947078368939481,0.024735391844697405,49470.78368939481,24735.391844697406,1202
1154,3,46,48,30.0,3,143.0,177.33333333333334,1.0801234497346435,0.8498365855987975,141.5,176.5,144.0,178.5,3.5,3.0,802.119140625,779.8347981770834,0.07420628209010763,0.02473542736336921,74206.28209010763,24735.42736336921,1203
1155,1,46,46,10.0,1,872.0,541.0,0.0,0.0,872.0,541.0,872.0,541.0,1.0,1.0,768.6767578125,768.6767578125,0.012367642637849549,0.012367642637849549,12367.642637849549,12367.642637849549,1204
1167,5,46,50,50.0,5,1199.05,1754.35,2.4413111231467406,1.3656500283747663,1196.0,1752.25,1203.0,1756.5,8.0,5.25,802.119140625,775.393798828125,0.16078148566029787,0.03215629713205957,160781.48566029788,32156.29713205957,1217
1169,1,46,46,10.0,1,1330.0,1837.0,0.0,0.0,1330.0,1837.0,1330.0,1837.0,1.0,1.0,768.6767578125,768.6767578125,0.012367642637849549,0.012367642637849549,12367.642637849549,12367.642637849549,1219
1168,4,46,47,20.0,2,1275.875,1793.875,2.6070817018267762,3.6464880364537056,1272.0,1790.0,1278.5,1798.0,7.5,9.0,1095.11865234375,884.7857666015625,0.2597210637342641,0.06493026593356603,259721.0637342641,64930.26593356603,1218
1170,2,46,47,20.0,2,616.5,1940.5,0.5,1.5,616.0,1939.0,617.0,1942.0,2.0,4.0,768.70849609375,768.692626953125,0.024735356318127046,0.012367678159063523,24735.356318127044,12367.678159063522,1220
1150,2,46,47,20.0,2,690.5,33.66666666666667,2.5,0.6666666666666679,688.0,33.0,693.0,34.333333333333336,6.0,2.3333333333333357,768.70849609375,768.692626953125,0.049470641593826144,0.024735320796913072,49470.64159382614,24735.32079691307,1199
1171,1,46,46,10.0,1,837.0,1959.0,0.0,0.0,837.0,1959.0,837.0,1959.0,1.0,1.0,768.6767578125,768.6767578125,0.012367642637849549,0.012367642637849549,12367.642637849549,12367.642637849549,1221
1161,1,46,46,10.0,1,1788.0,1348.0,0.0,0.0,1788.0,1348.0,1788.0,1348.0,1.0,1.0,768.6767578125,768.6767578125,0.012367642637849549,0.012367642637849549,12367.642637849549,12367.642637849549,1210
1165,1,46,46,10.0,1,723.0,1473.0,0.0,0.0,723.0,1473.0,723.0,1473.0,1.0,1.0,768.6767578125,768.6767578125,0.012367642637849549,0.012367642637849549,12367.642637849549,12367.642637849549,1214
1166,10,46,55,100.0,10,1990.8474999999999,1687.8825000000002,0.4080790024274915,1.1063356056017568,1990.0,1687.0,1991.5,1691.0,2.5,5.0,1619.9298095703125,1177.8278076171875,0.5689243499470704,0.056892434994707045,568924.3499470705,56892.434994707044,1216
1164,1,46,46,10.0,1,285.0,1436.0,0.0,0.0,285.0,1436.0,285.0,1436.0,1.0,1.0,768.6767578125,768.6767578125,0.012367642637849549,0.012367642637849549,12367.642637849549,12367.642637849549,1213
1163,1,46,46,10.0,1,915.0,1406.0,0.0,0.0,915.0,1406.0,915.0,1406.0,1.0,1.0,768.6767578125,768.6767578125,0.012367642637849549,0.012367642637849549,12367.642637849549,12367.642637849549,1212
1179,1,47,47,10.0,1,367.0,150.0,0.0,0.0,367.0,150.0,367.0,150.0,1.0,1.0,768.70849609375,768.70849609375,0.012367713680277496,0.012367713680277496,12367.713680277497,12367.713680277497,1229
1176,2,47,48,20.0,2,650.5,101.5,3.5,2.5,647.0,99.0,654.0,104.0,8.0,6.0,768.70849609375,768.6968994140625,0.024735498407204265,0.012367749203602132,24735.498407204264,12367.749203602132,1226
1173,1,47,47,10.0,1,1989.0,0.0,0.0,0.0,1989.0,0.0,1989.0,0.0,1.0,1.0,768.70849609375,768.70849609375,0.012367713680277496,0.012367713680277496,12367.713680277497,12367.713680277497,1223
1174,1,47,47,10.0,1,560.0,65.0,0.0,0.0,560.0,65.0,560.0,65.0,1.0,1.0,768.70849609375,768.70849609375,0.012367713680277496,0.012367713680277496,12367.713680277497,12367.713680277497,1224
1172,2,47,48,20.0,2,1975.25,0.25,0.25,0.25,1975.0,0.0,1975.5,0.5,1.5,1.5,768.70849609375,768.6968994140625,0.03710321208748176,0.01855160604374088,37103.21208748176,18551.60604374088,1222
1175,1,47,47,10.0,1,699.0,100.0,0.0,0.0,699.0,100.0,699.0,100.0,1.0,1.0,768.70849609375,768.70849609375,0.012367713680277496,0.012367713680277496,12367.713680277497,12367.713680277497,1225
1183,1,47,47,10.0,1,867.0,291.5,0.0,0.0,867.0,291.5,867.0,291.5,1.0,1.0,768.70849609375,768.70849609375,0.024735427360554993,0.024735427360554993,24735.427360554993,24735.427360554993,1233
1184,2,47,49,30.0,3,786.0,466.5,2.0,1.5,784.0,465.0,788.0,468.0,5.0,4.0,768.715576171875,768.7120361328125,0.02473556945612366,0.01236778472806183,24735.56945612366,12367.78472806183,1234
1190,1,47,47,10.0,1,1951.0,1192.0,0.0,0.0,1951.0,1192.0,1951.0,1192.0,1.0,1.0,768.70849609375,768.70849609375,0.012367713680277496,0.012367713680277496,12367.713680277497,12367.713680277497,1240
1189,3,47,50,40.0,4,535.1666666666666,1098.5,0.23570226039551584,1.0801234497346435,535.0,1097.0,535.5,1099.5,1.5,3.5,768.7490234375,768.724365234375,0.08657491938132302,0.028858306460441005,86574.91938132301,28858.306460441006,1239
1188,1,47,47,10.0,1,498.0,1028.0,0.0,0.0,498.0,1028.0,498.0,1028.0,1.0,1.0,768.70849609375,768.70849609375,0.012367713680277496,0.012367713680277496,12367.713680277497,12367.713680277497,1238
1187,1,47,47,10.0,1,240.0,804.0,0.0,0.0,240.0,804.0,240.0,804.0,1.0,1.0,768.70849609375,768.70849609375,0.012367713680277496,0.012367713680277496,12367.713680277497,12367.713680277497,1237
1186,1,47,47,10.0,1,866.0,556.0,0.0,0.0,866.0,556.0,866.0,556.0,1.0,1.0,768.70849609375,768.70849609375,0.012367713680277496,0.012367713680277496,12367.713680277497,12367.713680277497,1236
1185,3,47,50,40.0,4,769.3333333333334,474.0,3.0912061651652345,1.632993161855452,765.0,472.0,772.0,476.0,8.0,5.0,802.144775390625,779.867431640625,0.03710349627914889,0.012367832093049631,37103.496279148894,12367.83209304963,1235
1191,1,47,47,10.0,1,1018.0,1447.0,0.0,0.0,1018.0,1447.0,1018.0,1447.0,1.0,1.0,768.70849609375,768.70849609375,0.012367713680277496,0.012367713680277496,12367.713680277497,12367.713680277497,1241
1192,6,47,52,60.0,6,1490.4960317460318,1512.2936507936508,2.100207700679025,0.5314995875251621,1488.0,1511.2,1494.2,1512.857142857143,7.2000000000000455,2.657142857142844,942.96044921875,860.9263916015625,0.45761272406609044,0.0762687873443484,457612.7240660904,76268.7873443484,1242
1194,1,47,47,10.0,1,235.0,1941.0,0.0,0.0,235.0,1941.0,235.0,1941.0,1.0,1.0,768.70849609375,768.70849609375,0.012367713680277496,0.012367713680277496,12367.713680277497,12367.713680277497,1244
1180,1,47,47,10.0,1,1684.6666666666667,176.0,0.0,0.0,1684.6666666666667,176.0,1684.6666666666667,176.0,1.0,1.0,836.2940673828125,836.2940673828125,0.03710314104083249,0.03710314104083249,37103.14104083249,37103.14104083249,1230
1182,2,47,48,20.0,2,855.8567453588975,295.2455110647363,0.28763966784049444,0.7170557801834718,855.569105691057,294.5284552845528,856.144385026738,295.96256684491976,1.5752793356809889,2.4341115603669436,2722.135498046875,2660.6263427734375,3.8340045266094376,1.9170022633047188,3834004.5266094375,1917002.2633047188,1232
1181,1,47,47,10.0,1,849.8666666666667,211.76666666666668,0.0,0.0,849.8666666666667,211.76666666666668,849.8666666666667,211.76666666666668,1.0,1.0,1301.314697265625,1301.314697265625,0.3710314104083249,0.3710314104083249,371031.41040832485,371031.41040832485,1231
1177,2,47,49,30.0,3,405.25,140.5,0.25,0.5,405.0,140.0,405.5,141.0,1.5,2.0,802.141357421875,785.428466796875,0.06183871049695615,0.030919355248478074,61838.71049695615,30919.355248478074,1227
1178,1,47,47,10.0,1,545.0,143.5,0.0,0.0,545.0,143.5,545.0,143.5,1.0,1.0,802.141357421875,802.141357421875,0.024735427360554993,0.024735427360554993,24735.427360554993,24735.427360554993,1228
1195,24,47,62,160.0,16,1155.2594899891774,2042.9959092412219,5.710291897975271,3.484782746325036,1150.0,2035.5,1169.6666666666667,2046.8,20.666666666666742,12.299999999999955,1668.347900390625,893.4534505208334,2.4365338096474787,0.10152224206864495,2436533.8096474786,101522.24206864495,1245
1193,1,47,47,10.0,1,510.0,1887.0,0.0,0.0,510.0,1887.0,510.0,1887.0,1.0,1.0,768.70849609375,768.70849609375,0.012367713680277496,0.012367713680277496,12367.713680277497,12367.713680277497,1243
1208,3,48,51,40.0,4,953.6666666666666,1478.5,1.699673171197595,2.48327740429189,952.0,1476.5,956.0,1482.0,5.0,6.5,836.259033203125,791.2222493489584,0.07420713465061299,0.02473571155020433,74207.13465061299,24735.71155020433,1258
1206,3,48,50,30.0,3,1870.0,1374.8333333333333,1.4719601443879744,1.9293061504650377,1868.5,1373.0,1872.0,1377.5,4.5,5.5,768.7490234375,768.7166341145834,0.07420713465159633,0.02473571155053211,74207.13465159632,24735.71155053211,1256
1204,1,48,48,10.0,1,603.0,1096.0,0.0,0.0,603.0,1096.0,603.0,1096.0,1.0,1.0,768.685302734375,768.685302734375,0.012367784726926769,0.012367784726926769,12367.784726926768,12367.784726926768,1254
1203,7,48,54,70.0,7,448.0709706959707,827.954711954712,1.2208136111971457,1.3051143085160808,446.0,825.25,449.3333333333333,829.3333333333334,4.333333333333314,5.083333333333371,1017.5794677734375,893.0419398716518,0.5689296074118377,0.08127565820169111,568929.6074118378,81275.65820169111,1253
1202,1,48,48,10.0,1,347.0,609.0,0.0,0.0,347.0,609.0,347.0,609.0,1.0,1.0,836.3009033203125,836.3009033203125,0.012367784726926769,0.012367784726926769,12367.784726926768,12367.784726926768,1252
1205,2,48,49,20.0,2,513.8,1343.65,0.19999999999998863,0.14999999999997726,513.6,1343.5,514.0,1343.8,1.3999999999999773,1.2999999999999545,979.909423828125,943.2945556640625,0.08657463518632616,0.04328731759316308,86574.63518632617,43287.31759316308,1255
1199,4,48,52,50.0,5,893.75,254.75,2.0766559657295187,4.205650960315181,891.5,250.0,896.5,261.0,6.0,12.0,906.708740234375,811.57177734375,0.12367955242757028,0.03091988810689257,123679.55242757028,30919.88810689257,1249
1200,2,48,50,30.0,3,514.75,289.0,0.25,0.0,514.5,289.0,515.0,289.0,1.5,1.0,768.7490234375,768.7171630859375,0.037103638372977234,0.018551819186488617,37103.638372977235,18551.819186488618,1250
1210,1,48,48,10.0,1,1232.0,1731.0,0.0,0.0,1232.0,1731.0,1232.0,1731.0,1.0,1.0,768.685302734375,768.685302734375,0.012367784726926769,0.012367784726926769,12367.784726926768,12367.784726926768,1260
1207,1,48,48,10.0,1,888.0,1408.0,0.0,0.0,888.0,1408.0,888.0,1408.0,1.0,1.0,768.685302734375,768.685302734375,0.012367784726926769,0.012367784726926769,12367.784726926768,12367.784726926768,1257
1201,38,48,75,280.0,28,1568.5016869095816,437.781443994602,4.849187737015227,6.365800908392098,1557.75,426.0,1575.5,450.0,18.75,25.0,1056.06396484375,834.540617290296,2.0408787654198353,0.053707335932100926,2040878.7654198352,53707.33593210093,1251
1196,13,48,62,150.0,15,298.71153846153845,77.57051282051282,1.703946959260677,3.3680636467365215,295.0,68.5,302.0,82.0,8.0,14.5,871.117431640625,789.4771071213943,0.5689376370296304,0.04376443361766388,568937.6370296304,43764.433617663875,1246
1198,3,48,50,30.0,3,408.3333333333333,197.66666666666666,0.4714045207910317,1.247219128924647,408.0,196.0,409.0,199.0,2.0,4.0,768.7490234375,768.7166341145834,0.03710356732579816,0.012367855775266055,37103.56732579816,12367.855775266054,1248
1197,1,48,48,10.0,1,965.0,81.0,0.0,0.0,965.0,81.0,965.0,81.0,1.0,1.0,768.685302734375,768.685302734375,0.012367784726926769,0.012367784726926769,12367.784726926768,12367.784726926768,1247
1211,3,48,49,20.0,2,164.0,1918.0,0.0,2.449489742783178,164.0,1915.0,164.0,1921.0,1.0,7.0,768.715576171875,768.6953938802084,0.0371034252296997,0.0123678084098999,37103.4252296997,12367.808409899899,1262
1209,6,48,55,80.0,8,9.051136363636363,1686.221590909091,3.750480628060896,2.1473339186044043,3.3068181818181817,1683.8295454545455,13.0,1690.5,10.693181818181818,7.670454545454504,906.708740234375,791.7236328125,0.25972760015407187,0.04328793335901198,259727.60015407187,43287.93335901198,1259
1224,3,49,51,30.0,3,545.4,1100.5666666666666,0.5656854249492594,0.49216076867446623,545.0,1100.0,546.2,1101.2,2.2000000000000455,2.2000000000000455,906.708740234375,814.715576171875,0.09894348562941424,0.03298116187647141,98943.48562941424,32981.16187647141,1275
1222,39,49,70,220.0,22,595.919074752408,990.4061253561254,3.029848517001175,4.702403817157333,586.0,981.0,601.0,996.9166666666667,16.0,16.916666666666742,906.7255859375,795.5223169571315,2.498484803090155,0.06406371289974756,2498484.803090155,64063.71289974757,1273
1220,3,49,51,30.0,3,1185.888888888889,783.5555555555555,0.1571348402636415,0.41573970964154566,1185.6666666666667,783.0,1186.0,784.0,1.3333333333332575,2.0,1479.1328125,1074.7460123697917,0.06183963411414282,0.02061321137138094,61839.63411414282,20613.211371380938,1271
1219,8,49,56,80.0,8,118.94464285714287,704.2636904761905,1.8267692283077435,2.2565562547723776,115.5,702.3333333333334,121.0,710.0,6.5,8.666666666666629,802.14404296875,781.2403259277344,0.3586757042242397,0.044834463028029965,358675.70422423974,44834.46302802997,1270
1218,1,49,49,10.0,1,1224.6,656.4,0.0,0.0,1224.6,656.4,1224.6,656.4,1.0,1.0,871.1268310546875,871.1268310546875,0.06183927887923081,0.06183927887923081,61839.27887923081,61839.27887923081,1269
1221,4,49,54,60.0,6,1325.9107142857142,786.4017857142858,3.405193737183708,0.6763945345185324,1322.0,785.5,1330.0,787.1071428571429,9.0,2.6071428571428896,1767.074951171875,1277.6876220703125,0.5318212087210832,0.1329553021802708,531821.2087210832,132955.3021802708,1272
1215,1,49,49,10.0,1,727.0,138.0,0.0,0.0,727.0,138.0,727.0,138.0,1.0,1.0,768.715576171875,768.715576171875,0.012367855775846162,0.012367855775846162,12367.855775846163,12367.855775846163,1266
1216,4,49,53,50.0,5,1707.75,167.7,0.82915619758885,1.081665382639197,1707.0,166.0,1709.0,169.0,3.0,4.0,906.708740234375,828.4532470703125,0.0989436987929104,0.0247359246982276,98943.6987929104,24735.9246982276,1267
1214,1,49,49,10.0,1,664.0,76.0,0.0,0.0,664.0,76.0,664.0,76.0,1.0,1.0,802.144775390625,802.144775390625,0.012367855775846162,0.012367855775846162,12367.855775846163,12367.855775846163,1265
1223,14,49,56,80.0,8,620.0729591836734,1056.243962585034,1.5530432435841017,7.100888046092673,616.0,1042.0,623.0,1068.0,8.0,27.0,871.0811767578125,785.6197422572544,0.6802517492910626,0.048589410663647324,680251.7492910626,48589.41066364732,1274
1217,1,49,49,10.0,1,140.0,188.0,0.0,0.0,140.0,188.0,140.0,188.0,1.0,1.0,768.715576171875,768.715576171875,0.037103567327538486,0.037103567327538486,37103.56732753848,37103.56732753848,1268
1231,1,49,49,10.0,1,130.0,1914.0,0.0,0.0,130.0,1914.0,130.0,1914.0,1.0,1.0,768.715576171875,768.715576171875,0.012367855775846162,0.012367855775846162,12367.855775846163,12367.855775846163,1282
1212,8,49,53,50.0,5,878.1751965140123,12.969917691957166,4.323546035338378,3.8192397252119044,871.0,8.5,883.0,20.083333333333336,13.0,12.583333333333336,1258.71240234375,892.6175689697266,0.9770711923711222,0.12213389904639027,977071.1923711222,122133.89904639027,1263
1232,2,49,50,20.0,2,627.0,1919.5,0.0,0.5,627.0,1919.0,627.0,1920.0,1.0,2.0,768.7490234375,768.7322998046875,0.024735782598871395,0.012367891299435697,24735.782598871396,12367.891299435698,1283
1233,4,49,53,50.0,5,152.25,1963.5,1.6393596310755,1.118033988749895,151.0,1962.0,155.0,1965.0,5.0,4.0,802.1220703125,785.3985595703125,0.04947192044919971,0.012367980112299927,49471.92044919971,12367.980112299927,1284
1213,1,49,49,10.0,1,747.0,24.0,0.0,0.0,747.0,24.0,747.0,24.0,1.0,1.0,768.715576171875,768.715576171875,0.012367855775846162,0.012367855775846162,12367.855775846163,12367.855775846163,1264
1229,6,49,53,50.0,5,1217.332584082584,1671.104562104562,3.0338769769537746,4.859366288656027,1212.0,1664.0,1221.0,1678.0,10.0,15.0,979.9088134765625,832.1310831705729,0.5070856391738883,0.08451427319564804,507085.63917388825,84514.27319564804,1280
1230,1,49,49,10.0,1,65.5,1907.0,0.0,0.0,65.5,1907.0,65.5,1907.0,1.0,1.0,768.715576171875,768.715576171875,0.024735711551692324,0.024735711551692324,24735.711551692326,24735.711551692326,1281
1226,1,49,49,10.0,1,986.0,1395.0,0.0,0.0,986.0,1395.0,986.0,1395.0,1.0,1.0,768.715576171875,768.715576171875,0.012367855775846162,0.012367855775846162,12367.855775846163,12367.855775846163,1277
1225,1,49,49,10.0,1,556.0,1115.0,0.0,0.0,556.0,1115.0,556.0,1115.0,1.0,1.0,768.715576171875,768.715576171875,0.012367855775846162,0.012367855775846162,12367.855775846163,12367.855775846163,1276
1228,7,49,57,90.0,9,993.7261904761905,1515.5,1.5953269342711134,2.7255405754769875,991.0,1512.0,996.0,1521.0,6.0,10.0,802.121337890625,778.2389439174107,0.16078574876407994,0.02296939268058285,160785.74876407994,22969.39268058285,1279
1227,2,49,49,10.0,1,927.5,1434.0,1.5,3.0,926.0,1431.0,929.0,1437.0,4.0,7.0,768.715576171875,768.715576171875,0.024735711551692324,0.012367855775846162,24735.711551692326,12367.855775846163,1278
1240,1,50,50,10.0,1,793.0,392.0,0.0,0.0,793.0,392.0,793.0,392.0,1.0,1.0,768.7490234375,768.7490234375,0.012367926823025233,0.012367926823025233,12367.926823025233,12367.926823025233,1292
1238,1,50,50,10.0,1,281.0,107.0,0.0,0.0,281.0,107.0,281.0,107.0,1.0,1.0,768.7490234375,768.7490234375,0.012367926823025233,0.012367926823025233,12367.926823025233,12367.926823025233,1289
1249,1,50,50,10.0,1,630.5,1929.5,0.0,0.0,630.5,1929.5,630.5,1929.5,1.0,1.0,768.7490234375,768.7490234375,0.024735853646050465,0.024735853646050465,24735.853646050466,24735.853646050466,1301
1239,1,50,50,10.0,1,888.0,238.0,0.0,0.0,888.0,238.0,888.0,238.0,1.0,1.0,768.7490234375,768.7490234375,0.012367926823025233,0.012367926823025233,12367.926823025233,12367.926823025233,1291
1237,1,50,50,10.0,1,305.0,101.0,0.0,0.0,305.0,101.0,305.0,101.0,1.0,1.0,768.7490234375,768.7490234375,0.012367926823025233,0.012367926823025233,12367.926823025233,12367.926823025233,1288
1234,2,50,52,30.0,3,704.25,49.75,0.25,0.25,704.0,49.5,704.5,50.0,1.5,1.5,768.7490234375,768.7257080078125,0.03710392256688118,0.01855196128344059,37103.92256688118,18551.96128344059,1285
1235,1,50,50,10.0,1,336.5,95.0,0.0,0.0,336.5,95.0,336.5,95.0,1.0,1.0,802.121337890625,802.121337890625,0.024735853646050465,0.024735853646050465,24735.853646050466,24735.853646050466,1286
1236,3,50,52,30.0,3,645.1666666666666,99.0,3.009245014211298,3.7416573867739413,641.0,94.0,648.0,103.0,8.0,10.0,871.1416015625,814.0115559895834,0.07420812932395929,0.024736043107986428,74208.12932395929,24736.04310798643,1287
1247,1,50,50,10.0,1,161.0,1522.0,0.0,0.0,161.0,1522.0,161.0,1522.0,1.0,1.0,768.7490234375,768.7490234375,0.012367926823025233,0.012367926823025233,12367.926823025233,12367.926823025233,1299
1248,2,50,52,30.0,3,48.0,1692.0,0.0,1.0,48.0,1691.0,48.0,1693.0,1.0,3.0,768.7490234375,768.7257080078125,0.024735995743855946,0.012367997871927973,24735.995743855947,12367.997871927973,1300
1245,1,50,50,10.0,1,585.0,1298.0,0.0,0.0,585.0,1298.0,585.0,1298.0,1.0,1.0,768.7490234375,768.7490234375,0.012367926823025233,0.012367926823025233,12367.926823025233,12367.926823025233,1297
1246,4,50,55,60.0,6,647.75,1423.75,1.479019945774904,3.344772040064913,646.0,1420.0,650.0,1428.0,5.0,9.0,802.177734375,777.0972900390625,0.04947234676859741,0.012368086692149352,49472.34676859741,12368.086692149353,1298
1242,1,50,50,10.0,1,1919.0,707.0,0.0,0.0,1919.0,707.0,1919.0,707.0,1.0,1.0,768.7490234375,768.7490234375,0.012367926823025233,0.012367926823025233,12367.926823025233,12367.926823025233,1294
1241,3,50,54,50.0,5,1522.6666666666667,461.6666666666667,2.0548046676563256,1.247219128924647,1520.0,460.0,1525.0,463.0,6.0,4.0,768.7490234375,768.7313639322916,0.037104206782956534,0.012368068927652178,37104.206782956535,12368.068927652179,1293
1244,1,50,50,10.0,1,1903.0,730.0,0.0,0.0,1903.0,730.0,1903.0,730.0,1.0,1.0,768.7490234375,768.7490234375,0.012367926823025233,0.012367926823025233,12367.926823025233,12367.926823025233,1296
1243,1,50,50,10.0,1,506.0,722.0,0.0,0.0,506.0,722.0,506.0,722.0,1.0,1.0,768.7490234375,768.7490234375,0.012367926823025233,0.012367926823025233,12367.926823025233,12367.926823025233,1295
1256,2,51,52,20.0,2,1758.5,221.5,0.5,0.5,1758.0,221.0,1759.0,222.0,2.0,2.0,768.722412109375,768.71240234375,0.02473606679005167,0.012368033395025835,24736.06679005167,12368.033395025835,1308
1254,1,51,51,10.0,1,417.0,155.0,0.0,0.0,417.0,155.0,417.0,155.0,1.0,1.0,768.722412109375,768.722412109375,0.01236799786922096,0.01236799786922096,12367.997869220959,12367.997869220959,1306
1272,1,51,51,10.0,1,1231.0,1658.0,0.0,0.0,1231.0,1658.0,1231.0,1658.0,1.0,1.0,768.722412109375,768.722412109375,0.01236799786922096,0.01236799786922096,12367.997869220959,12367.997869220959,1324
1271,1,51,51,10.0,1,1020.0,1490.0,0.0,0.0,1020.0,1490.0,1020.0,1490.0,1.0,1.0,802.1220703125,802.1220703125,0.01236799786922096,0.01236799786922096,12367.997869220959,12367.997869220959,1323
1265,2,51,53,30.0,3,594.2083333333333,1088.25,0.5416666666666856,1.25,593.6666666666666,1087.0,594.75,1089.5,2.0833333333333712,3.5,802.177734375,785.4500732421875,0.07420841355098495,0.037104206775492476,74208.41355098496,37104.20677549248,1317
1266,1,51,51,10.0,1,1936.0,1165.0,0.0,0.0,1936.0,1165.0,1936.0,1165.0,1.0,1.0,768.722412109375,768.722412109375,0.01236799786922096,0.01236799786922096,12367.997869220959,12367.997869220959,1318
1267,16,51,66,160.0,16,1459.05,1310.521875,1.66671874918622,1.4000461146918948,1457.0,1307.5,1463.0,1313.0,7.0,6.5,871.146484375,798.2203216552734,0.5813241110429261,0.036332756940182884,581324.1110429261,36332.75694018288,1319
1268,1,51,51,10.0,1,1827.0,1391.0,0.0,0.0,1827.0,1391.0,1827.0,1391.0,1.0,1.0,768.722412109375,768.722412109375,0.01236799786922096,0.01236799786922096,12367.997869220959,12367.997869220959,1320
1269,1,51,51,10.0,1,887.0,1445.0,0.0,0.0,887.0,1445.0,887.0,1445.0,1.0,1.0,768.722412109375,768.722412109375,0.01236799786922096,0.01236799786922096,12367.997869220959,12367.997869220959,1321
1270,1,51,51,10.0,1,1022.0,1476.0,0.0,0.0,1022.0,1476.0,1022.0,1476.0,1.0,1.0,768.722412109375,768.722412109375,0.01236799786922096,0.01236799786922096,12367.997869220959,12367.997869220959,1322
1264,2,51,52,20.0,2,104.83333333333334,881.1666666666667,0.3333333333333357,0.3333333333333144,104.5,880.8333333333334,105.16666666666667,881.5,1.6666666666666714,1.6666666666666288,979.931640625,874.3170166015625,0.19788825011397437,0.09894412505698719,197888.25011397438,98944.12505698719,1316
1263,3,51,53,30.0,3,300.6666666666667,855.6666666666666,0.4714045207910317,0.4714045207910317,300.0,855.0,301.0,856.0,2.0,2.0,768.722412109375,768.6866861979166,0.037104206771159026,0.012368068923719675,37104.20677115903,12368.068923719675,1315
1252,2,51,52,20.0,2,275.5,78.5,0.5,1.5,275.0,77.0,276.0,80.0,2.0,4.0,768.722412109375,768.71240234375,0.02473606679005167,0.012368033395025835,24736.06679005167,12368.033395025835,1304
1251,1,51,51,10.0,1,951.0,71.5,0.0,0.0,951.0,71.5,951.0,71.5,1.0,1.0,836.2939453125,836.2939453125,0.02473599573844192,0.02473599573844192,24735.995738441918,24735.995738441918,1303
1250,1,51,51,10.0,1,295.0,55.5,0.0,0.0,295.0,55.5,295.0,55.5,1.0,1.0,768.722412109375,768.722412109375,0.02473599573844192,0.02473599573844192,24735.995738441918,24735.995738441918,1302
1253,1,51,51,10.0,1,688.0,134.0,0.0,0.0,688.0,134.0,688.0,134.0,1.0,1.0,768.722412109375,768.722412109375,0.01236799786922096,0.01236799786922096,12367.997869220959,12367.997869220959,1305
1255,2,51,53,30.0,3,1746.5,173.0,1.5,1.0,1745.0,172.0,1748.0,174.0,4.0,3.0,768.722412109375,768.6788330078125,0.024736137850328316,0.012368068925164158,24736.137850328316,12368.068925164158,1307
1259,2,51,52,20.0,2,1593.0,396.25,0.0,0.25,1593.0,396.0,1593.0,396.5,1.0,1.5,1017.57861328125,980.266845703125,0.037104135710882384,0.018552067855441192,37104.13571088239,18552.067855441193,1311
1274,7,51,56,60.0,6,389.2331240188383,1761.2087912087914,2.9783924896273057,1.0287205207996335,383.5,1759.5,394.0,1762.5,11.5,4.0,871.18505859375,812.3026646205357,0.44525154708682707,0.06360736386954673,445251.54708682705,63607.36386954672,1326
1260,3,51,54,40.0,4,792.1666666666666,508.6666666666667,1.0274023338281628,0.9428090415820634,791.0,508.0,793.5,510.0,3.5,3.0,768.74267578125,768.7224934895834,0.049472275698373216,0.016490758566124405,49472.27569837322,16490.758566124405,1312
1262,1,51,51,10.0,1,253.0,820.0,0.0,0.0,253.0,820.0,253.0,820.0,1.0,1.0,768.722412109375,768.722412109375,0.01236799786922096,0.01236799786922096,12367.997869220959,12367.997869220959,1314
1261,1,51,51,10.0,1,512.5,688.0,0.0,0.0,512.5,688.0,512.5,688.0,1.0,1.0,836.2939453125,836.2939453125,0.02473599573844192,0.02473599573844192,24735.995738441918,24735.995738441918,1313
1257,6,51,57,70.0,7,495.125,257.8958333333333,2.6526323403995007,2.3918445055832724,490.5,253.0,498.0,260.0,8.5,8.0,802.146728515625,774.2807210286459,0.17315566512869343,0.028859277521448904,173155.66512869342,28859.277521448905,1309
1258,2,51,53,30.0,3,873.25,341.0,0.75,1.0,872.5,340.0,874.0,342.0,2.5,3.0,802.177734375,802.14990234375,0.037104277831435675,0.018552138915717838,37104.27783143568,18552.13891571784,1310
1276,3,51,54,40.0,4,657.0,1979.0,1.632993161855452,1.4142135623730951,655.0,1978.0,659.0,1981.0,5.0,4.0,768.74267578125,768.7224934895834,0.037104277829152266,0.012368092609717421,37104.27782915226,12368.092609717422,1328
1275,8,51,59,90.0,9,640.3145833333333,1946.4208333333333,0.9123168575725837,1.3957213885458717,638.75,1944.5,641.5,1948.0,3.75,4.5,802.1314697265625,777.0639495849609,0.30920875785083196,0.038651094731353995,309208.75785083196,38651.094731353995,1327
1273,3,51,54,40.0,4,54.0,1684.3333333333333,3.559026084010437,0.4714045207910317,49.0,1684.0,57.0,1685.0,9.0,2.0,768.74267578125,768.7001139322916,0.03710434888942891,0.012368116296476302,37104.34888942891,12368.116296476303,1325
1288,17,52,63,120.0,12,73.83099376114082,973.6133838383839,5.540431316239128,2.0464680337990133,60.9375,971.0,79.0,978.0,19.0625,8.0,979.96630859375,837.4349724264706,1.286334595357484,0.07566674090338142,1286334.595357484,75666.74090338142,1340
1284,3,52,57,60.0,6,1943.6666666666667,651.6666666666666,3.299831645537222,1.247219128924647,1939.0,650.0,1946.0,653.0,8.0,4.0,768.74267578125,768.716552734375,0.03710470417470648,0.01236823472490216,37104.70417470648,12368.23472490216,1336
1283,8,52,60,90.0,9,1233.1458333333335,620.6979166666667,1.5216892568604135,2.156199677351591,1230.6666666666667,618.0,1236.0,625.0,6.3333333333332575,8.0,906.729248046875,837.4169616699219,0.2844721937122884,0.03555902421403605,284472.1937122884,35559.02421403605,1335
1286,1,52,52,10.0,1,262.6666666666667,812.3333333333334,0.0,0.0,262.6666666666667,812.3333333333334,262.6666666666667,812.3333333333334,1.0,1.0,942.955078125,942.955078125,0.03710420676249213,0.03710420676249213,37104.20676249213,37104.20676249213,1338
1285,1,52,52,10.0,1,498.0,767.0,0.0,0.0,498.0,767.0,498.0,767.0,1.0,1.0,1973.29833984375,1973.29833984375,0.012368068920830711,0.012368068920830711,12368.068920830712,12368.068920830712,1337
1279,2,52,53,20.0,2,469.75,82.75,0.25,0.75,469.5,82.0,470.0,83.5,1.5,2.5,871.18505859375,836.66455078125,0.07420855564553756,0.03710427782276878,74208.55564553756,37104.27782276878,1331
1280,1,52,52,10.0,1,854.0,243.0,0.0,0.0,854.0,243.0,854.0,243.0,1.0,1.0,979.8802490234375,979.8802490234375,0.1113126202874764,0.1113126202874764,111312.6202874764,111312.6202874764,1332
1278,5,52,58,70.0,7,259.4,64.6,3.2,2.0591260281974,255.0,62.0,263.0,67.0,9.0,6.0,802.14404296875,775.369921875,0.07420912411158415,0.01484182482231683,74209.12411158414,14841.824822316828,1330
1287,1,52,52,10.0,1,110.2,867.2,0.0,0.0,110.2,867.2,110.2,867.2,1.0,1.0,836.2823486328125,836.2823486328125,0.06184034460415356,0.06184034460415356,61840.34460415356,61840.34460415356,1339
1281,1,52,52,10.0,1,853.829268292683,283.8292682926829,0.0,0.0,853.829268292683,283.8292682926829,853.829268292683,283.8292682926829,1.0,1.0,1134.9349365234375,1134.9349365234375,0.5070908257540592,0.5070908257540592,507090.8257540592,507090.8257540592,1333
1282,3,52,54,30.0,3,823.6666666666666,456.6666666666667,0.4714045207910317,3.8586123009300755,823.0,453.0,824.0,462.0,2.0,10.0,768.74267578125,768.6934407552084,0.03710441994103866,0.012368139980346221,37104.419941038665,12368.13998034622,1334
1295,1,52,52,10.0,1,904.0,1922.0,0.0,0.0,904.0,1922.0,904.0,1922.0,1.0,1.0,768.702392578125,768.702392578125,0.012368068920830711,0.012368068920830711,12368.068920830712,12368.068920830712,1347
1296,1,52,52,10.0,1,971.0,1930.0,0.0,0.0,971.0,1930.0,971.0,1930.0,1.0,1.0,768.702392578125,768.702392578125,0.012368068920830711,0.012368068920830711,12368.068920830712,12368.068920830712,1348
1297,7,52,57,60.0,6,163.57142857142858,1946.4285714285713,2.1946130708196026,3.155817433482074,162.0,1941.0,167.0,1952.0,6.0,12.0,768.74267578125,768.6868373325893,0.09894547513224065,0.01413506787603438,98945.47513224065,14135.06787603438,1349
1277,7,52,60,90.0,9,406.75714285714287,2.773809523809524,1.3720236804049084,1.442491702896474,404.8,1.1666666666666667,408.5,5.25,4.699999999999989,5.083333333333333,906.662353515625,822.5499790736607,0.3215746950253676,0.04593924214648109,321574.6950253676,45939.24214648109,1329
1293,1,52,52,10.0,1,1187.0,1752.0,0.0,0.0,1187.0,1752.0,1187.0,1752.0,1.0,1.0,768.702392578125,768.702392578125,0.012368068920830711,0.012368068920830711,12368.068920830712,12368.068920830712,1345
1294,68,52,71,200.0,20,164.17572410349115,1917.6659137614056,11.53235115533879,14.955046790484042,131.0,1896.0,176.0,1951.3333333333333,46.0,56.33333333333326,836.24365234375,776.5775631175321,4.316708114864814,0.06348100168918844,4316708.114864814,63481.00168918844,1346
1290,4,52,54,30.0,3,504.9,1287.9,2.4351591323771786,0.7280109889280613,502.6,1287.0,509.0,1289.0,7.399999999999977,3.0,979.84912109375,855.98583984375,0.0989450487862988,0.0247362621965747,98945.0487862988,24736.2621965747,1342
1289,1,52,52,10.0,1,1924.0,1167.0,0.0,0.0,1924.0,1167.0,1924.0,1167.0,1.0,1.0,768.702392578125,768.702392578125,0.012368068920830711,0.012368068920830711,12368.068920830712,12368.068920830712,1341
1292,2,52,54,30.0,3,732.5,1427.75,1.5,1.75,731.0,1426.0,734.0,1429.5,4.0,4.5,768.74267578125,768.7225341796875,0.037104348880762014,0.018552174440381007,37104.348880762016,18552.174440381008,1344
1291,4,52,57,60.0,6,1840.7875,1388.35,1.4179099936173762,1.4465476141489282,1839.0,1386.5,1842.75,1390.0,4.75,4.5,802.1314697265625,785.4020080566406,0.1978927977637938,0.04947319944094845,197892.7977637938,49473.19944094845,1343
1304,1,53,53,10.0,1,1492.0,163.0,0.0,0.0,1492.0,163.0,1492.0,163.0,1.0,1.0,768.63525390625,768.63525390625,0.012368139981107357,0.012368139981107357,12368.139981107357,12368.139981107357,1356
1320,1,53,53,10.0,1,373.0,1987.0,0.0,0.0,373.0,1987.0,373.0,1987.0,1.0,1.0,768.63525390625,768.63525390625,0.012368139981107357,0.012368139981107357,12368.139981107357,12368.139981107357,1372
1307,1,53,53,10.0,1,836.0,528.0,0.0,0.0,836.0,528.0,836.0,528.0,1.0,1.0,768.63525390625,768.63525390625,0.012368139981107357,0.012368139981107357,12368.139981107357,12368.139981107357,1359
1303,1,53,53,10.0,1,174.0,137.0,0.0,0.0,174.0,137.0,174.0,137.0,1.0,1.0,768.63525390625,768.63525390625,0.012368139981107357,0.012368139981107357,12368.139981107357,12368.139981107357,1355
1301,7,53,60,80.0,8,842.0714285714286,110.40476190476191,2.1116779284420693,4.4381616590165605,839.0,104.0,845.5,118.0,7.5,15.0,802.119140625,773.4778180803571,0.14842045106774646,0.021202921581106638,148420.45106774644,21202.92158110664,1353
1298,2,53,54,20.0,2,378.0,15.5,0.0,0.5,378.0,15.0,378.0,16.0,1.0,2.0,768.74267578125,768.68896484375,0.02473635102020795,0.012368175510103975,24736.35102020795,12368.175510103974,1350
1299,38,53,90,380.0,38,634.5219298245614,67.33991228070175,5.450457496307261,12.107785023671331,627.0,50.0,647.0,93.0,21.0,44.0,906.69091796875,781.1238339072779,0.9029665480326047,0.023762277579805386,902966.5480326046,23762.277579805384,1351
1300,9,53,61,90.0,9,415.1395061728395,107.58024691358024,0.5877139714512364,1.2010258278533628,414.22222222222223,106.0,416.5,109.88888888888889,3.2777777777777715,4.888888888888886,906.6951904296875,829.404066297743,0.7049979774639109,0.07833310860710122,704997.9774639109,78333.10860710121,1352
1311,5,53,57,50.0,5,1298.432,798.1085,3.089740442173105,1.3609147658835987,1295.0,796.0,1303.0,799.48,9.0,4.480000000000018,1479.079833984375,1040.4856201171874,0.531837053865671,0.1063674107731342,531837.053865671,106367.41077313421,1363
1312,1,53,53,10.0,1,525.0,821.0,0.0,0.0,525.0,821.0,525.0,821.0,1.0,1.0,768.63525390625,768.63525390625,0.012368139981107357,0.012368139981107357,12368.139981107357,12368.139981107357,1364
1318,1,53,53,10.0,1,115.0,1917.0,0.0,0.0,115.0,1917.0,115.0,1917.0,1.0,1.0,768.63525390625,768.63525390625,0.012368139981107357,0.012368139981107357,12368.139981107357,12368.139981107357,1370
1317,1,53,53,10.0,1,557.0,1295.0,0.0,0.0,557.0,1295.0,557.0,1295.0,1.0,1.0,768.63525390625,768.63525390625,0.012368139981107357,0.012368139981107357,12368.139981107357,12368.139981107357,1369
1316,2,53,55,30.0,3,1963.5,1252.0,0.5,2.0,1963.0,1250.0,1964.0,1254.0,2.0,5.0,768.739990234375,768.6876220703125,0.024736422076351218,0.012368211038175609,24736.422076351217,12368.211038175608,1368
1315,1,53,53,10.0,1,2042.0,1077.0,0.0,0.0,2042.0,1077.0,2042.0,1077.0,1.0,1.0,768.63525390625,768.63525390625,0.012368139981107357,0.012368139981107357,12368.139981107357,12368.139981107357,1367
1314,1,53,53,10.0,1,2017.5,1064.0,0.0,0.0,2017.5,1064.0,2017.5,1064.0,1.0,1.0,768.63525390625,768.63525390625,0.024736279962214714,0.024736279962214714,24736.279962214714,24736.279962214714,1366
1313,1,53,53,10.0,1,100.25,1026.5,0.0,0.0,100.25,1026.5,100.25,1026.5,1.0,1.0,1216.74462890625,1216.74462890625,0.09894511984885886,0.09894511984885886,98945.11984885886,98945.11984885886,1365
1319,1,53,53,10.0,1,171.0,1929.0,0.0,0.0,171.0,1929.0,171.0,1929.0,1.0,1.0,768.63525390625,768.63525390625,0.012368139981107357,0.012368139981107357,12368.139981107357,12368.139981107357,1371
1302,1,53,53,10.0,1,363.0,116.0,0.0,0.0,363.0,116.0,363.0,116.0,1.0,1.0,768.63525390625,768.63525390625,0.012368139981107357,0.012368139981107357,12368.139981107357,12368.139981107357,1354
1322,1,53,53,10.0,1,770.0,2024.0,0.0,0.0,770.0,2024.0,770.0,2024.0,1.0,1.0,768.63525390625,768.63525390625,0.012368139981107357,0.012368139981107357,12368.139981107357,12368.139981107357,1374
1323,9,53,62,100.0,10,1462.4159035409036,2046.7629731379732,2.749672452235247,0.33896833483980104,1459.375,2046.0,1469.5,2047.0,11.125,2.0,1868.783935546875,1174.2005479600693,0.5689543362686582,0.06321714847429535,568954.3362686582,63217.148474295354,1375
1306,1,53,53,10.0,1,892.0,276.0,0.0,0.0,892.0,276.0,892.0,276.0,1.0,1.0,942.9873046875,942.9873046875,0.03710441994332207,0.03710441994332207,37104.41994332207,37104.41994332207,1358
1305,1,53,53,10.0,1,144.0,213.0,0.0,0.0,144.0,213.0,144.0,213.0,1.0,1.0,768.63525390625,768.63525390625,0.012368139981107357,0.012368139981107357,12368.139981107357,12368.139981107357,1357
1309,9,53,59,70.0,7,504.5625,673.1041666666666,3.977802994954208,3.5876911486048764,497.0,666.0,510.0625,678.4375,14.0625,13.4375,1216.692138671875,833.4177652994791,0.28447183834137807,0.031607982037930894,284471.8383413781,31607.982037930895,1361
1310,1,53,53,10.0,1,1316.0,756.0,0.0,0.0,1316.0,756.0,1316.0,756.0,1.0,1.0,768.63525390625,768.63525390625,0.012368139981107357,0.012368139981107357,12368.139981107357,12368.139981107357,1362
1308,1,53,53,10.0,1,460.0,605.0,0.0,0.0,460.0,605.0,460.0,605.0,1.0,1.0,768.63525390625,768.63525390625,0.012368139981107357,0.012368139981107357,12368.139981107357,12368.139981107357,1360
1321,3,53,55,30.0,3,1310.0,2018.2666666666667,0.816496580927726,1.9938795238317724,1309.0,2016.3,1311.0,2021.0,3.0,5.7000000000000455,871.18505859375,802.8892415364584,0.11131354406008918,0.03710451468669639,111313.54406008919,37104.51468669639,1373
1328,1,54,54,10.0,1,1798.25,207.0,0.0,0.0,1798.25,207.0,1798.25,207.0,1.0,1.0,768.74267578125,768.74267578125,0.03710463311730178,0.03710463311730178,37104.633117301775,37104.633117301775,1380
1327,1,54,54,10.0,1,180.5,162.5,0.0,0.0,180.5,162.5,180.5,162.5,1.0,1.0,768.74267578125,768.74267578125,0.024736422078201183,0.024736422078201183,24736.422078201183,24736.422078201183,1379
1329,1,54,54,10.0,1,877.0,229.0,0.0,0.0,877.0,229.0,877.0,229.0,1.0,1.0,768.74267578125,768.74267578125,0.012368211039100591,0.012368211039100591,12368.211039100592,12368.211039100592,1381
1330,2,54,57,40.0,4,340.5,356.0,1.5,1.0,339.0,355.0,342.0,357.0,4.0,3.0,768.74267578125,768.7236328125,0.024736635253875774,0.012368317626937887,24736.635253875775,12368.317626937887,1382
1331,1,54,54,10.0,1,445.0,628.0,0.0,0.0,445.0,628.0,445.0,628.0,1.0,1.0,768.74267578125,768.74267578125,0.012368211039100591,0.012368211039100591,12368.211039100592,12368.211039100592,1383
1332,2,54,55,20.0,2,1328.6875,746.3125,1.6875,1.6875,1327.0,744.625,1330.375,748.0,4.375,4.375,942.935302734375,855.837646484375,0.1113139704080486,0.0556569852040243,111313.9704080486,55656.9852040243,1384
1333,1,54,54,10.0,1,1996.0,818.0,0.0,0.0,1996.0,818.0,1996.0,818.0,1.0,1.0,802.146728515625,802.146728515625,0.012368211039100591,0.012368211039100591,12368.211039100592,12368.211039100592,1385
1334,25,54,76,230.0,23,973.307378874995,841.6202868356273,2.2848197436468576,2.7948176726661575,970.2631578947369,836.5,978.4285714285714,848.0,9.165413533834567,12.5,1572.27587890625,1029.43470703125,4.094072857441668,0.1637629142976667,4094072.8574416675,163762.91429766672,1386
1336,4,54,58,50.0,5,484.8,986.775,5.667450926121902,2.3562417108607447,477.0,984.1,493.0,990.0,17.0,6.899999999999977,802.119140625,777.048583984375,0.11131524944856475,0.027828812362141186,111315.24944856475,27828.812362141187,1388
1335,1,54,54,10.0,1,331.0,890.0,0.0,0.0,331.0,890.0,331.0,890.0,1.0,1.0,768.74267578125,768.74267578125,0.012368211039100591,0.012368211039100591,12368.211039100592,12368.211039100592,1387
1339,5,54,56,30.0,3,166.86666666666667,2013.9333333333332,2.1766436956419333,3.206936925548188,165.0,2010.0,170.0,2019.0,6.0,10.0,802.146728515625,775.4109375,0.08657804572966299,0.0173156091459326,86578.04572966299,17315.609145932598,1391
1338,1,54,54,10.0,1,1891.0,1636.5,0.0,0.0,1891.0,1636.5,1891.0,1636.5,1.0,1.0,768.74267578125,768.74267578125,0.024736422078201183,0.024736422078201183,24736.422078201183,24736.422078201183,1390
1337,1,54,54,10.0,1,993.0,1498.0,0.0,0.0,993.0,1498.0,993.0,1498.0,1.0,1.0,768.74267578125,768.74267578125,0.012368211039100591,0.012368211039100591,12368.211039100592,12368.211039100592,1389
1325,1,54,54,10.0,1,245.0,66.0,0.0,0.0,245.0,66.0,245.0,66.0,1.0,1.0,768.74267578125,768.74267578125,0.012368211039100591,0.012368211039100591,12368.211039100592,12368.211039100592,1377
1326,1,54,54,10.0,1,168.0,80.0,0.0,0.0,168.0,80.0,168.0,80.0,1.0,1.0,768.74267578125,768.74267578125,0.012368211039100591,0.012368211039100591,12368.211039100592,12368.211039100592,1378
1324,1,54,54,10.0,1,475.0,8.0,0.0,0.0,475.0,8.0,475.0,8.0,1.0,1.0,768.74267578125,768.74267578125,0.012368211039100591,0.012368211039100591,12368.211039100592,12368.211039100592,1376
1344,1,55,55,10.0,1,852.8333333333334,184.0,0.0,0.0,852.8333333333334,184.0,852.8333333333334,184.0,1.0,1.0,802.0888671875,802.0888671875,0.07420969257146316,0.07420969257146316,74209.69257146317,74209.69257146317,1396
1343,2,55,57,30.0,3,336.1,70.1,0.09999999999999432,0.10000000000000142,336.0,70.0,336.2,70.2,1.1999999999999886,1.2000000000000028,979.9317626953125,943.2897338867188,0.09894668312054486,0.04947334156027243,98946.68312054485,49473.34156027243,1395
1352,20,55,68,140.0,14,168.57645141895142,1521.7462698412699,4.18819166513872,2.0501902937568395,161.75,1518.0,177.0,1524.5,16.25,7.5,1433.601318359375,906.1603759765625,1.5708208603283635,0.07854104301641818,1570820.8603283635,78541.04301641817,1404
1351,2,55,57,30.0,3,945.6666666666666,1463.0,2.3333333333333712,3.0,943.3333333333333,1460.0,948.0,1466.0,5.6666666666667425,7.0,802.0888671875,785.396728515625,0.06184155259575062,0.03092077629787531,61841.552595750625,30920.776297875313,1403
1347,1,55,55,10.0,1,1273.3333333333333,793.6666666666666,0.0,0.0,1273.3333333333333,793.6666666666666,1273.3333333333333,793.6666666666666,1.0,1.0,802.0888671875,802.0888671875,0.03710484628573158,0.03710484628573158,37104.84628573158,37104.84628573158,1399
1348,1,55,55,10.0,1,2018.0,852.0,0.0,0.0,2018.0,852.0,2018.0,852.0,1.0,1.0,768.739990234375,768.739990234375,0.012368282095243861,0.012368282095243861,12368.282095243861,12368.282095243861,1400
1349,1,55,55,10.0,1,29.0,1293.0,0.0,0.0,29.0,1293.0,29.0,1293.0,1.0,1.0,871.09765625,871.09765625,0.012368282095243861,0.012368282095243861,12368.282095243861,12368.282095243861,1401
1350,3,55,58,40.0,4,683.3333333333334,1417.0,2.6246692913372702,0.816496580927726,681.0,1416.0,687.0,1418.0,7.0,3.0,768.739990234375,768.6908365885416,0.06184219212824142,0.02061406404274714,61842.19212824142,20614.06404274714,1402
1355,1,55,55,10.0,1,1310.0,1853.0,0.0,0.0,1310.0,1853.0,1310.0,1853.0,1.0,1.0,768.739990234375,768.739990234375,0.012368282095243861,0.012368282095243861,12368.282095243861,12368.282095243861,1407
1356,24,55,68,140.0,14,1282.8805826118326,1855.0262806637809,8.637269589978212,2.4604676066348703,1271.0,1852.0,1298.0,1862.0,28.0,11.0,871.15380859375,785.6204121907552,1.2368971441363645,0.05153738100568186,1236897.1441363646,51537.381005681855,1408
1353,1,55,55,10.0,1,2.0,1666.0,0.0,0.0,2.0,1666.0,2.0,1666.0,1.0,1.0,768.739990234375,768.739990234375,0.012368282095243861,0.012368282095243861,12368.282095243861,12368.282095243861,1405
1354,1,55,55,10.0,1,26.0,1786.0,0.0,0.0,26.0,1786.0,26.0,1786.0,1.0,1.0,768.739990234375,768.739990234375,0.012368282095243861,0.012368282095243861,12368.282095243861,12368.282095243861,1406
1346,1,55,55,10.0,1,766.0,426.5,0.0,0.0,766.0,426.5,766.0,426.5,1.0,1.0,768.739990234375,768.739990234375,0.024736564190487722,0.024736564190487722,24736.564190487723,24736.564190487723,1398
1345,1,55,55,10.0,1,425.0,206.0,0.0,0.0,425.0,206.0,425.0,206.0,1.0,1.0,768.739990234375,768.739990234375,0.012368282095243861,0.012368282095243861,12368.282095243861,12368.282095243861,1397
1340,1,55,55,10.0,1,2047.0,39.0,0.0,0.0,2047.0,39.0,2047.0,39.0,1.0,1.0,768.739990234375,768.739990234375,0.012368282095243861,0.012368282095243861,12368.282095243861,12368.282095243861,1392
1342,1,55,55,10.0,1,695.0,53.0,0.0,0.0,695.0,53.0,695.0,53.0,1.0,1.0,768.739990234375,768.739990234375,0.012368282095243861,0.012368282095243861,12368.282095243861,12368.282095243861,1394
1341,1,55,55,10.0,1,2022.0,47.0,0.0,0.0,2022.0,47.0,2022.0,47.0,1.0,1.0,802.0888671875,802.0888671875,0.012368282095243861,0.012368282095243861,12368.282095243861,12368.282095243861,1393
1368,38,56,84,290.0,29,1236.2845432235354,638.2699704136767,2.2629610630431944,10.595859850180421,1231.6666666666667,617.0,1240.0,650.0,9.333333333333258,34.0,1175.4912109375,895.3869596782483,6.246709734581144,0.16438709827845116,6246709.7345811445,164387.09827845116,1420
1367,1,56,56,10.0,1,511.5,617.0,0.0,0.0,511.5,617.0,511.5,617.0,1.0,1.0,768.685302734375,768.685302734375,0.02473670630731606,0.02473670630731606,24736.706307316057,24736.706307316057,1419
1366,22,56,69,140.0,14,780.3898609723609,477.31511821511816,4.715499477949006,3.4577503409345796,771.0933333333332,470.0,788.0,483.4,17.90666666666675,14.399999999999977,942.91845703125,802.6717362837358,1.0513430639040053,0.047788321086545696,1051343.0639040053,47788.32108654569,1418
1365,20,56,69,140.0,14,786.6833333333333,431.4333333333334,8.290875171603485,3.6195457050728215,771.0,425.0,798.0,439.0,28.0,15.0,906.689453125,780.7228271484375,0.4329081374963591,0.021645406874817953,432908.13749635906,21645.406874817952,1417
1364,5,56,61,60.0,6,851.4392857142857,283.46785714285716,2.816804529090019,3.755546917968302,849.25,278.0,857.0,288.0,8.75,11.0,979.9317626953125,831.14912109375,0.6060541367318159,0.12121082734636317,606054.1367318159,121210.82734636316,1416
1363,1,56,56,10.0,1,862.0,272.0,0.0,0.0,862.0,272.0,862.0,272.0,1.0,1.0,768.685302734375,768.685302734375,0.01236835315365803,0.01236835315365803,12368.353153658029,12368.353153658029,1415
1371,2,56,57,20.0,2,624.5,1002.6666666666667,0.5,0.3333333333333144,624.0,1002.3333333333334,625.0,1003.0,2.0,1.6666666666666288,802.1314697265625,785.4083862304688,0.04947348367574927,0.024736741837874634,49473.48367574927,24736.741837874633,1423
1372,11,56,67,120.0,12,558.9675324675325,1029.3208874458874,1.0341779782165093,1.88186394726239,557.0,1025.6666666666667,561.0,1033.2380952380952,5.0,8.571428571428442,802.17919921875,783.8945978338069,0.47001568394453874,0.04272869854041261,470015.68394453876,42728.69854041261,1424
1370,2,56,59,40.0,4,1303.0,744.5,1.0,0.5,1302.0,744.0,1304.0,745.0,3.0,2.0,768.810546875,768.7479248046875,0.024736919494658637,0.012368459747329318,24736.919494658636,12368.459747329318,1422
1369,9,56,59,40.0,4,1926.2376543209878,730.929012345679,4.019907404445277,8.609927349051903,1921.0,716.0,1934.0,740.0,14.0,25.0,802.099609375,772.3885633680555,0.29684331810348213,0.0329825909003869,296843.31810348213,32982.5909003869,1421
1378,1,56,56,10.0,1,1246.0,1711.0,0.0,0.0,1246.0,1711.0,1246.0,1711.0,1.0,1.0,768.685302734375,768.685302734375,0.01236835315365803,0.01236835315365803,12368.353153658029,12368.353153658029,1430
1377,21,56,68,130.0,13,1547.2545351473923,1712.4298941798943,2.4044004863857498,8.558246240159447,1542.25,1701.4444444444443,1550.75,1728.5,9.5,28.055555555555657,979.95166015625,801.2858072916666,1.2492426832761705,0.059487746822674784,1249242.6832761704,59487.74682267478,1429
1376,3,56,60,50.0,5,1902.75,1369.25,1.8142950880897701,0.8897565210026093,1901.0,1368.0,1905.25,1370.0,5.25,3.0,802.099609375,779.8159993489584,0.06184247637831457,0.020614158792771523,61842.47637831457,20614.158792771523,1428
1375,6,56,61,60.0,6,1916.4166666666667,1312.5,2.620697532252731,3.13581462037113,1912.0,1308.0,1920.0,1316.5,9.0,9.5,802.119140625,779.8694661458334,0.09894838861633413,0.016491398102722356,98948.38861633414,16491.398102722356,1427
1374,1,56,56,10.0,1,730.0,1313.0,0.0,0.0,730.0,1313.0,730.0,1313.0,1.0,1.0,768.685302734375,768.685302734375,0.01236835315365803,0.01236835315365803,12368.353153658029,12368.353153658029,1426
1373,3,56,59,40.0,4,499.0,1071.6666666666667,0.7071067811865476,1.699673171197595,498.0,1070.0,499.5,1074.0,2.5,5.0,768.810546875,768.7079264322916,0.061842476381140835,0.020614158793713613,61842.476381140834,20614.158793713614,1425
1379,2,56,57,20.0,2,1191.5,1754.0,1.5,1.0,1190.0,1753.0,1193.0,1755.0,4.0,3.0,768.70458984375,768.6949462890625,0.02473677736843321,0.012368388684216605,24736.77736843321,12368.388684216605,1431
1359,1,56,56,10.0,1,1457.0,141.5,0.0,0.0,1457.0,141.5,1457.0,141.5,1.0,1.0,768.685302734375,768.685302734375,0.02473670630731606,0.02473670630731606,24736.706307316057,24736.706307316057,1411
1360,8,56,60,50.0,5,538.5,144.46875,6.154830984230554,1.2678842147232696,529.0,142.0,546.0,146.0,18.0,5.0,906.578125,798.5476989746094,0.3339500120181804,0.04174375150227255,333950.0120181804,41743.75150227255,1412
1361,1,56,56,10.0,1,1807.0,240.0,0.0,0.0,1807.0,240.0,1807.0,240.0,1.0,1.0,802.119140625,802.119140625,0.01236835315365803,0.01236835315365803,12368.353153658029,12368.353153658029,1413
1357,5,56,64,90.0,9,725.75,73.05,1.8841443681416772,2.0211382931407735,723.0,70.25,728.0,75.5,6.0,6.25,836.21728515625,788.89013671875,0.19789848286273684,0.03957969657254737,197898.48286273686,39579.69657254737,1409
1381,1,56,56,10.0,1,242.0,2020.0,0.0,0.0,242.0,2020.0,242.0,2020.0,1.0,1.0,768.685302734375,768.685302734375,0.01236835315365803,0.01236835315365803,12368.353153658029,12368.353153658029,1433
1380,6,56,60,50.0,5,867.7222222222222,1964.6944444444443,3.5546873940103043,0.8300862665269001,864.8333333333334,1963.0,875.0,1965.6666666666667,11.166666666666629,3.6666666666667425,802.115234375,774.2619222005209,0.16079072285386856,0.026798453808978093,160790.72285386856,26798.453808978094,1432
1358,4,56,60,50.0,5,645.375,100.125,0.649519052838329,4.668712349245775,645.0,93.0,646.5,106.0,2.5,14.0,768.810546875,768.6967163085938,0.07421090060023242,0.018552725150058104,74210.90060023242,18552.725150058104,1410
1362,3,56,58,30.0,3,860.9166666666666,261.375,3.9069027232436806,1.8902160370356258,857.0,259.625,866.25,264.0,10.25,5.375,979.96630859375,895.7990315755209,0.3215800243767641,0.10719334145892136,321580.0243767641,107193.34145892135,1414
1397,1,57,57,10.0,1,464.0,992.0,0.0,0.0,464.0,992.0,464.0,992.0,1.0,1.0,768.70458984375,768.70458984375,0.012368424214775181,0.012368424214775181,12368.424214775181,12368.424214775181,1449
1399,1,57,57,10.0,1,1936.0,1244.0,0.0,0.0,1936.0,1244.0,1936.0,1244.0,1.0,1.0,768.70458984375,768.70458984375,0.012368424214775181,0.012368424214775181,12368.424214775181,12368.424214775181,1451
1398,1,57,57,10.0,1,1974.0,1173.0,0.0,0.0,1974.0,1173.0,1974.0,1173.0,1.0,1.0,768.70458984375,768.70458984375,0.012368424214775181,0.012368424214775181,12368.424214775181,12368.424214775181,1450
1395,1,57,57,10.0,1,254.0,813.0,0.0,0.0,254.0,813.0,254.0,813.0,1.0,1.0,768.70458984375,768.70458984375,0.012368424214775181,0.012368424214775181,12368.424214775181,12368.424214775181,1447
1396,1,57,57,10.0,1,325.0,892.0,0.0,0.0,325.0,892.0,325.0,892.0,1.0,1.0,768.70458984375,768.70458984375,0.012368424214775181,0.012368424214775181,12368.424214775181,12368.424214775181,1448
1387,4,57,61,50.0,5,1707.4166666666667,165.16666666666666,0.4330127018922303,2.2173557826083434,1707.0,163.0,1708.0,168.0,2.0,6.0,942.91845703125,863.6103515625,0.09894853072622099,0.024737132681555248,98948.530726221,24737.13268155525,1439
1400,3,57,59,30.0,3,1646.1222222222223,1403.6055555555556,0.3446236093170994,0.6749942843837039,1645.6666666666667,1402.75,1646.5,1404.4,1.8333333333332575,2.650000000000091,871.18359375,848.1631266276041,0.1484218011878409,0.0494739337292803,148421.8011878409,49473.9337292803,1452
1402,1,57,57,10.0,1,2032.0,1533.0,0.0,0.0,2032.0,1533.0,2032.0,1533.0,1.0,1.0,836.2301025390625,836.2301025390625,0.012368424214775181,0.012368424214775181,12368.424214775181,12368.424214775181,1454
1401,1,57,57,10.0,1,972.0,1526.0,0.0,0.0,972.0,1526.0,972.0,1526.0,1.0,1.0,768.70458984375,768.70458984375,0.012368424214775181,0.012368424214775181,12368.424214775181,12368.424214775181,1453
1406,1,57,57,10.0,1,54.0,1910.0,0.0,0.0,54.0,1910.0,54.0,1910.0,1.0,1.0,768.70458984375,768.70458984375,0.012368424214775181,0.012368424214775181,12368.424214775181,12368.424214775181,1458
1409,28,57,70,140.0,14,776.2744985173557,2032.8721273765916,4.589535182729881,11.738206755600292,771.0714285714286,2009.0,788.0,2046.5,17.928571428571445,38.5,871.109375,791.5087236676898,1.5461006415496648,0.05521788005534517,1546100.6415496648,55217.88005534517,1461
1408,1,57,57,10.0,1,780.0,2005.5,0.0,0.0,780.0,2005.5,780.0,2005.5,1.0,1.0,768.70458984375,768.70458984375,0.024736848429550363,0.024736848429550363,24736.848429550362,24736.848429550362,1460
1407,1,57,57,10.0,1,617.0,1953.0,0.0,0.0,617.0,1953.0,617.0,1953.0,1.0,1.0,768.70458984375,768.70458984375,0.012368424214775181,0.012368424214775181,12368.424214775181,12368.424214775181,1459
1403,1,57,57,10.0,1,540.0,1542.0,0.0,0.0,540.0,1542.0,540.0,1542.0,1.0,1.0,768.70458984375,768.70458984375,0.012368424214775181,0.012368424214775181,12368.424214775181,12368.424214775181,1455
1404,1,57,57,10.0,1,53.0,1667.0,0.0,0.0,53.0,1667.0,53.0,1667.0,1.0,1.0,768.70458984375,768.70458984375,0.012368424214775181,0.012368424214775181,12368.424214775181,12368.424214775181,1456
1405,1,57,57,10.0,1,0.0,1878.0,0.0,0.0,0.0,1878.0,0.0,1878.0,1.0,1.0,768.70458984375,768.70458984375,0.012368424214775181,0.012368424214775181,12368.424214775181,12368.424214775181,1457
1385,6,57,64,80.0,8,589.4166666666666,139.0,1.9238993967691993,3.1754264805429417,586.0,134.0,592.0,143.0,7.0,10.0,768.7138671875,768.6659342447916,0.11131787883689313,0.018552979806148857,111317.87883689313,18552.97980614886,1437
1394,54,57,94,380.0,38,1271.414028522212,768.771999955483,6.099154207714168,3.135730747766829,1262.0,760.3333333333334,1286.6,774.75,25.59999999999991,15.416666666666629,1767.06591796875,980.6361942997685,6.914611630439478,0.128048363526657,6914611.630439478,128048.36352665699,1446
1393,5,57,63,70.0,7,259.412987012987,763.0155844155845,2.091826853515899,1.79925960672718,256.0,761.0,262.0,766.0,7.0,6.0,943.00830078125,831.14443359375,0.25974181197028223,0.051948362394056445,259741.81197028223,51948.36239405644,1445
1392,2,57,58,20.0,2,284.0,760.0,0.0,0.0,284.0,760.0,284.0,760.0,1.0,1.0,768.70458984375,768.666259765625,0.024736919487515975,0.012368459743757988,24736.919487515974,12368.459743757987,1444
1391,1,57,57,10.0,1,484.0,669.0,0.0,0.0,484.0,669.0,484.0,669.0,1.0,1.0,802.1314697265625,802.1314697265625,0.037105272644325546,0.037105272644325546,37105.272644325545,37105.272644325545,1443
1390,3,57,61,50.0,5,467.5,602.6666666666666,0.7071067811865476,0.9428090415820634,467.0,602.0,468.5,604.0,2.5,3.0,768.810546875,768.7430013020834,0.04947426537069735,0.01649142179023245,49474.26537069735,16491.421790232453,1442
1389,1,57,57,10.0,1,823.0,467.0,0.0,0.0,823.0,467.0,823.0,467.0,1.0,1.0,768.70458984375,768.70458984375,0.012368424214775181,0.012368424214775181,12368.424214775181,12368.424214775181,1441
1386,1,57,57,10.0,1,704.0,144.0,0.0,0.0,704.0,144.0,704.0,144.0,1.0,1.0,768.70458984375,768.70458984375,0.012368424214775181,0.012368424214775181,12368.424214775181,12368.424214775181,1438
1383,4,57,59,30.0,3,300.75,52.25,3.112474899497183,3.491060010942235,298.0,49.0,306.0,58.0,9.0,10.0,768.810546875,768.6927490234375,0.04947398110125738,0.012368495275314344,49473.98110125738,12368.495275314344,1435
1382,3,57,59,30.0,3,1993.3333333333333,20.027777777777775,1.649915822768611,0.7081971546656649,1991.0,19.333333333333332,1994.5,21.0,4.5,2.666666666666668,802.162109375,802.1310628255209,0.14842180117754672,0.049473933725848906,148421.80117754673,49473.9337258489,1434
1388,1,57,57,10.0,1,907.0,228.0,0.0,0.0,907.0,228.0,907.0,228.0,1.0,1.0,768.70458984375,768.70458984375,0.012368424214775181,0.012368424214775181,12368.424214775181,12368.424214775181,1440
1384,2,57,59,30.0,3,705.5,122.5,0.5,2.5,705.0,120.0,706.0,125.0,2.0,6.0,802.162109375,785.433349609375,0.024736990555775787,0.012368495277887893,24736.99055577579,12368.495277887894,1436
1417,1,58,58,10.0,1,454.0,617.0,0.0,0.0,454.0,617.0,454.0,617.0,1.0,1.0,768.6279296875,768.6279296875,0.012368495272740794,0.012368495272740794,12368.495272740794,12368.495272740794,1469
1419,38,58,78,210.0,21,1330.0244459267203,744.5135383232371,8.527144301497461,1.517417325727033,1310.4,741.7142857142858,1339.75,747.6923076923077,30.34999999999991,6.978021978021957,1134.948486328125,882.5581761410361,5.689775134688979,0.1497309245970784,5689775.134688979,149730.9245970784,1471
1429,2,58,59,20.0,2,364.20833333333337,1998.7083333333335,0.5416666666666572,0.04166666666662877,363.6666666666667,1998.6666666666667,364.75,1998.75,2.0833333333333144,1.0833333333332575,802.162109375,785.39501953125,0.0742111848412242,0.0371055924206121,74211.1848412242,37105.5924206121,1481
1418,20,58,78,210.0,21,515.9975465955612,676.0679020081226,3.933511820396326,6.025309599365173,510.5,668.625,522.0,687.1153846153846,12.5,19.49038461538464,1619.7890625,1067.5646484375,2.337788615010501,0.11688943075052505,2337788.615010501,116889.43075052505,1470
1414,1,58,58,10.0,1,614.0,298.0,0.0,0.0,614.0,298.0,614.0,298.0,1.0,1.0,5870.90576171875,5870.90576171875,0.012368495272740794,0.012368495272740794,12368.495272740794,12368.495272740794,1466
1413,5,58,63,60.0,6,898.5498447204969,297.2135093167702,3.785186897367122,1.8508979372888843,894.320652173913,294.0,905.0,299.0,11.679347826086996,6.0,1216.66259765625,892.11748046875,1.3234658072931136,0.2646931614586227,1323465.8072931136,264693.1614586227,1465
1416,1,58,58,10.0,1,457.0,607.0,0.0,0.0,457.0,607.0,457.0,607.0,1.0,1.0,768.6279296875,768.6279296875,0.012368495272740794,0.012368495272740794,12368.495272740794,12368.495272740794,1468
1411,1,58,58,10.0,1,381.75,147.25,0.0,0.0,381.75,147.25,381.75,147.25,1.0,1.0,768.6279296875,768.6279296875,0.049473981090963175,0.049473981090963175,49473.98109096318,49473.98109096318,1463
1412,1,58,58,10.0,1,781.0,164.0,0.0,0.0,781.0,164.0,781.0,164.0,1.0,1.0,1095.1708984375,1095.1708984375,0.012368495272740794,0.012368495272740794,12368.495272740794,12368.495272740794,1464
1415,5,58,65,80.0,8,793.4,394.0,1.3564659966250536,2.3664319132398464,791.0,391.0,795.0,398.0,5.0,8.0,768.810546875,768.7021484375,0.06184361345757618,0.012368722691515236,61843.613457576175,12368.722691515237,1467
1428,5,58,62,50.0,5,1450.6799999999998,1928.7400000000002,0.9846826900072885,3.5426543720775183,1449.0,1923.0,1452.0,1932.0,4.0,10.0,906.578125,802.91796875,0.12368616087569868,0.024737232175139737,123686.16087569868,24737.232175139736,1480
1424,1,58,58,10.0,1,994.0,1501.0,0.0,0.0,994.0,1501.0,994.0,1501.0,1.0,1.0,768.6279296875,768.6279296875,0.012368495272740794,0.012368495272740794,12368.495272740794,12368.495272740794,1476
1423,2,58,61,40.0,4,939.6666666666667,1418.0833333333335,0.3333333333333144,1.5833333333333712,939.3333333333334,1416.5,940.0,1419.6666666666667,1.6666666666666288,4.1666666666667425,768.7138671875,768.6708984375,0.0618429027660643,0.03092145138303215,61842.9027660643,30921.45138303215,1475
1426,1,58,58,10.0,1,4.0,1658.0,0.0,0.0,4.0,1658.0,4.0,1658.0,1.0,1.0,768.6279296875,768.6279296875,0.012368495272740794,0.012368495272740794,12368.495272740794,12368.495272740794,1478
1425,1,58,58,10.0,1,999.0,1529.0,0.0,0.0,999.0,1529.0,999.0,1529.0,1.0,1.0,768.6279296875,768.6279296875,0.012368495272740794,0.012368495272740794,12368.495272740794,12368.495272740794,1477
1427,1,58,58,10.0,1,1222.0,1758.0,0.0,0.0,1222.0,1758.0,1222.0,1758.0,1.0,1.0,768.6279296875,768.6279296875,0.012368495272740794,0.012368495272740794,12368.495272740794,12368.495272740794,1479
1410,2,58,59,20.0,2,527.525,127.8,0.27499999999997726,0.20000000000000284,527.25,127.6,527.8,128.0,1.5499999999999545,1.4000000000000057,943.00830078125,924.8046875,0.11131674172770639,0.055658370863853196,111316.7417277064,55658.3708638532,1462
1420,1,58,58,10.0,1,1314.6666666666667,757.8888888888888,0.0,0.0,1314.6666666666667,757.8888888888888,1314.6666666666667,757.8888888888888,1.0,1.0,836.349609375,836.349609375,0.06184247636370397,0.06184247636370397,61842.47636370397,61842.47636370397,1472
1421,1,58,58,10.0,1,237.0,784.0,0.0,0.0,237.0,784.0,237.0,784.0,1.0,1.0,768.6279296875,768.6279296875,0.012368495272740794,0.012368495272740794,12368.495272740794,12368.495272740794,1473
1422,1,58,58,10.0,1,2036.0,1348.0,0.0,0.0,2036.0,1348.0,2036.0,1348.0,1.0,1.0,768.6279296875,768.6279296875,0.012368495272740794,0.012368495272740794,12368.495272740794,12368.495272740794,1474
1446,3,59,61,30.0,3,1467.0,1299.6666666666667,0.816496580927726,1.247219128924647,1466.0,1298.0,1468.0,1301.0,3.0,4.0,802.115234375,779.8798828125,0.03710591222135572,0.012368637407118575,37105.91222135572,12368.637407118575,1498
1447,1,59,59,10.0,1,1305.0,1848.0,0.0,0.0,1305.0,1848.0,1305.0,1848.0,1.0,1.0,768.810546875,768.810546875,0.012368566341000607,0.012368566341000607,12368.566341000607,12368.566341000607,1499
1448,1,59,59,10.0,1,66.0,1908.0,0.0,0.0,66.0,1908.0,66.0,1908.0,1.0,1.0,768.810546875,768.810546875,0.012368566341000607,0.012368566341000607,12368.566341000607,12368.566341000607,1500
1445,1,59,59,10.0,1,595.0,1089.0,0.0,0.0,595.0,1089.0,595.0,1089.0,1.0,1.0,768.810546875,768.810546875,0.012368566341000607,0.012368566341000607,12368.566341000607,12368.566341000607,1497
1439,1,59,59,10.0,1,271.0,797.0,0.0,0.0,271.0,797.0,271.0,797.0,1.0,1.0,802.162109375,802.162109375,0.012368566341000607,0.012368566341000607,12368.566341000607,12368.566341000607,1491
1438,3,59,62,40.0,4,521.0,670.6666666666666,0.816496580927726,0.9428090415820634,520.0,670.0,522.0,672.0,3.0,3.0,802.052734375,779.84375,0.03710605435860036,0.012368684786200118,37106.054358600355,12368.684786200118,1490
1437,1,59,59,10.0,1,345.0,604.0,0.0,0.0,345.0,604.0,345.0,604.0,1.0,1.0,1479.19970703125,1479.19970703125,0.012368566341000607,0.012368566341000607,12368.566341000607,12368.566341000607,1489
1450,5,59,62,40.0,4,112.1,1930.0,3.5270384177096794,3.286335345030997,107.0,1924.0,116.5,1933.0,10.5,10.0,768.810546875,768.71484375,0.07421232191987889,0.014842464383975778,74212.32191987889,14842.464383975777,1502
1449,1,59,59,10.0,1,591.0,1921.0,0.0,0.0,591.0,1921.0,591.0,1921.0,1.0,1.0,768.810546875,768.810546875,0.012368566341000607,0.012368566341000607,12368.566341000607,12368.566341000607,1501
1451,1,59,59,10.0,1,69.0,1934.0,0.0,0.0,69.0,1934.0,69.0,1934.0,1.0,1.0,768.810546875,768.810546875,0.012368566341000607,0.012368566341000607,12368.566341000607,12368.566341000607,1503
1452,1,59,59,10.0,1,280.0,1997.0,0.0,0.0,280.0,1997.0,280.0,1997.0,1.0,1.0,768.810546875,768.810546875,0.012368566341000607,0.012368566341000607,12368.566341000607,12368.566341000607,1504
1443,4,59,62,40.0,4,546.75,1048.75,3.344772040064913,4.656984002549289,543.0,1042.0,552.0,1054.0,10.0,13.0,768.810546875,768.750732421875,0.049474620699600964,0.012368655174900241,49474.620699600964,12368.655174900241,1495
1444,1,59,59,10.0,1,93.0,1044.0,0.0,0.0,93.0,1044.0,93.0,1044.0,1.0,1.0,768.810546875,768.810546875,0.012368566341000607,0.012368566341000607,12368.566341000607,12368.566341000607,1496
1435,1,59,59,10.0,1,841.0,523.0,0.0,0.0,841.0,523.0,841.0,523.0,1.0,1.0,768.810546875,768.810546875,0.012368566341000607,0.012368566341000607,12368.566341000607,12368.566341000607,1487
1436,1,59,59,10.0,1,469.0,591.0,0.0,0.0,469.0,591.0,469.0,591.0,1.0,1.0,768.810546875,768.810546875,0.012368566341000607,0.012368566341000607,12368.566341000607,12368.566341000607,1488
1434,18,59,67,90.0,9,898.5648148148149,255.39120370370367,3.925281655730901,12.024402423558934,890.0,237.66666666666666,904.6666666666666,276.0,15.666666666666629,39.33333333333334,979.867919921875,787.8849419487847,0.47001539952687765,0.02611196664038209,470015.3995268777,26111.966640382092,1486
1433,1,59,59,10.0,1,1718.0,173.0,0.0,0.0,1718.0,173.0,1718.0,173.0,1.0,1.0,836.283203125,836.283203125,0.012368566341000607,0.012368566341000607,12368.566341000607,12368.566341000607,1485
1442,1,59,59,10.0,1,104.0,883.0,0.0,0.0,104.0,883.0,104.0,883.0,1.0,1.0,802.162109375,802.162109375,0.03710569902300182,0.03710569902300182,37105.69902300182,37105.69902300182,1494
1441,2,59,60,20.0,2,228.5,830.0,0.5,1.0,228.0,829.0,229.0,831.0,2.0,3.0,768.810546875,768.73681640625,0.024737203747434763,0.012368601873717381,24737.203747434763,12368.601873717382,1493
1440,8,59,66,80.0,8,445.5371794871795,820.8377976190476,0.7600866762574308,1.6242032921791032,444.4,819.0,446.5,823.5,3.1000000000000227,5.5,979.885986328125,859.6530456542969,0.6679186439085392,0.0834898304885674,667918.6439085392,83489.8304885674,1492
1430,2,59,60,20.0,2,1977.8333333333335,0.8333333333333333,0.16666666666662877,0.16666666666666669,1977.6666666666667,0.6666666666666666,1978.0,1.0,1.3333333333332575,1.3333333333333335,836.32763671875,802.569091796875,0.08658024864873845,0.043290124324369225,86580.24864873844,43290.12432436922,1482
1431,3,59,61,30.0,3,882.7142857142857,98.38095238095237,0.5084322977157676,1.747041555032774,882.0,96.0,883.1428571428571,100.14285714285714,2.1428571428571104,5.142857142857139,906.578125,825.8024088541666,0.11131731026735936,0.037105770089119784,111317.31026735935,37105.77008911978,1483
1432,1,59,59,10.0,1,932.0,127.0,0.0,0.0,932.0,127.0,932.0,127.0,1.0,1.0,768.810546875,768.810546875,0.012368566341000607,0.012368566341000607,12368.566341000607,12368.566341000607,1484
1454,2,59,59,10.0,1,921.0,2033.5,3.0,1.5,918.0,2032.0,924.0,2035.0,7.0,4.0,768.810546875,768.810546875,0.024737132682001214,0.012368566341000607,24737.132682001215,12368.566341000607,1506
1453,1,59,59,10.0,1,975.0,2023.0,0.0,0.0,975.0,2023.0,975.0,2023.0,1.0,1.0,768.810546875,768.810546875,0.012368566341000607,0.012368566341000607,12368.566341000607,12368.566341000607,1505
1470,1,60,60,10.0,1,0.0,1895.0,0.0,0.0,0.0,1895.0,0.0,1895.0,1.0,1.0,768.6630859375,768.6630859375,0.012368637406434155,0.012368637406434155,12368.637406434156,12368.637406434156,1523
1469,1,60,60,10.0,1,1167.0,1681.0,0.0,0.0,1167.0,1681.0,1167.0,1681.0,1.0,1.0,942.91845703125,942.91845703125,0.02473727481286831,0.02473727481286831,24737.274812868312,24737.274812868312,1521
1466,1,60,60,10.0,1,680.0,1438.0,0.0,0.0,680.0,1438.0,680.0,1438.0,1.0,1.0,768.6630859375,768.6630859375,0.012368637406434155,0.012368637406434155,12368.637406434156,12368.637406434156,1518
1465,4,60,62,30.0,3,2029.0,1339.75,1.224744871391589,3.897114317029974,2027.0,1336.0,2030.0,1346.0,4.0,11.0,768.7138671875,768.689697265625,0.07421225084579677,0.018553062711449193,74212.25084579678,18553.062711449194,1517
1467,1,60,60,10.0,1,964.0,1524.0,0.0,0.0,964.0,1524.0,964.0,1524.0,1.0,1.0,768.6630859375,768.6630859375,0.012368637406434155,0.012368637406434155,12368.637406434156,12368.637406434156,1519
1460,48,60,99,400.0,40,493.6638794502281,257.5395089118362,4.076180246798796,4.5291815128824355,483.0,248.0,503.0,269.0,21.0,22.0,871.18505859375,794.7836659749349,3.055350302612201,0.06365313130442085,3055350.302612201,63653.13130442085,1512
1461,2,60,62,30.0,3,824.0,463.0,2.0,1.0,822.0,462.0,826.0,464.0,5.0,3.0,768.66796875,768.66552734375,0.024737416950112945,0.012368708475056472,24737.416950112944,12368.708475056472,1513
1462,1,60,60,10.0,1,868.0,542.0,0.0,0.0,868.0,542.0,868.0,542.0,1.0,1.0,768.6630859375,768.6630859375,0.012368637406434155,0.012368637406434155,12368.637406434156,12368.637406434156,1514
1458,1,60,60,10.0,1,700.0,150.0,0.0,0.0,700.0,150.0,700.0,150.0,1.0,1.0,802.115234375,802.115234375,0.012368637406434155,0.012368637406434155,12368.637406434156,12368.637406434156,1510
1457,1,60,60,10.0,1,345.0,123.0,0.0,0.0,345.0,123.0,345.0,123.0,1.0,1.0,768.6630859375,768.6630859375,0.012368637406434155,0.012368637406434155,12368.637406434156,12368.637406434156,1509
1456,34,60,83,240.0,24,477.27967367599723,70.9268670871612,2.0207397434951035,5.143855075212875,473.0,61.0,480.5,83.0,8.5,23.0,942.91845703125,816.8080982881434,2.449140187964417,0.0720335349401299,2449140.1879644166,72033.5349401299,1508
1455,2,60,63,40.0,4,682.5,52.0,1.5,1.0,681.0,51.0,684.0,53.0,4.0,3.0,768.6630859375,768.65673828125,0.02473748801812762,0.01236874400906381,24737.48801812762,12368.74400906381,1507
1463,1,60,60,10.0,1,95.0,1210.0,0.0,0.0,95.0,1210.0,95.0,1210.0,1.0,1.0,3449.55224609375,3449.55224609375,0.012368637406434155,0.012368637406434155,12368.637406434156,12368.637406434156,1515
1464,1,60,60,10.0,1,1385.0,1323.0,0.0,0.0,1385.0,1323.0,1385.0,1323.0,1.0,1.0,871.1484375,871.1484375,0.012368637406434155,0.012368637406434155,12368.637406434156,12368.637406434156,1516
1471,1,60,60,10.0,1,642.0,1967.0,0.0,0.0,642.0,1967.0,642.0,1967.0,1.0,1.0,768.6630859375,768.6630859375,0.012368637406434155,0.012368637406434155,12368.637406434156,12368.637406434156,1524
1468,1,60,60,10.0,1,1918.0,1639.0,0.0,0.0,1918.0,1639.0,1918.0,1639.0,1.0,1.0,802.115234375,802.115234375,0.012368637406434155,0.012368637406434155,12368.637406434156,12368.637406434156,1520
1459,1,60,60,10.0,1,1490.0,156.0,0.0,0.0,1490.0,156.0,1490.0,156.0,1.0,1.0,802.115234375,802.115234375,0.012368637406434155,0.012368637406434155,12368.637406434156,12368.637406434156,1511
1472,1,61,61,10.0,1,1504.0,169.0,0.0,0.0,1504.0,169.0,1504.0,169.0,1.0,1.0,768.7138671875,768.7138671875,0.012368708473920959,0.012368708473920959,12368.708473920959,12368.708473920959,1525
1493,1,61,61,10.0,1,927.0,1441.0,0.0,0.0,927.0,1441.0,927.0,1441.0,1.0,1.0,768.7138671875,768.7138671875,0.012368708473920959,0.012368708473920959,12368.708473920959,12368.708473920959,1546
1494,2,61,64,40.0,4,951.625,1471.625,0.375,0.375,951.25,1471.25,952.0,1472.0,1.75,1.75,768.7138671875,768.6748046875,0.06184375558059014,0.03092187779029507,61843.755580590136,30921.877790295068,1547
1495,3,61,62,20.0,2,996.5,1517.1666666666667,3.6742346141747673,4.552166761249221,992.0,1513.0,1001.0,1523.5,10.0,11.5,836.21728515625,791.19970703125,0.04947490496544167,0.016491634988480556,49474.904965441674,16491.634988480557,1548
1476,5,61,66,60.0,6,513.95,282.95,2.0273134932713295,5.537147279962851,511.0,275.0,517.0,291.0,7.0,17.0,802.1064453125,775.376171875,0.11132050840241772,0.022264101680483546,111320.50840241772,22264.101680483545,1529
1477,5,61,63,30.0,3,869.04,293.78000000000003,4.018258329176954,5.172388229821886,864.0,285.0,874.5,300.5,11.5,16.5,802.052734375,775.337890625,0.13605643283572155,0.027211286567144312,136056.43283572156,27211.28656714431,1530
1478,2,61,63,30.0,3,798.5,410.5,0.5,2.5,798.0,408.0,799.0,413.0,2.0,6.0,768.7138671875,768.68212890625,0.024737559085614425,0.012368779542807212,24737.559085614426,12368.779542807213,1531
1479,1,61,61,10.0,1,1578.0,449.0,0.0,0.0,1578.0,449.0,1578.0,449.0,1.0,1.0,768.7138671875,768.7138671875,0.012368708473920959,0.012368708473920959,12368.708473920959,12368.708473920959,1532
1480,1,61,61,10.0,1,447.0,645.0,0.0,0.0,447.0,645.0,447.0,645.0,1.0,1.0,768.7138671875,768.7138671875,0.012368708473920959,0.012368708473920959,12368.708473920959,12368.708473920959,1533
1475,1,61,61,10.0,1,378.0,271.0,0.0,0.0,378.0,271.0,378.0,271.0,1.0,1.0,768.7138671875,768.7138671875,0.012368708473920959,0.012368708473920959,12368.708473920959,12368.708473920959,1528
1496,2,61,62,20.0,2,539.5,1542.5,0.5,0.5,539.0,1542.0,540.0,1543.0,2.0,2.0,802.052734375,785.3603515625,0.02473748801759975,0.012368744008799875,24737.48801759975,12368.744008799875,1549
1492,1,61,61,10.0,1,1018.0,1412.0,0.0,0.0,1018.0,1412.0,1018.0,1412.0,1.0,1.0,768.7138671875,768.7138671875,0.012368708473920959,0.012368708473920959,12368.708473920959,12368.708473920959,1545
1491,1,61,61,10.0,1,1716.0,1338.0,0.0,0.0,1716.0,1338.0,1716.0,1338.0,1.0,1.0,768.7138671875,768.7138671875,0.012368708473920959,0.012368708473920959,12368.708473920959,12368.708473920959,1544
1498,6,61,67,70.0,7,1253.3333333333333,1751.5,3.41158158174312,3.2145502536643185,1247.0,1745.0,1258.0,1755.5,12.0,11.5,768.7138671875,768.6773681640625,0.12368871937029177,0.020614786561715295,123688.71937029177,20614.786561715297,1551
1497,3,61,63,30.0,3,1189.0,1752.1666666666667,1.4142135623730951,0.6236095644623235,1188.0,1751.5,1191.0,1753.0,4.0,2.5,768.7138671875,768.6774088541666,0.04947518924098668,0.01649172974699556,49475.18924098668,16491.72974699556,1550
1501,3,61,63,30.0,3,939.6666666666666,2043.6666666666667,6.128258770283411,1.247219128924647,932.0,2042.0,947.0,2045.0,16.0,4.0,768.7138671875,768.6715494791666,0.03710640969730789,0.012368803232435964,37106.40969730789,12368.803232435965,1554
1500,1,61,61,10.0,1,142.0,1959.5,0.0,0.0,142.0,1959.5,142.0,1959.5,1.0,1.0,802.052734375,802.052734375,0.024737416947841918,0.024737416947841918,24737.416947841917,24737.416947841917,1553
1489,1,61,61,10.0,1,2032.0,1060.0,0.0,0.0,2032.0,1060.0,2032.0,1060.0,1.0,1.0,768.7138671875,768.7138671875,0.012368708473920959,0.012368708473920959,12368.708473920959,12368.708473920959,1542
1490,1,61,61,10.0,1,263.0,1256.0,0.0,0.0,263.0,1256.0,263.0,1256.0,1.0,1.0,768.7138671875,768.7138671875,0.012368708473920959,0.012368708473920959,12368.708473920959,12368.708473920959,1543
1481,1,61,61,10.0,1,1295.0,766.0,0.0,0.0,1295.0,766.0,1295.0,766.0,1.0,1.0,768.7138671875,768.7138671875,0.012368708473920959,0.012368708473920959,12368.708473920959,12368.708473920959,1534
1482,1,61,61,10.0,1,1334.5,783.0,0.0,0.0,1334.5,783.0,1334.5,783.0,1.0,1.0,802.052734375,802.052734375,0.024737416947841918,0.024737416947841918,24737.416947841917,24737.416947841917,1535
1484,3,61,62,20.0,2,686.0363636363636,918.7545454545456,0.7403372026000695,3.72532839161119,685.2,914.4,687.0,923.5,2.7999999999999545,10.100000000000023,1017.6005859375,920.1429850260416,0.22263710787936644,0.07421236929312215,222637.10787936643,74212.36929312214,1537
1483,1,61,61,10.0,1,320.0,906.0,0.0,0.0,320.0,906.0,320.0,906.0,1.0,1.0,768.7138671875,768.7138671875,0.012368708473920959,0.012368708473920959,12368.708473920959,12368.708473920959,1536
1474,1,61,61,10.0,1,893.3333333333334,229.66666666666666,0.0,0.0,893.3333333333334,229.66666666666666,893.3333333333334,229.66666666666666,1.0,1.0,768.7138671875,768.7138671875,0.03710612542176288,0.03710612542176288,37106.12542176288,37106.12542176288,1527
1473,6,61,64,40.0,4,842.5817901234568,178.18595679012347,4.27465152408235,2.320247354726051,837.0,176.0,850.0,181.74074074074073,14.0,6.740740740740733,979.970703125,843.740966796875,0.5442251628021612,0.0907041938003602,544225.1628021612,90704.1938003602,1526
1485,1,61,61,10.0,1,49.0,955.0,0.0,0.0,49.0,955.0,49.0,955.0,1.0,1.0,768.7138671875,768.7138671875,0.012368708473920959,0.012368708473920959,12368.708473920959,12368.708473920959,1538
1486,3,61,64,40.0,4,499.6666666666667,983.0,2.0548046676563256,0.816496580927726,497.0,982.0,502.0,984.0,6.0,3.0,768.7138671875,768.6725260416666,0.03710640970250605,0.012368803234168684,37106.409702506055,12368.803234168683,1539
1487,1,61,61,10.0,1,251.0,1002.0,0.0,0.0,251.0,1002.0,251.0,1002.0,1.0,1.0,768.7138671875,768.7138671875,0.012368708473920959,0.012368708473920959,12368.708473920959,12368.708473920959,1540
1488,2,61,62,20.0,2,76.0,1028.5,0.0,1.5,76.0,1027.0,76.0,1030.0,1.0,4.0,768.7138671875,768.69091796875,0.02473748801759975,0.012368744008799875,24737.48801759975,12368.744008799875,1541
1499,16,61,74,140.0,14,383.269735981611,1758.7418196386946,4.356098428447786,0.5521841787082717,376.1333333333333,1758.0,389.8888888888889,1760.0,14.755555555555588,3.0,1868.797119140625,1049.0543823242188,2.523314327625926,0.15770714547662038,2523314.327625926,157707.14547662038,1552
1510,1,62,62,10.0,1,529.0,1090.0,0.0,0.0,529.0,1090.0,529.0,1090.0,1.0,1.0,768.66796875,768.66796875,0.012368779543678791,0.012368779543678791,12368.779543678791,12368.779543678791,1563
1509,1,62,62,10.0,1,619.0,1062.0,0.0,0.0,619.0,1062.0,619.0,1062.0,1.0,1.0,768.66796875,768.66796875,0.012368779543678791,0.012368779543678791,12368.779543678791,12368.779543678791,1562
1512,1,62,62,10.0,1,1865.0,1345.0,0.0,0.0,1865.0,1345.0,1865.0,1345.0,1.0,1.0,768.66796875,768.66796875,0.012368779543678791,0.012368779543678791,12368.779543678791,12368.779543678791,1565
1507,1,62,62,10.0,1,320.0,872.0,0.0,0.0,320.0,872.0,320.0,872.0,1.0,1.0,802.1376953125,802.1376953125,0.012368779543678791,0.012368779543678791,12368.779543678791,12368.779543678791,1560
1508,1,62,62,10.0,1,319.0,896.0,0.0,0.0,319.0,896.0,319.0,896.0,1.0,1.0,768.66796875,768.66796875,0.012368779543678791,0.012368779543678791,12368.779543678791,12368.779543678791,1561
1511,1,62,62,10.0,1,499.0,1301.0,0.0,0.0,499.0,1301.0,499.0,1301.0,1.0,1.0,768.66796875,768.66796875,0.012368779543678791,0.012368779543678791,12368.779543678791,12368.779543678791,1564
1516,10,62,68,70.0,7,3.1333333333333337,1677.35,3.7607623340665035,4.483581157958446,0.0,1671.0,11.0,1685.0,12.0,15.0,802.1376953125,778.7156982421875,0.22264115895333153,0.022264115895333152,222641.15895333153,22264.11589533315,1569
1514,1,62,62,10.0,1,917.0,1444.0,0.0,0.0,917.0,1444.0,917.0,1444.0,1.0,1.0,768.66796875,768.66796875,0.012368779543678791,0.012368779543678791,12368.779543678791,12368.779543678791,1567
1513,1,62,62,10.0,1,699.0,1411.0,0.0,0.0,699.0,1411.0,699.0,1411.0,1.0,1.0,768.66796875,768.66796875,0.012368779543678791,0.012368779543678791,12368.779543678791,12368.779543678791,1566
1515,8,62,75,140.0,14,1372.3333333333335,1669.0833333333335,0.8207381501496908,0.7949493345141164,1371.0,1668.0,1373.6666666666667,1670.0,3.6666666666667425,3.0,1056.016357421875,874.013671875,0.1731705188988929,0.021646314862361613,173170.5188988929,21646.31486236161,1568
1524,1,62,62,10.0,1,601.0,1964.0,0.0,0.0,601.0,1964.0,601.0,1964.0,1.0,1.0,768.66796875,768.66796875,0.012368779543678791,0.012368779543678791,12368.779543678791,12368.779543678791,1577
1504,1,62,62,10.0,1,454.0,614.0,0.0,0.0,454.0,614.0,454.0,614.0,1.0,1.0,768.66796875,768.66796875,0.012368779543678791,0.012368779543678791,12368.779543678791,12368.779543678791,1557
1503,1,62,62,10.0,1,865.0,518.0,0.0,0.0,865.0,518.0,865.0,518.0,1.0,1.0,768.66796875,768.66796875,0.012368779543678791,0.012368779543678791,12368.779543678791,12368.779543678791,1556
1502,4,62,65,40.0,4,708.125,141.625,1.243734296383275,2.161452058223823,706.5,139.5,710.0,145.0,4.5,6.5,768.7080078125,768.66552734375,0.07421317475387117,0.01855329368846779,74213.17475387116,18553.29368846779,1555
1523,1,62,62,10.0,1,94.0,1940.0,0.0,0.0,94.0,1940.0,94.0,1940.0,1.0,1.0,768.66796875,768.66796875,0.024737559087357582,0.024737559087357582,24737.559087357582,24737.559087357582,1576
1522,1,62,62,10.0,1,128.0,1932.0,0.0,0.0,128.0,1932.0,128.0,1932.0,1.0,1.0,836.32470703125,836.32470703125,0.012368779543678791,0.012368779543678791,12368.779543678791,12368.779543678791,1575
1521,1,62,62,10.0,1,594.0,1926.0,0.0,0.0,594.0,1926.0,594.0,1926.0,1.0,1.0,768.66796875,768.66796875,0.012368779543678791,0.012368779543678791,12368.779543678791,12368.779543678791,1574
1506,13,62,80,190.0,19,274.13461538461536,780.0,3.7385921154783874,4.9156343983723545,267.5,776.25,280.0,793.5,13.5,18.25,871.1484375,792.0337477463943,0.30923491299381256,0.023787300999524044,309234.9129938126,23787.300999524043,1559
1505,2,62,63,20.0,2,1965.875,615.5,0.875,0.5,1965.0,615.0,1966.75,616.0,2.75,2.0,802.1376953125,785.39404296875,0.04947533137875919,0.024737665689379594,49475.33137875919,24737.665689379595,1558
1517,1,62,62,10.0,1,1222.0,1755.0,0.0,0.0,1222.0,1755.0,1222.0,1755.0,1.0,1.0,768.66796875,768.66796875,0.012368779543678791,0.012368779543678791,12368.779543678791,12368.779543678791,1570
1518,1,62,62,10.0,1,396.0,1767.5,0.0,0.0,396.0,1767.5,396.0,1767.5,1.0,1.0,768.66796875,768.66796875,0.024737559087357582,0.024737559087357582,24737.559087357582,24737.559087357582,1571
1519,4,62,65,40.0,4,1280.9523809523807,1827.4404761904761,2.084727424718694,1.2095495872769237,1279.142857142857,1826.0,1284.5,1829.3333333333335,6.35714285714289,4.333333333333485,871.09765625,819.3780517578125,0.1979025337496635,0.04947563343741587,197902.5337496635,49475.633437415876,1572
1520,1,62,62,10.0,1,116.0,1885.0,0.0,0.0,116.0,1885.0,116.0,1885.0,1.0,1.0,768.66796875,768.66796875,0.012368779543678791,0.012368779543678791,12368.779543678791,12368.779543678791,1573
1528,2,63,64,20.0,2,825.7,202.8,1.3000000000000114,3.200000000000003,824.4,199.6,827.0,206.0,3.6000000000000227,7.400000000000006,1258.60791015625,1047.416259765625,0.2473773675999335,0.12368868379996675,247377.3675999335,123688.68379996675,1581
1527,2,63,64,20.0,2,721.0,103.0,1.0,0.0,720.0,103.0,722.0,103.0,3.0,1.0,768.650390625,768.64306640625,0.024737772296599767,0.012368886148299884,24737.772296599767,12368.886148299884,1580
1543,6,63,68,60.0,6,748.2666666666668,1323.9916666666666,1.3186693629901665,1.46356205501813,746.0,1322.5,749.5,1327.0,4.5,5.5,802.17919921875,774.2777099609375,0.1855359575301518,0.030922659588358634,185535.95753015182,30922.659588358634,1596
1544,1,63,63,10.0,1,1023.0,1458.0,0.0,0.0,1023.0,1458.0,1023.0,1458.0,1.0,1.0,768.650390625,768.650390625,0.012368850611693466,0.012368850611693466,12368.850611693466,12368.850611693466,1597
1539,1,63,63,10.0,1,571.0,1048.5,0.0,0.0,571.0,1048.5,571.0,1048.5,1.0,1.0,768.650390625,768.650390625,0.02473770122338693,0.02473770122338693,24737.70122338693,24737.70122338693,1592
1540,3,63,64,20.0,2,529.6944444444445,1066.7222222222224,2.6704255914565875,3.6268886097665125,527.0,1061.6666666666667,533.3333333333334,1070.0,7.333333333333371,9.333333333333258,768.650390625,768.6455078125,0.0865820253550671,0.0288606751183557,86582.02535506709,28860.6751183557,1593
1526,2,63,64,20.0,2,721.5,89.5,0.5,1.5,721.0,88.0,722.0,91.0,2.0,4.0,871.15380859375,819.902099609375,0.024737772296599767,0.012368886148299884,24737.772296599767,12368.886148299884,1579
1525,1,63,63,10.0,1,963.5,62.0,0.0,0.0,963.5,62.0,963.5,62.0,1.0,1.0,979.8447265625,979.8447265625,0.07421310367016079,0.07421310367016079,74213.1036701608,74213.1036701608,1578
1541,1,63,63,10.0,1,563.0,1294.0,0.0,0.0,563.0,1294.0,563.0,1294.0,1.0,1.0,802.10888671875,802.10888671875,0.012368850611693466,0.012368850611693466,12368.850611693466,12368.850611693466,1594
1542,1,63,63,10.0,1,1938.0,1304.0,0.0,0.0,1938.0,1304.0,1938.0,1304.0,1.0,1.0,768.650390625,768.650390625,0.012368850611693466,0.012368850611693466,12368.850611693466,12368.850611693466,1595
1538,1,63,63,10.0,1,73.0,958.0,0.0,0.0,73.0,958.0,73.0,958.0,1.0,1.0,768.650390625,768.650390625,0.012368850611693466,0.012368850611693466,12368.850611693466,12368.850611693466,1591
1537,1,63,63,10.0,1,236.0,815.0,0.0,0.0,236.0,815.0,236.0,815.0,1.0,1.0,768.650390625,768.650390625,0.012368850611693466,0.012368850611693466,12368.850611693466,12368.850611693466,1590
1534,1,63,63,10.0,1,443.0,625.0,0.0,0.0,443.0,625.0,443.0,625.0,1.0,1.0,768.650390625,768.650390625,0.012368850611693466,0.012368850611693466,12368.850611693466,12368.850611693466,1587
1533,6,63,67,50.0,5,1231.3333333333333,615.375,1.51840559652405,2.9991318188213514,1229.0,611.5,1233.5,620.0,5.5,9.5,906.690673828125,814.6648152669271,0.3339633730874701,0.055660562181245016,333963.37308747007,55660.56218124502,1586
1532,4,63,67,50.0,5,470.75,596.25,1.0897247358851685,2.8613807855648994,469.0,592.0,472.0,600.0,4.0,9.0,768.7421875,768.6972045898438,0.061844892724251824,0.015461223181062956,61844.892724251826,15461.223181062956,1585
1531,1,63,63,10.0,1,354.0,338.0,0.0,0.0,354.0,338.0,354.0,338.0,1.0,1.0,768.650390625,768.650390625,0.012368850611693466,0.012368850611693466,12368.850611693466,12368.850611693466,1584
1530,1,63,63,10.0,1,916.0,298.0,0.0,0.0,916.0,298.0,916.0,298.0,1.0,1.0,768.650390625,768.650390625,0.012368850611693466,0.012368850611693466,12368.850611693466,12368.850611693466,1583
1529,11,63,72,100.0,10,1756.038474025974,222.87646103896103,3.813712729017976,1.2812700105188408,1750.0,220.0,1765.0,224.375,16.0,5.375,942.9638671875,809.1017400568181,0.5442430023561903,0.04947663657783548,544243.0023561902,49476.63657783548,1582
1536,1,63,63,10.0,1,253.0,806.5,0.0,0.0,253.0,806.5,253.0,806.5,1.0,1.0,768.650390625,768.650390625,0.02473770122338693,0.02473770122338693,24737.70122338693,24737.70122338693,1589
1535,8,63,70,80.0,8,246.29166666666669,773.6458333333333,1.0565601944254972,4.294244775795213,244.0,769.6666666666666,247.5,781.0,4.5,12.333333333333371,836.2529296875,793.9358215332031,0.1855368815653775,0.02319211019567219,185536.88156537752,23192.11019567219,1588
1545,1,63,63,10.0,1,2.0,1865.0,0.0,0.0,2.0,1865.0,2.0,1865.0,1.0,1.0,768.650390625,768.650390625,0.012368850611693466,0.012368850611693466,12368.850611693466,12368.850611693466,1598
1550,1,64,64,10.0,1,1776.0,219.0,0.0,0.0,1776.0,219.0,1776.0,219.0,1.0,1.0,768.6357421875,768.6357421875,0.012368921684906302,0.012368921684906302,12368.921684906301,12368.921684906301,1603
1549,1,64,64,10.0,1,926.0,159.0,0.0,0.0,926.0,159.0,926.0,159.0,1.0,1.0,768.6357421875,768.6357421875,0.012368921684906302,0.012368921684906302,12368.921684906301,12368.921684906301,1602
1548,6,64,73,100.0,10,882.5,114.25,0.7637626158259734,7.034142923389221,882.0,106.0,884.0,125.0,3.0,20.0,836.28173828125,791.2391357421875,0.11132299610418946,0.018553832684031577,111322.99610418946,18553.83268403158,1601
1547,1,64,64,10.0,1,302.0,47.5,0.0,0.0,302.0,47.5,302.0,47.5,1.0,1.0,802.16796875,802.16796875,0.024737843369812603,0.024737843369812603,24737.843369812603,24737.843369812603,1600
1554,1,64,64,10.0,1,1307.8333333333333,438.8333333333333,0.0,0.0,1307.8333333333333,438.8333333333333,1307.8333333333333,438.8333333333333,1.0,1.0,2599.11376953125,2599.11376953125,0.0742135301094378,0.0742135301094378,74213.53010943781,74213.53010943781,1607
1553,1,64,64,10.0,1,804.0,426.0,0.0,0.0,804.0,426.0,804.0,426.0,1.0,1.0,768.6357421875,768.6357421875,0.012368921684906302,0.012368921684906302,12368.921684906301,12368.921684906301,1606
1552,1,64,64,10.0,1,881.0,325.0,0.0,0.0,881.0,325.0,881.0,325.0,1.0,1.0,768.6357421875,768.6357421875,0.012368921684906302,0.012368921684906302,12368.921684906301,12368.921684906301,1605
1546,1,64,64,10.0,1,2046.0,28.5,0.0,0.0,2046.0,28.5,2046.0,28.5,1.0,1.0,802.16796875,802.16796875,0.024737843369812603,0.024737843369812603,24737.843369812603,24737.843369812603,1599
1551,1,64,64,10.0,1,878.0,309.0,0.0,0.0,878.0,309.0,878.0,309.0,1.0,1.0,768.6357421875,768.6357421875,0.012368921684906302,0.012368921684906302,12368.921684906301,12368.921684906301,1604
1567,2,64,67,40.0,4,723.5,1372.0,0.5,1.0,723.0,1371.0,724.0,1373.0,2.0,3.0,768.688232421875,768.6619873046875,0.02473805659526463,0.012369028297632315,24738.056595264632,12369.028297632316,1620
1568,4,64,67,40.0,4,892.5,1456.25,3.2015621187164243,1.7853571071357126,888.0,1454.0,896.0,1459.0,9.0,6.0,802.1064453125,777.0346069335938,0.061845177018057404,0.015461294254514351,61845.1770180574,15461.29425451435,1621
1569,1,64,64,10.0,1,1453.0,1504.0,0.0,0.0,1453.0,1504.0,1453.0,1504.0,1.0,1.0,871.15380859375,871.15380859375,0.012368921684906302,0.012368921684906302,12368.921684906301,12368.921684906301,1622
1570,3,64,68,50.0,5,54.922222222222224,1696.4444444444443,1.6366934447534043,1.4163943093313043,53.0,1694.5,57.0,1697.8333333333333,5.0,4.3333333333332575,836.224609375,813.504150390625,0.16079740340377044,0.05359913446792348,160797.40340377044,53599.134467923475,1623
1571,1,64,64,10.0,1,1268.0,1748.0,0.0,0.0,1268.0,1748.0,1268.0,1748.0,1.0,1.0,768.6357421875,768.6357421875,0.012368921684906302,0.012368921684906302,12368.921684906301,12368.921684906301,1624
1572,1,64,64,10.0,1,603.0,1924.0,0.0,0.0,603.0,1924.0,603.0,1924.0,1.0,1.0,836.224609375,836.224609375,0.012368921684906302,0.012368921684906302,12368.921684906301,12368.921684906301,1625
1573,12,64,71,80.0,8,890.4922511548478,1950.5005857167428,4.224562938477209,2.1892714766140258,881.0,1946.875,895.1666666666666,1955.0,15.166666666666629,9.125,836.296875,788.2755126953125,1.0513731979876868,0.08761443316564056,1051373.1979876868,87614.43316564056,1626
1566,1,64,64,10.0,1,1898.2,1358.4,0.0,0.0,1898.2,1358.4,1898.2,1358.4,1.0,1.0,802.16796875,802.16796875,0.06184460842453151,0.06184460842453151,61844.60842453151,61844.60842453151,1619
1563,1,64,64,10.0,1,519.0,1080.0,0.0,0.0,519.0,1080.0,519.0,1080.0,1.0,1.0,768.6357421875,768.6357421875,0.012368921684906302,0.012368921684906302,12368.921684906301,12368.921684906301,1616
1564,16,64,78,150.0,15,920.6719717782219,1116.797792832168,1.7201358011962746,0.960983734801036,917.0,1114.6666666666667,925.0,1119.0,9.0,5.3333333333332575,6820.17578125,2572.2273864746094,2.2759615567501945,0.14224759729688716,2275961.5567501946,142247.59729688716,1617
1561,3,64,66,30.0,3,331.5333333333333,881.1333333333332,0.6182412330330384,0.9568466729605131,331.0,879.8,332.4,882.0,2.3999999999999773,3.2000000000000455,836.21923828125,813.51318359375,0.16079690586062362,0.053598968620207875,160796.9058606236,53598.968620207874,1614
1562,1,64,64,10.0,1,332.0,895.6666666666666,0.0,0.0,332.0,895.6666666666666,332.0,895.6666666666666,1.0,1.0,802.16796875,802.16796875,0.0371067650547189,0.0371067650547189,37106.765054718904,37106.765054718904,1615
1565,1,64,64,10.0,1,1827.0,1167.0,0.0,0.0,1827.0,1167.0,1827.0,1167.0,1.0,1.0,802.16796875,802.16796875,0.012368921684906302,0.012368921684906302,12368.921684906301,12368.921684906301,1618
1560,1,64,64,10.0,1,188.5,867.0,0.0,0.0,188.5,867.0,188.5,867.0,1.0,1.0,906.607421875,906.607421875,0.049475686739625206,0.049475686739625206,49475.686739625206,49475.686739625206,1613
1557,2,64,64,10.0,1,1310.5,759.0,2.5,2.0,1308.0,757.0,1313.0,761.0,6.0,5.0,768.6357421875,768.6357421875,0.024737843369812603,0.012368921684906302,24737.843369812603,12368.921684906301,1610
1558,2,64,66,30.0,3,222.41666666666669,769.5833333333333,0.9166666666666714,1.0833333333333144,221.5,768.5,223.33333333333334,770.6666666666666,2.833333333333343,3.1666666666666288,836.224609375,802.4833984375,0.06184489271929132,0.03092244635964566,61844.89271929132,30922.44635964566,1611
1559,2,64,67,40.0,4,232.0,828.0,0.0,0.0,232.0,828.0,232.0,828.0,1.0,1.0,768.688232421875,768.6619873046875,0.02473805659526463,0.012369028297632315,24738.056595264632,12369.028297632316,1612
1556,1,64,64,10.0,1,435.0,608.0,0.0,0.0,435.0,608.0,435.0,608.0,1.0,1.0,768.6357421875,768.6357421875,0.012368921684906302,0.012368921684906302,12368.921684906301,12368.921684906301,1609
1555,1,64,64,10.0,1,758.0,459.5,0.0,0.0,758.0,459.5,758.0,459.5,1.0,1.0,768.6357421875,768.6357421875,0.024737843369812603,0.024737843369812603,24737.843369812603,24737.843369812603,1608
1590,1,65,65,10.0,1,2016.0,1152.0,0.0,0.0,2016.0,1152.0,2016.0,1152.0,1.0,1.0,768.7080078125,768.7080078125,0.01236899275822035,0.01236899275822035,12368.992758220349,12368.992758220349,1643
1574,1,65,65,10.0,1,793.0,23.0,0.0,0.0,793.0,23.0,793.0,23.0,1.0,1.0,768.7080078125,768.7080078125,0.01236899275822035,0.01236899275822035,12368.992758220349,12368.992758220349,1627
1592,1,65,65,10.0,1,1754.0,1319.0,0.0,0.0,1754.0,1319.0,1754.0,1319.0,1.0,1.0,768.7080078125,768.7080078125,0.01236899275822035,0.01236899275822035,12368.992758220349,12368.992758220349,1645
1591,3,65,67,30.0,3,1468.0,1299.0,0.0,1.0801234497346435,1468.0,1298.0,1468.0,1300.5,1.0,3.5,906.6881103515625,859.9827067057291,0.08658344683401599,0.028861148944671997,86583.446834016,28861.148944671997,1644
1581,6,65,68,40.0,4,793.1018518518518,509.2037037037037,3.9545276268746226,1.7268952928703318,789.0,506.6666666666667,797.6666666666666,512.0,9.666666666666629,6.333333333333314,871.09765625,802.6081136067709,0.27211919111807864,0.045353198519679776,272119.19111807866,45353.198519679776,1634
1580,1,65,65,10.0,1,1552.0,434.0,0.0,0.0,1552.0,434.0,1552.0,434.0,1.0,1.0,768.7080078125,768.7080078125,0.01236899275822035,0.01236899275822035,12368.992758220349,12368.992758220349,1633
1579,7,65,69,50.0,5,858.9285714285714,267.35714285714283,3.385141603163653,9.410155174499687,853.0,251.0,862.0,280.5,10.0,30.5,871.09765625,797.7674734933036,0.1360601286398753,0.019437161234267898,136060.1286398753,19437.161234267896,1632
1578,1,65,65,10.0,1,843.0,160.5,0.0,0.0,843.0,160.5,843.0,160.5,1.0,1.0,836.22265625,836.22265625,0.0494759710328814,0.0494759710328814,49475.971032881396,49475.971032881396,1631
1585,1,65,65,10.0,1,295.0,844.0,0.0,0.0,295.0,844.0,295.0,844.0,1.0,1.0,768.7080078125,768.7080078125,0.01236899275822035,0.01236899275822035,12368.992758220349,12368.992758220349,1638
1584,9,65,71,70.0,7,1291.3363205250203,750.4667555698516,4.180271038310733,2.002493231063195,1287.0,747.4705882352941,1299.142857142857,753.2857142857143,13.14285714285711,6.81512605042019,1525.28369140625,981.2681206597222,1.7687951770045005,0.1965327974449445,1768795.1770045005,196532.7974449445,1637
1583,1,65,65,10.0,1,347.5,621.0,0.0,0.0,347.5,621.0,347.5,621.0,1.0,1.0,802.15234375,802.15234375,0.0247379855164407,0.0247379855164407,24737.985516440698,24737.985516440698,1636
1582,9,65,68,40.0,4,865.2222222222222,539.3333333333334,4.262961354055751,3.80058475033046,857.0,534.0,871.0,545.0,15.0,12.0,802.15234375,772.4417860243055,0.11132157450356257,0.012369063833729176,111321.57450356257,12369.063833729175,1635
1577,1,65,65,10.0,1,923.0,121.0,0.0,0.0,923.0,121.0,923.0,121.0,1.0,1.0,768.7080078125,768.7080078125,0.01236899275822035,0.01236899275822035,12368.992758220349,12368.992758220349,1630
1596,1,65,65,10.0,1,34.0,1921.0,0.0,0.0,34.0,1921.0,34.0,1921.0,1.0,1.0,768.7080078125,768.7080078125,0.01236899275822035,0.01236899275822035,12368.992758220349,12368.992758220349,1649
1597,5,65,68,40.0,4,638.75,1945.15,0.46770717334674267,3.613689250613561,638.0,1938.0,639.375,1947.5,2.375,10.5,802.15234375,788.754150390625,0.1979051634946907,0.03958103269893814,197905.1634946907,39581.032698938136,1650
1594,2,65,66,20.0,2,355.66666666666663,1802.5,1.6666666666666572,3.5,354.0,1799.0,357.3333333333333,1806.0,4.333333333333314,8.0,802.15234375,802.12939453125,0.07421416977151968,0.03710708488575984,74214.16977151968,37107.08488575984,1647
1593,7,65,75,110.0,11,991.7857142857143,1544.2142857142858,0.9948848769417302,1.508479434424483,990.6666666666666,1542.1666666666667,993.0,1546.0,3.3333333333333712,4.8333333333332575,802.185546875,792.5789271763393,0.18553944045315615,0.02650563435045088,185539.44045315616,26505.63435045088,1646
1598,2,65,68,40.0,4,625.5,1958.0,0.5,2.0,625.0,1956.0,626.0,1960.0,2.0,5.0,768.750732421875,768.7293701171875,0.024738198747618696,0.012369099373809348,24738.198747618695,12369.099373809348,1651
1595,1,65,65,10.0,1,6.0,1903.0,0.0,0.0,6.0,1903.0,6.0,1903.0,1.0,1.0,768.7080078125,768.7080078125,0.01236899275822035,0.01236899275822035,12368.992758220349,12368.992758220349,1648
1589,23,65,80,160.0,16,582.053819912435,1124.4733296498282,5.234261744463438,3.7388069313860295,568.0,1118.857142857143,589.0,1133.0,22.0,15.14285714285711,979.89892578125,843.7148968240489,2.5728950972923745,0.11186500423010325,2572895.0972923744,111865.00423010325,1642
1586,1,65,65,10.0,1,62.0,957.0,0.0,0.0,62.0,957.0,62.0,957.0,1.0,1.0,768.7080078125,768.7080078125,0.01236899275822035,0.01236899275822035,12368.992758220349,12368.992758220349,1639
1587,1,65,65,10.0,1,470.0,986.0,0.0,0.0,470.0,986.0,470.0,986.0,1.0,1.0,768.7080078125,768.7080078125,0.01236899275822035,0.01236899275822035,12368.992758220349,12368.992758220349,1640
1576,1,65,65,10.0,1,631.0,98.0,0.0,0.0,631.0,98.0,631.0,98.0,1.0,1.0,768.7080078125,768.7080078125,0.01236899275822035,0.01236899275822035,12368.992758220349,12368.992758220349,1629
1575,1,65,65,10.0,1,919.0,45.0,0.0,0.0,919.0,45.0,919.0,45.0,1.0,1.0,768.7080078125,768.7080078125,0.01236899275822035,0.01236899275822035,12368.992758220349,12368.992758220349,1628
1588,1,65,65,10.0,1,560.5,1011.5,0.0,0.0,560.5,1011.5,560.5,1011.5,1.0,1.0,768.7080078125,768.7080078125,0.0247379855164407,0.0247379855164407,24737.985516440698,24737.985516440698,1641
1623,3,66,68,30.0,3,23.0,1697.5833333333333,0.7200822998230947,1.2601440246904791,22.0,1696.0,23.666666666666664,1699.0833333333335,2.6666666666666643,4.083333333333485,802.1064453125,779.8484700520834,0.16079875383756198,0.05359958461252066,160798.753837562,53599.58461252066,1676
1622,1,66,66,10.0,1,1002.0,1528.0,0.0,0.0,1002.0,1528.0,1002.0,1528.0,1.0,1.0,768.7421875,768.7421875,0.01236906383228621,0.01236906383228621,12369.06383228621,12369.06383228621,1675
1599,1,66,66,10.0,1,1978.0,8.0,0.0,0.0,1978.0,8.0,1978.0,8.0,1.0,1.0,768.7421875,768.7421875,0.01236906383228621,0.01236906383228621,12369.06383228621,12369.06383228621,1652
1605,1,66,66,10.0,1,1570.0,447.0,0.0,0.0,1570.0,447.0,1570.0,447.0,1.0,1.0,768.7421875,768.7421875,0.01236906383228621,0.01236906383228621,12369.06383228621,12369.06383228621,1658
1603,1,66,66,10.0,1,199.0,155.0,0.0,0.0,199.0,155.0,199.0,155.0,1.0,1.0,768.7421875,768.7421875,0.01236906383228621,0.01236906383228621,12369.06383228621,12369.06383228621,1656
1624,1,66,66,10.0,1,2.0,1891.0,0.0,0.0,2.0,1891.0,2.0,1891.0,1.0,1.0,768.7421875,768.7421875,0.01236906383228621,0.01236906383228621,12369.06383228621,12369.06383228621,1677
1604,1,66,66,10.0,1,848.0,231.61904761904762,0.0,0.0,848.0,231.61904761904762,848.0,231.61904761904762,1.0,1.0,1479.1236572265625,1479.1236572265625,0.25975034047801043,0.25975034047801043,259750.34047801045,259750.34047801045,1657
1602,1,66,66,10.0,1,780.0,81.0,0.0,0.0,780.0,81.0,780.0,81.0,1.0,1.0,768.7421875,768.7421875,0.01236906383228621,0.01236906383228621,12369.06383228621,12369.06383228621,1655
1601,3,66,68,30.0,3,984.8111111111111,81.28888888888889,0.8460511031467187,1.2248456692907246,984.1,80.2,986.0,83.0,2.8999999999999773,3.799999999999997,871.111083984375,825.11767578125,0.18553681042406228,0.06184560347468743,185536.81042406228,61845.60347468743,1654
1600,1,66,66,10.0,1,336.0,68.5,0.0,0.0,336.0,68.5,336.0,68.5,1.0,1.0,1055.974609375,1055.974609375,0.09895251065828968,0.09895251065828968,98952.51065828968,98952.51065828968,1653
1608,3,66,69,40.0,4,444.3333333333333,630.8333333333334,0.4714045207910317,2.4608038433722332,444.0,628.0,445.0,634.0,2.0,7.0,802.185546875,790.993408203125,0.06184567455144231,0.02061522485048077,61845.67455144231,20615.224850480772,1661
1613,3,66,68,30.0,3,300.0,823.3333333333334,2.8284271247461903,0.9428090415820634,298.0,822.0,304.0,824.0,7.0,3.0,768.750732421875,768.7478841145834,0.037107475811082896,0.0123691586036943,37107.4758110829,12369.158603694299,1666
1612,1,66,66,10.0,1,188.0,777.0,0.0,0.0,188.0,777.0,188.0,777.0,1.0,1.0,768.7421875,768.7421875,0.01236906383228621,0.01236906383228621,12369.06383228621,12369.06383228621,1665
1611,2,66,67,20.0,2,210.66666666666669,764.5,0.3333333333333286,0.5,210.33333333333334,764.0,211.0,765.0,1.6666666666666572,2.0,768.7421875,768.7152099609375,0.0494764685633612,0.0247382342816806,49476.4685633612,24738.2342816806,1664
1610,1,66,66,10.0,1,261.8666666666667,761.3333333333334,0.0,0.0,261.8666666666667,761.3333333333334,261.8666666666667,761.3333333333334,1.0,1.0,942.9423828125,942.9423828125,0.18553595748429316,0.18553595748429316,185535.95748429318,185535.95748429318,1663
1617,1,66,66,10.0,1,567.0,1055.0,0.0,0.0,567.0,1055.0,567.0,1055.0,1.0,1.0,768.7421875,768.7421875,0.01236906383228621,0.01236906383228621,12369.06383228621,12369.06383228621,1670
1616,1,66,66,10.0,1,1956.0,1040.0,0.0,0.0,1956.0,1040.0,1956.0,1040.0,1.0,1.0,768.7421875,768.7421875,0.01236906383228621,0.01236906383228621,12369.06383228621,12369.06383228621,1669
1615,6,66,70,50.0,5,120.65514520202021,995.0959911616161,1.2928433464845803,3.0774095717190098,118.75,991.9,122.075,1001.25,4.325000000000003,10.350000000000023,1668.24365234375,1153.8989664713542,1.2245496159304265,0.2040916026550711,1224549.6159304266,204091.6026550711,1668
1614,1,66,66,10.0,1,782.0,906.0,0.0,0.0,782.0,906.0,782.0,906.0,1.0,1.0,1216.70068359375,1216.70068359375,0.01236906383228621,0.01236906383228621,12369.06383228621,12369.06383228621,1667
1609,1,66,66,10.0,1,481.0,701.0,0.0,0.0,481.0,701.0,481.0,701.0,1.0,1.0,768.7421875,768.7421875,0.01236906383228621,0.01236906383228621,12369.06383228621,12369.06383228621,1662
1626,1,66,66,10.0,1,646.0,1969.0,0.0,0.0,646.0,1969.0,646.0,1969.0,1.0,1.0,768.7421875,768.7421875,0.01236906383228621,0.01236906383228621,12369.06383228621,12369.06383228621,1679
1625,6,66,72,70.0,7,1453.4380952380952,1921.047619047619,1.170111532176508,1.9147061845731441,1452.0,1919.0,1455.0,1925.0,4.0,7.0,1134.88330078125,869.5717366536459,0.23501711729207625,0.03916951954867937,235017.11729207626,39169.519548679375,1678
1627,2,66,67,20.0,2,1636.8333333333335,2046.5,0.16666666666662877,0.5,1636.6666666666667,2046.0,1637.0,2047.0,1.3333333333332575,2.0,871.080810546875,853.6622314453125,0.049476326407216956,0.024738163203608478,49476.326407216955,24738.163203608477,1680
1618,2,66,67,20.0,2,1851.5,1155.3333333333335,1.1666666666667425,0.6666666666666288,1850.3333333333333,1154.6666666666667,1852.6666666666667,1156.0,3.333333333333485,2.3333333333332575,802.1064453125,785.3973388671875,0.07421459622793361,0.037107298113966805,74214.59622793361,37107.298113966805,1671
1619,1,66,66,10.0,1,993.0,1399.0,0.0,0.0,993.0,1399.0,993.0,1399.0,1.0,1.0,768.7421875,768.7421875,0.01236906383228621,0.01236906383228621,12369.06383228621,12369.06383228621,1672
1620,1,66,66,10.0,1,475.0,1449.0,0.0,0.0,475.0,1449.0,475.0,1449.0,1.0,1.0,768.7421875,768.7421875,0.01236906383228621,0.01236906383228621,12369.06383228621,12369.06383228621,1673
1621,7,66,74,90.0,9,993.6666666666667,1517.095238095238,3.313033425154422,2.5073022605681925,988.0,1514.0,997.0,1522.0,10.0,9.0,942.89404296875,847.01220703125,0.2968671279971172,0.04240958971387388,296867.1279971172,42409.58971387388,1674
1607,1,66,66,10.0,1,803.0,484.0,0.0,0.0,803.0,484.0,803.0,484.0,1.0,1.0,979.9423828125,979.9423828125,0.01236906383228621,0.01236906383228621,12369.06383228621,12369.06383228621,1660
1606,1,66,66,10.0,1,829.0,459.0,0.0,0.0,829.0,459.0,829.0,459.0,1.0,1.0,768.7421875,768.7421875,0.01236906383228621,0.01236906383228621,12369.06383228621,12369.06383228621,1659
1642,1,67,67,10.0,1,336.0,900.0,0.0,0.0,336.0,900.0,336.0,900.0,1.0,1.0,768.688232421875,768.688232421875,0.03710740473107499,0.03710740473107499,37107.40473107499,37107.40473107499,1695
1643,1,67,67,10.0,1,630.0,1053.0,0.0,0.0,630.0,1053.0,630.0,1053.0,1.0,1.0,768.688232421875,768.688232421875,0.01236913491035833,0.01236913491035833,12369.13491035833,12369.13491035833,1696
1633,1,67,67,10.0,1,520.0,293.0,0.0,0.0,520.0,293.0,520.0,293.0,1.0,1.0,768.688232421875,768.688232421875,0.01236913491035833,0.01236913491035833,12369.13491035833,12369.13491035833,1686
1636,2,67,68,20.0,2,816.5,435.5,0.5,4.5,816.0,431.0,817.0,440.0,2.0,10.0,768.750732421875,768.719482421875,0.024738340899756676,0.012369170449878338,24738.340899756677,12369.170449878338,1689
1635,1,67,67,10.0,1,350.0,347.0,0.0,0.0,350.0,347.0,350.0,347.0,1.0,1.0,768.688232421875,768.688232421875,0.01236913491035833,0.01236913491035833,12369.13491035833,12369.13491035833,1688
1634,1,67,67,10.0,1,862.0,300.0,0.0,0.0,862.0,300.0,862.0,300.0,1.0,1.0,768.688232421875,768.688232421875,0.01236913491035833,0.01236913491035833,12369.13491035833,12369.13491035833,1687
1630,2,67,68,20.0,2,847.5,180.25,0.5,0.25,847.0,180.0,848.0,180.5,2.0,1.5,802.135498046875,785.411865234375,0.03710754688915502,0.01855377344457751,37107.54688915502,18553.77344457751,1683
1631,3,67,70,40.0,4,549.4166666666666,203.56944444444446,2.7411473672330877,0.5856435733974436,547.0,203.0,553.25,204.375,7.25,2.375,871.080078125,813.9679361979166,0.12369177558029554,0.04123059186009851,123691.77558029554,41230.59186009851,1684
1644,1,67,67,10.0,1,260.3333333333333,1266.6666666666667,0.0,0.0,260.3333333333333,1266.6666666666667,260.3333333333333,1266.6666666666667,1.0,1.0,768.688232421875,768.688232421875,0.03710740473107499,0.03710740473107499,37107.40473107499,37107.40473107499,1697
1641,3,67,69,30.0,3,1308.2190476190476,791.2895238095239,3.1593793701509347,2.3027996369203634,1303.8,789.0,1311.0,794.44,8.200000000000045,6.440000000000055,942.910400390625,906.9183756510416,0.4081833711736202,0.13606112372454007,408183.37117362017,136061.12372454008,1694
1638,3,67,73,70.0,7,1969.611111111111,617.7777777777778,1.2347839317162352,0.566557723732544,1968.5,617.0,1971.3333333333333,618.3333333333334,3.8333333333332575,2.3333333333333712,802.14892578125,779.8809407552084,0.07421651542359006,0.024738838474530022,74216.51542359006,24738.83847453002,1691
1639,2,67,68,20.0,2,1953.0833333333333,649.0833333333334,0.08333333333325754,0.16666666666662877,1953.0,648.9166666666667,1953.1666666666665,649.25,1.166666666666515,1.3333333333332575,871.111083984375,836.623291015625,0.12369156234070335,0.06184578117035167,123691.56234070334,61845.78117035167,1692
1640,2,67,68,20.0,2,247.0,755.0,0.0,1.0,247.0,754.0,247.0,756.0,1.0,3.0,768.750732421875,768.719482421875,0.024738340899756676,0.012369170449878338,24738.340899756677,12369.170449878338,1693
1637,1,67,67,10.0,1,501.0,596.5,0.0,0.0,501.0,596.5,501.0,596.5,1.0,1.0,768.688232421875,768.688232421875,0.02473826982071666,0.02473826982071666,24738.26982071666,24738.26982071666,1690
1645,1,67,67,10.0,1,1020.0,1474.0,0.0,0.0,1020.0,1474.0,1020.0,1474.0,1.0,1.0,768.688232421875,768.688232421875,0.01236913491035833,0.01236913491035833,12369.13491035833,12369.13491035833,1698
1648,3,67,68,20.0,2,937.3333333333334,2044.3333333333333,4.109609335312651,1.247219128924647,932.0,2043.0,942.0,2046.0,11.0,4.0,802.17919921875,779.8935546875,0.03710754688915502,0.012369182296385006,37107.54688915502,12369.182296385006,1701
1632,1,67,67,10.0,1,440.0,239.0,0.0,0.0,440.0,239.0,440.0,239.0,1.0,1.0,768.688232421875,768.688232421875,0.01236913491035833,0.01236913491035833,12369.13491035833,12369.13491035833,1685
1628,2,67,68,20.0,2,320.5,76.41666666666666,0.5,0.9166666666666643,320.0,75.5,321.0,77.33333333333333,2.0,2.8333333333333286,836.24365234375,802.4971923828125,0.06184581670987168,0.03092290835493584,61845.81670987168,30922.90835493584,1681
1629,1,67,67,10.0,1,334.0,96.0,0.0,0.0,334.0,96.0,334.0,96.0,1.0,1.0,768.688232421875,768.688232421875,0.01236913491035833,0.01236913491035833,12369.13491035833,12369.13491035833,1682
1647,2,67,68,20.0,2,145.0,1955.0,2.0,0.0,143.0,1955.0,147.0,1955.0,5.0,1.0,768.750732421875,768.719482421875,0.024738340899756676,0.012369170449878338,24738.340899756677,12369.170449878338,1700
1646,1,67,67,10.0,1,1278.5,1791.0,0.0,0.0,1278.5,1791.0,1278.5,1791.0,1.0,1.0,768.688232421875,768.688232421875,0.02473826982071666,0.02473826982071666,24738.26982071666,24738.26982071666,1699
1652,2,68,69,20.0,2,892.0,105.0,0.0,0.0,892.0,105.0,892.0,105.0,1.0,1.0,802.185546875,785.4681396484375,0.024738483055551576,0.012369241527775788,24738.483055551576,12369.241527775788,1705
1653,1,68,68,10.0,1,352.25,135.25,0.0,0.0,352.25,135.25,352.25,135.25,1.0,1.0,906.689453125,906.689453125,0.04947682395759338,0.04947682395759338,49476.823957593384,49476.823957593384,1706
1670,1,68,68,10.0,1,1630.0,2019.0,0.0,0.0,1630.0,2019.0,1630.0,2019.0,1.0,1.0,768.750732421875,768.750732421875,0.012369205989398346,0.012369205989398346,12369.205989398346,12369.205989398346,1723
1651,2,68,69,20.0,2,342.375,91.5,1.625,1.5,340.75,90.0,344.0,93.0,4.25,4.0,802.185546875,785.4681396484375,0.07421559132016449,0.037107795660082245,74215.59132016449,37107.79566008224,1704
1650,4,68,70,30.0,3,690.5,51.25,4.9749371855331,0.82915619758885,683.0,50.0,697.0,52.0,15.0,3.0,802.14892578125,793.7993774414062,0.04947725043924994,0.012369312609812486,49477.25043924994,12369.312609812485,1703
1649,1,68,68,10.0,1,2018.0,20.0,0.0,0.0,2018.0,20.0,2018.0,20.0,1.0,1.0,768.750732421875,768.750732421875,0.012369205989398346,0.012369205989398346,12369.205989398346,12369.205989398346,1702
1654,4,68,70,30.0,3,840.4711538461538,166.43269230769232,0.9054302811828353,2.7217313874741818,839.0,164.23076923076923,841.3846153846154,171.0,3.3846153846153584,7.769230769230774,942.9638671875,890.3327026367188,0.24738653650326922,0.061846634125817306,247386.53650326922,61846.634125817305,1707
1656,1,68,68,10.0,1,1794.0,197.0,0.0,0.0,1794.0,197.0,1794.0,197.0,1.0,1.0,768.750732421875,768.750732421875,0.012369205989398346,0.012369205989398346,12369.205989398346,12369.205989398346,1709
1655,1,68,68,10.0,1,539.5,191.0,0.0,0.0,539.5,191.0,539.5,191.0,1.0,1.0,768.750732421875,768.750732421875,0.02473841197879669,0.02473841197879669,24738.411978796692,24738.411978796692,1708
1662,1,68,68,10.0,1,76.5,1029.75,0.0,0.0,76.5,1029.75,76.5,1029.75,1.0,1.0,768.750732421875,768.750732421875,0.037107617968195034,0.037107617968195034,37107.61796819503,37107.61796819503,1715
1663,4,68,70,30.0,3,509.0,1076.0,3.2596012026013246,1.224744871391589,506.0,1075.0,514.5,1078.0,9.5,4.0,802.185546875,793.80517578125,0.07421544917369714,0.018553862293424286,74215.44917369714,18553.862293424285,1716
1664,1,68,68,10.0,1,1953.0,1174.0,0.0,0.0,1953.0,1174.0,1953.0,1174.0,1.0,1.0,768.750732421875,768.750732421875,0.012369205989398346,0.012369205989398346,12369.205989398346,12369.205989398346,1717
1665,2,68,69,20.0,2,2027.7083333333333,1341.0,0.7083333333332575,0.5,2027.0,1340.5,2028.4166666666665,1341.5,2.416666666666515,2.0,836.296875,819.2412109375,0.08658458407929819,0.04329229203964909,86584.58407929819,43292.292039649095,1718
1666,2,68,69,20.0,2,56.0,1671.25,0.0,3.75,56.0,1667.5,56.0,1675.0,1.0,8.5,802.185546875,785.4681396484375,0.03710768904494992,0.01855384452247496,37107.68904494992,18553.84452247496,1719
1667,1,68,68,10.0,1,1237.3333333333333,1760.3333333333333,0.0,0.0,1237.3333333333333,1760.3333333333333,1237.3333333333333,1760.3333333333333,1.0,1.0,802.135498046875,802.135498046875,0.037107617968195034,0.037107617968195034,37107.61796819503,37107.61796819503,1720
1660,4,68,71,40.0,4,58.141666666666666,978.0791666666667,1.2754901018824094,0.5144272705316767,56.4,977.5,59.666666666666664,978.75,4.266666666666666,2.25,906.64453125,845.6820678710938,0.23501697511955322,0.058754243779888304,235016.97511955322,58754.243779888304,1713
1661,1,68,68,10.0,1,644.0,994.0,0.0,0.0,644.0,994.0,644.0,994.0,1.0,1.0,802.135498046875,802.135498046875,0.012369205989398346,0.012369205989398346,12369.205989398346,12369.205989398346,1714
1668,1,68,68,10.0,1,1278.0,1874.0,0.0,0.0,1278.0,1874.0,1278.0,1874.0,1.0,1.0,768.750732421875,768.750732421875,0.012369205989398346,0.012369205989398346,12369.205989398346,12369.205989398346,1721
1669,1,68,68,10.0,1,656.0,1959.0,0.0,0.0,656.0,1959.0,656.0,1959.0,1.0,1.0,768.750732421875,768.750732421875,0.012369205989398346,0.012369205989398346,12369.205989398346,12369.205989398346,1722
1658,1,68,68,10.0,1,527.0,279.0,0.0,0.0,527.0,279.0,527.0,279.0,1.0,1.0,768.750732421875,768.750732421875,0.012369205989398346,0.012369205989398346,12369.205989398346,12369.205989398346,1711
1657,1,68,68,10.0,1,903.5,208.5,0.0,0.0,903.5,208.5,903.5,208.5,1.0,1.0,768.750732421875,768.750732421875,0.02473841197879669,0.02473841197879669,24738.411978796692,24738.411978796692,1710
1659,1,68,68,10.0,1,1962.6666666666667,780.3333333333334,0.0,0.0,1962.6666666666667,780.3333333333334,1962.6666666666667,780.3333333333334,1.0,1.0,802.135498046875,802.135498046875,0.037107617968195034,0.037107617968195034,37107.61796819503,37107.61796819503,1712
1676,1,69,69,10.0,1,844.25,282.0,0.0,0.0,844.25,282.0,844.25,282.0,1.0,1.0,942.9638671875,942.9638671875,0.07421566239691937,0.07421566239691937,74215.66239691938,74215.66239691938,1729
1672,1,69,69,10.0,1,686.0,159.0,0.0,0.0,686.0,159.0,686.0,159.0,1.0,1.0,979.87060546875,979.87060546875,0.01236927706615323,0.01236927706615323,12369.27706615323,12369.27706615323,1725
1671,1,69,69,10.0,1,718.0,119.0,0.0,0.0,718.0,119.0,718.0,119.0,1.0,1.0,802.185546875,802.185546875,0.01236927706615323,0.01236927706615323,12369.27706615323,12369.27706615323,1724
1673,2,69,70,20.0,2,850.2103174603175,215.92063492063494,1.7103174603174693,1.9206349206349245,848.5,214.0,851.9206349206349,217.84126984126985,4.420634920634939,4.841269841269849,1344.759765625,1143.853759765625,0.8287418477674556,0.4143709238837278,828741.8477674556,414370.9238837278,1726
1674,1,69,69,10.0,1,876.0,222.0,0.0,0.0,876.0,222.0,876.0,222.0,1.0,1.0,802.185546875,802.185546875,0.01236927706615323,0.01236927706615323,12369.27706615323,12369.27706615323,1727
1675,1,69,69,10.0,1,872.0,233.0,0.0,0.0,872.0,233.0,872.0,233.0,1.0,1.0,836.2529296875,836.2529296875,0.01236927706615323,0.01236927706615323,12369.27706615323,12369.27706615323,1728
1682,1,69,69,10.0,1,272.0,810.0,0.0,0.0,272.0,810.0,272.0,810.0,1.0,1.0,836.2529296875,836.2529296875,0.01236927706615323,0.01236927706615323,12369.27706615323,12369.27706615323,1735
1677,2,69,71,30.0,3,717.0,548.5,0.0,0.5,717.0,548.0,717.0,549.0,1.0,2.0,1095.0986328125,1000.87158203125,0.04947725043133231,0.024738625215666155,49477.25043133231,24738.625215666154,1730
1680,2,69,70,20.0,2,459.5,629.5,2.5,2.5,457.0,627.0,462.0,632.0,6.0,6.0,871.080078125,836.6328125,0.02473862521610376,0.01236931260805188,24738.62521610376,12369.31260805188,1733
1679,21,69,82,140.0,14,1954.4580814754881,624.223724861489,3.6017194521354776,10.19541758067184,1949.0,611.0,1961.0,640.0,13.0,30.0,1388.791259765625,946.1566220238095,3.1914505135628435,0.15197383397918302,3191450.5135628437,151973.83397918302,1732
1678,3,69,72,40.0,4,457.1666666666667,608.6666666666666,1.5456030825826172,0.4714045207910317,455.0,608.0,458.5,609.0,4.5,2.0,802.185546875,802.1271158854166,0.0494773925996711,0.016492464199890366,49477.3925996711,16492.464199890368,1731
1681,4,69,72,40.0,4,260.1666666666667,761.3333333333334,3.034523576005517,4.242640687119276,257.5,757.3333333333334,265.0,768.0,8.5,11.666666666666629,942.94775390625,871.9779052734375,0.09895506953440036,0.02473876738360009,98955.06953440036,24738.76738360009,1734
1683,1,69,69,10.0,1,1881.0,980.0,0.0,0.0,1881.0,980.0,1881.0,980.0,1.0,1.0,836.2529296875,836.2529296875,0.01236927706615323,0.01236927706615323,12369.27706615323,12369.27706615323,1736
1684,7,69,73,50.0,5,923.7783882783882,1387.286172161172,1.4718917768399769,3.7850405374506404,922.0,1381.5,927.0,1392.0,6.0,11.5,1668.190673828125,1004.1113630022321,0.5937311991258023,0.08481874273225747,593731.1991258023,84818.74273225747,1737
1685,6,69,76,80.0,8,1152.3055555555554,2040.0694444444446,0.5645111509138798,1.0545499595960393,1151.6666666666667,2039.0,1153.1666666666665,2042.0,2.4999999999997726,4.0,906.64453125,836.6011962890625,0.16080344679895905,0.026800574466493175,160803.44679895905,26800.574466493174,1738
1690,5,70,73,40.0,4,876.57,293.76,0.7807688518377184,5.586626889277644,875.35,286.0,877.5,300.5,3.1499999999999773,15.5,871.0908203125,809.26416015625,0.14843367055945217,0.029686734111890434,148433.67055945218,29686.734111890433,1743
1691,31,70,90,210.0,21,870.5933856065298,330.13538309708264,5.705391392206093,3.8921099911880677,861.3333333333334,324.0,883.0,336.0,22.66666666666663,13.0,1216.70068359375,871.0293165637601,3.649266756028189,0.11771828245252222,3649266.756028189,117718.28245252222,1744
1693,3,70,73,40.0,4,1978.8333333333333,651.6666666666666,1.5456030825826172,1.247219128924647,1977.5,650.0,1981.0,653.0,4.5,4.0,836.1826171875,813.4524739583334,0.0742170129981094,0.024739004332703134,74217.01299810939,24739.004332703134,1746
1689,5,70,76,70.0,7,1500.8200000000002,164.58666666666667,1.9843386807700285,0.8169319297088238,1499.0,163.8,1504.4,165.8,6.400000000000091,3.0,871.1552734375,816.37958984375,0.19791205887104865,0.03958241177420973,197912.05887104865,39582.41177420973,1742
1688,1,70,70,10.0,1,201.54166666666669,159.41666666666669,0.0,0.0,201.54166666666669,159.41666666666669,201.54166666666669,159.41666666666669,1.0,1.0,871.080078125,871.080078125,0.08658543704965371,0.08658543704965371,86585.43704965372,86585.43704965372,1741
1687,2,70,71,20.0,2,500.8571428571429,110.25,1.3571428571428612,0.25,499.5,110.0,502.2142857142857,110.5,3.7142857142857224,1.5,1055.9853515625,929.067138671875,0.12369405016288207,0.061847025081441034,123694.05016288206,61847.02508144103,1740
1694,1,70,70,10.0,1,552.0,1008.0,0.0,0.0,552.0,1008.0,552.0,1008.0,1.0,1.0,802.14892578125,802.14892578125,0.012369348149950532,0.012369348149950532,12369.348149950532,12369.348149950532,1747
1695,2,70,71,20.0,2,1493.375,1454.0,0.375,0.5,1493.0,1453.5,1493.75,1454.5,1.75,2.0,906.64453125,871.41357421875,0.07421637323139156,0.03710818661569578,74216.37323139157,37108.186615695784,1748
1686,1,70,70,10.0,1,630.0,86.0,0.0,0.0,630.0,86.0,630.0,86.0,1.0,1.0,802.14892578125,802.14892578125,0.012369348149950532,0.012369348149950532,12369.348149950532,12369.348149950532,1739
1692,2,70,71,20.0,2,438.0,605.5,0.5,0.5,437.5,605.0,438.5,606.0,2.0,2.0,836.1826171875,819.20556640625,0.049477534765646314,0.024738767382823157,49477.53476564631,24738.767382823156,1745
1708,3,71,75,50.0,5,1871.3333333333333,1380.611111111111,1.8856180831641267,1.755063222103505,1870.0,1378.8333333333333,1874.0,1383.0,5.0,5.1666666666667425,802.228515625,802.1524251302084,0.09895691777467254,0.03298563925822418,98956.91777467253,32985.63925822418,1761
1713,1,71,71,10.0,1,1218.0,1731.0,0.0,0.0,1218.0,1731.0,1218.0,1731.0,1.0,1.0,802.228515625,802.228515625,0.012369419232872625,0.012369419232872625,12369.419232872626,12369.419232872626,1766
1705,5,71,75,50.0,5,587.725,1044.6083333333331,0.7433034373659253,1.8899588472885667,587.0,1042.0,589.0,1047.0,3.0,6.0,836.22119140625,808.945068359375,0.1855433499884784,0.03710866999769568,185543.3499884784,37108.66999769568,1758
1706,5,71,74,40.0,4,541.5,1061.8,1.1832159566199232,2.3790754506740637,540.0,1059.0,543.5,1066.0,4.5,8.0,802.228515625,788.800048828125,0.0989561358069957,0.01979122716139914,98956.13580699569,19791.22716139914,1759
1697,2,71,72,20.0,2,970.25,73.25,3.25,0.75,967.0,72.5,973.5,74.0,7.5,2.5,906.74462890625,871.51318359375,0.04947781910057346,0.02473890955028673,49477.819100573455,24738.909550286728,1750
1696,10,71,80,100.0,10,1012.2208667502089,3.606273158386162,1.1195837332194627,0.8025593614535868,1010.8529411764706,2.2857142857142856,1014.375,5.0,4.522058823529392,3.7142857142857144,3379.855224609375,2086.530065917969,2.9811181324659652,0.2981118132465965,2981118.132465965,298111.81324659655,1749
1702,2,71,73,30.0,3,908.5,285.0,0.5,2.0,908.0,283.0,909.0,287.0,2.0,5.0,802.228515625,785.51708984375,0.02473898063731618,0.01236949031865809,24738.98063731618,12369.49031865809,1755
1703,1,71,71,10.0,1,247.0,820.0,0.0,0.0,247.0,820.0,247.0,820.0,1.0,1.0,802.228515625,802.228515625,0.012369419232872625,0.012369419232872625,12369.419232872626,12369.419232872626,1756
1704,1,71,71,10.0,1,477.0,981.0,0.0,0.0,477.0,981.0,477.0,981.0,1.0,1.0,802.228515625,802.228515625,0.012369419232872625,0.012369419232872625,12369.419232872626,12369.419232872626,1757
1701,1,71,71,10.0,1,856.0,281.5,0.0,0.0,856.0,281.5,856.0,281.5,1.0,1.0,871.1552734375,871.1552734375,0.02473883846574525,0.02473883846574525,24738.83846574525,24738.83846574525,1754
1700,5,71,74,40.0,4,857.5,268.05,1.9493588689617927,3.3778691508109073,855.5,262.0,861.0,272.0,6.5,11.0,871.0908203125,816.39853515625,0.11132605264733565,0.02226521052946713,111326.05264733566,22265.21052946713,1753
1712,9,71,82,120.0,12,56.944612794612794,1699.9904641654641,2.5123135292014864,1.4036038471848329,53.85,1697.6333333333332,61.0,1702.0,8.149999999999999,5.366666666666788,1017.548828125,857.2773980034722,0.8535212842890378,0.09483569825433753,853521.2842890378,94835.69825433753,1765
1699,1,71,71,10.0,1,15.0,165.0,0.0,0.0,15.0,165.0,15.0,165.0,1.0,1.0,942.9541015625,942.9541015625,0.012369419232872625,0.012369419232872625,12369.419232872626,12369.419232872626,1752
1698,1,71,71,10.0,1,723.0,95.66666666666667,0.0,0.0,723.0,95.66666666666667,723.0,95.66666666666667,1.0,1.0,836.28173828125,836.28173828125,0.03710825769861788,0.03710825769861788,37108.257698617876,37108.257698617876,1751
1710,1,71,71,10.0,1,957.0,1477.0,0.0,0.0,957.0,1477.0,957.0,1477.0,1.0,1.0,802.228515625,802.228515625,0.012369419232872625,0.012369419232872625,12369.419232872626,12369.419232872626,1763
1707,1,71,71,10.0,1,1834.0,1312.0,0.0,0.0,1834.0,1312.0,1834.0,1312.0,1.0,1.0,1301.3310546875,1301.3310546875,0.012369419232872625,0.012369419232872625,12369.419232872626,12369.419232872626,1760
1709,2,71,72,20.0,2,1886.5,1398.5,0.5,0.5,1886.0,1398.0,1887.0,1399.0,2.0,2.0,802.228515625,802.1376953125,0.02473890955028673,0.012369454775143365,24738.909550286728,12369.454775143364,1762
1714,1,71,71,10.0,1,609.4,1965.0,0.0,0.0,609.4,1965.0,609.4,1965.0,1.0,1.0,802.228515625,802.228515625,0.061847096164363125,0.061847096164363125,61847.09616436312,61847.09616436312,1767
1711,1,71,71,10.0,1,0.0,1682.0,0.0,0.0,0.0,1682.0,0.0,1682.0,1.0,1.0,802.228515625,802.228515625,0.012369419232872625,0.012369419232872625,12369.419232872626,12369.419232872626,1764
1723,1,72,72,10.0,1,236.0,811.5,0.0,0.0,236.0,811.5,236.0,811.5,1.0,1.0,802.046875,802.046875,0.024738980634828205,0.024738980634828205,24738.980634828204,24738.980634828204,1776
1728,1,72,72,10.0,1,633.0,1947.0,0.0,0.0,633.0,1947.0,633.0,1947.0,1.0,1.0,802.046875,802.046875,0.012369490317414102,0.012369490317414102,12369.490317414102,12369.490317414102,1781
1716,1,72,72,10.0,1,720.0,112.0,0.0,0.0,720.0,112.0,720.0,112.0,1.0,1.0,802.046875,802.046875,0.012369490317414102,0.012369490317414102,12369.490317414102,12369.490317414102,1769
1722,2,72,73,20.0,2,212.0,784.75,1.0,0.25,211.0,784.5,213.0,785.0,3.0,1.5,802.1279296875,802.08740234375,0.037108613126301204,0.018554306563150602,37108.61312630121,18554.306563150603,1775
1719,2,72,73,20.0,2,1403.5,772.5,0.5,0.5,1403.0,772.0,1404.0,773.0,2.0,2.0,906.74462890625,837.775146484375,0.024739051721857655,0.012369525860928827,24739.051721857653,12369.525860928827,1772
1718,1,72,72,10.0,1,503.0,669.0,0.0,0.0,503.0,669.0,503.0,669.0,1.0,1.0,802.046875,802.046875,0.012369490317414102,0.012369490317414102,12369.490317414102,12369.490317414102,1771
1720,1,72,72,10.0,1,245.0,783.0,0.0,0.0,245.0,783.0,245.0,783.0,1.0,1.0,802.046875,802.046875,0.012369490317414102,0.012369490317414102,12369.490317414102,12369.490317414102,1773
1724,3,72,75,40.0,4,253.0,828.6666666666666,0.0,1.247219128924647,253.0,827.0,253.0,830.0,1.0,4.0,906.7158203125,859.9703776041666,0.06184809137993931,0.02061603045997977,61848.09137993931,20616.03045997977,1777
1725,20,72,87,160.0,16,617.2179381516672,1065.0784270132735,4.626685509824948,5.2902366543798305,608.0,1058.75,622.5,1074.5,15.5,16.75,1095.067626953125,832.1303344726563,2.498735591689002,0.12493677958445011,2498735.5916890022,124936.77958445011,1778
1721,1,72,72,10.0,1,264.0,783.0,0.0,0.0,264.0,783.0,264.0,783.0,1.0,1.0,802.046875,802.046875,0.012369490317414102,0.012369490317414102,12369.490317414102,12369.490317414102,1774
1726,1,72,72,10.0,1,706.0,1414.0,0.0,0.0,706.0,1414.0,706.0,1414.0,1.0,1.0,802.046875,802.046875,0.012369490317414102,0.012369490317414102,12369.490317414102,12369.490317414102,1779
1717,3,72,74,30.0,3,513.9583333333334,609.0833333333334,5.2996986287482,3.8315213108575494,508.0,604.0,520.875,613.25,13.875,10.25,871.0908203125,814.0033365885416,0.09895613580201973,0.03298537860067324,98956.13580201972,32985.37860067324,1770
1715,4,72,75,40.0,4,649.125,49.5625,2.301494079940246,2.210592397978424,646.0,46.0,652.0,51.75,7.0,6.75,802.115234375,802.0806274414062,0.09895670450785908,0.02473917612696477,98956.70450785907,24739.17612696477,1768
1727,2,72,73,20.0,2,575.2708333333333,1905.5208333333333,0.3958333333333144,0.9791666666667425,574.875,1904.5416666666665,575.6666666666666,1906.5,1.7916666666666288,2.958333333333485,836.22119140625,836.206298828125,0.38345597701557343,0.19172798850778672,383455.9770155734,191727.9885077867,1780
1771,1,73,73,10.0,1,364.0,2026.0,0.0,0.0,364.0,2026.0,364.0,2026.0,1.0,1.0,768.8056640625,768.8056640625,0.012369561404443553,0.012369561404443553,12369.561404443553,12369.561404443553,1825
1774,1,73,73,10.0,1,1539.0,2047.0,0.0,0.0,1539.0,2047.0,1539.0,2047.0,1.0,1.0,768.8056640625,768.8056640625,0.012369561404443553,0.012369561404443553,12369.561404443553,12369.561404443553,1828
1773,1,73,73,10.0,1,934.0,2037.0,0.0,0.0,934.0,2037.0,934.0,2037.0,1.0,1.0,768.8056640625,768.8056640625,0.012369561404443553,0.012369561404443553,12369.561404443553,12369.561404443553,1827
1772,2,73,73,10.0,1,188.0,2040.5,0.0,3.5,188.0,2037.0,188.0,2044.0,1.0,8.0,768.8056640625,768.8056640625,0.024739122808887105,0.012369561404443553,24739.122808887107,12369.561404443553,1826
1736,1,73,73,10.0,1,916.0,212.0,0.0,0.0,916.0,212.0,916.0,212.0,1.0,1.0,768.8056640625,768.8056640625,0.012369561404443553,0.012369561404443553,12369.561404443553,12369.561404443553,1789
1734,11,73,78,60.0,6,356.9030303030303,116.7878787878788,5.584619111026582,4.164600038449925,346.0,110.0,367.0,125.0,22.0,16.0,836.32568359375,802.3925559303977,0.34635369849813163,0.031486699863466514,346353.69849813165,31486.699863466514,1787
1735,2,73,76,40.0,4,432.75,202.75,0.25,1.25,432.5,201.5,433.0,204.0,1.5,3.5,768.8056640625,768.75146484375,0.03710911176508224,0.01855455588254112,37109.11176508224,18554.55588254112,1788
1769,3,73,76,40.0,4,170.83333333333334,2012.5,3.324989557210001,1.7795130420052185,168.0,2011.0,175.5,2015.0,8.5,5.0,768.8056640625,768.7333984375,0.06184844834984514,0.02061614944994838,61848.44834984514,20616.14944994838,1823
1770,1,73,73,10.0,1,1640.0,2016.0,0.0,0.0,1640.0,2016.0,1640.0,2016.0,1.0,1.0,768.8056640625,768.8056640625,0.012369561404443553,0.012369561404443553,12369.561404443553,12369.561404443553,1824
1766,1,73,73,10.0,1,49.0,1917.0,0.0,0.0,49.0,1917.0,49.0,1917.0,1.0,1.0,768.8056640625,768.8056640625,0.012369561404443553,0.012369561404443553,12369.561404443553,12369.561404443553,1820
1767,1,73,73,10.0,1,111.0,1927.0,0.0,0.0,111.0,1927.0,111.0,1927.0,1.0,1.0,768.8056640625,768.8056640625,0.012369561404443553,0.012369561404443553,12369.561404443553,12369.561404443553,1821
1768,18,73,86,140.0,14,672.2345049891115,1938.3194511766321,3.022750802443982,3.531783765501876,666.5,1931.5,680.0,1947.5,14.5,17.0,1258.687744140625,948.4293958875868,6.011850923262891,0.33399171795904947,6011850.923262891,333991.71795904945,1822
1737,1,73,73,10.0,1,896.0,270.0,0.0,0.0,896.0,270.0,896.0,270.0,1.0,1.0,768.8056640625,768.8056640625,0.012369561404443553,0.012369561404443553,12369.561404443553,12369.561404443553,1790
1738,16,73,85,130.0,13,841.4382936507936,314.72251984126984,1.9158207304546078,5.2148757010434785,838.0,302.0,844.8571428571429,320.0,7.85714285714289,19.0,906.66552734375,787.9080963134766,0.5690138390953456,0.0355633649434591,569013.8390953457,35563.364943459106,1791
1739,1,73,73,10.0,1,795.5,397.0,0.0,0.0,795.5,397.0,795.5,397.0,1.0,1.0,768.8056640625,768.8056640625,0.024739122808887105,0.024739122808887105,24739.122808887107,24739.122808887107,1792
1765,110,73,99,270.0,27,143.16935040969133,1908.348701349156,21.41886386636993,6.292326670288459,109.0,1886.0,179.5,1924.0,71.5,39.0,871.124267578125,777.8463140314276,4.700938320884269,0.04273580291712972,4700938.32088427,42735.802917129724,1819
1764,4,73,77,50.0,5,165.0,1911.1875,3.24037034920393,2.8470104934825935,160.0,1908.0,169.0,1915.75,10.0,8.75,802.115234375,777.073486328125,0.09895748650207332,0.02473937162551833,98957.48650207333,24739.37162551833,1818
1757,1,73,73,10.0,1,1866.0,1405.0,0.0,0.0,1866.0,1405.0,1866.0,1405.0,1.0,1.0,768.8056640625,768.8056640625,0.012369561404443553,0.012369561404443553,12369.561404443553,12369.561404443553,1810
1756,1,73,73,10.0,1,1931.0,1380.5,0.0,0.0,1931.0,1380.5,1931.0,1380.5,1.0,1.0,768.8056640625,768.8056640625,0.024739122808887105,0.024739122808887105,24739.122808887107,24739.122808887107,1809
1763,2,73,73,10.0,1,1224.5,1891.8333333333335,2.5,0.16666666666662877,1222.0,1891.6666666666667,1227.0,1892.0,6.0,1.3333333333332575,768.8056640625,768.8056640625,0.04947824561777421,0.024739122808887105,49478.24561777421,24739.122808887107,1817
1762,2,73,76,40.0,4,2.0,1880.0,2.0,1.0,0.0,1879.0,4.0,1881.0,5.0,3.0,768.8056640625,768.75146484375,0.0247393365847629,0.01236966829238145,24739.3365847629,12369.66829238145,1816
1761,1,73,73,10.0,1,1324.0,1868.0,0.0,0.0,1324.0,1868.0,1324.0,1868.0,1.0,1.0,768.8056640625,768.8056640625,0.012369561404443553,0.012369561404443553,12369.561404443553,12369.561404443553,1815
1760,1,73,73,10.0,1,1299.25,1859.25,0.0,0.0,1299.25,1859.25,1299.25,1859.25,1.0,1.0,768.8056640625,768.8056640625,0.03710868421333066,0.03710868421333066,37108.68421333066,37108.68421333066,1814
1729,1,73,73,10.0,1,901.0,27.0,0.0,0.0,901.0,27.0,901.0,27.0,1.0,1.0,802.1279296875,802.1279296875,0.03710868421333066,0.03710868421333066,37108.68421333066,37108.68421333066,1782
1732,1,73,73,10.0,1,156.0,100.0,0.0,0.0,156.0,100.0,156.0,100.0,1.0,1.0,768.8056640625,768.8056640625,0.012369561404443553,0.012369561404443553,12369.561404443553,12369.561404443553,1785
1749,56,73,99,270.0,27,539.3961452577914,1021.6475464455491,5.86599850174798,4.1284122400329695,529.0,1013.0689655172414,551.0,1033.5,23.0,21.431034482758605,1134.946533203125,840.767597743443,8.251191147050285,0.14734269905446937,8251191.147050285,147342.69905446935,1802
1748,2,73,74,20.0,2,84.75,979.75,0.25,0.25,84.5,979.5,85.0,980.0,1.5,1.5,802.113525390625,785.4595947265625,0.03710875530197867,0.018554377650989336,37108.75530197867,18554.377650989336,1801
1747,1,73,73,10.0,1,540.0,965.0,0.0,0.0,540.0,965.0,540.0,965.0,1.0,1.0,768.8056640625,768.8056640625,0.012369561404443553,0.012369561404443553,12369.561404443553,12369.561404443553,1800
1746,1,73,73,10.0,1,334.0,888.0,0.0,0.0,334.0,888.0,334.0,888.0,1.0,1.0,768.8056640625,768.8056640625,0.024739122808887105,0.024739122808887105,24739.122808887107,24739.122808887107,1799
1745,1,73,73,10.0,1,1277.0,798.0,0.0,0.0,1277.0,798.0,1277.0,798.0,1.0,1.0,768.8056640625,768.8056640625,0.012369561404443553,0.012369561404443553,12369.561404443553,12369.561404443553,1798
1744,3,73,76,40.0,4,251.66666666666666,774.1666666666666,0.9428090415820634,1.1785113019775793,251.0,772.5,253.0,775.0,3.0,3.5,802.115234375,779.8727213541666,0.04947860157245695,0.016492867190818983,49478.601572456944,16492.867190818983,1797
1743,11,73,82,100.0,10,1934.7131251789144,658.7923333975966,1.296857400416877,3.705097315374898,1932.9473684210527,652.0,1937.0,664.0,5.052631578947285,13.0,979.858642578125,834.636152787642,1.4472683430115167,0.13156984936468333,1447268.3430115168,131569.84936468332,1796
1742,3,73,75,30.0,3,1555.3333333333333,432.0,2.8674417556808756,2.160246899469287,1552.0,429.0,1559.0,434.0,8.0,6.0,802.1279296875,791.0162760416666,0.037108826392137605,0.012369608797379202,37108.826392137606,12369.608797379202,1795
1741,41,73,95,230.0,23,786.4570121951219,434.2751016260163,4.763300843390857,5.643732020367457,776.0,424.0,798.0,447.0,23.0,24.0,836.27001953125,781.8211282869664,1.1628161993803114,0.028361370716592962,1162816.1993803114,28361.370716592963,1794
1740,3,73,77,50.0,5,799.1666666666666,408.25,1.1785113019775793,3.9738730058554546,797.5,402.75,800.0,412.0,3.5,10.25,768.8056640625,768.7298177083334,0.06184887388581153,0.020616291295270508,61848.873885811525,20616.29129527051,1793
1731,6,73,76,40.0,4,336.75,93.04166666666667,4.259792639710685,2.3292374765622808,330.0,90.25,343.0,96.0,14.0,6.75,802.1279296875,796.5459798177084,0.13606588735522274,0.022677647892537123,136065.88735522275,22677.647892537123,1784
1730,4,73,78,60.0,6,493.125,84.125,1.243734296383275,1.4306903927824497,491.0,82.0,494.0,86.0,4.0,5.0,836.32763671875,793.9781494140625,0.06184866061264619,0.015462165153161548,61848.66061264619,15462.165153161548,1783
1733,1,73,73,10.0,1,852.0,100.0,0.0,0.0,852.0,100.0,852.0,100.0,1.0,1.0,768.8056640625,768.8056640625,0.012369561404443553,0.012369561404443553,12369.561404443553,12369.561404443553,1786
1752,30,73,87,150.0,15,1823.1380246913582,1147.8005555555558,5.629453553397644,5.350589242963202,1812.0,1139.6666666666667,1833.0,1157.0,22.0,18.333333333333258,836.2373046875,777.6742268880208,1.1999054720521611,0.03999684906840537,1199905.472052161,39996.849068405376,1805
1751,89,73,99,270.0,27,594.6370272521408,1058.5573186327038,4.7755692645863785,7.374690711700062,586.0,1043.0,606.0,1077.0,21.0,35.0,906.708740234375,796.4967665082953,8.696547963792312,0.09771402206508216,8696547.963792313,97714.02206508216,1804
1750,1,73,73,10.0,1,601.0,1052.0,0.0,0.0,601.0,1052.0,601.0,1052.0,1.0,1.0,802.1279296875,802.1279296875,0.012369561404443553,0.012369561404443553,12369.561404443553,12369.561404443553,1803
1754,7,73,80,80.0,8,1845.9928571428572,1366.814285714286,1.7072175715867786,3.106412065127122,1843.2,1363.0,1848.5,1373.0,6.2999999999999545,11.0,802.159423828125,783.042236328125,0.19791746333325005,0.028273923333321436,197917.46333325005,28273.923333321436,1807
1755,14,73,91,190.0,19,734.2612244897961,1381.6566326530613,2.5594530014840173,4.361158160506063,731.0,1376.6666666666667,739.0,1392.8,9.0,17.133333333333212,836.252197265625,785.4756426130023,0.6679988331152493,0.04771420236537495,667998.8331152493,47714.20236537495,1808
1753,1,73,73,10.0,1,1944.0,1280.0,0.0,0.0,1944.0,1280.0,1944.0,1280.0,1.0,1.0,768.8056640625,768.8056640625,0.012369561404443553,0.012369561404443553,12369.561404443553,12369.561404443553,1806
1758,2,73,73,10.0,1,56.75,1674.0,1.75,3.0,55.0,1671.0,58.5,1677.0,4.5,7.0,768.8056640625,768.8056640625,0.03710868421333066,0.01855434210666533,37108.68421333066,18554.34210666533,1812
1759,1,73,73,10.0,1,1201.0,1740.0,0.0,0.0,1201.0,1740.0,1201.0,1740.0,1.0,1.0,768.8056640625,768.8056640625,0.012369561404443553,0.012369561404443553,12369.561404443553,12369.561404443553,1813
1783,1,74,74,10.0,1,1915.0,1389.0,0.0,0.0,1915.0,1389.0,1915.0,1389.0,1.0,1.0,802.113525390625,802.113525390625,0.01236963249309157,0.01236963249309157,12369.632493091569,12369.632493091569,1838
1782,4,74,77,40.0,4,304.51666666666665,825.95,0.5484827557301384,0.7123903424387528,303.6666666666667,825.0,305.0,827.0,2.3333333333333144,3.0,836.32763671875,793.9562377929688,0.14843701325135072,0.03710925331283768,148437.01325135073,37109.25331283768,1837
1784,1,74,74,10.0,1,1877.0,1396.0,0.0,0.0,1877.0,1396.0,1877.0,1396.0,1.0,1.0,802.113525390625,802.113525390625,0.01236963249309157,0.01236963249309157,12369.632493091569,12369.632493091569,1839
1780,2,74,75,20.0,2,515.25,639.0,1.25,0.0,514.0,639.0,516.5,639.0,3.5,1.0,906.7158203125,888.93212890625,0.037109039659592565,0.018554519829796282,37109.03965959256,18554.51982979628,1834
1789,17,74,90,170.0,17,170.43529411764706,1933.6450980392158,1.6430670582600249,5.616780893427072,168.0,1923.0,173.5,1945.0,6.5,23.0,802.1439208984375,774.6045927159927,0.5813981810281831,0.03419989300165783,581398.1810281831,34199.89300165783,1844
1778,1,74,74,10.0,1,418.0,151.0,0.0,0.0,418.0,151.0,418.0,151.0,1.0,1.0,802.113525390625,802.113525390625,0.01236963249309157,0.01236963249309157,12369.632493091569,12369.632493091569,1832
1777,1,74,74,10.0,1,363.0,146.0,0.0,0.0,363.0,146.0,363.0,146.0,1.0,1.0,802.113525390625,802.113525390625,0.01236963249309157,0.01236963249309157,12369.632493091569,12369.632493091569,1831
1775,1,74,74,10.0,1,692.0,51.0,0.0,0.0,692.0,51.0,692.0,51.0,1.0,1.0,802.113525390625,802.113525390625,0.01236963249309157,0.01236963249309157,12369.632493091569,12369.632493091569,1829
1776,1,74,74,10.0,1,675.0,65.0,0.0,0.0,675.0,65.0,675.0,65.0,1.0,1.0,802.113525390625,802.113525390625,0.01236963249309157,0.01236963249309157,12369.632493091569,12369.632493091569,1830
1781,2,74,74,10.0,1,1309.7631578947369,794.6315789473684,3.236842105263122,2.631578947368439,1306.5263157894738,792.0,1313.0,797.2631578947369,7.473684210526244,6.263157894736878,1017.60986328125,909.8616943359375,0.24739264986183138,0.12369632493091569,247392.64986183136,123696.32493091568,1835
1779,1,74,74,10.0,1,509.0,630.0,0.0,0.0,509.0,630.0,509.0,630.0,1.0,1.0,802.113525390625,802.113525390625,0.01236963249309157,0.01236963249309157,12369.632493091569,12369.632493091569,1833
1785,2,74,75,20.0,2,1509.75,1445.5,0.75,0.5,1509.0,1445.0,1510.5,1446.0,2.5,2.0,906.729248046875,854.42138671875,0.037109039659592565,0.018554519829796282,37109.03965959256,18554.51982979628,1840
1786,1,74,74,10.0,1,1017.0,1458.0,0.0,0.0,1017.0,1458.0,1017.0,1458.0,1.0,1.0,802.113525390625,802.113525390625,0.01236963249309157,0.01236963249309157,12369.632493091569,12369.632493091569,1841
1788,9,74,83,100.0,10,167.4398589065256,1523.1639329805996,1.0082433518816016,0.6131527670721317,165.86666666666667,1522.0666666666666,169.0,1524.0,4.133333333333326,2.933333333333394,1301.28662109375,939.0531005859375,0.8906311096821906,0.09895901218691007,890631.1096821906,98959.01218691007,1843
1787,6,74,79,60.0,6,1500.3333333333333,1461.3333333333333,5.413460589637238,1.1055415967851334,1494.5,1460.0,1507.0,1463.0,13.5,4.0,871.1484375,791.3590901692709,0.09895819791801115,0.016493032986335192,98958.19791801115,16493.03298633519,1842
1800,1,75,75,10.0,1,1569.0,1994.0,0.0,0.0,1569.0,1994.0,1569.0,1994.0,1.0,1.0,802.115234375,802.115234375,0.012369703583250498,0.012369703583250498,12369.703583250497,12369.703583250497,1855
1799,1,75,75,10.0,1,318.75,1562.0,0.0,0.0,318.75,1562.0,318.75,1562.0,1.0,1.0,836.32763671875,836.32763671875,0.03710911074975149,0.03710911074975149,37109.11074975149,37109.11074975149,1854
1791,1,75,75,10.0,1,716.0,92.0,0.0,0.0,716.0,92.0,716.0,92.0,1.0,1.0,802.115234375,802.115234375,0.012369703583250498,0.012369703583250498,12369.703583250497,12369.703583250497,1846
1792,1,75,75,10.0,1,190.0,158.5,0.0,0.0,190.0,158.5,190.0,158.5,1.0,1.0,836.32763671875,836.32763671875,0.024739407166500995,0.024739407166500995,24739.407166500994,24739.407166500994,1847
1796,6,75,80,60.0,6,1936.3055555555554,624.1944444444445,1.839425903460367,6.651661353784644,1932.5,617.5,1938.5,635.0,7.0,18.5,836.221435546875,796.6931966145834,0.13606908567579196,0.022678180945965326,136069.08567579195,22678.180945965327,1851
1795,1,75,75,10.0,1,869.0,323.0,0.0,0.0,869.0,323.0,869.0,323.0,1.0,1.0,802.115234375,802.115234375,0.012369703583250498,0.012369703583250498,12369.703583250497,12369.703583250497,1850
1793,4,75,78,40.0,4,885.9166666666666,275.05555555555554,3.6314597615834905,4.5775215678032275,881.0,268.0,891.0,279.22222222222223,11.0,12.222222222222229,871.18505859375,802.7049560546875,0.17317862278122043,0.043294655695305106,173178.62278122042,43294.655695305104,1848
1794,4,75,78,40.0,4,893.5,301.5,3.2015621187164243,2.958039891549808,889.0,298.0,898.0,306.0,10.0,9.0,802.115234375,777.06201171875,0.04947931197866521,0.012369827994666302,49479.31197866521,12369.827994666302,1849
1798,2,75,76,20.0,2,1695.1666666666665,1249.4166666666665,0.16666666666662877,0.08333333333337123,1695.0,1249.3333333333333,1695.3333333333333,1249.5,1.3333333333332575,1.1666666666667425,906.729248046875,888.9046630859375,0.061848732707459025,0.030924366353729513,61848.73270745903,30924.366353729514,1853
1797,16,75,89,150.0,15,1338.2424606643356,782.8890169726108,3.6150804298513872,1.4279822172518486,1331.7692307692307,780.7272727272727,1343.0,786.8333333333334,12.230769230769283,7.106060606060623,2478.906982421875,1245.122444152832,1.8555103619153732,0.11596939761971083,1855510.3619153732,115969.39761971083,1852
1790,1,75,75,10.0,1,460.3,36.6,0.0,0.0,460.3,36.6,460.3,36.6,1.0,1.0,1344.64892578125,1344.64892578125,0.12369703583250498,0.12369703583250498,123697.03583250497,123697.03583250497,1845
1801,1,76,76,10.0,1,1983.0,4.5,0.0,0.0,1983.0,4.5,1983.0,4.5,1.0,1.0,768.697265625,768.697265625,0.024739550360638688,0.024739550360638688,24739.55036063869,24739.55036063869,1856
1802,1,76,76,10.0,1,727.0,88.0,0.0,0.0,727.0,88.0,727.0,88.0,1.0,1.0,768.697265625,768.697265625,0.012369775180319344,0.012369775180319344,12369.775180319344,12369.775180319344,1857
1803,1,76,76,10.0,1,157.0,106.0,0.0,0.0,157.0,106.0,157.0,106.0,1.0,1.0,768.697265625,768.697265625,0.012369775180319344,0.012369775180319344,12369.775180319344,12369.775180319344,1858
1833,2,76,79,40.0,4,311.5,1978.5,0.5,0.5,311.0,1978.0,312.0,1979.0,2.0,2.0,768.7490234375,768.72314453125,0.024739763136928508,0.012369881568464254,24739.763136928508,12369.881568464254,1888
1834,3,76,79,40.0,4,317.0,2002.5,2.160246899469287,1.7795130420052185,314.0,2001.0,319.0,2005.0,6.0,5.0,802.190185546875,779.8788248697916,0.049479454670960925,0.016493151556986975,49479.45467096093,16493.151556986973,1889
1835,1,76,76,10.0,1,289.5,2010.0,0.0,0.0,289.5,2010.0,289.5,2010.0,1.0,1.0,802.095703125,802.095703125,0.024739550360638688,0.024739550360638688,24739.55036063869,24739.55036063869,1890
1836,1,76,76,10.0,1,157.0,2015.0,0.0,0.0,157.0,2015.0,157.0,2015.0,1.0,1.0,802.095703125,802.095703125,0.012369775180319344,0.012369775180319344,12369.775180319344,12369.775180319344,1891
1837,12,76,92,170.0,17,1631.451388888889,2042.5624999999998,0.8308702023841428,3.500516661601294,1629.6666666666667,2037.0,1633.0,2046.5,4.3333333333332575,10.5,979.943603515625,823.1134185791016,0.4082203398624612,0.0340183616552051,408220.3398624612,34018.3616552051,1892
1831,7,76,81,60.0,6,663.8486394557824,1953.9863945578231,3.5804235608641193,2.0531430448526007,656.0,1951.5714285714287,667.5,1958.0,12.5,7.428571428571331,906.66259765625,802.8461390904018,0.27213895389448234,0.03887699341349748,272138.95389448234,38876.993413497476,1886
1832,11,76,82,70.0,7,884.2463924963923,1953.8068542568544,3.634984204621863,2.757620955770947,878.2,1951.388888888889,890.0,1962.0,12.799999999999955,11.611111111111086,802.190185546875,789.9796808416194,1.4843910243640803,0.13494463857855277,1484391.0243640803,134944.63857855275,1887
1830,1,76,76,10.0,1,923.0,1943.0,0.0,0.0,923.0,1943.0,923.0,1943.0,1.0,1.0,768.697265625,768.697265625,0.012369775180319344,0.012369775180319344,12369.775180319344,12369.775180319344,1885
1822,43,76,98,230.0,23,1942.2015503875966,1278.0998062015506,4.467561541090403,5.971773205743843,1934.0,1268.0,1952.0,1291.0,19.0,24.0,871.18505859375,779.6802510106286,1.1009773543687205,0.0256041245202028,1100977.3543687204,25604.1245202028,1877
1805,31,76,98,230.0,23,1503.6464669738864,148.9582949308756,3.976926855429038,2.1928115573706846,1496.8,146.25,1511.0,159.0,15.200000000000045,13.75,871.1015625,788.2798993510585,1.1999716033774122,0.03870876139927136,1199971.603377412,38708.76139927136,1860
1818,10,76,82,70.0,7,1847.25,1158.5,3.7633097135367426,5.426785420486054,1843.0,1151.0,1854.0,1170.0,12.0,20.0,802.190185546875,775.4046020507812,0.16080941868476994,0.016080941868476993,160809.41868476995,16080.941868476993,1873
1815,5,76,79,40.0,4,200.4,775.1666666666667,3.7067505985701277,1.2823589374447573,195.0,773.0,205.5,777.0,11.5,5.0,871.15185546875,789.22353515625,0.136068518244145,0.027213703648829003,136068.518244145,27213.703648829003,1870
1816,4,76,82,70.0,7,78.0,1030.5,1.8708286933869707,3.2015621187164243,75.0,1026.0,80.0,1034.0,6.0,9.0,768.7490234375,768.7119140625,0.049479810152367285,0.012369952538091821,49479.81015236728,12369.95253809182,1871
1806,78,76,99,240.0,24,1758.933865265213,189.98729355280935,8.06977624260238,15.140531774544343,1744.2222222222222,168.0,1779.5,215.0,36.27777777777783,48.0,1017.62646484375,827.5850744002904,7.3109458911509275,0.09373007552757599,7310945.891150927,93730.07552757599,1861
1823,15,76,89,140.0,14,511.5402645502645,1332.4424074074075,2.5993067708161135,3.3133751994937106,508.0,1328.5,517.0,1339.0,10.0,11.5,1134.8896484375,827.1662516276042,0.940126063476951,0.0626750708984634,940126.0634769511,62675.070898463404,1878
1804,2,76,77,20.0,2,720.5,115.5,1.5,2.5,719.0,113.0,722.0,118.0,4.0,6.0,802.095703125,785.39111328125,0.049479171307974246,0.024739585653987123,49479.17130797425,24739.585653987124,1859
1820,1,76,76,10.0,1,1960.5,1247.5,0.0,0.0,1960.5,1247.5,1960.5,1247.5,1.0,1.0,802.095703125,802.095703125,0.024739550360638688,0.024739550360638688,24739.55036063869,24739.55036063869,1875
1817,14,76,87,120.0,12,561.6219387755102,1024.4761904761904,1.700189631606895,2.4193393618601395,559.7,1022.0,565.0,1029.5,6.2999999999999545,8.5,836.26806640625,785.4684448242188,0.7669524081171144,0.05478231486550817,766952.4081171144,54782.31486550817,1872
1819,3,76,78,30.0,3,2002.1666666666667,1155.5,1.0274023338281628,0.7071067811865476,2001.0,1155.0,2003.5,1156.5,3.5,2.5,1017.5966796875,908.3446451822916,0.11132840065072452,0.03710946688357484,111328.40065072452,37109.46688357484,1874
1821,1,76,76,10.0,1,1946.0,1260.0,0.0,0.0,1946.0,1260.0,1946.0,1260.0,1.0,1.0,768.697265625,768.697265625,0.012369775180319344,0.012369775180319344,12369.775180319344,12369.775180319344,1876
1814,2,76,77,20.0,2,260.0,758.75,1.5,0.75,258.5,758.0,261.5,759.5,4.0,2.5,802.190185546875,785.4437255859375,0.07421893342870352,0.03710946671435176,74218.93342870352,37109.46671435176,1869
1824,1,76,76,10.0,1,723.0,1377.0,0.0,0.0,723.0,1377.0,723.0,1377.0,1.0,1.0,768.697265625,768.697265625,0.012369775180319344,0.012369775180319344,12369.775180319344,12369.775180319344,1879
1813,1,76,76,10.0,1,526.5,700.5,0.0,0.0,526.5,700.5,526.5,700.5,1.0,1.0,768.697265625,768.697265625,0.024739550360638688,0.024739550360638688,24739.55036063869,24739.55036063869,1868
1825,2,76,78,30.0,3,196.125,1395.0,1.125,1.0,195.0,1394.0,197.25,1396.0,3.25,3.0,768.759765625,768.728515625,0.06184901758265968,0.03092450879132984,61849.017582659675,30924.508791329838,1880
1826,1,76,76,10.0,1,964.0,1402.0,0.0,0.0,964.0,1402.0,964.0,1402.0,1.0,1.0,768.697265625,768.697265625,0.012369775180319344,0.012369775180319344,12369.775180319344,12369.775180319344,1881
1828,6,76,81,60.0,6,1011.0833333333334,1497.5833333333333,2.089989367330742,4.4760163339985946,1007.0,1493.0,1013.0,1507.0,7.0,15.0,802.159423828125,774.280029296875,0.0989598337755421,0.016493305629257018,98959.8337755421,16493.305629257018,1883
1827,4,76,78,30.0,3,954.1583333333333,1492.3416666666667,3.1976879668493825,4.64401496552282,949.5,1486.5,958.0,1499.0,9.5,13.5,802.159423828125,777.0784301757812,0.23502813700413783,0.05875703425103446,235028.13700413782,58757.034251034456,1882
1807,1,76,76,10.0,1,820.0,407.0,0.0,0.0,820.0,407.0,820.0,407.0,1.0,1.0,768.697265625,768.697265625,0.012369775180319344,0.012369775180319344,12369.775180319344,12369.775180319344,1862
1829,3,76,78,30.0,3,1230.4166666666667,1685.25,2.0446406910642163,3.69120576505835,1228.0,1681.0,1233.0,1690.0,6.0,10.0,768.759765625,768.7145182291666,0.07421907510976648,0.024739691703255493,74219.07510976648,24739.691703255492,1884
1811,4,76,80,50.0,5,466.625,597.25,3.797614382740828,2.947456530637899,461.0,594.0,471.5,602.0,11.5,9.0,768.71728515625,768.6968994140625,0.06184958500265211,0.015462396250663028,61849.585002652115,15462.396250663029,1866
1812,1,76,76,10.0,1,1337.0,625.0,0.0,0.0,1337.0,625.0,1337.0,625.0,1.0,1.0,768.697265625,768.697265625,0.012369775180319344,0.012369775180319344,12369.775180319344,12369.775180319344,1867
1809,1,76,76,10.0,1,827.0,467.0,0.0,0.0,827.0,467.0,827.0,467.0,1.0,1.0,768.697265625,768.697265625,0.012369775180319344,0.012369775180319344,12369.775180319344,12369.775180319344,1864
1808,1,76,76,10.0,1,804.0,420.0,0.0,0.0,804.0,420.0,804.0,420.0,1.0,1.0,768.697265625,768.697265625,0.012369775180319344,0.012369775180319344,12369.775180319344,12369.775180319344,1863
1810,1,76,76,10.0,1,870.0,525.0,0.0,0.0,870.0,525.0,870.0,525.0,1.0,1.0,768.697265625,768.697265625,0.012369775180319344,0.012369775180319344,12369.775180319344,12369.775180319344,1865
1870,1,77,77,10.0,1,909.0,1925.0,0.0,0.0,909.0,1925.0,909.0,1925.0,1.0,1.0,768.6865234375,768.6865234375,0.012369845767016208,0.012369845767016208,12369.845767016208,12369.845767016208,1925
1872,3,77,80,40.0,4,867.0,1945.5,2.857738033247041,0.408248290463863,864.5,1945.0,871.0,1946.0,7.5,2.0,836.236328125,802.3607584635416,0.11132939422327995,0.03710979807442665,111329.39422327995,37109.79807442665,1927
1871,2,77,78,20.0,2,919.75,1932.8,0.75,0.20000000000004547,919.0,1932.6,920.5,1933.0,2.5,1.400000000000091,802.159423828125,785.4229736328125,0.08658927584094392,0.04329463792047196,86589.27584094391,43294.637920471956,1926
1865,1,77,77,10.0,1,1204.0,1709.0,0.0,0.0,1204.0,1709.0,1204.0,1709.0,1.0,1.0,768.6865234375,768.6865234375,0.012369845767016208,0.012369845767016208,12369.845767016208,12369.845767016208,1920
1864,3,77,79,30.0,3,76.1111111111111,1688.7777777777776,0.6849348892187769,0.874889763779103,75.33333333333333,1688.0,77.0,1690.0,2.6666666666666714,3.0,802.159423828125,779.864990234375,0.06184958430777228,0.02061652810259076,61849.58430777228,20616.52810259076,1919
1863,15,77,90,140.0,14,98.2279365079365,1633.3582539682538,2.234901210683988,1.8806045221169416,93.0,1629.0,103.0,1638.0,11.0,10.0,1017.590576171875,863.2992106119792,0.8164390436768021,0.054429269578453475,816439.0436768021,54429.26957845347,1918
1862,4,77,82,60.0,6,998.625,1537.625,2.1028254801575903,1.9803724397193574,995.0,1535.0,1000.0,1540.5,6.0,6.5,768.7490234375,768.724853515625,0.06185001088526626,0.015462502721316565,61850.01088526626,15462.502721316565,1917
1849,1,77,77,10.0,1,821.0,432.0,0.0,0.0,821.0,432.0,821.0,432.0,1.0,1.0,768.6865234375,768.6865234375,0.012369845767016208,0.012369845767016208,12369.845767016208,12369.845767016208,1904
1848,13,77,88,120.0,12,796.8499999999999,400.7730769230769,3.5922994564227784,11.750721997206014,790.0,383.0,802.0,417.0,13.0,35.0,802.1600341796875,771.2804894080529,0.27214442825465224,0.020934186788819403,272144.42825465224,20934.186788819403,1903
1847,1,77,77,10.0,1,347.0,361.0,0.0,0.0,347.0,361.0,347.0,361.0,1.0,1.0,768.6865234375,768.6865234375,0.012369845767016208,0.012369845767016208,12369.845767016208,12369.845767016208,1902
1846,1,77,77,10.0,1,518.0,235.0,0.0,0.0,518.0,235.0,518.0,235.0,1.0,1.0,768.6865234375,768.6865234375,0.012369845767016208,0.012369845767016208,12369.845767016208,12369.845767016208,1901
1853,52,77,99,230.0,23,323.0677207503628,879.041644459665,11.664894341696812,9.594352656293015,302.0,862.4666666666667,348.5,894.0,47.5,32.5333333333333,1017.6119995117188,801.6965954120343,4.787539679447018,0.0920680707585965,4787539.679447019,92068.07075859651,1908
1852,3,77,77,10.0,1,265.1666666666667,790.3333333333334,2.7182510717166815,4.9216076867444665,263.0,784.0,269.0,796.0,7.0,13.0,802.190185546875,779.8544108072916,0.04947938306806483,0.016493127689354944,49479.38306806483,16493.127689354944,1907
1845,11,77,87,110.0,11,886.3863636363636,174.17424242424244,1.952165570135674,5.790585199384558,883.0,162.0,890.0,183.0,8.0,22.0,802.2119140625,777.835205078125,0.3092525433600205,0.028113867578183682,309252.5433600205,28113.867578183683,1900
1873,1,77,77,10.0,1,1537.0,2045.0,0.0,0.0,1537.0,2045.0,1537.0,2045.0,1.0,1.0,768.6865234375,768.6865234375,0.012369845767016208,0.012369845767016208,12369.845767016208,12369.845767016208,1928
1866,3,77,80,40.0,4,1317.9166666666667,1864.9166666666667,0.7168604389202189,1.7598926734952398,1317.0,1863.0,1318.75,1867.25,2.75,5.25,802.159423828125,790.9898274739584,0.0865899160663815,0.0288633053554605,86589.9160663815,28863.3053554605,1921
1867,1,77,77,10.0,1,131.66666666666666,1895.3333333333333,0.0,0.0,131.66666666666666,1895.3333333333333,131.66666666666666,1895.3333333333333,1.0,1.0,768.6865234375,768.6865234375,0.03710953730104863,0.03710953730104863,37109.53730104863,37109.53730104863,1922
1868,3,77,79,30.0,3,636.3333333333334,1914.6666666666667,2.357022603955158,0.4714045207910317,633.0,1914.0,638.0,1915.0,6.0,2.0,802.190185546875,791.0237630208334,0.04947959635202388,0.01649319878400796,49479.59635202388,16493.19878400796,1923
1869,2,77,79,30.0,3,1193.0,1919.5,2.0,3.5,1191.0,1916.0,1195.0,1923.0,5.0,8.0,768.7490234375,768.7177734375,0.024739833723625374,0.012369916861812687,24739.833723625376,12369.916861812688,1924
1861,1,77,77,10.0,1,1840.0,1412.0,0.0,0.0,1840.0,1412.0,1840.0,1412.0,1.0,1.0,768.6865234375,768.6865234375,0.012369845767016208,0.012369845767016208,12369.845767016208,12369.845767016208,1916
1860,1,77,77,10.0,1,1867.0,1402.0,0.0,0.0,1867.0,1402.0,1867.0,1402.0,1.0,1.0,768.6865234375,768.6865234375,0.012369845767016208,0.012369845767016208,12369.845767016208,12369.845767016208,1915
1859,1,77,77,10.0,1,973.0,1397.0,0.0,0.0,973.0,1397.0,973.0,1397.0,1.0,1.0,768.6865234375,768.6865234375,0.012369845767016208,0.012369845767016208,12369.845767016208,12369.845767016208,1914
1838,1,77,77,10.0,1,694.0,105.0,0.0,0.0,694.0,105.0,694.0,105.0,1.0,1.0,768.6865234375,768.6865234375,0.012369845767016208,0.012369845767016208,12369.845767016208,12369.845767016208,1893
1842,5,77,84,80.0,8,893.4,143.7,1.7435595774162693,2.08806130178211,891.0,142.0,896.0,146.5,6.0,5.5,802.190185546875,775.40849609375,0.1236999507158429,0.02473999014316858,123699.9507158429,24739.99014316858,1897
1839,1,77,77,10.0,1,962.0,109.0,0.0,0.0,962.0,109.0,962.0,109.0,1.0,1.0,768.6865234375,768.6865234375,0.012369845767016208,0.012369845767016208,12369.845767016208,12369.845767016208,1894
1840,1,77,77,10.0,1,836.0,134.0,0.0,0.0,836.0,134.0,836.0,134.0,1.0,1.0,768.6865234375,768.6865234375,0.012369845767016208,0.012369845767016208,12369.845767016208,12369.845767016208,1895
1841,1,77,77,10.0,1,361.375,136.25,0.0,0.0,361.375,136.25,361.375,136.25,1.0,1.0,768.6865234375,768.6865234375,0.06184922883508104,0.06184922883508104,61849.22883508104,61849.22883508104,1896
1851,1,77,77,10.0,1,451.0,614.0,0.0,0.0,451.0,614.0,451.0,614.0,1.0,1.0,768.6865234375,768.6865234375,0.012369845767016208,0.012369845767016208,12369.845767016208,12369.845767016208,1906
1843,9,77,84,80.0,8,857.6875,154.76157407407405,1.816632687415825,2.160003802453087,854.3333333333334,151.83333333333334,860.0,160.0,6.666666666666629,9.166666666666657,836.252197265625,794.8565131293403,0.47006238682760926,0.05222915409195658,470062.38682760927,52229.15409195658,1898
1844,1,77,77,10.0,1,1706.0,169.0,0.0,0.0,1706.0,169.0,1706.0,169.0,1.0,1.0,768.6865234375,768.6865234375,0.012369845767016208,0.012369845767016208,12369.845767016208,12369.845767016208,1899
1858,1,77,77,10.0,1,1921.0,1381.0,0.0,0.0,1921.0,1381.0,1921.0,1381.0,1.0,1.0,768.6865234375,768.6865234375,0.012369845767016208,0.012369845767016208,12369.845767016208,12369.845767016208,1913
1857,1,77,77,10.0,1,1789.0,1347.0,0.0,0.0,1789.0,1347.0,1789.0,1347.0,1.0,1.0,768.6865234375,768.6865234375,0.012369845767016208,0.012369845767016208,12369.845767016208,12369.845767016208,1912
1856,13,77,85,90.0,9,746.7833035972624,1327.242751059327,4.764224484323244,4.3165132040690395,740.8888888888889,1317.5,757.0,1334.0,17.111111111111086,17.5,2784.701904296875,1244.8326509915864,4.9975399130647284,0.3844261471588253,4997539.9130647285,384426.1471588253,1911
1855,1,77,77,10.0,1,556.0,1306.0,0.0,0.0,556.0,1306.0,556.0,1306.0,1.0,1.0,768.6865234375,768.6865234375,0.012369845767016208,0.012369845767016208,12369.845767016208,12369.845767016208,1910
1854,1,77,77,10.0,1,1982.0,1173.0,0.0,0.0,1982.0,1173.0,1982.0,1173.0,1.0,1.0,768.6865234375,768.6865234375,0.012369845767016208,0.012369845767016208,12369.845767016208,12369.845767016208,1909
1850,2,77,79,30.0,3,494.0,603.0,1.0,3.0,493.0,600.0,495.0,606.0,3.0,7.0,768.7490234375,768.7177734375,0.024739833723625374,0.012369916861812687,24739.833723625376,12369.916861812688,1905
1878,1,78,78,10.0,1,905.0,94.0,0.0,0.0,905.0,94.0,905.0,94.0,1.0,1.0,768.759765625,768.759765625,0.012369916861382302,0.012369916861382302,12369.916861382302,12369.916861382302,1933
1888,1,78,78,10.0,1,1144.0,1132.0,0.0,0.0,1144.0,1132.0,1144.0,1132.0,1.0,1.0,6055.07763671875,6055.07763671875,0.012369916861382302,0.012369916861382302,12369.916861382302,12369.916861382302,1943
1889,1,78,78,10.0,1,1926.0,1263.0,0.0,0.0,1926.0,1263.0,1926.0,1263.0,1.0,1.0,768.759765625,768.759765625,0.012369916861382302,0.012369916861382302,12369.916861382302,12369.916861382302,1944
1890,3,78,82,50.0,5,1697.1333333333332,1345.1666666666667,1.472714802291599,1.5456030825826175,1695.4,1343.0,1699.0,1346.5,4.599999999999909,4.5,768.759765625,768.7412109375,0.0989597614685524,0.03298658715618413,98959.7614685524,32986.587156184134,1945
1891,1,78,78,10.0,1,1861.0,1359.0,0.0,0.0,1861.0,1359.0,1861.0,1359.0,1.0,1.0,768.759765625,768.759765625,0.012369916861382302,0.012369916861382302,12369.916861382302,12369.916861382302,1946
1897,1,78,78,10.0,1,1767.5,1945.0,0.0,0.0,1767.5,1945.0,1767.5,1945.0,1.0,1.0,2190.983154296875,2190.983154296875,0.024739833722764604,0.024739833722764604,24739.833722764604,24739.833722764604,1952
1896,1,78,78,10.0,1,0.0,1905.0,0.0,0.0,0.0,1905.0,0.0,1905.0,1.0,1.0,768.759765625,768.759765625,0.012369916861382302,0.012369916861382302,12369.916861382302,12369.916861382302,1951
1895,41,78,99,220.0,22,374.2988688057632,1764.4921054811402,10.164368960936507,3.9141793965446405,355.0,1753.5,397.5,1772.0,43.5,19.5,1134.92626953125,835.7498466677782,7.508924430435281,0.18314449830329954,7508924.43043528,183144.49830329954,1950
1879,1,78,78,10.0,1,632.0,111.5,0.0,0.0,632.0,111.5,632.0,111.5,1.0,1.0,768.759765625,768.759765625,0.024739833722764604,0.024739833722764604,24739.833722764604,24739.833722764604,1934
1880,1,78,78,10.0,1,907.0,111.0,0.0,0.0,907.0,111.0,907.0,111.0,1.0,1.0,768.759765625,768.759765625,0.012369916861382302,0.012369916861382302,12369.916861382302,12369.916861382302,1935
1881,2,78,80,30.0,3,414.91666666666663,151.83333333333331,1.5833333333333428,0.1666666666666714,413.3333333333333,151.66666666666666,416.5,152.0,4.166666666666686,1.3333333333333428,768.759765625,768.738525390625,0.061849868872447256,0.030924934436223628,61849.86887244725,30924.934436223626,1936
1882,1,78,78,10.0,1,914.0,202.0,0.0,0.0,914.0,202.0,914.0,202.0,1.0,1.0,768.759765625,768.759765625,0.012369916861382302,0.012369916861382302,12369.916861382302,12369.916861382302,1937
1883,1,78,78,10.0,1,842.0,287.0,0.0,0.0,842.0,287.0,842.0,287.0,1.0,1.0,768.759765625,768.759765625,0.012369916861382302,0.012369916861382302,12369.916861382302,12369.916861382302,1938
1884,1,78,78,10.0,1,482.6666666666667,593.3333333333334,0.0,0.0,482.6666666666667,593.3333333333334,482.6666666666667,593.3333333333334,1.0,1.0,802.159423828125,802.159423828125,0.11132925175244072,0.11132925175244072,111329.25175244073,111329.25175244073,1939
1885,5,78,83,60.0,6,506.15,670.3666666666667,1.1135528725660042,0.5441609239104971,504.5,669.75,508.0,671.3333333333334,4.5,2.5833333333333712,802.159423828125,788.7740234375,0.16081098128122623,0.032162196256245244,160810.98128122624,32162.196256245243,1940
1886,1,78,78,10.0,1,491.0,689.0,0.0,0.0,491.0,689.0,491.0,689.0,1.0,1.0,768.759765625,768.759765625,0.03710975058414691,0.03710975058414691,37109.75058414691,37109.75058414691,1941
1887,1,78,78,10.0,1,617.0,958.0,0.0,0.0,617.0,958.0,617.0,958.0,1.0,1.0,802.159423828125,802.159423828125,0.012369916861382302,0.012369916861382302,12369.916861382302,12369.916861382302,1942
1893,2,78,80,30.0,3,950.25,1453.5,1.75,1.5,948.5,1452.0,952.0,1455.0,4.5,4.0,768.759765625,768.738525390625,0.03710989286691478,0.01855494643345739,37109.89286691478,18554.94643345739,1948
1892,1,78,78,10.0,1,973.0,1407.0,0.0,0.0,973.0,1407.0,973.0,1407.0,1.0,1.0,768.759765625,768.759765625,0.012369916861382302,0.012369916861382302,12369.916861382302,12369.916861382302,1947
1877,1,78,78,10.0,1,405.0,87.0,0.0,0.0,405.0,87.0,405.0,87.0,1.0,1.0,802.159423828125,802.159423828125,0.012369916861382302,0.012369916861382302,12369.916861382302,12369.916861382302,1932
1876,21,78,94,170.0,17,239.3835978835979,54.89550264550265,6.8286731810686465,6.2433145005294195,229.0,46.0,252.0,66.0,24.0,21.0,836.28857421875,771.9297456287202,0.5814047929399745,0.027685942520951166,581404.7929399745,27685.942520951165,1931
1875,15,78,86,90.0,9,684.3349206349206,45.95793650793651,7.485473292026607,5.400191877184147,671.5,34.25,698.5,51.0,28.0,17.75,802.1600341796875,777.62666015625,0.45770000650736165,0.030513333767157442,457700.00650736166,30513.33376715744,1930
1874,4,78,82,50.0,5,2010.6875,9.9375,2.912124439305436,3.290018047062964,2007.25,6.25,2015.0,15.0,8.75,9.75,768.759765625,768.7255554199219,0.08659020009779023,0.021647550024447557,86590.20009779022,21647.550024447555,1929
1894,1,78,78,10.0,1,1222.0,1742.0,0.0,0.0,1222.0,1742.0,1222.0,1742.0,1.0,1.0,768.759765625,768.759765625,0.012369916861382302,0.012369916861382302,12369.916861382302,12369.916861382302,1949
1917,2,79,81,30.0,3,917.5,1446.0,1.5,1.0,916.0,1445.0,919.0,1447.0,4.0,3.0,768.7490234375,768.7138061523438,0.02474011811091496,0.01237005905545748,24740.11811091496,12370.05905545748,1972
1915,9,79,90,120.0,12,471.9603174603174,1259.0449735449736,0.8479073286594784,1.7922963155395144,471.0,1256.8333333333333,473.5,1262.0,3.5,6.1666666666667425,871.12158203125,787.5950927734375,0.5566658826030412,0.06185176473367124,556665.8826030411,61851.76473367124,1970
1914,1,79,79,10.0,1,548.0,1074.0,0.0,0.0,548.0,1074.0,548.0,1074.0,1.0,1.0,768.7490234375,768.7490234375,0.012369987956609166,0.012369987956609166,12369.987956609166,12369.987956609166,1969
1910,1,79,79,10.0,1,1307.75,795.25,0.0,0.0,1307.75,795.25,1307.75,795.25,1.0,1.0,871.153076171875,871.153076171875,0.04947995182643666,0.04947995182643666,49479.95182643666,49479.95182643666,1965
1911,2,79,80,20.0,2,300.0,846.0,4.0,2.0,296.0,844.0,304.0,848.0,9.0,5.0,768.7490234375,768.733154296875,0.02474004710075934,0.01237002355037967,24740.04710075934,12370.02355037967,1966
1912,1,79,79,10.0,1,555.0,1035.0,0.0,0.0,555.0,1035.0,555.0,1035.0,1.0,1.0,768.7490234375,768.7490234375,0.012369987956609166,0.012369987956609166,12369.987956609166,12369.987956609166,1967
1913,1,79,79,10.0,1,2028.0,1064.0,0.0,0.0,2028.0,1064.0,2028.0,1064.0,1.0,1.0,768.7490234375,768.7490234375,0.012369987956609166,0.012369987956609166,12369.987956609166,12369.987956609166,1968
1921,4,79,81,30.0,3,8.166666666666668,1892.5833333333333,5.937171043518959,0.9242113755341027,0.0,1891.0,16.666666666666668,1893.3333333333333,17.666666666666668,3.3333333333332575,802.12353515625,777.0750427246094,0.07422028349997464,0.01855507087499366,74220.28349997464,18555.07087499366,1976
1920,1,79,79,10.0,1,1206.0,1678.0,0.0,0.0,1206.0,1678.0,1206.0,1678.0,1.0,1.0,768.7490234375,768.7490234375,0.012369987956609166,0.012369987956609166,12369.987956609166,12369.987956609166,1975
1904,1,79,79,10.0,1,1771.0,193.0,0.0,0.0,1771.0,193.0,1771.0,193.0,1.0,1.0,768.7490234375,768.7490234375,0.012369987956609166,0.012369987956609166,12369.987956609166,12369.987956609166,1959
1905,2,79,81,30.0,3,1666.4,212.7,0.39999999999997726,2.299999999999997,1666.0,210.4,1666.8,215.0,1.7999999999999545,5.599999999999994,768.7490234375,768.7138061523438,0.07422006993735163,0.03711003496867581,74220.06993735163,37110.03496867581,1960
1898,6,79,87,90.0,9,299.2916666666667,60.875,1.8051815852028725,2.1396553460779613,297.0,58.25,303.0,65.0,7.0,7.75,768.7490234375,768.7183024088541,0.11133280699655748,0.01855546783275958,111332.80699655748,18555.46783275958,1953
1899,2,79,79,10.0,1,716.5,83.0,1.5,4.0,715.0,79.0,718.0,87.0,4.0,9.0,768.7490234375,768.7490234375,0.02473997591321833,0.012369987956609166,24739.97591321833,12369.987956609166,1954
1900,1,79,79,10.0,1,289.5,104.5,0.0,0.0,289.5,104.5,289.5,104.5,1.0,1.0,768.7490234375,768.7490234375,0.02473997591321833,0.02473997591321833,24739.97591321833,24739.97591321833,1955
1901,1,79,79,10.0,1,469.0,104.0,0.0,0.0,469.0,104.0,469.0,104.0,1.0,1.0,768.7490234375,768.7490234375,0.012369987956609166,0.012369987956609166,12369.987956609166,12369.987956609166,1956
1902,24,79,95,170.0,17,480.33572881931605,132.64972249543413,7.86625806373858,4.622366029482198,464.0,124.5,493.0,140.0,30.0,16.5,1767.108642578125,1008.9735387166342,3.9339117996690014,0.16391299165287507,3933911.7996690013,163912.99165287506,1957
1916,15,79,90,120.0,12,716.6497746697748,1362.2207964257966,1.3035235255767703,3.3772255988225646,713.5,1354.0,718.5,1368.0,6.0,15.0,871.1153564453125,806.9352783203125,1.0886013185189962,0.07257342123459974,1088601.3185189962,72573.42123459974,1971
1918,1,79,79,10.0,1,995.0,1526.0,0.0,0.0,995.0,1526.0,995.0,1526.0,1.0,1.0,768.7490234375,768.7490234375,0.012369987956609166,0.012369987956609166,12369.987956609166,12369.987956609166,1973
1919,1,79,79,10.0,1,312.0,1558.0,0.0,0.0,312.0,1558.0,312.0,1558.0,1.0,1.0,768.7490234375,768.7490234375,0.012369987956609166,0.012369987956609166,12369.987956609166,12369.987956609166,1974
1909,1,79,79,10.0,1,1313.5,749.0,0.0,0.0,1313.5,749.0,1313.5,749.0,1.0,1.0,836.221435546875,836.221435546875,0.02473997591321833,0.02473997591321833,24739.97591321833,24739.97591321833,1964
1908,4,79,83,50.0,5,1564.6235909822867,444.31702898550725,1.4472666232115632,2.210929729857566,1563.0869565217392,442.22222222222223,1567.0,448.0,4.913043478260761,6.7777777777777715,979.9541015625,917.8695068359375,1.249374829420053,0.31234370735501327,1249374.8294200532,312343.7073550133,1963
1907,1,79,79,10.0,1,878.0,218.0,0.0,0.0,878.0,218.0,878.0,218.0,1.0,1.0,768.7490234375,768.7490234375,0.012369987956609166,0.012369987956609166,12369.987956609166,12369.987956609166,1962
1906,1,79,79,10.0,1,1771.0,215.0,0.0,0.0,1771.0,215.0,1771.0,215.0,1.0,1.0,768.7490234375,768.7490234375,0.012369987956609166,0.012369987956609166,12369.987956609166,12369.987956609166,1961
1903,2,79,82,40.0,4,362.0,144.5,0.5,0.5,361.5,144.0,362.5,145.0,2.0,2.0,836.221435546875,802.4681396484375,0.049480378410063454,0.024740189205031727,49480.37841006345,24740.189205031726,1958
1926,1,80,80,10.0,1,634.0,67.0,0.0,0.0,634.0,67.0,634.0,67.0,1.0,1.0,768.71728515625,768.71728515625,0.012370059144150174,0.012370059144150174,12370.059144150173,12370.059144150173,1981
1924,1,80,80,10.0,1,449.0,21.0,0.0,0.0,449.0,21.0,449.0,21.0,1.0,1.0,768.71728515625,768.71728515625,0.024740118288300347,0.024740118288300347,24740.118288300346,24740.118288300346,1979
1925,2,80,81,20.0,2,778.25,26.0,0.75,0.0,777.5,26.0,779.0,26.0,2.5,1.0,768.71728515625,768.6979370117188,0.037110248442606145,0.018555124221303072,37110.24844260614,18555.12422130307,1980
1922,1,80,80,10.0,1,2039.5,0.0,0.0,0.0,2039.5,0.0,2039.5,0.0,1.0,1.0,768.71728515625,768.71728515625,0.024740118288300347,0.024740118288300347,24740.118288300346,24740.118288300346,1977
1923,1,80,80,10.0,1,1982.0,7.0,0.0,0.0,1982.0,7.0,1982.0,7.0,1.0,1.0,768.71728515625,768.71728515625,0.012370059144150174,0.012370059144150174,12370.059144150173,12370.059144150173,1978
1941,4,80,83,40.0,4,604.4166666666666,1971.2916666666667,4.3035837778917765,0.915719207326504,598.0,1970.0,608.6666666666666,1972.5,11.666666666666629,3.5,802.1439208984375,777.0638427734375,0.08659091126324373,0.02164772781581093,86590.91126324373,21647.727815810933,1996
1940,27,80,99,200.0,20,1940.922668038409,1330.554732510288,3.890459439952135,2.6473709054077674,1933.0,1326.0,1947.0,1336.0,15.0,11.0,1216.7384033203125,845.03823739511,2.004080905641896,0.07422521872747762,2004080.9056418957,74225.21872747762,1995
1943,2,80,83,40.0,4,1157.5,2045.75,0.5,0.75,1157.0,2045.0,1158.0,2046.5,2.0,2.5,768.71728515625,768.7164306640625,0.03711039064602054,0.01855519532301027,37110.39064602054,18555.19532301027,1998
1942,1,80,80,10.0,1,778.0,2031.0,0.0,0.0,778.0,2031.0,778.0,2031.0,1.0,1.0,768.71728515625,768.71728515625,0.012370059144150174,0.012370059144150174,12370.059144150173,12370.059144150173,1997
1939,1,80,80,10.0,1,549.0,984.0,0.0,0.0,549.0,984.0,549.0,984.0,1.0,1.0,768.71728515625,768.71728515625,0.012370059144150174,0.012370059144150174,12370.059144150173,12370.059144150173,1994
1938,1,80,80,10.0,1,253.75,832.5,0.0,0.0,253.75,832.5,253.75,832.5,1.0,1.0,802.12353515625,802.12353515625,0.049480236576600695,0.049480236576600695,49480.23657660069,49480.23657660069,1993
1937,1,80,80,10.0,1,1330.5,753.0,0.0,0.0,1330.5,753.0,1330.5,753.0,1.0,1.0,942.91455078125,942.91455078125,0.024740118288300347,0.024740118288300347,24740.118288300346,24740.118288300346,1992
1936,4,80,83,40.0,4,1974.3392857142858,619.3809523809523,1.665507675252956,1.7947390995278774,1972.5,617.0,1976.0,622.0,4.5,6.0,836.292236328125,793.9672546386719,0.16081218984789586,0.040203047461973965,160812.18984789585,40203.04746197396,1991
1935,1,80,80,10.0,1,786.0,483.0,0.0,0.0,786.0,483.0,786.0,483.0,1.0,1.0,768.71728515625,768.71728515625,0.012370059144150174,0.012370059144150174,12370.059144150173,12370.059144150173,1990
1934,1,80,80,10.0,1,825.0,437.0,0.0,0.0,825.0,437.0,825.0,437.0,1.0,1.0,768.71728515625,768.71728515625,0.012370059144150174,0.012370059144150174,12370.059144150173,12370.059144150173,1989
1933,1,80,80,10.0,1,878.0,300.0,0.0,0.0,878.0,300.0,878.0,300.0,1.0,1.0,768.71728515625,768.71728515625,0.012370059144150174,0.012370059144150174,12370.059144150173,12370.059144150173,1988
1932,5,80,82,30.0,3,900.4722222222223,293.58888888888885,2.5577285447525435,5.44527771401203,897.5,288.0,904.0,303.5,7.5,16.5,906.68212890625,823.476123046875,0.27214250859583283,0.054428501719166564,272142.50859583286,54428.50171916656,1987
1931,1,80,80,10.0,1,866.0,266.0,0.0,0.0,866.0,266.0,866.0,266.0,1.0,1.0,768.71728515625,768.71728515625,0.012370059144150174,0.012370059144150174,12370.059144150173,12370.059144150173,1986
1930,1,80,80,10.0,1,185.0,202.0,0.0,0.0,185.0,202.0,185.0,202.0,1.0,1.0,768.71728515625,768.71728515625,0.012370059144150174,0.012370059144150174,12370.059144150173,12370.059144150173,1985
1929,1,80,80,10.0,1,1724.0,164.0,0.0,0.0,1724.0,164.0,1724.0,164.0,1.0,1.0,768.71728515625,768.71728515625,0.012370059144150174,0.012370059144150174,12370.059144150173,12370.059144150173,1984
1928,2,80,82,30.0,3,356.5,87.5,2.5,0.5,354.0,87.0,359.0,88.0,6.0,2.0,802.12353515625,785.419189453125,0.024740260392572735,0.012370130196286367,24740.260392572734,12370.130196286367,1983
1927,1,80,80,10.0,1,499.0,78.0,0.0,0.0,499.0,78.0,499.0,78.0,1.0,1.0,768.71728515625,768.71728515625,0.012370059144150174,0.012370059144150174,12370.059144150173,12370.059144150173,1982
1944,1,81,81,10.0,1,657.25,69.0,0.0,0.0,657.25,69.0,657.25,69.0,1.0,1.0,802.1439208984375,802.1439208984375,0.03711039046291738,0.03711039046291738,37110.39046291738,37110.39046291738,1999
1945,1,81,81,10.0,1,312.0,100.0,0.0,0.0,312.0,100.0,312.0,100.0,1.0,1.0,768.6785888671875,768.6785888671875,0.012370130154305794,0.012370130154305794,12370.130154305794,12370.130154305794,2000
1951,4,81,87,70.0,7,796.25,507.0,1.920286436967152,2.9154759474226504,794.0,502.0,799.0,509.0,6.0,8.0,768.72412109375,768.7018127441406,0.04948130275811963,0.012370325689529907,49481.30275811963,12370.325689529907,2007
1950,5,81,86,60.0,6,824.0,461.6,2.0976176963403033,6.151422599691879,822.0,454.0,827.0,470.0,6.0,17.0,768.715576171875,768.693896484375,0.061851646217025366,0.012370329243405073,61851.646217025365,12370.329243405073,2006
1949,1,81,81,10.0,1,831.0,451.0,0.0,0.0,831.0,451.0,831.0,451.0,1.0,1.0,768.6785888671875,768.6785888671875,0.012370130154305794,0.012370130154305794,12370.130154305794,12370.130154305794,2005
1948,1,81,81,10.0,1,854.0,256.0,0.0,0.0,854.0,256.0,854.0,256.0,1.0,1.0,768.6785888671875,768.6785888671875,0.012370130154305794,0.012370130154305794,12370.130154305794,12370.130154305794,2003
1947,1,81,81,10.0,1,2037.6666666666667,186.66666666666666,0.0,0.0,2037.6666666666667,186.66666666666666,2037.6666666666667,186.66666666666666,1.0,1.0,1017.6182861328125,1017.6182861328125,0.03711039046291738,0.03711039046291738,37110.39046291738,37110.39046291738,2002
1946,1,81,81,10.0,1,1762.5,170.0,0.0,0.0,1762.5,170.0,1762.5,170.0,1.0,1.0,802.1439208984375,802.1439208984375,0.024740260308611588,0.024740260308611588,24740.26030861159,24740.26030861159,2001
1952,1,81,81,10.0,1,1508.0,516.0,0.0,0.0,1508.0,516.0,1508.0,516.0,1.0,1.0,768.6785888671875,768.6785888671875,0.012370130154305794,0.012370130154305794,12370.130154305794,12370.130154305794,2008
1953,1,81,81,10.0,1,848.0,552.0,0.0,0.0,848.0,552.0,848.0,552.0,1.0,1.0,768.6785888671875,768.6785888671875,0.012370130154305794,0.012370130154305794,12370.130154305794,12370.130154305794,2009
1964,3,81,82,20.0,2,1843.1666666666667,1416.3333333333333,2.718251071716682,1.5456030825826175,1841.0,1415.0,1847.0,1418.5,7.0,4.5,802.1439208984375,779.8457845052084,0.0742209231140683,0.024740307704689435,74220.92311406831,24740.307704689436,2020
1961,1,81,81,10.0,1,555.0,992.0,0.0,0.0,555.0,992.0,555.0,992.0,1.0,1.0,768.6785888671875,768.6785888671875,0.012370130154305794,0.012370130154305794,12370.130154305794,12370.130154305794,2017
1958,6,81,86,60.0,6,248.91666666666666,773.6666666666666,1.0960788698304924,2.054804667656325,247.5,772.0,251.0,778.0,4.5,7.0,802.1600341796875,774.2757771809896,0.11133309116991305,0.01855551519498551,111333.09116991305,18555.51519498551,2014
1959,3,81,83,30.0,3,970.6666666666666,846.1666666666666,1.247219128924647,0.23570226039551584,969.0,846.0,972.0,846.5,4.0,1.5,836.292236328125,791.2288004557291,0.04948080500887111,0.016493601669623704,49480.80500887111,16493.601669623702,2015
1960,1,81,81,10.0,1,1940.0,877.0,0.0,0.0,1940.0,877.0,1940.0,877.0,1.0,1.0,768.6785888671875,768.6785888671875,0.012370130154305794,0.012370130154305794,12370.130154305794,12370.130154305794,2016
1954,2,81,82,20.0,2,499.5,606.0,0.5,0.0,499.0,606.0,500.0,606.0,2.0,1.0,768.71484375,768.6967163085938,0.024740331402728355,0.012370165701364177,24740.331402728356,12370.165701364178,2010
1966,2,81,82,20.0,2,1224.5,1890.75,3.5,1.25,1221.0,1889.5,1228.0,1892.0,8.0,3.5,802.1495361328125,785.4140625,0.03711053265115091,0.018555266325575456,37110.53265115091,18555.266325575456,2022
1967,2,81,84,40.0,4,23.0,1902.75,1.0,0.25,22.0,1902.5,24.0,1903.0,3.0,1.5,802.1536865234375,785.4161376953125,0.037110817078996605,0.018555408539498303,37110.8170789966,18555.4085394983,2023
1968,1,81,81,10.0,1,105.0,1935.0,0.0,0.0,105.0,1935.0,105.0,1935.0,1.0,1.0,768.6785888671875,768.6785888671875,0.012370130154305794,0.012370130154305794,12370.130154305794,12370.130154305794,2024
1965,1,81,81,10.0,1,1268.0,1752.0,0.0,0.0,1268.0,1752.0,1268.0,1752.0,1.0,1.0,768.6785888671875,768.6785888671875,0.012370130154305794,0.012370130154305794,12370.130154305794,12370.130154305794,2021
1969,3,81,84,40.0,4,643.3333333333334,1952.8333333333333,2.6246692913372702,1.5456030825826175,641.0,1951.5,647.0,1955.0,7.0,4.5,768.715576171875,768.69775390625,0.0494810894367168,0.0164936964789056,49481.0894367168,16493.6964789056,2025
1962,1,81,81,10.0,1,544.0,1037.0,0.0,0.0,544.0,1037.0,544.0,1037.0,1.0,1.0,768.6785888671875,768.6785888671875,0.012370130154305794,0.012370130154305794,12370.130154305794,12370.130154305794,2018
1963,6,81,88,80.0,8,1718.375,1245.986111111111,0.7387270081651279,0.4625229390373897,1717.0,1245.0,1719.25,1246.3333333333333,3.25,2.3333333333332575,1017.6182861328125,872.9096476236979,0.17318544850838707,0.028864241418064512,173185.44850838708,28864.241418064514,2019
1970,1,81,81,10.0,1,660.0,1962.0,0.0,0.0,660.0,1962.0,660.0,1962.0,1.0,1.0,768.6785888671875,768.6785888671875,0.012370130154305794,0.012370130154305794,12370.130154305794,12370.130154305794,2026
1956,29,81,95,150.0,15,1916.7637682671364,684.718153540006,3.0501798438684524,10.594460720667978,1911.5,667.0,1923.5,700.6,13.0,34.60000000000002,1388.7569580078125,949.7285429855873,4.77503364141975,0.16465633246275,4775033.64141975,164656.33246275,2012
1957,11,81,91,110.0,11,269.8181818181818,770.5454545454545,1.9687643479734287,2.793698635521681,264.5,767.0,272.5,777.75,9.0,11.75,871.149658203125,796.5145763050426,0.2968898786542388,0.026989988968567167,296889.8786542388,26989.988968567166,2013
1955,1,81,81,10.0,1,447.0,636.0,0.0,0.0,447.0,636.0,447.0,636.0,1.0,1.0,768.6785888671875,768.6785888671875,0.012370130154305794,0.012370130154305794,12370.130154305794,12370.130154305794,2011
1971,3,82,84,30.0,3,693.8333333333334,94.27777777777779,0.6236095644623235,1.3076224773266434,693.0,92.83333333333334,694.5,96.0,2.5,4.166666666666657,871.14306640625,802.8525797526041,0.07422142081375585,0.024740473604585284,74221.42081375585,24740.473604585284,2027
1987,4,82,86,50.0,5,952.8333333333334,1490.5416666666667,1.500000000000003,5.397240807424959,951.0,1484.5,955.0,1499.0,5.0,15.5,802.190185546875,785.439453125,0.11133294894364715,0.027833237235911787,111332.94894364715,27833.237235911787,2043
1988,1,82,82,10.0,1,740.6666666666666,1565.6666666666667,0.0,0.0,740.6666666666666,1565.6666666666667,740.6666666666666,1565.6666666666667,1.0,1.0,768.71484375,768.71484375,0.03711060374526769,0.03711060374526769,37110.60374526769,37110.60374526769,2044
1989,1,82,82,10.0,1,1217.0,1741.0,0.0,0.0,1217.0,1741.0,1217.0,1741.0,1.0,1.0,768.71484375,768.71484375,0.012370201248422561,0.012370201248422561,12370.201248422562,12370.201248422562,2045
1972,2,82,83,20.0,2,935.5,115.25,0.5,0.75,935.0,114.5,936.0,116.0,2.0,2.5,802.1495361328125,785.4325561523438,0.06185107735141044,0.03092553867570522,61851.07735141044,30925.53867570522,2028
1993,1,82,82,10.0,1,372.0,2011.0,0.0,0.0,372.0,2011.0,372.0,2011.0,1.0,1.0,768.71484375,768.71484375,0.012370201248422561,0.012370201248422561,12370.201248422562,12370.201248422562,2049
1994,1,82,82,10.0,1,1648.0,2030.0,0.0,0.0,1648.0,2030.0,1648.0,2030.0,1.0,1.0,768.71484375,768.71484375,0.012370201248422561,0.012370201248422561,12370.201248422562,12370.201248422562,2050
1990,21,82,99,180.0,18,1205.7080928330927,1909.469868755583,5.877570367652284,3.10589210092218,1199.0,1903.0,1222.5,1918.0,24.5,16.0,836.28857421875,783.0754743303571,1.0515306809722016,0.05007288957010484,1051530.6809722015,50072.88957010484,2046
1974,7,82,89,80.0,8,504.48448773448774,135.96410533910534,0.632418121812483,0.4441224488794116,503.3636363636364,135.22222222222223,505.3333333333333,136.5,2.9696969696969404,2.2777777777777715,942.9700927734375,857.4938441685268,0.44533328906375635,0.06361904129482233,445333.28906375635,63619.04129482233,2030
1977,9,82,90,90.0,9,2016.053086419753,413.18765432098763,2.472630859709738,0.776072989589214,2013.7777777777778,412.0,2021.0,414.55555555555554,8.222222222222172,3.555555555555543,1095.068359375,937.1333957248264,0.5319340129810846,0.05910377922012051,531934.0129810845,59103.77922012051,2033
1980,2,82,84,30.0,3,485.5,595.0,2.5,1.0,483.0,594.0,488.0,596.0,6.0,3.0,802.1536865234375,802.151611328125,0.024740544710767965,0.012370272355383983,24740.544710767965,12370.272355383982,2036
1979,21,82,99,180.0,18,507.25740370740374,582.453205921063,1.8251517973476763,1.4179706945001322,504.0,579.3076923076923,511.58333333333337,584.5,8.583333333333371,6.192307692307736,979.9329223632812,832.4466523670014,1.5711163260829697,0.07481506314680808,1571116.3260829698,74815.06314680808,2035
1978,7,82,88,70.0,7,1575.0952380952383,441.6666666666667,2.6872082977272482,2.8284271247461925,1569.0,435.0,1578.0,444.0,10.0,10.0,836.2373046875,783.1439208984375,0.16081531829799206,0.02297361689971315,160815.31829799205,22973.61689971315,2034
1982,1,82,82,10.0,1,585.0,946.0,0.0,0.0,585.0,946.0,585.0,946.0,1.0,1.0,802.1495361328125,802.1495361328125,0.012370201248422561,0.012370201248422561,12370.201248422562,12370.201248422562,2038
1983,1,82,82,10.0,1,2038.0,1063.0,0.0,0.0,2038.0,1063.0,2038.0,1063.0,1.0,1.0,768.71484375,768.71484375,0.012370201248422561,0.012370201248422561,12370.201248422562,12370.201248422562,2039
1984,1,82,82,10.0,1,1989.0,1173.0,0.0,0.0,1989.0,1173.0,1989.0,1173.0,1.0,1.0,768.71484375,768.71484375,0.012370201248422561,0.012370201248422561,12370.201248422562,12370.201248422562,2040
1981,1,82,82,10.0,1,522.0,603.0,0.0,0.0,522.0,603.0,522.0,603.0,1.0,1.0,768.71484375,768.71484375,0.012370201248422561,0.012370201248422561,12370.201248422562,12370.201248422562,2037
1985,1,82,82,10.0,1,1878.0,1334.0,0.0,0.0,1878.0,1334.0,1878.0,1334.0,1.0,1.0,768.71484375,768.71484375,0.012370201248422561,0.012370201248422561,12370.201248422562,12370.201248422562,2041
1991,1,82,82,10.0,1,657.0,1925.0,0.0,0.0,657.0,1925.0,657.0,1925.0,1.0,1.0,802.1495361328125,802.1495361328125,0.012370201248422561,0.012370201248422561,12370.201248422562,12370.201248422562,2047
1992,1,82,82,10.0,1,636.0,1967.0,0.0,0.0,636.0,1967.0,636.0,1967.0,1.0,1.0,768.71484375,768.71484375,0.012370201248422561,0.012370201248422561,12370.201248422562,12370.201248422562,2048
1986,1,82,82,10.0,1,1010.0,1433.0,0.0,0.0,1010.0,1433.0,1010.0,1433.0,1.0,1.0,768.71484375,768.71484375,0.012370201248422561,0.012370201248422561,12370.201248422562,12370.201248422562,2042
1976,3,82,86,50.0,5,850.5666666666666,279.8333333333333,0.7586537784494154,0.8498365855987975,849.5,279.0,851.2,281.0,2.7000000000000455,3.0,802.1536865234375,779.8516845703125,0.09896331654560796,0.03298777218186932,98963.31654560796,32987.77218186932,2032
1975,1,82,82,10.0,1,428.0,198.0,0.0,0.0,428.0,198.0,428.0,198.0,1.0,1.0,768.71484375,768.71484375,0.012370201248422561,0.012370201248422561,12370.201248422562,12370.201248422562,2031
1973,2,82,82,10.0,1,702.0,125.5,2.0,4.5,700.0,121.0,704.0,130.0,5.0,10.0,768.71484375,768.71484375,0.024740402496845122,0.012370201248422561,24740.402496845123,12370.201248422562,2029
1998,9,83,93,110.0,11,525.6944444444445,653.25,3.8654052859553234,3.0276503540974917,519.0,648.0,530.0,657.0,12.0,10.0,802.1203002929688,779.8412000868055,0.21030309227443844,0.023367010252715384,210303.09227443844,23367.010252715383,2054
2003,1,83,83,10.0,1,265.5,789.5,0.0,0.0,265.5,789.5,265.5,789.5,1.0,1.0,768.715576171875,768.715576171875,0.024740544715440394,0.024740544715440394,24740.544715440396,24740.544715440396,2059
1999,2,83,86,40.0,4,498.0,691.0,2.0,1.0,496.0,690.0,500.0,692.0,5.0,3.0,768.715576171875,768.7010498046875,0.024740758032219118,0.012370379016109559,24740.758032219117,12370.379016109559,2055
1996,1,83,83,10.0,1,1501.0,163.0,0.0,0.0,1501.0,163.0,1501.0,163.0,1.0,1.0,768.715576171875,768.715576171875,0.012370272357720197,0.012370272357720197,12370.272357720198,12370.272357720198,2052
2004,7,83,89,70.0,7,367.2142857142857,859.2142857142857,2.101991281366023,1.9613614596779971,363.0,856.0,370.0,863.0,8.0,8.0,802.1600341796875,773.4840959821429,0.09896374321249912,0.01413767760178559,98963.74321249912,14137.67760178559,2060
2000,1,83,83,10.0,1,261.0,758.0,0.0,0.0,261.0,758.0,261.0,758.0,1.0,1.0,768.715576171875,768.715576171875,0.012370272357720197,0.012370272357720197,12370.272357720198,12370.272357720198,2056
2001,1,83,83,10.0,1,232.5,771.0,0.0,0.0,232.5,771.0,232.5,771.0,1.0,1.0,802.123291015625,802.123291015625,0.024740544715440394,0.024740544715440394,24740.544715440396,24740.544715440396,2057
1997,1,83,83,10.0,1,1977.0,651.0,0.0,0.0,1977.0,651.0,1977.0,651.0,1.0,1.0,768.715576171875,768.715576171875,0.012370272357720197,0.012370272357720197,12370.272357720198,12370.272357720198,2053
2009,3,83,84,20.0,2,933.0,1452.8333333333333,2.449489742783178,3.009245014211298,930.0,1450.0,936.0,1457.0,7.0,8.0,768.715576171875,768.7100830078125,0.0494812316401312,0.016493743880043734,49481.2316401312,16493.743880043734,2065
2006,6,83,86,40.0,4,535.6115079365079,1040.6753968253968,5.066612292468911,4.841275370800896,530.0,1034.0,546.0,1049.0,17.0,16.0,871.15185546875,825.36083984375,1.1628192538514142,0.1938032089752357,1162819.2538514142,193803.2089752357,2062
2005,1,83,83,10.0,1,1545.0,918.0,0.0,0.0,1545.0,918.0,1545.0,918.0,1.0,1.0,1258.655517578125,1258.655517578125,0.012370272357720197,0.012370272357720197,12370.272357720198,12370.272357720198,2061
1995,1,83,83,10.0,1,492.3333333333333,141.0,0.0,0.0,492.3333333333333,141.0,492.3333333333333,141.0,1.0,1.0,871.149658203125,871.149658203125,0.03711081707316059,0.03711081707316059,37110.81707316059,37110.81707316059,2051
2019,2,83,84,20.0,2,1461.0,2047.0,1.0,0.0,1460.0,2047.0,1462.0,2047.0,3.0,1.0,802.123291015625,785.4111938476562,0.0247406158200656,0.0123703079100328,24740.6158200656,12370.3079100328,2075
2014,1,83,83,10.0,1,44.0,1903.0,0.0,0.0,44.0,1903.0,44.0,1903.0,1.0,1.0,768.715576171875,768.715576171875,0.012370272357720197,0.012370272357720197,12370.272357720198,12370.272357720198,2070
2015,43,83,98,160.0,16,85.7937984496124,1931.784108527132,7.498579558216475,6.604934097917573,70.0,1919.0,99.0,1944.0,30.0,26.0,802.190185546875,771.0375536541607,0.8412129381517944,0.019563091584925453,841212.9381517945,19563.091584925452,2071
2016,5,83,89,70.0,7,308.85,2007.5,2.861817604250837,2.4899799195977463,306.0,2004.0,313.25,2011.5,8.25,8.5,768.72412109375,768.7009033203125,0.11133408668314108,0.022266817336628216,111334.08668314108,22266.817336628217,2072
2013,2,83,84,20.0,2,131.0,1892.0,0.0,1.0,131.0,1891.0,131.0,1893.0,1.0,3.0,768.715576171875,768.7073364257812,0.0247406158200656,0.0123703079100328,24740.6158200656,12370.3079100328,2069
2017,1,83,83,10.0,1,374.0,2030.0,0.0,0.0,374.0,2030.0,374.0,2030.0,1.0,1.0,768.715576171875,768.715576171875,0.012370272357720197,0.012370272357720197,12370.272357720198,12370.272357720198,2073
2012,1,83,83,10.0,1,1266.0,1695.0,0.0,0.0,1266.0,1695.0,1266.0,1695.0,1.0,1.0,768.715576171875,768.715576171875,0.012370272357720197,0.012370272357720197,12370.272357720198,12370.272357720198,2068
2011,2,83,85,30.0,3,1000.3333333333333,1631.3333333333335,2.6666666666666856,1.3333333333333712,997.6666666666666,1630.0,1003.0,1632.6666666666667,6.333333333333371,3.6666666666667425,768.715576171875,768.70263671875,0.04948123164131564,0.02474061582065782,49481.23164131564,24740.61582065782,2067
2010,2,83,83,10.0,1,952.5,1470.0,0.5,4.0,952.0,1466.0,953.0,1474.0,2.0,9.0,768.715576171875,768.715576171875,0.024740544715440394,0.012370272357720197,24740.544715440396,12370.272357720198,2066
2018,1,83,83,10.0,1,775.0,2038.0,0.0,0.0,775.0,2038.0,775.0,2038.0,1.0,1.0,768.715576171875,768.715576171875,0.012370272357720197,0.012370272357720197,12370.272357720198,12370.272357720198,2074
2007,2,83,84,20.0,2,1853.5,1171.0,3.5,0.0,1850.0,1171.0,1857.0,1171.0,8.0,1.0,768.715576171875,768.7073364257812,0.0247406158200656,0.0123703079100328,24740.6158200656,12370.3079100328,2063
2008,1,83,83,10.0,1,1898.0,1446.0,0.0,0.0,1898.0,1446.0,1898.0,1446.0,1.0,1.0,768.715576171875,768.715576171875,0.012370272357720197,0.012370272357720197,12370.272357720198,12370.272357720198,2064
2002,1,83,83,10.0,1,1297.0,778.0,0.0,0.0,1297.0,778.0,1297.0,778.0,1.0,1.0,768.715576171875,768.715576171875,0.012370272357720197,0.012370272357720197,12370.272357720198,12370.272357720198,2058
2020,1,84,84,10.0,1,1997.0,25.0,0.0,0.0,1997.0,25.0,1997.0,25.0,1.0,1.0,768.6990966796875,768.6990966796875,0.012370343462345404,0.012370343462345404,12370.343462345403,12370.343462345403,2076
2030,3,84,87,40.0,4,541.0,1074.0,0.0,1.4142135623730951,541.0,1073.0,541.0,1076.0,1.0,4.0,768.72412109375,768.7043050130209,0.037111314817736676,0.012370438272578893,37111.314817736675,12370.438272578893,2086
2032,6,84,88,50.0,5,1965.0257936507935,1175.764880952381,1.82066869545625,2.0816539432971957,1962.0,1173.0,1966.5714285714287,1179.0,5.571428571428669,7.0,871.15185546875,802.6307576497396,0.40822574288420305,0.06803762381403385,408225.74288420303,68037.62381403384,2088
2021,1,84,84,10.0,1,302.0,52.0,0.0,0.0,302.0,52.0,302.0,52.0,1.0,1.0,768.6990966796875,768.6990966796875,0.012370343462345404,0.012370343462345404,12370.343462345403,12370.343462345403,2077
2033,7,84,91,80.0,8,875.3095238095237,1960.468253968254,4.492214227096865,0.8595644804166584,870.5,1959.0,884.25,1962.0,14.75,4.0,802.16943359375,778.2576642717634,0.3587500579710792,0.051250008281582736,358750.0579710792,51250.00828158273,2089
2029,14,84,93,100.0,10,213.10551948051946,761.2728174603174,1.6155073922091554,2.24609944545736,209.77777777777777,758.5,215.0,764.75,6.2222222222222285,7.25,979.9329223632812,847.7043849400112,0.7793546066898196,0.05566818619212997,779354.6066898196,55668.18619212997,2085
2027,1,84,84,10.0,1,525.0,706.0,0.0,0.0,525.0,706.0,525.0,706.0,1.0,1.0,768.6990966796875,768.6990966796875,0.012370343462345404,0.012370343462345404,12370.343462345403,12370.343462345403,2083
2022,1,84,84,10.0,1,1805.0,209.0,0.0,0.0,1805.0,209.0,1805.0,209.0,1.0,1.0,768.6990966796875,768.6990966796875,0.012370343462345404,0.012370343462345404,12370.343462345403,12370.343462345403,2078
2025,1,84,84,10.0,1,862.0,519.0,0.0,0.0,862.0,519.0,862.0,519.0,1.0,1.0,768.6990966796875,768.6990966796875,0.012370343462345404,0.012370343462345404,12370.343462345403,12370.343462345403,2081
2028,4,84,87,40.0,4,1302.5277777777778,749.0833333333333,1.3735261461195147,0.3458305443885703,1300.8333333333335,748.5555555555555,1304.5,749.4444444444445,4.666666666666515,1.8888888888889142,1017.6357421875,890.6842956542969,0.32163205874589873,0.08040801468647468,321632.0587458987,80408.01468647468,2084
2026,1,84,84,10.0,1,484.0,661.0,0.0,0.0,484.0,661.0,484.0,661.0,1.0,1.0,768.6990966796875,768.6990966796875,0.012370343462345404,0.012370343462345404,12370.343462345403,12370.343462345403,2082
2023,1,84,84,10.0,1,1619.0,501.0,0.0,0.0,1619.0,501.0,1619.0,501.0,1.0,1.0,768.6990966796875,768.6990966796875,0.012370343462345404,0.012370343462345404,12370.343462345403,12370.343462345403,2079
2024,1,84,84,10.0,1,853.1,513.5,0.0,0.0,853.1,513.5,853.1,513.5,1.0,1.0,802.1536865234375,802.1536865234375,0.07422206077407242,0.07422206077407242,74222.06077407242,74222.06077407242,2080
2031,2,84,85,20.0,2,509.25,1077.75,0.75,0.25,508.5,1077.5,510.0,1078.0,2.5,1.5,802.1600341796875,785.4295654296875,0.06185200173496559,0.030926000867482796,61852.00173496559,30926.000867482795,2087
2034,1,85,85,10.0,1,2003.5,13.0,0.0,0.0,2003.5,13.0,2003.5,13.0,1.0,1.0,768.689697265625,768.689697265625,0.024740829136310094,0.024740829136310094,24740.829136310094,24740.829136310094,2090
2037,1,85,85,10.0,1,853.3333333333334,267.6666666666667,0.0,0.0,853.3333333333334,267.6666666666667,853.3333333333334,267.6666666666667,1.0,1.0,768.689697265625,768.689697265625,0.03711124370446514,0.03711124370446514,37111.24370446514,37111.24370446514,2093
2035,15,85,92,80.0,8,340.2680555555556,88.4469276094276,8.83221581854928,1.2748680635808434,321.0,87.0,353.0,92.0,33.0,6.0,871.15185546875,800.3858520507813,0.9896549253750007,0.06597699502500004,989654.9253750007,65976.99502500004,2091
2040,23,85,99,150.0,15,302.6465430704561,844.1650903444381,5.107048961823964,1.1798290080606302,293.0,842.0,310.0,846.875,18.0,5.875,871.124267578125,805.4415070906929,1.5587557959255265,0.0677719911271968,1558755.7959255264,67771.9911271968,2096
2036,1,85,85,10.0,1,632.1666666666667,123.16666666666666,0.0,0.0,632.1666666666667,123.16666666666666,632.1666666666667,123.16666666666666,1.0,1.0,768.689697265625,768.689697265625,0.04948165827262019,0.04948165827262019,49481.65827262019,49481.65827262019,2092
2039,3,85,87,30.0,3,458.3333333333333,605.0,3.299831645537222,0.0,454.0,605.0,462.0,605.0,9.0,1.0,768.72412109375,768.7001139322916,0.04948201381712641,0.016494004605708806,49482.01381712641,16494.004605708804,2095
2054,10,85,93,90.0,9,977.1040350877192,1929.6721929824562,4.548111591860512,0.7778249826285575,971.7333333333333,1928.0,988.0,1931.0,17.26666666666665,4.0,1017.6149291992188,831.1481140136718,0.9772962447493784,0.09772962447493784,977296.2447493784,97729.62447493784,2110
2047,1,85,85,10.0,1,893.0,1415.0,0.0,0.0,893.0,1415.0,893.0,1415.0,1.0,1.0,768.689697265625,768.689697265625,0.012370414568155047,0.012370414568155047,12370.414568155047,12370.414568155047,2103
2048,30,85,99,150.0,15,690.6129385964912,1419.1417940685049,3.9629709279861864,5.4630650969484185,683.0,1411.0,702.0,1435.0,20.0,25.0,906.6700439453125,784.5018351236979,1.9793819650387816,0.06597939883462606,1979381.9650387815,65979.39883462606,2104
2038,1,85,85,10.0,1,2030.0,421.0,0.0,0.0,2030.0,421.0,2030.0,421.0,1.0,1.0,1258.6910400390625,1258.6910400390625,0.012370414568155047,0.012370414568155047,12370.414568155047,12370.414568155047,2094
2041,7,85,91,70.0,7,620.9285714285714,970.3531746031746,1.4688758871606789,4.349905082326014,619.0,965.75,623.0,976.3333333333334,5.0,11.583333333333371,802.2119140625,787.8288661411831,0.2721526048664428,0.03887894355234898,272152.60486644285,38878.94355234898,2097
2044,5,85,89,50.0,5,1694.11,1249.4966666666667,0.5028363992835343,0.8076302784484056,1693.6666666666667,1248.6666666666667,1695.0,1250.5,2.3333333333332575,2.8333333333332575,979.9423828125,865.159375,0.23504079227524308,0.04700815845504862,235040.7922752431,47008.158455048615,2100
2043,1,85,85,10.0,1,1848.0,1153.0,0.0,0.0,1848.0,1153.0,1848.0,1153.0,1.0,1.0,768.689697265625,768.689697265625,0.012370414568155047,0.012370414568155047,12370.414568155047,12370.414568155047,2099
2042,1,85,85,10.0,1,584.0,1143.0,0.0,0.0,584.0,1143.0,584.0,1143.0,1.0,1.0,768.689697265625,768.689697265625,0.012370414568155047,0.012370414568155047,12370.414568155047,12370.414568155047,2098
2046,2,85,86,20.0,2,1957.425,1369.025,0.17499999999995453,0.22500000000002274,1957.25,1368.8,1957.6,1369.25,1.349999999999909,1.4500000000000455,1134.992919921875,1057.454833984375,0.11133408664511478,0.05566704332255739,111334.08664511477,55667.04332255739,2102
2055,6,85,91,70.0,7,655.5833333333334,1956.652777777778,1.4837078178970713,0.8027970009232421,653.5,1955.5,658.0,1958.0,5.5,3.5,802.2119140625,774.2891337076823,0.18555856514381,0.030926427523968333,185558.56514381,30926.427523968334,2111
2056,1,85,85,10.0,1,364.0,2003.0,0.0,0.0,364.0,2003.0,364.0,2003.0,1.0,1.0,768.689697265625,768.689697265625,0.012370414568155047,0.012370414568155047,12370.414568155047,12370.414568155047,2112
2045,1,85,85,10.0,1,1954.2,1356.8,0.0,0.0,1954.2,1356.8,1954.2,1356.8,1.0,1.0,1017.6357421875,1017.6357421875,0.061852072840775235,0.061852072840775235,61852.07284077523,61852.07284077523,2101
2049,1,85,85,10.0,1,1022.0,1472.0,0.0,0.0,1022.0,1472.0,1022.0,1472.0,1.0,1.0,768.689697265625,768.689697265625,0.012370414568155047,0.012370414568155047,12370.414568155047,12370.414568155047,2105
2050,7,85,93,90.0,9,56.238095238095234,1676.6825396825395,2.0545287623623456,1.4034834106790808,53.666666666666664,1675.0,60.0,1679.0,7.333333333333336,5.0,802.1203002929688,773.4853602818081,0.21030216768371712,0.03004316681195959,210302.16768371713,30043.16681195959,2106
2053,3,85,87,30.0,3,11.333333333333334,1893.3333333333333,3.39934634239519,3.39934634239519,8.0,1890.0,16.0,1898.0,9.0,9.0,768.72412109375,768.701171875,0.03711138592354632,0.01237046197451544,37111.38592354632,12370.46197451544,2109
2051,4,85,91,70.0,7,1225.75,1692.25,1.479019945774904,2.384848003542364,1224.0,1689.0,1228.0,1695.0,5.0,7.0,768.7421875,768.7090911865234,0.049482582709686154,0.012370645677421539,49482.582709686154,12370.645677421538,2107
2052,3,85,86,20.0,2,405.0,1773.0,4.320493798938574,0.816496580927726,399.0,1772.0,409.0,1774.0,11.0,3.0,802.190185546875,779.8565266927084,0.03711131481080901,0.01237043827026967,37111.31481080901,12370.438270269671,2108
2071,1,86,86,10.0,1,1202.0,1706.0,0.0,0.0,1202.0,1706.0,1202.0,1706.0,1.0,1.0,768.6865234375,768.6865234375,0.012370485674498919,0.012370485674498919,12370.48567449892,12370.48567449892,2127
2068,1,86,86,10.0,1,543.0,1047.0,0.0,0.0,543.0,1047.0,543.0,1047.0,1.0,1.0,768.6865234375,768.6865234375,0.012370485674498919,0.012370485674498919,12370.48567449892,12370.48567449892,2124
2069,1,86,86,10.0,1,1842.0,1408.0,0.0,0.0,1842.0,1408.0,1842.0,1408.0,1.0,1.0,768.6865234375,768.6865234375,0.012370485674498919,0.012370485674498919,12370.48567449892,12370.48567449892,2125
2075,2,86,88,30.0,3,1165.3333333333335,2046.3333333333335,0.33333333333337123,0.33333333333337123,1165.0,2046.0,1165.6666666666667,2046.6666666666667,1.6666666666667425,1.6666666666667425,836.21923828125,802.452880859375,0.07422334071297595,0.03711167035648798,74223.34071297596,37111.67035648798,2131
2067,2,86,87,20.0,2,1273.0,758.5,1.5,0.5,1271.5,758.0,1274.5,759.0,4.0,2.0,942.9052734375,924.783935546875,0.09896431207241516,0.04948215603620758,98964.31207241515,49482.156036207576,2123
2073,4,86,90,50.0,5,310.125,1980.375,1.6723860200324565,2.161452058223823,309.0,1978.5,313.0,1984.0,5.0,6.5,802.2119140625,777.0668029785156,0.06185306838065457,0.015463267095163642,61853.068380654564,15463.267095163641,2129
2057,1,86,86,10.0,1,2046.0,42.0,0.0,0.0,2046.0,42.0,2046.0,42.0,1.0,1.0,768.6865234375,768.6865234375,0.012370485674498919,0.012370485674498919,12370.48567449892,12370.48567449892,2113
2058,1,86,86,10.0,1,495.0,75.0,0.0,0.0,495.0,75.0,495.0,75.0,1.0,1.0,768.6865234375,768.6865234375,0.012370485674498919,0.012370485674498919,12370.48567449892,12370.48567449892,2114
2059,1,86,86,10.0,1,190.0,115.0,0.0,0.0,190.0,115.0,190.0,115.0,1.0,1.0,768.6865234375,768.6865234375,0.012370485674498919,0.012370485674498919,12370.48567449892,12370.48567449892,2115
2060,1,86,86,10.0,1,1859.0,154.0,0.0,0.0,1859.0,154.0,1859.0,154.0,1.0,1.0,2599.101318359375,2599.101318359375,0.012370485674498919,0.012370485674498919,12370.48567449892,12370.48567449892,2116
2061,1,86,86,10.0,1,427.0,195.0,0.0,0.0,427.0,195.0,427.0,195.0,1.0,1.0,768.6865234375,768.6865234375,0.03711145702349676,0.03711145702349676,37111.45702349676,37111.45702349676,2117
2062,2,86,87,20.0,2,1930.25,256.25,0.75,0.75,1929.5,255.5,1931.0,257.0,2.5,2.5,768.72412109375,768.705322265625,0.037111599248971366,0.018555799624485683,37111.59924897137,18555.799624485684,2118
2074,3,86,88,30.0,3,1151.9880952380952,2031.1785714285713,0.2188663846529519,0.9534220500083977,1151.7142857142858,2030.2857142857142,1152.25,2032.5,1.5357142857142208,3.2142857142857792,871.1015625,836.4867350260416,0.1855583517946215,0.0618527839315405,185558.3517946215,61852.7839315405,2130
2072,1,86,86,10.0,1,324.0,1978.0,0.0,0.0,324.0,1978.0,324.0,1978.0,1.0,1.0,768.6865234375,768.6865234375,0.012370485674498919,0.012370485674498919,12370.48567449892,12370.48567449892,2128
2070,1,86,86,10.0,1,992.0,1517.0,0.0,0.0,992.0,1517.0,992.0,1517.0,1.0,1.0,768.6865234375,768.6865234375,0.012370485674498919,0.012370485674498919,12370.48567449892,12370.48567449892,2126
2065,1,86,86,10.0,1,439.9583333333333,608.9166666666666,0.0,0.0,439.9583333333333,608.9166666666666,439.9583333333333,608.9166666666666,1.0,1.0,802.190185546875,802.190185546875,0.11133437107049027,0.11133437107049027,111334.37107049026,111334.37107049026,2121
2064,1,86,86,10.0,1,500.0,604.0,0.0,0.0,500.0,604.0,500.0,604.0,1.0,1.0,768.6865234375,768.6865234375,0.012370485674498919,0.012370485674498919,12370.48567449892,12370.48567449892,2120
2063,2,86,87,20.0,2,893.0,302.5,0.0,0.5,893.0,302.0,893.0,303.0,1.0,2.0,768.72412109375,768.705322265625,0.02474104246173514,0.01237052123086757,24741.042461735142,12370.521230867571,2119
2066,1,86,86,10.0,1,539.0,645.0,0.0,0.0,539.0,645.0,539.0,645.0,1.0,1.0,768.6865234375,768.6865234375,0.012370485674498919,0.012370485674498919,12370.48567449892,12370.48567449892,2122
2085,1,87,87,10.0,1,1912.0,664.0,0.0,0.0,1912.0,664.0,1912.0,664.0,1.0,1.0,768.72412109375,768.72412109375,0.012370556787236222,0.012370556787236222,12370.556787236223,12370.556787236223,2141
2096,6,87,91,50.0,5,1498.2142857142856,1457.607142857143,1.5402756180605655,2.705420987774067,1496.0,1453.0,1501.0,1460.142857142857,6.0,8.14285714285711,871.0938720703125,802.4906819661459,0.16082001161229753,0.026803335268716255,160820.01161229753,26803.335268716255,2152
2097,2,87,88,20.0,2,998.5,1527.0,1.5,1.0,997.0,1526.0,1000.0,1528.0,4.0,3.0,768.7421875,768.733154296875,0.024741184683729288,0.012370592341864644,24741.184683729287,12370.592341864643,2153
2098,1,87,87,10.0,1,951.0,1531.0,0.0,0.0,951.0,1531.0,951.0,1531.0,1.0,1.0,768.72412109375,768.72412109375,0.012370556787236222,0.012370556787236222,12370.556787236223,12370.556787236223,2154
2087,2,87,88,20.0,2,1299.2,776.525,0.2999999999999545,0.7250000000000227,1298.9,775.8,1299.5,777.25,1.599999999999909,2.4500000000000455,871.1015625,836.60400390625,0.1731880794583345,0.08659403972916725,173188.0794583345,86594.03972916726,2143
2086,1,87,87,10.0,1,1050.0,753.0,0.0,0.0,1050.0,753.0,1050.0,753.0,1.0,1.0,1216.665771484375,1216.665771484375,0.012370556787236222,0.012370556787236222,12370.556787236223,12370.556787236223,2142
2089,13,87,99,130.0,13,647.6244247205785,1007.4110547572086,2.2792735241271385,3.109878869554543,644.75,1000.0,652.0,1012.4444444444445,8.25,13.444444444444457,836.2703247070312,791.9088181715745,0.8288704730885157,0.06375926716065505,828870.4730885157,63759.26716065505,2145
2088,14,87,98,120.0,12,494.540873015873,972.203373015873,2.1356506172197083,4.93848180006842,489.5,962.6666666666666,497.3333333333333,982.3333333333334,8.833333333333314,20.666666666666742,942.95068359375,810.019291469029,0.9896813098339386,0.07069152213099562,989681.3098339386,70691.52213099563,2144
2092,14,87,99,130.0,13,322.41889429572785,1253.9311228073705,3.396811723979577,1.472461626540092,312.14285714285717,1251.8333333333333,326.39130434782606,1257.2857142857142,15.248447204968897,6.452380952380963,2538.66650390625,1533.7651585170202,6.606169401023433,0.4718692429302452,6606169.401023433,471869.2429302452,2148
2093,2,87,88,20.0,2,1958.0,1277.0,0.0,1.0,1958.0,1276.0,1958.0,1278.0,1.0,3.0,768.7421875,768.733154296875,0.024741184683729288,0.012370592341864644,24741.184683729287,12370.592341864643,2149
2090,8,87,96,100.0,10,82.75,1027.3125,0.7905694150420949,1.9354828209002528,82.0,1024.0,84.5,1031.0,3.5,8.0,802.156494140625,772.8947296142578,0.19793274876819483,0.024741593596024354,197932.74876819484,24741.593596024355,2146
2091,1,87,87,10.0,1,590.0,1137.0,0.0,0.0,590.0,1137.0,590.0,1137.0,1.0,1.0,768.72412109375,768.72412109375,0.012370556787236222,0.012370556787236222,12370.556787236223,12370.556787236223,2147
2094,1,87,87,10.0,1,1875.0,1345.0,0.0,0.0,1875.0,1345.0,1875.0,1345.0,1.0,1.0,802.2119140625,802.2119140625,0.012370556787236222,0.012370556787236222,12370.556787236223,12370.556787236223,2150
2095,12,87,99,130.0,13,1835.4755050505053,1392.6560606060605,1.1496745379497082,2.896691337901007,1834.0,1386.0,1838.0,1396.0,5.0,11.0,802.16064453125,785.4298706054688,0.618561335849521,0.05154677798746008,618561.335849521,51546.77798746008,2151
2103,3,87,91,50.0,5,605.5,1971.6666666666667,1.4719601443879744,2.6246692913372702,603.5,1968.0,607.0,1974.0,4.5,7.0,768.7252807617188,768.7095336914062,0.07422405183381461,0.02474135061127154,74224.0518338146,24741.35061127154,2159
2102,1,87,87,10.0,1,890.0,1951.0,0.0,0.0,890.0,1951.0,890.0,1951.0,1.0,1.0,768.72412109375,768.72412109375,0.012370556787236222,0.012370556787236222,12370.556787236223,12370.556787236223,2158
2082,2,87,88,20.0,2,1925.5,242.5,0.5,0.5,1925.0,242.0,1926.0,243.0,2.0,2.0,768.7421875,768.733154296875,0.024741184683729288,0.012370592341864644,24741.184683729287,12370.592341864643,2138
2076,1,87,87,10.0,1,1986.0,4.0,0.0,0.0,1986.0,4.0,1986.0,4.0,1.0,1.0,768.72412109375,768.72412109375,0.012370556787236222,0.012370556787236222,12370.556787236223,12370.556787236223,2132
2077,27,87,99,130.0,13,692.8422619047619,47.1928277483833,11.947902186108655,3.006649014113528,667.0,42.0,714.0,54.0,48.0,13.0,802.156494140625,777.3725179036459,0.9278271747882948,0.03436396943660351,927827.1747882948,34363.96943660351,2133
2079,1,87,87,10.0,1,1511.4285714285713,165.71428571428572,0.0,0.0,1511.4285714285713,165.71428571428572,1511.4285714285713,165.71428571428572,1.0,1.0,768.72412109375,768.72412109375,0.08659389751065355,0.08659389751065355,86593.89751065355,86593.89751065355,2135
2083,1,87,87,10.0,1,900.0,292.0,0.0,0.0,900.0,292.0,900.0,292.0,1.0,1.0,768.72412109375,768.72412109375,0.012370556787236222,0.012370556787236222,12370.556787236223,12370.556787236223,2139
2081,1,87,87,10.0,1,863.0,238.5,0.0,0.0,863.0,238.5,863.0,238.5,1.0,1.0,768.72412109375,768.72412109375,0.024741113574472444,0.024741113574472444,24741.113574472445,24741.113574472445,2137
2080,1,87,87,10.0,1,839.0,212.0,0.0,0.0,839.0,212.0,839.0,212.0,1.0,1.0,768.72412109375,768.72412109375,0.03711167036170866,0.03711167036170866,37111.67036170866,37111.67036170866,2136
2084,1,87,87,10.0,1,851.0,553.0,0.0,0.0,851.0,553.0,851.0,553.0,1.0,1.0,768.72412109375,768.72412109375,0.012370556787236222,0.012370556787236222,12370.556787236223,12370.556787236223,2140
2100,7,87,94,80.0,8,58.095238095238095,1703.5,1.4742691028964499,0.695792342676305,56.666666666666664,1703.0,61.0,1705.0,5.333333333333336,3.0,906.6573486328125,793.1979370117188,0.19793459775057531,0.028276371107225046,197934.5977505753,28276.371107225048,2156
2101,1,87,87,10.0,1,1242.0,1773.0,0.0,0.0,1242.0,1773.0,1242.0,1773.0,1.0,1.0,768.72412109375,768.72412109375,0.012370556787236222,0.012370556787236222,12370.556787236223,12370.556787236223,2157
2099,1,87,87,10.0,1,993.0,1547.0,0.0,0.0,993.0,1547.0,993.0,1547.0,1.0,1.0,768.72412109375,768.72412109375,0.012370556787236222,0.012370556787236222,12370.556787236223,12370.556787236223,2155
2078,19,87,99,130.0,13,662.3092105263158,67.69736842105263,8.02036556837751,4.787991384270117,651.0,60.0,675.0,78.0,25.0,19.0,836.2516479492188,774.0245714689556,0.3587609390663205,0.01888215468770108,358760.9390663205,18882.154687701077,2134
2128,1,88,88,10.0,1,875.5,1938.25,0.0,0.0,875.5,1938.25,875.5,1938.25,1.0,1.0,768.7421875,768.7421875,0.0371118836894792,0.0371118836894792,37111.883689479204,37111.883689479204,2184
2129,3,88,90,30.0,3,639.1666666666666,1957.8333333333333,0.8498365855987975,2.953340857778225,638.0,1955.5,640.0,1962.0,3.0,7.5,768.7421875,768.7036539713541,0.04948272492466933,0.016494241641556443,49482.72492466933,16494.241641556444,2185
2130,1,88,88,10.0,1,1273.0,2045.0,0.0,0.0,1273.0,2045.0,1273.0,2045.0,1.0,1.0,802.1064453125,802.1064453125,0.012370627896493068,0.012370627896493068,12370.627896493068,12370.627896493068,2186
2121,2,88,91,40.0,4,954.0,1473.25,0.0,0.75,954.0,1472.5,954.0,1474.0,1.0,2.5,768.7421875,768.7337341308594,0.03711209703087211,0.018556048515436054,37112.09703087211,18556.048515436054,2177
2127,1,88,88,10.0,1,150.0,1916.0,0.0,0.0,150.0,1916.0,150.0,1916.0,1.0,1.0,768.7421875,768.7421875,0.012370627896493068,0.012370627896493068,12370.627896493068,12370.627896493068,2183
2126,1,88,88,10.0,1,99.0,1915.0,0.0,0.0,99.0,1915.0,99.0,1915.0,1.0,1.0,768.7421875,768.7421875,0.012370627896493068,0.012370627896493068,12370.627896493068,12370.627896493068,2182
2124,4,88,93,60.0,6,19.333333333333332,1902.7083333333333,2.8577380332470406,1.70934929139715,16.0,1900.0,22.333333333333332,1904.3333333333333,7.333333333333332,5.3333333333332575,802.1064453125,777.0546112060547,0.08659546199019433,0.021648865497548582,86595.46199019432,21648.86549754858,2180
2125,1,88,88,10.0,1,28.0,1907.0,0.0,0.0,28.0,1907.0,28.0,1907.0,1.0,1.0,768.7421875,768.7421875,0.012370627896493068,0.012370627896493068,12370.627896493068,12370.627896493068,2181
2119,1,88,88,10.0,1,298.0,863.0,0.0,0.0,298.0,863.0,298.0,863.0,1.0,1.0,768.7421875,768.7421875,0.012370627896493068,0.012370627896493068,12370.627896493068,12370.627896493068,2175
2120,1,88,88,10.0,1,1958.0,1246.0,0.0,0.0,1958.0,1246.0,1958.0,1246.0,1.0,1.0,768.7421875,768.7421875,0.012370627896493068,0.012370627896493068,12370.627896493068,12370.627896493068,2176
2118,1,88,88,10.0,1,441.0,808.0,0.0,0.0,441.0,808.0,441.0,808.0,1.0,1.0,906.690673828125,906.690673828125,0.012370627896493068,0.012370627896493068,12370.627896493068,12370.627896493068,2174
2111,2,88,89,20.0,2,841.8125,230.5,0.1875,0.5,841.625,230.0,842.0,231.0,1.375,2.0,836.21923828125,802.44921875,0.1113357221790966,0.0556678610895483,111335.7221790966,55667.8610895483,2167
2109,1,88,88,10.0,1,1810.0,186.0,0.0,0.0,1810.0,186.0,1810.0,186.0,1.0,1.0,768.7421875,768.7421875,0.012370627896493068,0.012370627896493068,12370.627896493068,12370.627896493068,2165
2108,3,88,90,30.0,3,862.5333333333333,151.93333333333334,0.41096093353126634,0.09428090415820098,862.0,151.8,863.0,152.0,2.0,1.1999999999999886,979.91943359375,907.3704427083334,0.13607768909883294,0.04535922969961098,136077.68909883295,45359.22969961098,2164
2106,1,88,88,10.0,1,385.0,104.0,0.0,0.0,385.0,104.0,385.0,104.0,1.0,1.0,802.1064453125,802.1064453125,0.012370627896493068,0.012370627896493068,12370.627896493068,12370.627896493068,2162
2107,1,88,88,10.0,1,321.0,109.0,0.0,0.0,321.0,109.0,321.0,109.0,1.0,1.0,768.7421875,768.7421875,0.012370627896493068,0.012370627896493068,12370.627896493068,12370.627896493068,2163
2105,5,88,91,40.0,4,256.8,57.0,3.54400902933387,3.7416573867739413,250.0,53.0,260.0,64.0,11.0,12.0,802.1064453125,775.3885375976563,0.06185356616255531,0.012370713232511061,61853.56616255531,12370.713232511062,2161
2104,1,88,88,10.0,1,643.8333333333334,3.8333333333333335,0.0,0.0,643.8333333333334,3.8333333333333335,643.8333333333334,3.8333333333333335,1.0,1.0,802.1064453125,802.1064453125,0.0742237673789584,0.0742237673789584,74223.76737895841,74223.76737895841,2160
2116,1,88,88,10.0,1,449.0,611.0,0.0,0.0,449.0,611.0,449.0,611.0,1.0,1.0,768.7421875,768.7421875,0.012370627896493068,0.012370627896493068,12370.627896493068,12370.627896493068,2172
2117,10,88,97,100.0,10,1902.4625,721.7083333333334,5.175410947183056,3.721418860237759,1894.0,717.0,1909.0,730.0,16.0,14.0,802.16064453125,778.7372436523438,0.23504591253689333,0.02350459125368933,235045.91253689333,23504.59125368933,2173
2112,5,88,91,40.0,4,547.7333333333333,253.2,0.8273115763994002,3.655133376499413,546.6666666666666,249.0,549.0,258.0,3.3333333333333712,10.0,768.7421875,768.7051635742188,0.08659524863965568,0.017319049727931135,86595.24863965568,17319.049727931135,2168
2115,1,88,88,10.0,1,814.0,445.0,0.0,0.0,814.0,445.0,814.0,445.0,1.0,1.0,768.7421875,768.7421875,0.012370627896493068,0.012370627896493068,12370.627896493068,12370.627896493068,2171
2113,1,88,88,10.0,1,375.0,283.0,0.0,0.0,375.0,283.0,375.0,283.0,1.0,1.0,768.7421875,768.7421875,0.012370627896493068,0.012370627896493068,12370.627896493068,12370.627896493068,2169
2114,4,88,90,30.0,3,845.25,301.5,2.277608394786075,3.905124837953327,843.0,296.0,848.0,307.0,6.0,12.0,768.7421875,768.7001342773438,0.04948286715270741,0.012370716788176852,49482.86715270741,12370.716788176853,2170
2123,1,88,88,10.0,1,7.0,1684.0,0.0,0.0,7.0,1684.0,7.0,1684.0,1.0,1.0,768.7421875,768.7421875,0.012370627896493068,0.012370627896493068,12370.627896493068,12370.627896493068,2179
2122,4,88,91,40.0,4,957.875,1547.0625,1.1388041973930374,1.6618419750385414,956.0,1545.0,959.0,1549.25,4.0,5.25,802.1064453125,777.0501251220703,0.07422419405904837,0.018556048514762093,74224.19405904837,18556.048514762093,2178
2110,1,88,88,10.0,1,528.0,223.0,0.0,0.0,528.0,223.0,528.0,223.0,1.0,1.0,768.7421875,768.7421875,0.012370627896493068,0.012370627896493068,12370.627896493068,12370.627896493068,2166
2144,4,89,92,40.0,4,1941.95,1172.25,2.536237370594494,1.7853571071357126,1938.8,1170.0,1945.5,1175.0,7.7000000000000455,6.0,836.2417602539062,793.9654388427734,0.12370862573330457,0.030927156433326143,123708.62573330458,30927.156433326145,2200
2148,1,89,89,10.0,1,693.0,1405.0,0.0,0.0,693.0,1405.0,693.0,1405.0,1.0,1.0,1017.576416015625,1017.576416015625,0.012370699007152063,0.012370699007152063,12370.699007152063,12370.699007152063,2204
2147,8,89,95,70.0,7,1848.5172897206567,1387.6287218131743,1.4891848287811158,2.6432783052001887,1845.0,1385.0,1849.75,1394.0,5.75,10.0,1817.616943359375,1211.6483688354492,1.3236829996047934,0.16546037495059918,1323682.9996047935,165460.3749505992,2203
2149,6,89,95,70.0,7,921.2083333333334,1433.875,2.3292374765622808,0.45069390943299864,918.0,1433.0,923.5,1434.5,6.5,2.5,802.1399536132812,774.2734375,0.13607975146332968,0.022679958577221614,136079.75146332968,22679.958577221616,2205
2131,3,89,93,50.0,5,789.0,29.333333333333332,0.816496580927726,0.4714045207910317,788.0,29.0,790.0,30.0,3.0,2.0,768.7252807617188,768.7039998372396,0.03711252372143623,0.012370841240478743,37112.523721436235,12370.841240478743,2187
2132,2,89,90,20.0,2,302.5,90.0,0.5,2.0,302.0,88.0,303.0,92.0,2.0,5.0,768.6895751953125,768.6843872070312,0.0247414691316832,0.0123707345658416,24741.4691316832,12370.7345658416,2188
2133,3,89,92,40.0,4,904.3333333333334,100.5,0.4714045207910317,2.1213203435596424,904.0,99.0,905.0,103.5,2.0,5.5,768.6895751953125,768.6857299804688,0.061853850618288124,0.020617950206096042,61853.850618288125,20617.950206096044,2189
2146,1,89,89,10.0,1,1948.0,1297.5,0.0,0.0,1948.0,1297.5,1948.0,1297.5,1.0,1.0,836.28857421875,836.28857421875,0.024741398014304125,0.024741398014304125,24741.398014304126,24741.398014304126,2202
2145,5,89,93,50.0,5,563.5916666666667,1287.075,0.8012143561147824,3.8255718526777143,562.3333333333334,1282.5,564.5,1292.25,3.1666666666666288,10.75,802.14990234375,782.0728515625,0.21030444331292722,0.04206088866258544,210304.4433129272,42060.88866258544,2201
2153,1,89,89,10.0,1,182.0,1928.0,0.0,0.0,182.0,1928.0,182.0,1928.0,1.0,1.0,768.67919921875,768.67919921875,0.012370699007152063,0.012370699007152063,12370.699007152063,12370.699007152063,2209
2152,3,89,93,50.0,5,1318.6666666666667,1866.0,1.699673171197595,2.943920288775949,1317.0,1862.0,1321.0,1869.0,5.0,8.0,768.7252807617188,768.7039998372396,0.03711252372143623,0.012370841240478743,37112.523721436235,12370.841240478743,2208
2151,1,89,89,10.0,1,167.0,1524.0,0.0,0.0,167.0,1524.0,167.0,1524.0,1.0,1.0,802.16943359375,802.16943359375,0.012370699007152063,0.012370699007152063,12370.699007152063,12370.699007152063,2207
2150,1,89,89,10.0,1,1904.0,1446.0,0.0,0.0,1904.0,1446.0,1904.0,1446.0,1.0,1.0,768.67919921875,768.67919921875,0.012370699007152063,0.012370699007152063,12370.699007152063,12370.699007152063,2206
2142,1,89,89,10.0,1,1592.0,1092.0,0.0,0.0,1592.0,1092.0,1592.0,1092.0,1.0,1.0,802.16943359375,802.16943359375,0.012370699007152063,0.012370699007152063,12370.699007152063,12370.699007152063,2198
2138,1,89,89,10.0,1,254.0,770.0,0.0,0.0,254.0,770.0,254.0,770.0,1.0,1.0,768.67919921875,768.67919921875,0.012370699007152063,0.012370699007152063,12370.699007152063,12370.699007152063,2194
2140,18,89,99,110.0,11,76.03290086862455,958.7875241254847,7.344684509610239,5.159994480350335,65.66666666666666,952.0,86.14285714285714,967.35,21.47619047619048,16.350000000000023,1055.9857177734375,886.3163892957899,2.140193228018044,0.11889962377878022,2140193.228018044,118899.62377878022,2196
2134,2,89,92,40.0,4,887.0,316.0,0.0,1.0,887.0,315.0,887.0,317.0,1.0,3.0,802.14990234375,785.41455078125,0.024741611362073784,0.012370805681036892,24741.611362073785,12370.805681036893,2190
2143,1,89,89,10.0,1,1852.0,1158.0,0.0,0.0,1852.0,1158.0,1852.0,1158.0,1.0,1.0,768.67919921875,768.67919921875,0.012370699007152063,0.012370699007152063,12370.699007152063,12370.699007152063,2199
2135,1,89,89,10.0,1,802.0,419.0,0.0,0.0,802.0,419.0,802.0,419.0,1.0,1.0,802.16943359375,802.16943359375,0.012370699007152063,0.012370699007152063,12370.699007152063,12370.699007152063,2191
2136,1,89,89,10.0,1,820.0,434.0,0.0,0.0,820.0,434.0,820.0,434.0,1.0,1.0,768.67919921875,768.67919921875,0.012370699007152063,0.012370699007152063,12370.699007152063,12370.699007152063,2192
2137,1,89,89,10.0,1,525.0,675.0,0.0,0.0,525.0,675.0,525.0,675.0,1.0,1.0,768.67919921875,768.67919921875,0.012370699007152063,0.012370699007152063,12370.699007152063,12370.699007152063,2193
2139,1,89,89,10.0,1,268.0,779.0,0.0,0.0,268.0,779.0,268.0,779.0,1.0,1.0,768.67919921875,768.67919921875,0.012370699007152063,0.012370699007152063,12370.699007152063,12370.699007152063,2195
2141,5,89,94,60.0,6,558.4,993.0,2.3323807579381204,2.0976176963403033,557.0,991.0,563.0,997.0,7.0,7.0,802.16943359375,782.08173828125,0.06185449067075136,0.012370898134150272,61854.490670751366,12370.898134150273,2197
2173,1,90,90,10.0,1,1826.5,1151.0,0.0,0.0,1826.5,1151.0,1826.5,1151.0,1.0,1.0,802.16064453125,802.16064453125,0.02474154024906228,0.02474154024906228,24741.54024906228,24741.54024906228,2229
2174,9,90,98,90.0,9,1949.9537037037035,1239.4074074074076,2.3310541484643266,1.287070343294055,1947.0,1237.6666666666667,1954.75,1241.25,8.75,4.5833333333332575,836.2637939453125,779.9314846462673,0.21030799928878102,0.023367555476531226,210307.99928878102,23367.555476531226,2230
2164,1,90,90,10.0,1,766.0,431.0,0.0,0.0,766.0,431.0,766.0,431.0,1.0,1.0,768.6895751953125,768.6895751953125,0.01237077012453114,0.01237077012453114,12370.77012453114,12370.77012453114,2220
2163,5,90,96,70.0,7,2045.6666666666667,426.6333333333333,0.7601169500660986,0.5811865258054234,2045.0,426.0,2047.0,427.5,3.0,2.5,1095.0975341796875,954.15810546875,0.1237099059040932,0.02474198118081864,123709.9059040932,24741.981180818642,2219
2162,2,90,91,20.0,2,886.75,303.5,0.75,0.5,886.0,303.0,887.5,304.0,2.5,2.0,768.7252807617188,768.7074279785156,0.03711245260030309,0.018556226300151545,37112.45260030309,18556.226300151546,2218
2161,1,90,90,10.0,1,854.0,276.0,0.0,0.0,854.0,276.0,854.0,276.0,1.0,1.0,768.6895751953125,768.6895751953125,0.01237077012453114,0.01237077012453114,12370.77012453114,12370.77012453114,2217
2160,1,90,90,10.0,1,460.0,228.0,0.0,0.0,460.0,228.0,460.0,228.0,1.0,1.0,768.6895751953125,768.6895751953125,0.01237077012453114,0.01237077012453114,12370.77012453114,12370.77012453114,2216
2175,1,90,90,10.0,1,563.0,1313.0,0.0,0.0,563.0,1313.0,563.0,1313.0,1.0,1.0,768.6895751953125,768.6895751953125,0.01237077012453114,0.01237077012453114,12370.77012453114,12370.77012453114,2231
2159,3,90,91,20.0,2,922.2166666666667,215.5666666666667,2.7797881613932858,4.216106682183875,919.4,210.0,926.0,220.2,7.600000000000023,11.199999999999989,871.111083984375,813.9921061197916,0.12370805681208558,0.04123601893736186,123708.05681208558,41236.01893736186,2215
2166,1,90,90,10.0,1,460.0,611.0,0.0,0.0,460.0,611.0,460.0,611.0,1.0,1.0,768.6895751953125,768.6895751953125,0.01237077012453114,0.01237077012453114,12370.77012453114,12370.77012453114,2222
2172,18,90,99,100.0,10,544.4236317982482,1042.131492114261,8.146956769971727,2.5087840795927288,531.0,1037.3529411764705,555.25,1048.0,25.25,11.647058823529505,942.9450073242188,810.3928765190972,2.0164806196633225,0.11202670109240681,2016480.6196633226,112026.70109240682,2228
2171,1,90,90,10.0,1,592.0,997.0,0.0,0.0,592.0,997.0,592.0,997.0,1.0,1.0,768.6895751953125,768.6895751953125,0.01237077012453114,0.01237077012453114,12370.77012453114,12370.77012453114,2227
2170,1,90,90,10.0,1,588.0,956.0,0.0,0.0,588.0,956.0,588.0,956.0,1.0,1.0,802.16064453125,802.16064453125,0.01237077012453114,0.01237077012453114,12370.77012453114,12370.77012453114,2226
2169,1,90,90,10.0,1,495.0,686.0,0.0,0.0,495.0,686.0,495.0,686.0,1.0,1.0,768.6895751953125,768.6895751953125,0.01237077012453114,0.01237077012453114,12370.77012453114,12370.77012453114,2225
2168,17,90,99,100.0,10,520.2088817870101,663.6601024224065,10.037204479273544,5.345805533749066,506.0,654.8888888888889,533.0,671.3333333333334,28.0,17.444444444444457,1095.108642578125,845.1391816980698,1.3855827946863213,0.08150487027566596,1385582.7946863212,81504.87027566596,2224
2167,3,90,92,30.0,3,528.0,626.1388888888889,2.273030282830976,0.7886149759210546,525.5,625.25,531.0,627.1666666666667,6.5,2.9166666666667425,768.7252807617188,768.7010904947916,0.09896687214084021,0.03298895738028007,98966.8721408402,32988.95738028007,2223
2176,1,90,90,10.0,1,1197.0,1317.7142857142858,0.0,0.0,1197.0,1317.7142857142858,1197.0,1317.7142857142858,1.0,1.0,1572.2742919921875,1572.2742919921875,0.08659539087171798,0.08659539087171798,86595.39087171799,86595.39087171799,2232
2165,1,90,90,10.0,1,832.0,498.0,0.0,0.0,832.0,498.0,832.0,498.0,1.0,1.0,768.6895751953125,768.6895751953125,0.01237077012453114,0.01237077012453114,12370.77012453114,12370.77012453114,2221
2158,1,90,90,10.0,1,939.6666666666666,209.0,0.0,0.0,939.6666666666666,209.0,939.6666666666666,209.0,1.0,1.0,906.6461791992188,906.6461791992188,0.03711231037359342,0.03711231037359342,37112.31037359342,37112.31037359342,2214
2155,2,90,91,20.0,2,633.5,99.0,1.0,0.5,632.5,98.5,634.5,99.5,3.0,2.0,768.7252807617188,768.7074279785156,0.04948322272483423,0.024741611362417114,49483.222724834224,24741.611362417112,2211
2156,22,90,99,100.0,10,329.58240546218485,108.99303123347241,3.7832414378149077,11.597925689324006,324.0,91.61538461538461,336.0,124.0,13.0,33.38461538461539,1175.4814453125,837.2988808371804,1.8556821576176457,0.08434918898262025,1855682.1576176456,84349.18898262025,2212
2157,1,90,90,10.0,1,1781.0,186.0,0.0,0.0,1781.0,186.0,1781.0,186.0,1.0,1.0,768.6895751953125,768.6895751953125,0.01237077012453114,0.01237077012453114,12370.77012453114,12370.77012453114,2213
2154,1,90,90,10.0,1,287.0,95.0,0.0,0.0,287.0,95.0,287.0,95.0,1.0,1.0,768.6895751953125,768.6895751953125,0.01237077012453114,0.01237077012453114,12370.77012453114,12370.77012453114,2210
2178,2,90,91,20.0,2,1782.0,1422.5,1.0,0.5,1781.0,1422.0,1783.0,1423.0,3.0,2.0,768.7252807617188,768.7074279785156,0.024741611362417114,0.012370805681208557,24741.611362417112,12370.805681208556,2234
2179,5,90,97,80.0,8,1018.7666666666668,1459.7666666666667,2.3276120333461474,1.3727506854649547,1016.5,1457.8333333333333,1023.0,1462.0,7.5,5.1666666666667425,802.16064453125,775.4010864257813,0.11133934913210385,0.022267869826420768,111339.34913210385,22267.869826420767,2235
2180,1,90,90,10.0,1,955.0,1462.0,0.0,0.0,955.0,1462.0,955.0,1462.0,1.0,1.0,768.6895751953125,768.6895751953125,0.01237077012453114,0.01237077012453114,12370.77012453114,12370.77012453114,2236
2177,1,90,90,10.0,1,202.5,1396.0,0.0,0.0,202.5,1396.0,202.5,1396.0,1.0,1.0,768.6895751953125,768.6895751953125,0.02474154024906228,0.02474154024906228,24741.54024906228,24741.54024906228,2233
2182,15,91,99,90.0,9,254.72222222222223,81.62222222222222,8.463137205435386,2.3566035404610552,239.0,78.0,270.0,85.5,32.0,8.5,802.1456298828125,775.3944458007812,0.3092782853123806,0.020618552354158708,309278.2853123806,20618.552354158706,2238
2183,1,91,91,10.0,1,1740.0,189.0,0.0,0.0,1740.0,189.0,1740.0,189.0,1.0,1.0,768.7252807617188,768.7252807617188,0.012370841237885975,0.012370841237885975,12370.841237885976,12370.841237885976,2239
2184,1,91,91,10.0,1,1796.0,194.0,0.0,0.0,1796.0,194.0,1796.0,194.0,1.0,1.0,768.7252807617188,768.7252807617188,0.012370841237885975,0.012370841237885975,12370.841237885976,12370.841237885976,2240
2185,3,91,95,50.0,5,799.25,430.1666666666667,1.136515141415488,3.1710495984067415,798.0,427.0,800.75,434.5,3.75,8.5,802.14990234375,779.8644002278646,0.07422547414130744,0.024741824713769147,74225.47414130744,24741.824713769147,2241
2186,1,91,91,10.0,1,775.0,474.0,0.0,0.0,775.0,474.0,775.0,474.0,1.0,1.0,768.7252807617188,768.7252807617188,0.012370841237885975,0.012370841237885975,12370.841237885976,12370.841237885976,2242
2187,4,91,94,40.0,4,473.2916666666667,596.2916666666666,1.608894548025644,3.884397207632935,470.6666666666667,592.5,475.0,602.6666666666666,5.333333333333314,11.166666666666629,871.1015625,794.3067474365234,0.08659659985428166,0.021649149963570414,86596.59985428165,21649.149963570413,2243
2188,2,91,93,30.0,3,498.0,598.5,2.0,3.5,496.0,595.0,500.0,602.0,5.0,8.0,768.7252807617188,768.7164001464844,0.02474182471428417,0.012370912357142085,24741.82471428417,12370.912357142084,2244
2189,46,91,99,90.0,9,1945.456140785593,651.6410189531287,7.654219332161756,10.909958283222839,1932.0,631.625,1957.0,670.6666666666666,26.0,40.04166666666663,1095.108642578125,818.1961537236753,8.264026489885943,0.17965274978012918,8264026.489885943,179652.74978012918,2245
2190,5,91,95,50.0,5,1354.4604761904761,743.6290476190476,2.976904904727637,0.5554438890042903,1350.9166666666665,743.0,1357.6,744.4285714285714,7.683333333333394,2.428571428571445,906.6700439453125,850.9116455078125,0.24741981175486108,0.049483962350972216,247419.8117548611,49483.962350972215,2246
2192,1,91,91,10.0,1,527.0,993.5,0.0,0.0,527.0,993.5,527.0,993.5,1.0,1.0,768.7252807617188,768.7252807617188,0.02474168247577195,0.02474168247577195,24741.68247577195,24741.68247577195,2248
2193,3,91,93,30.0,3,567.8333333333334,1022.3333333333334,0.6236095644623235,0.4714045207910317,567.0,1022.0,568.5,1023.0,2.5,2.0,768.7252807617188,768.7070719401041,0.049483720545604085,0.016494573515201363,49483.72054560408,16494.573515201362,2249
2194,1,91,91,10.0,1,125.0,1033.0,0.0,0.0,125.0,1033.0,125.0,1033.0,1.0,1.0,768.7252807617188,768.7252807617188,0.012370841237885975,0.012370841237885975,12370.841237885976,12370.841237885976,2250
2195,7,91,97,70.0,7,590.1904761904761,1124.107142857143,1.19665065458371,2.0609340066076443,588.5,1121.25,592.0,1127.0,4.5,6.75,802.1534423828125,778.259748186384,0.1608234252703066,0.02297477503861523,160823.42527030662,22974.77503861523,2251
2196,1,91,91,10.0,1,1984.0,1176.0,0.0,0.0,1984.0,1176.0,1984.0,1176.0,1.0,1.0,768.7252807617188,768.7252807617188,0.012370841237885975,0.012370841237885975,12370.841237885976,12370.841237885976,2252
2197,1,91,91,10.0,1,1259.0,1200.0,0.0,0.0,1259.0,1200.0,1259.0,1200.0,1.0,1.0,836.2789306640625,836.2789306640625,0.012370841237885975,0.012370841237885975,12370.841237885976,12370.841237885976,2253
2181,3,91,93,30.0,3,912.75,62.5,0.3535533905932738,0.408248290463863,912.25,62.0,913.0,63.0,1.75,2.0,802.1399536132812,779.8452962239584,0.07422540302137604,0.024741801007125346,74225.40302137604,24741.801007125345,2237
2204,1,91,91,10.0,1,1505.0,1873.0,0.0,0.0,1505.0,1873.0,1505.0,1873.0,1.0,1.0,979.9329223632812,979.9329223632812,0.012370841237885975,0.012370841237885975,12370.841237885976,12370.841237885976,2260
2203,1,91,91,10.0,1,1009.0,1514.0,0.0,0.0,1009.0,1514.0,1009.0,1514.0,1.0,1.0,768.7252807617188,768.7252807617188,0.012370841237885975,0.012370841237885975,12370.841237885976,12370.841237885976,2259
2202,8,91,98,80.0,8,954.8125,1501.875,3.2009520068254695,5.8563533875612395,951.0,1495.5,961.0,1514.0,11.0,19.5,802.156494140625,781.2558670043945,0.1855680237953659,0.02319600297442074,185568.0237953659,23196.00297442074,2258
2201,11,91,98,80.0,8,723.8532293873383,1439.9847081579803,1.6326043495010807,2.5488628351315232,721.5071428571428,1436.962962962963,727.0,1444.0,6.492857142857247,8.037037037036953,2361.60009765625,1247.4172252308238,3.71133046126679,0.3373936782969809,3711330.46126679,337393.6782969809,2257
2200,1,91,91,10.0,1,1775.0,1413.0,0.0,0.0,1775.0,1413.0,1775.0,1413.0,1.0,1.0,768.7252807617188,768.7252807617188,0.012370841237885975,0.012370841237885975,12370.841237885976,12370.841237885976,2256
2199,1,91,91,10.0,1,1718.0,1338.0,0.0,0.0,1718.0,1338.0,1718.0,1338.0,1.0,1.0,768.7252807617188,768.7252807617188,0.012370841237885975,0.012370841237885975,12370.841237885976,12370.841237885976,2255
2191,10,91,99,90.0,9,210.65249999999997,774.2266666666667,3.5876912453864014,3.259202356405644,205.0,769.0,215.0,779.2666666666668,11.0,11.266666666666765,906.6815185546875,806.3405517578125,0.321651758023673,0.0321651758023673,321651.758023673,32165.175802367303,2247
2198,1,91,91,10.0,1,1097.0,1255.0,0.0,0.0,1097.0,1255.0,1097.0,1255.0,1.0,1.0,3175.111083984375,3175.111083984375,0.012370841237885975,0.012370841237885975,12370.841237885976,12370.841237885976,2254
2205,1,91,91,10.0,1,25.0,1914.0,0.0,0.0,25.0,1914.0,25.0,1914.0,1.0,1.0,768.7252807617188,768.7252807617188,0.012370841237885975,0.012370841237885975,12370.841237885976,12370.841237885976,2261
2206,4,91,96,60.0,6,879.0,1926.5,1.4142135623730951,0.8660254037844386,877.0,1926.0,881.0,1928.0,5.0,3.0,802.1399536132812,777.0673370361328,0.04948400502580733,0.012371001256451833,49484.00502580733,12371.001256451833,2262
2207,1,91,91,10.0,1,920.0,1936.0,0.0,0.0,920.0,1936.0,920.0,1936.0,1.0,1.0,802.1399536132812,802.1399536132812,0.012370841237885975,0.012370841237885975,12370.841237885976,12370.841237885976,2263
2210,1,92,92,10.0,1,165.5,105.0,0.0,0.0,165.5,105.0,165.5,105.0,1.0,1.0,802.14990234375,802.14990234375,0.024741824709843444,0.024741824709843444,24741.824709843444,24741.824709843444,2266
2208,1,92,92,10.0,1,272.0,86.0,0.0,0.0,272.0,86.0,272.0,86.0,1.0,1.0,802.14990234375,802.14990234375,0.012370912354921722,0.012370912354921722,12370.912354921722,12370.912354921722,2264
2209,1,92,92,10.0,1,714.0,96.0,0.0,0.0,714.0,96.0,714.0,96.0,1.0,1.0,768.6884155273438,768.6884155273438,0.012370912354921722,0.012370912354921722,12370.912354921722,12370.912354921722,2265
2213,2,92,93,20.0,2,594.0,130.0,0.0,0.0,594.0,130.0,594.0,130.0,1.0,1.0,768.70751953125,768.6979675292969,0.04948386278411631,0.024741931392058155,49483.86278411631,24741.931392058155,2269
2211,1,92,92,10.0,1,771.0,110.0,0.0,0.0,771.0,110.0,771.0,110.0,1.0,1.0,942.9298095703125,942.9298095703125,0.012370912354921722,0.012370912354921722,12370.912354921722,12370.912354921722,2267
2229,2,92,93,20.0,2,1673.9166666666665,1685.8333333333335,0.08333333333337123,0.33333333333337123,1673.8333333333333,1685.5,1674.0,1686.1666666666667,1.1666666666667425,1.6666666666667425,906.6700439453125,871.4559020996094,0.09896772556823262,0.04948386278411631,98967.72556823262,49483.86278411631,2285
2228,8,92,99,80.0,8,1919.113392857143,1633.3089285714286,1.624809398162484,1.572532080072513,1915.0,1630.0,1920.5,1635.4,6.5,6.400000000000091,1056.010498046875,886.764892578125,0.7051528857419989,0.08814411071774986,705152.8857419989,88144.11071774986,2284
2226,9,92,99,80.0,8,1836.8156369955386,1411.1573088494656,2.2729030167418522,2.7227710074117217,1833.5,1407.5,1840.1666666666667,1416.0,7.6666666666667425,9.5,871.12939453125,802.6864149305555,0.841231499269478,0.09347016658549756,841231.499269478,93470.16658549756,2282
2227,1,92,92,10.0,1,994.5,1518.0,0.0,0.0,994.5,1518.0,994.5,1518.0,1.0,1.0,768.6884155273438,768.6884155273438,0.024741824709843444,0.024741824709843444,24741.824709843444,24741.824709843444,2283
2225,4,92,97,60.0,6,513.7932692307693,1075.7259615384614,1.40512158868693,0.44322125553830816,512.25,1075.0,516.0,1076.1538461538462,4.75,2.153846153846189,979.9266967773438,821.5155944824219,0.23505330889930887,0.058763327224827216,235053.30889930887,58763.32722482722,2281
2224,6,92,99,80.0,8,333.7162698412698,866.2331349206348,3.7328621788931953,1.6498958395892978,328.0,863.5,337.0,869.0238095238095,10.0,6.523809523809518,836.2417602539062,796.6738993326823,0.5319574814369318,0.08865958023948863,531957.4814369318,88659.58023948863,2280
2222,1,92,92,10.0,1,261.0,788.0,0.0,0.0,261.0,788.0,261.0,788.0,1.0,1.0,768.6884155273438,768.6884155273438,0.012370912354921722,0.012370912354921722,12370.912354921722,12370.912354921722,2278
2221,24,92,99,80.0,8,529.2092123098804,630.1138206987775,7.8848811833299175,10.258213372380803,512.6666666666667,607.9166666666667,539.5,646.0,27.833333333333258,39.08333333333326,1055.973876953125,822.1057408650717,2.5979760170124866,0.10824900070885361,2597976.0170124867,108249.00070885361,2277
2220,3,92,94,30.0,3,850.875641025641,282.35256410256414,0.4131269765469711,0.9191064894708926,850.3,281.25,851.25,283.5,1.9500000000000455,3.25,942.921142578125,860.9181315104166,0.33401612711996737,0.11133870903998912,334016.12711996736,111338.70903998912,2276
2219,9,92,99,80.0,8,1738.388770180437,201.19311830145162,2.1319478542650843,1.2158360331566591,1734.0,199.45833333333334,1740.2777777777778,203.78571428571428,7.277777777777828,5.327380952380935,1055.982666015625,897.4984063042534,1.1010341718750016,0.12233713020833352,1101034.1718750016,122337.13020833352,2275
2218,8,92,98,70.0,7,1811.9125,193.4375,1.215974403513491,5.46115544093006,1810.0,186.0,1814.0,202.5,5.0,17.5,802.1203002929688,781.2375793457031,0.37113128228694814,0.04639141028586852,371131.2822869481,46391.410285868515,2274
2217,1,92,92,10.0,1,1805.0,176.0,0.0,0.0,1805.0,176.0,1805.0,176.0,1.0,1.0,768.6884155273438,768.6884155273438,0.012370912354921722,0.012370912354921722,12370.912354921722,12370.912354921722,2273
2216,1,92,92,10.0,1,1508.6666666666667,166.66666666666666,0.0,0.0,1508.6666666666667,166.66666666666666,1508.6666666666667,166.66666666666666,1.0,1.0,802.14990234375,802.14990234375,0.037112737064765165,0.037112737064765165,37112.73706476516,37112.73706476516,2272
2215,1,92,92,10.0,1,888.0,166.0,0.0,0.0,888.0,166.0,888.0,166.0,1.0,1.0,768.6884155273438,768.6884155273438,0.012370912354921722,0.012370912354921722,12370.912354921722,12370.912354921722,2271
2214,1,92,92,10.0,1,1705.0,156.0,0.0,0.0,1705.0,156.0,1705.0,156.0,1.0,1.0,871.1215209960938,871.1215209960938,0.012370912354921722,0.012370912354921722,12370.912354921722,12370.912354921722,2270
2212,1,92,92,10.0,1,697.0,121.0,0.0,0.0,697.0,121.0,697.0,121.0,1.0,1.0,768.6884155273438,768.6884155273438,0.012370912354921722,0.012370912354921722,12370.912354921722,12370.912354921722,2268
2236,1,92,92,10.0,1,924.0,2031.0,0.0,0.0,924.0,2031.0,924.0,2031.0,1.0,1.0,768.6884155273438,768.6884155273438,0.012370912354921722,0.012370912354921722,12370.912354921722,12370.912354921722,2292
2235,2,92,93,20.0,2,668.5,1960.0,2.5,4.0,666.0,1956.0,671.0,1964.0,6.0,9.0,768.70751953125,768.6979675292969,0.024741895831319916,0.012370947915659958,24741.895831319915,12370.947915659957,2291
2234,2,92,95,40.0,4,650.5,1949.5,0.5,2.5,650.0,1947.0,651.0,1952.0,2.0,6.0,768.718017578125,768.7032165527344,0.024742038072727783,0.012371019036363892,24742.038072727784,12371.019036363892,2290
2233,7,92,99,80.0,8,860.7886904761905,1944.0505952380952,2.1561221370942873,1.8160664536149418,858.1875,1940.0,865.0,1946.0,7.8125,7.0,802.14990234375,783.0339442661831,0.2969050969965419,0.042415013856648844,296905.0969965419,42415.013856648846,2289
2232,1,92,92,10.0,1,893.0,1941.0,0.0,0.0,893.0,1941.0,893.0,1941.0,1.0,1.0,768.6884155273438,768.6884155273438,0.012370912354921722,0.012370912354921722,12370.912354921722,12370.912354921722,2288
2231,1,92,92,10.0,1,107.0,1895.0,0.0,0.0,107.0,1895.0,107.0,1895.0,1.0,1.0,768.6884155273438,768.6884155273438,0.012370912354921722,0.012370912354921722,12370.912354921722,12370.912354921722,2287
2230,1,92,92,10.0,1,240.0,1893.0,0.0,0.0,240.0,1893.0,240.0,1893.0,1.0,1.0,768.6884155273438,768.6884155273438,0.012370912354921722,0.012370912354921722,12370.912354921722,12370.912354921722,2286
2223,2,92,93,20.0,2,970.1500000000001,836.0625,0.44999999999998863,0.6625000000000227,969.7,835.4,970.6,836.725,1.8999999999999773,2.3250000000000455,942.9298095703125,924.7999267578125,0.17319341306219235,0.08659670653109618,173193.41306219235,86596.70653109618,2279
2241,1,93,93,10.0,1,703.0,129.0,0.0,0.0,703.0,129.0,703.0,129.0,1.0,1.0,802.1203002929688,802.1203002929688,0.012370983476398196,0.012370983476398196,12370.983476398196,12370.983476398196,2297
2244,1,93,93,10.0,1,528.0,216.0,0.0,0.0,528.0,216.0,528.0,216.0,1.0,1.0,768.70751953125,768.70751953125,0.012370983476398196,0.012370983476398196,12370.983476398196,12370.983476398196,2300
2242,7,93,98,60.0,6,563.6428571428571,140.96428571428572,3.2482334288291637,1.2278652455479346,559.0,139.75,567.5,143.0,9.5,4.25,802.156494140625,778.265886579241,0.14845350862393716,0.021207644089133882,148453.50862393717,21207.644089133883,2298
2243,2,93,94,20.0,2,423.0,146.0,0.0,4.0,423.0,142.0,423.0,150.0,1.0,9.0,768.7117309570312,768.7096252441406,0.024742038070791603,0.012371019035395801,24742.0380707916,12371.0190353958,2299
2238,2,93,95,30.0,3,1990.5,7.0,0.5,1.0,1990.0,6.0,1991.0,8.0,2.0,3.0,836.2516479492188,802.4848327636719,0.07422604309979704,0.03711302154989852,74226.04309979704,37113.02154989852,2294
2240,2,93,94,20.0,2,631.5,78.75,0.5,1.25,631.0,77.5,632.0,80.0,2.0,3.5,768.7117309570312,768.7096252441406,0.03711309266518501,0.018556546332592506,37113.09266518501,18556.546332592505,2296
2237,1,93,93,10.0,1,458.0,0.0,0.0,0.0,458.0,0.0,458.0,0.0,1.0,1.0,768.70751953125,768.70751953125,0.012370983476398196,0.012370983476398196,12370.983476398196,12370.983476398196,2293
2245,3,93,95,30.0,3,922.3333333333334,227.25,0.9428090415820634,1.541103500742244,921.0,225.25,923.0,229.0,3.0,4.75,906.6573486328125,814.6942952473959,0.08659759553640926,0.028865865178803088,86597.59553640927,28865.865178803087,2301
2255,1,93,93,10.0,1,1767.5,1392.25,0.0,0.0,1767.5,1392.25,1767.5,1392.25,1.0,1.0,768.70751953125,768.70751953125,0.03711295042919459,0.03711295042919459,37112.950429194585,37112.950429194585,2311
2262,6,93,98,60.0,6,1632.7045454545453,2022.9772727272727,2.473516752311768,2.8766838403542705,1628.0,2020.0,1635.5,2028.5,8.5,9.5,906.6700439453125,802.8508605957031,0.2226792672606265,0.03711321121010442,222679.2672606265,37113.21121010442,2318
2258,1,93,93,10.0,1,874.0,1938.5,0.0,0.0,874.0,1938.5,874.0,1938.5,1.0,1.0,802.1203002929688,802.1203002929688,0.02474196695279639,0.02474196695279639,24741.966952796392,24741.966952796392,2314
2259,1,93,93,10.0,1,703.0,1941.0,0.0,0.0,703.0,1941.0,703.0,1941.0,1.0,1.0,768.70751953125,768.70751953125,0.012370983476398196,0.012370983476398196,12370.983476398196,12370.983476398196,2315
2257,1,93,93,10.0,1,91.0,1884.0,0.0,0.0,91.0,1884.0,91.0,1884.0,1.0,1.0,768.70751953125,768.70751953125,0.012370983476398196,0.012370983476398196,12370.983476398196,12370.983476398196,2313
2256,4,93,96,40.0,4,304.5,1549.2916666666667,0.7728015412913168,0.5818433351570514,303.3333333333333,1548.5,305.5,1550.0,3.1666666666666856,2.5,979.9119873046875,907.5541381835938,0.14845315300241185,0.03711328825060296,148453.15300241185,37113.288250602964,2312
2254,3,93,95,30.0,3,539.0,1091.3333333333333,1.632993161855452,2.494438257849294,537.0,1088.0,541.0,1094.0,5.0,7.0,768.718017578125,768.7124226888021,0.037113163788597664,0.012371054596199221,37113.16378859767,12371.054596199221,2310
2253,2,93,94,20.0,2,2006.75,1088.0,1.25,0.0,2005.5,1088.0,2008.0,1088.0,3.5,1.0,802.1203002929688,785.416015625,0.037113021547189796,0.018556510773594898,37113.0215471898,18556.5107735949,2309
2252,1,93,93,10.0,1,1394.0,806.0,0.0,0.0,1394.0,806.0,1394.0,806.0,1.0,1.0,768.70751953125,768.70751953125,0.012370983476398196,0.012370983476398196,12370.983476398196,12370.983476398196,2308
2251,7,93,99,70.0,7,1975.3393661893663,620.4694139194138,1.3145354882606486,1.294605642790259,1972.75,619.0,1977.0,622.7692307692307,5.25,4.769230769230717,942.95068359375,837.1812744140625,1.2989787265603001,0.1855683895086143,1298978.7265603002,185568.3895086143,2307
2250,2,93,94,20.0,2,1036.75,576.25,0.75,0.25,1036.0,576.0,1037.5,576.5,2.5,1.5,942.918212890625,907.0098876953125,0.049484076141583205,0.024742038070791603,49484.0761415832,24742.0380707916,2306
2249,10,93,97,50.0,5,848.3396616541353,314.5375939849624,3.185575296069556,3.4676411322057143,844.8571428571429,308.0,852.0,319.5,8.14285714285711,12.5,942.9326782226562,830.7905334472656,0.7546395221836266,0.07546395221836266,754639.5221836267,75463.95221836267,2305
2248,2,93,94,20.0,2,909.0,283.75,0.0,0.25,909.0,283.5,909.0,284.0,1.0,1.5,802.1203002929688,785.416015625,0.037113021547189796,0.018556510773594898,37113.0215471898,18556.5107735949,2304
2247,1,93,93,10.0,1,514.0,244.0,0.0,0.0,514.0,244.0,514.0,244.0,1.0,1.0,768.70751953125,768.70751953125,0.012370983476398196,0.012370983476398196,12370.983476398196,12370.983476398196,2303
2246,1,93,93,10.0,1,1803.0,237.0,0.0,0.0,1803.0,237.0,1803.0,237.0,1.0,1.0,768.70751953125,768.70751953125,0.012370983476398196,0.012370983476398196,12370.983476398196,12370.983476398196,2302
2239,2,93,94,20.0,2,977.9,77.8,0.8999999999999773,0.20000000000000284,977.0,77.6,978.8,78.0,2.7999999999999545,1.4000000000000057,871.12939453125,853.6905212402344,0.09896822340116163,0.04948411170058081,98968.22340116162,49484.11170058081,2295
2261,1,93,93,10.0,1,150.25,1952.25,0.0,0.0,150.25,1952.25,150.25,1952.25,1.0,1.0,768.70751953125,768.70751953125,0.04948393390559278,0.04948393390559278,49483.933905592785,49483.933905592785,2317
2260,2,93,94,20.0,2,129.0,1947.1666666666665,0.0,1.8333333333333712,129.0,1945.3333333333333,129.0,1949.0,1.0,4.6666666666667425,768.7117309570312,768.7096252441406,0.049484147259578413,0.024742073629789207,49484.147259578414,24742.073629789207,2316
2277,2,94,96,30.0,3,797.5,505.5,0.5,0.5,797.0,505.0,798.0,506.0,2.0,2.0,768.729248046875,768.7204895019531,0.061855415216179856,0.030927707608089928,61855.415216179856,30927.707608089928,2333
2274,1,94,94,10.0,1,851.0,295.0,0.0,0.0,851.0,295.0,851.0,295.0,1.0,1.0,802.1180419921875,802.1180419921875,0.012371054594393407,0.012371054594393407,12371.054594393407,12371.054594393407,2330
2273,3,94,96,30.0,3,1869.6666666666667,283.3333333333333,0.23570226039551584,1.247219128924647,1869.5,282.0,1870.0,285.0,1.5,4.0,906.65185546875,848.8289591471354,0.21030963504569172,0.07010321168189725,210309.6350456917,70103.21168189724,2329
2272,2,94,94,10.0,1,377.5,250.0,2.5,3.0,375.0,247.0,380.0,253.0,6.0,7.0,768.7117309570312,768.7117309570312,0.024742109188786814,0.012371054594393407,24742.109188786813,12371.054594393407,2328
2270,2,94,95,20.0,2,1794.75,225.0,0.25,0.5,1794.5,224.5,1795.0,225.5,1.5,2.0,802.156494140625,802.1372680664062,0.04948436062439894,0.02474218031219947,49484.36062439894,24742.18031219947,2326
2276,3,94,95,20.0,2,798.5,407.8333333333333,1.0801234497346435,3.423773097362356,797.0,403.0,799.5,410.5,3.5,8.5,802.156494140625,779.8620808919271,0.0494844317478116,0.016494810582603867,49484.4317478116,16494.810582603866,2332
2269,1,94,94,10.0,1,928.0,204.0,0.0,0.0,928.0,204.0,928.0,204.0,1.0,1.0,768.7117309570312,768.7117309570312,0.012371054594393407,0.012371054594393407,12371.054594393407,12371.054594393407,2325
2268,1,94,94,10.0,1,503.0,141.0,0.0,0.0,503.0,141.0,503.0,141.0,1.0,1.0,836.2572631835938,836.2572631835938,0.012371054594393407,0.012371054594393407,12371.054594393407,12371.054594393407,2324
2266,1,94,94,10.0,1,716.25,118.0,0.0,0.0,716.25,118.0,716.25,118.0,1.0,1.0,768.7117309570312,768.7117309570312,0.04948421837757363,0.04948421837757363,49484.21837757363,49484.21837757363,2322
2267,8,94,99,60.0,6,356.94444444444446,128.51736111111111,2.039728861187313,7.01650030456208,353.0,115.88888888888889,360.0,138.0,8.0,23.111111111111114,906.6842041015625,790.1366729736328,0.23505579839346774,0.029381974799183468,235055.79839346773,29381.974799183467,2323
2265,1,94,94,10.0,1,282.0,93.0,0.0,0.0,282.0,93.0,282.0,93.0,1.0,1.0,768.7117309570312,768.7117309570312,0.012371054594393407,0.012371054594393407,12371.054594393407,12371.054594393407,2321
2264,1,94,94,10.0,1,496.0,82.0,0.0,0.0,496.0,82.0,496.0,82.0,1.0,1.0,768.7117309570312,768.7117309570312,0.012371054594393407,0.012371054594393407,12371.054594393407,12371.054594393407,2320
2263,12,94,99,60.0,6,647.6666666666666,52.0625,7.600255843646902,5.332804335744312,636.0,47.0,662.0,61.0,27.0,15.0,802.1203002929688,774.2815755208334,0.2597955603762887,0.021649630031357392,259795.5603762887,21649.630031357392,2319
2275,14,94,99,60.0,6,873.1877567414086,332.4687329259832,3.7008467863313155,5.458437245880164,868.0,323.0,879.0,342.0,12.0,20.0,979.9251708984375,823.0646841866629,1.3979512172561672,0.09985365837544051,1397951.2172561672,99853.65837544051,2331
2280,1,94,94,10.0,1,589.0,955.0,0.0,0.0,589.0,955.0,589.0,955.0,1.0,1.0,768.7117309570312,768.7117309570312,0.012371054594393407,0.012371054594393407,12371.054594393407,12371.054594393407,2336
2289,1,94,94,10.0,1,231.0,1971.0,0.0,0.0,231.0,1971.0,231.0,1971.0,1.0,1.0,768.7117309570312,768.7117309570312,0.012371054594393407,0.012371054594393407,12371.054594393407,12371.054594393407,2345
2288,1,94,94,10.0,1,1230.0,1890.0,0.0,0.0,1230.0,1890.0,1230.0,1890.0,1.0,1.0,768.7117309570312,768.7117309570312,0.012371054594393407,0.012371054594393407,12371.054594393407,12371.054594393407,2344
2290,2,94,94,10.0,1,163.5,2013.5,3.5,1.5,160.0,2012.0,167.0,2015.0,8.0,4.0,768.7117309570312,768.7117309570312,0.024742109188786814,0.012371054594393407,24742.109188786813,12371.054594393407,2346
2286,1,94,94,10.0,1,1929.0,1681.0,0.0,0.0,1929.0,1681.0,1929.0,1681.0,1.0,1.0,768.7117309570312,768.7117309570312,0.012371054594393407,0.012371054594393407,12371.054594393407,12371.054594393407,2342
2285,1,94,94,10.0,1,0.0,1678.0,0.0,0.0,0.0,1678.0,0.0,1678.0,1.0,1.0,768.7117309570312,768.7117309570312,0.012371054594393407,0.012371054594393407,12371.054594393407,12371.054594393407,2341
2283,1,94,94,10.0,1,885.0,1415.0,0.0,0.0,885.0,1415.0,885.0,1415.0,1.0,1.0,768.7117309570312,768.7117309570312,0.012371054594393407,0.012371054594393407,12371.054594393407,12371.054594393407,2339
2284,1,94,94,10.0,1,977.0,1550.0,0.0,0.0,977.0,1550.0,977.0,1550.0,1.0,1.0,768.7117309570312,768.7117309570312,0.012371054594393407,0.012371054594393407,12371.054594393407,12371.054594393407,2340
2278,1,94,94,10.0,1,76.0,771.0,0.0,0.0,76.0,771.0,76.0,771.0,1.0,1.0,768.7117309570312,768.7117309570312,0.012371054594393407,0.012371054594393407,12371.054594393407,12371.054594393407,2334
2279,5,94,99,60.0,6,1313.5922360248446,783.3840579710144,0.7267250621786511,0.8332766206284966,1313.0,782.0,1314.9285714285713,784.0869565217391,2.928571428571331,3.0869565217391255,1344.7197265625,1053.8765014648438,0.6309377246190851,0.12618754492381704,630937.7246190852,126187.54492381704,2335
2282,1,94,94,10.0,1,1882.5,1365.0,0.0,0.0,1882.5,1365.0,1882.5,1365.0,1.0,1.0,802.1180419921875,802.1180419921875,0.024742109188786814,0.024742109188786814,24742.109188786813,24742.109188786813,2338
2281,1,94,94,10.0,1,309.5,1255.0,0.0,0.0,309.5,1255.0,309.5,1255.0,1.0,1.0,768.7117309570312,768.7117309570312,0.024742109188786814,0.024742109188786814,24742.109188786813,24742.109188786813,2337
2287,2,94,95,20.0,2,1920.5,1689.0,0.5,2.0,1920.0,1687.0,1921.0,1691.0,2.0,5.0,768.718017578125,768.7148742675781,0.02474218031219947,0.012371090156099735,24742.18031219947,12371.090156099735,2343
2271,6,94,98,50.0,5,1922.1666666666667,235.91666666666666,3.1841621957571333,3.540440964374667,1918.0,232.0,1927.0,241.0,10.0,10.0,768.7241821289062,768.7151997884115,0.08659809339328403,0.014433015565547339,86598.09339328403,14433.015565547339,2327
2315,1,95,95,10.0,1,314.0,1976.0,0.0,0.0,314.0,1976.0,314.0,1976.0,1.0,1.0,768.718017578125,768.718017578125,0.012371125717806063,0.012371125717806063,12371.125717806062,12371.125717806062,2371
2316,1,95,95,10.0,1,304.0,1991.0,0.0,0.0,304.0,1991.0,304.0,1991.0,1.0,1.0,768.718017578125,768.718017578125,0.012371125717806063,0.012371125717806063,12371.125717806062,12371.125717806062,2372
2317,4,95,98,40.0,4,1155.0729166666667,2036.8625,0.5910024146876814,2.2037964402367183,1154.5,2033.25,1156.0,2039.0,2.5,6.75,1017.6149291992188,873.0801696777344,0.34639479172413484,0.08659869793103371,346394.7917241348,86598.6979310337,2373
2318,1,95,95,10.0,1,1166.0,2047.0,0.0,0.0,1166.0,2047.0,1166.0,2047.0,1.0,1.0,768.718017578125,768.718017578125,0.03711337715341819,0.03711337715341819,37113.377153418194,37113.377153418194,2374
2314,1,95,95,10.0,1,922.0,1944.0,0.0,0.0,922.0,1944.0,922.0,1944.0,1.0,1.0,768.718017578125,768.718017578125,0.012371125717806063,0.012371125717806063,12371.125717806062,12371.125717806062,2370
2313,2,95,96,20.0,2,29.0,1909.75,3.0,2.25,26.0,1907.5,32.0,1912.0,7.0,5.5,802.156494140625,785.44287109375,0.03711351939501852,0.01855675969750926,37113.51939501852,18556.75969750926,2369
2293,1,95,95,10.0,1,350.0,118.0,0.0,0.0,350.0,118.0,350.0,118.0,1.0,1.0,768.718017578125,768.718017578125,0.012371125717806063,0.012371125717806063,12371.125717806062,12371.125717806062,2349
2292,4,95,98,40.0,4,261.875,53.0,1.1388041973930374,1.0606601717798212,260.5,52.0,263.0,54.5,3.5,3.5,802.156494140625,777.0793609619141,0.07422732328469402,0.018556830821173504,74227.32328469402,18556.830821173506,2348
2311,12,95,99,50.0,5,104.23511904761904,1886.335119047619,5.588908791405261,4.744896522901051,96.0,1879.0,115.0,1895.0,20.0,17.0,836.2417602539062,791.0594584147135,1.459811611345357,0.12165096761211308,1459811.611345357,121650.96761211308,2367
2312,1,95,95,10.0,1,146.0,1900.0,0.0,0.0,146.0,1900.0,146.0,1900.0,1.0,1.0,768.718017578125,768.718017578125,0.012371125717806063,0.012371125717806063,12371.125717806062,12371.125717806062,2368
2291,1,95,95,10.0,1,695.0,34.0,0.0,0.0,695.0,34.0,695.0,34.0,1.0,1.0,768.718017578125,768.718017578125,0.012371125717806063,0.012371125717806063,12371.125717806062,12371.125717806062,2347
2309,2,95,96,20.0,2,46.85,1652.5833333333333,0.3500000000000014,0.5833333333332575,46.5,1652.0,47.2,1653.1666666666665,1.7000000000000028,2.166666666666515,802.156494140625,802.1549682617188,0.11134041594345523,0.055670207971727614,111340.41594345523,55670.207971727614,2365
2304,2,95,97,30.0,3,1853.5,1153.0,0.5,1.0,1853.0,1152.0,1854.0,1154.0,2.0,3.0,768.718017578125,768.7127685546875,0.02474239367720269,0.012371196838601346,24742.39367720269,12371.196838601345,2360
2305,1,95,95,10.0,1,1963.0,1197.0,0.0,0.0,1963.0,1197.0,1963.0,1197.0,1.0,1.0,768.718017578125,768.718017578125,0.012371125717806063,0.012371125717806063,12371.125717806062,12371.125717806062,2361
2308,2,95,96,20.0,2,1903.5,1441.5,3.5,1.5,1900.0,1440.0,1907.0,1443.0,8.0,4.0,768.729248046875,768.7236328125,0.024742322556412292,0.012371161278206146,24742.32255641229,12371.161278206146,2364
2306,1,95,95,10.0,1,718.0,1365.0,0.0,0.0,718.0,1365.0,718.0,1365.0,1.0,1.0,768.718017578125,768.718017578125,0.012371125717806063,0.012371125717806063,12371.125717806062,12371.125717806062,2362
2310,1,95,95,10.0,1,0.0,1793.0,0.0,0.0,0.0,1793.0,0.0,1793.0,1.0,1.0,768.718017578125,768.718017578125,0.012371125717806063,0.012371125717806063,12371.125717806062,12371.125717806062,2366
2303,1,95,95,10.0,1,567.0,1123.0,0.0,0.0,567.0,1123.0,567.0,1123.0,1.0,1.0,768.718017578125,768.718017578125,0.012371125717806063,0.012371125717806063,12371.125717806062,12371.125717806062,2359
2300,1,95,95,10.0,1,446.0,627.0,0.0,0.0,446.0,627.0,446.0,627.0,1.0,1.0,768.718017578125,768.718017578125,0.012371125717806063,0.012371125717806063,12371.125717806062,12371.125717806062,2356
2299,5,95,98,40.0,4,771.7333333333333,426.3666666666667,3.2431123597214087,4.251012951181295,767.5,421.5,776.0,433.0,9.5,12.5,802.156494140625,775.4093383789062,0.11134112718587467,0.022268225437174934,111341.12718587468,22268.225437174933,2355
2298,3,95,97,30.0,3,889.2222222222223,306.94444444444446,0.5665577237325069,0.8202679477907427,888.6666666666667,306.0,890.0,308.0,2.3333333333332575,3.0,836.2703247070312,824.892822265625,0.07422696766922711,0.024742322556409038,74226.9676692271,24742.32255640904,2354
2297,3,95,99,50.0,5,519.5,254.0,1.0801234497346435,1.4142135623730951,518.0,252.0,520.5,255.0,3.5,4.0,802.1534423828125,779.8532918294271,0.049484929615504956,0.01649497653850165,49484.92961550496,16494.97653850165,2353
2296,1,95,95,10.0,1,1809.0,230.0,0.0,0.0,1809.0,230.0,1809.0,230.0,1.0,1.0,768.718017578125,768.718017578125,0.012371125717806063,0.012371125717806063,12371.125717806062,12371.125717806062,2352
2295,2,95,96,20.0,2,1795.0,195.0,3.0,3.0,1792.0,192.0,1798.0,198.0,7.0,7.0,802.156494140625,785.44287109375,0.024742322556412292,0.012371161278206146,24742.32255641229,12371.161278206146,2351
2302,3,95,97,30.0,3,629.9333333333333,1101.5523809523809,1.463633226673355,0.5352008121229653,628.8,1100.8,632.0,1102.0,4.2000000000000455,2.2000000000000455,942.95068359375,942.9348347981771,0.16082527441867056,0.05360842480622352,160825.27441867057,53608.42480622352,2358
2307,1,95,95,10.0,1,1780.0,1426.0,0.0,0.0,1780.0,1426.0,1780.0,1426.0,1.0,1.0,768.718017578125,768.718017578125,0.012371125717806063,0.012371125717806063,12371.125717806062,12371.125717806062,2363
2294,1,95,95,10.0,1,849.0,174.0,0.0,0.0,849.0,174.0,849.0,174.0,1.0,1.0,768.718017578125,768.718017578125,0.012371125717806063,0.012371125717806063,12371.125717806062,12371.125717806062,2350
2301,3,95,99,50.0,5,589.8666666666667,1089.3999999999999,1.5173075568987995,1.8402898322456247,588.6,1088.0,592.0,1092.0,4.399999999999977,5.0,836.2789306640625,802.3746134440104,0.09897057048838695,0.03299019016279565,98970.57048838695,32990.19016279565,2357
2327,2,96,97,20.0,2,114.5,1019.0,1.5,2.0,113.0,1017.0,116.0,1021.0,4.0,5.0,768.729248046875,768.7183837890625,0.024742464798002857,0.012371232399001428,24742.464798002857,12371.232399001428,2383
2326,2,96,97,20.0,2,305.75,941.25,1.25,0.75,304.5,940.5,307.0,942.0,3.5,2.5,836.2703247070312,819.1953125,0.08659859123261479,0.043299295616307396,86598.5912326148,43299.2956163074,2382
2319,2,96,99,40.0,4,271.5,64.25,0.5,0.25,271.0,64.0,272.0,64.5,2.0,1.5,802.14990234375,785.4395751953125,0.0371140172795791,0.01855700863978955,37114.0172795791,18557.00863978955,2375
2330,1,96,96,10.0,1,965.0,1558.0,0.0,0.0,965.0,1558.0,965.0,1558.0,1.0,1.0,768.729248046875,768.729248046875,0.012371196838606229,0.012371196838606229,12371.196838606229,12371.196838606229,2386
2329,9,96,99,40.0,4,1013.8888888888889,1496.5555555555557,1.852592444503674,4.855949640758257,1010.0,1490.0,1017.0,1505.0,8.0,16.0,802.1534423828125,776.1372816297743,0.11134183844082984,0.012371315382314427,111341.83844082984,12371.315382314428,2385
2328,1,96,96,10.0,1,1766.0,1382.0,0.0,0.0,1766.0,1382.0,1766.0,1382.0,1.0,1.0,768.729248046875,768.729248046875,0.012371196838606229,0.012371196838606229,12371.196838606229,12371.196838606229,2384
2325,1,96,96,10.0,1,497.0,686.0,0.0,0.0,497.0,686.0,497.0,686.0,1.0,1.0,768.729248046875,768.729248046875,0.012371196838606229,0.012371196838606229,12371.196838606229,12371.196838606229,2381
2324,1,96,96,10.0,1,814.0,449.0,0.0,0.0,814.0,449.0,814.0,449.0,1.0,1.0,768.729248046875,768.729248046875,0.012371196838606229,0.012371196838606229,12371.196838606229,12371.196838606229,2380
2322,1,96,96,10.0,1,899.0,299.0,0.0,0.0,899.0,299.0,899.0,299.0,1.0,1.0,768.729248046875,768.729248046875,0.012371196838606229,0.012371196838606229,12371.196838606229,12371.196838606229,2378
2323,1,96,96,10.0,1,2013.0,414.0,0.0,0.0,2013.0,414.0,2013.0,414.0,1.0,1.0,802.1534423828125,802.1534423828125,0.03711359051581869,0.03711359051581869,37113.59051581869,37113.59051581869,2379
2321,1,96,96,10.0,1,318.0,119.0,0.0,0.0,318.0,119.0,318.0,119.0,1.0,1.0,979.9251708984375,979.9251708984375,0.03711359051581869,0.03711359051581869,37113.59051581869,37113.59051581869,2377
2320,1,96,96,10.0,1,631.0,69.0,0.0,0.0,631.0,69.0,631.0,69.0,1.0,1.0,768.729248046875,768.729248046875,0.012371196838606229,0.012371196838606229,12371.196838606229,12371.196838606229,2376
2335,3,96,98,30.0,3,1548.375,2022.1964285714287,2.796947741139735,2.3816814359996057,1544.5,2019.0,1551.0,2024.7142857142858,7.5,6.714285714285779,836.2703247070312,813.7487182617188,0.21031112860799103,0.07010370953599701,210311.12860799104,70103.70953599701,2391
2334,4,96,99,40.0,4,1647.325,2020.15,0.7854139036202435,1.211404143958601,1646.0,2018.6,1648.0,2022.0,3.0,4.400000000000091,836.2789306640625,785.6010284423828,0.1360848011348789,0.03402120028371972,136084.8011348789,34021.20028371972,2390
2333,1,96,96,10.0,1,581.0,1967.0,0.0,0.0,581.0,1967.0,581.0,1967.0,1.0,1.0,802.1534423828125,802.1534423828125,0.012371196838606229,0.012371196838606229,12371.196838606229,12371.196838606229,2389
2332,1,96,96,10.0,1,663.0,1949.0,0.0,0.0,663.0,1949.0,663.0,1949.0,1.0,1.0,768.729248046875,768.729248046875,0.012371196838606229,0.012371196838606229,12371.196838606229,12371.196838606229,2388
2331,1,96,96,10.0,1,1194.0,1723.0,0.0,0.0,1194.0,1723.0,1194.0,1723.0,1.0,1.0,768.729248046875,768.729248046875,0.012371196838606229,0.012371196838606229,12371.196838606229,12371.196838606229,2387
2341,1,97,97,10.0,1,1767.0,183.0,0.0,0.0,1767.0,183.0,1767.0,183.0,1.0,1.0,768.70751953125,768.70751953125,0.012371267959396628,0.012371267959396628,12371.267959396628,12371.267959396628,2397
2352,3,97,99,30.0,3,1911.8333333333333,1370.1666666666667,4.552166761249221,1.3123346456686351,1905.5,1369.0,1916.0,1372.0,11.5,4.0,768.70751953125,768.6947835286459,0.06185690884134237,0.02061896961378079,61856.908841342374,20618.96961378079,2408
2353,3,97,98,20.0,2,954.5,1413.0,3.082207001484488,2.943920288775949,951.0,1409.0,958.5,1416.0,8.5,8.0,768.7241821289062,768.7130737304688,0.0742278922855229,0.024742630761840967,74227.8922855229,24742.630761840966,2409
2355,1,97,97,10.0,1,74.0,1875.0,0.0,0.0,74.0,1875.0,74.0,1875.0,1.0,1.0,802.1203002929688,802.1203002929688,0.012371267959396628,0.012371267959396628,12371.267959396628,12371.267959396628,2411
2354,3,97,99,30.0,3,56.77777777777778,1697.111111111111,0.5665577237325324,0.9558139185602595,56.0,1696.0,57.333333333333336,1698.3333333333333,2.3333333333333357,3.3333333333332575,768.7241821289062,768.7067057291666,0.06185655319035872,0.020618851063452907,61856.553190358725,20618.85106345291,2410
2345,1,97,97,10.0,1,844.0,455.0,0.0,0.0,844.0,455.0,844.0,455.0,1.0,1.0,768.70751953125,768.70751953125,0.012371267959396628,0.012371267959396628,12371.267959396628,12371.267959396628,2401
2344,1,97,97,10.0,1,1850.5,315.0,0.0,0.0,1850.5,315.0,1850.5,315.0,1.0,1.0,836.2516479492188,836.2516479492188,0.024742535918793256,0.024742535918793256,24742.535918793255,24742.535918793255,2400
2343,3,97,99,30.0,3,1778.8916666666667,226.88055555555556,0.08249579113844739,2.34596119972545,1778.8,223.875,1779.0,229.6,1.2000000000000455,6.724999999999994,942.9298095703125,918.7604573567709,0.23505565611096907,0.07835188537032302,235055.65611096908,78351.88537032301,2399
2357,1,97,97,10.0,1,173.0,1941.0,0.0,0.0,173.0,1941.0,173.0,1941.0,1.0,1.0,768.70751953125,768.70751953125,0.012371267959396628,0.012371267959396628,12371.267959396628,12371.267959396628,2413
2356,2,97,98,20.0,2,21.0,1903.0,2.0,0.0,19.0,1903.0,23.0,1903.0,5.0,1.0,768.7241821289062,768.7158508300781,0.024742607051079037,0.012371303525539518,24742.607051079038,12371.303525539519,2412
2351,2,97,99,30.0,3,601.0,1289.6,0.0,1.6000000000000227,601.0,1288.0,601.0,1291.2,1.0,4.2000000000000455,906.6700439453125,837.6792297363281,0.07422775001746958,0.03711387500873479,74227.75001746957,37113.87500873479,2407
2336,1,97,97,10.0,1,746.0,28.0,0.0,0.0,746.0,28.0,746.0,28.0,1.0,1.0,768.70751953125,768.70751953125,0.012371267959396628,0.012371267959396628,12371.267959396628,12371.267959396628,2392
2337,1,97,97,10.0,1,234.0,48.0,0.0,0.0,234.0,48.0,234.0,48.0,1.0,1.0,768.70751953125,768.70751953125,0.012371267959396628,0.012371267959396628,12371.267959396628,12371.267959396628,2393
2338,1,97,97,10.0,1,344.0,88.6,0.0,0.0,344.0,88.6,344.0,88.6,1.0,1.0,802.1203002929688,802.1203002929688,0.06185633979698314,0.06185633979698314,61856.33979698314,61856.33979698314,2394
2339,2,97,99,30.0,3,282.5,97.25,1.5,1.25,281.0,96.0,284.0,98.5,4.0,3.5,802.14990234375,785.4287109375,0.06185676658025256,0.03092838329012628,61856.76658025256,30928.38329012628,2395
2342,1,97,97,10.0,1,931.0,214.0,0.0,0.0,931.0,214.0,931.0,214.0,1.0,1.0,768.70751953125,768.70751953125,0.012371267959396628,0.012371267959396628,12371.267959396628,12371.267959396628,2398
2350,1,97,97,10.0,1,1955.0,1178.0,0.0,0.0,1955.0,1178.0,1955.0,1178.0,1.0,1.0,768.70751953125,768.70751953125,0.012371267959396628,0.012371267959396628,12371.267959396628,12371.267959396628,2406
2349,1,97,97,10.0,1,537.3333333333334,1048.0,0.0,0.0,537.3333333333334,1048.0,537.3333333333334,1048.0,1.0,1.0,802.1203002929688,802.1203002929688,0.03711380387818988,0.03711380387818988,37113.80387818988,37113.80387818988,2405
2348,3,97,99,30.0,3,945.3000000000001,830.9777777777778,0.6164414002968964,1.0492795882513648,944.5,829.5,946.0,831.8333333333333,2.5,3.3333333333332575,836.2417602539062,802.3649698893229,0.1855702286189172,0.0618567428729724,185570.2286189172,61856.742872972405,2404
2347,2,97,98,20.0,2,1329.5,764.1666666666667,0.5,0.8333333333333144,1329.0,763.3333333333334,1330.0,765.0,2.0,2.6666666666666288,1017.5852661132812,926.91845703125,0.049485285234443864,0.024742642617221932,49485.285234443865,24742.642617221933,2403
2346,1,97,97,10.0,1,447.0,636.0,0.0,0.0,447.0,636.0,447.0,636.0,1.0,1.0,768.70751953125,768.70751953125,0.012371267959396628,0.012371267959396628,12371.267959396628,12371.267959396628,2402
2340,1,97,97,10.0,1,152.0,175.0,0.0,0.0,152.0,175.0,152.0,175.0,1.0,1.0,768.70751953125,768.70751953125,0.012371267959396628,0.012371267959396628,12371.267959396628,12371.267959396628,2396
2359,2,97,99,30.0,3,277.5,2035.5,1.5,2.5,276.0,2033.0,279.0,2038.0,4.0,6.0,768.70751953125,768.6979675292969,0.024742678179883064,0.012371339089941532,24742.678179883063,12371.339089941532,2415
2360,2,97,98,20.0,2,1273.0,2043.75,0.0,0.25,1273.0,2043.5,1273.0,2044.0,1.0,1.5,768.7241821289062,768.7158508300781,0.03711394614276145,0.018556973071380725,37113.94614276145,18556.973071380726,2416
2358,2,97,98,20.0,2,125.5,1966.5,0.5,2.0,125.0,1964.5,126.0,1968.5,2.0,5.0,768.7241821289062,768.7158508300781,0.04948521410215807,0.024742607051079037,49485.214102158076,24742.607051079038,2414
2391,1,98,98,10.0,1,1191.0,1757.0,0.0,0.0,1191.0,1757.0,1191.0,1757.0,1.0,1.0,768.7241821289062,768.7241821289062,0.01237133909168241,0.01237133909168241,12371.33909168241,12371.33909168241,2447
2393,1,98,98,10.0,1,593.0,1892.25,0.0,0.0,593.0,1892.25,593.0,1892.25,1.0,1.0,768.7241821289062,768.7241821289062,0.037114017275047234,0.037114017275047234,37114.017275047234,37114.017275047234,2449
2396,1,98,98,10.0,1,117.0,1931.0,0.0,0.0,117.0,1931.0,117.0,1931.0,1.0,1.0,768.7241821289062,768.7241821289062,0.01237133909168241,0.01237133909168241,12371.33909168241,12371.33909168241,2452
2395,2,98,99,20.0,2,994.2142857142858,1917.9761904761904,0.7857142857142776,0.6904761904762609,993.4285714285714,1917.2857142857142,995.0,1918.6666666666667,2.571428571428555,2.3809523809525217,1095.108642578125,983.116455078125,0.12371388881845229,0.06185694440922614,123713.88881845228,61856.94440922614,2451
2390,3,98,99,20.0,2,5.552572074618428,1687.3007348784624,1.803563836745447,3.3595524068853617,3.706896551724138,1684.344827586207,8.0,1692.0,5.293103448275862,8.655172413793025,871.124267578125,848.1318969726562,1.5093077080422996,0.5031025693474332,1509307.7080422996,503102.5693474332,2446
2397,1,98,98,10.0,1,640.0,1958.0,0.0,0.0,640.0,1958.0,640.0,1958.0,1.0,1.0,768.7241821289062,768.7241821289062,0.01237133909168241,0.01237133909168241,12371.33909168241,12371.33909168241,2453
2399,1,98,98,10.0,1,1538.0,2047.0,0.0,0.0,1538.0,2047.0,1538.0,2047.0,1.0,1.0,768.7241821289062,768.7241821289062,0.01237133909168241,0.01237133909168241,12371.33909168241,12371.33909168241,2455
2384,1,98,98,10.0,1,1394.0,1301.0,0.0,0.0,1394.0,1301.0,1394.0,1301.0,1.0,1.0,1055.990234375,1055.990234375,0.01237133909168241,0.01237133909168241,12371.33909168241,12371.33909168241,2440
2385,1,98,98,10.0,1,1389.0,1318.0,0.0,0.0,1389.0,1318.0,1389.0,1318.0,1.0,1.0,802.1456298828125,802.1456298828125,0.01237133909168241,0.01237133909168241,12371.33909168241,12371.33909168241,2441
2386,2,98,99,20.0,2,514.1666666666667,1333.0833333333335,0.16666666666668561,0.9166666666666288,514.0,1332.1666666666667,514.3333333333334,1334.0,1.3333333333333712,2.8333333333332575,802.14990234375,785.4370422363281,0.08659980041460102,0.04329990020730051,86599.80041460102,43299.90020730051,2442
2387,2,98,99,20.0,2,1896.25,1394.25,0.75,0.25,1895.5,1394.0,1897.0,1394.5,2.5,1.5,768.7241821289062,768.706298828125,0.037114088403851254,0.018557044201925627,37114.08840385125,18557.044201925626,2443
2368,1,98,98,10.0,1,1705.5,149.0,0.0,0.0,1705.5,149.0,1705.5,149.0,1.0,1.0,836.2789306640625,836.2789306640625,0.04948535636672964,0.04948535636672964,49485.35636672964,49485.35636672964,2424
2371,1,98,98,10.0,1,1780.0,186.0,0.0,0.0,1780.0,186.0,1780.0,186.0,1.0,1.0,768.7241821289062,768.7241821289062,0.01237133909168241,0.01237133909168241,12371.33909168241,12371.33909168241,2427
2370,1,98,98,10.0,1,912.0,176.0,0.0,0.0,912.0,176.0,912.0,176.0,1.0,1.0,768.7241821289062,768.7241821289062,0.01237133909168241,0.01237133909168241,12371.33909168241,12371.33909168241,2426
2369,1,98,98,10.0,1,499.0,151.0,0.0,0.0,499.0,151.0,499.0,151.0,1.0,1.0,802.1456298828125,802.1456298828125,0.01237133909168241,0.01237133909168241,12371.33909168241,12371.33909168241,2425
2372,1,98,98,10.0,1,518.0,239.0,0.0,0.0,518.0,239.0,518.0,239.0,1.0,1.0,768.7241821289062,768.7241821289062,0.01237133909168241,0.01237133909168241,12371.33909168241,12371.33909168241,2428
2373,1,98,98,10.0,1,380.0,246.0,0.0,0.0,380.0,246.0,380.0,246.0,1.0,1.0,768.7241821289062,768.7241821289062,0.01237133909168241,0.01237133909168241,12371.33909168241,12371.33909168241,2429
2367,2,98,99,20.0,2,468.15,126.55,1.1500000000000057,1.4500000000000028,467.0,125.1,469.3,128.0,3.3000000000000114,3.9000000000000057,1344.7303466796875,1056.7272644042969,0.13608544129654676,0.06804272064827338,136085.44129654675,68042.72064827337,2423
2378,1,98,98,10.0,1,1920.5,701.5,0.0,0.0,1920.5,701.5,1920.5,701.5,1.0,1.0,836.2789306640625,836.2789306640625,0.02474267818336482,0.02474267818336482,24742.67818336482,24742.67818336482,2434
2375,1,98,98,10.0,1,472.0,602.5,0.0,0.0,472.0,602.5,472.0,602.5,1.0,1.0,768.7241821289062,768.7241821289062,0.02474267818336482,0.02474267818336482,24742.67818336482,24742.67818336482,2431
2376,1,98,98,10.0,1,463.0,607.0,0.0,0.0,463.0,607.0,463.0,607.0,1.0,1.0,768.7241821289062,768.7241821289062,0.01237133909168241,0.01237133909168241,12371.33909168241,12371.33909168241,2432
2377,1,98,98,10.0,1,1892.0,700.0,0.0,0.0,1892.0,700.0,1892.0,700.0,1.0,1.0,768.7241821289062,768.7241821289062,0.01237133909168241,0.01237133909168241,12371.33909168241,12371.33909168241,2433
2374,2,98,99,20.0,2,801.0,421.5,1.0,1.5,800.0,420.0,802.0,423.0,3.0,4.0,768.7241821289062,768.706298828125,0.024742749312168848,0.012371374656084424,24742.74931216885,12371.374656084425,2430
2382,1,98,98,10.0,1,127.0,1033.0,0.0,0.0,127.0,1033.0,127.0,1033.0,1.0,1.0,836.2789306640625,836.2789306640625,0.037114017275047234,0.037114017275047234,37114.017275047234,37114.017275047234,2438
2381,2,98,99,20.0,2,547.1666666666667,999.75,0.16666666666668561,1.25,547.0,998.5,547.3333333333334,1001.0,1.3333333333333712,3.5,768.7241821289062,768.706298828125,0.0618568377160201,0.03092841885801005,61856.837716020105,30928.418858010053,2437
2380,2,98,99,20.0,2,283.0357142857143,920.2857142857142,0.5357142857142776,0.2857142857142776,282.5,920.0,283.57142857142856,920.5714285714286,2.071428571428555,1.5714285714285552,871.124267578125,819.9063415527344,0.13608501452372262,0.06804250726186131,136085.01452372264,68042.50726186132,2436
2379,2,98,99,20.0,2,340.0,892.5,1.0,2.5,339.0,890.0,341.0,895.0,3.0,6.0,768.7241821289062,768.706298828125,0.024742749312168848,0.012371374656084424,24742.74931216885,12371.374656084425,2435
2383,2,98,99,20.0,2,592.375,1138.375,0.375,1.375,592.0,1137.0,592.75,1139.75,1.75,3.75,768.7241821289062,768.706298828125,0.061856766587216075,0.030928383293608037,61856.76658721607,30928.383293608036,2439
2388,1,98,98,10.0,1,918.5,1410.0,0.0,0.0,918.5,1410.0,918.5,1410.0,1.0,1.0,871.124267578125,871.124267578125,0.02474267818336482,0.02474267818336482,24742.67818336482,24742.67818336482,2444
2389,1,98,98,10.0,1,1007.0,1518.5,0.0,0.0,1007.0,1518.5,1007.0,1518.5,1.0,1.0,768.7241821289062,768.7241821289062,0.02474267818336482,0.02474267818336482,24742.67818336482,24742.67818336482,2445
2362,1,98,98,10.0,1,762.0,48.0,0.0,0.0,762.0,48.0,762.0,48.0,1.0,1.0,802.1456298828125,802.1456298828125,0.01237133909168241,0.01237133909168241,12371.33909168241,12371.33909168241,2418
2365,1,98,98,10.0,1,310.5,106.0,0.0,0.0,310.5,106.0,310.5,106.0,1.0,1.0,768.7241821289062,768.7241821289062,0.02474267818336482,0.02474267818336482,24742.67818336482,24742.67818336482,2421
2361,1,98,98,10.0,1,463.0,31.0,0.0,0.0,463.0,31.0,463.0,31.0,1.0,1.0,768.7241821289062,768.7241821289062,0.01237133909168241,0.01237133909168241,12371.33909168241,12371.33909168241,2417
2364,2,98,99,20.0,2,246.75,81.75,1.75,2.25,245.0,79.5,248.5,84.0,4.5,5.5,768.7241821289062,768.706298828125,0.03711415953265528,0.01855707976632764,37114.159532655285,18557.079766327643,2420
2363,1,98,98,10.0,1,899.0,77.0,0.0,0.0,899.0,77.0,899.0,77.0,1.0,1.0,768.7241821289062,768.7241821289062,0.01237133909168241,0.01237133909168241,12371.33909168241,12371.33909168241,2419
2366,1,98,98,10.0,1,697.0,121.0,0.0,0.0,697.0,121.0,697.0,121.0,1.0,1.0,768.7241821289062,768.7241821289062,0.01237133909168241,0.01237133909168241,12371.33909168241,12371.33909168241,2422
2394,1,98,98,10.0,1,7.0,1901.0,0.0,0.0,7.0,1901.0,7.0,1901.0,1.0,1.0,768.7241821289062,768.7241821289062,0.01237133909168241,0.01237133909168241,12371.33909168241,12371.33909168241,2450
2392,1,98,98,10.0,1,1239.0,1885.0,0.0,0.0,1239.0,1885.0,1239.0,1885.0,1.0,1.0,768.7241821289062,768.7241821289062,0.01237133909168241,0.01237133909168241,12371.33909168241,12371.33909168241,2448
2398,2,98,99,20.0,2,316.0,2009.0,1.0,1.0,315.0,2008.0,317.0,2010.0,3.0,3.0,768.7241821289062,768.706298828125,0.03711415953265528,0.01855707976632764,37114.159532655285,18557.079766327643,2454
2400,1,99,99,10.0,1,1988.0,5.0,0.0,0.0,1988.0,5.0,1988.0,5.0,1.0,1.0,768.6884155273438,768.6884155273438,0.012371410220486436,0.012371410220486436,12371.410220486436,12371.410220486436,2456
2401,1,99,99,10.0,1,795.0,39.5,0.0,0.0,795.0,39.5,795.0,39.5,1.0,1.0,768.6884155273438,768.6884155273438,0.02474282044097287,0.02474282044097287,24742.82044097287,24742.82044097287,2457
2402,1,99,99,10.0,1,703.0,44.0,0.0,0.0,703.0,44.0,703.0,44.0,1.0,1.0,768.6884155273438,768.6884155273438,0.09897128176389149,0.09897128176389149,98971.28176389149,98971.28176389149,2458
2403,1,99,99,10.0,1,968.5,75.0,0.0,0.0,968.5,75.0,968.5,75.0,1.0,1.0,836.2417602539062,836.2417602539062,0.02474282044097287,0.02474282044097287,24742.82044097287,24742.82044097287,2459
2420,1,99,99,10.0,1,1946.5,606.0,0.0,0.0,1946.5,606.0,1946.5,606.0,1.0,1.0,802.14990234375,802.14990234375,0.02474282044097287,0.02474282044097287,24742.82044097287,24742.82044097287,2476
2424,1,99,99,10.0,1,2001.0,815.0,0.0,0.0,2001.0,815.0,2001.0,815.0,1.0,1.0,768.6884155273438,768.6884155273438,0.012371410220486436,0.012371410220486436,12371.410220486436,12371.410220486436,2480
2422,1,99,99,10.0,1,1985.0,651.5,0.0,0.0,1985.0,651.5,1985.0,651.5,1.0,1.0,768.6884155273438,768.6884155273438,0.02474282044097287,0.02474282044097287,24742.82044097287,24742.82044097287,2478
2423,1,99,99,10.0,1,1909.0,723.0,0.0,0.0,1909.0,723.0,1909.0,723.0,1.0,1.0,768.6884155273438,768.6884155273438,0.012371410220486436,0.012371410220486436,12371.410220486436,12371.410220486436,2479
2411,1,99,99,10.0,1,376.0,234.0,0.0,0.0,376.0,234.0,376.0,234.0,1.0,1.0,768.6884155273438,768.6884155273438,0.012371410220486436,0.012371410220486436,12371.410220486436,12371.410220486436,2467
2412,1,99,99,10.0,1,851.0,298.0,0.0,0.0,851.0,298.0,851.0,298.0,1.0,1.0,768.6884155273438,768.6884155273438,0.012371410220486436,0.012371410220486436,12371.410220486436,12371.410220486436,2468
2413,1,99,99,10.0,1,1862.0,308.0,0.0,0.0,1862.0,308.0,1862.0,308.0,1.0,1.0,768.6884155273438,768.6884155273438,0.012371410220486436,0.012371410220486436,12371.410220486436,12371.410220486436,2469
2414,1,99,99,10.0,1,880.6666666666666,309.6666666666667,0.0,0.0,880.6666666666666,309.6666666666667,880.6666666666666,309.6666666666667,1.0,1.0,836.2417602539062,836.2417602539062,0.03711423066145931,0.03711423066145931,37114.23066145931,37114.23066145931,2470
2415,1,99,99,10.0,1,862.0,322.0,0.0,0.0,862.0,322.0,862.0,322.0,1.0,1.0,768.6884155273438,768.6884155273438,0.03711423066145931,0.03711423066145931,37114.23066145931,37114.23066145931,2471
2408,1,99,99,10.0,1,400.3333333333333,215.0,0.0,0.0,400.3333333333333,215.0,400.3333333333333,215.0,1.0,1.0,768.6884155273438,768.6884155273438,0.03711423066145931,0.03711423066145931,37114.23066145931,37114.23066145931,2464
2410,1,99,99,10.0,1,524.0,230.0,0.0,0.0,524.0,230.0,524.0,230.0,1.0,1.0,768.6884155273438,768.6884155273438,0.012371410220486436,0.012371410220486436,12371.410220486436,12371.410220486436,2466
2421,1,99,99,10.0,1,1945.0,624.0,0.0,0.0,1945.0,624.0,1945.0,624.0,1.0,1.0,802.14990234375,802.14990234375,0.012371410220486436,0.012371410220486436,12371.410220486436,12371.410220486436,2477
2425,1,99,99,10.0,1,257.0,826.0,0.0,0.0,257.0,826.0,257.0,826.0,1.0,1.0,768.6884155273438,768.6884155273438,0.03711423066145931,0.03711423066145931,37114.23066145931,37114.23066145931,2481
2426,1,99,99,10.0,1,303.0,826.0,0.0,0.0,303.0,826.0,303.0,826.0,1.0,1.0,768.6884155273438,768.6884155273438,0.012371410220486436,0.012371410220486436,12371.410220486436,12371.410220486436,2482
2427,1,99,99,10.0,1,326.0,879.5,0.0,0.0,326.0,879.5,326.0,879.5,1.0,1.0,768.6884155273438,768.6884155273438,0.02474282044097287,0.02474282044097287,24742.82044097287,24742.82044097287,2483
2428,1,99,99,10.0,1,594.4166666666666,1075.9166666666667,0.0,0.0,594.4166666666666,1075.9166666666667,594.4166666666666,1075.9166666666667,1.0,1.0,768.6884155273438,768.6884155273438,0.07422846132291862,0.07422846132291862,74228.46132291862,74228.46132291862,2484
2409,1,99,99,10.0,1,1807.0,216.5,0.0,0.0,1807.0,216.5,1807.0,216.5,1.0,1.0,768.6884155273438,768.6884155273438,0.02474282044097287,0.02474282044097287,24742.82044097287,24742.82044097287,2465
2417,1,99,99,10.0,1,786.0,429.0,0.0,0.0,786.0,429.0,786.0,429.0,1.0,1.0,768.6884155273438,768.6884155273438,0.012371410220486436,0.012371410220486436,12371.410220486436,12371.410220486436,2473
2418,1,99,99,10.0,1,874.0,541.0,0.0,0.0,874.0,541.0,874.0,541.0,1.0,1.0,768.6884155273438,768.6884155273438,0.012371410220486436,0.012371410220486436,12371.410220486436,12371.410220486436,2474
2419,1,99,99,10.0,1,475.5,592.0,0.0,0.0,475.5,592.0,475.5,592.0,1.0,1.0,768.6884155273438,768.6884155273438,0.02474282044097287,0.02474282044097287,24742.82044097287,24742.82044097287,2475
2416,1,99,99,10.0,1,1880.0,396.0,0.0,0.0,1880.0,396.0,1880.0,396.0,1.0,1.0,2599.08984375,2599.08984375,0.012371410220486436,0.012371410220486436,12371.410220486436,12371.410220486436,2472
2405,1,99,99,10.0,1,184.0,125.0,0.0,0.0,184.0,125.0,184.0,125.0,1.0,1.0,768.6884155273438,768.6884155273438,0.012371410220486436,0.012371410220486436,12371.410220486436,12371.410220486436,2461
2404,1,99,99,10.0,1,360.5,84.0,0.0,0.0,360.5,84.0,360.5,84.0,1.0,1.0,768.6884155273438,768.6884155273438,0.04948564088194574,0.04948564088194574,49485.64088194574,49485.64088194574,2460
2430,1,99,99,10.0,1,1759.0,1370.0,0.0,0.0,1759.0,1370.0,1759.0,1370.0,1.0,1.0,768.6884155273438,768.6884155273438,0.012371410220486436,0.012371410220486436,12371.410220486436,12371.410220486436,2486
2429,3,99,99,10.0,1,549.6111111111111,1094.4444444444446,2.5760051376376736,3.4809889328490806,546.0,1091.5,551.8333333333333,1099.3333333333335,6.8333333333332575,8.833333333333485,802.14990234375,790.9960734049479,0.09897128176389149,0.03299042725463049,98971.28176389149,32990.42725463049,2485
2407,1,99,99,10.0,1,847.0,168.0,0.0,0.0,847.0,168.0,847.0,168.0,1.0,1.0,768.6884155273438,768.6884155273438,0.012371410220486436,0.012371410220486436,12371.410220486436,12371.410220486436,2463
2431,1,99,99,10.0,1,20.25,1754.0,0.0,0.0,20.25,1754.0,20.25,1754.0,1.0,1.0,802.14990234375,802.14990234375,0.061857051102432184,0.061857051102432184,61857.05110243218,61857.05110243218,2487
2432,1,99,99,10.0,1,886.5,1938.0,0.0,0.0,886.5,1938.0,886.5,1938.0,1.0,1.0,768.6884155273438,768.6884155273438,0.02474282044097287,0.02474282044097287,24742.82044097287,24742.82044097287,2488
2433,1,99,99,10.0,1,658.0,1960.75,0.0,0.0,658.0,1960.75,658.0,1960.75,1.0,1.0,768.6884155273438,768.6884155273438,0.03711423066145931,0.03711423066145931,37114.23066145931,37114.23066145931,2489
2434,1,99,99,10.0,1,607.0,1966.0,0.0,0.0,607.0,1966.0,607.0,1966.0,1.0,1.0,768.6884155273438,768.6884155273438,0.012371410220486436,0.012371410220486436,12371.410220486436,12371.410220486436,2490
2435,1,99,99,10.0,1,2030.0,1970.0,0.0,0.0,2030.0,1970.0,2030.0,1970.0,1.0,1.0,836.2417602539062,836.2417602539062,0.012371410220486436,0.012371410220486436,12371.410220486436,12371.410220486436,2491
2436,1,99,99,10.0,1,166.0,2006.0,0.0,0.0,166.0,2006.0,166.0,2006.0,1.0,1.0,768.6884155273438,768.6884155273438,0.012371410220486436,0.012371410220486436,12371.410220486436,12371.410220486436,2492
2437,1,99,99,10.0,1,1459.5,2047.0,0.0,0.0,1459.5,2047.0,1459.5,2047.0,1.0,1.0,768.6884155273438,768.6884155273438,0.02474282044097287,0.02474282044097287,24742.82044097287,24742.82044097287,2493
2406,1,99,99,10.0,1,482.2,146.8,0.0,0.0,482.2,146.8,482.2,146.8,1.0,1.0,942.9298095703125,942.9298095703125,0.06185705110243218,0.06185705110243218,61857.051102432175,61857.051102432175,2462
